target,target_label,outcome,fold,repeat,random_delta,observed_maximum_delta,empirical_one_sided_p
2,L2,Stage-2 macro recall,fold01,1,-6.619558154645873,-5.632716049382708,0.9481037924151696
2,L2,Stage-2 macro recall,fold01,2,-7.565789473684191,-5.632716049382708,0.9481037924151696
2,L2,Stage-2 macro recall,fold01,3,-5.632716049382708,-5.632716049382708,0.9481037924151696
2,L2,Stage-2 macro recall,fold01,4,-7.565789473684191,-5.632716049382708,0.9481037924151696
2,L2,Stage-2 macro recall,fold01,5,-6.619558154645873,-5.632716049382708,0.9481037924151696
2,L2,Stage-2 macro recall,fold01,6,-5.961663417803777,-5.632716049382708,0.9481037924151696
2,L2,Stage-2 macro recall,fold01,7,-6.290610786224818,-5.632716049382708,0.9481037924151696
2,L2,Stage-2 macro recall,fold01,8,-5.632716049382708,-5.632716049382708,0.9481037924151696
2,L2,Stage-2 macro recall,fold01,9,-6.25,-5.632716049382708,0.9481037924151696
2,L2,Stage-2 macro recall,fold01,10,-6.290610786224818,-5.632716049382708,0.9481037924151696
2,L2,Stage-2 macro recall,fold01,11,-5.632716049382708,-5.632716049382708,0.9481037924151696
2,L2,Stage-2 macro recall,fold01,12,-6.25,-5.632716049382708,0.9481037924151696
2,L2,Stage-2 macro recall,fold01,13,-5.961663417803777,-5.632716049382708,0.9481037924151696
2,L2,Stage-2 macro recall,fold01,14,-7.277452891487968,-5.632716049382708,0.9481037924151696
2,L2,Stage-2 macro recall,fold01,15,-5.632716049382708,-5.632716049382708,0.9481037924151696
2,L2,Stage-2 macro recall,fold01,16,-5.961663417803777,-5.632716049382708,0.9481037924151696
2,L2,Stage-2 macro recall,fold01,17,-7.565789473684191,-5.632716049382708,0.9481037924151696
2,L2,Stage-2 macro recall,fold01,18,-7.565789473684191,-5.632716049382708,0.9481037924151696
2,L2,Stage-2 macro recall,fold01,19,-7.23684210526315,-5.632716049382708,0.9481037924151696
2,L2,Stage-2 macro recall,fold01,20,-6.290610786224818,-5.632716049382708,0.9481037924151696
2,L2,Stage-2 macro recall,fold01,21,-5.961663417803777,-5.632716049382708,0.9481037924151696
2,L2,Stage-2 macro recall,fold01,22,-5.303768680961653,-5.632716049382708,0.9481037924151696
2,L2,Stage-2 macro recall,fold01,23,-7.89473684210526,-5.632716049382708,0.9481037924151696
2,L2,Stage-2 macro recall,fold01,24,-7.23684210526315,-5.632716049382708,0.9481037924151696
2,L2,Stage-2 macro recall,fold01,25,-5.632716049382708,-5.632716049382708,0.9481037924151696
2,L2,Stage-2 macro recall,fold01,26,-6.25,-5.632716049382708,0.9481037924151696
2,L2,Stage-2 macro recall,fold01,27,-6.9078947368420955,-5.632716049382708,0.9481037924151696
2,L2,Stage-2 macro recall,fold01,28,-6.948505523066913,-5.632716049382708,0.9481037924151696
2,L2,Stage-2 macro recall,fold01,29,-7.23684210526315,-5.632716049382708,0.9481037924151696
2,L2,Stage-2 macro recall,fold01,30,-6.948505523066913,-5.632716049382708,0.9481037924151696
2,L2,Stage-2 macro recall,fold01,31,-5.961663417803777,-5.632716049382708,0.9481037924151696
2,L2,Stage-2 macro recall,fold01,32,-6.619558154645873,-5.632716049382708,0.9481037924151696
2,L2,Stage-2 macro recall,fold01,33,-7.935347628330078,-5.632716049382708,0.9481037924151696
2,L2,Stage-2 macro recall,fold01,34,-6.290610786224818,-5.632716049382708,0.9481037924151696
2,L2,Stage-2 macro recall,fold01,35,-6.619558154645873,-5.632716049382708,0.9481037924151696
2,L2,Stage-2 macro recall,fold01,36,-6.619558154645873,-5.632716049382708,0.9481037924151696
2,L2,Stage-2 macro recall,fold01,37,-7.89473684210526,-5.632716049382708,0.9481037924151696
2,L2,Stage-2 macro recall,fold01,38,-6.290610786224818,-5.632716049382708,0.9481037924151696
2,L2,Stage-2 macro recall,fold01,39,-6.948505523066913,-5.632716049382708,0.9481037924151696
2,L2,Stage-2 macro recall,fold01,40,-5.632716049382708,-5.632716049382708,0.9481037924151696
2,L2,Stage-2 macro recall,fold01,41,-6.25,-5.632716049382708,0.9481037924151696
2,L2,Stage-2 macro recall,fold01,42,-4.974821312540612,-5.632716049382708,0.9481037924151696
2,L2,Stage-2 macro recall,fold01,43,-6.9078947368420955,-5.632716049382708,0.9481037924151696
2,L2,Stage-2 macro recall,fold01,44,-6.290610786224818,-5.632716049382708,0.9481037924151696
2,L2,Stage-2 macro recall,fold01,45,-7.277452891487968,-5.632716049382708,0.9481037924151696
2,L2,Stage-2 macro recall,fold01,46,-5.961663417803777,-5.632716049382708,0.9481037924151696
2,L2,Stage-2 macro recall,fold01,47,-5.961663417803777,-5.632716049382708,0.9481037924151696
2,L2,Stage-2 macro recall,fold01,48,-6.619558154645873,-5.632716049382708,0.9481037924151696
2,L2,Stage-2 macro recall,fold01,49,-7.565789473684191,-5.632716049382708,0.9481037924151696
2,L2,Stage-2 macro recall,fold01,50,-6.578947368421055,-5.632716049382708,0.9481037924151696
2,L2,Stage-2 macro recall,fold01,51,-6.290610786224818,-5.632716049382708,0.9481037924151696
2,L2,Stage-2 macro recall,fold01,52,-5.632716049382708,-5.632716049382708,0.9481037924151696
2,L2,Stage-2 macro recall,fold01,53,-6.948505523066913,-5.632716049382708,0.9481037924151696
2,L2,Stage-2 macro recall,fold01,54,-5.303768680961653,-5.632716049382708,0.9481037924151696
2,L2,Stage-2 macro recall,fold01,55,-7.196231319038333,-5.632716049382708,0.9481037924151696
2,L2,Stage-2 macro recall,fold01,56,-5.961663417803777,-5.632716049382708,0.9481037924151696
2,L2,Stage-2 macro recall,fold01,57,-6.619558154645873,-5.632716049382708,0.9481037924151696
2,L2,Stage-2 macro recall,fold01,58,-5.303768680961653,-5.632716049382708,0.9481037924151696
2,L2,Stage-2 macro recall,fold01,59,-7.89473684210526,-5.632716049382708,0.9481037924151696
2,L2,Stage-2 macro recall,fold01,60,-6.290610786224818,-5.632716049382708,0.9481037924151696
2,L2,Stage-2 macro recall,fold01,61,-5.59210526315789,-5.632716049382708,0.9481037924151696
2,L2,Stage-2 macro recall,fold01,62,-5.632716049382708,-5.632716049382708,0.9481037924151696
2,L2,Stage-2 macro recall,fold01,63,-6.619558154645873,-5.632716049382708,0.9481037924151696
2,L2,Stage-2 macro recall,fold01,64,-6.25,-5.632716049382708,0.9481037924151696
2,L2,Stage-2 macro recall,fold01,65,-6.619558154645873,-5.632716049382708,0.9481037924151696
2,L2,Stage-2 macro recall,fold01,66,-7.277452891487968,-5.632716049382708,0.9481037924151696
2,L2,Stage-2 macro recall,fold01,67,-6.948505523066913,-5.632716049382708,0.9481037924151696
2,L2,Stage-2 macro recall,fold01,68,-5.303768680961653,-5.632716049382708,0.9481037924151696
2,L2,Stage-2 macro recall,fold01,69,-7.89473684210526,-5.632716049382708,0.9481037924151696
2,L2,Stage-2 macro recall,fold01,70,-6.290610786224818,-5.632716049382708,0.9481037924151696
2,L2,Stage-2 macro recall,fold01,71,-6.9078947368420955,-5.632716049382708,0.9481037924151696
2,L2,Stage-2 macro recall,fold01,72,-5.961663417803777,-5.632716049382708,0.9481037924151696
2,L2,Stage-2 macro recall,fold01,73,-6.290610786224818,-5.632716049382708,0.9481037924151696
2,L2,Stage-2 macro recall,fold01,74,-6.290610786224818,-5.632716049382708,0.9481037924151696
2,L2,Stage-2 macro recall,fold01,75,-7.606400259909037,-5.632716049382708,0.9481037924151696
2,L2,Stage-2 macro recall,fold01,76,-6.619558154645873,-5.632716049382708,0.9481037924151696
2,L2,Stage-2 macro recall,fold01,77,-6.9078947368420955,-5.632716049382708,0.9481037924151696
2,L2,Stage-2 macro recall,fold01,78,-5.921052631578931,-5.632716049382708,0.9481037924151696
2,L2,Stage-2 macro recall,fold01,79,-7.277452891487968,-5.632716049382708,0.9481037924151696
2,L2,Stage-2 macro recall,fold01,80,-7.565789473684191,-5.632716049382708,0.9481037924151696
2,L2,Stage-2 macro recall,fold01,81,-5.632716049382708,-5.632716049382708,0.9481037924151696
2,L2,Stage-2 macro recall,fold01,82,-6.290610786224818,-5.632716049382708,0.9481037924151696
2,L2,Stage-2 macro recall,fold01,83,-5.921052631578931,-5.632716049382708,0.9481037924151696
2,L2,Stage-2 macro recall,fold01,84,-6.290610786224818,-5.632716049382708,0.9481037924151696
2,L2,Stage-2 macro recall,fold01,85,-6.290610786224818,-5.632716049382708,0.9481037924151696
2,L2,Stage-2 macro recall,fold01,86,-5.961663417803777,-5.632716049382708,0.9481037924151696
2,L2,Stage-2 macro recall,fold01,87,-7.854126055880442,-5.632716049382708,0.9481037924151696
2,L2,Stage-2 macro recall,fold01,88,-6.948505523066913,-5.632716049382708,0.9481037924151696
2,L2,Stage-2 macro recall,fold01,89,-5.632716049382708,-5.632716049382708,0.9481037924151696
2,L2,Stage-2 macro recall,fold01,90,-7.277452891487968,-5.632716049382708,0.9481037924151696
2,L2,Stage-2 macro recall,fold01,91,-6.578947368421055,-5.632716049382708,0.9481037924151696
2,L2,Stage-2 macro recall,fold01,92,-6.948505523066913,-5.632716049382708,0.9481037924151696
2,L2,Stage-2 macro recall,fold01,93,-6.25,-5.632716049382708,0.9481037924151696
2,L2,Stage-2 macro recall,fold01,94,-5.303768680961653,-5.632716049382708,0.9481037924151696
2,L2,Stage-2 macro recall,fold01,95,-7.277452891487968,-5.632716049382708,0.9481037924151696
2,L2,Stage-2 macro recall,fold01,96,-6.25,-5.632716049382708,0.9481037924151696
2,L2,Stage-2 macro recall,fold01,97,-6.290610786224818,-5.632716049382708,0.9481037924151696
2,L2,Stage-2 macro recall,fold01,98,-4.974821312540612,-5.632716049382708,0.9481037924151696
2,L2,Stage-2 macro recall,fold01,99,-5.961663417803777,-5.632716049382708,0.9481037924151696
2,L2,Stage-2 macro recall,fold01,100,-6.619558154645873,-5.632716049382708,0.9481037924151696
2,L2,Stage-2 macro recall,fold01,101,-6.25,-5.632716049382708,0.9481037924151696
2,L2,Stage-2 macro recall,fold01,102,-6.290610786224818,-5.632716049382708,0.9481037924151696
2,L2,Stage-2 macro recall,fold01,103,-7.23684210526315,-5.632716049382708,0.9481037924151696
2,L2,Stage-2 macro recall,fold01,104,-6.619558154645873,-5.632716049382708,0.9481037924151696
2,L2,Stage-2 macro recall,fold01,105,-5.961663417803777,-5.632716049382708,0.9481037924151696
2,L2,Stage-2 macro recall,fold01,106,-5.961663417803777,-5.632716049382708,0.9481037924151696
2,L2,Stage-2 macro recall,fold01,107,-5.303768680961653,-5.632716049382708,0.9481037924151696
2,L2,Stage-2 macro recall,fold01,108,-5.961663417803777,-5.632716049382708,0.9481037924151696
2,L2,Stage-2 macro recall,fold01,109,-5.961663417803777,-5.632716049382708,0.9481037924151696
2,L2,Stage-2 macro recall,fold01,110,-5.632716049382708,-5.632716049382708,0.9481037924151696
2,L2,Stage-2 macro recall,fold01,111,-6.290610786224818,-5.632716049382708,0.9481037924151696
2,L2,Stage-2 macro recall,fold01,112,-7.277452891487968,-5.632716049382708,0.9481037924151696
2,L2,Stage-2 macro recall,fold01,113,-6.290610786224818,-5.632716049382708,0.9481037924151696
2,L2,Stage-2 macro recall,fold01,114,-7.277452891487968,-5.632716049382708,0.9481037924151696
2,L2,Stage-2 macro recall,fold01,115,-5.961663417803777,-5.632716049382708,0.9481037924151696
2,L2,Stage-2 macro recall,fold01,116,-5.59210526315789,-5.632716049382708,0.9481037924151696
2,L2,Stage-2 macro recall,fold01,117,-7.565789473684191,-5.632716049382708,0.9481037924151696
2,L2,Stage-2 macro recall,fold01,118,-6.578947368421055,-5.632716049382708,0.9481037924151696
2,L2,Stage-2 macro recall,fold01,119,-5.632716049382708,-5.632716049382708,0.9481037924151696
2,L2,Stage-2 macro recall,fold01,120,-6.290610786224818,-5.632716049382708,0.9481037924151696
2,L2,Stage-2 macro recall,fold01,121,-6.290610786224818,-5.632716049382708,0.9481037924151696
2,L2,Stage-2 macro recall,fold01,122,-5.632716049382708,-5.632716049382708,0.9481037924151696
2,L2,Stage-2 macro recall,fold01,123,-5.961663417803777,-5.632716049382708,0.9481037924151696
2,L2,Stage-2 macro recall,fold01,124,-5.303768680961653,-5.632716049382708,0.9481037924151696
2,L2,Stage-2 macro recall,fold01,125,-5.961663417803777,-5.632716049382708,0.9481037924151696
2,L2,Stage-2 macro recall,fold01,126,-6.619558154645873,-5.632716049382708,0.9481037924151696
2,L2,Stage-2 macro recall,fold01,127,-6.25,-5.632716049382708,0.9481037924151696
2,L2,Stage-2 macro recall,fold01,128,-6.25,-5.632716049382708,0.9481037924151696
2,L2,Stage-2 macro recall,fold01,129,-8.512020792722538,-5.632716049382708,0.9481037924151696
2,L2,Stage-2 macro recall,fold01,130,-6.619558154645873,-5.632716049382708,0.9481037924151696
2,L2,Stage-2 macro recall,fold01,131,-6.290610786224818,-5.632716049382708,0.9481037924151696
2,L2,Stage-2 macro recall,fold01,132,-6.9078947368420955,-5.632716049382708,0.9481037924151696
2,L2,Stage-2 macro recall,fold01,133,-6.619558154645873,-5.632716049382708,0.9481037924151696
2,L2,Stage-2 macro recall,fold01,134,-4.974821312540612,-5.632716049382708,0.9481037924151696
2,L2,Stage-2 macro recall,fold01,135,-5.921052631578931,-5.632716049382708,0.9481037924151696
2,L2,Stage-2 macro recall,fold01,136,-7.23684210526315,-5.632716049382708,0.9481037924151696
2,L2,Stage-2 macro recall,fold01,137,-4.974821312540612,-5.632716049382708,0.9481037924151696
2,L2,Stage-2 macro recall,fold01,138,-6.290610786224818,-5.632716049382708,0.9481037924151696
2,L2,Stage-2 macro recall,fold01,139,-5.632716049382708,-5.632716049382708,0.9481037924151696
2,L2,Stage-2 macro recall,fold01,140,-6.619558154645873,-5.632716049382708,0.9481037924151696
2,L2,Stage-2 macro recall,fold01,141,-5.632716049382708,-5.632716049382708,0.9481037924151696
2,L2,Stage-2 macro recall,fold01,142,-6.25,-5.632716049382708,0.9481037924151696
2,L2,Stage-2 macro recall,fold01,143,-6.619558154645873,-5.632716049382708,0.9481037924151696
2,L2,Stage-2 macro recall,fold01,144,-6.290610786224818,-5.632716049382708,0.9481037924151696
2,L2,Stage-2 macro recall,fold01,145,-7.23684210526315,-5.632716049382708,0.9481037924151696
2,L2,Stage-2 macro recall,fold01,146,-8.223684210526315,-5.632716049382708,0.9481037924151696
2,L2,Stage-2 macro recall,fold01,147,-6.290610786224818,-5.632716049382708,0.9481037924151696
2,L2,Stage-2 macro recall,fold01,148,-6.9078947368420955,-5.632716049382708,0.9481037924151696
2,L2,Stage-2 macro recall,fold01,149,-7.23684210526315,-5.632716049382708,0.9481037924151696
2,L2,Stage-2 macro recall,fold01,150,-6.290610786224818,-5.632716049382708,0.9481037924151696
2,L2,Stage-2 macro recall,fold01,151,-6.290610786224818,-5.632716049382708,0.9481037924151696
2,L2,Stage-2 macro recall,fold01,152,-7.277452891487968,-5.632716049382708,0.9481037924151696
2,L2,Stage-2 macro recall,fold01,153,-5.961663417803777,-5.632716049382708,0.9481037924151696
2,L2,Stage-2 macro recall,fold01,154,-6.9078947368420955,-5.632716049382708,0.9481037924151696
2,L2,Stage-2 macro recall,fold01,155,-5.632716049382708,-5.632716049382708,0.9481037924151696
2,L2,Stage-2 macro recall,fold01,156,-6.290610786224818,-5.632716049382708,0.9481037924151696
2,L2,Stage-2 macro recall,fold01,157,-6.948505523066913,-5.632716049382708,0.9481037924151696
2,L2,Stage-2 macro recall,fold01,158,-6.578947368421055,-5.632716049382708,0.9481037924151696
2,L2,Stage-2 macro recall,fold01,159,-6.619558154645873,-5.632716049382708,0.9481037924151696
2,L2,Stage-2 macro recall,fold01,160,-6.9078947368420955,-5.632716049382708,0.9481037924151696
2,L2,Stage-2 macro recall,fold01,161,-7.23684210526315,-5.632716049382708,0.9481037924151696
2,L2,Stage-2 macro recall,fold01,162,-5.961663417803777,-5.632716049382708,0.9481037924151696
2,L2,Stage-2 macro recall,fold01,163,-7.565789473684191,-5.632716049382708,0.9481037924151696
2,L2,Stage-2 macro recall,fold01,164,-5.632716049382708,-5.632716049382708,0.9481037924151696
2,L2,Stage-2 macro recall,fold01,165,-6.290610786224818,-5.632716049382708,0.9481037924151696
2,L2,Stage-2 macro recall,fold01,166,-6.290610786224818,-5.632716049382708,0.9481037924151696
2,L2,Stage-2 macro recall,fold01,167,-5.961663417803777,-5.632716049382708,0.9481037924151696
2,L2,Stage-2 macro recall,fold01,168,-8.512020792722538,-5.632716049382708,0.9481037924151696
2,L2,Stage-2 macro recall,fold01,169,-6.578947368421055,-5.632716049382708,0.9481037924151696
2,L2,Stage-2 macro recall,fold01,170,-6.578947368421055,-5.632716049382708,0.9481037924151696
2,L2,Stage-2 macro recall,fold01,171,-7.23684210526315,-5.632716049382708,0.9481037924151696
2,L2,Stage-2 macro recall,fold01,172,-6.578947368421055,-5.632716049382708,0.9481037924151696
2,L2,Stage-2 macro recall,fold01,173,-6.290610786224818,-5.632716049382708,0.9481037924151696
2,L2,Stage-2 macro recall,fold01,174,-6.25,-5.632716049382708,0.9481037924151696
2,L2,Stage-2 macro recall,fold01,175,-5.632716049382708,-5.632716049382708,0.9481037924151696
2,L2,Stage-2 macro recall,fold01,176,-6.290610786224818,-5.632716049382708,0.9481037924151696
2,L2,Stage-2 macro recall,fold01,177,-5.632716049382708,-5.632716049382708,0.9481037924151696
2,L2,Stage-2 macro recall,fold01,178,-6.619558154645873,-5.632716049382708,0.9481037924151696
2,L2,Stage-2 macro recall,fold01,179,-7.525178687459373,-5.632716049382708,0.9481037924151696
2,L2,Stage-2 macro recall,fold01,180,-6.9078947368420955,-5.632716049382708,0.9481037924151696
2,L2,Stage-2 macro recall,fold01,181,-6.9078947368420955,-5.632716049382708,0.9481037924151696
2,L2,Stage-2 macro recall,fold01,182,-6.948505523066913,-5.632716049382708,0.9481037924151696
2,L2,Stage-2 macro recall,fold01,183,-5.632716049382708,-5.632716049382708,0.9481037924151696
2,L2,Stage-2 macro recall,fold01,184,-7.277452891487968,-5.632716049382708,0.9481037924151696
2,L2,Stage-2 macro recall,fold01,185,-6.619558154645873,-5.632716049382708,0.9481037924151696
2,L2,Stage-2 macro recall,fold01,186,-6.619558154645873,-5.632716049382708,0.9481037924151696
2,L2,Stage-2 macro recall,fold01,187,-6.25,-5.632716049382708,0.9481037924151696
2,L2,Stage-2 macro recall,fold01,188,-7.23684210526315,-5.632716049382708,0.9481037924151696
2,L2,Stage-2 macro recall,fold01,189,-6.290610786224818,-5.632716049382708,0.9481037924151696
2,L2,Stage-2 macro recall,fold01,190,-5.961663417803777,-5.632716049382708,0.9481037924151696
2,L2,Stage-2 macro recall,fold01,191,-6.9078947368420955,-5.632716049382708,0.9481037924151696
2,L2,Stage-2 macro recall,fold01,192,-6.9078947368420955,-5.632716049382708,0.9481037924151696
2,L2,Stage-2 macro recall,fold01,193,-7.23684210526315,-5.632716049382708,0.9481037924151696
2,L2,Stage-2 macro recall,fold01,194,-7.565789473684191,-5.632716049382708,0.9481037924151696
2,L2,Stage-2 macro recall,fold01,195,-6.209389213775182,-5.632716049382708,0.9481037924151696
2,L2,Stage-2 macro recall,fold01,196,-6.948505523066913,-5.632716049382708,0.9481037924151696
2,L2,Stage-2 macro recall,fold01,197,-6.9078947368420955,-5.632716049382708,0.9481037924151696
2,L2,Stage-2 macro recall,fold01,198,-6.290610786224818,-5.632716049382708,0.9481037924151696
2,L2,Stage-2 macro recall,fold01,199,-5.632716049382708,-5.632716049382708,0.9481037924151696
2,L2,Stage-2 macro recall,fold01,200,-5.961663417803777,-5.632716049382708,0.9481037924151696
2,L2,Stage-2 macro recall,fold01,201,-6.9078947368420955,-5.632716049382708,0.9481037924151696
2,L2,Stage-2 macro recall,fold01,202,-6.290610786224818,-5.632716049382708,0.9481037924151696
2,L2,Stage-2 macro recall,fold01,203,-7.606400259909037,-5.632716049382708,0.9481037924151696
2,L2,Stage-2 macro recall,fold01,204,-6.290610786224818,-5.632716049382708,0.9481037924151696
2,L2,Stage-2 macro recall,fold01,205,-6.290610786224818,-5.632716049382708,0.9481037924151696
2,L2,Stage-2 macro recall,fold01,206,-7.89473684210526,-5.632716049382708,0.9481037924151696
2,L2,Stage-2 macro recall,fold01,207,-5.961663417803777,-5.632716049382708,0.9481037924151696
2,L2,Stage-2 macro recall,fold01,208,-6.290610786224818,-5.632716049382708,0.9481037924151696
2,L2,Stage-2 macro recall,fold01,209,-6.619558154645873,-5.632716049382708,0.9481037924151696
2,L2,Stage-2 macro recall,fold01,210,-6.290610786224818,-5.632716049382708,0.9481037924151696
2,L2,Stage-2 macro recall,fold01,211,-5.632716049382708,-5.632716049382708,0.9481037924151696
2,L2,Stage-2 macro recall,fold01,212,-6.578947368421055,-5.632716049382708,0.9481037924151696
2,L2,Stage-2 macro recall,fold01,213,-6.9078947368420955,-5.632716049382708,0.9481037924151696
2,L2,Stage-2 macro recall,fold01,214,-5.632716049382708,-5.632716049382708,0.9481037924151696
2,L2,Stage-2 macro recall,fold01,215,-6.619558154645873,-5.632716049382708,0.9481037924151696
2,L2,Stage-2 macro recall,fold01,216,-8.552631578947356,-5.632716049382708,0.9481037924151696
2,L2,Stage-2 macro recall,fold01,217,-5.59210526315789,-5.632716049382708,0.9481037924151696
2,L2,Stage-2 macro recall,fold01,218,-6.948505523066913,-5.632716049382708,0.9481037924151696
2,L2,Stage-2 macro recall,fold01,219,-6.619558154645873,-5.632716049382708,0.9481037924151696
2,L2,Stage-2 macro recall,fold01,220,-4.974821312540612,-5.632716049382708,0.9481037924151696
2,L2,Stage-2 macro recall,fold01,221,-7.23684210526315,-5.632716049382708,0.9481037924151696
2,L2,Stage-2 macro recall,fold01,222,-5.632716049382708,-5.632716049382708,0.9481037924151696
2,L2,Stage-2 macro recall,fold01,223,-6.578947368421055,-5.632716049382708,0.9481037924151696
2,L2,Stage-2 macro recall,fold01,224,-6.619558154645873,-5.632716049382708,0.9481037924151696
2,L2,Stage-2 macro recall,fold01,225,-6.619558154645873,-5.632716049382708,0.9481037924151696
2,L2,Stage-2 macro recall,fold01,226,-7.277452891487968,-5.632716049382708,0.9481037924151696
2,L2,Stage-2 macro recall,fold01,227,-6.619558154645873,-5.632716049382708,0.9481037924151696
2,L2,Stage-2 macro recall,fold01,228,-5.961663417803777,-5.632716049382708,0.9481037924151696
2,L2,Stage-2 macro recall,fold01,229,-7.565789473684191,-5.632716049382708,0.9481037924151696
2,L2,Stage-2 macro recall,fold01,230,-6.578947368421055,-5.632716049382708,0.9481037924151696
2,L2,Stage-2 macro recall,fold01,231,-6.9078947368420955,-5.632716049382708,0.9481037924151696
2,L2,Stage-2 macro recall,fold01,232,-6.290610786224818,-5.632716049382708,0.9481037924151696
2,L2,Stage-2 macro recall,fold01,233,-7.23684210526315,-5.632716049382708,0.9481037924151696
2,L2,Stage-2 macro recall,fold01,234,-5.632716049382708,-5.632716049382708,0.9481037924151696
2,L2,Stage-2 macro recall,fold01,235,-6.9078947368420955,-5.632716049382708,0.9481037924151696
2,L2,Stage-2 macro recall,fold01,236,-6.9078947368420955,-5.632716049382708,0.9481037924151696
2,L2,Stage-2 macro recall,fold01,237,-6.290610786224818,-5.632716049382708,0.9481037924151696
2,L2,Stage-2 macro recall,fold01,238,-6.290610786224818,-5.632716049382708,0.9481037924151696
2,L2,Stage-2 macro recall,fold01,239,-5.961663417803777,-5.632716049382708,0.9481037924151696
2,L2,Stage-2 macro recall,fold01,240,-6.578947368421055,-5.632716049382708,0.9481037924151696
2,L2,Stage-2 macro recall,fold01,241,-6.25,-5.632716049382708,0.9481037924151696
2,L2,Stage-2 macro recall,fold01,242,-7.23684210526315,-5.632716049382708,0.9481037924151696
2,L2,Stage-2 macro recall,fold01,243,-5.303768680961653,-5.632716049382708,0.9481037924151696
2,L2,Stage-2 macro recall,fold01,244,-6.9078947368420955,-5.632716049382708,0.9481037924151696
2,L2,Stage-2 macro recall,fold01,245,-6.290610786224818,-5.632716049382708,0.9481037924151696
2,L2,Stage-2 macro recall,fold01,246,-5.961663417803777,-5.632716049382708,0.9481037924151696
2,L2,Stage-2 macro recall,fold01,247,-5.961663417803777,-5.632716049382708,0.9481037924151696
2,L2,Stage-2 macro recall,fold01,248,-5.632716049382708,-5.632716049382708,0.9481037924151696
2,L2,Stage-2 macro recall,fold01,249,-7.935347628330078,-5.632716049382708,0.9481037924151696
2,L2,Stage-2 macro recall,fold01,250,-7.277452891487968,-5.632716049382708,0.9481037924151696
2,L2,Stage-2 macro recall,fold01,251,-7.277452891487968,-5.632716049382708,0.9481037924151696
2,L2,Stage-2 macro recall,fold01,252,-7.23684210526315,-5.632716049382708,0.9481037924151696
2,L2,Stage-2 macro recall,fold01,253,-6.9078947368420955,-5.632716049382708,0.9481037924151696
2,L2,Stage-2 macro recall,fold01,254,-5.961663417803777,-5.632716049382708,0.9481037924151696
2,L2,Stage-2 macro recall,fold01,255,-5.632716049382708,-5.632716049382708,0.9481037924151696
2,L2,Stage-2 macro recall,fold01,256,-7.89473684210526,-5.632716049382708,0.9481037924151696
2,L2,Stage-2 macro recall,fold01,257,-5.632716049382708,-5.632716049382708,0.9481037924151696
2,L2,Stage-2 macro recall,fold01,258,-7.277452891487968,-5.632716049382708,0.9481037924151696
2,L2,Stage-2 macro recall,fold01,259,-6.619558154645873,-5.632716049382708,0.9481037924151696
2,L2,Stage-2 macro recall,fold01,260,-6.948505523066913,-5.632716049382708,0.9481037924151696
2,L2,Stage-2 macro recall,fold01,261,-6.948505523066913,-5.632716049382708,0.9481037924151696
2,L2,Stage-2 macro recall,fold01,262,-6.290610786224818,-5.632716049382708,0.9481037924151696
2,L2,Stage-2 macro recall,fold01,263,-6.25,-5.632716049382708,0.9481037924151696
2,L2,Stage-2 macro recall,fold01,264,-6.948505523066913,-5.632716049382708,0.9481037924151696
2,L2,Stage-2 macro recall,fold01,265,-6.9078947368420955,-5.632716049382708,0.9481037924151696
2,L2,Stage-2 macro recall,fold01,266,-6.9078947368420955,-5.632716049382708,0.9481037924151696
2,L2,Stage-2 macro recall,fold01,267,-4.974821312540612,-5.632716049382708,0.9481037924151696
2,L2,Stage-2 macro recall,fold01,268,-7.89473684210526,-5.632716049382708,0.9481037924151696
2,L2,Stage-2 macro recall,fold01,269,-6.9078947368420955,-5.632716049382708,0.9481037924151696
2,L2,Stage-2 macro recall,fold01,270,-6.578947368421055,-5.632716049382708,0.9481037924151696
2,L2,Stage-2 macro recall,fold01,271,-7.565789473684191,-5.632716049382708,0.9481037924151696
2,L2,Stage-2 macro recall,fold01,272,-6.619558154645873,-5.632716049382708,0.9481037924151696
2,L2,Stage-2 macro recall,fold01,273,-6.619558154645873,-5.632716049382708,0.9481037924151696
2,L2,Stage-2 macro recall,fold01,274,-4.974821312540612,-5.632716049382708,0.9481037924151696
2,L2,Stage-2 macro recall,fold01,275,-7.935347628330078,-5.632716049382708,0.9481037924151696
2,L2,Stage-2 macro recall,fold01,276,-6.619558154645873,-5.632716049382708,0.9481037924151696
2,L2,Stage-2 macro recall,fold01,277,-6.619558154645873,-5.632716049382708,0.9481037924151696
2,L2,Stage-2 macro recall,fold01,278,-5.961663417803777,-5.632716049382708,0.9481037924151696
2,L2,Stage-2 macro recall,fold01,279,-7.565789473684191,-5.632716049382708,0.9481037924151696
2,L2,Stage-2 macro recall,fold01,280,-5.961663417803777,-5.632716049382708,0.9481037924151696
2,L2,Stage-2 macro recall,fold01,281,-6.9078947368420955,-5.632716049382708,0.9481037924151696
2,L2,Stage-2 macro recall,fold01,282,-7.525178687459373,-5.632716049382708,0.9481037924151696
2,L2,Stage-2 macro recall,fold01,283,-7.277452891487968,-5.632716049382708,0.9481037924151696
2,L2,Stage-2 macro recall,fold01,284,-6.25,-5.632716049382708,0.9481037924151696
2,L2,Stage-2 macro recall,fold01,285,-5.303768680961653,-5.632716049382708,0.9481037924151696
2,L2,Stage-2 macro recall,fold01,286,-6.290610786224818,-5.632716049382708,0.9481037924151696
2,L2,Stage-2 macro recall,fold01,287,-5.303768680961653,-5.632716049382708,0.9481037924151696
2,L2,Stage-2 macro recall,fold01,288,-5.961663417803777,-5.632716049382708,0.9481037924151696
2,L2,Stage-2 macro recall,fold01,289,-7.89473684210526,-5.632716049382708,0.9481037924151696
2,L2,Stage-2 macro recall,fold01,290,-6.619558154645873,-5.632716049382708,0.9481037924151696
2,L2,Stage-2 macro recall,fold01,291,-7.23684210526315,-5.632716049382708,0.9481037924151696
2,L2,Stage-2 macro recall,fold01,292,-8.512020792722538,-5.632716049382708,0.9481037924151696
2,L2,Stage-2 macro recall,fold01,293,-8.223684210526315,-5.632716049382708,0.9481037924151696
2,L2,Stage-2 macro recall,fold01,294,-5.961663417803777,-5.632716049382708,0.9481037924151696
2,L2,Stage-2 macro recall,fold01,295,-5.961663417803777,-5.632716049382708,0.9481037924151696
2,L2,Stage-2 macro recall,fold01,296,-6.9078947368420955,-5.632716049382708,0.9481037924151696
2,L2,Stage-2 macro recall,fold01,297,-6.619558154645873,-5.632716049382708,0.9481037924151696
2,L2,Stage-2 macro recall,fold01,298,-6.290610786224818,-5.632716049382708,0.9481037924151696
2,L2,Stage-2 macro recall,fold01,299,-6.948505523066913,-5.632716049382708,0.9481037924151696
2,L2,Stage-2 macro recall,fold01,300,-7.23684210526315,-5.632716049382708,0.9481037924151696
2,L2,Stage-2 macro recall,fold01,301,-7.565789473684191,-5.632716049382708,0.9481037924151696
2,L2,Stage-2 macro recall,fold01,302,-6.25,-5.632716049382708,0.9481037924151696
2,L2,Stage-2 macro recall,fold01,303,-6.619558154645873,-5.632716049382708,0.9481037924151696
2,L2,Stage-2 macro recall,fold01,304,-6.25,-5.632716049382708,0.9481037924151696
2,L2,Stage-2 macro recall,fold01,305,-6.948505523066913,-5.632716049382708,0.9481037924151696
2,L2,Stage-2 macro recall,fold01,306,-6.578947368421055,-5.632716049382708,0.9481037924151696
2,L2,Stage-2 macro recall,fold01,307,-6.948505523066913,-5.632716049382708,0.9481037924151696
2,L2,Stage-2 macro recall,fold01,308,-6.290610786224818,-5.632716049382708,0.9481037924151696
2,L2,Stage-2 macro recall,fold01,309,-7.196231319038333,-5.632716049382708,0.9481037924151696
2,L2,Stage-2 macro recall,fold01,310,-6.25,-5.632716049382708,0.9481037924151696
2,L2,Stage-2 macro recall,fold01,311,-5.961663417803777,-5.632716049382708,0.9481037924151696
2,L2,Stage-2 macro recall,fold01,312,-6.290610786224818,-5.632716049382708,0.9481037924151696
2,L2,Stage-2 macro recall,fold01,313,-6.290610786224818,-5.632716049382708,0.9481037924151696
2,L2,Stage-2 macro recall,fold01,314,-7.89473684210526,-5.632716049382708,0.9481037924151696
2,L2,Stage-2 macro recall,fold01,315,-5.632716049382708,-5.632716049382708,0.9481037924151696
2,L2,Stage-2 macro recall,fold01,316,-6.25,-5.632716049382708,0.9481037924151696
2,L2,Stage-2 macro recall,fold01,317,-5.961663417803777,-5.632716049382708,0.9481037924151696
2,L2,Stage-2 macro recall,fold01,318,-7.89473684210526,-5.632716049382708,0.9481037924151696
2,L2,Stage-2 macro recall,fold01,319,-6.867283950617278,-5.632716049382708,0.9481037924151696
2,L2,Stage-2 macro recall,fold01,320,-6.619558154645873,-5.632716049382708,0.9481037924151696
2,L2,Stage-2 macro recall,fold01,321,-7.565789473684191,-5.632716049382708,0.9481037924151696
2,L2,Stage-2 macro recall,fold01,322,-5.961663417803777,-5.632716049382708,0.9481037924151696
2,L2,Stage-2 macro recall,fold01,323,-6.619558154645873,-5.632716049382708,0.9481037924151696
2,L2,Stage-2 macro recall,fold01,324,-7.23684210526315,-5.632716049382708,0.9481037924151696
2,L2,Stage-2 macro recall,fold01,325,-6.619558154645873,-5.632716049382708,0.9481037924151696
2,L2,Stage-2 macro recall,fold01,326,-7.565789473684191,-5.632716049382708,0.9481037924151696
2,L2,Stage-2 macro recall,fold01,327,-6.290610786224818,-5.632716049382708,0.9481037924151696
2,L2,Stage-2 macro recall,fold01,328,-6.290610786224818,-5.632716049382708,0.9481037924151696
2,L2,Stage-2 macro recall,fold01,329,-7.23684210526315,-5.632716049382708,0.9481037924151696
2,L2,Stage-2 macro recall,fold01,330,-6.578947368421055,-5.632716049382708,0.9481037924151696
2,L2,Stage-2 macro recall,fold01,331,-6.619558154645873,-5.632716049382708,0.9481037924151696
2,L2,Stage-2 macro recall,fold01,332,-7.277452891487968,-5.632716049382708,0.9481037924151696
2,L2,Stage-2 macro recall,fold01,333,-6.619558154645873,-5.632716049382708,0.9481037924151696
2,L2,Stage-2 macro recall,fold01,334,-5.632716049382708,-5.632716049382708,0.9481037924151696
2,L2,Stage-2 macro recall,fold01,335,-7.525178687459373,-5.632716049382708,0.9481037924151696
2,L2,Stage-2 macro recall,fold01,336,-6.948505523066913,-5.632716049382708,0.9481037924151696
2,L2,Stage-2 macro recall,fold01,337,-7.23684210526315,-5.632716049382708,0.9481037924151696
2,L2,Stage-2 macro recall,fold01,338,-7.606400259909037,-5.632716049382708,0.9481037924151696
2,L2,Stage-2 macro recall,fold01,339,-6.290610786224818,-5.632716049382708,0.9481037924151696
2,L2,Stage-2 macro recall,fold01,340,-6.9078947368420955,-5.632716049382708,0.9481037924151696
2,L2,Stage-2 macro recall,fold01,341,-5.961663417803777,-5.632716049382708,0.9481037924151696
2,L2,Stage-2 macro recall,fold01,342,-6.619558154645873,-5.632716049382708,0.9481037924151696
2,L2,Stage-2 macro recall,fold01,343,-6.578947368421055,-5.632716049382708,0.9481037924151696
2,L2,Stage-2 macro recall,fold01,344,-6.290610786224818,-5.632716049382708,0.9481037924151696
2,L2,Stage-2 macro recall,fold01,345,-5.632716049382708,-5.632716049382708,0.9481037924151696
2,L2,Stage-2 macro recall,fold01,346,-6.290610786224818,-5.632716049382708,0.9481037924151696
2,L2,Stage-2 macro recall,fold01,347,-6.948505523066913,-5.632716049382708,0.9481037924151696
2,L2,Stage-2 macro recall,fold01,348,-7.565789473684191,-5.632716049382708,0.9481037924151696
2,L2,Stage-2 macro recall,fold01,349,-5.632716049382708,-5.632716049382708,0.9481037924151696
2,L2,Stage-2 macro recall,fold01,350,-4.974821312540612,-5.632716049382708,0.9481037924151696
2,L2,Stage-2 macro recall,fold01,351,-5.961663417803777,-5.632716049382708,0.9481037924151696
2,L2,Stage-2 macro recall,fold01,352,-5.961663417803777,-5.632716049382708,0.9481037924151696
2,L2,Stage-2 macro recall,fold01,353,-7.23684210526315,-5.632716049382708,0.9481037924151696
2,L2,Stage-2 macro recall,fold01,354,-6.578947368421055,-5.632716049382708,0.9481037924151696
2,L2,Stage-2 macro recall,fold01,355,-6.25,-5.632716049382708,0.9481037924151696
2,L2,Stage-2 macro recall,fold01,356,-7.565789473684191,-5.632716049382708,0.9481037924151696
2,L2,Stage-2 macro recall,fold01,357,-5.961663417803777,-5.632716049382708,0.9481037924151696
2,L2,Stage-2 macro recall,fold01,358,-6.290610786224818,-5.632716049382708,0.9481037924151696
2,L2,Stage-2 macro recall,fold01,359,-5.961663417803777,-5.632716049382708,0.9481037924151696
2,L2,Stage-2 macro recall,fold01,360,-5.961663417803777,-5.632716049382708,0.9481037924151696
2,L2,Stage-2 macro recall,fold01,361,-6.578947368421055,-5.632716049382708,0.9481037924151696
2,L2,Stage-2 macro recall,fold01,362,-5.961663417803777,-5.632716049382708,0.9481037924151696
2,L2,Stage-2 macro recall,fold01,363,-5.961663417803777,-5.632716049382708,0.9481037924151696
2,L2,Stage-2 macro recall,fold01,364,-5.632716049382708,-5.632716049382708,0.9481037924151696
2,L2,Stage-2 macro recall,fold01,365,-7.196231319038333,-5.632716049382708,0.9481037924151696
2,L2,Stage-2 macro recall,fold01,366,-6.290610786224818,-5.632716049382708,0.9481037924151696
2,L2,Stage-2 macro recall,fold01,367,-7.196231319038333,-5.632716049382708,0.9481037924151696
2,L2,Stage-2 macro recall,fold01,368,-6.578947368421055,-5.632716049382708,0.9481037924151696
2,L2,Stage-2 macro recall,fold01,369,-5.632716049382708,-5.632716049382708,0.9481037924151696
2,L2,Stage-2 macro recall,fold01,370,-7.854126055880442,-5.632716049382708,0.9481037924151696
2,L2,Stage-2 macro recall,fold01,371,-6.9078947368420955,-5.632716049382708,0.9481037924151696
2,L2,Stage-2 macro recall,fold01,372,-7.89473684210526,-5.632716049382708,0.9481037924151696
2,L2,Stage-2 macro recall,fold01,373,-5.961663417803777,-5.632716049382708,0.9481037924151696
2,L2,Stage-2 macro recall,fold01,374,-5.303768680961653,-5.632716049382708,0.9481037924151696
2,L2,Stage-2 macro recall,fold01,375,-6.290610786224818,-5.632716049382708,0.9481037924151696
2,L2,Stage-2 macro recall,fold01,376,-6.290610786224818,-5.632716049382708,0.9481037924151696
2,L2,Stage-2 macro recall,fold01,377,-5.961663417803777,-5.632716049382708,0.9481037924151696
2,L2,Stage-2 macro recall,fold01,378,-5.632716049382708,-5.632716049382708,0.9481037924151696
2,L2,Stage-2 macro recall,fold01,379,-6.948505523066913,-5.632716049382708,0.9481037924151696
2,L2,Stage-2 macro recall,fold01,380,-6.619558154645873,-5.632716049382708,0.9481037924151696
2,L2,Stage-2 macro recall,fold01,381,-6.290610786224818,-5.632716049382708,0.9481037924151696
2,L2,Stage-2 macro recall,fold01,382,-6.9078947368420955,-5.632716049382708,0.9481037924151696
2,L2,Stage-2 macro recall,fold01,383,-6.578947368421055,-5.632716049382708,0.9481037924151696
2,L2,Stage-2 macro recall,fold01,384,-6.290610786224818,-5.632716049382708,0.9481037924151696
2,L2,Stage-2 macro recall,fold01,385,-7.854126055880442,-5.632716049382708,0.9481037924151696
2,L2,Stage-2 macro recall,fold01,386,-6.578947368421055,-5.632716049382708,0.9481037924151696
2,L2,Stage-2 macro recall,fold01,387,-6.619558154645873,-5.632716049382708,0.9481037924151696
2,L2,Stage-2 macro recall,fold01,388,-6.290610786224818,-5.632716049382708,0.9481037924151696
2,L2,Stage-2 macro recall,fold01,389,-5.632716049382708,-5.632716049382708,0.9481037924151696
2,L2,Stage-2 macro recall,fold01,390,-7.277452891487968,-5.632716049382708,0.9481037924151696
2,L2,Stage-2 macro recall,fold01,391,-6.948505523066913,-5.632716049382708,0.9481037924151696
2,L2,Stage-2 macro recall,fold01,392,-6.578947368421055,-5.632716049382708,0.9481037924151696
2,L2,Stage-2 macro recall,fold01,393,-6.290610786224818,-5.632716049382708,0.9481037924151696
2,L2,Stage-2 macro recall,fold01,394,-6.619558154645873,-5.632716049382708,0.9481037924151696
2,L2,Stage-2 macro recall,fold01,395,-6.948505523066913,-5.632716049382708,0.9481037924151696
2,L2,Stage-2 macro recall,fold01,396,-5.961663417803777,-5.632716049382708,0.9481037924151696
2,L2,Stage-2 macro recall,fold01,397,-6.948505523066913,-5.632716049382708,0.9481037924151696
2,L2,Stage-2 macro recall,fold01,398,-7.277452891487968,-5.632716049382708,0.9481037924151696
2,L2,Stage-2 macro recall,fold01,399,-6.290610786224818,-5.632716049382708,0.9481037924151696
2,L2,Stage-2 macro recall,fold01,400,-6.9078947368420955,-5.632716049382708,0.9481037924151696
2,L2,Stage-2 macro recall,fold01,401,-6.9078947368420955,-5.632716049382708,0.9481037924151696
2,L2,Stage-2 macro recall,fold01,402,-7.277452891487968,-5.632716049382708,0.9481037924151696
2,L2,Stage-2 macro recall,fold01,403,-7.277452891487968,-5.632716049382708,0.9481037924151696
2,L2,Stage-2 macro recall,fold01,404,-6.9078947368420955,-5.632716049382708,0.9481037924151696
2,L2,Stage-2 macro recall,fold01,405,-7.23684210526315,-5.632716049382708,0.9481037924151696
2,L2,Stage-2 macro recall,fold01,406,-7.89473684210526,-5.632716049382708,0.9481037924151696
2,L2,Stage-2 macro recall,fold01,407,-6.619558154645873,-5.632716049382708,0.9481037924151696
2,L2,Stage-2 macro recall,fold01,408,-6.948505523066913,-5.632716049382708,0.9481037924151696
2,L2,Stage-2 macro recall,fold01,409,-6.290610786224818,-5.632716049382708,0.9481037924151696
2,L2,Stage-2 macro recall,fold01,410,-6.290610786224818,-5.632716049382708,0.9481037924151696
2,L2,Stage-2 macro recall,fold01,411,-6.619558154645873,-5.632716049382708,0.9481037924151696
2,L2,Stage-2 macro recall,fold01,412,-5.961663417803777,-5.632716049382708,0.9481037924151696
2,L2,Stage-2 macro recall,fold01,413,-5.632716049382708,-5.632716049382708,0.9481037924151696
2,L2,Stage-2 macro recall,fold01,414,-5.303768680961653,-5.632716049382708,0.9481037924151696
2,L2,Stage-2 macro recall,fold01,415,-5.303768680961653,-5.632716049382708,0.9481037924151696
2,L2,Stage-2 macro recall,fold01,416,-5.961663417803777,-5.632716049382708,0.9481037924151696
2,L2,Stage-2 macro recall,fold01,417,-6.619558154645873,-5.632716049382708,0.9481037924151696
2,L2,Stage-2 macro recall,fold01,418,-7.23684210526315,-5.632716049382708,0.9481037924151696
2,L2,Stage-2 macro recall,fold01,419,-6.578947368421055,-5.632716049382708,0.9481037924151696
2,L2,Stage-2 macro recall,fold01,420,-5.961663417803777,-5.632716049382708,0.9481037924151696
2,L2,Stage-2 macro recall,fold01,421,-6.25,-5.632716049382708,0.9481037924151696
2,L2,Stage-2 macro recall,fold01,422,-5.632716049382708,-5.632716049382708,0.9481037924151696
2,L2,Stage-2 macro recall,fold01,423,-6.25,-5.632716049382708,0.9481037924151696
2,L2,Stage-2 macro recall,fold01,424,-5.921052631578931,-5.632716049382708,0.9481037924151696
2,L2,Stage-2 macro recall,fold01,425,-6.290610786224818,-5.632716049382708,0.9481037924151696
2,L2,Stage-2 macro recall,fold01,426,-8.223684210526315,-5.632716049382708,0.9481037924151696
2,L2,Stage-2 macro recall,fold01,427,-6.619558154645873,-5.632716049382708,0.9481037924151696
2,L2,Stage-2 macro recall,fold01,428,-6.290610786224818,-5.632716049382708,0.9481037924151696
2,L2,Stage-2 macro recall,fold01,429,-6.619558154645873,-5.632716049382708,0.9481037924151696
2,L2,Stage-2 macro recall,fold01,430,-6.290610786224818,-5.632716049382708,0.9481037924151696
2,L2,Stage-2 macro recall,fold01,431,-6.290610786224818,-5.632716049382708,0.9481037924151696
2,L2,Stage-2 macro recall,fold01,432,-6.9078947368420955,-5.632716049382708,0.9481037924151696
2,L2,Stage-2 macro recall,fold01,433,-5.921052631578931,-5.632716049382708,0.9481037924151696
2,L2,Stage-2 macro recall,fold01,434,-6.619558154645873,-5.632716049382708,0.9481037924151696
2,L2,Stage-2 macro recall,fold01,435,-5.961663417803777,-5.632716049382708,0.9481037924151696
2,L2,Stage-2 macro recall,fold01,436,-6.25,-5.632716049382708,0.9481037924151696
2,L2,Stage-2 macro recall,fold01,437,-6.9078947368420955,-5.632716049382708,0.9481037924151696
2,L2,Stage-2 macro recall,fold01,438,-6.290610786224818,-5.632716049382708,0.9481037924151696
2,L2,Stage-2 macro recall,fold01,439,-5.921052631578931,-5.632716049382708,0.9481037924151696
2,L2,Stage-2 macro recall,fold01,440,-6.578947368421055,-5.632716049382708,0.9481037924151696
2,L2,Stage-2 macro recall,fold01,441,-6.290610786224818,-5.632716049382708,0.9481037924151696
2,L2,Stage-2 macro recall,fold01,442,-6.290610786224818,-5.632716049382708,0.9481037924151696
2,L2,Stage-2 macro recall,fold01,443,-6.290610786224818,-5.632716049382708,0.9481037924151696
2,L2,Stage-2 macro recall,fold01,444,-6.948505523066913,-5.632716049382708,0.9481037924151696
2,L2,Stage-2 macro recall,fold01,445,-6.619558154645873,-5.632716049382708,0.9481037924151696
2,L2,Stage-2 macro recall,fold01,446,-6.619558154645873,-5.632716049382708,0.9481037924151696
2,L2,Stage-2 macro recall,fold01,447,-6.619558154645873,-5.632716049382708,0.9481037924151696
2,L2,Stage-2 macro recall,fold01,448,-5.961663417803777,-5.632716049382708,0.9481037924151696
2,L2,Stage-2 macro recall,fold01,449,-5.961663417803777,-5.632716049382708,0.9481037924151696
2,L2,Stage-2 macro recall,fold01,450,-6.578947368421055,-5.632716049382708,0.9481037924151696
2,L2,Stage-2 macro recall,fold01,451,-7.89473684210526,-5.632716049382708,0.9481037924151696
2,L2,Stage-2 macro recall,fold01,452,-6.9078947368420955,-5.632716049382708,0.9481037924151696
2,L2,Stage-2 macro recall,fold01,453,-5.303768680961653,-5.632716049382708,0.9481037924151696
2,L2,Stage-2 macro recall,fold01,454,-5.632716049382708,-5.632716049382708,0.9481037924151696
2,L2,Stage-2 macro recall,fold01,455,-5.303768680961653,-5.632716049382708,0.9481037924151696
2,L2,Stage-2 macro recall,fold01,456,-6.9078947368420955,-5.632716049382708,0.9481037924151696
2,L2,Stage-2 macro recall,fold01,457,-5.961663417803777,-5.632716049382708,0.9481037924151696
2,L2,Stage-2 macro recall,fold01,458,-6.290610786224818,-5.632716049382708,0.9481037924151696
2,L2,Stage-2 macro recall,fold01,459,-6.290610786224818,-5.632716049382708,0.9481037924151696
2,L2,Stage-2 macro recall,fold01,460,-5.921052631578931,-5.632716049382708,0.9481037924151696
2,L2,Stage-2 macro recall,fold01,461,-6.290610786224818,-5.632716049382708,0.9481037924151696
2,L2,Stage-2 macro recall,fold01,462,-7.23684210526315,-5.632716049382708,0.9481037924151696
2,L2,Stage-2 macro recall,fold01,463,-5.632716049382708,-5.632716049382708,0.9481037924151696
2,L2,Stage-2 macro recall,fold01,464,-6.9078947368420955,-5.632716049382708,0.9481037924151696
2,L2,Stage-2 macro recall,fold01,465,-6.578947368421055,-5.632716049382708,0.9481037924151696
2,L2,Stage-2 macro recall,fold01,466,-5.632716049382708,-5.632716049382708,0.9481037924151696
2,L2,Stage-2 macro recall,fold01,467,-6.25,-5.632716049382708,0.9481037924151696
2,L2,Stage-2 macro recall,fold01,468,-7.565789473684191,-5.632716049382708,0.9481037924151696
2,L2,Stage-2 macro recall,fold01,469,-6.619558154645873,-5.632716049382708,0.9481037924151696
2,L2,Stage-2 macro recall,fold01,470,-6.290610786224818,-5.632716049382708,0.9481037924151696
2,L2,Stage-2 macro recall,fold01,471,-6.578947368421055,-5.632716049382708,0.9481037924151696
2,L2,Stage-2 macro recall,fold01,472,-6.619558154645873,-5.632716049382708,0.9481037924151696
2,L2,Stage-2 macro recall,fold01,473,-6.25,-5.632716049382708,0.9481037924151696
2,L2,Stage-2 macro recall,fold01,474,-6.290610786224818,-5.632716049382708,0.9481037924151696
2,L2,Stage-2 macro recall,fold01,475,-6.948505523066913,-5.632716049382708,0.9481037924151696
2,L2,Stage-2 macro recall,fold01,476,-5.632716049382708,-5.632716049382708,0.9481037924151696
2,L2,Stage-2 macro recall,fold01,477,-6.290610786224818,-5.632716049382708,0.9481037924151696
2,L2,Stage-2 macro recall,fold01,478,-6.619558154645873,-5.632716049382708,0.9481037924151696
2,L2,Stage-2 macro recall,fold01,479,-5.961663417803777,-5.632716049382708,0.9481037924151696
2,L2,Stage-2 macro recall,fold01,480,-6.290610786224818,-5.632716049382708,0.9481037924151696
2,L2,Stage-2 macro recall,fold01,481,-7.565789473684191,-5.632716049382708,0.9481037924151696
2,L2,Stage-2 macro recall,fold01,482,-6.578947368421055,-5.632716049382708,0.9481037924151696
2,L2,Stage-2 macro recall,fold01,483,-7.23684210526315,-5.632716049382708,0.9481037924151696
2,L2,Stage-2 macro recall,fold01,484,-6.290610786224818,-5.632716049382708,0.9481037924151696
2,L2,Stage-2 macro recall,fold01,485,-6.290610786224818,-5.632716049382708,0.9481037924151696
2,L2,Stage-2 macro recall,fold01,486,-6.948505523066913,-5.632716049382708,0.9481037924151696
2,L2,Stage-2 macro recall,fold01,487,-5.961663417803777,-5.632716049382708,0.9481037924151696
2,L2,Stage-2 macro recall,fold01,488,-7.565789473684191,-5.632716049382708,0.9481037924151696
2,L2,Stage-2 macro recall,fold01,489,-7.565789473684191,-5.632716049382708,0.9481037924151696
2,L2,Stage-2 macro recall,fold01,490,-6.290610786224818,-5.632716049382708,0.9481037924151696
2,L2,Stage-2 macro recall,fold01,491,-6.290610786224818,-5.632716049382708,0.9481037924151696
2,L2,Stage-2 macro recall,fold01,492,-6.619558154645873,-5.632716049382708,0.9481037924151696
2,L2,Stage-2 macro recall,fold01,493,-5.632716049382708,-5.632716049382708,0.9481037924151696
2,L2,Stage-2 macro recall,fold01,494,-6.619558154645873,-5.632716049382708,0.9481037924151696
2,L2,Stage-2 macro recall,fold01,495,-7.89473684210526,-5.632716049382708,0.9481037924151696
2,L2,Stage-2 macro recall,fold01,496,-6.578947368421055,-5.632716049382708,0.9481037924151696
2,L2,Stage-2 macro recall,fold01,497,-6.290610786224818,-5.632716049382708,0.9481037924151696
2,L2,Stage-2 macro recall,fold01,498,-5.921052631578931,-5.632716049382708,0.9481037924151696
2,L2,Stage-2 macro recall,fold01,499,-6.948505523066913,-5.632716049382708,0.9481037924151696
2,L2,Stage-2 macro recall,fold01,500,-6.9078947368420955,-5.632716049382708,0.9481037924151696
2,L2,Stage-2 macro recall,fold02,1,-2.3195006747638303,-1.0205802968960853,0.9960079840319361
2,L2,Stage-2 macro recall,fold02,2,-3.9304993252361555,-1.0205802968960853,0.9960079840319361
2,L2,Stage-2 macro recall,fold02,3,-2.9605263157894655,-1.0205802968960853,0.9960079840319361
2,L2,Stage-2 macro recall,fold02,4,-3.2894736842105203,-1.0205802968960853,0.9960079840319361
2,L2,Stage-2 macro recall,fold02,5,-4.15605546123372,-1.0205802968960853,0.9960079840319361
2,L2,Stage-2 macro recall,fold02,6,-2.3363697705802906,-1.0205802968960853,0.9960079840319361
2,L2,Stage-2 macro recall,fold02,7,-1.9905533063427612,-1.0205802968960853,0.9960079840319361
2,L2,Stage-2 macro recall,fold02,8,-3.2894736842105203,-1.0205802968960853,0.9960079840319361
2,L2,Stage-2 macro recall,fold02,9,-2.6315789473684106,-1.0205802968960853,0.9960079840319361
2,L2,Stage-2 macro recall,fold02,10,-2.648448043184871,-1.0205802968960853,0.9960079840319361
2,L2,Stage-2 macro recall,fold02,11,-3.2894736842105203,-1.0205802968960853,0.9960079840319361
2,L2,Stage-2 macro recall,fold02,12,-3.618421052631561,-1.0205802968960853,0.9960079840319361
2,L2,Stage-2 macro recall,fold02,13,-2.977395411605926,-1.0205802968960853,0.9960079840319361
2,L2,Stage-2 macro recall,fold02,14,-2.6653171390013455,-1.0205802968960853,0.9960079840319361
2,L2,Stage-2 macro recall,fold02,15,-3.3063427800269807,-1.0205802968960853,0.9960079840319361
2,L2,Stage-2 macro recall,fold02,16,-2.3195006747638303,-1.0205802968960853,0.9960079840319361
2,L2,Stage-2 macro recall,fold02,17,-4.259446693657196,-1.0205802968960853,0.9960079840319361
2,L2,Stage-2 macro recall,fold02,18,-3.2894736842105203,-1.0205802968960853,0.9960079840319361
2,L2,Stage-2 macro recall,fold02,19,-2.977395411605926,-1.0205802968960853,0.9960079840319361
2,L2,Stage-2 macro recall,fold02,20,-3.94736842105263,-1.0205802968960853,0.9960079840319361
2,L2,Stage-2 macro recall,fold02,21,-3.601551956815115,-1.0205802968960853,0.9960079840319361
2,L2,Stage-2 macro recall,fold02,22,-3.618421052631561,-1.0205802968960853,0.9960079840319361
2,L2,Stage-2 macro recall,fold02,23,-2.3195006747638303,-1.0205802968960853,0.9960079840319361
2,L2,Stage-2 macro recall,fold02,24,-3.618421052631561,-1.0205802968960853,0.9960079840319361
2,L2,Stage-2 macro recall,fold02,25,-1.887162073919285,-1.0205802968960853,0.9960079840319361
2,L2,Stage-2 macro recall,fold02,26,-3.94736842105263,-1.0205802968960853,0.9960079840319361
2,L2,Stage-2 macro recall,fold02,27,-2.9605263157894655,-1.0205802968960853,0.9960079840319361
2,L2,Stage-2 macro recall,fold02,28,-3.18608245178703,-1.0205802968960853,0.9960079840319361
2,L2,Stage-2 macro recall,fold02,29,-2.3195006747638303,-1.0205802968960853,0.9960079840319361
2,L2,Stage-2 macro recall,fold02,30,-3.9304993252361555,-1.0205802968960853,0.9960079840319361
2,L2,Stage-2 macro recall,fold02,31,-1.349527665317126,-1.0205802968960853,0.9960079840319361
2,L2,Stage-2 macro recall,fold02,32,-4.485002829654789,-1.0205802968960853,0.9960079840319361
2,L2,Stage-2 macro recall,fold02,33,-2.30263157894737,-1.0205802968960853,0.9960079840319361
2,L2,Stage-2 macro recall,fold02,34,-3.9304993252361555,-1.0205802968960853,0.9960079840319361
2,L2,Stage-2 macro recall,fold02,35,-4.485002829654789,-1.0205802968960853,0.9960079840319361
2,L2,Stage-2 macro recall,fold02,36,-2.977395411605926,-1.0205802968960853,0.9960079840319361
2,L2,Stage-2 macro recall,fold02,37,-2.977395411605926,-1.0205802968960853,0.9960079840319361
2,L2,Stage-2 macro recall,fold02,38,-3.9304993252361555,-1.0205802968960853,0.9960079840319361
2,L2,Stage-2 macro recall,fold02,39,-3.618421052631561,-1.0205802968960853,0.9960079840319361
2,L2,Stage-2 macro recall,fold02,40,-3.18608245178703,-1.0205802968960853,0.9960079840319361
2,L2,Stage-2 macro recall,fold02,41,-3.8271080928126793,-1.0205802968960853,0.9960079840319361
2,L2,Stage-2 macro recall,fold02,42,-3.94736842105263,-1.0205802968960853,0.9960079840319361
2,L2,Stage-2 macro recall,fold02,43,-3.618421052631561,-1.0205802968960853,0.9960079840319361
2,L2,Stage-2 macro recall,fold02,44,-3.18608245178703,-1.0205802968960853,0.9960079840319361
2,L2,Stage-2 macro recall,fold02,45,-0.6916329284750304,-1.0205802968960853,0.9960079840319361
2,L2,Stage-2 macro recall,fold02,46,-2.648448043184871,-1.0205802968960853,0.9960079840319361
2,L2,Stage-2 macro recall,fold02,47,-2.0074224021592357,-1.0205802968960853,0.9960079840319361
2,L2,Stage-2 macro recall,fold02,48,-2.943657219973005,-1.0205802968960853,0.9960079840319361
2,L2,Stage-2 macro recall,fold02,49,-2.9605263157894655,-1.0205802968960853,0.9960079840319361
2,L2,Stage-2 macro recall,fold02,50,-3.94736842105263,-1.0205802968960853,0.9960079840319361
2,L2,Stage-2 macro recall,fold02,51,-4.259446693657196,-1.0205802968960853,0.9960079840319361
2,L2,Stage-2 macro recall,fold02,52,-2.9942645074224004,-1.0205802968960853,0.9960079840319361
2,L2,Stage-2 macro recall,fold02,53,-3.2726045883940458,-1.0205802968960853,0.9960079840319361
2,L2,Stage-2 macro recall,fold02,54,-3.94736842105263,-1.0205802968960853,0.9960079840319361
2,L2,Stage-2 macro recall,fold02,55,-3.618421052631561,-1.0205802968960853,0.9960079840319361
2,L2,Stage-2 macro recall,fold02,56,-3.94736842105263,-1.0205802968960853,0.9960079840319361
2,L2,Stage-2 macro recall,fold02,57,-2.3195006747638303,-1.0205802968960853,0.9960079840319361
2,L2,Stage-2 macro recall,fold02,58,-2.3195006747638303,-1.0205802968960853,0.9960079840319361
2,L2,Stage-2 macro recall,fold02,59,-1.349527665317126,-1.0205802968960853,0.9960079840319361
2,L2,Stage-2 macro recall,fold02,60,-3.2894736842105203,-1.0205802968960853,0.9960079840319361
2,L2,Stage-2 macro recall,fold02,61,-2.648448043184871,-1.0205802968960853,0.9960079840319361
2,L2,Stage-2 macro recall,fold02,62,-3.618421052631561,-1.0205802968960853,0.9960079840319361
2,L2,Stage-2 macro recall,fold02,63,-4.276315789473685,-1.0205802968960853,0.9960079840319361
2,L2,Stage-2 macro recall,fold02,64,-3.618421052631561,-1.0205802968960853,0.9960079840319361
2,L2,Stage-2 macro recall,fold02,65,-0.6916329284750304,-1.0205802968960853,0.9960079840319361
2,L2,Stage-2 macro recall,fold02,66,-2.9605263157894655,-1.0205802968960853,0.9960079840319361
2,L2,Stage-2 macro recall,fold02,67,-3.18608245178703,-1.0205802968960853,0.9960079840319361
2,L2,Stage-2 macro recall,fold02,68,-2.977395411605926,-1.0205802968960853,0.9960079840319361
2,L2,Stage-2 macro recall,fold02,69,-2.648448043184871,-1.0205802968960853,0.9960079840319361
2,L2,Stage-2 macro recall,fold02,70,-3.8271080928126793,-1.0205802968960853,0.9960079840319361
2,L2,Stage-2 macro recall,fold02,71,-1.9905533063427612,-1.0205802968960853,0.9960079840319361
2,L2,Stage-2 macro recall,fold02,72,-2.30263157894737,-1.0205802968960853,0.9960079840319361
2,L2,Stage-2 macro recall,fold02,73,-2.6315789473684106,-1.0205802968960853,0.9960079840319361
2,L2,Stage-2 macro recall,fold02,74,-2.9605263157894655,-1.0205802968960853,0.9960079840319361
2,L2,Stage-2 macro recall,fold02,75,-3.2894736842105203,-1.0205802968960853,0.9960079840319361
2,L2,Stage-2 macro recall,fold02,76,-5.126028470680424,-1.0205802968960853,0.9960079840319361
2,L2,Stage-2 macro recall,fold02,77,-2.9605263157894655,-1.0205802968960853,0.9960079840319361
2,L2,Stage-2 macro recall,fold02,78,-3.2894736842105203,-1.0205802968960853,0.9960079840319361
2,L2,Stage-2 macro recall,fold02,79,-3.618421052631561,-1.0205802968960853,0.9960079840319361
2,L2,Stage-2 macro recall,fold02,80,-2.5450568107613947,-1.0205802968960853,0.9960079840319361
2,L2,Stage-2 macro recall,fold02,81,-2.6315789473684106,-1.0205802968960853,0.9960079840319361
2,L2,Stage-2 macro recall,fold02,82,-2.648448043184871,-1.0205802968960853,0.9960079840319361
2,L2,Stage-2 macro recall,fold02,83,-2.9605263157894655,-1.0205802968960853,0.9960079840319361
2,L2,Stage-2 macro recall,fold02,84,-1.9905533063427612,-1.0205802968960853,0.9960079840319361
2,L2,Stage-2 macro recall,fold02,85,-3.9304993252361555,-1.0205802968960853,0.9960079840319361
2,L2,Stage-2 macro recall,fold02,86,-3.8271080928126793,-1.0205802968960853,0.9960079840319361
2,L2,Stage-2 macro recall,fold02,87,-3.2894736842105203,-1.0205802968960853,0.9960079840319361
2,L2,Stage-2 macro recall,fold02,88,-3.4981607243916244,-1.0205802968960853,0.9960079840319361
2,L2,Stage-2 macro recall,fold02,89,-4.259446693657196,-1.0205802968960853,0.9960079840319361
2,L2,Stage-2 macro recall,fold02,90,-3.3063427800269807,-1.0205802968960853,0.9960079840319361
2,L2,Stage-2 macro recall,fold02,91,-3.2894736842105203,-1.0205802968960853,0.9960079840319361
2,L2,Stage-2 macro recall,fold02,92,-1.6616059379217205,-1.0205802968960853,0.9960079840319361
2,L2,Stage-2 macro recall,fold02,93,-3.18608245178703,-1.0205802968960853,0.9960079840319361
2,L2,Stage-2 macro recall,fold02,94,-2.9605263157894655,-1.0205802968960853,0.9960079840319361
2,L2,Stage-2 macro recall,fold02,95,-4.15605546123372,-1.0205802968960853,0.9960079840319361
2,L2,Stage-2 macro recall,fold02,96,-4.813950198075844,-1.0205802968960853,0.9960079840319361
2,L2,Stage-2 macro recall,fold02,97,-1.9905533063427612,-1.0205802968960853,0.9960079840319361
2,L2,Stage-2 macro recall,fold02,98,-3.601551956815115,-1.0205802968960853,0.9960079840319361
2,L2,Stage-2 macro recall,fold02,99,-3.18608245178703,-1.0205802968960853,0.9960079840319361
2,L2,Stage-2 macro recall,fold02,100,-3.2894736842105203,-1.0205802968960853,0.9960079840319361
2,L2,Stage-2 macro recall,fold02,101,-3.9304993252361555,-1.0205802968960853,0.9960079840319361
2,L2,Stage-2 macro recall,fold02,102,-2.9605263157894655,-1.0205802968960853,0.9960079840319361
2,L2,Stage-2 macro recall,fold02,103,-2.9605263157894655,-1.0205802968960853,0.9960079840319361
2,L2,Stage-2 macro recall,fold02,104,-2.6315789473684106,-1.0205802968960853,0.9960079840319361
2,L2,Stage-2 macro recall,fold02,105,-2.9605263157894655,-1.0205802968960853,0.9960079840319361
2,L2,Stage-2 macro recall,fold02,106,-2.9605263157894655,-1.0205802968960853,0.9960079840319361
2,L2,Stage-2 macro recall,fold02,107,-3.8271080928126793,-1.0205802968960853,0.9960079840319361
2,L2,Stage-2 macro recall,fold02,108,-3.2894736842105203,-1.0205802968960853,0.9960079840319361
2,L2,Stage-2 macro recall,fold02,109,-2.3195006747638303,-1.0205802968960853,0.9960079840319361
2,L2,Stage-2 macro recall,fold02,110,-3.2894736842105203,-1.0205802968960853,0.9960079840319361
2,L2,Stage-2 macro recall,fold02,111,-3.4981607243916244,-1.0205802968960853,0.9960079840319361
2,L2,Stage-2 macro recall,fold02,112,-3.8439771886291396,-1.0205802968960853,0.9960079840319361
2,L2,Stage-2 macro recall,fold02,113,-3.2894736842105203,-1.0205802968960853,0.9960079840319361
2,L2,Stage-2 macro recall,fold02,114,-3.9304993252361555,-1.0205802968960853,0.9960079840319361
2,L2,Stage-2 macro recall,fold02,115,-2.3195006747638303,-1.0205802968960853,0.9960079840319361
2,L2,Stage-2 macro recall,fold02,116,-2.30263157894737,-1.0205802968960853,0.9960079840319361
2,L2,Stage-2 macro recall,fold02,117,-3.2894736842105203,-1.0205802968960853,0.9960079840319361
2,L2,Stage-2 macro recall,fold02,118,-4.588394062078265,-1.0205802968960853,0.9960079840319361
2,L2,Stage-2 macro recall,fold02,119,-3.618421052631561,-1.0205802968960853,0.9960079840319361
2,L2,Stage-2 macro recall,fold02,120,-2.648448043184871,-1.0205802968960853,0.9960079840319361
2,L2,Stage-2 macro recall,fold02,121,-3.4981607243916244,-1.0205802968960853,0.9960079840319361
2,L2,Stage-2 macro recall,fold02,122,-2.9605263157894655,-1.0205802968960853,0.9960079840319361
2,L2,Stage-2 macro recall,fold02,123,-2.6315789473684106,-1.0205802968960853,0.9960079840319361
2,L2,Stage-2 macro recall,fold02,124,-4.259446693657196,-1.0205802968960853,0.9960079840319361
2,L2,Stage-2 macro recall,fold02,125,-3.2894736842105203,-1.0205802968960853,0.9960079840319361
2,L2,Stage-2 macro recall,fold02,126,-2.977395411605926,-1.0205802968960853,0.9960079840319361
2,L2,Stage-2 macro recall,fold02,127,-3.3063427800269807,-1.0205802968960853,0.9960079840319361
2,L2,Stage-2 macro recall,fold02,128,-3.2894736842105203,-1.0205802968960853,0.9960079840319361
2,L2,Stage-2 macro recall,fold02,129,-3.94736842105263,-1.0205802968960853,0.9960079840319361
2,L2,Stage-2 macro recall,fold02,130,-2.648448043184871,-1.0205802968960853,0.9960079840319361
2,L2,Stage-2 macro recall,fold02,131,-3.1692133559705695,-1.0205802968960853,0.9960079840319361
2,L2,Stage-2 macro recall,fold02,132,-2.977395411605926,-1.0205802968960853,0.9960079840319361
2,L2,Stage-2 macro recall,fold02,133,-3.618421052631561,-1.0205802968960853,0.9960079840319361
2,L2,Stage-2 macro recall,fold02,134,-2.6315789473684106,-1.0205802968960853,0.9960079840319361
2,L2,Stage-2 macro recall,fold02,135,-2.3195006747638303,-1.0205802968960853,0.9960079840319361
2,L2,Stage-2 macro recall,fold02,136,-3.601551956815115,-1.0205802968960853,0.9960079840319361
2,L2,Stage-2 macro recall,fold02,137,-2.9605263157894655,-1.0205802968960853,0.9960079840319361
2,L2,Stage-2 macro recall,fold02,138,-2.6315789473684106,-1.0205802968960853,0.9960079840319361
2,L2,Stage-2 macro recall,fold02,139,-2.3195006747638303,-1.0205802968960853,0.9960079840319361
2,L2,Stage-2 macro recall,fold02,140,-3.618421052631561,-1.0205802968960853,0.9960079840319361
2,L2,Stage-2 macro recall,fold02,141,-3.2894736842105203,-1.0205802968960853,0.9960079840319361
2,L2,Stage-2 macro recall,fold02,142,-4.485002829654789,-1.0205802968960853,0.9960079840319361
2,L2,Stage-2 macro recall,fold02,143,-1.9905533063427612,-1.0205802968960853,0.9960079840319361
2,L2,Stage-2 macro recall,fold02,144,-4.485002829654789,-1.0205802968960853,0.9960079840319361
2,L2,Stage-2 macro recall,fold02,145,-3.618421052631561,-1.0205802968960853,0.9960079840319361
2,L2,Stage-2 macro recall,fold02,146,-3.4981607243916244,-1.0205802968960853,0.9960079840319361
2,L2,Stage-2 macro recall,fold02,147,-3.3063427800269807,-1.0205802968960853,0.9960079840319361
2,L2,Stage-2 macro recall,fold02,148,-3.2894736842105203,-1.0205802968960853,0.9960079840319361
2,L2,Stage-2 macro recall,fold02,149,-3.601551956815115,-1.0205802968960853,0.9960079840319361
2,L2,Stage-2 macro recall,fold02,150,-2.6315789473684106,-1.0205802968960853,0.9960079840319361
2,L2,Stage-2 macro recall,fold02,151,-2.0074224021592357,-1.0205802968960853,0.9960079840319361
2,L2,Stage-2 macro recall,fold02,152,-3.601551956815115,-1.0205802968960853,0.9960079840319361
2,L2,Stage-2 macro recall,fold02,153,-3.9304993252361555,-1.0205802968960853,0.9960079840319361
2,L2,Stage-2 macro recall,fold02,154,-3.2894736842105203,-1.0205802968960853,0.9960079840319361
2,L2,Stage-2 macro recall,fold02,155,-1.9905533063427612,-1.0205802968960853,0.9960079840319361
2,L2,Stage-2 macro recall,fold02,156,-2.977395411605926,-1.0205802968960853,0.9960079840319361
2,L2,Stage-2 macro recall,fold02,157,-3.2726045883940458,-1.0205802968960853,0.9960079840319361
2,L2,Stage-2 macro recall,fold02,158,-1.6616059379217205,-1.0205802968960853,0.9960079840319361
2,L2,Stage-2 macro recall,fold02,159,-3.618421052631561,-1.0205802968960853,0.9960079840319361
2,L2,Stage-2 macro recall,fold02,160,-2.648448043184871,-1.0205802968960853,0.9960079840319361
2,L2,Stage-2 macro recall,fold02,161,-3.3063427800269807,-1.0205802968960853,0.9960079840319361
2,L2,Stage-2 macro recall,fold02,162,-3.94736842105263,-1.0205802968960853,0.9960079840319361
2,L2,Stage-2 macro recall,fold02,163,-1.9905533063427612,-1.0205802968960853,0.9960079840319361
2,L2,Stage-2 macro recall,fold02,164,-3.601551956815115,-1.0205802968960853,0.9960079840319361
2,L2,Stage-2 macro recall,fold02,165,-2.3195006747638303,-1.0205802968960853,0.9960079840319361
2,L2,Stage-2 macro recall,fold02,166,-3.9304993252361555,-1.0205802968960853,0.9960079840319361
2,L2,Stage-2 macro recall,fold02,167,-1.6784750337381809,-1.0205802968960853,0.9960079840319361
2,L2,Stage-2 macro recall,fold02,168,-2.9605263157894655,-1.0205802968960853,0.9960079840319361
2,L2,Stage-2 macro recall,fold02,169,-1.6784750337381809,-1.0205802968960853,0.9960079840319361
2,L2,Stage-2 macro recall,fold02,170,-3.4981607243916244,-1.0205802968960853,0.9960079840319361
2,L2,Stage-2 macro recall,fold02,171,-3.618421052631561,-1.0205802968960853,0.9960079840319361
2,L2,Stage-2 macro recall,fold02,172,-2.6315789473684106,-1.0205802968960853,0.9960079840319361
2,L2,Stage-2 macro recall,fold02,173,-3.618421052631561,-1.0205802968960853,0.9960079840319361
2,L2,Stage-2 macro recall,fold02,174,-3.4981607243916244,-1.0205802968960853,0.9960079840319361
2,L2,Stage-2 macro recall,fold02,175,-3.3063427800269807,-1.0205802968960853,0.9960079840319361
2,L2,Stage-2 macro recall,fold02,176,-1.6784750337381809,-1.0205802968960853,0.9960079840319361
2,L2,Stage-2 macro recall,fold02,177,-2.3195006747638303,-1.0205802968960853,0.9960079840319361
2,L2,Stage-2 macro recall,fold02,178,-2.3195006747638303,-1.0205802968960853,0.9960079840319361
2,L2,Stage-2 macro recall,fold02,179,-3.618421052631561,-1.0205802968960853,0.9960079840319361
2,L2,Stage-2 macro recall,fold02,180,-3.618421052631561,-1.0205802968960853,0.9960079840319361
2,L2,Stage-2 macro recall,fold02,181,-2.648448043184871,-1.0205802968960853,0.9960079840319361
2,L2,Stage-2 macro recall,fold02,182,-3.2894736842105203,-1.0205802968960853,0.9960079840319361
2,L2,Stage-2 macro recall,fold02,183,-1.6784750337381809,-1.0205802968960853,0.9960079840319361
2,L2,Stage-2 macro recall,fold02,184,-3.2894736842105203,-1.0205802968960853,0.9960079840319361
2,L2,Stage-2 macro recall,fold02,185,-4.259446693657196,-1.0205802968960853,0.9960079840319361
2,L2,Stage-2 macro recall,fold02,186,-3.2894736842105203,-1.0205802968960853,0.9960079840319361
2,L2,Stage-2 macro recall,fold02,187,-3.2894736842105203,-1.0205802968960853,0.9960079840319361
2,L2,Stage-2 macro recall,fold02,188,-3.2894736842105203,-1.0205802968960853,0.9960079840319361
2,L2,Stage-2 macro recall,fold02,189,-2.9605263157894655,-1.0205802968960853,0.9960079840319361
2,L2,Stage-2 macro recall,fold02,190,-1.9905533063427612,-1.0205802968960853,0.9960079840319361
2,L2,Stage-2 macro recall,fold02,191,-3.9304993252361555,-1.0205802968960853,0.9960079840319361
2,L2,Stage-2 macro recall,fold02,192,-2.3195006747638303,-1.0205802968960853,0.9960079840319361
2,L2,Stage-2 macro recall,fold02,193,-3.9304993252361555,-1.0205802968960853,0.9960079840319361
2,L2,Stage-2 macro recall,fold02,194,-4.588394062078265,-1.0205802968960853,0.9960079840319361
2,L2,Stage-2 macro recall,fold02,195,-2.9605263157894655,-1.0205802968960853,0.9960079840319361
2,L2,Stage-2 macro recall,fold02,196,-4.259446693657196,-1.0205802968960853,0.9960079840319361
2,L2,Stage-2 macro recall,fold02,197,-1.6616059379217205,-1.0205802968960853,0.9960079840319361
2,L2,Stage-2 macro recall,fold02,198,-3.5150298202080847,-1.0205802968960853,0.9960079840319361
2,L2,Stage-2 macro recall,fold02,199,-3.94736842105263,-1.0205802968960853,0.9960079840319361
2,L2,Stage-2 macro recall,fold02,200,-2.9605263157894655,-1.0205802968960853,0.9960079840319361
2,L2,Stage-2 macro recall,fold02,201,-2.648448043184871,-1.0205802968960853,0.9960079840319361
2,L2,Stage-2 macro recall,fold02,202,-3.618421052631561,-1.0205802968960853,0.9960079840319361
2,L2,Stage-2 macro recall,fold02,203,-2.648448043184871,-1.0205802968960853,0.9960079840319361
2,L2,Stage-2 macro recall,fold02,204,-2.6315789473684106,-1.0205802968960853,0.9960079840319361
2,L2,Stage-2 macro recall,fold02,205,-2.3195006747638303,-1.0205802968960853,0.9960079840319361
2,L2,Stage-2 macro recall,fold02,206,-3.618421052631561,-1.0205802968960853,0.9960079840319361
2,L2,Stage-2 macro recall,fold02,207,-4.485002829654789,-1.0205802968960853,0.9960079840319361
2,L2,Stage-2 macro recall,fold02,208,-2.3195006747638303,-1.0205802968960853,0.9960079840319361
2,L2,Stage-2 macro recall,fold02,209,-3.601551956815115,-1.0205802968960853,0.9960079840319361
2,L2,Stage-2 macro recall,fold02,210,-3.94736842105263,-1.0205802968960853,0.9960079840319361
2,L2,Stage-2 macro recall,fold02,211,-3.3063427800269807,-1.0205802968960853,0.9960079840319361
2,L2,Stage-2 macro recall,fold02,212,-2.6315789473684106,-1.0205802968960853,0.9960079840319361
2,L2,Stage-2 macro recall,fold02,213,-2.0074224021592357,-1.0205802968960853,0.9960079840319361
2,L2,Stage-2 macro recall,fold02,214,-3.618421052631561,-1.0205802968960853,0.9960079840319361
2,L2,Stage-2 macro recall,fold02,215,-3.2894736842105203,-1.0205802968960853,0.9960079840319361
2,L2,Stage-2 macro recall,fold02,216,-2.9605263157894655,-1.0205802968960853,0.9960079840319361
2,L2,Stage-2 macro recall,fold02,217,-2.9605263157894655,-1.0205802968960853,0.9960079840319361
2,L2,Stage-2 macro recall,fold02,218,-2.0074224021592357,-1.0205802968960853,0.9960079840319361
2,L2,Stage-2 macro recall,fold02,219,-3.9304993252361555,-1.0205802968960853,0.9960079840319361
2,L2,Stage-2 macro recall,fold02,220,-2.9605263157894655,-1.0205802968960853,0.9960079840319361
2,L2,Stage-2 macro recall,fold02,221,-2.3363697705802906,-1.0205802968960853,0.9960079840319361
2,L2,Stage-2 macro recall,fold02,222,-2.9605263157894655,-1.0205802968960853,0.9960079840319361
2,L2,Stage-2 macro recall,fold02,223,-3.618421052631561,-1.0205802968960853,0.9960079840319361
2,L2,Stage-2 macro recall,fold02,224,-4.259446693657196,-1.0205802968960853,0.9960079840319361
2,L2,Stage-2 macro recall,fold02,225,-4.13918636541726,-1.0205802968960853,0.9960079840319361
2,L2,Stage-2 macro recall,fold02,226,-3.2894736842105203,-1.0205802968960853,0.9960079840319361
2,L2,Stage-2 macro recall,fold02,227,-1.6616059379217205,-1.0205802968960853,0.9960079840319361
2,L2,Stage-2 macro recall,fold02,228,-3.18608245178703,-1.0205802968960853,0.9960079840319361
2,L2,Stage-2 macro recall,fold02,229,-2.977395411605926,-1.0205802968960853,0.9960079840319361
2,L2,Stage-2 macro recall,fold02,230,-2.9605263157894655,-1.0205802968960853,0.9960079840319361
2,L2,Stage-2 macro recall,fold02,231,-4.15605546123372,-1.0205802968960853,0.9960079840319361
2,L2,Stage-2 macro recall,fold02,232,-2.977395411605926,-1.0205802968960853,0.9960079840319361
2,L2,Stage-2 macro recall,fold02,233,-3.8271080928126793,-1.0205802968960853,0.9960079840319361
2,L2,Stage-2 macro recall,fold02,234,-3.618421052631561,-1.0205802968960853,0.9960079840319361
2,L2,Stage-2 macro recall,fold02,235,-3.6352901484480498,-1.0205802968960853,0.9960079840319361
2,L2,Stage-2 macro recall,fold02,236,-2.648448043184871,-1.0205802968960853,0.9960079840319361
2,L2,Stage-2 macro recall,fold02,237,-3.6352901484480498,-1.0205802968960853,0.9960079840319361
2,L2,Stage-2 macro recall,fold02,238,-2.977395411605926,-1.0205802968960853,0.9960079840319361
2,L2,Stage-2 macro recall,fold02,239,-1.9905533063427612,-1.0205802968960853,0.9960079840319361
2,L2,Stage-2 macro recall,fold02,240,-4.259446693657196,-1.0205802968960853,0.9960079840319361
2,L2,Stage-2 macro recall,fold02,241,-3.2894736842105203,-1.0205802968960853,0.9960079840319361
2,L2,Stage-2 macro recall,fold02,242,-2.3195006747638303,-1.0205802968960853,0.9960079840319361
2,L2,Stage-2 macro recall,fold02,243,-3.618421052631561,-1.0205802968960853,0.9960079840319361
2,L2,Stage-2 macro recall,fold02,244,-2.9605263157894655,-1.0205802968960853,0.9960079840319361
2,L2,Stage-2 macro recall,fold02,245,-2.6653171390013455,-1.0205802968960853,0.9960079840319361
2,L2,Stage-2 macro recall,fold02,246,-2.9605263157894655,-1.0205802968960853,0.9960079840319361
2,L2,Stage-2 macro recall,fold02,247,-2.977395411605926,-1.0205802968960853,0.9960079840319361
2,L2,Stage-2 macro recall,fold02,248,-2.648448043184871,-1.0205802968960853,0.9960079840319361
2,L2,Stage-2 macro recall,fold02,249,-2.977395411605926,-1.0205802968960853,0.9960079840319361
2,L2,Stage-2 macro recall,fold02,250,-3.6352901484480498,-1.0205802968960853,0.9960079840319361
2,L2,Stage-2 macro recall,fold02,251,-2.9605263157894655,-1.0205802968960853,0.9960079840319361
2,L2,Stage-2 macro recall,fold02,252,-2.6315789473684106,-1.0205802968960853,0.9960079840319361
2,L2,Stage-2 macro recall,fold02,253,-2.648448043184871,-1.0205802968960853,0.9960079840319361
2,L2,Stage-2 macro recall,fold02,254,-2.3195006747638303,-1.0205802968960853,0.9960079840319361
2,L2,Stage-2 macro recall,fold02,255,-3.618421052631561,-1.0205802968960853,0.9960079840319361
2,L2,Stage-2 macro recall,fold02,256,-3.2894736842105203,-1.0205802968960853,0.9960079840319361
2,L2,Stage-2 macro recall,fold02,257,-3.3063427800269807,-1.0205802968960853,0.9960079840319361
2,L2,Stage-2 macro recall,fold02,258,-3.6352901484480498,-1.0205802968960853,0.9960079840319361
2,L2,Stage-2 macro recall,fold02,259,-3.8271080928126793,-1.0205802968960853,0.9960079840319361
2,L2,Stage-2 macro recall,fold02,260,-3.94736842105263,-1.0205802968960853,0.9960079840319361
2,L2,Stage-2 macro recall,fold02,261,-3.3063427800269807,-1.0205802968960853,0.9960079840319361
2,L2,Stage-2 macro recall,fold02,262,-2.857135083365989,-1.0205802968960853,0.9960079840319361
2,L2,Stage-2 macro recall,fold02,263,-2.977395411605926,-1.0205802968960853,0.9960079840319361
2,L2,Stage-2 macro recall,fold02,264,-2.977395411605926,-1.0205802968960853,0.9960079840319361
2,L2,Stage-2 macro recall,fold02,265,-3.601551956815115,-1.0205802968960853,0.9960079840319361
2,L2,Stage-2 macro recall,fold02,266,-2.6315789473684106,-1.0205802968960853,0.9960079840319361
2,L2,Stage-2 macro recall,fold02,267,-3.618421052631561,-1.0205802968960853,0.9960079840319361
2,L2,Stage-2 macro recall,fold02,268,-3.2894736842105203,-1.0205802968960853,0.9960079840319361
2,L2,Stage-2 macro recall,fold02,269,-4.485002829654789,-1.0205802968960853,0.9960079840319361
2,L2,Stage-2 macro recall,fold02,270,-2.9605263157894655,-1.0205802968960853,0.9960079840319361
2,L2,Stage-2 macro recall,fold02,271,-2.9605263157894655,-1.0205802968960853,0.9960079840319361
2,L2,Stage-2 macro recall,fold02,272,-2.977395411605926,-1.0205802968960853,0.9960079840319361
2,L2,Stage-2 macro recall,fold02,273,-3.9304993252361555,-1.0205802968960853,0.9960079840319361
2,L2,Stage-2 macro recall,fold02,274,-1.6616059379217205,-1.0205802968960853,0.9960079840319361
2,L2,Stage-2 macro recall,fold02,275,-3.94736842105263,-1.0205802968960853,0.9960079840319361
2,L2,Stage-2 macro recall,fold02,276,-1.6784750337381809,-1.0205802968960853,0.9960079840319361
2,L2,Stage-2 macro recall,fold02,277,-4.259446693657196,-1.0205802968960853,0.9960079840319361
2,L2,Stage-2 macro recall,fold02,278,-3.618421052631561,-1.0205802968960853,0.9960079840319361
2,L2,Stage-2 macro recall,fold02,279,-3.94736842105263,-1.0205802968960853,0.9960079840319361
2,L2,Stage-2 macro recall,fold02,280,-2.0074224021592357,-1.0205802968960853,0.9960079840319361
2,L2,Stage-2 macro recall,fold02,281,-2.52818771494492,-1.0205802968960853,0.9960079840319361
2,L2,Stage-2 macro recall,fold02,282,-2.6315789473684106,-1.0205802968960853,0.9960079840319361
2,L2,Stage-2 macro recall,fold02,283,-2.977395411605926,-1.0205802968960853,0.9960079840319361
2,L2,Stage-2 macro recall,fold02,284,-2.6653171390013455,-1.0205802968960853,0.9960079840319361
2,L2,Stage-2 macro recall,fold02,285,-3.2894736842105203,-1.0205802968960853,0.9960079840319361
2,L2,Stage-2 macro recall,fold02,286,-3.9304993252361555,-1.0205802968960853,0.9960079840319361
2,L2,Stage-2 macro recall,fold02,287,-3.2894736842105203,-1.0205802968960853,0.9960079840319361
2,L2,Stage-2 macro recall,fold02,288,-2.3195006747638303,-1.0205802968960853,0.9960079840319361
2,L2,Stage-2 macro recall,fold02,289,-3.618421052631561,-1.0205802968960853,0.9960079840319361
2,L2,Stage-2 macro recall,fold02,290,-3.2894736842105203,-1.0205802968960853,0.9960079840319361
2,L2,Stage-2 macro recall,fold02,291,-3.618421052631561,-1.0205802968960853,0.9960079840319361
2,L2,Stage-2 macro recall,fold02,292,-2.3195006747638303,-1.0205802968960853,0.9960079840319361
2,L2,Stage-2 macro recall,fold02,293,-4.276315789473685,-1.0205802968960853,0.9960079840319361
2,L2,Stage-2 macro recall,fold02,294,-3.4981607243916244,-1.0205802968960853,0.9960079840319361
2,L2,Stage-2 macro recall,fold02,295,-2.9605263157894655,-1.0205802968960853,0.9960079840319361
2,L2,Stage-2 macro recall,fold02,296,-2.9942645074224004,-1.0205802968960853,0.9960079840319361
2,L2,Stage-2 macro recall,fold02,297,-4.276315789473685,-1.0205802968960853,0.9960079840319361
2,L2,Stage-2 macro recall,fold02,298,-2.648448043184871,-1.0205802968960853,0.9960079840319361
2,L2,Stage-2 macro recall,fold02,299,-2.977395411605926,-1.0205802968960853,0.9960079840319361
2,L2,Stage-2 macro recall,fold02,300,-4.259446693657196,-1.0205802968960853,0.9960079840319361
2,L2,Stage-2 macro recall,fold02,301,-2.52818771494492,-1.0205802968960853,0.9960079840319361
2,L2,Stage-2 macro recall,fold02,302,-3.601551956815115,-1.0205802968960853,0.9960079840319361
2,L2,Stage-2 macro recall,fold02,303,-2.977395411605926,-1.0205802968960853,0.9960079840319361
2,L2,Stage-2 macro recall,fold02,304,-3.618421052631561,-1.0205802968960853,0.9960079840319361
2,L2,Stage-2 macro recall,fold02,305,-3.2894736842105203,-1.0205802968960853,0.9960079840319361
2,L2,Stage-2 macro recall,fold02,306,-3.9304993252361555,-1.0205802968960853,0.9960079840319361
2,L2,Stage-2 macro recall,fold02,307,-2.648448043184871,-1.0205802968960853,0.9960079840319361
2,L2,Stage-2 macro recall,fold02,308,-3.3063427800269807,-1.0205802968960853,0.9960079840319361
2,L2,Stage-2 macro recall,fold02,309,-2.6315789473684106,-1.0205802968960853,0.9960079840319361
2,L2,Stage-2 macro recall,fold02,310,-2.0074224021592357,-1.0205802968960853,0.9960079840319361
2,L2,Stage-2 macro recall,fold02,311,-4.259446693657196,-1.0205802968960853,0.9960079840319361
2,L2,Stage-2 macro recall,fold02,312,-1.6616059379217205,-1.0205802968960853,0.9960079840319361
2,L2,Stage-2 macro recall,fold02,313,-3.2894736842105203,-1.0205802968960853,0.9960079840319361
2,L2,Stage-2 macro recall,fold02,314,-3.601551956815115,-1.0205802968960853,0.9960079840319361
2,L2,Stage-2 macro recall,fold02,315,-2.9605263157894655,-1.0205802968960853,0.9960079840319361
2,L2,Stage-2 macro recall,fold02,316,-3.8271080928126793,-1.0205802968960853,0.9960079840319361
2,L2,Stage-2 macro recall,fold02,317,-2.3195006747638303,-1.0205802968960853,0.9960079840319361
2,L2,Stage-2 macro recall,fold02,318,-2.6315789473684106,-1.0205802968960853,0.9960079840319361
2,L2,Stage-2 macro recall,fold02,319,-3.2894736842105203,-1.0205802968960853,0.9960079840319361
2,L2,Stage-2 macro recall,fold02,320,-3.618421052631561,-1.0205802968960853,0.9960079840319361
2,L2,Stage-2 macro recall,fold02,321,-2.9942645074224004,-1.0205802968960853,0.9960079840319361
2,L2,Stage-2 macro recall,fold02,322,-2.648448043184871,-1.0205802968960853,0.9960079840319361
2,L2,Stage-2 macro recall,fold02,323,-2.30263157894737,-1.0205802968960853,0.9960079840319361
2,L2,Stage-2 macro recall,fold02,324,-1.9905533063427612,-1.0205802968960853,0.9960079840319361
2,L2,Stage-2 macro recall,fold02,325,-3.618421052631561,-1.0205802968960853,0.9960079840319361
2,L2,Stage-2 macro recall,fold02,326,-2.9605263157894655,-1.0205802968960853,0.9960079840319361
2,L2,Stage-2 macro recall,fold02,327,-2.8402659875495146,-1.0205802968960853,0.9960079840319361
2,L2,Stage-2 macro recall,fold02,328,-2.3363697705802906,-1.0205802968960853,0.9960079840319361
2,L2,Stage-2 macro recall,fold02,329,-2.9605263157894655,-1.0205802968960853,0.9960079840319361
2,L2,Stage-2 macro recall,fold02,330,-3.618421052631561,-1.0205802968960853,0.9960079840319361
2,L2,Stage-2 macro recall,fold02,331,-3.601551956815115,-1.0205802968960853,0.9960079840319361
2,L2,Stage-2 macro recall,fold02,332,-3.2894736842105203,-1.0205802968960853,0.9960079840319361
2,L2,Stage-2 macro recall,fold02,333,-2.9605263157894655,-1.0205802968960853,0.9960079840319361
2,L2,Stage-2 macro recall,fold02,334,-2.648448043184871,-1.0205802968960853,0.9960079840319361
2,L2,Stage-2 macro recall,fold02,335,-4.605263157894726,-1.0205802968960853,0.9960079840319361
2,L2,Stage-2 macro recall,fold02,336,-3.2894736842105203,-1.0205802968960853,0.9960079840319361
2,L2,Stage-2 macro recall,fold02,337,-3.1692133559705695,-1.0205802968960853,0.9960079840319361
2,L2,Stage-2 macro recall,fold02,338,-3.601551956815115,-1.0205802968960853,0.9960079840319361
2,L2,Stage-2 macro recall,fold02,339,-3.8271080928126793,-1.0205802968960853,0.9960079840319361
2,L2,Stage-2 macro recall,fold02,340,-3.618421052631561,-1.0205802968960853,0.9960079840319361
2,L2,Stage-2 macro recall,fold02,341,-2.648448043184871,-1.0205802968960853,0.9960079840319361
2,L2,Stage-2 macro recall,fold02,342,-4.91734143049932,-1.0205802968960853,0.9960079840319361
2,L2,Stage-2 macro recall,fold02,343,-2.9605263157894655,-1.0205802968960853,0.9960079840319361
2,L2,Stage-2 macro recall,fold02,344,-3.8271080928126793,-1.0205802968960853,0.9960079840319361
2,L2,Stage-2 macro recall,fold02,345,-1.349527665317126,-1.0205802968960853,0.9960079840319361
2,L2,Stage-2 macro recall,fold02,346,-3.2894736842105203,-1.0205802968960853,0.9960079840319361
2,L2,Stage-2 macro recall,fold02,347,-2.6315789473684106,-1.0205802968960853,0.9960079840319361
2,L2,Stage-2 macro recall,fold02,348,-2.52818771494492,-1.0205802968960853,0.9960079840319361
2,L2,Stage-2 macro recall,fold02,349,-3.8439771886291396,-1.0205802968960853,0.9960079840319361
2,L2,Stage-2 macro recall,fold02,350,-1.9905533063427612,-1.0205802968960853,0.9960079840319361
2,L2,Stage-2 macro recall,fold02,351,-3.9304993252361555,-1.0205802968960853,0.9960079840319361
2,L2,Stage-2 macro recall,fold02,352,-2.648448043184871,-1.0205802968960853,0.9960079840319361
2,L2,Stage-2 macro recall,fold02,353,-2.0074224021592357,-1.0205802968960853,0.9960079840319361
2,L2,Stage-2 macro recall,fold02,354,-1.9905533063427612,-1.0205802968960853,0.9960079840319361
2,L2,Stage-2 macro recall,fold02,355,-4.13918636541726,-1.0205802968960853,0.9960079840319361
2,L2,Stage-2 macro recall,fold02,356,-3.9304993252361555,-1.0205802968960853,0.9960079840319361
2,L2,Stage-2 macro recall,fold02,357,-2.6653171390013455,-1.0205802968960853,0.9960079840319361
2,L2,Stage-2 macro recall,fold02,358,-3.9304993252361555,-1.0205802968960853,0.9960079840319361
2,L2,Stage-2 macro recall,fold02,359,-3.618421052631561,-1.0205802968960853,0.9960079840319361
2,L2,Stage-2 macro recall,fold02,360,-2.977395411605926,-1.0205802968960853,0.9960079840319361
2,L2,Stage-2 macro recall,fold02,361,-3.601551956815115,-1.0205802968960853,0.9960079840319361
2,L2,Stage-2 macro recall,fold02,362,-3.618421052631561,-1.0205802968960853,0.9960079840319361
2,L2,Stage-2 macro recall,fold02,363,-3.6352901484480498,-1.0205802968960853,0.9960079840319361
2,L2,Stage-2 macro recall,fold02,364,-4.605263157894726,-1.0205802968960853,0.9960079840319361
2,L2,Stage-2 macro recall,fold02,365,-2.977395411605926,-1.0205802968960853,0.9960079840319361
2,L2,Stage-2 macro recall,fold02,366,-3.2894736842105203,-1.0205802968960853,0.9960079840319361
2,L2,Stage-2 macro recall,fold02,367,-2.3195006747638303,-1.0205802968960853,0.9960079840319361
2,L2,Stage-2 macro recall,fold02,368,-4.259446693657196,-1.0205802968960853,0.9960079840319361
2,L2,Stage-2 macro recall,fold02,369,-2.977395411605926,-1.0205802968960853,0.9960079840319361
2,L2,Stage-2 macro recall,fold02,370,-4.259446693657196,-1.0205802968960853,0.9960079840319361
2,L2,Stage-2 macro recall,fold02,371,-3.94736842105263,-1.0205802968960853,0.9960079840319361
2,L2,Stage-2 macro recall,fold02,372,-2.3363697705802906,-1.0205802968960853,0.9960079840319361
2,L2,Stage-2 macro recall,fold02,373,-3.2894736842105203,-1.0205802968960853,0.9960079840319361
2,L2,Stage-2 macro recall,fold02,374,-2.6315789473684106,-1.0205802968960853,0.9960079840319361
2,L2,Stage-2 macro recall,fold02,375,-2.3195006747638303,-1.0205802968960853,0.9960079840319361
2,L2,Stage-2 macro recall,fold02,376,-3.2894736842105203,-1.0205802968960853,0.9960079840319361
2,L2,Stage-2 macro recall,fold02,377,-2.977395411605926,-1.0205802968960853,0.9960079840319361
2,L2,Stage-2 macro recall,fold02,378,-2.648448043184871,-1.0205802968960853,0.9960079840319361
2,L2,Stage-2 macro recall,fold02,379,-3.618421052631561,-1.0205802968960853,0.9960079840319361
2,L2,Stage-2 macro recall,fold02,380,-2.9605263157894655,-1.0205802968960853,0.9960079840319361
2,L2,Stage-2 macro recall,fold02,381,-1.9905533063427612,-1.0205802968960853,0.9960079840319361
2,L2,Stage-2 macro recall,fold02,382,-2.9605263157894655,-1.0205802968960853,0.9960079840319361
2,L2,Stage-2 macro recall,fold02,383,-3.618421052631561,-1.0205802968960853,0.9960079840319361
2,L2,Stage-2 macro recall,fold02,384,-2.0074224021592357,-1.0205802968960853,0.9960079840319361
2,L2,Stage-2 macro recall,fold02,385,-3.6352901484480498,-1.0205802968960853,0.9960079840319361
2,L2,Stage-2 macro recall,fold02,386,-3.8271080928126793,-1.0205802968960853,0.9960079840319361
2,L2,Stage-2 macro recall,fold02,387,-3.2894736842105203,-1.0205802968960853,0.9960079840319361
2,L2,Stage-2 macro recall,fold02,388,-3.2894736842105203,-1.0205802968960853,0.9960079840319361
2,L2,Stage-2 macro recall,fold02,389,-2.3195006747638303,-1.0205802968960853,0.9960079840319361
2,L2,Stage-2 macro recall,fold02,390,-4.259446693657196,-1.0205802968960853,0.9960079840319361
2,L2,Stage-2 macro recall,fold02,391,-3.618421052631561,-1.0205802968960853,0.9960079840319361
2,L2,Stage-2 macro recall,fold02,392,-1.9905533063427612,-1.0205802968960853,0.9960079840319361
2,L2,Stage-2 macro recall,fold02,393,-3.618421052631561,-1.0205802968960853,0.9960079840319361
2,L2,Stage-2 macro recall,fold02,394,-2.9605263157894655,-1.0205802968960853,0.9960079840319361
2,L2,Stage-2 macro recall,fold02,395,-2.9605263157894655,-1.0205802968960853,0.9960079840319361
2,L2,Stage-2 macro recall,fold02,396,-3.18608245178703,-1.0205802968960853,0.9960079840319361
2,L2,Stage-2 macro recall,fold02,397,-3.6352901484480498,-1.0205802968960853,0.9960079840319361
2,L2,Stage-2 macro recall,fold02,398,-3.2894736842105203,-1.0205802968960853,0.9960079840319361
2,L2,Stage-2 macro recall,fold02,399,-1.6784750337381809,-1.0205802968960853,0.9960079840319361
2,L2,Stage-2 macro recall,fold02,400,-4.17292455705018,-1.0205802968960853,0.9960079840319361
2,L2,Stage-2 macro recall,fold02,401,-2.648448043184871,-1.0205802968960853,0.9960079840319361
2,L2,Stage-2 macro recall,fold02,402,-2.9605263157894655,-1.0205802968960853,0.9960079840319361
2,L2,Stage-2 macro recall,fold02,403,-2.3363697705802906,-1.0205802968960853,0.9960079840319361
2,L2,Stage-2 macro recall,fold02,404,-2.9605263157894655,-1.0205802968960853,0.9960079840319361
2,L2,Stage-2 macro recall,fold02,405,-2.977395411605926,-1.0205802968960853,0.9960079840319361
2,L2,Stage-2 macro recall,fold02,406,-3.601551956815115,-1.0205802968960853,0.9960079840319361
2,L2,Stage-2 macro recall,fold02,407,-2.9605263157894655,-1.0205802968960853,0.9960079840319361
2,L2,Stage-2 macro recall,fold02,408,-2.977395411605926,-1.0205802968960853,0.9960079840319361
2,L2,Stage-2 macro recall,fold02,409,-3.18608245178703,-1.0205802968960853,0.9960079840319361
2,L2,Stage-2 macro recall,fold02,410,-3.2894736842105203,-1.0205802968960853,0.9960079840319361
2,L2,Stage-2 macro recall,fold02,411,-2.943657219973005,-1.0205802968960853,0.9960079840319361
2,L2,Stage-2 macro recall,fold02,412,-2.648448043184871,-1.0205802968960853,0.9960079840319361
2,L2,Stage-2 macro recall,fold02,413,-3.618421052631561,-1.0205802968960853,0.9960079840319361
2,L2,Stage-2 macro recall,fold02,414,-3.601551956815115,-1.0205802968960853,0.9960079840319361
2,L2,Stage-2 macro recall,fold02,415,-2.6315789473684106,-1.0205802968960853,0.9960079840319361
2,L2,Stage-2 macro recall,fold02,416,-2.9605263157894655,-1.0205802968960853,0.9960079840319361
2,L2,Stage-2 macro recall,fold02,417,-2.977395411605926,-1.0205802968960853,0.9960079840319361
2,L2,Stage-2 macro recall,fold02,418,-3.2894736842105203,-1.0205802968960853,0.9960079840319361
2,L2,Stage-2 macro recall,fold02,419,-4.4681337338383145,-1.0205802968960853,0.9960079840319361
2,L2,Stage-2 macro recall,fold02,420,-4.813950198075844,-1.0205802968960853,0.9960079840319361
2,L2,Stage-2 macro recall,fold02,421,-1.6784750337381809,-1.0205802968960853,0.9960079840319361
2,L2,Stage-2 macro recall,fold02,422,-3.2894736842105203,-1.0205802968960853,0.9960079840319361
2,L2,Stage-2 macro recall,fold02,423,-3.2894736842105203,-1.0205802968960853,0.9960079840319361
2,L2,Stage-2 macro recall,fold02,424,-4.259446693657196,-1.0205802968960853,0.9960079840319361
2,L2,Stage-2 macro recall,fold02,425,-3.94736842105263,-1.0205802968960853,0.9960079840319361
2,L2,Stage-2 macro recall,fold02,426,-3.2894736842105203,-1.0205802968960853,0.9960079840319361
2,L2,Stage-2 macro recall,fold02,427,-2.977395411605926,-1.0205802968960853,0.9960079840319361
2,L2,Stage-2 macro recall,fold02,428,-2.9605263157894655,-1.0205802968960853,0.9960079840319361
2,L2,Stage-2 macro recall,fold02,429,-2.648448043184871,-1.0205802968960853,0.9960079840319361
2,L2,Stage-2 macro recall,fold02,430,-2.9605263157894655,-1.0205802968960853,0.9960079840319361
2,L2,Stage-2 macro recall,fold02,431,-2.648448043184871,-1.0205802968960853,0.9960079840319361
2,L2,Stage-2 macro recall,fold02,432,-2.3195006747638303,-1.0205802968960853,0.9960079840319361
2,L2,Stage-2 macro recall,fold02,433,-3.4981607243916244,-1.0205802968960853,0.9960079840319361
2,L2,Stage-2 macro recall,fold02,434,-3.8439771886291396,-1.0205802968960853,0.9960079840319361
2,L2,Stage-2 macro recall,fold02,435,-2.977395411605926,-1.0205802968960853,0.9960079840319361
2,L2,Stage-2 macro recall,fold02,436,-4.259446693657196,-1.0205802968960853,0.9960079840319361
2,L2,Stage-2 macro recall,fold02,437,-2.6315789473684106,-1.0205802968960853,0.9960079840319361
2,L2,Stage-2 macro recall,fold02,438,-3.2894736842105203,-1.0205802968960853,0.9960079840319361
2,L2,Stage-2 macro recall,fold02,439,-2.9605263157894655,-1.0205802968960853,0.9960079840319361
2,L2,Stage-2 macro recall,fold02,440,-2.3195006747638303,-1.0205802968960853,0.9960079840319361
2,L2,Stage-2 macro recall,fold02,441,-2.977395411605926,-1.0205802968960853,0.9960079840319361
2,L2,Stage-2 macro recall,fold02,442,-2.0074224021592357,-1.0205802968960853,0.9960079840319361
2,L2,Stage-2 macro recall,fold02,443,-2.3195006747638303,-1.0205802968960853,0.9960079840319361
2,L2,Stage-2 macro recall,fold02,444,-2.6315789473684106,-1.0205802968960853,0.9960079840319361
2,L2,Stage-2 macro recall,fold02,445,-3.2894736842105203,-1.0205802968960853,0.9960079840319361
2,L2,Stage-2 macro recall,fold02,446,-3.618421052631561,-1.0205802968960853,0.9960079840319361
2,L2,Stage-2 macro recall,fold02,447,-3.3063427800269807,-1.0205802968960853,0.9960079840319361
2,L2,Stage-2 macro recall,fold02,448,-4.4681337338383145,-1.0205802968960853,0.9960079840319361
2,L2,Stage-2 macro recall,fold02,449,-3.2894736842105203,-1.0205802968960853,0.9960079840319361
2,L2,Stage-2 macro recall,fold02,450,-3.3063427800269807,-1.0205802968960853,0.9960079840319361
2,L2,Stage-2 macro recall,fold02,451,-3.2894736842105203,-1.0205802968960853,0.9960079840319361
2,L2,Stage-2 macro recall,fold02,452,-4.276315789473685,-1.0205802968960853,0.9960079840319361
2,L2,Stage-2 macro recall,fold02,453,-1.3326585695006656,-1.0205802968960853,0.9960079840319361
2,L2,Stage-2 macro recall,fold02,454,-3.2894736842105203,-1.0205802968960853,0.9960079840319361
2,L2,Stage-2 macro recall,fold02,455,-3.2894736842105203,-1.0205802968960853,0.9960079840319361
2,L2,Stage-2 macro recall,fold02,456,-3.618421052631561,-1.0205802968960853,0.9960079840319361
2,L2,Stage-2 macro recall,fold02,457,-3.2894736842105203,-1.0205802968960853,0.9960079840319361
2,L2,Stage-2 macro recall,fold02,458,-3.8271080928126793,-1.0205802968960853,0.9960079840319361
2,L2,Stage-2 macro recall,fold02,459,-3.2894736842105203,-1.0205802968960853,0.9960079840319361
2,L2,Stage-2 macro recall,fold02,460,-2.30263157894737,-1.0205802968960853,0.9960079840319361
2,L2,Stage-2 macro recall,fold02,461,-4.91734143049932,-1.0205802968960853,0.9960079840319361
2,L2,Stage-2 macro recall,fold02,462,-2.977395411605926,-1.0205802968960853,0.9960079840319361
2,L2,Stage-2 macro recall,fold02,463,-3.6352901484480498,-1.0205802968960853,0.9960079840319361
2,L2,Stage-2 macro recall,fold02,464,-3.2894736842105203,-1.0205802968960853,0.9960079840319361
2,L2,Stage-2 macro recall,fold02,465,-2.648448043184871,-1.0205802968960853,0.9960079840319361
2,L2,Stage-2 macro recall,fold02,466,-2.6315789473684106,-1.0205802968960853,0.9960079840319361
2,L2,Stage-2 macro recall,fold02,467,-1.6784750337381809,-1.0205802968960853,0.9960079840319361
2,L2,Stage-2 macro recall,fold02,468,-3.2894736842105203,-1.0205802968960853,0.9960079840319361
2,L2,Stage-2 macro recall,fold02,469,-3.618421052631561,-1.0205802968960853,0.9960079840319361
2,L2,Stage-2 macro recall,fold02,470,-2.3195006747638303,-1.0205802968960853,0.9960079840319361
2,L2,Stage-2 macro recall,fold02,471,-2.9605263157894655,-1.0205802968960853,0.9960079840319361
2,L2,Stage-2 macro recall,fold02,472,-2.3195006747638303,-1.0205802968960853,0.9960079840319361
2,L2,Stage-2 macro recall,fold02,473,-2.977395411605926,-1.0205802968960853,0.9960079840319361
2,L2,Stage-2 macro recall,fold02,474,-2.9605263157894655,-1.0205802968960853,0.9960079840319361
2,L2,Stage-2 macro recall,fold02,475,-2.977395411605926,-1.0205802968960853,0.9960079840319361
2,L2,Stage-2 macro recall,fold02,476,-3.18608245178703,-1.0205802968960853,0.9960079840319361
2,L2,Stage-2 macro recall,fold02,477,-3.601551956815115,-1.0205802968960853,0.9960079840319361
2,L2,Stage-2 macro recall,fold02,478,-3.48129162857515,-1.0205802968960853,0.9960079840319361
2,L2,Stage-2 macro recall,fold02,479,-3.618421052631561,-1.0205802968960853,0.9960079840319361
2,L2,Stage-2 macro recall,fold02,480,-3.3063427800269807,-1.0205802968960853,0.9960079840319361
2,L2,Stage-2 macro recall,fold02,481,-2.3195006747638303,-1.0205802968960853,0.9960079840319361
2,L2,Stage-2 macro recall,fold02,482,-3.2894736842105203,-1.0205802968960853,0.9960079840319361
2,L2,Stage-2 macro recall,fold02,483,-3.8271080928126793,-1.0205802968960853,0.9960079840319361
2,L2,Stage-2 macro recall,fold02,484,-3.9304993252361555,-1.0205802968960853,0.9960079840319361
2,L2,Stage-2 macro recall,fold02,485,-3.18608245178703,-1.0205802968960853,0.9960079840319361
2,L2,Stage-2 macro recall,fold02,486,-2.30263157894737,-1.0205802968960853,0.9960079840319361
2,L2,Stage-2 macro recall,fold02,487,-3.3063427800269807,-1.0205802968960853,0.9960079840319361
2,L2,Stage-2 macro recall,fold02,488,-2.3195006747638303,-1.0205802968960853,0.9960079840319361
2,L2,Stage-2 macro recall,fold02,489,-2.648448043184871,-1.0205802968960853,0.9960079840319361
2,L2,Stage-2 macro recall,fold02,490,-3.618421052631561,-1.0205802968960853,0.9960079840319361
2,L2,Stage-2 macro recall,fold02,491,-2.977395411605926,-1.0205802968960853,0.9960079840319361
2,L2,Stage-2 macro recall,fold02,492,-3.2726045883940458,-1.0205802968960853,0.9960079840319361
2,L2,Stage-2 macro recall,fold02,493,-2.5450568107613947,-1.0205802968960853,0.9960079840319361
2,L2,Stage-2 macro recall,fold02,494,-2.648448043184871,-1.0205802968960853,0.9960079840319361
2,L2,Stage-2 macro recall,fold02,495,-2.3195006747638303,-1.0205802968960853,0.9960079840319361
2,L2,Stage-2 macro recall,fold02,496,-2.977395411605926,-1.0205802968960853,0.9960079840319361
2,L2,Stage-2 macro recall,fold02,497,-3.94736842105263,-1.0205802968960853,0.9960079840319361
2,L2,Stage-2 macro recall,fold02,498,-2.6315789473684106,-1.0205802968960853,0.9960079840319361
2,L2,Stage-2 macro recall,fold02,499,-3.618421052631561,-1.0205802968960853,0.9960079840319361
2,L2,Stage-2 macro recall,fold02,500,-3.5150298202080847,-1.0205802968960853,0.9960079840319361
2,L2,Stage-2 macro recall,fold03,1,-4.900472334682874,-4.242577597840764,0.5508982035928144
2,L2,Stage-2 macro recall,fold03,2,-4.571524966261819,-4.242577597840764,0.5508982035928144
2,L2,Stage-2 macro recall,fold03,3,-4.571524966261819,-4.242577597840764,0.5508982035928144
2,L2,Stage-2 macro recall,fold03,4,-4.900472334682874,-4.242577597840764,0.5508982035928144
2,L2,Stage-2 macro recall,fold03,5,-3.5846828609986545,-4.242577597840764,0.5508982035928144
2,L2,Stage-2 macro recall,fold03,6,-3.601551956815129,-4.242577597840764,0.5508982035928144
2,L2,Stage-2 macro recall,fold03,7,-3.27260458839406,-4.242577597840764,0.5508982035928144
2,L2,Stage-2 macro recall,fold03,8,-4.571524966261819,-4.242577597840764,0.5508982035928144
2,L2,Stage-2 macro recall,fold03,9,-3.601551956815129,-4.242577597840764,0.5508982035928144
2,L2,Stage-2 macro recall,fold03,10,-3.9304993252361697,-4.242577597840764,0.5508982035928144
2,L2,Stage-2 macro recall,fold03,11,-3.9136302294197094,-4.242577597840764,0.5508982035928144
2,L2,Stage-2 macro recall,fold03,12,-4.259446693657225,-4.242577597840764,0.5508982035928144
2,L2,Stage-2 macro recall,fold03,13,-4.242577597840764,-4.242577597840764,0.5508982035928144
2,L2,Stage-2 macro recall,fold03,14,-4.242577597840764,-4.242577597840764,0.5508982035928144
2,L2,Stage-2 macro recall,fold03,15,-3.601551956815129,-4.242577597840764,0.5508982035928144
2,L2,Stage-2 macro recall,fold03,16,-3.9136302294197094,-4.242577597840764,0.5508982035928144
2,L2,Stage-2 macro recall,fold03,17,-4.900472334682874,-4.242577597840764,0.5508982035928144
2,L2,Stage-2 macro recall,fold03,18,-4.242577597840764,-4.242577597840764,0.5508982035928144
2,L2,Stage-2 macro recall,fold03,19,-4.259446693657225,-4.242577597840764,0.5508982035928144
2,L2,Stage-2 macro recall,fold03,20,-4.242577597840764,-4.242577597840764,0.5508982035928144
2,L2,Stage-2 macro recall,fold03,21,-3.27260458839406,-4.242577597840764,0.5508982035928144
2,L2,Stage-2 macro recall,fold03,22,-3.9304993252361697,-4.242577597840764,0.5508982035928144
2,L2,Stage-2 macro recall,fold03,23,-3.601551956815129,-4.242577597840764,0.5508982035928144
2,L2,Stage-2 macro recall,fold03,24,-4.571524966261819,-4.242577597840764,0.5508982035928144
2,L2,Stage-2 macro recall,fold03,25,-3.9136302294197094,-4.242577597840764,0.5508982035928144
2,L2,Stage-2 macro recall,fold03,26,-4.259446693657225,-4.242577597840764,0.5508982035928144
2,L2,Stage-2 macro recall,fold03,27,-3.601551956815129,-4.242577597840764,0.5508982035928144
2,L2,Stage-2 macro recall,fold03,28,-3.9136302294197094,-4.242577597840764,0.5508982035928144
2,L2,Stage-2 macro recall,fold03,29,-3.5846828609986545,-4.242577597840764,0.5508982035928144
2,L2,Stage-2 macro recall,fold03,30,-3.9136302294197094,-4.242577597840764,0.5508982035928144
2,L2,Stage-2 macro recall,fold03,31,-4.242577597840764,-4.242577597840764,0.5508982035928144
2,L2,Stage-2 macro recall,fold03,32,-2.9436572199730193,-4.242577597840764,0.5508982035928144
2,L2,Stage-2 macro recall,fold03,33,-3.27260458839406,-4.242577597840764,0.5508982035928144
2,L2,Stage-2 macro recall,fold03,34,-3.601551956815129,-4.242577597840764,0.5508982035928144
2,L2,Stage-2 macro recall,fold03,35,-4.571524966261819,-4.242577597840764,0.5508982035928144
2,L2,Stage-2 macro recall,fold03,36,-4.242577597840764,-4.242577597840764,0.5508982035928144
2,L2,Stage-2 macro recall,fold03,37,-4.242577597840764,-4.242577597840764,0.5508982035928144
2,L2,Stage-2 macro recall,fold03,38,-3.9136302294197094,-4.242577597840764,0.5508982035928144
2,L2,Stage-2 macro recall,fold03,39,-4.259446693657225,-4.242577597840764,0.5508982035928144
2,L2,Stage-2 macro recall,fold03,40,-3.9136302294197094,-4.242577597840764,0.5508982035928144
2,L2,Stage-2 macro recall,fold03,41,-4.571524966261819,-4.242577597840764,0.5508982035928144
2,L2,Stage-2 macro recall,fold03,42,-5.55836707152497,-4.242577597840764,0.5508982035928144
2,L2,Stage-2 macro recall,fold03,43,-2.6147098515519644,-4.242577597840764,0.5508982035928144
2,L2,Stage-2 macro recall,fold03,44,-4.571524966261819,-4.242577597840764,0.5508982035928144
2,L2,Stage-2 macro recall,fold03,45,-4.242577597840764,-4.242577597840764,0.5508982035928144
2,L2,Stage-2 macro recall,fold03,46,-4.571524966261819,-4.242577597840764,0.5508982035928144
2,L2,Stage-2 macro recall,fold03,47,-4.259446693657225,-4.242577597840764,0.5508982035928144
2,L2,Stage-2 macro recall,fold03,48,-4.571524966261819,-4.242577597840764,0.5508982035928144
2,L2,Stage-2 macro recall,fold03,49,-3.27260458839406,-4.242577597840764,0.5508982035928144
2,L2,Stage-2 macro recall,fold03,50,-4.900472334682874,-4.242577597840764,0.5508982035928144
2,L2,Stage-2 macro recall,fold03,51,-4.242577597840764,-4.242577597840764,0.5508982035928144
2,L2,Stage-2 macro recall,fold03,52,-4.242577597840764,-4.242577597840764,0.5508982035928144
2,L2,Stage-2 macro recall,fold03,53,-3.601551956815129,-4.242577597840764,0.5508982035928144
2,L2,Stage-2 macro recall,fold03,54,-4.571524966261819,-4.242577597840764,0.5508982035928144
2,L2,Stage-2 macro recall,fold03,55,-3.255735492577614,-4.242577597840764,0.5508982035928144
2,L2,Stage-2 macro recall,fold03,56,-3.255735492577614,-4.242577597840764,0.5508982035928144
2,L2,Stage-2 macro recall,fold03,57,-3.9136302294197094,-4.242577597840764,0.5508982035928144
2,L2,Stage-2 macro recall,fold03,58,-4.242577597840764,-4.242577597840764,0.5508982035928144
2,L2,Stage-2 macro recall,fold03,59,-4.900472334682874,-4.242577597840764,0.5508982035928144
2,L2,Stage-2 macro recall,fold03,60,-3.9136302294197094,-4.242577597840764,0.5508982035928144
2,L2,Stage-2 macro recall,fold03,61,-3.9136302294197094,-4.242577597840764,0.5508982035928144
2,L2,Stage-2 macro recall,fold03,62,-5.229419703103915,-4.242577597840764,0.5508982035928144
2,L2,Stage-2 macro recall,fold03,63,-4.571524966261819,-4.242577597840764,0.5508982035928144
2,L2,Stage-2 macro recall,fold03,64,-3.255735492577614,-4.242577597840764,0.5508982035928144
2,L2,Stage-2 macro recall,fold03,65,-4.571524966261819,-4.242577597840764,0.5508982035928144
2,L2,Stage-2 macro recall,fold03,66,-3.9304993252361697,-4.242577597840764,0.5508982035928144
2,L2,Stage-2 macro recall,fold03,67,-3.9136302294197094,-4.242577597840764,0.5508982035928144
2,L2,Stage-2 macro recall,fold03,68,-2.9267881241565448,-4.242577597840764,0.5508982035928144
2,L2,Stage-2 macro recall,fold03,69,-3.9304993252361697,-4.242577597840764,0.5508982035928144
2,L2,Stage-2 macro recall,fold03,70,-4.242577597840764,-4.242577597840764,0.5508982035928144
2,L2,Stage-2 macro recall,fold03,71,-4.571524966261819,-4.242577597840764,0.5508982035928144
2,L2,Stage-2 macro recall,fold03,72,-4.259446693657225,-4.242577597840764,0.5508982035928144
2,L2,Stage-2 macro recall,fold03,73,-3.255735492577614,-4.242577597840764,0.5508982035928144
2,L2,Stage-2 macro recall,fold03,74,-3.9136302294197094,-4.242577597840764,0.5508982035928144
2,L2,Stage-2 macro recall,fold03,75,-4.900472334682874,-4.242577597840764,0.5508982035928144
2,L2,Stage-2 macro recall,fold03,76,-3.27260458839406,-4.242577597840764,0.5508982035928144
2,L2,Stage-2 macro recall,fold03,77,-5.55836707152497,-4.242577597840764,0.5508982035928144
2,L2,Stage-2 macro recall,fold03,78,-3.9136302294197094,-4.242577597840764,0.5508982035928144
2,L2,Stage-2 macro recall,fold03,79,-3.5846828609986545,-4.242577597840764,0.5508982035928144
2,L2,Stage-2 macro recall,fold03,80,-4.900472334682874,-4.242577597840764,0.5508982035928144
2,L2,Stage-2 macro recall,fold03,81,-3.9304993252361697,-4.242577597840764,0.5508982035928144
2,L2,Stage-2 macro recall,fold03,82,-4.571524966261819,-4.242577597840764,0.5508982035928144
2,L2,Stage-2 macro recall,fold03,83,-4.900472334682874,-4.242577597840764,0.5508982035928144
2,L2,Stage-2 macro recall,fold03,84,-4.242577597840764,-4.242577597840764,0.5508982035928144
2,L2,Stage-2 macro recall,fold03,85,-4.900472334682874,-4.242577597840764,0.5508982035928144
2,L2,Stage-2 macro recall,fold03,86,-4.242577597840764,-4.242577597840764,0.5508982035928144
2,L2,Stage-2 macro recall,fold03,87,-4.900472334682874,-4.242577597840764,0.5508982035928144
2,L2,Stage-2 macro recall,fold03,88,-4.242577597840764,-4.242577597840764,0.5508982035928144
2,L2,Stage-2 macro recall,fold03,89,-3.9136302294197094,-4.242577597840764,0.5508982035928144
2,L2,Stage-2 macro recall,fold03,90,-4.242577597840764,-4.242577597840764,0.5508982035928144
2,L2,Stage-2 macro recall,fold03,91,-4.900472334682874,-4.242577597840764,0.5508982035928144
2,L2,Stage-2 macro recall,fold03,92,-3.5846828609986545,-4.242577597840764,0.5508982035928144
2,L2,Stage-2 macro recall,fold03,93,-4.242577597840764,-4.242577597840764,0.5508982035928144
2,L2,Stage-2 macro recall,fold03,94,-3.9304993252361697,-4.242577597840764,0.5508982035928144
2,L2,Stage-2 macro recall,fold03,95,-4.242577597840764,-4.242577597840764,0.5508982035928144
2,L2,Stage-2 macro recall,fold03,96,-3.27260458839406,-4.242577597840764,0.5508982035928144
2,L2,Stage-2 macro recall,fold03,97,-3.601551956815129,-4.242577597840764,0.5508982035928144
2,L2,Stage-2 macro recall,fold03,98,-3.9304993252361697,-4.242577597840764,0.5508982035928144
2,L2,Stage-2 macro recall,fold03,99,-3.9304993252361697,-4.242577597840764,0.5508982035928144
2,L2,Stage-2 macro recall,fold03,100,-4.242577597840764,-4.242577597840764,0.5508982035928144
2,L2,Stage-2 macro recall,fold03,101,-4.900472334682874,-4.242577597840764,0.5508982035928144
2,L2,Stage-2 macro recall,fold03,102,-2.9267881241565448,-4.242577597840764,0.5508982035928144
2,L2,Stage-2 macro recall,fold03,103,-3.601551956815129,-4.242577597840764,0.5508982035928144
2,L2,Stage-2 macro recall,fold03,104,-4.242577597840764,-4.242577597840764,0.5508982035928144
2,L2,Stage-2 macro recall,fold03,105,-4.242577597840764,-4.242577597840764,0.5508982035928144
2,L2,Stage-2 macro recall,fold03,106,-3.5846828609986545,-4.242577597840764,0.5508982035928144
2,L2,Stage-2 macro recall,fold03,107,-3.9136302294197094,-4.242577597840764,0.5508982035928144
2,L2,Stage-2 macro recall,fold03,108,-4.242577597840764,-4.242577597840764,0.5508982035928144
2,L2,Stage-2 macro recall,fold03,109,-4.242577597840764,-4.242577597840764,0.5508982035928144
2,L2,Stage-2 macro recall,fold03,110,-4.900472334682874,-4.242577597840764,0.5508982035928144
2,L2,Stage-2 macro recall,fold03,111,-3.9136302294197094,-4.242577597840764,0.5508982035928144
2,L2,Stage-2 macro recall,fold03,112,-3.9136302294197094,-4.242577597840764,0.5508982035928144
2,L2,Stage-2 macro recall,fold03,113,-4.900472334682874,-4.242577597840764,0.5508982035928144
2,L2,Stage-2 macro recall,fold03,114,-4.5883940620782795,-4.242577597840764,0.5508982035928144
2,L2,Stage-2 macro recall,fold03,115,-3.255735492577614,-4.242577597840764,0.5508982035928144
2,L2,Stage-2 macro recall,fold03,116,-3.27260458839406,-4.242577597840764,0.5508982035928144
2,L2,Stage-2 macro recall,fold03,117,-4.900472334682874,-4.242577597840764,0.5508982035928144
2,L2,Stage-2 macro recall,fold03,118,-4.242577597840764,-4.242577597840764,0.5508982035928144
2,L2,Stage-2 macro recall,fold03,119,-2.6147098515519644,-4.242577597840764,0.5508982035928144
2,L2,Stage-2 macro recall,fold03,120,-3.9136302294197094,-4.242577597840764,0.5508982035928144
2,L2,Stage-2 macro recall,fold03,121,-3.255735492577614,-4.242577597840764,0.5508982035928144
2,L2,Stage-2 macro recall,fold03,122,-3.27260458839406,-4.242577597840764,0.5508982035928144
2,L2,Stage-2 macro recall,fold03,123,-4.242577597840764,-4.242577597840764,0.5508982035928144
2,L2,Stage-2 macro recall,fold03,124,-2.6147098515519644,-4.242577597840764,0.5508982035928144
2,L2,Stage-2 macro recall,fold03,125,-3.9136302294197094,-4.242577597840764,0.5508982035928144
2,L2,Stage-2 macro recall,fold03,126,-2.9436572199730193,-4.242577597840764,0.5508982035928144
2,L2,Stage-2 macro recall,fold03,127,-2.9436572199730193,-4.242577597840764,0.5508982035928144
2,L2,Stage-2 macro recall,fold03,128,-3.9136302294197094,-4.242577597840764,0.5508982035928144
2,L2,Stage-2 macro recall,fold03,129,-4.242577597840764,-4.242577597840764,0.5508982035928144
2,L2,Stage-2 macro recall,fold03,130,-3.9136302294197094,-4.242577597840764,0.5508982035928144
2,L2,Stage-2 macro recall,fold03,131,-4.571524966261819,-4.242577597840764,0.5508982035928144
2,L2,Stage-2 macro recall,fold03,132,-3.27260458839406,-4.242577597840764,0.5508982035928144
2,L2,Stage-2 macro recall,fold03,133,-3.9136302294197094,-4.242577597840764,0.5508982035928144
2,L2,Stage-2 macro recall,fold03,134,-4.242577597840764,-4.242577597840764,0.5508982035928144
2,L2,Stage-2 macro recall,fold03,135,-4.900472334682874,-4.242577597840764,0.5508982035928144
2,L2,Stage-2 macro recall,fold03,136,-4.900472334682874,-4.242577597840764,0.5508982035928144
2,L2,Stage-2 macro recall,fold03,137,-4.242577597840764,-4.242577597840764,0.5508982035928144
2,L2,Stage-2 macro recall,fold03,138,-4.242577597840764,-4.242577597840764,0.5508982035928144
2,L2,Stage-2 macro recall,fold03,139,-4.242577597840764,-4.242577597840764,0.5508982035928144
2,L2,Stage-2 macro recall,fold03,140,-5.229419703103915,-4.242577597840764,0.5508982035928144
2,L2,Stage-2 macro recall,fold03,141,-3.9136302294197094,-4.242577597840764,0.5508982035928144
2,L2,Stage-2 macro recall,fold03,142,-3.9136302294197094,-4.242577597840764,0.5508982035928144
2,L2,Stage-2 macro recall,fold03,143,-3.5846828609986545,-4.242577597840764,0.5508982035928144
2,L2,Stage-2 macro recall,fold03,144,-2.6147098515519644,-4.242577597840764,0.5508982035928144
2,L2,Stage-2 macro recall,fold03,145,-4.242577597840764,-4.242577597840764,0.5508982035928144
2,L2,Stage-2 macro recall,fold03,146,-4.242577597840764,-4.242577597840764,0.5508982035928144
2,L2,Stage-2 macro recall,fold03,147,-4.900472334682874,-4.242577597840764,0.5508982035928144
2,L2,Stage-2 macro recall,fold03,148,-4.571524966261819,-4.242577597840764,0.5508982035928144
2,L2,Stage-2 macro recall,fold03,149,-3.601551956815129,-4.242577597840764,0.5508982035928144
2,L2,Stage-2 macro recall,fold03,150,-4.571524966261819,-4.242577597840764,0.5508982035928144
2,L2,Stage-2 macro recall,fold03,151,-3.5846828609986545,-4.242577597840764,0.5508982035928144
2,L2,Stage-2 macro recall,fold03,152,-5.229419703103915,-4.242577597840764,0.5508982035928144
2,L2,Stage-2 macro recall,fold03,153,-4.571524966261819,-4.242577597840764,0.5508982035928144
2,L2,Stage-2 macro recall,fold03,154,-3.601551956815129,-4.242577597840764,0.5508982035928144
2,L2,Stage-2 macro recall,fold03,155,-4.571524966261819,-4.242577597840764,0.5508982035928144
2,L2,Stage-2 macro recall,fold03,156,-3.9304993252361697,-4.242577597840764,0.5508982035928144
2,L2,Stage-2 macro recall,fold03,157,-4.900472334682874,-4.242577597840764,0.5508982035928144
2,L2,Stage-2 macro recall,fold03,158,-3.5846828609986545,-4.242577597840764,0.5508982035928144
2,L2,Stage-2 macro recall,fold03,159,-4.242577597840764,-4.242577597840764,0.5508982035928144
2,L2,Stage-2 macro recall,fold03,160,-2.9436572199730193,-4.242577597840764,0.5508982035928144
2,L2,Stage-2 macro recall,fold03,161,-4.571524966261819,-4.242577597840764,0.5508982035928144
2,L2,Stage-2 macro recall,fold03,162,-4.900472334682874,-4.242577597840764,0.5508982035928144
2,L2,Stage-2 macro recall,fold03,163,-3.9136302294197094,-4.242577597840764,0.5508982035928144
2,L2,Stage-2 macro recall,fold03,164,-3.9136302294197094,-4.242577597840764,0.5508982035928144
2,L2,Stage-2 macro recall,fold03,165,-2.9436572199730193,-4.242577597840764,0.5508982035928144
2,L2,Stage-2 macro recall,fold03,166,-3.9136302294197094,-4.242577597840764,0.5508982035928144
2,L2,Stage-2 macro recall,fold03,167,-5.229419703103915,-4.242577597840764,0.5508982035928144
2,L2,Stage-2 macro recall,fold03,168,-4.242577597840764,-4.242577597840764,0.5508982035928144
2,L2,Stage-2 macro recall,fold03,169,-4.900472334682874,-4.242577597840764,0.5508982035928144
2,L2,Stage-2 macro recall,fold03,170,-3.9136302294197094,-4.242577597840764,0.5508982035928144
2,L2,Stage-2 macro recall,fold03,171,-3.27260458839406,-4.242577597840764,0.5508982035928144
2,L2,Stage-2 macro recall,fold03,172,-4.242577597840764,-4.242577597840764,0.5508982035928144
2,L2,Stage-2 macro recall,fold03,173,-3.601551956815129,-4.242577597840764,0.5508982035928144
2,L2,Stage-2 macro recall,fold03,174,-3.9136302294197094,-4.242577597840764,0.5508982035928144
2,L2,Stage-2 macro recall,fold03,175,-4.242577597840764,-4.242577597840764,0.5508982035928144
2,L2,Stage-2 macro recall,fold03,176,-4.900472334682874,-4.242577597840764,0.5508982035928144
2,L2,Stage-2 macro recall,fold03,177,-4.5883940620782795,-4.242577597840764,0.5508982035928144
2,L2,Stage-2 macro recall,fold03,178,-4.242577597840764,-4.242577597840764,0.5508982035928144
2,L2,Stage-2 macro recall,fold03,179,-3.27260458839406,-4.242577597840764,0.5508982035928144
2,L2,Stage-2 macro recall,fold03,180,-4.242577597840764,-4.242577597840764,0.5508982035928144
2,L2,Stage-2 macro recall,fold03,181,-4.571524966261819,-4.242577597840764,0.5508982035928144
2,L2,Stage-2 macro recall,fold03,182,-3.9304993252361697,-4.242577597840764,0.5508982035928144
2,L2,Stage-2 macro recall,fold03,183,-4.242577597840764,-4.242577597840764,0.5508982035928144
2,L2,Stage-2 macro recall,fold03,184,-3.9304993252361697,-4.242577597840764,0.5508982035928144
2,L2,Stage-2 macro recall,fold03,185,-5.229419703103915,-4.242577597840764,0.5508982035928144
2,L2,Stage-2 macro recall,fold03,186,-5.55836707152497,-4.242577597840764,0.5508982035928144
2,L2,Stage-2 macro recall,fold03,187,-4.242577597840764,-4.242577597840764,0.5508982035928144
2,L2,Stage-2 macro recall,fold03,188,-4.259446693657225,-4.242577597840764,0.5508982035928144
2,L2,Stage-2 macro recall,fold03,189,-4.900472334682874,-4.242577597840764,0.5508982035928144
2,L2,Stage-2 macro recall,fold03,190,-4.900472334682874,-4.242577597840764,0.5508982035928144
2,L2,Stage-2 macro recall,fold03,191,-3.9136302294197094,-4.242577597840764,0.5508982035928144
2,L2,Stage-2 macro recall,fold03,192,-4.571524966261819,-4.242577597840764,0.5508982035928144
2,L2,Stage-2 macro recall,fold03,193,-3.9304993252361697,-4.242577597840764,0.5508982035928144
2,L2,Stage-2 macro recall,fold03,194,-3.9136302294197094,-4.242577597840764,0.5508982035928144
2,L2,Stage-2 macro recall,fold03,195,-4.242577597840764,-4.242577597840764,0.5508982035928144
2,L2,Stage-2 macro recall,fold03,196,-4.242577597840764,-4.242577597840764,0.5508982035928144
2,L2,Stage-2 macro recall,fold03,197,-4.571524966261819,-4.242577597840764,0.5508982035928144
2,L2,Stage-2 macro recall,fold03,198,-5.229419703103915,-4.242577597840764,0.5508982035928144
2,L2,Stage-2 macro recall,fold03,199,-4.242577597840764,-4.242577597840764,0.5508982035928144
2,L2,Stage-2 macro recall,fold03,200,-5.229419703103915,-4.242577597840764,0.5508982035928144
2,L2,Stage-2 macro recall,fold03,201,-4.900472334682874,-4.242577597840764,0.5508982035928144
2,L2,Stage-2 macro recall,fold03,202,-3.9136302294197094,-4.242577597840764,0.5508982035928144
2,L2,Stage-2 macro recall,fold03,203,-4.242577597840764,-4.242577597840764,0.5508982035928144
2,L2,Stage-2 macro recall,fold03,204,-4.259446693657225,-4.242577597840764,0.5508982035928144
2,L2,Stage-2 macro recall,fold03,205,-3.27260458839406,-4.242577597840764,0.5508982035928144
2,L2,Stage-2 macro recall,fold03,206,-3.9136302294197094,-4.242577597840764,0.5508982035928144
2,L2,Stage-2 macro recall,fold03,207,-2.6147098515519644,-4.242577597840764,0.5508982035928144
2,L2,Stage-2 macro recall,fold03,208,-4.900472334682874,-4.242577597840764,0.5508982035928144
2,L2,Stage-2 macro recall,fold03,209,-4.242577597840764,-4.242577597840764,0.5508982035928144
2,L2,Stage-2 macro recall,fold03,210,-4.242577597840764,-4.242577597840764,0.5508982035928144
2,L2,Stage-2 macro recall,fold03,211,-3.9136302294197094,-4.242577597840764,0.5508982035928144
2,L2,Stage-2 macro recall,fold03,212,-3.9136302294197094,-4.242577597840764,0.5508982035928144
2,L2,Stage-2 macro recall,fold03,213,-3.9136302294197094,-4.242577597840764,0.5508982035928144
2,L2,Stage-2 macro recall,fold03,214,-3.9136302294197094,-4.242577597840764,0.5508982035928144
2,L2,Stage-2 macro recall,fold03,215,-3.9136302294197094,-4.242577597840764,0.5508982035928144
2,L2,Stage-2 macro recall,fold03,216,-3.9304993252361697,-4.242577597840764,0.5508982035928144
2,L2,Stage-2 macro recall,fold03,217,-4.242577597840764,-4.242577597840764,0.5508982035928144
2,L2,Stage-2 macro recall,fold03,218,-4.571524966261819,-4.242577597840764,0.5508982035928144
2,L2,Stage-2 macro recall,fold03,219,-4.242577597840764,-4.242577597840764,0.5508982035928144
2,L2,Stage-2 macro recall,fold03,220,-3.27260458839406,-4.242577597840764,0.5508982035928144
2,L2,Stage-2 macro recall,fold03,221,-4.259446693657225,-4.242577597840764,0.5508982035928144
2,L2,Stage-2 macro recall,fold03,222,-3.27260458839406,-4.242577597840764,0.5508982035928144
2,L2,Stage-2 macro recall,fold03,223,-3.255735492577614,-4.242577597840764,0.5508982035928144
2,L2,Stage-2 macro recall,fold03,224,-4.259446693657225,-4.242577597840764,0.5508982035928144
2,L2,Stage-2 macro recall,fold03,225,-3.9304993252361697,-4.242577597840764,0.5508982035928144
2,L2,Stage-2 macro recall,fold03,226,-2.9436572199730193,-4.242577597840764,0.5508982035928144
2,L2,Stage-2 macro recall,fold03,227,-2.9267881241565448,-4.242577597840764,0.5508982035928144
2,L2,Stage-2 macro recall,fold03,228,-4.571524966261819,-4.242577597840764,0.5508982035928144
2,L2,Stage-2 macro recall,fold03,229,-3.9136302294197094,-4.242577597840764,0.5508982035928144
2,L2,Stage-2 macro recall,fold03,230,-4.900472334682874,-4.242577597840764,0.5508982035928144
2,L2,Stage-2 macro recall,fold03,231,-4.571524966261819,-4.242577597840764,0.5508982035928144
2,L2,Stage-2 macro recall,fold03,232,-3.5846828609986545,-4.242577597840764,0.5508982035928144
2,L2,Stage-2 macro recall,fold03,233,-2.9436572199730193,-4.242577597840764,0.5508982035928144
2,L2,Stage-2 macro recall,fold03,234,-3.5846828609986545,-4.242577597840764,0.5508982035928144
2,L2,Stage-2 macro recall,fold03,235,-4.571524966261819,-4.242577597840764,0.5508982035928144
2,L2,Stage-2 macro recall,fold03,236,-3.5846828609986545,-4.242577597840764,0.5508982035928144
2,L2,Stage-2 macro recall,fold03,237,-3.601551956815129,-4.242577597840764,0.5508982035928144
2,L2,Stage-2 macro recall,fold03,238,-3.9304993252361697,-4.242577597840764,0.5508982035928144
2,L2,Stage-2 macro recall,fold03,239,-3.9136302294197094,-4.242577597840764,0.5508982035928144
2,L2,Stage-2 macro recall,fold03,240,-4.571524966261819,-4.242577597840764,0.5508982035928144
2,L2,Stage-2 macro recall,fold03,241,-4.242577597840764,-4.242577597840764,0.5508982035928144
2,L2,Stage-2 macro recall,fold03,242,-3.255735492577614,-4.242577597840764,0.5508982035928144
2,L2,Stage-2 macro recall,fold03,243,-3.5846828609986545,-4.242577597840764,0.5508982035928144
2,L2,Stage-2 macro recall,fold03,244,-3.255735492577614,-4.242577597840764,0.5508982035928144
2,L2,Stage-2 macro recall,fold03,245,-4.571524966261819,-4.242577597840764,0.5508982035928144
2,L2,Stage-2 macro recall,fold03,246,-3.601551956815129,-4.242577597840764,0.5508982035928144
2,L2,Stage-2 macro recall,fold03,247,-4.571524966261819,-4.242577597840764,0.5508982035928144
2,L2,Stage-2 macro recall,fold03,248,-4.571524966261819,-4.242577597840764,0.5508982035928144
2,L2,Stage-2 macro recall,fold03,249,-4.900472334682874,-4.242577597840764,0.5508982035928144
2,L2,Stage-2 macro recall,fold03,250,-3.9136302294197094,-4.242577597840764,0.5508982035928144
2,L2,Stage-2 macro recall,fold03,251,-3.9304993252361697,-4.242577597840764,0.5508982035928144
2,L2,Stage-2 macro recall,fold03,252,-4.242577597840764,-4.242577597840764,0.5508982035928144
2,L2,Stage-2 macro recall,fold03,253,-5.55836707152497,-4.242577597840764,0.5508982035928144
2,L2,Stage-2 macro recall,fold03,254,-5.55836707152497,-4.242577597840764,0.5508982035928144
2,L2,Stage-2 macro recall,fold03,255,-3.9136302294197094,-4.242577597840764,0.5508982035928144
2,L2,Stage-2 macro recall,fold03,256,-4.242577597840764,-4.242577597840764,0.5508982035928144
2,L2,Stage-2 macro recall,fold03,257,-3.601551956815129,-4.242577597840764,0.5508982035928144
2,L2,Stage-2 macro recall,fold03,258,-3.9136302294197094,-4.242577597840764,0.5508982035928144
2,L2,Stage-2 macro recall,fold03,259,-4.900472334682874,-4.242577597840764,0.5508982035928144
2,L2,Stage-2 macro recall,fold03,260,-3.9304993252361697,-4.242577597840764,0.5508982035928144
2,L2,Stage-2 macro recall,fold03,261,-4.571524966261819,-4.242577597840764,0.5508982035928144
2,L2,Stage-2 macro recall,fold03,262,-3.255735492577614,-4.242577597840764,0.5508982035928144
2,L2,Stage-2 macro recall,fold03,263,-3.5846828609986545,-4.242577597840764,0.5508982035928144
2,L2,Stage-2 macro recall,fold03,264,-4.900472334682874,-4.242577597840764,0.5508982035928144
2,L2,Stage-2 macro recall,fold03,265,-4.242577597840764,-4.242577597840764,0.5508982035928144
2,L2,Stage-2 macro recall,fold03,266,-5.229419703103915,-4.242577597840764,0.5508982035928144
2,L2,Stage-2 macro recall,fold03,267,-4.242577597840764,-4.242577597840764,0.5508982035928144
2,L2,Stage-2 macro recall,fold03,268,-4.571524966261819,-4.242577597840764,0.5508982035928144
2,L2,Stage-2 macro recall,fold03,269,-4.242577597840764,-4.242577597840764,0.5508982035928144
2,L2,Stage-2 macro recall,fold03,270,-4.242577597840764,-4.242577597840764,0.5508982035928144
2,L2,Stage-2 macro recall,fold03,271,-2.9436572199730193,-4.242577597840764,0.5508982035928144
2,L2,Stage-2 macro recall,fold03,272,-4.91734143049932,-4.242577597840764,0.5508982035928144
2,L2,Stage-2 macro recall,fold03,273,-3.9136302294197094,-4.242577597840764,0.5508982035928144
2,L2,Stage-2 macro recall,fold03,274,-3.601551956815129,-4.242577597840764,0.5508982035928144
2,L2,Stage-2 macro recall,fold03,275,-4.242577597840764,-4.242577597840764,0.5508982035928144
2,L2,Stage-2 macro recall,fold03,276,-4.242577597840764,-4.242577597840764,0.5508982035928144
2,L2,Stage-2 macro recall,fold03,277,-3.27260458839406,-4.242577597840764,0.5508982035928144
2,L2,Stage-2 macro recall,fold03,278,-4.242577597840764,-4.242577597840764,0.5508982035928144
2,L2,Stage-2 macro recall,fold03,279,-5.229419703103915,-4.242577597840764,0.5508982035928144
2,L2,Stage-2 macro recall,fold03,280,-3.9304993252361697,-4.242577597840764,0.5508982035928144
2,L2,Stage-2 macro recall,fold03,281,-3.9136302294197094,-4.242577597840764,0.5508982035928144
2,L2,Stage-2 macro recall,fold03,282,-4.571524966261819,-4.242577597840764,0.5508982035928144
2,L2,Stage-2 macro recall,fold03,283,-3.9136302294197094,-4.242577597840764,0.5508982035928144
2,L2,Stage-2 macro recall,fold03,284,-5.55836707152497,-4.242577597840764,0.5508982035928144
2,L2,Stage-2 macro recall,fold03,285,-3.9304993252361697,-4.242577597840764,0.5508982035928144
2,L2,Stage-2 macro recall,fold03,286,-4.91734143049932,-4.242577597840764,0.5508982035928144
2,L2,Stage-2 macro recall,fold03,287,-4.900472334682874,-4.242577597840764,0.5508982035928144
2,L2,Stage-2 macro recall,fold03,288,-4.242577597840764,-4.242577597840764,0.5508982035928144
2,L2,Stage-2 macro recall,fold03,289,-4.242577597840764,-4.242577597840764,0.5508982035928144
2,L2,Stage-2 macro recall,fold03,290,-4.571524966261819,-4.242577597840764,0.5508982035928144
2,L2,Stage-2 macro recall,fold03,291,-5.229419703103915,-4.242577597840764,0.5508982035928144
2,L2,Stage-2 macro recall,fold03,292,-3.9304993252361697,-4.242577597840764,0.5508982035928144
2,L2,Stage-2 macro recall,fold03,293,-3.27260458839406,-4.242577597840764,0.5508982035928144
2,L2,Stage-2 macro recall,fold03,294,-4.242577597840764,-4.242577597840764,0.5508982035928144
2,L2,Stage-2 macro recall,fold03,295,-3.9136302294197094,-4.242577597840764,0.5508982035928144
2,L2,Stage-2 macro recall,fold03,296,-4.242577597840764,-4.242577597840764,0.5508982035928144
2,L2,Stage-2 macro recall,fold03,297,-4.242577597840764,-4.242577597840764,0.5508982035928144
2,L2,Stage-2 macro recall,fold03,298,-5.229419703103915,-4.242577597840764,0.5508982035928144
2,L2,Stage-2 macro recall,fold03,299,-3.9136302294197094,-4.242577597840764,0.5508982035928144
2,L2,Stage-2 macro recall,fold03,300,-3.9304993252361697,-4.242577597840764,0.5508982035928144
2,L2,Stage-2 macro recall,fold03,301,-4.571524966261819,-4.242577597840764,0.5508982035928144
2,L2,Stage-2 macro recall,fold03,302,-3.9304993252361697,-4.242577597840764,0.5508982035928144
2,L2,Stage-2 macro recall,fold03,303,-3.9136302294197094,-4.242577597840764,0.5508982035928144
2,L2,Stage-2 macro recall,fold03,304,-4.900472334682874,-4.242577597840764,0.5508982035928144
2,L2,Stage-2 macro recall,fold03,305,-3.9304993252361697,-4.242577597840764,0.5508982035928144
2,L2,Stage-2 macro recall,fold03,306,-3.5846828609986545,-4.242577597840764,0.5508982035928144
2,L2,Stage-2 macro recall,fold03,307,-4.242577597840764,-4.242577597840764,0.5508982035928144
2,L2,Stage-2 macro recall,fold03,308,-3.5846828609986545,-4.242577597840764,0.5508982035928144
2,L2,Stage-2 macro recall,fold03,309,-4.242577597840764,-4.242577597840764,0.5508982035928144
2,L2,Stage-2 macro recall,fold03,310,-4.571524966261819,-4.242577597840764,0.5508982035928144
2,L2,Stage-2 macro recall,fold03,311,-3.9304993252361697,-4.242577597840764,0.5508982035928144
2,L2,Stage-2 macro recall,fold03,312,-3.601551956815129,-4.242577597840764,0.5508982035928144
2,L2,Stage-2 macro recall,fold03,313,-4.571524966261819,-4.242577597840764,0.5508982035928144
2,L2,Stage-2 macro recall,fold03,314,-4.571524966261819,-4.242577597840764,0.5508982035928144
2,L2,Stage-2 macro recall,fold03,315,-4.242577597840764,-4.242577597840764,0.5508982035928144
2,L2,Stage-2 macro recall,fold03,316,-4.900472334682874,-4.242577597840764,0.5508982035928144
2,L2,Stage-2 macro recall,fold03,317,-4.242577597840764,-4.242577597840764,0.5508982035928144
2,L2,Stage-2 macro recall,fold03,318,-4.571524966261819,-4.242577597840764,0.5508982035928144
2,L2,Stage-2 macro recall,fold03,319,-4.242577597840764,-4.242577597840764,0.5508982035928144
2,L2,Stage-2 macro recall,fold03,320,-4.242577597840764,-4.242577597840764,0.5508982035928144
2,L2,Stage-2 macro recall,fold03,321,-4.571524966261819,-4.242577597840764,0.5508982035928144
2,L2,Stage-2 macro recall,fold03,322,-3.9136302294197094,-4.242577597840764,0.5508982035928144
2,L2,Stage-2 macro recall,fold03,323,-4.242577597840764,-4.242577597840764,0.5508982035928144
2,L2,Stage-2 macro recall,fold03,324,-3.5846828609986545,-4.242577597840764,0.5508982035928144
2,L2,Stage-2 macro recall,fold03,325,-5.55836707152497,-4.242577597840764,0.5508982035928144
2,L2,Stage-2 macro recall,fold03,326,-3.9136302294197094,-4.242577597840764,0.5508982035928144
2,L2,Stage-2 macro recall,fold03,327,-3.601551956815129,-4.242577597840764,0.5508982035928144
2,L2,Stage-2 macro recall,fold03,328,-4.242577597840764,-4.242577597840764,0.5508982035928144
2,L2,Stage-2 macro recall,fold03,329,-3.255735492577614,-4.242577597840764,0.5508982035928144
2,L2,Stage-2 macro recall,fold03,330,-5.229419703103915,-4.242577597840764,0.5508982035928144
2,L2,Stage-2 macro recall,fold03,331,-4.5883940620782795,-4.242577597840764,0.5508982035928144
2,L2,Stage-2 macro recall,fold03,332,-2.9436572199730193,-4.242577597840764,0.5508982035928144
2,L2,Stage-2 macro recall,fold03,333,-3.9136302294197094,-4.242577597840764,0.5508982035928144
2,L2,Stage-2 macro recall,fold03,334,-3.601551956815129,-4.242577597840764,0.5508982035928144
2,L2,Stage-2 macro recall,fold03,335,-3.601551956815129,-4.242577597840764,0.5508982035928144
2,L2,Stage-2 macro recall,fold03,336,-3.9304993252361697,-4.242577597840764,0.5508982035928144
2,L2,Stage-2 macro recall,fold03,337,-4.571524966261819,-4.242577597840764,0.5508982035928144
2,L2,Stage-2 macro recall,fold03,338,-3.9136302294197094,-4.242577597840764,0.5508982035928144
2,L2,Stage-2 macro recall,fold03,339,-3.9136302294197094,-4.242577597840764,0.5508982035928144
2,L2,Stage-2 macro recall,fold03,340,-3.9136302294197094,-4.242577597840764,0.5508982035928144
2,L2,Stage-2 macro recall,fold03,341,-4.242577597840764,-4.242577597840764,0.5508982035928144
2,L2,Stage-2 macro recall,fold03,342,-4.571524966261819,-4.242577597840764,0.5508982035928144
2,L2,Stage-2 macro recall,fold03,343,-4.242577597840764,-4.242577597840764,0.5508982035928144
2,L2,Stage-2 macro recall,fold03,344,-3.9136302294197094,-4.242577597840764,0.5508982035928144
2,L2,Stage-2 macro recall,fold03,345,-3.27260458839406,-4.242577597840764,0.5508982035928144
2,L2,Stage-2 macro recall,fold03,346,-4.242577597840764,-4.242577597840764,0.5508982035928144
2,L2,Stage-2 macro recall,fold03,347,-4.571524966261819,-4.242577597840764,0.5508982035928144
2,L2,Stage-2 macro recall,fold03,348,-4.242577597840764,-4.242577597840764,0.5508982035928144
2,L2,Stage-2 macro recall,fold03,349,-4.242577597840764,-4.242577597840764,0.5508982035928144
2,L2,Stage-2 macro recall,fold03,350,-4.571524966261819,-4.242577597840764,0.5508982035928144
2,L2,Stage-2 macro recall,fold03,351,-3.9136302294197094,-4.242577597840764,0.5508982035928144
2,L2,Stage-2 macro recall,fold03,352,-5.229419703103915,-4.242577597840764,0.5508982035928144
2,L2,Stage-2 macro recall,fold03,353,-4.242577597840764,-4.242577597840764,0.5508982035928144
2,L2,Stage-2 macro recall,fold03,354,-4.242577597840764,-4.242577597840764,0.5508982035928144
2,L2,Stage-2 macro recall,fold03,355,-3.9136302294197094,-4.242577597840764,0.5508982035928144
2,L2,Stage-2 macro recall,fold03,356,-4.242577597840764,-4.242577597840764,0.5508982035928144
2,L2,Stage-2 macro recall,fold03,357,-3.5846828609986545,-4.242577597840764,0.5508982035928144
2,L2,Stage-2 macro recall,fold03,358,-4.242577597840764,-4.242577597840764,0.5508982035928144
2,L2,Stage-2 macro recall,fold03,359,-3.9136302294197094,-4.242577597840764,0.5508982035928144
2,L2,Stage-2 macro recall,fold03,360,-5.229419703103915,-4.242577597840764,0.5508982035928144
2,L2,Stage-2 macro recall,fold03,361,-3.5846828609986545,-4.242577597840764,0.5508982035928144
2,L2,Stage-2 macro recall,fold03,362,-4.571524966261819,-4.242577597840764,0.5508982035928144
2,L2,Stage-2 macro recall,fold03,363,-3.9136302294197094,-4.242577597840764,0.5508982035928144
2,L2,Stage-2 macro recall,fold03,364,-3.601551956815129,-4.242577597840764,0.5508982035928144
2,L2,Stage-2 macro recall,fold03,365,-4.571524966261819,-4.242577597840764,0.5508982035928144
2,L2,Stage-2 macro recall,fold03,366,-4.242577597840764,-4.242577597840764,0.5508982035928144
2,L2,Stage-2 macro recall,fold03,367,-4.571524966261819,-4.242577597840764,0.5508982035928144
2,L2,Stage-2 macro recall,fold03,368,-4.242577597840764,-4.242577597840764,0.5508982035928144
2,L2,Stage-2 macro recall,fold03,369,-3.9136302294197094,-4.242577597840764,0.5508982035928144
2,L2,Stage-2 macro recall,fold03,370,-4.900472334682874,-4.242577597840764,0.5508982035928144
2,L2,Stage-2 macro recall,fold03,371,-3.9136302294197094,-4.242577597840764,0.5508982035928144
2,L2,Stage-2 macro recall,fold03,372,-4.900472334682874,-4.242577597840764,0.5508982035928144
2,L2,Stage-2 macro recall,fold03,373,-2.6147098515519644,-4.242577597840764,0.5508982035928144
2,L2,Stage-2 macro recall,fold03,374,-3.601551956815129,-4.242577597840764,0.5508982035928144
2,L2,Stage-2 macro recall,fold03,375,-3.9304993252361697,-4.242577597840764,0.5508982035928144
2,L2,Stage-2 macro recall,fold03,376,-2.9436572199730193,-4.242577597840764,0.5508982035928144
2,L2,Stage-2 macro recall,fold03,377,-2.9436572199730193,-4.242577597840764,0.5508982035928144
2,L2,Stage-2 macro recall,fold03,378,-4.242577597840764,-4.242577597840764,0.5508982035928144
2,L2,Stage-2 macro recall,fold03,379,-4.242577597840764,-4.242577597840764,0.5508982035928144
2,L2,Stage-2 macro recall,fold03,380,-4.242577597840764,-4.242577597840764,0.5508982035928144
2,L2,Stage-2 macro recall,fold03,381,-4.242577597840764,-4.242577597840764,0.5508982035928144
2,L2,Stage-2 macro recall,fold03,382,-5.229419703103915,-4.242577597840764,0.5508982035928144
2,L2,Stage-2 macro recall,fold03,383,-4.571524966261819,-4.242577597840764,0.5508982035928144
2,L2,Stage-2 macro recall,fold03,384,-3.9304993252361697,-4.242577597840764,0.5508982035928144
2,L2,Stage-2 macro recall,fold03,385,-4.242577597840764,-4.242577597840764,0.5508982035928144
2,L2,Stage-2 macro recall,fold03,386,-4.571524966261819,-4.242577597840764,0.5508982035928144
2,L2,Stage-2 macro recall,fold03,387,-3.5846828609986545,-4.242577597840764,0.5508982035928144
2,L2,Stage-2 macro recall,fold03,388,-4.900472334682874,-4.242577597840764,0.5508982035928144
2,L2,Stage-2 macro recall,fold03,389,-5.55836707152497,-4.242577597840764,0.5508982035928144
2,L2,Stage-2 macro recall,fold03,390,-4.242577597840764,-4.242577597840764,0.5508982035928144
2,L2,Stage-2 macro recall,fold03,391,-3.9136302294197094,-4.242577597840764,0.5508982035928144
2,L2,Stage-2 macro recall,fold03,392,-4.571524966261819,-4.242577597840764,0.5508982035928144
2,L2,Stage-2 macro recall,fold03,393,-3.5846828609986545,-4.242577597840764,0.5508982035928144
2,L2,Stage-2 macro recall,fold03,394,-3.27260458839406,-4.242577597840764,0.5508982035928144
2,L2,Stage-2 macro recall,fold03,395,-3.27260458839406,-4.242577597840764,0.5508982035928144
2,L2,Stage-2 macro recall,fold03,396,-3.9136302294197094,-4.242577597840764,0.5508982035928144
2,L2,Stage-2 macro recall,fold03,397,-3.9136302294197094,-4.242577597840764,0.5508982035928144
2,L2,Stage-2 macro recall,fold03,398,-4.242577597840764,-4.242577597840764,0.5508982035928144
2,L2,Stage-2 macro recall,fold03,399,-3.9304993252361697,-4.242577597840764,0.5508982035928144
2,L2,Stage-2 macro recall,fold03,400,-3.9136302294197094,-4.242577597840764,0.5508982035928144
2,L2,Stage-2 macro recall,fold03,401,-4.242577597840764,-4.242577597840764,0.5508982035928144
2,L2,Stage-2 macro recall,fold03,402,-4.5883940620782795,-4.242577597840764,0.5508982035928144
2,L2,Stage-2 macro recall,fold03,403,-3.27260458839406,-4.242577597840764,0.5508982035928144
2,L2,Stage-2 macro recall,fold03,404,-4.259446693657225,-4.242577597840764,0.5508982035928144
2,L2,Stage-2 macro recall,fold03,405,-4.900472334682874,-4.242577597840764,0.5508982035928144
2,L2,Stage-2 macro recall,fold03,406,-4.571524966261819,-4.242577597840764,0.5508982035928144
2,L2,Stage-2 macro recall,fold03,407,-4.242577597840764,-4.242577597840764,0.5508982035928144
2,L2,Stage-2 macro recall,fold03,408,-4.259446693657225,-4.242577597840764,0.5508982035928144
2,L2,Stage-2 macro recall,fold03,409,-4.571524966261819,-4.242577597840764,0.5508982035928144
2,L2,Stage-2 macro recall,fold03,410,-3.9304993252361697,-4.242577597840764,0.5508982035928144
2,L2,Stage-2 macro recall,fold03,411,-4.900472334682874,-4.242577597840764,0.5508982035928144
2,L2,Stage-2 macro recall,fold03,412,-2.6147098515519644,-4.242577597840764,0.5508982035928144
2,L2,Stage-2 macro recall,fold03,413,-4.242577597840764,-4.242577597840764,0.5508982035928144
2,L2,Stage-2 macro recall,fold03,414,-4.900472334682874,-4.242577597840764,0.5508982035928144
2,L2,Stage-2 macro recall,fold03,415,-4.242577597840764,-4.242577597840764,0.5508982035928144
2,L2,Stage-2 macro recall,fold03,416,-3.27260458839406,-4.242577597840764,0.5508982035928144
2,L2,Stage-2 macro recall,fold03,417,-4.571524966261819,-4.242577597840764,0.5508982035928144
2,L2,Stage-2 macro recall,fold03,418,-3.5846828609986545,-4.242577597840764,0.5508982035928144
2,L2,Stage-2 macro recall,fold03,419,-3.9304993252361697,-4.242577597840764,0.5508982035928144
2,L2,Stage-2 macro recall,fold03,420,-4.242577597840764,-4.242577597840764,0.5508982035928144
2,L2,Stage-2 macro recall,fold03,421,-4.571524966261819,-4.242577597840764,0.5508982035928144
2,L2,Stage-2 macro recall,fold03,422,-3.9136302294197094,-4.242577597840764,0.5508982035928144
2,L2,Stage-2 macro recall,fold03,423,-3.9136302294197094,-4.242577597840764,0.5508982035928144
2,L2,Stage-2 macro recall,fold03,424,-4.259446693657225,-4.242577597840764,0.5508982035928144
2,L2,Stage-2 macro recall,fold03,425,-4.91734143049932,-4.242577597840764,0.5508982035928144
2,L2,Stage-2 macro recall,fold03,426,-3.601551956815129,-4.242577597840764,0.5508982035928144
2,L2,Stage-2 macro recall,fold03,427,-4.242577597840764,-4.242577597840764,0.5508982035928144
2,L2,Stage-2 macro recall,fold03,428,-4.242577597840764,-4.242577597840764,0.5508982035928144
2,L2,Stage-2 macro recall,fold03,429,-4.571524966261819,-4.242577597840764,0.5508982035928144
2,L2,Stage-2 macro recall,fold03,430,-4.571524966261819,-4.242577597840764,0.5508982035928144
2,L2,Stage-2 macro recall,fold03,431,-3.601551956815129,-4.242577597840764,0.5508982035928144
2,L2,Stage-2 macro recall,fold03,432,-4.571524966261819,-4.242577597840764,0.5508982035928144
2,L2,Stage-2 macro recall,fold03,433,-5.887314439946024,-4.242577597840764,0.5508982035928144
2,L2,Stage-2 macro recall,fold03,434,-3.5846828609986545,-4.242577597840764,0.5508982035928144
2,L2,Stage-2 macro recall,fold03,435,-3.5846828609986545,-4.242577597840764,0.5508982035928144
2,L2,Stage-2 macro recall,fold03,436,-4.571524966261819,-4.242577597840764,0.5508982035928144
2,L2,Stage-2 macro recall,fold03,437,-3.9136302294197094,-4.242577597840764,0.5508982035928144
2,L2,Stage-2 macro recall,fold03,438,-3.27260458839406,-4.242577597840764,0.5508982035928144
2,L2,Stage-2 macro recall,fold03,439,-3.5846828609986545,-4.242577597840764,0.5508982035928144
2,L2,Stage-2 macro recall,fold03,440,-3.27260458839406,-4.242577597840764,0.5508982035928144
2,L2,Stage-2 macro recall,fold03,441,-3.9304993252361697,-4.242577597840764,0.5508982035928144
2,L2,Stage-2 macro recall,fold03,442,-2.9436572199730193,-4.242577597840764,0.5508982035928144
2,L2,Stage-2 macro recall,fold03,443,-3.601551956815129,-4.242577597840764,0.5508982035928144
2,L2,Stage-2 macro recall,fold03,444,-3.9136302294197094,-4.242577597840764,0.5508982035928144
2,L2,Stage-2 macro recall,fold03,445,-4.242577597840764,-4.242577597840764,0.5508982035928144
2,L2,Stage-2 macro recall,fold03,446,-3.5846828609986545,-4.242577597840764,0.5508982035928144
2,L2,Stage-2 macro recall,fold03,447,-4.259446693657225,-4.242577597840764,0.5508982035928144
2,L2,Stage-2 macro recall,fold03,448,-2.6147098515519644,-4.242577597840764,0.5508982035928144
2,L2,Stage-2 macro recall,fold03,449,-3.5846828609986545,-4.242577597840764,0.5508982035928144
2,L2,Stage-2 macro recall,fold03,450,-4.900472334682874,-4.242577597840764,0.5508982035928144
2,L2,Stage-2 macro recall,fold03,451,-4.242577597840764,-4.242577597840764,0.5508982035928144
2,L2,Stage-2 macro recall,fold03,452,-5.229419703103915,-4.242577597840764,0.5508982035928144
2,L2,Stage-2 macro recall,fold03,453,-4.571524966261819,-4.242577597840764,0.5508982035928144
2,L2,Stage-2 macro recall,fold03,454,-4.242577597840764,-4.242577597840764,0.5508982035928144
2,L2,Stage-2 macro recall,fold03,455,-4.242577597840764,-4.242577597840764,0.5508982035928144
2,L2,Stage-2 macro recall,fold03,456,-4.242577597840764,-4.242577597840764,0.5508982035928144
2,L2,Stage-2 macro recall,fold03,457,-4.571524966261819,-4.242577597840764,0.5508982035928144
2,L2,Stage-2 macro recall,fold03,458,-4.242577597840764,-4.242577597840764,0.5508982035928144
2,L2,Stage-2 macro recall,fold03,459,-4.242577597840764,-4.242577597840764,0.5508982035928144
2,L2,Stage-2 macro recall,fold03,460,-3.9136302294197094,-4.242577597840764,0.5508982035928144
2,L2,Stage-2 macro recall,fold03,461,-4.571524966261819,-4.242577597840764,0.5508982035928144
2,L2,Stage-2 macro recall,fold03,462,-5.55836707152497,-4.242577597840764,0.5508982035928144
2,L2,Stage-2 macro recall,fold03,463,-4.900472334682874,-4.242577597840764,0.5508982035928144
2,L2,Stage-2 macro recall,fold03,464,-4.571524966261819,-4.242577597840764,0.5508982035928144
2,L2,Stage-2 macro recall,fold03,465,-3.601551956815129,-4.242577597840764,0.5508982035928144
2,L2,Stage-2 macro recall,fold03,466,-4.242577597840764,-4.242577597840764,0.5508982035928144
2,L2,Stage-2 macro recall,fold03,467,-3.5846828609986545,-4.242577597840764,0.5508982035928144
2,L2,Stage-2 macro recall,fold03,468,-4.571524966261819,-4.242577597840764,0.5508982035928144
2,L2,Stage-2 macro recall,fold03,469,-4.242577597840764,-4.242577597840764,0.5508982035928144
2,L2,Stage-2 macro recall,fold03,470,-3.9136302294197094,-4.242577597840764,0.5508982035928144
2,L2,Stage-2 macro recall,fold03,471,-4.571524966261819,-4.242577597840764,0.5508982035928144
2,L2,Stage-2 macro recall,fold03,472,-4.900472334682874,-4.242577597840764,0.5508982035928144
2,L2,Stage-2 macro recall,fold03,473,-4.900472334682874,-4.242577597840764,0.5508982035928144
2,L2,Stage-2 macro recall,fold03,474,-4.571524966261819,-4.242577597840764,0.5508982035928144
2,L2,Stage-2 macro recall,fold03,475,-3.601551956815129,-4.242577597840764,0.5508982035928144
2,L2,Stage-2 macro recall,fold03,476,-4.242577597840764,-4.242577597840764,0.5508982035928144
2,L2,Stage-2 macro recall,fold03,477,-4.571524966261819,-4.242577597840764,0.5508982035928144
2,L2,Stage-2 macro recall,fold03,478,-3.9136302294197094,-4.242577597840764,0.5508982035928144
2,L2,Stage-2 macro recall,fold03,479,-4.242577597840764,-4.242577597840764,0.5508982035928144
2,L2,Stage-2 macro recall,fold03,480,-4.900472334682874,-4.242577597840764,0.5508982035928144
2,L2,Stage-2 macro recall,fold03,481,-4.242577597840764,-4.242577597840764,0.5508982035928144
2,L2,Stage-2 macro recall,fold03,482,-4.242577597840764,-4.242577597840764,0.5508982035928144
2,L2,Stage-2 macro recall,fold03,483,-4.242577597840764,-4.242577597840764,0.5508982035928144
2,L2,Stage-2 macro recall,fold03,484,-4.571524966261819,-4.242577597840764,0.5508982035928144
2,L2,Stage-2 macro recall,fold03,485,-3.5846828609986545,-4.242577597840764,0.5508982035928144
2,L2,Stage-2 macro recall,fold03,486,-3.601551956815129,-4.242577597840764,0.5508982035928144
2,L2,Stage-2 macro recall,fold03,487,-3.27260458839406,-4.242577597840764,0.5508982035928144
2,L2,Stage-2 macro recall,fold03,488,-3.9136302294197094,-4.242577597840764,0.5508982035928144
2,L2,Stage-2 macro recall,fold03,489,-4.900472334682874,-4.242577597840764,0.5508982035928144
2,L2,Stage-2 macro recall,fold03,490,-2.9267881241565448,-4.242577597840764,0.5508982035928144
2,L2,Stage-2 macro recall,fold03,491,-3.27260458839406,-4.242577597840764,0.5508982035928144
2,L2,Stage-2 macro recall,fold03,492,-4.571524966261819,-4.242577597840764,0.5508982035928144
2,L2,Stage-2 macro recall,fold03,493,-3.27260458839406,-4.242577597840764,0.5508982035928144
2,L2,Stage-2 macro recall,fold03,494,-4.900472334682874,-4.242577597840764,0.5508982035928144
2,L2,Stage-2 macro recall,fold03,495,-4.242577597840764,-4.242577597840764,0.5508982035928144
2,L2,Stage-2 macro recall,fold03,496,-4.900472334682874,-4.242577597840764,0.5508982035928144
2,L2,Stage-2 macro recall,fold03,497,-4.571524966261819,-4.242577597840764,0.5508982035928144
2,L2,Stage-2 macro recall,fold03,498,-3.601551956815129,-4.242577597840764,0.5508982035928144
2,L2,Stage-2 macro recall,fold03,499,-3.9136302294197094,-4.242577597840764,0.5508982035928144
2,L2,Stage-2 macro recall,fold03,500,-3.9136302294197094,-4.242577597840764,0.5508982035928144
3,L3,Hesitating recall,fold01,1,0.0,0.0,1.0
3,L3,Hesitating recall,fold01,2,0.0,0.0,1.0
3,L3,Hesitating recall,fold01,3,0.0,0.0,1.0
3,L3,Hesitating recall,fold01,4,0.0,0.0,1.0
3,L3,Hesitating recall,fold01,5,0.0,0.0,1.0
3,L3,Hesitating recall,fold01,6,0.0,0.0,1.0
3,L3,Hesitating recall,fold01,7,0.0,0.0,1.0
3,L3,Hesitating recall,fold01,8,0.0,0.0,1.0
3,L3,Hesitating recall,fold01,9,0.0,0.0,1.0
3,L3,Hesitating recall,fold01,10,0.0,0.0,1.0
3,L3,Hesitating recall,fold01,11,0.0,0.0,1.0
3,L3,Hesitating recall,fold01,12,0.0,0.0,1.0
3,L3,Hesitating recall,fold01,13,0.0,0.0,1.0
3,L3,Hesitating recall,fold01,14,0.0,0.0,1.0
3,L3,Hesitating recall,fold01,15,0.0,0.0,1.0
3,L3,Hesitating recall,fold01,16,0.0,0.0,1.0
3,L3,Hesitating recall,fold01,17,0.0,0.0,1.0
3,L3,Hesitating recall,fold01,18,0.0,0.0,1.0
3,L3,Hesitating recall,fold01,19,0.0,0.0,1.0
3,L3,Hesitating recall,fold01,20,0.0,0.0,1.0
3,L3,Hesitating recall,fold01,21,0.0,0.0,1.0
3,L3,Hesitating recall,fold01,22,0.0,0.0,1.0
3,L3,Hesitating recall,fold01,23,0.0,0.0,1.0
3,L3,Hesitating recall,fold01,24,0.0,0.0,1.0
3,L3,Hesitating recall,fold01,25,0.0,0.0,1.0
3,L3,Hesitating recall,fold01,26,0.0,0.0,1.0
3,L3,Hesitating recall,fold01,27,0.0,0.0,1.0
3,L3,Hesitating recall,fold01,28,0.0,0.0,1.0
3,L3,Hesitating recall,fold01,29,0.0,0.0,1.0
3,L3,Hesitating recall,fold01,30,0.0,0.0,1.0
3,L3,Hesitating recall,fold01,31,0.0,0.0,1.0
3,L3,Hesitating recall,fold01,32,0.0,0.0,1.0
3,L3,Hesitating recall,fold01,33,0.0,0.0,1.0
3,L3,Hesitating recall,fold01,34,0.0,0.0,1.0
3,L3,Hesitating recall,fold01,35,0.0,0.0,1.0
3,L3,Hesitating recall,fold01,36,0.0,0.0,1.0
3,L3,Hesitating recall,fold01,37,0.0,0.0,1.0
3,L3,Hesitating recall,fold01,38,0.0,0.0,1.0
3,L3,Hesitating recall,fold01,39,0.0,0.0,1.0
3,L3,Hesitating recall,fold01,40,0.0,0.0,1.0
3,L3,Hesitating recall,fold01,41,0.0,0.0,1.0
3,L3,Hesitating recall,fold01,42,0.0,0.0,1.0
3,L3,Hesitating recall,fold01,43,0.0,0.0,1.0
3,L3,Hesitating recall,fold01,44,0.0,0.0,1.0
3,L3,Hesitating recall,fold01,45,0.0,0.0,1.0
3,L3,Hesitating recall,fold01,46,0.0,0.0,1.0
3,L3,Hesitating recall,fold01,47,0.0,0.0,1.0
3,L3,Hesitating recall,fold01,48,0.0,0.0,1.0
3,L3,Hesitating recall,fold01,49,0.0,0.0,1.0
3,L3,Hesitating recall,fold01,50,0.0,0.0,1.0
3,L3,Hesitating recall,fold01,51,0.0,0.0,1.0
3,L3,Hesitating recall,fold01,52,0.0,0.0,1.0
3,L3,Hesitating recall,fold01,53,0.0,0.0,1.0
3,L3,Hesitating recall,fold01,54,0.0,0.0,1.0
3,L3,Hesitating recall,fold01,55,0.0,0.0,1.0
3,L3,Hesitating recall,fold01,56,0.0,0.0,1.0
3,L3,Hesitating recall,fold01,57,0.0,0.0,1.0
3,L3,Hesitating recall,fold01,58,0.0,0.0,1.0
3,L3,Hesitating recall,fold01,59,0.0,0.0,1.0
3,L3,Hesitating recall,fold01,60,0.0,0.0,1.0
3,L3,Hesitating recall,fold01,61,0.0,0.0,1.0
3,L3,Hesitating recall,fold01,62,0.0,0.0,1.0
3,L3,Hesitating recall,fold01,63,0.0,0.0,1.0
3,L3,Hesitating recall,fold01,64,0.0,0.0,1.0
3,L3,Hesitating recall,fold01,65,0.0,0.0,1.0
3,L3,Hesitating recall,fold01,66,0.0,0.0,1.0
3,L3,Hesitating recall,fold01,67,0.0,0.0,1.0
3,L3,Hesitating recall,fold01,68,0.0,0.0,1.0
3,L3,Hesitating recall,fold01,69,0.0,0.0,1.0
3,L3,Hesitating recall,fold01,70,0.0,0.0,1.0
3,L3,Hesitating recall,fold01,71,0.0,0.0,1.0
3,L3,Hesitating recall,fold01,72,0.0,0.0,1.0
3,L3,Hesitating recall,fold01,73,0.0,0.0,1.0
3,L3,Hesitating recall,fold01,74,0.0,0.0,1.0
3,L3,Hesitating recall,fold01,75,0.0,0.0,1.0
3,L3,Hesitating recall,fold01,76,0.0,0.0,1.0
3,L3,Hesitating recall,fold01,77,0.0,0.0,1.0
3,L3,Hesitating recall,fold01,78,0.0,0.0,1.0
3,L3,Hesitating recall,fold01,79,0.0,0.0,1.0
3,L3,Hesitating recall,fold01,80,0.0,0.0,1.0
3,L3,Hesitating recall,fold01,81,0.0,0.0,1.0
3,L3,Hesitating recall,fold01,82,0.0,0.0,1.0
3,L3,Hesitating recall,fold01,83,0.0,0.0,1.0
3,L3,Hesitating recall,fold01,84,0.0,0.0,1.0
3,L3,Hesitating recall,fold01,85,0.0,0.0,1.0
3,L3,Hesitating recall,fold01,86,0.0,0.0,1.0
3,L3,Hesitating recall,fold01,87,0.0,0.0,1.0
3,L3,Hesitating recall,fold01,88,0.0,0.0,1.0
3,L3,Hesitating recall,fold01,89,0.0,0.0,1.0
3,L3,Hesitating recall,fold01,90,0.0,0.0,1.0
3,L3,Hesitating recall,fold01,91,0.0,0.0,1.0
3,L3,Hesitating recall,fold01,92,0.0,0.0,1.0
3,L3,Hesitating recall,fold01,93,0.0,0.0,1.0
3,L3,Hesitating recall,fold01,94,0.0,0.0,1.0
3,L3,Hesitating recall,fold01,95,0.0,0.0,1.0
3,L3,Hesitating recall,fold01,96,0.0,0.0,1.0
3,L3,Hesitating recall,fold01,97,0.0,0.0,1.0
3,L3,Hesitating recall,fold01,98,0.0,0.0,1.0
3,L3,Hesitating recall,fold01,99,0.0,0.0,1.0
3,L3,Hesitating recall,fold01,100,0.0,0.0,1.0
3,L3,Hesitating recall,fold01,101,0.0,0.0,1.0
3,L3,Hesitating recall,fold01,102,0.0,0.0,1.0
3,L3,Hesitating recall,fold01,103,0.0,0.0,1.0
3,L3,Hesitating recall,fold01,104,0.0,0.0,1.0
3,L3,Hesitating recall,fold01,105,0.0,0.0,1.0
3,L3,Hesitating recall,fold01,106,0.0,0.0,1.0
3,L3,Hesitating recall,fold01,107,0.0,0.0,1.0
3,L3,Hesitating recall,fold01,108,0.0,0.0,1.0
3,L3,Hesitating recall,fold01,109,0.0,0.0,1.0
3,L3,Hesitating recall,fold01,110,0.0,0.0,1.0
3,L3,Hesitating recall,fold01,111,0.0,0.0,1.0
3,L3,Hesitating recall,fold01,112,0.0,0.0,1.0
3,L3,Hesitating recall,fold01,113,0.0,0.0,1.0
3,L3,Hesitating recall,fold01,114,0.0,0.0,1.0
3,L3,Hesitating recall,fold01,115,0.0,0.0,1.0
3,L3,Hesitating recall,fold01,116,0.0,0.0,1.0
3,L3,Hesitating recall,fold01,117,0.0,0.0,1.0
3,L3,Hesitating recall,fold01,118,0.0,0.0,1.0
3,L3,Hesitating recall,fold01,119,0.0,0.0,1.0
3,L3,Hesitating recall,fold01,120,0.0,0.0,1.0
3,L3,Hesitating recall,fold01,121,0.0,0.0,1.0
3,L3,Hesitating recall,fold01,122,0.0,0.0,1.0
3,L3,Hesitating recall,fold01,123,0.0,0.0,1.0
3,L3,Hesitating recall,fold01,124,0.0,0.0,1.0
3,L3,Hesitating recall,fold01,125,0.0,0.0,1.0
3,L3,Hesitating recall,fold01,126,0.0,0.0,1.0
3,L3,Hesitating recall,fold01,127,0.0,0.0,1.0
3,L3,Hesitating recall,fold01,128,0.0,0.0,1.0
3,L3,Hesitating recall,fold01,129,0.0,0.0,1.0
3,L3,Hesitating recall,fold01,130,0.0,0.0,1.0
3,L3,Hesitating recall,fold01,131,0.0,0.0,1.0
3,L3,Hesitating recall,fold01,132,0.0,0.0,1.0
3,L3,Hesitating recall,fold01,133,0.0,0.0,1.0
3,L3,Hesitating recall,fold01,134,0.0,0.0,1.0
3,L3,Hesitating recall,fold01,135,0.0,0.0,1.0
3,L3,Hesitating recall,fold01,136,0.0,0.0,1.0
3,L3,Hesitating recall,fold01,137,0.0,0.0,1.0
3,L3,Hesitating recall,fold01,138,0.0,0.0,1.0
3,L3,Hesitating recall,fold01,139,0.0,0.0,1.0
3,L3,Hesitating recall,fold01,140,0.0,0.0,1.0
3,L3,Hesitating recall,fold01,141,0.0,0.0,1.0
3,L3,Hesitating recall,fold01,142,0.0,0.0,1.0
3,L3,Hesitating recall,fold01,143,0.0,0.0,1.0
3,L3,Hesitating recall,fold01,144,0.0,0.0,1.0
3,L3,Hesitating recall,fold01,145,0.0,0.0,1.0
3,L3,Hesitating recall,fold01,146,0.0,0.0,1.0
3,L3,Hesitating recall,fold01,147,0.0,0.0,1.0
3,L3,Hesitating recall,fold01,148,0.0,0.0,1.0
3,L3,Hesitating recall,fold01,149,0.0,0.0,1.0
3,L3,Hesitating recall,fold01,150,0.0,0.0,1.0
3,L3,Hesitating recall,fold01,151,0.0,0.0,1.0
3,L3,Hesitating recall,fold01,152,0.0,0.0,1.0
3,L3,Hesitating recall,fold01,153,0.0,0.0,1.0
3,L3,Hesitating recall,fold01,154,0.0,0.0,1.0
3,L3,Hesitating recall,fold01,155,0.0,0.0,1.0
3,L3,Hesitating recall,fold01,156,0.0,0.0,1.0
3,L3,Hesitating recall,fold01,157,0.0,0.0,1.0
3,L3,Hesitating recall,fold01,158,0.0,0.0,1.0
3,L3,Hesitating recall,fold01,159,0.0,0.0,1.0
3,L3,Hesitating recall,fold01,160,0.0,0.0,1.0
3,L3,Hesitating recall,fold01,161,0.0,0.0,1.0
3,L3,Hesitating recall,fold01,162,0.0,0.0,1.0
3,L3,Hesitating recall,fold01,163,0.0,0.0,1.0
3,L3,Hesitating recall,fold01,164,0.0,0.0,1.0
3,L3,Hesitating recall,fold01,165,0.0,0.0,1.0
3,L3,Hesitating recall,fold01,166,0.0,0.0,1.0
3,L3,Hesitating recall,fold01,167,0.0,0.0,1.0
3,L3,Hesitating recall,fold01,168,0.0,0.0,1.0
3,L3,Hesitating recall,fold01,169,0.0,0.0,1.0
3,L3,Hesitating recall,fold01,170,0.0,0.0,1.0
3,L3,Hesitating recall,fold01,171,0.0,0.0,1.0
3,L3,Hesitating recall,fold01,172,0.0,0.0,1.0
3,L3,Hesitating recall,fold01,173,0.0,0.0,1.0
3,L3,Hesitating recall,fold01,174,0.0,0.0,1.0
3,L3,Hesitating recall,fold01,175,0.0,0.0,1.0
3,L3,Hesitating recall,fold01,176,0.0,0.0,1.0
3,L3,Hesitating recall,fold01,177,0.0,0.0,1.0
3,L3,Hesitating recall,fold01,178,0.0,0.0,1.0
3,L3,Hesitating recall,fold01,179,0.0,0.0,1.0
3,L3,Hesitating recall,fold01,180,0.0,0.0,1.0
3,L3,Hesitating recall,fold01,181,0.0,0.0,1.0
3,L3,Hesitating recall,fold01,182,0.0,0.0,1.0
3,L3,Hesitating recall,fold01,183,0.0,0.0,1.0
3,L3,Hesitating recall,fold01,184,0.0,0.0,1.0
3,L3,Hesitating recall,fold01,185,0.0,0.0,1.0
3,L3,Hesitating recall,fold01,186,0.0,0.0,1.0
3,L3,Hesitating recall,fold01,187,0.0,0.0,1.0
3,L3,Hesitating recall,fold01,188,0.0,0.0,1.0
3,L3,Hesitating recall,fold01,189,0.0,0.0,1.0
3,L3,Hesitating recall,fold01,190,0.0,0.0,1.0
3,L3,Hesitating recall,fold01,191,0.0,0.0,1.0
3,L3,Hesitating recall,fold01,192,0.0,0.0,1.0
3,L3,Hesitating recall,fold01,193,0.0,0.0,1.0
3,L3,Hesitating recall,fold01,194,0.0,0.0,1.0
3,L3,Hesitating recall,fold01,195,0.0,0.0,1.0
3,L3,Hesitating recall,fold01,196,0.0,0.0,1.0
3,L3,Hesitating recall,fold01,197,0.0,0.0,1.0
3,L3,Hesitating recall,fold01,198,0.0,0.0,1.0
3,L3,Hesitating recall,fold01,199,0.0,0.0,1.0
3,L3,Hesitating recall,fold01,200,0.0,0.0,1.0
3,L3,Hesitating recall,fold01,201,0.0,0.0,1.0
3,L3,Hesitating recall,fold01,202,0.0,0.0,1.0
3,L3,Hesitating recall,fold01,203,0.0,0.0,1.0
3,L3,Hesitating recall,fold01,204,0.0,0.0,1.0
3,L3,Hesitating recall,fold01,205,0.0,0.0,1.0
3,L3,Hesitating recall,fold01,206,0.0,0.0,1.0
3,L3,Hesitating recall,fold01,207,0.0,0.0,1.0
3,L3,Hesitating recall,fold01,208,0.0,0.0,1.0
3,L3,Hesitating recall,fold01,209,0.0,0.0,1.0
3,L3,Hesitating recall,fold01,210,0.0,0.0,1.0
3,L3,Hesitating recall,fold01,211,0.0,0.0,1.0
3,L3,Hesitating recall,fold01,212,0.0,0.0,1.0
3,L3,Hesitating recall,fold01,213,0.0,0.0,1.0
3,L3,Hesitating recall,fold01,214,0.0,0.0,1.0
3,L3,Hesitating recall,fold01,215,0.0,0.0,1.0
3,L3,Hesitating recall,fold01,216,0.0,0.0,1.0
3,L3,Hesitating recall,fold01,217,0.0,0.0,1.0
3,L3,Hesitating recall,fold01,218,0.0,0.0,1.0
3,L3,Hesitating recall,fold01,219,0.0,0.0,1.0
3,L3,Hesitating recall,fold01,220,0.0,0.0,1.0
3,L3,Hesitating recall,fold01,221,0.0,0.0,1.0
3,L3,Hesitating recall,fold01,222,0.0,0.0,1.0
3,L3,Hesitating recall,fold01,223,0.0,0.0,1.0
3,L3,Hesitating recall,fold01,224,0.0,0.0,1.0
3,L3,Hesitating recall,fold01,225,0.0,0.0,1.0
3,L3,Hesitating recall,fold01,226,0.0,0.0,1.0
3,L3,Hesitating recall,fold01,227,0.0,0.0,1.0
3,L3,Hesitating recall,fold01,228,0.0,0.0,1.0
3,L3,Hesitating recall,fold01,229,0.0,0.0,1.0
3,L3,Hesitating recall,fold01,230,0.0,0.0,1.0
3,L3,Hesitating recall,fold01,231,0.0,0.0,1.0
3,L3,Hesitating recall,fold01,232,0.0,0.0,1.0
3,L3,Hesitating recall,fold01,233,0.0,0.0,1.0
3,L3,Hesitating recall,fold01,234,0.0,0.0,1.0
3,L3,Hesitating recall,fold01,235,0.0,0.0,1.0
3,L3,Hesitating recall,fold01,236,0.0,0.0,1.0
3,L3,Hesitating recall,fold01,237,0.0,0.0,1.0
3,L3,Hesitating recall,fold01,238,0.0,0.0,1.0
3,L3,Hesitating recall,fold01,239,0.0,0.0,1.0
3,L3,Hesitating recall,fold01,240,0.0,0.0,1.0
3,L3,Hesitating recall,fold01,241,0.0,0.0,1.0
3,L3,Hesitating recall,fold01,242,0.0,0.0,1.0
3,L3,Hesitating recall,fold01,243,0.0,0.0,1.0
3,L3,Hesitating recall,fold01,244,0.0,0.0,1.0
3,L3,Hesitating recall,fold01,245,0.0,0.0,1.0
3,L3,Hesitating recall,fold01,246,0.0,0.0,1.0
3,L3,Hesitating recall,fold01,247,0.0,0.0,1.0
3,L3,Hesitating recall,fold01,248,0.0,0.0,1.0
3,L3,Hesitating recall,fold01,249,0.0,0.0,1.0
3,L3,Hesitating recall,fold01,250,0.0,0.0,1.0
3,L3,Hesitating recall,fold01,251,0.0,0.0,1.0
3,L3,Hesitating recall,fold01,252,0.0,0.0,1.0
3,L3,Hesitating recall,fold01,253,0.0,0.0,1.0
3,L3,Hesitating recall,fold01,254,0.0,0.0,1.0
3,L3,Hesitating recall,fold01,255,0.0,0.0,1.0
3,L3,Hesitating recall,fold01,256,0.0,0.0,1.0
3,L3,Hesitating recall,fold01,257,0.0,0.0,1.0
3,L3,Hesitating recall,fold01,258,0.0,0.0,1.0
3,L3,Hesitating recall,fold01,259,0.0,0.0,1.0
3,L3,Hesitating recall,fold01,260,0.0,0.0,1.0
3,L3,Hesitating recall,fold01,261,0.0,0.0,1.0
3,L3,Hesitating recall,fold01,262,0.0,0.0,1.0
3,L3,Hesitating recall,fold01,263,0.0,0.0,1.0
3,L3,Hesitating recall,fold01,264,0.0,0.0,1.0
3,L3,Hesitating recall,fold01,265,0.0,0.0,1.0
3,L3,Hesitating recall,fold01,266,0.0,0.0,1.0
3,L3,Hesitating recall,fold01,267,0.0,0.0,1.0
3,L3,Hesitating recall,fold01,268,0.0,0.0,1.0
3,L3,Hesitating recall,fold01,269,0.0,0.0,1.0
3,L3,Hesitating recall,fold01,270,0.0,0.0,1.0
3,L3,Hesitating recall,fold01,271,0.0,0.0,1.0
3,L3,Hesitating recall,fold01,272,0.0,0.0,1.0
3,L3,Hesitating recall,fold01,273,0.0,0.0,1.0
3,L3,Hesitating recall,fold01,274,0.0,0.0,1.0
3,L3,Hesitating recall,fold01,275,0.0,0.0,1.0
3,L3,Hesitating recall,fold01,276,0.0,0.0,1.0
3,L3,Hesitating recall,fold01,277,0.0,0.0,1.0
3,L3,Hesitating recall,fold01,278,0.0,0.0,1.0
3,L3,Hesitating recall,fold01,279,0.0,0.0,1.0
3,L3,Hesitating recall,fold01,280,0.0,0.0,1.0
3,L3,Hesitating recall,fold01,281,0.0,0.0,1.0
3,L3,Hesitating recall,fold01,282,0.0,0.0,1.0
3,L3,Hesitating recall,fold01,283,0.0,0.0,1.0
3,L3,Hesitating recall,fold01,284,0.0,0.0,1.0
3,L3,Hesitating recall,fold01,285,0.0,0.0,1.0
3,L3,Hesitating recall,fold01,286,0.0,0.0,1.0
3,L3,Hesitating recall,fold01,287,0.0,0.0,1.0
3,L3,Hesitating recall,fold01,288,0.0,0.0,1.0
3,L3,Hesitating recall,fold01,289,0.0,0.0,1.0
3,L3,Hesitating recall,fold01,290,0.0,0.0,1.0
3,L3,Hesitating recall,fold01,291,0.0,0.0,1.0
3,L3,Hesitating recall,fold01,292,0.0,0.0,1.0
3,L3,Hesitating recall,fold01,293,0.0,0.0,1.0
3,L3,Hesitating recall,fold01,294,0.0,0.0,1.0
3,L3,Hesitating recall,fold01,295,0.0,0.0,1.0
3,L3,Hesitating recall,fold01,296,0.0,0.0,1.0
3,L3,Hesitating recall,fold01,297,0.0,0.0,1.0
3,L3,Hesitating recall,fold01,298,0.0,0.0,1.0
3,L3,Hesitating recall,fold01,299,0.0,0.0,1.0
3,L3,Hesitating recall,fold01,300,0.0,0.0,1.0
3,L3,Hesitating recall,fold01,301,0.0,0.0,1.0
3,L3,Hesitating recall,fold01,302,0.0,0.0,1.0
3,L3,Hesitating recall,fold01,303,0.0,0.0,1.0
3,L3,Hesitating recall,fold01,304,0.0,0.0,1.0
3,L3,Hesitating recall,fold01,305,0.0,0.0,1.0
3,L3,Hesitating recall,fold01,306,0.0,0.0,1.0
3,L3,Hesitating recall,fold01,307,0.0,0.0,1.0
3,L3,Hesitating recall,fold01,308,0.0,0.0,1.0
3,L3,Hesitating recall,fold01,309,0.0,0.0,1.0
3,L3,Hesitating recall,fold01,310,0.0,0.0,1.0
3,L3,Hesitating recall,fold01,311,0.0,0.0,1.0
3,L3,Hesitating recall,fold01,312,0.0,0.0,1.0
3,L3,Hesitating recall,fold01,313,0.0,0.0,1.0
3,L3,Hesitating recall,fold01,314,0.0,0.0,1.0
3,L3,Hesitating recall,fold01,315,0.0,0.0,1.0
3,L3,Hesitating recall,fold01,316,0.0,0.0,1.0
3,L3,Hesitating recall,fold01,317,0.0,0.0,1.0
3,L3,Hesitating recall,fold01,318,0.0,0.0,1.0
3,L3,Hesitating recall,fold01,319,0.0,0.0,1.0
3,L3,Hesitating recall,fold01,320,0.0,0.0,1.0
3,L3,Hesitating recall,fold01,321,0.0,0.0,1.0
3,L3,Hesitating recall,fold01,322,0.0,0.0,1.0
3,L3,Hesitating recall,fold01,323,0.0,0.0,1.0
3,L3,Hesitating recall,fold01,324,0.0,0.0,1.0
3,L3,Hesitating recall,fold01,325,0.0,0.0,1.0
3,L3,Hesitating recall,fold01,326,0.0,0.0,1.0
3,L3,Hesitating recall,fold01,327,0.0,0.0,1.0
3,L3,Hesitating recall,fold01,328,0.0,0.0,1.0
3,L3,Hesitating recall,fold01,329,0.0,0.0,1.0
3,L3,Hesitating recall,fold01,330,0.0,0.0,1.0
3,L3,Hesitating recall,fold01,331,0.0,0.0,1.0
3,L3,Hesitating recall,fold01,332,0.0,0.0,1.0
3,L3,Hesitating recall,fold01,333,0.0,0.0,1.0
3,L3,Hesitating recall,fold01,334,0.0,0.0,1.0
3,L3,Hesitating recall,fold01,335,0.0,0.0,1.0
3,L3,Hesitating recall,fold01,336,0.0,0.0,1.0
3,L3,Hesitating recall,fold01,337,0.0,0.0,1.0
3,L3,Hesitating recall,fold01,338,0.0,0.0,1.0
3,L3,Hesitating recall,fold01,339,0.0,0.0,1.0
3,L3,Hesitating recall,fold01,340,0.0,0.0,1.0
3,L3,Hesitating recall,fold01,341,0.0,0.0,1.0
3,L3,Hesitating recall,fold01,342,0.0,0.0,1.0
3,L3,Hesitating recall,fold01,343,0.0,0.0,1.0
3,L3,Hesitating recall,fold01,344,0.0,0.0,1.0
3,L3,Hesitating recall,fold01,345,0.0,0.0,1.0
3,L3,Hesitating recall,fold01,346,0.0,0.0,1.0
3,L3,Hesitating recall,fold01,347,0.0,0.0,1.0
3,L3,Hesitating recall,fold01,348,0.0,0.0,1.0
3,L3,Hesitating recall,fold01,349,0.0,0.0,1.0
3,L3,Hesitating recall,fold01,350,0.0,0.0,1.0
3,L3,Hesitating recall,fold01,351,0.0,0.0,1.0
3,L3,Hesitating recall,fold01,352,0.0,0.0,1.0
3,L3,Hesitating recall,fold01,353,0.0,0.0,1.0
3,L3,Hesitating recall,fold01,354,0.0,0.0,1.0
3,L3,Hesitating recall,fold01,355,0.0,0.0,1.0
3,L3,Hesitating recall,fold01,356,0.0,0.0,1.0
3,L3,Hesitating recall,fold01,357,0.0,0.0,1.0
3,L3,Hesitating recall,fold01,358,0.0,0.0,1.0
3,L3,Hesitating recall,fold01,359,0.0,0.0,1.0
3,L3,Hesitating recall,fold01,360,0.0,0.0,1.0
3,L3,Hesitating recall,fold01,361,0.0,0.0,1.0
3,L3,Hesitating recall,fold01,362,0.0,0.0,1.0
3,L3,Hesitating recall,fold01,363,0.0,0.0,1.0
3,L3,Hesitating recall,fold01,364,0.0,0.0,1.0
3,L3,Hesitating recall,fold01,365,0.0,0.0,1.0
3,L3,Hesitating recall,fold01,366,0.0,0.0,1.0
3,L3,Hesitating recall,fold01,367,0.0,0.0,1.0
3,L3,Hesitating recall,fold01,368,0.0,0.0,1.0
3,L3,Hesitating recall,fold01,369,0.0,0.0,1.0
3,L3,Hesitating recall,fold01,370,0.0,0.0,1.0
3,L3,Hesitating recall,fold01,371,0.0,0.0,1.0
3,L3,Hesitating recall,fold01,372,0.0,0.0,1.0
3,L3,Hesitating recall,fold01,373,0.0,0.0,1.0
3,L3,Hesitating recall,fold01,374,0.0,0.0,1.0
3,L3,Hesitating recall,fold01,375,0.0,0.0,1.0
3,L3,Hesitating recall,fold01,376,0.0,0.0,1.0
3,L3,Hesitating recall,fold01,377,0.0,0.0,1.0
3,L3,Hesitating recall,fold01,378,0.0,0.0,1.0
3,L3,Hesitating recall,fold01,379,0.0,0.0,1.0
3,L3,Hesitating recall,fold01,380,0.0,0.0,1.0
3,L3,Hesitating recall,fold01,381,0.0,0.0,1.0
3,L3,Hesitating recall,fold01,382,0.0,0.0,1.0
3,L3,Hesitating recall,fold01,383,0.0,0.0,1.0
3,L3,Hesitating recall,fold01,384,0.0,0.0,1.0
3,L3,Hesitating recall,fold01,385,0.0,0.0,1.0
3,L3,Hesitating recall,fold01,386,0.0,0.0,1.0
3,L3,Hesitating recall,fold01,387,0.0,0.0,1.0
3,L3,Hesitating recall,fold01,388,0.0,0.0,1.0
3,L3,Hesitating recall,fold01,389,0.0,0.0,1.0
3,L3,Hesitating recall,fold01,390,0.0,0.0,1.0
3,L3,Hesitating recall,fold01,391,0.0,0.0,1.0
3,L3,Hesitating recall,fold01,392,0.0,0.0,1.0
3,L3,Hesitating recall,fold01,393,0.0,0.0,1.0
3,L3,Hesitating recall,fold01,394,0.0,0.0,1.0
3,L3,Hesitating recall,fold01,395,0.0,0.0,1.0
3,L3,Hesitating recall,fold01,396,0.0,0.0,1.0
3,L3,Hesitating recall,fold01,397,0.0,0.0,1.0
3,L3,Hesitating recall,fold01,398,0.0,0.0,1.0
3,L3,Hesitating recall,fold01,399,0.0,0.0,1.0
3,L3,Hesitating recall,fold01,400,0.0,0.0,1.0
3,L3,Hesitating recall,fold01,401,0.0,0.0,1.0
3,L3,Hesitating recall,fold01,402,0.0,0.0,1.0
3,L3,Hesitating recall,fold01,403,0.0,0.0,1.0
3,L3,Hesitating recall,fold01,404,0.0,0.0,1.0
3,L3,Hesitating recall,fold01,405,0.0,0.0,1.0
3,L3,Hesitating recall,fold01,406,0.0,0.0,1.0
3,L3,Hesitating recall,fold01,407,0.0,0.0,1.0
3,L3,Hesitating recall,fold01,408,0.0,0.0,1.0
3,L3,Hesitating recall,fold01,409,0.0,0.0,1.0
3,L3,Hesitating recall,fold01,410,0.0,0.0,1.0
3,L3,Hesitating recall,fold01,411,0.0,0.0,1.0
3,L3,Hesitating recall,fold01,412,0.0,0.0,1.0
3,L3,Hesitating recall,fold01,413,0.0,0.0,1.0
3,L3,Hesitating recall,fold01,414,0.0,0.0,1.0
3,L3,Hesitating recall,fold01,415,0.0,0.0,1.0
3,L3,Hesitating recall,fold01,416,0.0,0.0,1.0
3,L3,Hesitating recall,fold01,417,0.0,0.0,1.0
3,L3,Hesitating recall,fold01,418,0.0,0.0,1.0
3,L3,Hesitating recall,fold01,419,0.0,0.0,1.0
3,L3,Hesitating recall,fold01,420,0.0,0.0,1.0
3,L3,Hesitating recall,fold01,421,0.0,0.0,1.0
3,L3,Hesitating recall,fold01,422,0.0,0.0,1.0
3,L3,Hesitating recall,fold01,423,0.0,0.0,1.0
3,L3,Hesitating recall,fold01,424,0.0,0.0,1.0
3,L3,Hesitating recall,fold01,425,0.0,0.0,1.0
3,L3,Hesitating recall,fold01,426,0.0,0.0,1.0
3,L3,Hesitating recall,fold01,427,0.0,0.0,1.0
3,L3,Hesitating recall,fold01,428,0.0,0.0,1.0
3,L3,Hesitating recall,fold01,429,0.0,0.0,1.0
3,L3,Hesitating recall,fold01,430,0.0,0.0,1.0
3,L3,Hesitating recall,fold01,431,0.0,0.0,1.0
3,L3,Hesitating recall,fold01,432,0.0,0.0,1.0
3,L3,Hesitating recall,fold01,433,0.0,0.0,1.0
3,L3,Hesitating recall,fold01,434,0.0,0.0,1.0
3,L3,Hesitating recall,fold01,435,0.0,0.0,1.0
3,L3,Hesitating recall,fold01,436,0.0,0.0,1.0
3,L3,Hesitating recall,fold01,437,0.0,0.0,1.0
3,L3,Hesitating recall,fold01,438,0.0,0.0,1.0
3,L3,Hesitating recall,fold01,439,0.0,0.0,1.0
3,L3,Hesitating recall,fold01,440,0.0,0.0,1.0
3,L3,Hesitating recall,fold01,441,0.0,0.0,1.0
3,L3,Hesitating recall,fold01,442,0.0,0.0,1.0
3,L3,Hesitating recall,fold01,443,0.0,0.0,1.0
3,L3,Hesitating recall,fold01,444,0.0,0.0,1.0
3,L3,Hesitating recall,fold01,445,0.0,0.0,1.0
3,L3,Hesitating recall,fold01,446,0.0,0.0,1.0
3,L3,Hesitating recall,fold01,447,0.0,0.0,1.0
3,L3,Hesitating recall,fold01,448,0.0,0.0,1.0
3,L3,Hesitating recall,fold01,449,0.0,0.0,1.0
3,L3,Hesitating recall,fold01,450,0.0,0.0,1.0
3,L3,Hesitating recall,fold01,451,0.0,0.0,1.0
3,L3,Hesitating recall,fold01,452,0.0,0.0,1.0
3,L3,Hesitating recall,fold01,453,0.0,0.0,1.0
3,L3,Hesitating recall,fold01,454,0.0,0.0,1.0
3,L3,Hesitating recall,fold01,455,0.0,0.0,1.0
3,L3,Hesitating recall,fold01,456,0.0,0.0,1.0
3,L3,Hesitating recall,fold01,457,0.0,0.0,1.0
3,L3,Hesitating recall,fold01,458,0.0,0.0,1.0
3,L3,Hesitating recall,fold01,459,0.0,0.0,1.0
3,L3,Hesitating recall,fold01,460,0.0,0.0,1.0
3,L3,Hesitating recall,fold01,461,0.0,0.0,1.0
3,L3,Hesitating recall,fold01,462,0.0,0.0,1.0
3,L3,Hesitating recall,fold01,463,0.0,0.0,1.0
3,L3,Hesitating recall,fold01,464,0.0,0.0,1.0
3,L3,Hesitating recall,fold01,465,0.0,0.0,1.0
3,L3,Hesitating recall,fold01,466,0.0,0.0,1.0
3,L3,Hesitating recall,fold01,467,0.0,0.0,1.0
3,L3,Hesitating recall,fold01,468,0.0,0.0,1.0
3,L3,Hesitating recall,fold01,469,0.0,0.0,1.0
3,L3,Hesitating recall,fold01,470,0.0,0.0,1.0
3,L3,Hesitating recall,fold01,471,0.0,0.0,1.0
3,L3,Hesitating recall,fold01,472,0.0,0.0,1.0
3,L3,Hesitating recall,fold01,473,0.0,0.0,1.0
3,L3,Hesitating recall,fold01,474,0.0,0.0,1.0
3,L3,Hesitating recall,fold01,475,0.0,0.0,1.0
3,L3,Hesitating recall,fold01,476,0.0,0.0,1.0
3,L3,Hesitating recall,fold01,477,0.0,0.0,1.0
3,L3,Hesitating recall,fold01,478,0.0,0.0,1.0
3,L3,Hesitating recall,fold01,479,0.0,0.0,1.0
3,L3,Hesitating recall,fold01,480,0.0,0.0,1.0
3,L3,Hesitating recall,fold01,481,0.0,0.0,1.0
3,L3,Hesitating recall,fold01,482,0.0,0.0,1.0
3,L3,Hesitating recall,fold01,483,0.0,0.0,1.0
3,L3,Hesitating recall,fold01,484,0.0,0.0,1.0
3,L3,Hesitating recall,fold01,485,0.0,0.0,1.0
3,L3,Hesitating recall,fold01,486,0.0,0.0,1.0
3,L3,Hesitating recall,fold01,487,0.0,0.0,1.0
3,L3,Hesitating recall,fold01,488,0.0,0.0,1.0
3,L3,Hesitating recall,fold01,489,0.0,0.0,1.0
3,L3,Hesitating recall,fold01,490,0.0,0.0,1.0
3,L3,Hesitating recall,fold01,491,0.0,0.0,1.0
3,L3,Hesitating recall,fold01,492,0.0,0.0,1.0
3,L3,Hesitating recall,fold01,493,0.0,0.0,1.0
3,L3,Hesitating recall,fold01,494,0.0,0.0,1.0
3,L3,Hesitating recall,fold01,495,0.0,0.0,1.0
3,L3,Hesitating recall,fold01,496,0.0,0.0,1.0
3,L3,Hesitating recall,fold01,497,0.0,0.0,1.0
3,L3,Hesitating recall,fold01,498,0.0,0.0,1.0
3,L3,Hesitating recall,fold01,499,0.0,0.0,1.0
3,L3,Hesitating recall,fold01,500,0.0,0.0,1.0
3,L3,Hesitating recall,fold02,1,0.0,0.0,1.0
3,L3,Hesitating recall,fold02,2,0.0,0.0,1.0
3,L3,Hesitating recall,fold02,3,0.0,0.0,1.0
3,L3,Hesitating recall,fold02,4,0.0,0.0,1.0
3,L3,Hesitating recall,fold02,5,0.0,0.0,1.0
3,L3,Hesitating recall,fold02,6,0.0,0.0,1.0
3,L3,Hesitating recall,fold02,7,0.0,0.0,1.0
3,L3,Hesitating recall,fold02,8,0.0,0.0,1.0
3,L3,Hesitating recall,fold02,9,0.0,0.0,1.0
3,L3,Hesitating recall,fold02,10,0.0,0.0,1.0
3,L3,Hesitating recall,fold02,11,0.0,0.0,1.0
3,L3,Hesitating recall,fold02,12,0.0,0.0,1.0
3,L3,Hesitating recall,fold02,13,0.0,0.0,1.0
3,L3,Hesitating recall,fold02,14,0.0,0.0,1.0
3,L3,Hesitating recall,fold02,15,0.0,0.0,1.0
3,L3,Hesitating recall,fold02,16,0.0,0.0,1.0
3,L3,Hesitating recall,fold02,17,0.0,0.0,1.0
3,L3,Hesitating recall,fold02,18,0.0,0.0,1.0
3,L3,Hesitating recall,fold02,19,0.0,0.0,1.0
3,L3,Hesitating recall,fold02,20,0.0,0.0,1.0
3,L3,Hesitating recall,fold02,21,0.0,0.0,1.0
3,L3,Hesitating recall,fold02,22,0.0,0.0,1.0
3,L3,Hesitating recall,fold02,23,0.0,0.0,1.0
3,L3,Hesitating recall,fold02,24,0.0,0.0,1.0
3,L3,Hesitating recall,fold02,25,0.0,0.0,1.0
3,L3,Hesitating recall,fold02,26,0.0,0.0,1.0
3,L3,Hesitating recall,fold02,27,0.0,0.0,1.0
3,L3,Hesitating recall,fold02,28,0.0,0.0,1.0
3,L3,Hesitating recall,fold02,29,0.0,0.0,1.0
3,L3,Hesitating recall,fold02,30,0.0,0.0,1.0
3,L3,Hesitating recall,fold02,31,0.0,0.0,1.0
3,L3,Hesitating recall,fold02,32,0.0,0.0,1.0
3,L3,Hesitating recall,fold02,33,0.0,0.0,1.0
3,L3,Hesitating recall,fold02,34,0.0,0.0,1.0
3,L3,Hesitating recall,fold02,35,0.0,0.0,1.0
3,L3,Hesitating recall,fold02,36,0.0,0.0,1.0
3,L3,Hesitating recall,fold02,37,0.0,0.0,1.0
3,L3,Hesitating recall,fold02,38,0.0,0.0,1.0
3,L3,Hesitating recall,fold02,39,0.0,0.0,1.0
3,L3,Hesitating recall,fold02,40,0.0,0.0,1.0
3,L3,Hesitating recall,fold02,41,0.0,0.0,1.0
3,L3,Hesitating recall,fold02,42,0.0,0.0,1.0
3,L3,Hesitating recall,fold02,43,0.0,0.0,1.0
3,L3,Hesitating recall,fold02,44,0.0,0.0,1.0
3,L3,Hesitating recall,fold02,45,0.0,0.0,1.0
3,L3,Hesitating recall,fold02,46,0.0,0.0,1.0
3,L3,Hesitating recall,fold02,47,0.0,0.0,1.0
3,L3,Hesitating recall,fold02,48,0.0,0.0,1.0
3,L3,Hesitating recall,fold02,49,0.0,0.0,1.0
3,L3,Hesitating recall,fold02,50,0.0,0.0,1.0
3,L3,Hesitating recall,fold02,51,0.0,0.0,1.0
3,L3,Hesitating recall,fold02,52,0.0,0.0,1.0
3,L3,Hesitating recall,fold02,53,0.0,0.0,1.0
3,L3,Hesitating recall,fold02,54,0.0,0.0,1.0
3,L3,Hesitating recall,fold02,55,0.0,0.0,1.0
3,L3,Hesitating recall,fold02,56,0.0,0.0,1.0
3,L3,Hesitating recall,fold02,57,0.0,0.0,1.0
3,L3,Hesitating recall,fold02,58,0.0,0.0,1.0
3,L3,Hesitating recall,fold02,59,0.0,0.0,1.0
3,L3,Hesitating recall,fold02,60,0.0,0.0,1.0
3,L3,Hesitating recall,fold02,61,0.0,0.0,1.0
3,L3,Hesitating recall,fold02,62,0.0,0.0,1.0
3,L3,Hesitating recall,fold02,63,0.0,0.0,1.0
3,L3,Hesitating recall,fold02,64,0.0,0.0,1.0
3,L3,Hesitating recall,fold02,65,0.0,0.0,1.0
3,L3,Hesitating recall,fold02,66,0.0,0.0,1.0
3,L3,Hesitating recall,fold02,67,0.0,0.0,1.0
3,L3,Hesitating recall,fold02,68,0.0,0.0,1.0
3,L3,Hesitating recall,fold02,69,0.0,0.0,1.0
3,L3,Hesitating recall,fold02,70,0.0,0.0,1.0
3,L3,Hesitating recall,fold02,71,0.0,0.0,1.0
3,L3,Hesitating recall,fold02,72,0.0,0.0,1.0
3,L3,Hesitating recall,fold02,73,0.0,0.0,1.0
3,L3,Hesitating recall,fold02,74,0.0,0.0,1.0
3,L3,Hesitating recall,fold02,75,0.0,0.0,1.0
3,L3,Hesitating recall,fold02,76,0.0,0.0,1.0
3,L3,Hesitating recall,fold02,77,0.0,0.0,1.0
3,L3,Hesitating recall,fold02,78,0.0,0.0,1.0
3,L3,Hesitating recall,fold02,79,0.0,0.0,1.0
3,L3,Hesitating recall,fold02,80,0.0,0.0,1.0
3,L3,Hesitating recall,fold02,81,0.0,0.0,1.0
3,L3,Hesitating recall,fold02,82,0.0,0.0,1.0
3,L3,Hesitating recall,fold02,83,0.0,0.0,1.0
3,L3,Hesitating recall,fold02,84,0.0,0.0,1.0
3,L3,Hesitating recall,fold02,85,0.0,0.0,1.0
3,L3,Hesitating recall,fold02,86,0.0,0.0,1.0
3,L3,Hesitating recall,fold02,87,0.0,0.0,1.0
3,L3,Hesitating recall,fold02,88,0.0,0.0,1.0
3,L3,Hesitating recall,fold02,89,0.0,0.0,1.0
3,L3,Hesitating recall,fold02,90,0.0,0.0,1.0
3,L3,Hesitating recall,fold02,91,0.0,0.0,1.0
3,L3,Hesitating recall,fold02,92,0.0,0.0,1.0
3,L3,Hesitating recall,fold02,93,0.0,0.0,1.0
3,L3,Hesitating recall,fold02,94,0.0,0.0,1.0
3,L3,Hesitating recall,fold02,95,0.0,0.0,1.0
3,L3,Hesitating recall,fold02,96,0.0,0.0,1.0
3,L3,Hesitating recall,fold02,97,0.0,0.0,1.0
3,L3,Hesitating recall,fold02,98,0.0,0.0,1.0
3,L3,Hesitating recall,fold02,99,0.0,0.0,1.0
3,L3,Hesitating recall,fold02,100,0.0,0.0,1.0
3,L3,Hesitating recall,fold02,101,0.0,0.0,1.0
3,L3,Hesitating recall,fold02,102,0.0,0.0,1.0
3,L3,Hesitating recall,fold02,103,0.0,0.0,1.0
3,L3,Hesitating recall,fold02,104,0.0,0.0,1.0
3,L3,Hesitating recall,fold02,105,0.0,0.0,1.0
3,L3,Hesitating recall,fold02,106,0.0,0.0,1.0
3,L3,Hesitating recall,fold02,107,0.0,0.0,1.0
3,L3,Hesitating recall,fold02,108,0.0,0.0,1.0
3,L3,Hesitating recall,fold02,109,0.0,0.0,1.0
3,L3,Hesitating recall,fold02,110,0.0,0.0,1.0
3,L3,Hesitating recall,fold02,111,0.0,0.0,1.0
3,L3,Hesitating recall,fold02,112,0.0,0.0,1.0
3,L3,Hesitating recall,fold02,113,0.0,0.0,1.0
3,L3,Hesitating recall,fold02,114,0.0,0.0,1.0
3,L3,Hesitating recall,fold02,115,0.0,0.0,1.0
3,L3,Hesitating recall,fold02,116,0.0,0.0,1.0
3,L3,Hesitating recall,fold02,117,0.0,0.0,1.0
3,L3,Hesitating recall,fold02,118,0.0,0.0,1.0
3,L3,Hesitating recall,fold02,119,0.0,0.0,1.0
3,L3,Hesitating recall,fold02,120,0.0,0.0,1.0
3,L3,Hesitating recall,fold02,121,0.0,0.0,1.0
3,L3,Hesitating recall,fold02,122,0.0,0.0,1.0
3,L3,Hesitating recall,fold02,123,0.0,0.0,1.0
3,L3,Hesitating recall,fold02,124,0.0,0.0,1.0
3,L3,Hesitating recall,fold02,125,0.0,0.0,1.0
3,L3,Hesitating recall,fold02,126,0.0,0.0,1.0
3,L3,Hesitating recall,fold02,127,0.0,0.0,1.0
3,L3,Hesitating recall,fold02,128,0.0,0.0,1.0
3,L3,Hesitating recall,fold02,129,0.0,0.0,1.0
3,L3,Hesitating recall,fold02,130,0.0,0.0,1.0
3,L3,Hesitating recall,fold02,131,0.0,0.0,1.0
3,L3,Hesitating recall,fold02,132,0.0,0.0,1.0
3,L3,Hesitating recall,fold02,133,0.0,0.0,1.0
3,L3,Hesitating recall,fold02,134,0.0,0.0,1.0
3,L3,Hesitating recall,fold02,135,0.0,0.0,1.0
3,L3,Hesitating recall,fold02,136,0.0,0.0,1.0
3,L3,Hesitating recall,fold02,137,0.0,0.0,1.0
3,L3,Hesitating recall,fold02,138,0.0,0.0,1.0
3,L3,Hesitating recall,fold02,139,0.0,0.0,1.0
3,L3,Hesitating recall,fold02,140,0.0,0.0,1.0
3,L3,Hesitating recall,fold02,141,0.0,0.0,1.0
3,L3,Hesitating recall,fold02,142,0.0,0.0,1.0
3,L3,Hesitating recall,fold02,143,0.0,0.0,1.0
3,L3,Hesitating recall,fold02,144,0.0,0.0,1.0
3,L3,Hesitating recall,fold02,145,0.0,0.0,1.0
3,L3,Hesitating recall,fold02,146,0.0,0.0,1.0
3,L3,Hesitating recall,fold02,147,0.0,0.0,1.0
3,L3,Hesitating recall,fold02,148,0.0,0.0,1.0
3,L3,Hesitating recall,fold02,149,0.0,0.0,1.0
3,L3,Hesitating recall,fold02,150,0.0,0.0,1.0
3,L3,Hesitating recall,fold02,151,0.0,0.0,1.0
3,L3,Hesitating recall,fold02,152,0.0,0.0,1.0
3,L3,Hesitating recall,fold02,153,0.0,0.0,1.0
3,L3,Hesitating recall,fold02,154,0.0,0.0,1.0
3,L3,Hesitating recall,fold02,155,0.0,0.0,1.0
3,L3,Hesitating recall,fold02,156,0.0,0.0,1.0
3,L3,Hesitating recall,fold02,157,0.0,0.0,1.0
3,L3,Hesitating recall,fold02,158,0.0,0.0,1.0
3,L3,Hesitating recall,fold02,159,0.0,0.0,1.0
3,L3,Hesitating recall,fold02,160,0.0,0.0,1.0
3,L3,Hesitating recall,fold02,161,0.0,0.0,1.0
3,L3,Hesitating recall,fold02,162,0.0,0.0,1.0
3,L3,Hesitating recall,fold02,163,0.0,0.0,1.0
3,L3,Hesitating recall,fold02,164,0.0,0.0,1.0
3,L3,Hesitating recall,fold02,165,0.0,0.0,1.0
3,L3,Hesitating recall,fold02,166,0.0,0.0,1.0
3,L3,Hesitating recall,fold02,167,0.0,0.0,1.0
3,L3,Hesitating recall,fold02,168,0.0,0.0,1.0
3,L3,Hesitating recall,fold02,169,0.0,0.0,1.0
3,L3,Hesitating recall,fold02,170,0.0,0.0,1.0
3,L3,Hesitating recall,fold02,171,0.0,0.0,1.0
3,L3,Hesitating recall,fold02,172,0.0,0.0,1.0
3,L3,Hesitating recall,fold02,173,0.0,0.0,1.0
3,L3,Hesitating recall,fold02,174,0.0,0.0,1.0
3,L3,Hesitating recall,fold02,175,0.0,0.0,1.0
3,L3,Hesitating recall,fold02,176,0.0,0.0,1.0
3,L3,Hesitating recall,fold02,177,0.0,0.0,1.0
3,L3,Hesitating recall,fold02,178,0.0,0.0,1.0
3,L3,Hesitating recall,fold02,179,0.0,0.0,1.0
3,L3,Hesitating recall,fold02,180,0.0,0.0,1.0
3,L3,Hesitating recall,fold02,181,0.0,0.0,1.0
3,L3,Hesitating recall,fold02,182,0.0,0.0,1.0
3,L3,Hesitating recall,fold02,183,0.0,0.0,1.0
3,L3,Hesitating recall,fold02,184,0.0,0.0,1.0
3,L3,Hesitating recall,fold02,185,0.0,0.0,1.0
3,L3,Hesitating recall,fold02,186,0.0,0.0,1.0
3,L3,Hesitating recall,fold02,187,0.0,0.0,1.0
3,L3,Hesitating recall,fold02,188,0.0,0.0,1.0
3,L3,Hesitating recall,fold02,189,0.0,0.0,1.0
3,L3,Hesitating recall,fold02,190,0.0,0.0,1.0
3,L3,Hesitating recall,fold02,191,0.0,0.0,1.0
3,L3,Hesitating recall,fold02,192,0.0,0.0,1.0
3,L3,Hesitating recall,fold02,193,0.0,0.0,1.0
3,L3,Hesitating recall,fold02,194,0.0,0.0,1.0
3,L3,Hesitating recall,fold02,195,0.0,0.0,1.0
3,L3,Hesitating recall,fold02,196,0.0,0.0,1.0
3,L3,Hesitating recall,fold02,197,0.0,0.0,1.0
3,L3,Hesitating recall,fold02,198,0.0,0.0,1.0
3,L3,Hesitating recall,fold02,199,0.0,0.0,1.0
3,L3,Hesitating recall,fold02,200,0.0,0.0,1.0
3,L3,Hesitating recall,fold02,201,0.0,0.0,1.0
3,L3,Hesitating recall,fold02,202,0.0,0.0,1.0
3,L3,Hesitating recall,fold02,203,0.0,0.0,1.0
3,L3,Hesitating recall,fold02,204,0.0,0.0,1.0
3,L3,Hesitating recall,fold02,205,0.0,0.0,1.0
3,L3,Hesitating recall,fold02,206,0.0,0.0,1.0
3,L3,Hesitating recall,fold02,207,0.0,0.0,1.0
3,L3,Hesitating recall,fold02,208,0.0,0.0,1.0
3,L3,Hesitating recall,fold02,209,0.0,0.0,1.0
3,L3,Hesitating recall,fold02,210,0.0,0.0,1.0
3,L3,Hesitating recall,fold02,211,0.0,0.0,1.0
3,L3,Hesitating recall,fold02,212,0.0,0.0,1.0
3,L3,Hesitating recall,fold02,213,0.0,0.0,1.0
3,L3,Hesitating recall,fold02,214,0.0,0.0,1.0
3,L3,Hesitating recall,fold02,215,0.0,0.0,1.0
3,L3,Hesitating recall,fold02,216,0.0,0.0,1.0
3,L3,Hesitating recall,fold02,217,0.0,0.0,1.0
3,L3,Hesitating recall,fold02,218,0.0,0.0,1.0
3,L3,Hesitating recall,fold02,219,0.0,0.0,1.0
3,L3,Hesitating recall,fold02,220,0.0,0.0,1.0
3,L3,Hesitating recall,fold02,221,0.0,0.0,1.0
3,L3,Hesitating recall,fold02,222,0.0,0.0,1.0
3,L3,Hesitating recall,fold02,223,0.0,0.0,1.0
3,L3,Hesitating recall,fold02,224,0.0,0.0,1.0
3,L3,Hesitating recall,fold02,225,0.0,0.0,1.0
3,L3,Hesitating recall,fold02,226,0.0,0.0,1.0
3,L3,Hesitating recall,fold02,227,0.0,0.0,1.0
3,L3,Hesitating recall,fold02,228,0.0,0.0,1.0
3,L3,Hesitating recall,fold02,229,0.0,0.0,1.0
3,L3,Hesitating recall,fold02,230,0.0,0.0,1.0
3,L3,Hesitating recall,fold02,231,0.0,0.0,1.0
3,L3,Hesitating recall,fold02,232,0.0,0.0,1.0
3,L3,Hesitating recall,fold02,233,0.0,0.0,1.0
3,L3,Hesitating recall,fold02,234,0.0,0.0,1.0
3,L3,Hesitating recall,fold02,235,0.0,0.0,1.0
3,L3,Hesitating recall,fold02,236,0.0,0.0,1.0
3,L3,Hesitating recall,fold02,237,0.0,0.0,1.0
3,L3,Hesitating recall,fold02,238,0.0,0.0,1.0
3,L3,Hesitating recall,fold02,239,0.0,0.0,1.0
3,L3,Hesitating recall,fold02,240,0.0,0.0,1.0
3,L3,Hesitating recall,fold02,241,0.0,0.0,1.0
3,L3,Hesitating recall,fold02,242,0.0,0.0,1.0
3,L3,Hesitating recall,fold02,243,0.0,0.0,1.0
3,L3,Hesitating recall,fold02,244,0.0,0.0,1.0
3,L3,Hesitating recall,fold02,245,0.0,0.0,1.0
3,L3,Hesitating recall,fold02,246,0.0,0.0,1.0
3,L3,Hesitating recall,fold02,247,0.0,0.0,1.0
3,L3,Hesitating recall,fold02,248,0.0,0.0,1.0
3,L3,Hesitating recall,fold02,249,0.0,0.0,1.0
3,L3,Hesitating recall,fold02,250,0.0,0.0,1.0
3,L3,Hesitating recall,fold02,251,0.0,0.0,1.0
3,L3,Hesitating recall,fold02,252,0.0,0.0,1.0
3,L3,Hesitating recall,fold02,253,0.0,0.0,1.0
3,L3,Hesitating recall,fold02,254,0.0,0.0,1.0
3,L3,Hesitating recall,fold02,255,0.0,0.0,1.0
3,L3,Hesitating recall,fold02,256,0.0,0.0,1.0
3,L3,Hesitating recall,fold02,257,0.0,0.0,1.0
3,L3,Hesitating recall,fold02,258,0.0,0.0,1.0
3,L3,Hesitating recall,fold02,259,0.0,0.0,1.0
3,L3,Hesitating recall,fold02,260,0.0,0.0,1.0
3,L3,Hesitating recall,fold02,261,0.0,0.0,1.0
3,L3,Hesitating recall,fold02,262,0.0,0.0,1.0
3,L3,Hesitating recall,fold02,263,0.0,0.0,1.0
3,L3,Hesitating recall,fold02,264,0.0,0.0,1.0
3,L3,Hesitating recall,fold02,265,0.0,0.0,1.0
3,L3,Hesitating recall,fold02,266,0.0,0.0,1.0
3,L3,Hesitating recall,fold02,267,0.0,0.0,1.0
3,L3,Hesitating recall,fold02,268,0.0,0.0,1.0
3,L3,Hesitating recall,fold02,269,0.0,0.0,1.0
3,L3,Hesitating recall,fold02,270,0.0,0.0,1.0
3,L3,Hesitating recall,fold02,271,0.0,0.0,1.0
3,L3,Hesitating recall,fold02,272,0.0,0.0,1.0
3,L3,Hesitating recall,fold02,273,0.0,0.0,1.0
3,L3,Hesitating recall,fold02,274,0.0,0.0,1.0
3,L3,Hesitating recall,fold02,275,0.0,0.0,1.0
3,L3,Hesitating recall,fold02,276,0.0,0.0,1.0
3,L3,Hesitating recall,fold02,277,0.0,0.0,1.0
3,L3,Hesitating recall,fold02,278,0.0,0.0,1.0
3,L3,Hesitating recall,fold02,279,0.0,0.0,1.0
3,L3,Hesitating recall,fold02,280,0.0,0.0,1.0
3,L3,Hesitating recall,fold02,281,0.0,0.0,1.0
3,L3,Hesitating recall,fold02,282,0.0,0.0,1.0
3,L3,Hesitating recall,fold02,283,0.0,0.0,1.0
3,L3,Hesitating recall,fold02,284,0.0,0.0,1.0
3,L3,Hesitating recall,fold02,285,0.0,0.0,1.0
3,L3,Hesitating recall,fold02,286,0.0,0.0,1.0
3,L3,Hesitating recall,fold02,287,0.0,0.0,1.0
3,L3,Hesitating recall,fold02,288,0.0,0.0,1.0
3,L3,Hesitating recall,fold02,289,0.0,0.0,1.0
3,L3,Hesitating recall,fold02,290,0.0,0.0,1.0
3,L3,Hesitating recall,fold02,291,0.0,0.0,1.0
3,L3,Hesitating recall,fold02,292,0.0,0.0,1.0
3,L3,Hesitating recall,fold02,293,0.0,0.0,1.0
3,L3,Hesitating recall,fold02,294,0.0,0.0,1.0
3,L3,Hesitating recall,fold02,295,0.0,0.0,1.0
3,L3,Hesitating recall,fold02,296,0.0,0.0,1.0
3,L3,Hesitating recall,fold02,297,0.0,0.0,1.0
3,L3,Hesitating recall,fold02,298,0.0,0.0,1.0
3,L3,Hesitating recall,fold02,299,0.0,0.0,1.0
3,L3,Hesitating recall,fold02,300,0.0,0.0,1.0
3,L3,Hesitating recall,fold02,301,0.0,0.0,1.0
3,L3,Hesitating recall,fold02,302,0.0,0.0,1.0
3,L3,Hesitating recall,fold02,303,0.0,0.0,1.0
3,L3,Hesitating recall,fold02,304,0.0,0.0,1.0
3,L3,Hesitating recall,fold02,305,0.0,0.0,1.0
3,L3,Hesitating recall,fold02,306,0.0,0.0,1.0
3,L3,Hesitating recall,fold02,307,0.0,0.0,1.0
3,L3,Hesitating recall,fold02,308,0.0,0.0,1.0
3,L3,Hesitating recall,fold02,309,0.0,0.0,1.0
3,L3,Hesitating recall,fold02,310,0.0,0.0,1.0
3,L3,Hesitating recall,fold02,311,0.0,0.0,1.0
3,L3,Hesitating recall,fold02,312,0.0,0.0,1.0
3,L3,Hesitating recall,fold02,313,0.0,0.0,1.0
3,L3,Hesitating recall,fold02,314,0.0,0.0,1.0
3,L3,Hesitating recall,fold02,315,0.0,0.0,1.0
3,L3,Hesitating recall,fold02,316,0.0,0.0,1.0
3,L3,Hesitating recall,fold02,317,0.0,0.0,1.0
3,L3,Hesitating recall,fold02,318,0.0,0.0,1.0
3,L3,Hesitating recall,fold02,319,0.0,0.0,1.0
3,L3,Hesitating recall,fold02,320,0.0,0.0,1.0
3,L3,Hesitating recall,fold02,321,0.0,0.0,1.0
3,L3,Hesitating recall,fold02,322,0.0,0.0,1.0
3,L3,Hesitating recall,fold02,323,0.0,0.0,1.0
3,L3,Hesitating recall,fold02,324,0.0,0.0,1.0
3,L3,Hesitating recall,fold02,325,0.0,0.0,1.0
3,L3,Hesitating recall,fold02,326,0.0,0.0,1.0
3,L3,Hesitating recall,fold02,327,0.0,0.0,1.0
3,L3,Hesitating recall,fold02,328,0.0,0.0,1.0
3,L3,Hesitating recall,fold02,329,0.0,0.0,1.0
3,L3,Hesitating recall,fold02,330,0.0,0.0,1.0
3,L3,Hesitating recall,fold02,331,0.0,0.0,1.0
3,L3,Hesitating recall,fold02,332,0.0,0.0,1.0
3,L3,Hesitating recall,fold02,333,0.0,0.0,1.0
3,L3,Hesitating recall,fold02,334,0.0,0.0,1.0
3,L3,Hesitating recall,fold02,335,0.0,0.0,1.0
3,L3,Hesitating recall,fold02,336,0.0,0.0,1.0
3,L3,Hesitating recall,fold02,337,0.0,0.0,1.0
3,L3,Hesitating recall,fold02,338,0.0,0.0,1.0
3,L3,Hesitating recall,fold02,339,0.0,0.0,1.0
3,L3,Hesitating recall,fold02,340,0.0,0.0,1.0
3,L3,Hesitating recall,fold02,341,0.0,0.0,1.0
3,L3,Hesitating recall,fold02,342,0.0,0.0,1.0
3,L3,Hesitating recall,fold02,343,0.0,0.0,1.0
3,L3,Hesitating recall,fold02,344,0.0,0.0,1.0
3,L3,Hesitating recall,fold02,345,0.0,0.0,1.0
3,L3,Hesitating recall,fold02,346,0.0,0.0,1.0
3,L3,Hesitating recall,fold02,347,0.0,0.0,1.0
3,L3,Hesitating recall,fold02,348,0.0,0.0,1.0
3,L3,Hesitating recall,fold02,349,0.0,0.0,1.0
3,L3,Hesitating recall,fold02,350,0.0,0.0,1.0
3,L3,Hesitating recall,fold02,351,0.0,0.0,1.0
3,L3,Hesitating recall,fold02,352,0.0,0.0,1.0
3,L3,Hesitating recall,fold02,353,0.0,0.0,1.0
3,L3,Hesitating recall,fold02,354,0.0,0.0,1.0
3,L3,Hesitating recall,fold02,355,0.0,0.0,1.0
3,L3,Hesitating recall,fold02,356,0.0,0.0,1.0
3,L3,Hesitating recall,fold02,357,0.0,0.0,1.0
3,L3,Hesitating recall,fold02,358,0.0,0.0,1.0
3,L3,Hesitating recall,fold02,359,0.0,0.0,1.0
3,L3,Hesitating recall,fold02,360,0.0,0.0,1.0
3,L3,Hesitating recall,fold02,361,0.0,0.0,1.0
3,L3,Hesitating recall,fold02,362,0.0,0.0,1.0
3,L3,Hesitating recall,fold02,363,0.0,0.0,1.0
3,L3,Hesitating recall,fold02,364,0.0,0.0,1.0
3,L3,Hesitating recall,fold02,365,0.0,0.0,1.0
3,L3,Hesitating recall,fold02,366,0.0,0.0,1.0
3,L3,Hesitating recall,fold02,367,0.0,0.0,1.0
3,L3,Hesitating recall,fold02,368,0.0,0.0,1.0
3,L3,Hesitating recall,fold02,369,0.0,0.0,1.0
3,L3,Hesitating recall,fold02,370,0.0,0.0,1.0
3,L3,Hesitating recall,fold02,371,0.0,0.0,1.0
3,L3,Hesitating recall,fold02,372,0.0,0.0,1.0
3,L3,Hesitating recall,fold02,373,0.0,0.0,1.0
3,L3,Hesitating recall,fold02,374,0.0,0.0,1.0
3,L3,Hesitating recall,fold02,375,0.0,0.0,1.0
3,L3,Hesitating recall,fold02,376,0.0,0.0,1.0
3,L3,Hesitating recall,fold02,377,0.0,0.0,1.0
3,L3,Hesitating recall,fold02,378,0.0,0.0,1.0
3,L3,Hesitating recall,fold02,379,0.0,0.0,1.0
3,L3,Hesitating recall,fold02,380,0.0,0.0,1.0
3,L3,Hesitating recall,fold02,381,0.0,0.0,1.0
3,L3,Hesitating recall,fold02,382,0.0,0.0,1.0
3,L3,Hesitating recall,fold02,383,0.0,0.0,1.0
3,L3,Hesitating recall,fold02,384,0.0,0.0,1.0
3,L3,Hesitating recall,fold02,385,0.0,0.0,1.0
3,L3,Hesitating recall,fold02,386,0.0,0.0,1.0
3,L3,Hesitating recall,fold02,387,0.0,0.0,1.0
3,L3,Hesitating recall,fold02,388,0.0,0.0,1.0
3,L3,Hesitating recall,fold02,389,0.0,0.0,1.0
3,L3,Hesitating recall,fold02,390,0.0,0.0,1.0
3,L3,Hesitating recall,fold02,391,0.0,0.0,1.0
3,L3,Hesitating recall,fold02,392,0.0,0.0,1.0
3,L3,Hesitating recall,fold02,393,0.0,0.0,1.0
3,L3,Hesitating recall,fold02,394,0.0,0.0,1.0
3,L3,Hesitating recall,fold02,395,0.0,0.0,1.0
3,L3,Hesitating recall,fold02,396,0.0,0.0,1.0
3,L3,Hesitating recall,fold02,397,0.0,0.0,1.0
3,L3,Hesitating recall,fold02,398,0.0,0.0,1.0
3,L3,Hesitating recall,fold02,399,0.0,0.0,1.0
3,L3,Hesitating recall,fold02,400,0.0,0.0,1.0
3,L3,Hesitating recall,fold02,401,0.0,0.0,1.0
3,L3,Hesitating recall,fold02,402,0.0,0.0,1.0
3,L3,Hesitating recall,fold02,403,0.0,0.0,1.0
3,L3,Hesitating recall,fold02,404,0.0,0.0,1.0
3,L3,Hesitating recall,fold02,405,0.0,0.0,1.0
3,L3,Hesitating recall,fold02,406,0.0,0.0,1.0
3,L3,Hesitating recall,fold02,407,0.0,0.0,1.0
3,L3,Hesitating recall,fold02,408,0.0,0.0,1.0
3,L3,Hesitating recall,fold02,409,0.0,0.0,1.0
3,L3,Hesitating recall,fold02,410,0.0,0.0,1.0
3,L3,Hesitating recall,fold02,411,0.0,0.0,1.0
3,L3,Hesitating recall,fold02,412,0.0,0.0,1.0
3,L3,Hesitating recall,fold02,413,0.0,0.0,1.0
3,L3,Hesitating recall,fold02,414,0.0,0.0,1.0
3,L3,Hesitating recall,fold02,415,0.0,0.0,1.0
3,L3,Hesitating recall,fold02,416,0.0,0.0,1.0
3,L3,Hesitating recall,fold02,417,0.0,0.0,1.0
3,L3,Hesitating recall,fold02,418,0.0,0.0,1.0
3,L3,Hesitating recall,fold02,419,0.0,0.0,1.0
3,L3,Hesitating recall,fold02,420,0.0,0.0,1.0
3,L3,Hesitating recall,fold02,421,0.0,0.0,1.0
3,L3,Hesitating recall,fold02,422,0.0,0.0,1.0
3,L3,Hesitating recall,fold02,423,0.0,0.0,1.0
3,L3,Hesitating recall,fold02,424,0.0,0.0,1.0
3,L3,Hesitating recall,fold02,425,0.0,0.0,1.0
3,L3,Hesitating recall,fold02,426,0.0,0.0,1.0
3,L3,Hesitating recall,fold02,427,0.0,0.0,1.0
3,L3,Hesitating recall,fold02,428,0.0,0.0,1.0
3,L3,Hesitating recall,fold02,429,0.0,0.0,1.0
3,L3,Hesitating recall,fold02,430,0.0,0.0,1.0
3,L3,Hesitating recall,fold02,431,0.0,0.0,1.0
3,L3,Hesitating recall,fold02,432,0.0,0.0,1.0
3,L3,Hesitating recall,fold02,433,0.0,0.0,1.0
3,L3,Hesitating recall,fold02,434,0.0,0.0,1.0
3,L3,Hesitating recall,fold02,435,0.0,0.0,1.0
3,L3,Hesitating recall,fold02,436,0.0,0.0,1.0
3,L3,Hesitating recall,fold02,437,0.0,0.0,1.0
3,L3,Hesitating recall,fold02,438,0.0,0.0,1.0
3,L3,Hesitating recall,fold02,439,0.0,0.0,1.0
3,L3,Hesitating recall,fold02,440,0.0,0.0,1.0
3,L3,Hesitating recall,fold02,441,0.0,0.0,1.0
3,L3,Hesitating recall,fold02,442,0.0,0.0,1.0
3,L3,Hesitating recall,fold02,443,0.0,0.0,1.0
3,L3,Hesitating recall,fold02,444,0.0,0.0,1.0
3,L3,Hesitating recall,fold02,445,0.0,0.0,1.0
3,L3,Hesitating recall,fold02,446,0.0,0.0,1.0
3,L3,Hesitating recall,fold02,447,0.0,0.0,1.0
3,L3,Hesitating recall,fold02,448,0.0,0.0,1.0
3,L3,Hesitating recall,fold02,449,0.0,0.0,1.0
3,L3,Hesitating recall,fold02,450,0.0,0.0,1.0
3,L3,Hesitating recall,fold02,451,0.0,0.0,1.0
3,L3,Hesitating recall,fold02,452,0.0,0.0,1.0
3,L3,Hesitating recall,fold02,453,0.0,0.0,1.0
3,L3,Hesitating recall,fold02,454,0.0,0.0,1.0
3,L3,Hesitating recall,fold02,455,0.0,0.0,1.0
3,L3,Hesitating recall,fold02,456,0.0,0.0,1.0
3,L3,Hesitating recall,fold02,457,0.0,0.0,1.0
3,L3,Hesitating recall,fold02,458,0.0,0.0,1.0
3,L3,Hesitating recall,fold02,459,0.0,0.0,1.0
3,L3,Hesitating recall,fold02,460,0.0,0.0,1.0
3,L3,Hesitating recall,fold02,461,0.0,0.0,1.0
3,L3,Hesitating recall,fold02,462,0.0,0.0,1.0
3,L3,Hesitating recall,fold02,463,0.0,0.0,1.0
3,L3,Hesitating recall,fold02,464,0.0,0.0,1.0
3,L3,Hesitating recall,fold02,465,0.0,0.0,1.0
3,L3,Hesitating recall,fold02,466,0.0,0.0,1.0
3,L3,Hesitating recall,fold02,467,0.0,0.0,1.0
3,L3,Hesitating recall,fold02,468,0.0,0.0,1.0
3,L3,Hesitating recall,fold02,469,0.0,0.0,1.0
3,L3,Hesitating recall,fold02,470,0.0,0.0,1.0
3,L3,Hesitating recall,fold02,471,0.0,0.0,1.0
3,L3,Hesitating recall,fold02,472,0.0,0.0,1.0
3,L3,Hesitating recall,fold02,473,0.0,0.0,1.0
3,L3,Hesitating recall,fold02,474,0.0,0.0,1.0
3,L3,Hesitating recall,fold02,475,0.0,0.0,1.0
3,L3,Hesitating recall,fold02,476,0.0,0.0,1.0
3,L3,Hesitating recall,fold02,477,0.0,0.0,1.0
3,L3,Hesitating recall,fold02,478,0.0,0.0,1.0
3,L3,Hesitating recall,fold02,479,0.0,0.0,1.0
3,L3,Hesitating recall,fold02,480,0.0,0.0,1.0
3,L3,Hesitating recall,fold02,481,0.0,0.0,1.0
3,L3,Hesitating recall,fold02,482,0.0,0.0,1.0
3,L3,Hesitating recall,fold02,483,0.0,0.0,1.0
3,L3,Hesitating recall,fold02,484,0.0,0.0,1.0
3,L3,Hesitating recall,fold02,485,0.0,0.0,1.0
3,L3,Hesitating recall,fold02,486,0.0,0.0,1.0
3,L3,Hesitating recall,fold02,487,0.0,0.0,1.0
3,L3,Hesitating recall,fold02,488,0.0,0.0,1.0
3,L3,Hesitating recall,fold02,489,0.0,0.0,1.0
3,L3,Hesitating recall,fold02,490,0.0,0.0,1.0
3,L3,Hesitating recall,fold02,491,0.0,0.0,1.0
3,L3,Hesitating recall,fold02,492,0.0,0.0,1.0
3,L3,Hesitating recall,fold02,493,0.0,0.0,1.0
3,L3,Hesitating recall,fold02,494,0.0,0.0,1.0
3,L3,Hesitating recall,fold02,495,0.0,0.0,1.0
3,L3,Hesitating recall,fold02,496,0.0,0.0,1.0
3,L3,Hesitating recall,fold02,497,0.0,0.0,1.0
3,L3,Hesitating recall,fold02,498,0.0,0.0,1.0
3,L3,Hesitating recall,fold02,499,0.0,0.0,1.0
3,L3,Hesitating recall,fold02,500,0.0,0.0,1.0
3,L3,Hesitating recall,fold03,1,2.5,2.5,1.0
3,L3,Hesitating recall,fold03,2,0.0,2.5,1.0
3,L3,Hesitating recall,fold03,3,2.5,2.5,1.0
3,L3,Hesitating recall,fold03,4,0.0,2.5,1.0
3,L3,Hesitating recall,fold03,5,2.5,2.5,1.0
3,L3,Hesitating recall,fold03,6,0.0,2.5,1.0
3,L3,Hesitating recall,fold03,7,0.0,2.5,1.0
3,L3,Hesitating recall,fold03,8,2.5,2.5,1.0
3,L3,Hesitating recall,fold03,9,2.5,2.5,1.0
3,L3,Hesitating recall,fold03,10,2.5,2.5,1.0
3,L3,Hesitating recall,fold03,11,2.5,2.5,1.0
3,L3,Hesitating recall,fold03,12,2.5,2.5,1.0
3,L3,Hesitating recall,fold03,13,2.5,2.5,1.0
3,L3,Hesitating recall,fold03,14,2.5,2.5,1.0
3,L3,Hesitating recall,fold03,15,2.5,2.5,1.0
3,L3,Hesitating recall,fold03,16,2.5,2.5,1.0
3,L3,Hesitating recall,fold03,17,0.0,2.5,1.0
3,L3,Hesitating recall,fold03,18,2.5,2.5,1.0
3,L3,Hesitating recall,fold03,19,2.5,2.5,1.0
3,L3,Hesitating recall,fold03,20,0.0,2.5,1.0
3,L3,Hesitating recall,fold03,21,2.5,2.5,1.0
3,L3,Hesitating recall,fold03,22,2.5,2.5,1.0
3,L3,Hesitating recall,fold03,23,2.5,2.5,1.0
3,L3,Hesitating recall,fold03,24,0.0,2.5,1.0
3,L3,Hesitating recall,fold03,25,2.5,2.5,1.0
3,L3,Hesitating recall,fold03,26,2.5,2.5,1.0
3,L3,Hesitating recall,fold03,27,2.5,2.5,1.0
3,L3,Hesitating recall,fold03,28,0.0,2.5,1.0
3,L3,Hesitating recall,fold03,29,0.0,2.5,1.0
3,L3,Hesitating recall,fold03,30,2.5,2.5,1.0
3,L3,Hesitating recall,fold03,31,2.5,2.5,1.0
3,L3,Hesitating recall,fold03,32,0.0,2.5,1.0
3,L3,Hesitating recall,fold03,33,2.5,2.5,1.0
3,L3,Hesitating recall,fold03,34,2.5,2.5,1.0
3,L3,Hesitating recall,fold03,35,2.5,2.5,1.0
3,L3,Hesitating recall,fold03,36,0.0,2.5,1.0
3,L3,Hesitating recall,fold03,37,2.5,2.5,1.0
3,L3,Hesitating recall,fold03,38,2.5,2.5,1.0
3,L3,Hesitating recall,fold03,39,0.0,2.5,1.0
3,L3,Hesitating recall,fold03,40,0.0,2.5,1.0
3,L3,Hesitating recall,fold03,41,2.5,2.5,1.0
3,L3,Hesitating recall,fold03,42,2.5,2.5,1.0
3,L3,Hesitating recall,fold03,43,2.5,2.5,1.0
3,L3,Hesitating recall,fold03,44,2.5,2.5,1.0
3,L3,Hesitating recall,fold03,45,2.5,2.5,1.0
3,L3,Hesitating recall,fold03,46,0.0,2.5,1.0
3,L3,Hesitating recall,fold03,47,0.0,2.5,1.0
3,L3,Hesitating recall,fold03,48,2.5,2.5,1.0
3,L3,Hesitating recall,fold03,49,2.5,2.5,1.0
3,L3,Hesitating recall,fold03,50,2.5,2.5,1.0
3,L3,Hesitating recall,fold03,51,0.0,2.5,1.0
3,L3,Hesitating recall,fold03,52,2.5,2.5,1.0
3,L3,Hesitating recall,fold03,53,2.5,2.5,1.0
3,L3,Hesitating recall,fold03,54,2.5,2.5,1.0
3,L3,Hesitating recall,fold03,55,2.5,2.5,1.0
3,L3,Hesitating recall,fold03,56,2.5,2.5,1.0
3,L3,Hesitating recall,fold03,57,0.0,2.5,1.0
3,L3,Hesitating recall,fold03,58,0.0,2.5,1.0
3,L3,Hesitating recall,fold03,59,2.5,2.5,1.0
3,L3,Hesitating recall,fold03,60,2.5,2.5,1.0
3,L3,Hesitating recall,fold03,61,2.5,2.5,1.0
3,L3,Hesitating recall,fold03,62,0.0,2.5,1.0
3,L3,Hesitating recall,fold03,63,0.0,2.5,1.0
3,L3,Hesitating recall,fold03,64,2.5,2.5,1.0
3,L3,Hesitating recall,fold03,65,0.0,2.5,1.0
3,L3,Hesitating recall,fold03,66,2.5,2.5,1.0
3,L3,Hesitating recall,fold03,67,0.0,2.5,1.0
3,L3,Hesitating recall,fold03,68,2.5,2.5,1.0
3,L3,Hesitating recall,fold03,69,2.5,2.5,1.0
3,L3,Hesitating recall,fold03,70,2.5,2.5,1.0
3,L3,Hesitating recall,fold03,71,2.5,2.5,1.0
3,L3,Hesitating recall,fold03,72,0.0,2.5,1.0
3,L3,Hesitating recall,fold03,73,2.5,2.5,1.0
3,L3,Hesitating recall,fold03,74,2.5,2.5,1.0
3,L3,Hesitating recall,fold03,75,0.0,2.5,1.0
3,L3,Hesitating recall,fold03,76,0.0,2.5,1.0
3,L3,Hesitating recall,fold03,77,2.5,2.5,1.0
3,L3,Hesitating recall,fold03,78,0.0,2.5,1.0
3,L3,Hesitating recall,fold03,79,0.0,2.5,1.0
3,L3,Hesitating recall,fold03,80,2.5,2.5,1.0
3,L3,Hesitating recall,fold03,81,2.5,2.5,1.0
3,L3,Hesitating recall,fold03,82,0.0,2.5,1.0
3,L3,Hesitating recall,fold03,83,2.5,2.5,1.0
3,L3,Hesitating recall,fold03,84,2.5,2.5,1.0
3,L3,Hesitating recall,fold03,85,2.5,2.5,1.0
3,L3,Hesitating recall,fold03,86,2.5,2.5,1.0
3,L3,Hesitating recall,fold03,87,0.0,2.5,1.0
3,L3,Hesitating recall,fold03,88,0.0,2.5,1.0
3,L3,Hesitating recall,fold03,89,0.0,2.5,1.0
3,L3,Hesitating recall,fold03,90,2.5,2.5,1.0
3,L3,Hesitating recall,fold03,91,2.5,2.5,1.0
3,L3,Hesitating recall,fold03,92,2.5,2.5,1.0
3,L3,Hesitating recall,fold03,93,2.5,2.5,1.0
3,L3,Hesitating recall,fold03,94,2.5,2.5,1.0
3,L3,Hesitating recall,fold03,95,2.5,2.5,1.0
3,L3,Hesitating recall,fold03,96,2.5,2.5,1.0
3,L3,Hesitating recall,fold03,97,0.0,2.5,1.0
3,L3,Hesitating recall,fold03,98,2.5,2.5,1.0
3,L3,Hesitating recall,fold03,99,2.5,2.5,1.0
3,L3,Hesitating recall,fold03,100,2.5,2.5,1.0
3,L3,Hesitating recall,fold03,101,0.0,2.5,1.0
3,L3,Hesitating recall,fold03,102,2.5,2.5,1.0
3,L3,Hesitating recall,fold03,103,0.0,2.5,1.0
3,L3,Hesitating recall,fold03,104,0.0,2.5,1.0
3,L3,Hesitating recall,fold03,105,2.5,2.5,1.0
3,L3,Hesitating recall,fold03,106,2.5,2.5,1.0
3,L3,Hesitating recall,fold03,107,0.0,2.5,1.0
3,L3,Hesitating recall,fold03,108,2.5,2.5,1.0
3,L3,Hesitating recall,fold03,109,2.5,2.5,1.0
3,L3,Hesitating recall,fold03,110,0.0,2.5,1.0
3,L3,Hesitating recall,fold03,111,0.0,2.5,1.0
3,L3,Hesitating recall,fold03,112,2.5,2.5,1.0
3,L3,Hesitating recall,fold03,113,2.5,2.5,1.0
3,L3,Hesitating recall,fold03,114,2.5,2.5,1.0
3,L3,Hesitating recall,fold03,115,2.5,2.5,1.0
3,L3,Hesitating recall,fold03,116,2.5,2.5,1.0
3,L3,Hesitating recall,fold03,117,2.5,2.5,1.0
3,L3,Hesitating recall,fold03,118,2.5,2.5,1.0
3,L3,Hesitating recall,fold03,119,0.0,2.5,1.0
3,L3,Hesitating recall,fold03,120,2.5,2.5,1.0
3,L3,Hesitating recall,fold03,121,2.5,2.5,1.0
3,L3,Hesitating recall,fold03,122,0.0,2.5,1.0
3,L3,Hesitating recall,fold03,123,0.0,2.5,1.0
3,L3,Hesitating recall,fold03,124,2.5,2.5,1.0
3,L3,Hesitating recall,fold03,125,2.5,2.5,1.0
3,L3,Hesitating recall,fold03,126,2.5,2.5,1.0
3,L3,Hesitating recall,fold03,127,0.0,2.5,1.0
3,L3,Hesitating recall,fold03,128,0.0,2.5,1.0
3,L3,Hesitating recall,fold03,129,2.5,2.5,1.0
3,L3,Hesitating recall,fold03,130,2.5,2.5,1.0
3,L3,Hesitating recall,fold03,131,2.5,2.5,1.0
3,L3,Hesitating recall,fold03,132,0.0,2.5,1.0
3,L3,Hesitating recall,fold03,133,0.0,2.5,1.0
3,L3,Hesitating recall,fold03,134,2.5,2.5,1.0
3,L3,Hesitating recall,fold03,135,2.5,2.5,1.0
3,L3,Hesitating recall,fold03,136,2.5,2.5,1.0
3,L3,Hesitating recall,fold03,137,2.5,2.5,1.0
3,L3,Hesitating recall,fold03,138,2.5,2.5,1.0
3,L3,Hesitating recall,fold03,139,0.0,2.5,1.0
3,L3,Hesitating recall,fold03,140,2.5,2.5,1.0
3,L3,Hesitating recall,fold03,141,0.0,2.5,1.0
3,L3,Hesitating recall,fold03,142,2.5,2.5,1.0
3,L3,Hesitating recall,fold03,143,2.5,2.5,1.0
3,L3,Hesitating recall,fold03,144,0.0,2.5,1.0
3,L3,Hesitating recall,fold03,145,2.5,2.5,1.0
3,L3,Hesitating recall,fold03,146,2.5,2.5,1.0
3,L3,Hesitating recall,fold03,147,2.5,2.5,1.0
3,L3,Hesitating recall,fold03,148,2.5,2.5,1.0
3,L3,Hesitating recall,fold03,149,2.5,2.5,1.0
3,L3,Hesitating recall,fold03,150,2.5,2.5,1.0
3,L3,Hesitating recall,fold03,151,2.5,2.5,1.0
3,L3,Hesitating recall,fold03,152,0.0,2.5,1.0
3,L3,Hesitating recall,fold03,153,2.5,2.5,1.0
3,L3,Hesitating recall,fold03,154,0.0,2.5,1.0
3,L3,Hesitating recall,fold03,155,2.5,2.5,1.0
3,L3,Hesitating recall,fold03,156,2.5,2.5,1.0
3,L3,Hesitating recall,fold03,157,2.5,2.5,1.0
3,L3,Hesitating recall,fold03,158,2.5,2.5,1.0
3,L3,Hesitating recall,fold03,159,2.5,2.5,1.0
3,L3,Hesitating recall,fold03,160,0.0,2.5,1.0
3,L3,Hesitating recall,fold03,161,2.5,2.5,1.0
3,L3,Hesitating recall,fold03,162,0.0,2.5,1.0
3,L3,Hesitating recall,fold03,163,2.5,2.5,1.0
3,L3,Hesitating recall,fold03,164,2.5,2.5,1.0
3,L3,Hesitating recall,fold03,165,0.0,2.5,1.0
3,L3,Hesitating recall,fold03,166,2.5,2.5,1.0
3,L3,Hesitating recall,fold03,167,0.0,2.5,1.0
3,L3,Hesitating recall,fold03,168,0.0,2.5,1.0
3,L3,Hesitating recall,fold03,169,2.5,2.5,1.0
3,L3,Hesitating recall,fold03,170,2.5,2.5,1.0
3,L3,Hesitating recall,fold03,171,2.5,2.5,1.0
3,L3,Hesitating recall,fold03,172,2.5,2.5,1.0
3,L3,Hesitating recall,fold03,173,2.5,2.5,1.0
3,L3,Hesitating recall,fold03,174,2.5,2.5,1.0
3,L3,Hesitating recall,fold03,175,2.5,2.5,1.0
3,L3,Hesitating recall,fold03,176,0.0,2.5,1.0
3,L3,Hesitating recall,fold03,177,2.5,2.5,1.0
3,L3,Hesitating recall,fold03,178,2.5,2.5,1.0
3,L3,Hesitating recall,fold03,179,0.0,2.5,1.0
3,L3,Hesitating recall,fold03,180,2.5,2.5,1.0
3,L3,Hesitating recall,fold03,181,2.5,2.5,1.0
3,L3,Hesitating recall,fold03,182,2.5,2.5,1.0
3,L3,Hesitating recall,fold03,183,2.5,2.5,1.0
3,L3,Hesitating recall,fold03,184,2.5,2.5,1.0
3,L3,Hesitating recall,fold03,185,0.0,2.5,1.0
3,L3,Hesitating recall,fold03,186,0.0,2.5,1.0
3,L3,Hesitating recall,fold03,187,2.5,2.5,1.0
3,L3,Hesitating recall,fold03,188,2.5,2.5,1.0
3,L3,Hesitating recall,fold03,189,0.0,2.5,1.0
3,L3,Hesitating recall,fold03,190,2.5,2.5,1.0
3,L3,Hesitating recall,fold03,191,0.0,2.5,1.0
3,L3,Hesitating recall,fold03,192,2.5,2.5,1.0
3,L3,Hesitating recall,fold03,193,0.0,2.5,1.0
3,L3,Hesitating recall,fold03,194,2.5,2.5,1.0
3,L3,Hesitating recall,fold03,195,2.5,2.5,1.0
3,L3,Hesitating recall,fold03,196,2.5,2.5,1.0
3,L3,Hesitating recall,fold03,197,0.0,2.5,1.0
3,L3,Hesitating recall,fold03,198,2.5,2.5,1.0
3,L3,Hesitating recall,fold03,199,2.5,2.5,1.0
3,L3,Hesitating recall,fold03,200,0.0,2.5,1.0
3,L3,Hesitating recall,fold03,201,2.5,2.5,1.0
3,L3,Hesitating recall,fold03,202,2.5,2.5,1.0
3,L3,Hesitating recall,fold03,203,2.5,2.5,1.0
3,L3,Hesitating recall,fold03,204,2.5,2.5,1.0
3,L3,Hesitating recall,fold03,205,0.0,2.5,1.0
3,L3,Hesitating recall,fold03,206,2.5,2.5,1.0
3,L3,Hesitating recall,fold03,207,2.5,2.5,1.0
3,L3,Hesitating recall,fold03,208,2.5,2.5,1.0
3,L3,Hesitating recall,fold03,209,2.5,2.5,1.0
3,L3,Hesitating recall,fold03,210,0.0,2.5,1.0
3,L3,Hesitating recall,fold03,211,0.0,2.5,1.0
3,L3,Hesitating recall,fold03,212,2.5,2.5,1.0
3,L3,Hesitating recall,fold03,213,0.0,2.5,1.0
3,L3,Hesitating recall,fold03,214,2.5,2.5,1.0
3,L3,Hesitating recall,fold03,215,2.5,2.5,1.0
3,L3,Hesitating recall,fold03,216,2.5,2.5,1.0
3,L3,Hesitating recall,fold03,217,2.5,2.5,1.0
3,L3,Hesitating recall,fold03,218,2.5,2.5,1.0
3,L3,Hesitating recall,fold03,219,2.5,2.5,1.0
3,L3,Hesitating recall,fold03,220,2.5,2.5,1.0
3,L3,Hesitating recall,fold03,221,0.0,2.5,1.0
3,L3,Hesitating recall,fold03,222,0.0,2.5,1.0
3,L3,Hesitating recall,fold03,223,0.0,2.5,1.0
3,L3,Hesitating recall,fold03,224,2.5,2.5,1.0
3,L3,Hesitating recall,fold03,225,2.5,2.5,1.0
3,L3,Hesitating recall,fold03,226,2.5,2.5,1.0
3,L3,Hesitating recall,fold03,227,2.5,2.5,1.0
3,L3,Hesitating recall,fold03,228,0.0,2.5,1.0
3,L3,Hesitating recall,fold03,229,2.5,2.5,1.0
3,L3,Hesitating recall,fold03,230,0.0,2.5,1.0
3,L3,Hesitating recall,fold03,231,2.5,2.5,1.0
3,L3,Hesitating recall,fold03,232,0.0,2.5,1.0
3,L3,Hesitating recall,fold03,233,2.5,2.5,1.0
3,L3,Hesitating recall,fold03,234,2.5,2.5,1.0
3,L3,Hesitating recall,fold03,235,0.0,2.5,1.0
3,L3,Hesitating recall,fold03,236,0.0,2.5,1.0
3,L3,Hesitating recall,fold03,237,2.5,2.5,1.0
3,L3,Hesitating recall,fold03,238,2.5,2.5,1.0
3,L3,Hesitating recall,fold03,239,2.5,2.5,1.0
3,L3,Hesitating recall,fold03,240,2.5,2.5,1.0
3,L3,Hesitating recall,fold03,241,2.5,2.5,1.0
3,L3,Hesitating recall,fold03,242,0.0,2.5,1.0
3,L3,Hesitating recall,fold03,243,2.5,2.5,1.0
3,L3,Hesitating recall,fold03,244,0.0,2.5,1.0
3,L3,Hesitating recall,fold03,245,0.0,2.5,1.0
3,L3,Hesitating recall,fold03,246,2.5,2.5,1.0
3,L3,Hesitating recall,fold03,247,2.5,2.5,1.0
3,L3,Hesitating recall,fold03,248,2.5,2.5,1.0
3,L3,Hesitating recall,fold03,249,2.5,2.5,1.0
3,L3,Hesitating recall,fold03,250,2.5,2.5,1.0
3,L3,Hesitating recall,fold03,251,2.5,2.5,1.0
3,L3,Hesitating recall,fold03,252,0.0,2.5,1.0
3,L3,Hesitating recall,fold03,253,0.0,2.5,1.0
3,L3,Hesitating recall,fold03,254,0.0,2.5,1.0
3,L3,Hesitating recall,fold03,255,2.5,2.5,1.0
3,L3,Hesitating recall,fold03,256,2.5,2.5,1.0
3,L3,Hesitating recall,fold03,257,0.0,2.5,1.0
3,L3,Hesitating recall,fold03,258,0.0,2.5,1.0
3,L3,Hesitating recall,fold03,259,2.5,2.5,1.0
3,L3,Hesitating recall,fold03,260,2.5,2.5,1.0
3,L3,Hesitating recall,fold03,261,2.5,2.5,1.0
3,L3,Hesitating recall,fold03,262,2.5,2.5,1.0
3,L3,Hesitating recall,fold03,263,2.5,2.5,1.0
3,L3,Hesitating recall,fold03,264,2.5,2.5,1.0
3,L3,Hesitating recall,fold03,265,2.5,2.5,1.0
3,L3,Hesitating recall,fold03,266,2.5,2.5,1.0
3,L3,Hesitating recall,fold03,267,2.5,2.5,1.0
3,L3,Hesitating recall,fold03,268,2.5,2.5,1.0
3,L3,Hesitating recall,fold03,269,2.5,2.5,1.0
3,L3,Hesitating recall,fold03,270,2.5,2.5,1.0
3,L3,Hesitating recall,fold03,271,2.5,2.5,1.0
3,L3,Hesitating recall,fold03,272,0.0,2.5,1.0
3,L3,Hesitating recall,fold03,273,2.5,2.5,1.0
3,L3,Hesitating recall,fold03,274,2.5,2.5,1.0
3,L3,Hesitating recall,fold03,275,0.0,2.5,1.0
3,L3,Hesitating recall,fold03,276,2.5,2.5,1.0
3,L3,Hesitating recall,fold03,277,2.5,2.5,1.0
3,L3,Hesitating recall,fold03,278,0.0,2.5,1.0
3,L3,Hesitating recall,fold03,279,0.0,2.5,1.0
3,L3,Hesitating recall,fold03,280,0.0,2.5,1.0
3,L3,Hesitating recall,fold03,281,0.0,2.5,1.0
3,L3,Hesitating recall,fold03,282,2.5,2.5,1.0
3,L3,Hesitating recall,fold03,283,0.0,2.5,1.0
3,L3,Hesitating recall,fold03,284,2.5,2.5,1.0
3,L3,Hesitating recall,fold03,285,0.0,2.5,1.0
3,L3,Hesitating recall,fold03,286,0.0,2.5,1.0
3,L3,Hesitating recall,fold03,287,0.0,2.5,1.0
3,L3,Hesitating recall,fold03,288,2.5,2.5,1.0
3,L3,Hesitating recall,fold03,289,2.5,2.5,1.0
3,L3,Hesitating recall,fold03,290,0.0,2.5,1.0
3,L3,Hesitating recall,fold03,291,2.5,2.5,1.0
3,L3,Hesitating recall,fold03,292,0.0,2.5,1.0
3,L3,Hesitating recall,fold03,293,2.5,2.5,1.0
3,L3,Hesitating recall,fold03,294,2.5,2.5,1.0
3,L3,Hesitating recall,fold03,295,2.5,2.5,1.0
3,L3,Hesitating recall,fold03,296,2.5,2.5,1.0
3,L3,Hesitating recall,fold03,297,0.0,2.5,1.0
3,L3,Hesitating recall,fold03,298,2.5,2.5,1.0
3,L3,Hesitating recall,fold03,299,0.0,2.5,1.0
3,L3,Hesitating recall,fold03,300,2.5,2.5,1.0
3,L3,Hesitating recall,fold03,301,0.0,2.5,1.0
3,L3,Hesitating recall,fold03,302,0.0,2.5,1.0
3,L3,Hesitating recall,fold03,303,0.0,2.5,1.0
3,L3,Hesitating recall,fold03,304,2.5,2.5,1.0
3,L3,Hesitating recall,fold03,305,2.5,2.5,1.0
3,L3,Hesitating recall,fold03,306,2.5,2.5,1.0
3,L3,Hesitating recall,fold03,307,2.5,2.5,1.0
3,L3,Hesitating recall,fold03,308,2.5,2.5,1.0
3,L3,Hesitating recall,fold03,309,2.5,2.5,1.0
3,L3,Hesitating recall,fold03,310,2.5,2.5,1.0
3,L3,Hesitating recall,fold03,311,2.5,2.5,1.0
3,L3,Hesitating recall,fold03,312,2.5,2.5,1.0
3,L3,Hesitating recall,fold03,313,2.5,2.5,1.0
3,L3,Hesitating recall,fold03,314,2.5,2.5,1.0
3,L3,Hesitating recall,fold03,315,2.5,2.5,1.0
3,L3,Hesitating recall,fold03,316,0.0,2.5,1.0
3,L3,Hesitating recall,fold03,317,2.5,2.5,1.0
3,L3,Hesitating recall,fold03,318,2.5,2.5,1.0
3,L3,Hesitating recall,fold03,319,0.0,2.5,1.0
3,L3,Hesitating recall,fold03,320,0.0,2.5,1.0
3,L3,Hesitating recall,fold03,321,2.5,2.5,1.0
3,L3,Hesitating recall,fold03,322,2.5,2.5,1.0
3,L3,Hesitating recall,fold03,323,0.0,2.5,1.0
3,L3,Hesitating recall,fold03,324,2.5,2.5,1.0
3,L3,Hesitating recall,fold03,325,2.5,2.5,1.0
3,L3,Hesitating recall,fold03,326,2.5,2.5,1.0
3,L3,Hesitating recall,fold03,327,0.0,2.5,1.0
3,L3,Hesitating recall,fold03,328,2.5,2.5,1.0
3,L3,Hesitating recall,fold03,329,2.5,2.5,1.0
3,L3,Hesitating recall,fold03,330,0.0,2.5,1.0
3,L3,Hesitating recall,fold03,331,2.5,2.5,1.0
3,L3,Hesitating recall,fold03,332,0.0,2.5,1.0
3,L3,Hesitating recall,fold03,333,2.5,2.5,1.0
3,L3,Hesitating recall,fold03,334,2.5,2.5,1.0
3,L3,Hesitating recall,fold03,335,2.5,2.5,1.0
3,L3,Hesitating recall,fold03,336,0.0,2.5,1.0
3,L3,Hesitating recall,fold03,337,2.5,2.5,1.0
3,L3,Hesitating recall,fold03,338,0.0,2.5,1.0
3,L3,Hesitating recall,fold03,339,0.0,2.5,1.0
3,L3,Hesitating recall,fold03,340,2.5,2.5,1.0
3,L3,Hesitating recall,fold03,341,2.5,2.5,1.0
3,L3,Hesitating recall,fold03,342,2.5,2.5,1.0
3,L3,Hesitating recall,fold03,343,2.5,2.5,1.0
3,L3,Hesitating recall,fold03,344,2.5,2.5,1.0
3,L3,Hesitating recall,fold03,345,2.5,2.5,1.0
3,L3,Hesitating recall,fold03,346,0.0,2.5,1.0
3,L3,Hesitating recall,fold03,347,0.0,2.5,1.0
3,L3,Hesitating recall,fold03,348,2.5,2.5,1.0
3,L3,Hesitating recall,fold03,349,0.0,2.5,1.0
3,L3,Hesitating recall,fold03,350,2.5,2.5,1.0
3,L3,Hesitating recall,fold03,351,0.0,2.5,1.0
3,L3,Hesitating recall,fold03,352,0.0,2.5,1.0
3,L3,Hesitating recall,fold03,353,2.5,2.5,1.0
3,L3,Hesitating recall,fold03,354,2.5,2.5,1.0
3,L3,Hesitating recall,fold03,355,2.5,2.5,1.0
3,L3,Hesitating recall,fold03,356,2.5,2.5,1.0
3,L3,Hesitating recall,fold03,357,2.5,2.5,1.0
3,L3,Hesitating recall,fold03,358,0.0,2.5,1.0
3,L3,Hesitating recall,fold03,359,0.0,2.5,1.0
3,L3,Hesitating recall,fold03,360,2.5,2.5,1.0
3,L3,Hesitating recall,fold03,361,2.5,2.5,1.0
3,L3,Hesitating recall,fold03,362,0.0,2.5,1.0
3,L3,Hesitating recall,fold03,363,2.5,2.5,1.0
3,L3,Hesitating recall,fold03,364,2.5,2.5,1.0
3,L3,Hesitating recall,fold03,365,2.5,2.5,1.0
3,L3,Hesitating recall,fold03,366,0.0,2.5,1.0
3,L3,Hesitating recall,fold03,367,2.5,2.5,1.0
3,L3,Hesitating recall,fold03,368,2.5,2.5,1.0
3,L3,Hesitating recall,fold03,369,2.5,2.5,1.0
3,L3,Hesitating recall,fold03,370,0.0,2.5,1.0
3,L3,Hesitating recall,fold03,371,0.0,2.5,1.0
3,L3,Hesitating recall,fold03,372,2.5,2.5,1.0
3,L3,Hesitating recall,fold03,373,2.5,2.5,1.0
3,L3,Hesitating recall,fold03,374,2.5,2.5,1.0
3,L3,Hesitating recall,fold03,375,2.5,2.5,1.0
3,L3,Hesitating recall,fold03,376,0.0,2.5,1.0
3,L3,Hesitating recall,fold03,377,2.5,2.5,1.0
3,L3,Hesitating recall,fold03,378,0.0,2.5,1.0
3,L3,Hesitating recall,fold03,379,0.0,2.5,1.0
3,L3,Hesitating recall,fold03,380,0.0,2.5,1.0
3,L3,Hesitating recall,fold03,381,2.5,2.5,1.0
3,L3,Hesitating recall,fold03,382,2.5,2.5,1.0
3,L3,Hesitating recall,fold03,383,0.0,2.5,1.0
3,L3,Hesitating recall,fold03,384,0.0,2.5,1.0
3,L3,Hesitating recall,fold03,385,2.5,2.5,1.0
3,L3,Hesitating recall,fold03,386,0.0,2.5,1.0
3,L3,Hesitating recall,fold03,387,0.0,2.5,1.0
3,L3,Hesitating recall,fold03,388,2.5,2.5,1.0
3,L3,Hesitating recall,fold03,389,0.0,2.5,1.0
3,L3,Hesitating recall,fold03,390,2.5,2.5,1.0
3,L3,Hesitating recall,fold03,391,2.5,2.5,1.0
3,L3,Hesitating recall,fold03,392,0.0,2.5,1.0
3,L3,Hesitating recall,fold03,393,2.5,2.5,1.0
3,L3,Hesitating recall,fold03,394,2.5,2.5,1.0
3,L3,Hesitating recall,fold03,395,2.5,2.5,1.0
3,L3,Hesitating recall,fold03,396,2.5,2.5,1.0
3,L3,Hesitating recall,fold03,397,2.5,2.5,1.0
3,L3,Hesitating recall,fold03,398,0.0,2.5,1.0
3,L3,Hesitating recall,fold03,399,0.0,2.5,1.0
3,L3,Hesitating recall,fold03,400,2.5,2.5,1.0
3,L3,Hesitating recall,fold03,401,2.5,2.5,1.0
3,L3,Hesitating recall,fold03,402,2.5,2.5,1.0
3,L3,Hesitating recall,fold03,403,2.5,2.5,1.0
3,L3,Hesitating recall,fold03,404,2.5,2.5,1.0
3,L3,Hesitating recall,fold03,405,0.0,2.5,1.0
3,L3,Hesitating recall,fold03,406,0.0,2.5,1.0
3,L3,Hesitating recall,fold03,407,2.5,2.5,1.0
3,L3,Hesitating recall,fold03,408,2.5,2.5,1.0
3,L3,Hesitating recall,fold03,409,2.5,2.5,1.0
3,L3,Hesitating recall,fold03,410,0.0,2.5,1.0
3,L3,Hesitating recall,fold03,411,0.0,2.5,1.0
3,L3,Hesitating recall,fold03,412,0.0,2.5,1.0
3,L3,Hesitating recall,fold03,413,0.0,2.5,1.0
3,L3,Hesitating recall,fold03,414,0.0,2.5,1.0
3,L3,Hesitating recall,fold03,415,0.0,2.5,1.0
3,L3,Hesitating recall,fold03,416,2.5,2.5,1.0
3,L3,Hesitating recall,fold03,417,0.0,2.5,1.0
3,L3,Hesitating recall,fold03,418,0.0,2.5,1.0
3,L3,Hesitating recall,fold03,419,2.5,2.5,1.0
3,L3,Hesitating recall,fold03,420,2.5,2.5,1.0
3,L3,Hesitating recall,fold03,421,0.0,2.5,1.0
3,L3,Hesitating recall,fold03,422,0.0,2.5,1.0
3,L3,Hesitating recall,fold03,423,0.0,2.5,1.0
3,L3,Hesitating recall,fold03,424,0.0,2.5,1.0
3,L3,Hesitating recall,fold03,425,2.5,2.5,1.0
3,L3,Hesitating recall,fold03,426,2.5,2.5,1.0
3,L3,Hesitating recall,fold03,427,2.5,2.5,1.0
3,L3,Hesitating recall,fold03,428,0.0,2.5,1.0
3,L3,Hesitating recall,fold03,429,0.0,2.5,1.0
3,L3,Hesitating recall,fold03,430,2.5,2.5,1.0
3,L3,Hesitating recall,fold03,431,0.0,2.5,1.0
3,L3,Hesitating recall,fold03,432,0.0,2.5,1.0
3,L3,Hesitating recall,fold03,433,2.5,2.5,1.0
3,L3,Hesitating recall,fold03,434,2.5,2.5,1.0
3,L3,Hesitating recall,fold03,435,2.5,2.5,1.0
3,L3,Hesitating recall,fold03,436,2.5,2.5,1.0
3,L3,Hesitating recall,fold03,437,2.5,2.5,1.0
3,L3,Hesitating recall,fold03,438,0.0,2.5,1.0
3,L3,Hesitating recall,fold03,439,0.0,2.5,1.0
3,L3,Hesitating recall,fold03,440,2.5,2.5,1.0
3,L3,Hesitating recall,fold03,441,2.5,2.5,1.0
3,L3,Hesitating recall,fold03,442,2.5,2.5,1.0
3,L3,Hesitating recall,fold03,443,0.0,2.5,1.0
3,L3,Hesitating recall,fold03,444,2.5,2.5,1.0
3,L3,Hesitating recall,fold03,445,2.5,2.5,1.0
3,L3,Hesitating recall,fold03,446,2.5,2.5,1.0
3,L3,Hesitating recall,fold03,447,2.5,2.5,1.0
3,L3,Hesitating recall,fold03,448,2.5,2.5,1.0
3,L3,Hesitating recall,fold03,449,0.0,2.5,1.0
3,L3,Hesitating recall,fold03,450,2.5,2.5,1.0
3,L3,Hesitating recall,fold03,451,2.5,2.5,1.0
3,L3,Hesitating recall,fold03,452,2.5,2.5,1.0
3,L3,Hesitating recall,fold03,453,2.5,2.5,1.0
3,L3,Hesitating recall,fold03,454,0.0,2.5,1.0
3,L3,Hesitating recall,fold03,455,2.5,2.5,1.0
3,L3,Hesitating recall,fold03,456,2.5,2.5,1.0
3,L3,Hesitating recall,fold03,457,2.5,2.5,1.0
3,L3,Hesitating recall,fold03,458,0.0,2.5,1.0
3,L3,Hesitating recall,fold03,459,2.5,2.5,1.0
3,L3,Hesitating recall,fold03,460,2.5,2.5,1.0
3,L3,Hesitating recall,fold03,461,2.5,2.5,1.0
3,L3,Hesitating recall,fold03,462,2.5,2.5,1.0
3,L3,Hesitating recall,fold03,463,2.5,2.5,1.0
3,L3,Hesitating recall,fold03,464,2.5,2.5,1.0
3,L3,Hesitating recall,fold03,465,0.0,2.5,1.0
3,L3,Hesitating recall,fold03,466,2.5,2.5,1.0
3,L3,Hesitating recall,fold03,467,0.0,2.5,1.0
3,L3,Hesitating recall,fold03,468,2.5,2.5,1.0
3,L3,Hesitating recall,fold03,469,0.0,2.5,1.0
3,L3,Hesitating recall,fold03,470,2.5,2.5,1.0
3,L3,Hesitating recall,fold03,471,2.5,2.5,1.0
3,L3,Hesitating recall,fold03,472,2.5,2.5,1.0
3,L3,Hesitating recall,fold03,473,2.5,2.5,1.0
3,L3,Hesitating recall,fold03,474,0.0,2.5,1.0
3,L3,Hesitating recall,fold03,475,0.0,2.5,1.0
3,L3,Hesitating recall,fold03,476,2.5,2.5,1.0
3,L3,Hesitating recall,fold03,477,0.0,2.5,1.0
3,L3,Hesitating recall,fold03,478,2.5,2.5,1.0
3,L3,Hesitating recall,fold03,479,2.5,2.5,1.0
3,L3,Hesitating recall,fold03,480,0.0,2.5,1.0
3,L3,Hesitating recall,fold03,481,2.5,2.5,1.0
3,L3,Hesitating recall,fold03,482,2.5,2.5,1.0
3,L3,Hesitating recall,fold03,483,2.5,2.5,1.0
3,L3,Hesitating recall,fold03,484,2.5,2.5,1.0
3,L3,Hesitating recall,fold03,485,2.5,2.5,1.0
3,L3,Hesitating recall,fold03,486,2.5,2.5,1.0
3,L3,Hesitating recall,fold03,487,2.5,2.5,1.0
3,L3,Hesitating recall,fold03,488,2.5,2.5,1.0
3,L3,Hesitating recall,fold03,489,2.5,2.5,1.0
3,L3,Hesitating recall,fold03,490,2.5,2.5,1.0
3,L3,Hesitating recall,fold03,491,2.5,2.5,1.0
3,L3,Hesitating recall,fold03,492,0.0,2.5,1.0
3,L3,Hesitating recall,fold03,493,2.5,2.5,1.0
3,L3,Hesitating recall,fold03,494,0.0,2.5,1.0
3,L3,Hesitating recall,fold03,495,2.5,2.5,1.0
3,L3,Hesitating recall,fold03,496,2.5,2.5,1.0
3,L3,Hesitating recall,fold03,497,0.0,2.5,1.0
3,L3,Hesitating recall,fold03,498,0.0,2.5,1.0
3,L3,Hesitating recall,fold03,499,2.5,2.5,1.0
3,L3,Hesitating recall,fold03,500,0.0,2.5,1.0
5,L5,Walking recall,fold01,1,-7.5187969924811995,-6.86090225563909,0.7964071856287425
5,L5,Walking recall,fold01,2,-8.17669172932331,-6.86090225563909,0.7964071856287425
5,L5,Walking recall,fold01,3,-7.847744360902254,-6.86090225563909,0.7964071856287425
5,L5,Walking recall,fold01,4,-7.847744360902254,-6.86090225563909,0.7964071856287425
5,L5,Walking recall,fold01,5,-11.419172932330824,-6.86090225563909,0.7964071856287425
5,L5,Walking recall,fold01,6,-10.43233082706766,-6.86090225563909,0.7964071856287425
5,L5,Walking recall,fold01,7,-7.847744360902254,-6.86090225563909,0.7964071856287425
5,L5,Walking recall,fold01,8,-11.090225563909769,-6.86090225563909,0.7964071856287425
5,L5,Walking recall,fold01,9,-12.077067669172934,-6.86090225563909,0.7964071856287425
5,L5,Walking recall,fold01,10,-7.5187969924811995,-6.86090225563909,0.7964071856287425
5,L5,Walking recall,fold01,11,-7.847744360902254,-6.86090225563909,0.7964071856287425
5,L5,Walking recall,fold01,12,-7.5187969924811995,-6.86090225563909,0.7964071856287425
5,L5,Walking recall,fold01,13,-7.5187969924811995,-6.86090225563909,0.7964071856287425
5,L5,Walking recall,fold01,14,-4.276315789473678,-6.86090225563909,0.7964071856287425
5,L5,Walking recall,fold01,15,-3.2894736842105203,-6.86090225563909,0.7964071856287425
5,L5,Walking recall,fold01,16,-3.6184210526315823,-6.86090225563909,0.7964071856287425
5,L5,Walking recall,fold01,17,-10.103383458646618,-6.86090225563909,0.7964071856287425
5,L5,Walking recall,fold01,18,-6.86090225563909,-6.86090225563909,0.7964071856287425
5,L5,Walking recall,fold01,19,-10.43233082706766,-6.86090225563909,0.7964071856287425
5,L5,Walking recall,fold01,20,-10.43233082706766,-6.86090225563909,0.7964071856287425
5,L5,Walking recall,fold01,21,-10.761278195488728,-6.86090225563909,0.7964071856287425
5,L5,Walking recall,fold01,22,-4.934210526315788,-6.86090225563909,0.7964071856287425
5,L5,Walking recall,fold01,23,-7.189849624060159,-6.86090225563909,0.7964071856287425
5,L5,Walking recall,fold01,24,-3.6184210526315823,-6.86090225563909,0.7964071856287425
5,L5,Walking recall,fold01,25,-7.5187969924811995,-6.86090225563909,0.7964071856287425
5,L5,Walking recall,fold01,26,-7.5187969924811995,-6.86090225563909,0.7964071856287425
5,L5,Walking recall,fold01,27,-7.847744360902254,-6.86090225563909,0.7964071856287425
5,L5,Walking recall,fold01,28,-7.5187969924811995,-6.86090225563909,0.7964071856287425
5,L5,Walking recall,fold01,29,-3.94736842105263,-6.86090225563909,0.7964071856287425
5,L5,Walking recall,fold01,30,-7.847744360902254,-6.86090225563909,0.7964071856287425
5,L5,Walking recall,fold01,31,-6.86090225563909,-6.86090225563909,0.7964071856287425
5,L5,Walking recall,fold01,32,-10.761278195488728,-6.86090225563909,0.7964071856287425
5,L5,Walking recall,fold01,33,-11.419172932330824,-6.86090225563909,0.7964071856287425
5,L5,Walking recall,fold01,34,-7.5187969924811995,-6.86090225563909,0.7964071856287425
5,L5,Walking recall,fold01,35,-6.86090225563909,-6.86090225563909,0.7964071856287425
5,L5,Walking recall,fold01,36,-7.189849624060159,-6.86090225563909,0.7964071856287425
5,L5,Walking recall,fold01,37,-6.531954887218049,-6.86090225563909,0.7964071856287425
5,L5,Walking recall,fold01,38,-7.189849624060159,-6.86090225563909,0.7964071856287425
5,L5,Walking recall,fold01,39,-7.5187969924811995,-6.86090225563909,0.7964071856287425
5,L5,Walking recall,fold01,40,-3.6184210526315823,-6.86090225563909,0.7964071856287425
5,L5,Walking recall,fold01,41,-3.6184210526315823,-6.86090225563909,0.7964071856287425
5,L5,Walking recall,fold01,42,-11.748120300751879,-6.86090225563909,0.7964071856287425
5,L5,Walking recall,fold01,43,-12.406015037593988,-6.86090225563909,0.7964071856287425
5,L5,Walking recall,fold01,44,-3.94736842105263,-6.86090225563909,0.7964071856287425
5,L5,Walking recall,fold01,45,-10.761278195488728,-6.86090225563909,0.7964071856287425
5,L5,Walking recall,fold01,46,-7.189849624060159,-6.86090225563909,0.7964071856287425
5,L5,Walking recall,fold01,47,-7.189849624060159,-6.86090225563909,0.7964071856287425
5,L5,Walking recall,fold01,48,-10.761278195488728,-6.86090225563909,0.7964071856287425
5,L5,Walking recall,fold01,49,-6.531954887218049,-6.86090225563909,0.7964071856287425
5,L5,Walking recall,fold01,50,-6.86090225563909,-6.86090225563909,0.7964071856287425
5,L5,Walking recall,fold01,51,-12.406015037593988,-6.86090225563909,0.7964071856287425
5,L5,Walking recall,fold01,52,-7.847744360902254,-6.86090225563909,0.7964071856287425
5,L5,Walking recall,fold01,53,-4.60526315789474,-6.86090225563909,0.7964071856287425
5,L5,Walking recall,fold01,54,-7.847744360902254,-6.86090225563909,0.7964071856287425
5,L5,Walking recall,fold01,55,-11.419172932330824,-6.86090225563909,0.7964071856287425
5,L5,Walking recall,fold01,56,-10.761278195488728,-6.86090225563909,0.7964071856287425
5,L5,Walking recall,fold01,57,-11.748120300751879,-6.86090225563909,0.7964071856287425
5,L5,Walking recall,fold01,58,-10.761278195488728,-6.86090225563909,0.7964071856287425
5,L5,Walking recall,fold01,59,-7.5187969924811995,-6.86090225563909,0.7964071856287425
5,L5,Walking recall,fold01,60,-7.189849624060159,-6.86090225563909,0.7964071856287425
5,L5,Walking recall,fold01,61,-7.5187969924811995,-6.86090225563909,0.7964071856287425
5,L5,Walking recall,fold01,62,-8.505639097744364,-6.86090225563909,0.7964071856287425
5,L5,Walking recall,fold01,63,-8.505639097744364,-6.86090225563909,0.7964071856287425
5,L5,Walking recall,fold01,64,-3.6184210526315823,-6.86090225563909,0.7964071856287425
5,L5,Walking recall,fold01,65,-6.86090225563909,-6.86090225563909,0.7964071856287425
5,L5,Walking recall,fold01,66,-7.5187969924811995,-6.86090225563909,0.7964071856287425
5,L5,Walking recall,fold01,67,-8.17669172932331,-6.86090225563909,0.7964071856287425
5,L5,Walking recall,fold01,68,-7.5187969924811995,-6.86090225563909,0.7964071856287425
5,L5,Walking recall,fold01,69,-11.090225563909769,-6.86090225563909,0.7964071856287425
5,L5,Walking recall,fold01,70,-11.090225563909769,-6.86090225563909,0.7964071856287425
5,L5,Walking recall,fold01,71,-7.189849624060159,-6.86090225563909,0.7964071856287425
5,L5,Walking recall,fold01,72,-7.5187969924811995,-6.86090225563909,0.7964071856287425
5,L5,Walking recall,fold01,73,-7.189849624060159,-6.86090225563909,0.7964071856287425
5,L5,Walking recall,fold01,74,-3.2894736842105203,-6.86090225563909,0.7964071856287425
5,L5,Walking recall,fold01,75,-7.847744360902254,-6.86090225563909,0.7964071856287425
5,L5,Walking recall,fold01,76,-10.103383458646618,-6.86090225563909,0.7964071856287425
5,L5,Walking recall,fold01,77,-11.090225563909769,-6.86090225563909,0.7964071856287425
5,L5,Walking recall,fold01,78,-3.94736842105263,-6.86090225563909,0.7964071856287425
5,L5,Walking recall,fold01,79,-8.17669172932331,-6.86090225563909,0.7964071856287425
5,L5,Walking recall,fold01,80,-7.189849624060159,-6.86090225563909,0.7964071856287425
5,L5,Walking recall,fold01,81,-6.86090225563909,-6.86090225563909,0.7964071856287425
5,L5,Walking recall,fold01,82,-11.090225563909769,-6.86090225563909,0.7964071856287425
5,L5,Walking recall,fold01,83,-3.94736842105263,-6.86090225563909,0.7964071856287425
5,L5,Walking recall,fold01,84,-11.090225563909769,-6.86090225563909,0.7964071856287425
5,L5,Walking recall,fold01,85,-6.86090225563909,-6.86090225563909,0.7964071856287425
5,L5,Walking recall,fold01,86,-4.276315789473678,-6.86090225563909,0.7964071856287425
5,L5,Walking recall,fold01,87,-3.94736842105263,-6.86090225563909,0.7964071856287425
5,L5,Walking recall,fold01,88,-11.090225563909769,-6.86090225563909,0.7964071856287425
5,L5,Walking recall,fold01,89,-8.17669172932331,-6.86090225563909,0.7964071856287425
5,L5,Walking recall,fold01,90,-12.077067669172934,-6.86090225563909,0.7964071856287425
5,L5,Walking recall,fold01,91,-7.189849624060159,-6.86090225563909,0.7964071856287425
5,L5,Walking recall,fold01,92,-3.2894736842105203,-6.86090225563909,0.7964071856287425
5,L5,Walking recall,fold01,93,-7.847744360902254,-6.86090225563909,0.7964071856287425
5,L5,Walking recall,fold01,94,-11.419172932330824,-6.86090225563909,0.7964071856287425
5,L5,Walking recall,fold01,95,-10.43233082706766,-6.86090225563909,0.7964071856287425
5,L5,Walking recall,fold01,96,-3.94736842105263,-6.86090225563909,0.7964071856287425
5,L5,Walking recall,fold01,97,-7.189849624060159,-6.86090225563909,0.7964071856287425
5,L5,Walking recall,fold01,98,-10.761278195488728,-6.86090225563909,0.7964071856287425
5,L5,Walking recall,fold01,99,-7.189849624060159,-6.86090225563909,0.7964071856287425
5,L5,Walking recall,fold01,100,-6.86090225563909,-6.86090225563909,0.7964071856287425
5,L5,Walking recall,fold01,101,-3.6184210526315823,-6.86090225563909,0.7964071856287425
5,L5,Walking recall,fold01,102,-8.505639097744364,-6.86090225563909,0.7964071856287425
5,L5,Walking recall,fold01,103,-11.090225563909769,-6.86090225563909,0.7964071856287425
5,L5,Walking recall,fold01,104,-6.531954887218049,-6.86090225563909,0.7964071856287425
5,L5,Walking recall,fold01,105,-11.419172932330824,-6.86090225563909,0.7964071856287425
5,L5,Walking recall,fold01,106,-7.847744360902254,-6.86090225563909,0.7964071856287425
5,L5,Walking recall,fold01,107,-7.189849624060159,-6.86090225563909,0.7964071856287425
5,L5,Walking recall,fold01,108,-10.761278195488728,-6.86090225563909,0.7964071856287425
5,L5,Walking recall,fold01,109,-6.531954887218049,-6.86090225563909,0.7964071856287425
5,L5,Walking recall,fold01,110,-6.86090225563909,-6.86090225563909,0.7964071856287425
5,L5,Walking recall,fold01,111,-10.103383458646618,-6.86090225563909,0.7964071856287425
5,L5,Walking recall,fold01,112,-8.17669172932331,-6.86090225563909,0.7964071856287425
5,L5,Walking recall,fold01,113,-7.5187969924811995,-6.86090225563909,0.7964071856287425
5,L5,Walking recall,fold01,114,-7.189849624060159,-6.86090225563909,0.7964071856287425
5,L5,Walking recall,fold01,115,-7.847744360902254,-6.86090225563909,0.7964071856287425
5,L5,Walking recall,fold01,116,-10.761278195488728,-6.86090225563909,0.7964071856287425
5,L5,Walking recall,fold01,117,-8.17669172932331,-6.86090225563909,0.7964071856287425
5,L5,Walking recall,fold01,118,-3.94736842105263,-6.86090225563909,0.7964071856287425
5,L5,Walking recall,fold01,119,-4.276315789473678,-6.86090225563909,0.7964071856287425
5,L5,Walking recall,fold01,120,-7.847744360902254,-6.86090225563909,0.7964071856287425
5,L5,Walking recall,fold01,121,-3.6184210526315823,-6.86090225563909,0.7964071856287425
5,L5,Walking recall,fold01,122,-11.748120300751879,-6.86090225563909,0.7964071856287425
5,L5,Walking recall,fold01,123,-7.5187969924811995,-6.86090225563909,0.7964071856287425
5,L5,Walking recall,fold01,124,-11.090225563909769,-6.86090225563909,0.7964071856287425
5,L5,Walking recall,fold01,125,-7.5187969924811995,-6.86090225563909,0.7964071856287425
5,L5,Walking recall,fold01,126,-7.847744360902254,-6.86090225563909,0.7964071856287425
5,L5,Walking recall,fold01,127,-11.419172932330824,-6.86090225563909,0.7964071856287425
5,L5,Walking recall,fold01,128,-7.847744360902254,-6.86090225563909,0.7964071856287425
5,L5,Walking recall,fold01,129,-7.847744360902254,-6.86090225563909,0.7964071856287425
5,L5,Walking recall,fold01,130,-4.276315789473678,-6.86090225563909,0.7964071856287425
5,L5,Walking recall,fold01,131,-10.103383458646618,-6.86090225563909,0.7964071856287425
5,L5,Walking recall,fold01,132,-8.17669172932331,-6.86090225563909,0.7964071856287425
5,L5,Walking recall,fold01,133,-10.761278195488728,-6.86090225563909,0.7964071856287425
5,L5,Walking recall,fold01,134,-11.090225563909769,-6.86090225563909,0.7964071856287425
5,L5,Walking recall,fold01,135,-6.86090225563909,-6.86090225563909,0.7964071856287425
5,L5,Walking recall,fold01,136,-10.43233082706766,-6.86090225563909,0.7964071856287425
5,L5,Walking recall,fold01,137,-8.505639097744364,-6.86090225563909,0.7964071856287425
5,L5,Walking recall,fold01,138,-6.86090225563909,-6.86090225563909,0.7964071856287425
5,L5,Walking recall,fold01,139,-4.934210526315788,-6.86090225563909,0.7964071856287425
5,L5,Walking recall,fold01,140,-6.86090225563909,-6.86090225563909,0.7964071856287425
5,L5,Walking recall,fold01,141,-7.5187969924811995,-6.86090225563909,0.7964071856287425
5,L5,Walking recall,fold01,142,-8.834586466165419,-6.86090225563909,0.7964071856287425
5,L5,Walking recall,fold01,143,-7.5187969924811995,-6.86090225563909,0.7964071856287425
5,L5,Walking recall,fold01,144,-10.103383458646618,-6.86090225563909,0.7964071856287425
5,L5,Walking recall,fold01,145,-7.189849624060159,-6.86090225563909,0.7964071856287425
5,L5,Walking recall,fold01,146,-7.5187969924811995,-6.86090225563909,0.7964071856287425
5,L5,Walking recall,fold01,147,-7.847744360902254,-6.86090225563909,0.7964071856287425
5,L5,Walking recall,fold01,148,-7.189849624060159,-6.86090225563909,0.7964071856287425
5,L5,Walking recall,fold01,149,-3.6184210526315823,-6.86090225563909,0.7964071856287425
5,L5,Walking recall,fold01,150,-7.5187969924811995,-6.86090225563909,0.7964071856287425
5,L5,Walking recall,fold01,151,-3.6184210526315823,-6.86090225563909,0.7964071856287425
5,L5,Walking recall,fold01,152,-8.17669172932331,-6.86090225563909,0.7964071856287425
5,L5,Walking recall,fold01,153,-3.6184210526315823,-6.86090225563909,0.7964071856287425
5,L5,Walking recall,fold01,154,-7.189849624060159,-6.86090225563909,0.7964071856287425
5,L5,Walking recall,fold01,155,-7.5187969924811995,-6.86090225563909,0.7964071856287425
5,L5,Walking recall,fold01,156,-7.847744360902254,-6.86090225563909,0.7964071856287425
5,L5,Walking recall,fold01,157,-3.94736842105263,-6.86090225563909,0.7964071856287425
5,L5,Walking recall,fold01,158,-4.934210526315788,-6.86090225563909,0.7964071856287425
5,L5,Walking recall,fold01,159,-10.761278195488728,-6.86090225563909,0.7964071856287425
5,L5,Walking recall,fold01,160,-8.17669172932331,-6.86090225563909,0.7964071856287425
5,L5,Walking recall,fold01,161,-7.847744360902254,-6.86090225563909,0.7964071856287425
5,L5,Walking recall,fold01,162,-6.86090225563909,-6.86090225563909,0.7964071856287425
5,L5,Walking recall,fold01,163,-6.531954887218049,-6.86090225563909,0.7964071856287425
5,L5,Walking recall,fold01,164,-7.5187969924811995,-6.86090225563909,0.7964071856287425
5,L5,Walking recall,fold01,165,-3.94736842105263,-6.86090225563909,0.7964071856287425
5,L5,Walking recall,fold01,166,-10.761278195488728,-6.86090225563909,0.7964071856287425
5,L5,Walking recall,fold01,167,-7.5187969924811995,-6.86090225563909,0.7964071856287425
5,L5,Walking recall,fold01,168,-7.5187969924811995,-6.86090225563909,0.7964071856287425
5,L5,Walking recall,fold01,169,-7.189849624060159,-6.86090225563909,0.7964071856287425
5,L5,Walking recall,fold01,170,-6.86090225563909,-6.86090225563909,0.7964071856287425
5,L5,Walking recall,fold01,171,-11.748120300751879,-6.86090225563909,0.7964071856287425
5,L5,Walking recall,fold01,172,-7.5187969924811995,-6.86090225563909,0.7964071856287425
5,L5,Walking recall,fold01,173,-7.5187969924811995,-6.86090225563909,0.7964071856287425
5,L5,Walking recall,fold01,174,-8.17669172932331,-6.86090225563909,0.7964071856287425
5,L5,Walking recall,fold01,175,-3.94736842105263,-6.86090225563909,0.7964071856287425
5,L5,Walking recall,fold01,176,-8.834586466165419,-6.86090225563909,0.7964071856287425
5,L5,Walking recall,fold01,177,-11.090225563909769,-6.86090225563909,0.7964071856287425
5,L5,Walking recall,fold01,178,-8.505639097744364,-6.86090225563909,0.7964071856287425
5,L5,Walking recall,fold01,179,-6.531954887218049,-6.86090225563909,0.7964071856287425
5,L5,Walking recall,fold01,180,-7.189849624060159,-6.86090225563909,0.7964071856287425
5,L5,Walking recall,fold01,181,-11.419172932330824,-6.86090225563909,0.7964071856287425
5,L5,Walking recall,fold01,182,-3.94736842105263,-6.86090225563909,0.7964071856287425
5,L5,Walking recall,fold01,183,-6.86090225563909,-6.86090225563909,0.7964071856287425
5,L5,Walking recall,fold01,184,-10.761278195488728,-6.86090225563909,0.7964071856287425
5,L5,Walking recall,fold01,185,-11.419172932330824,-6.86090225563909,0.7964071856287425
5,L5,Walking recall,fold01,186,-6.86090225563909,-6.86090225563909,0.7964071856287425
5,L5,Walking recall,fold01,187,-7.189849624060159,-6.86090225563909,0.7964071856287425
5,L5,Walking recall,fold01,188,-7.5187969924811995,-6.86090225563909,0.7964071856287425
5,L5,Walking recall,fold01,189,-3.6184210526315823,-6.86090225563909,0.7964071856287425
5,L5,Walking recall,fold01,190,-7.5187969924811995,-6.86090225563909,0.7964071856287425
5,L5,Walking recall,fold01,191,-10.761278195488728,-6.86090225563909,0.7964071856287425
5,L5,Walking recall,fold01,192,-7.189849624060159,-6.86090225563909,0.7964071856287425
5,L5,Walking recall,fold01,193,-6.86090225563909,-6.86090225563909,0.7964071856287425
5,L5,Walking recall,fold01,194,-7.847744360902254,-6.86090225563909,0.7964071856287425
5,L5,Walking recall,fold01,195,-6.86090225563909,-6.86090225563909,0.7964071856287425
5,L5,Walking recall,fold01,196,-3.94736842105263,-6.86090225563909,0.7964071856287425
5,L5,Walking recall,fold01,197,-7.5187969924811995,-6.86090225563909,0.7964071856287425
5,L5,Walking recall,fold01,198,-7.5187969924811995,-6.86090225563909,0.7964071856287425
5,L5,Walking recall,fold01,199,-10.103383458646618,-6.86090225563909,0.7964071856287425
5,L5,Walking recall,fold01,200,-7.5187969924811995,-6.86090225563909,0.7964071856287425
5,L5,Walking recall,fold01,201,-11.419172932330824,-6.86090225563909,0.7964071856287425
5,L5,Walking recall,fold01,202,-7.847744360902254,-6.86090225563909,0.7964071856287425
5,L5,Walking recall,fold01,203,-6.86090225563909,-6.86090225563909,0.7964071856287425
5,L5,Walking recall,fold01,204,-11.748120300751879,-6.86090225563909,0.7964071856287425
5,L5,Walking recall,fold01,205,-4.276315789473678,-6.86090225563909,0.7964071856287425
5,L5,Walking recall,fold01,206,-7.5187969924811995,-6.86090225563909,0.7964071856287425
5,L5,Walking recall,fold01,207,-6.86090225563909,-6.86090225563909,0.7964071856287425
5,L5,Walking recall,fold01,208,-11.090225563909769,-6.86090225563909,0.7964071856287425
5,L5,Walking recall,fold01,209,-6.86090225563909,-6.86090225563909,0.7964071856287425
5,L5,Walking recall,fold01,210,-11.090225563909769,-6.86090225563909,0.7964071856287425
5,L5,Walking recall,fold01,211,-7.5187969924811995,-6.86090225563909,0.7964071856287425
5,L5,Walking recall,fold01,212,-7.5187969924811995,-6.86090225563909,0.7964071856287425
5,L5,Walking recall,fold01,213,-10.43233082706766,-6.86090225563909,0.7964071856287425
5,L5,Walking recall,fold01,214,-3.94736842105263,-6.86090225563909,0.7964071856287425
5,L5,Walking recall,fold01,215,-3.94736842105263,-6.86090225563909,0.7964071856287425
5,L5,Walking recall,fold01,216,-11.419172932330824,-6.86090225563909,0.7964071856287425
5,L5,Walking recall,fold01,217,-11.419172932330824,-6.86090225563909,0.7964071856287425
5,L5,Walking recall,fold01,218,-7.5187969924811995,-6.86090225563909,0.7964071856287425
5,L5,Walking recall,fold01,219,-7.5187969924811995,-6.86090225563909,0.7964071856287425
5,L5,Walking recall,fold01,220,-10.761278195488728,-6.86090225563909,0.7964071856287425
5,L5,Walking recall,fold01,221,-7.847744360902254,-6.86090225563909,0.7964071856287425
5,L5,Walking recall,fold01,222,-7.847744360902254,-6.86090225563909,0.7964071856287425
5,L5,Walking recall,fold01,223,-10.761278195488728,-6.86090225563909,0.7964071856287425
5,L5,Walking recall,fold01,224,-3.2894736842105203,-6.86090225563909,0.7964071856287425
5,L5,Walking recall,fold01,225,-11.748120300751879,-6.86090225563909,0.7964071856287425
5,L5,Walking recall,fold01,226,-4.60526315789474,-6.86090225563909,0.7964071856287425
5,L5,Walking recall,fold01,227,-11.419172932330824,-6.86090225563909,0.7964071856287425
5,L5,Walking recall,fold01,228,-6.86090225563909,-6.86090225563909,0.7964071856287425
5,L5,Walking recall,fold01,229,-4.276315789473678,-6.86090225563909,0.7964071856287425
5,L5,Walking recall,fold01,230,-7.847744360902254,-6.86090225563909,0.7964071856287425
5,L5,Walking recall,fold01,231,-6.86090225563909,-6.86090225563909,0.7964071856287425
5,L5,Walking recall,fold01,232,-10.103383458646618,-6.86090225563909,0.7964071856287425
5,L5,Walking recall,fold01,233,-4.276315789473678,-6.86090225563909,0.7964071856287425
5,L5,Walking recall,fold01,234,-7.5187969924811995,-6.86090225563909,0.7964071856287425
5,L5,Walking recall,fold01,235,-3.6184210526315823,-6.86090225563909,0.7964071856287425
5,L5,Walking recall,fold01,236,-7.5187969924811995,-6.86090225563909,0.7964071856287425
5,L5,Walking recall,fold01,237,-7.5187969924811995,-6.86090225563909,0.7964071856287425
5,L5,Walking recall,fold01,238,-7.189849624060159,-6.86090225563909,0.7964071856287425
5,L5,Walking recall,fold01,239,-7.847744360902254,-6.86090225563909,0.7964071856287425
5,L5,Walking recall,fold01,240,-7.189849624060159,-6.86090225563909,0.7964071856287425
5,L5,Walking recall,fold01,241,-7.189849624060159,-6.86090225563909,0.7964071856287425
5,L5,Walking recall,fold01,242,-10.43233082706766,-6.86090225563909,0.7964071856287425
5,L5,Walking recall,fold01,243,-7.847744360902254,-6.86090225563909,0.7964071856287425
5,L5,Walking recall,fold01,244,-7.189849624060159,-6.86090225563909,0.7964071856287425
5,L5,Walking recall,fold01,245,-3.6184210526315823,-6.86090225563909,0.7964071856287425
5,L5,Walking recall,fold01,246,-7.189849624060159,-6.86090225563909,0.7964071856287425
5,L5,Walking recall,fold01,247,-7.5187969924811995,-6.86090225563909,0.7964071856287425
5,L5,Walking recall,fold01,248,-11.748120300751879,-6.86090225563909,0.7964071856287425
5,L5,Walking recall,fold01,249,-4.276315789473678,-6.86090225563909,0.7964071856287425
5,L5,Walking recall,fold01,250,-7.5187969924811995,-6.86090225563909,0.7964071856287425
5,L5,Walking recall,fold01,251,-11.419172932330824,-6.86090225563909,0.7964071856287425
5,L5,Walking recall,fold01,252,-6.86090225563909,-6.86090225563909,0.7964071856287425
5,L5,Walking recall,fold01,253,-6.86090225563909,-6.86090225563909,0.7964071856287425
5,L5,Walking recall,fold01,254,-7.5187969924811995,-6.86090225563909,0.7964071856287425
5,L5,Walking recall,fold01,255,-7.189849624060159,-6.86090225563909,0.7964071856287425
5,L5,Walking recall,fold01,256,-3.6184210526315823,-6.86090225563909,0.7964071856287425
5,L5,Walking recall,fold01,257,-10.761278195488728,-6.86090225563909,0.7964071856287425
5,L5,Walking recall,fold01,258,-6.86090225563909,-6.86090225563909,0.7964071856287425
5,L5,Walking recall,fold01,259,-11.419172932330824,-6.86090225563909,0.7964071856287425
5,L5,Walking recall,fold01,260,-7.5187969924811995,-6.86090225563909,0.7964071856287425
5,L5,Walking recall,fold01,261,-3.2894736842105203,-6.86090225563909,0.7964071856287425
5,L5,Walking recall,fold01,262,-10.761278195488728,-6.86090225563909,0.7964071856287425
5,L5,Walking recall,fold01,263,-3.6184210526315823,-6.86090225563909,0.7964071856287425
5,L5,Walking recall,fold01,264,-8.505639097744364,-6.86090225563909,0.7964071856287425
5,L5,Walking recall,fold01,265,-2.9605263157894726,-6.86090225563909,0.7964071856287425
5,L5,Walking recall,fold01,266,-7.5187969924811995,-6.86090225563909,0.7964071856287425
5,L5,Walking recall,fold01,267,-7.189849624060159,-6.86090225563909,0.7964071856287425
5,L5,Walking recall,fold01,268,-11.090225563909769,-6.86090225563909,0.7964071856287425
5,L5,Walking recall,fold01,269,-7.5187969924811995,-6.86090225563909,0.7964071856287425
5,L5,Walking recall,fold01,270,-7.5187969924811995,-6.86090225563909,0.7964071856287425
5,L5,Walking recall,fold01,271,-7.189849624060159,-6.86090225563909,0.7964071856287425
5,L5,Walking recall,fold01,272,-3.2894736842105203,-6.86090225563909,0.7964071856287425
5,L5,Walking recall,fold01,273,-11.090225563909769,-6.86090225563909,0.7964071856287425
5,L5,Walking recall,fold01,274,-11.748120300751879,-6.86090225563909,0.7964071856287425
5,L5,Walking recall,fold01,275,-11.419172932330824,-6.86090225563909,0.7964071856287425
5,L5,Walking recall,fold01,276,-6.203007518796994,-6.86090225563909,0.7964071856287425
5,L5,Walking recall,fold01,277,-7.189849624060159,-6.86090225563909,0.7964071856287425
5,L5,Walking recall,fold01,278,-10.43233082706766,-6.86090225563909,0.7964071856287425
5,L5,Walking recall,fold01,279,-7.5187969924811995,-6.86090225563909,0.7964071856287425
5,L5,Walking recall,fold01,280,-11.090225563909769,-6.86090225563909,0.7964071856287425
5,L5,Walking recall,fold01,281,-11.090225563909769,-6.86090225563909,0.7964071856287425
5,L5,Walking recall,fold01,282,-6.86090225563909,-6.86090225563909,0.7964071856287425
5,L5,Walking recall,fold01,283,-3.6184210526315823,-6.86090225563909,0.7964071856287425
5,L5,Walking recall,fold01,284,-4.276315789473678,-6.86090225563909,0.7964071856287425
5,L5,Walking recall,fold01,285,-4.276315789473678,-6.86090225563909,0.7964071856287425
5,L5,Walking recall,fold01,286,-7.5187969924811995,-6.86090225563909,0.7964071856287425
5,L5,Walking recall,fold01,287,-12.406015037593988,-6.86090225563909,0.7964071856287425
5,L5,Walking recall,fold01,288,-8.17669172932331,-6.86090225563909,0.7964071856287425
5,L5,Walking recall,fold01,289,-10.761278195488728,-6.86090225563909,0.7964071856287425
5,L5,Walking recall,fold01,290,-6.86090225563909,-6.86090225563909,0.7964071856287425
5,L5,Walking recall,fold01,291,-7.5187969924811995,-6.86090225563909,0.7964071856287425
5,L5,Walking recall,fold01,292,-7.189849624060159,-6.86090225563909,0.7964071856287425
5,L5,Walking recall,fold01,293,-11.748120300751879,-6.86090225563909,0.7964071856287425
5,L5,Walking recall,fold01,294,-2.6315789473684177,-6.86090225563909,0.7964071856287425
5,L5,Walking recall,fold01,295,-8.505639097744364,-6.86090225563909,0.7964071856287425
5,L5,Walking recall,fold01,296,-11.419172932330824,-6.86090225563909,0.7964071856287425
5,L5,Walking recall,fold01,297,-7.5187969924811995,-6.86090225563909,0.7964071856287425
5,L5,Walking recall,fold01,298,-11.419172932330824,-6.86090225563909,0.7964071856287425
5,L5,Walking recall,fold01,299,-7.5187969924811995,-6.86090225563909,0.7964071856287425
5,L5,Walking recall,fold01,300,-6.86090225563909,-6.86090225563909,0.7964071856287425
5,L5,Walking recall,fold01,301,-7.189849624060159,-6.86090225563909,0.7964071856287425
5,L5,Walking recall,fold01,302,-6.531954887218049,-6.86090225563909,0.7964071856287425
5,L5,Walking recall,fold01,303,-7.189849624060159,-6.86090225563909,0.7964071856287425
5,L5,Walking recall,fold01,304,-7.5187969924811995,-6.86090225563909,0.7964071856287425
5,L5,Walking recall,fold01,305,-3.94736842105263,-6.86090225563909,0.7964071856287425
5,L5,Walking recall,fold01,306,-8.17669172932331,-6.86090225563909,0.7964071856287425
5,L5,Walking recall,fold01,307,-11.090225563909769,-6.86090225563909,0.7964071856287425
5,L5,Walking recall,fold01,308,-11.090225563909769,-6.86090225563909,0.7964071856287425
5,L5,Walking recall,fold01,309,-10.761278195488728,-6.86090225563909,0.7964071856287425
5,L5,Walking recall,fold01,310,-7.5187969924811995,-6.86090225563909,0.7964071856287425
5,L5,Walking recall,fold01,311,-10.761278195488728,-6.86090225563909,0.7964071856287425
5,L5,Walking recall,fold01,312,-6.86090225563909,-6.86090225563909,0.7964071856287425
5,L5,Walking recall,fold01,313,-7.5187969924811995,-6.86090225563909,0.7964071856287425
5,L5,Walking recall,fold01,314,-12.077067669172934,-6.86090225563909,0.7964071856287425
5,L5,Walking recall,fold01,315,-11.419172932330824,-6.86090225563909,0.7964071856287425
5,L5,Walking recall,fold01,316,-11.090225563909769,-6.86090225563909,0.7964071856287425
5,L5,Walking recall,fold01,317,-8.17669172932331,-6.86090225563909,0.7964071856287425
5,L5,Walking recall,fold01,318,-3.2894736842105203,-6.86090225563909,0.7964071856287425
5,L5,Walking recall,fold01,319,-6.86090225563909,-6.86090225563909,0.7964071856287425
5,L5,Walking recall,fold01,320,-7.847744360902254,-6.86090225563909,0.7964071856287425
5,L5,Walking recall,fold01,321,-4.276315789473678,-6.86090225563909,0.7964071856287425
5,L5,Walking recall,fold01,322,-12.077067669172934,-6.86090225563909,0.7964071856287425
5,L5,Walking recall,fold01,323,-10.43233082706766,-6.86090225563909,0.7964071856287425
5,L5,Walking recall,fold01,324,-7.5187969924811995,-6.86090225563909,0.7964071856287425
5,L5,Walking recall,fold01,325,-7.189849624060159,-6.86090225563909,0.7964071856287425
5,L5,Walking recall,fold01,326,-6.86090225563909,-6.86090225563909,0.7964071856287425
5,L5,Walking recall,fold01,327,-11.419172932330824,-6.86090225563909,0.7964071856287425
5,L5,Walking recall,fold01,328,-3.6184210526315823,-6.86090225563909,0.7964071856287425
5,L5,Walking recall,fold01,329,-11.748120300751879,-6.86090225563909,0.7964071856287425
5,L5,Walking recall,fold01,330,-7.847744360902254,-6.86090225563909,0.7964071856287425
5,L5,Walking recall,fold01,331,-8.17669172932331,-6.86090225563909,0.7964071856287425
5,L5,Walking recall,fold01,332,-7.5187969924811995,-6.86090225563909,0.7964071856287425
5,L5,Walking recall,fold01,333,-7.5187969924811995,-6.86090225563909,0.7964071856287425
5,L5,Walking recall,fold01,334,-11.090225563909769,-6.86090225563909,0.7964071856287425
5,L5,Walking recall,fold01,335,-11.090225563909769,-6.86090225563909,0.7964071856287425
5,L5,Walking recall,fold01,336,-7.5187969924811995,-6.86090225563909,0.7964071856287425
5,L5,Walking recall,fold01,337,-7.189849624060159,-6.86090225563909,0.7964071856287425
5,L5,Walking recall,fold01,338,-7.189849624060159,-6.86090225563909,0.7964071856287425
5,L5,Walking recall,fold01,339,-11.419172932330824,-6.86090225563909,0.7964071856287425
5,L5,Walking recall,fold01,340,-3.94736842105263,-6.86090225563909,0.7964071856287425
5,L5,Walking recall,fold01,341,-7.5187969924811995,-6.86090225563909,0.7964071856287425
5,L5,Walking recall,fold01,342,-8.834586466165419,-6.86090225563909,0.7964071856287425
5,L5,Walking recall,fold01,343,-3.6184210526315823,-6.86090225563909,0.7964071856287425
5,L5,Walking recall,fold01,344,-3.94736842105263,-6.86090225563909,0.7964071856287425
5,L5,Walking recall,fold01,345,-7.5187969924811995,-6.86090225563909,0.7964071856287425
5,L5,Walking recall,fold01,346,-12.077067669172934,-6.86090225563909,0.7964071856287425
5,L5,Walking recall,fold01,347,-10.761278195488728,-6.86090225563909,0.7964071856287425
5,L5,Walking recall,fold01,348,-11.090225563909769,-6.86090225563909,0.7964071856287425
5,L5,Walking recall,fold01,349,-3.2894736842105203,-6.86090225563909,0.7964071856287425
5,L5,Walking recall,fold01,350,-7.847744360902254,-6.86090225563909,0.7964071856287425
5,L5,Walking recall,fold01,351,-6.86090225563909,-6.86090225563909,0.7964071856287425
5,L5,Walking recall,fold01,352,-9.445488721804509,-6.86090225563909,0.7964071856287425
5,L5,Walking recall,fold01,353,-7.189849624060159,-6.86090225563909,0.7964071856287425
5,L5,Walking recall,fold01,354,-6.86090225563909,-6.86090225563909,0.7964071856287425
5,L5,Walking recall,fold01,355,-7.847744360902254,-6.86090225563909,0.7964071856287425
5,L5,Walking recall,fold01,356,-11.748120300751879,-6.86090225563909,0.7964071856287425
5,L5,Walking recall,fold01,357,-7.5187969924811995,-6.86090225563909,0.7964071856287425
5,L5,Walking recall,fold01,358,-7.5187969924811995,-6.86090225563909,0.7964071856287425
5,L5,Walking recall,fold01,359,-7.189849624060159,-6.86090225563909,0.7964071856287425
5,L5,Walking recall,fold01,360,-7.5187969924811995,-6.86090225563909,0.7964071856287425
5,L5,Walking recall,fold01,361,-8.17669172932331,-6.86090225563909,0.7964071856287425
5,L5,Walking recall,fold01,362,-7.189849624060159,-6.86090225563909,0.7964071856287425
5,L5,Walking recall,fold01,363,-7.189849624060159,-6.86090225563909,0.7964071856287425
5,L5,Walking recall,fold01,364,-3.6184210526315823,-6.86090225563909,0.7964071856287425
5,L5,Walking recall,fold01,365,-6.531954887218049,-6.86090225563909,0.7964071856287425
5,L5,Walking recall,fold01,366,-10.103383458646618,-6.86090225563909,0.7964071856287425
5,L5,Walking recall,fold01,367,-10.43233082706766,-6.86090225563909,0.7964071856287425
5,L5,Walking recall,fold01,368,-7.5187969924811995,-6.86090225563909,0.7964071856287425
5,L5,Walking recall,fold01,369,-6.531954887218049,-6.86090225563909,0.7964071856287425
5,L5,Walking recall,fold01,370,-3.6184210526315823,-6.86090225563909,0.7964071856287425
5,L5,Walking recall,fold01,371,-11.419172932330824,-6.86090225563909,0.7964071856287425
5,L5,Walking recall,fold01,372,-7.5187969924811995,-6.86090225563909,0.7964071856287425
5,L5,Walking recall,fold01,373,-7.189849624060159,-6.86090225563909,0.7964071856287425
5,L5,Walking recall,fold01,374,-7.5187969924811995,-6.86090225563909,0.7964071856287425
5,L5,Walking recall,fold01,375,-6.86090225563909,-6.86090225563909,0.7964071856287425
5,L5,Walking recall,fold01,376,-4.60526315789474,-6.86090225563909,0.7964071856287425
5,L5,Walking recall,fold01,377,-4.934210526315788,-6.86090225563909,0.7964071856287425
5,L5,Walking recall,fold01,378,-7.189849624060159,-6.86090225563909,0.7964071856287425
5,L5,Walking recall,fold01,379,-3.2894736842105203,-6.86090225563909,0.7964071856287425
5,L5,Walking recall,fold01,380,-6.86090225563909,-6.86090225563909,0.7964071856287425
5,L5,Walking recall,fold01,381,-7.5187969924811995,-6.86090225563909,0.7964071856287425
5,L5,Walking recall,fold01,382,-7.5187969924811995,-6.86090225563909,0.7964071856287425
5,L5,Walking recall,fold01,383,-6.531954887218049,-6.86090225563909,0.7964071856287425
5,L5,Walking recall,fold01,384,-6.86090225563909,-6.86090225563909,0.7964071856287425
5,L5,Walking recall,fold01,385,-7.189849624060159,-6.86090225563909,0.7964071856287425
5,L5,Walking recall,fold01,386,-2.6315789473684177,-6.86090225563909,0.7964071856287425
5,L5,Walking recall,fold01,387,-7.847744360902254,-6.86090225563909,0.7964071856287425
5,L5,Walking recall,fold01,388,-7.847744360902254,-6.86090225563909,0.7964071856287425
5,L5,Walking recall,fold01,389,-3.94736842105263,-6.86090225563909,0.7964071856287425
5,L5,Walking recall,fold01,390,-11.419172932330824,-6.86090225563909,0.7964071856287425
5,L5,Walking recall,fold01,391,-11.090225563909769,-6.86090225563909,0.7964071856287425
5,L5,Walking recall,fold01,392,-8.834586466165419,-6.86090225563909,0.7964071856287425
5,L5,Walking recall,fold01,393,-7.847744360902254,-6.86090225563909,0.7964071856287425
5,L5,Walking recall,fold01,394,-8.17669172932331,-6.86090225563909,0.7964071856287425
5,L5,Walking recall,fold01,395,-11.748120300751879,-6.86090225563909,0.7964071856287425
5,L5,Walking recall,fold01,396,-6.86090225563909,-6.86090225563909,0.7964071856287425
5,L5,Walking recall,fold01,397,-7.189849624060159,-6.86090225563909,0.7964071856287425
5,L5,Walking recall,fold01,398,-7.5187969924811995,-6.86090225563909,0.7964071856287425
5,L5,Walking recall,fold01,399,-7.5187969924811995,-6.86090225563909,0.7964071856287425
5,L5,Walking recall,fold01,400,-3.6184210526315823,-6.86090225563909,0.7964071856287425
5,L5,Walking recall,fold01,401,-11.419172932330824,-6.86090225563909,0.7964071856287425
5,L5,Walking recall,fold01,402,-11.419172932330824,-6.86090225563909,0.7964071856287425
5,L5,Walking recall,fold01,403,-3.94736842105263,-6.86090225563909,0.7964071856287425
5,L5,Walking recall,fold01,404,-7.5187969924811995,-6.86090225563909,0.7964071856287425
5,L5,Walking recall,fold01,405,-10.43233082706766,-6.86090225563909,0.7964071856287425
5,L5,Walking recall,fold01,406,-10.761278195488728,-6.86090225563909,0.7964071856287425
5,L5,Walking recall,fold01,407,-6.531954887218049,-6.86090225563909,0.7964071856287425
5,L5,Walking recall,fold01,408,-8.505639097744364,-6.86090225563909,0.7964071856287425
5,L5,Walking recall,fold01,409,-11.748120300751879,-6.86090225563909,0.7964071856287425
5,L5,Walking recall,fold01,410,-6.86090225563909,-6.86090225563909,0.7964071856287425
5,L5,Walking recall,fold01,411,-11.090225563909769,-6.86090225563909,0.7964071856287425
5,L5,Walking recall,fold01,412,-11.748120300751879,-6.86090225563909,0.7964071856287425
5,L5,Walking recall,fold01,413,-8.17669172932331,-6.86090225563909,0.7964071856287425
5,L5,Walking recall,fold01,414,-7.847744360902254,-6.86090225563909,0.7964071856287425
5,L5,Walking recall,fold01,415,-11.090225563909769,-6.86090225563909,0.7964071856287425
5,L5,Walking recall,fold01,416,-6.531954887218049,-6.86090225563909,0.7964071856287425
5,L5,Walking recall,fold01,417,-7.189849624060159,-6.86090225563909,0.7964071856287425
5,L5,Walking recall,fold01,418,-6.86090225563909,-6.86090225563909,0.7964071856287425
5,L5,Walking recall,fold01,419,-7.5187969924811995,-6.86090225563909,0.7964071856287425
5,L5,Walking recall,fold01,420,-10.103383458646618,-6.86090225563909,0.7964071856287425
5,L5,Walking recall,fold01,421,-7.5187969924811995,-6.86090225563909,0.7964071856287425
5,L5,Walking recall,fold01,422,-3.6184210526315823,-6.86090225563909,0.7964071856287425
5,L5,Walking recall,fold01,423,-7.5187969924811995,-6.86090225563909,0.7964071856287425
5,L5,Walking recall,fold01,424,-6.86090225563909,-6.86090225563909,0.7964071856287425
5,L5,Walking recall,fold01,425,-6.203007518796994,-6.86090225563909,0.7964071856287425
5,L5,Walking recall,fold01,426,-10.761278195488728,-6.86090225563909,0.7964071856287425
5,L5,Walking recall,fold01,427,-6.531954887218049,-6.86090225563909,0.7964071856287425
5,L5,Walking recall,fold01,428,-7.847744360902254,-6.86090225563909,0.7964071856287425
5,L5,Walking recall,fold01,429,-3.6184210526315823,-6.86090225563909,0.7964071856287425
5,L5,Walking recall,fold01,430,-11.748120300751879,-6.86090225563909,0.7964071856287425
5,L5,Walking recall,fold01,431,-11.090225563909769,-6.86090225563909,0.7964071856287425
5,L5,Walking recall,fold01,432,-7.189849624060159,-6.86090225563909,0.7964071856287425
5,L5,Walking recall,fold01,433,-8.17669172932331,-6.86090225563909,0.7964071856287425
5,L5,Walking recall,fold01,434,-7.189849624060159,-6.86090225563909,0.7964071856287425
5,L5,Walking recall,fold01,435,-3.94736842105263,-6.86090225563909,0.7964071856287425
5,L5,Walking recall,fold01,436,-4.276315789473678,-6.86090225563909,0.7964071856287425
5,L5,Walking recall,fold01,437,-7.5187969924811995,-6.86090225563909,0.7964071856287425
5,L5,Walking recall,fold01,438,-7.847744360902254,-6.86090225563909,0.7964071856287425
5,L5,Walking recall,fold01,439,-11.090225563909769,-6.86090225563909,0.7964071856287425
5,L5,Walking recall,fold01,440,-7.847744360902254,-6.86090225563909,0.7964071856287425
5,L5,Walking recall,fold01,441,-11.090225563909769,-6.86090225563909,0.7964071856287425
5,L5,Walking recall,fold01,442,-7.5187969924811995,-6.86090225563909,0.7964071856287425
5,L5,Walking recall,fold01,443,-7.5187969924811995,-6.86090225563909,0.7964071856287425
5,L5,Walking recall,fold01,444,-8.17669172932331,-6.86090225563909,0.7964071856287425
5,L5,Walking recall,fold01,445,-7.189849624060159,-6.86090225563909,0.7964071856287425
5,L5,Walking recall,fold01,446,-3.94736842105263,-6.86090225563909,0.7964071856287425
5,L5,Walking recall,fold01,447,-6.86090225563909,-6.86090225563909,0.7964071856287425
5,L5,Walking recall,fold01,448,-8.17669172932331,-6.86090225563909,0.7964071856287425
5,L5,Walking recall,fold01,449,-3.94736842105263,-6.86090225563909,0.7964071856287425
5,L5,Walking recall,fold01,450,-7.189849624060159,-6.86090225563909,0.7964071856287425
5,L5,Walking recall,fold01,451,-7.189849624060159,-6.86090225563909,0.7964071856287425
5,L5,Walking recall,fold01,452,-11.419172932330824,-6.86090225563909,0.7964071856287425
5,L5,Walking recall,fold01,453,-11.090225563909769,-6.86090225563909,0.7964071856287425
5,L5,Walking recall,fold01,454,-10.43233082706766,-6.86090225563909,0.7964071856287425
5,L5,Walking recall,fold01,455,-3.94736842105263,-6.86090225563909,0.7964071856287425
5,L5,Walking recall,fold01,456,-10.43233082706766,-6.86090225563909,0.7964071856287425
5,L5,Walking recall,fold01,457,-7.5187969924811995,-6.86090225563909,0.7964071856287425
5,L5,Walking recall,fold01,458,-7.5187969924811995,-6.86090225563909,0.7964071856287425
5,L5,Walking recall,fold01,459,-7.847744360902254,-6.86090225563909,0.7964071856287425
5,L5,Walking recall,fold01,460,-8.17669172932331,-6.86090225563909,0.7964071856287425
5,L5,Walking recall,fold01,461,-10.103383458646618,-6.86090225563909,0.7964071856287425
5,L5,Walking recall,fold01,462,-6.203007518796994,-6.86090225563909,0.7964071856287425
5,L5,Walking recall,fold01,463,-11.090225563909769,-6.86090225563909,0.7964071856287425
5,L5,Walking recall,fold01,464,-7.847744360902254,-6.86090225563909,0.7964071856287425
5,L5,Walking recall,fold01,465,-7.847744360902254,-6.86090225563909,0.7964071856287425
5,L5,Walking recall,fold01,466,-7.5187969924811995,-6.86090225563909,0.7964071856287425
5,L5,Walking recall,fold01,467,-7.5187969924811995,-6.86090225563909,0.7964071856287425
5,L5,Walking recall,fold01,468,-6.86090225563909,-6.86090225563909,0.7964071856287425
5,L5,Walking recall,fold01,469,-8.17669172932331,-6.86090225563909,0.7964071856287425
5,L5,Walking recall,fold01,470,-8.17669172932331,-6.86090225563909,0.7964071856287425
5,L5,Walking recall,fold01,471,-3.6184210526315823,-6.86090225563909,0.7964071856287425
5,L5,Walking recall,fold01,472,-6.86090225563909,-6.86090225563909,0.7964071856287425
5,L5,Walking recall,fold01,473,-7.5187969924811995,-6.86090225563909,0.7964071856287425
5,L5,Walking recall,fold01,474,-4.276315789473678,-6.86090225563909,0.7964071856287425
5,L5,Walking recall,fold01,475,-4.60526315789474,-6.86090225563909,0.7964071856287425
5,L5,Walking recall,fold01,476,-8.17669172932331,-6.86090225563909,0.7964071856287425
5,L5,Walking recall,fold01,477,-7.189849624060159,-6.86090225563909,0.7964071856287425
5,L5,Walking recall,fold01,478,-8.17669172932331,-6.86090225563909,0.7964071856287425
5,L5,Walking recall,fold01,479,-2.9605263157894726,-6.86090225563909,0.7964071856287425
5,L5,Walking recall,fold01,480,-6.531954887218049,-6.86090225563909,0.7964071856287425
5,L5,Walking recall,fold01,481,-11.090225563909769,-6.86090225563909,0.7964071856287425
5,L5,Walking recall,fold01,482,-11.748120300751879,-6.86090225563909,0.7964071856287425
5,L5,Walking recall,fold01,483,-11.090225563909769,-6.86090225563909,0.7964071856287425
5,L5,Walking recall,fold01,484,-6.86090225563909,-6.86090225563909,0.7964071856287425
5,L5,Walking recall,fold01,485,-11.419172932330824,-6.86090225563909,0.7964071856287425
5,L5,Walking recall,fold01,486,-8.17669172932331,-6.86090225563909,0.7964071856287425
5,L5,Walking recall,fold01,487,-7.5187969924811995,-6.86090225563909,0.7964071856287425
5,L5,Walking recall,fold01,488,-12.077067669172934,-6.86090225563909,0.7964071856287425
5,L5,Walking recall,fold01,489,-6.203007518796994,-6.86090225563909,0.7964071856287425
5,L5,Walking recall,fold01,490,-7.847744360902254,-6.86090225563909,0.7964071856287425
5,L5,Walking recall,fold01,491,-3.2894736842105203,-6.86090225563909,0.7964071856287425
5,L5,Walking recall,fold01,492,-10.43233082706766,-6.86090225563909,0.7964071856287425
5,L5,Walking recall,fold01,493,-8.17669172932331,-6.86090225563909,0.7964071856287425
5,L5,Walking recall,fold01,494,-11.090225563909769,-6.86090225563909,0.7964071856287425
5,L5,Walking recall,fold01,495,-7.5187969924811995,-6.86090225563909,0.7964071856287425
5,L5,Walking recall,fold01,496,-7.5187969924811995,-6.86090225563909,0.7964071856287425
5,L5,Walking recall,fold01,497,-3.6184210526315823,-6.86090225563909,0.7964071856287425
5,L5,Walking recall,fold01,498,-10.761278195488728,-6.86090225563909,0.7964071856287425
5,L5,Walking recall,fold01,499,-7.5187969924811995,-6.86090225563909,0.7964071856287425
5,L5,Walking recall,fold01,500,-6.531954887218049,-6.86090225563909,0.7964071856287425
5,L5,Walking recall,fold02,1,-7.8007518796992485,-8.787593984962399,0.45109780439121755
5,L5,Walking recall,fold02,2,-9.116541353383454,-8.787593984962399,0.45109780439121755
5,L5,Walking recall,fold02,3,-8.787593984962399,-8.787593984962399,0.45109780439121755
5,L5,Walking recall,fold02,4,-8.787593984962399,-8.787593984962399,0.45109780439121755
5,L5,Walking recall,fold02,5,-9.116541353383454,-8.787593984962399,0.45109780439121755
5,L5,Walking recall,fold02,6,-8.458646616541358,-8.787593984962399,0.45109780439121755
5,L5,Walking recall,fold02,7,-8.458646616541358,-8.787593984962399,0.45109780439121755
5,L5,Walking recall,fold02,8,-9.116541353383454,-8.787593984962399,0.45109780439121755
5,L5,Walking recall,fold02,9,-7.8007518796992485,-8.787593984962399,0.45109780439121755
5,L5,Walking recall,fold02,10,-8.787593984962399,-8.787593984962399,0.45109780439121755
5,L5,Walking recall,fold02,11,-8.458646616541358,-8.787593984962399,0.45109780439121755
5,L5,Walking recall,fold02,12,-7.8007518796992485,-8.787593984962399,0.45109780439121755
5,L5,Walking recall,fold02,13,-8.458646616541358,-8.787593984962399,0.45109780439121755
5,L5,Walking recall,fold02,14,-9.774436090225564,-8.787593984962399,0.45109780439121755
5,L5,Walking recall,fold02,15,-8.129699248120303,-8.787593984962399,0.45109780439121755
5,L5,Walking recall,fold02,16,-8.787593984962399,-8.787593984962399,0.45109780439121755
5,L5,Walking recall,fold02,17,-8.787593984962399,-8.787593984962399,0.45109780439121755
5,L5,Walking recall,fold02,18,-8.787593984962399,-8.787593984962399,0.45109780439121755
5,L5,Walking recall,fold02,19,-8.129699248120303,-8.787593984962399,0.45109780439121755
5,L5,Walking recall,fold02,20,-8.787593984962399,-8.787593984962399,0.45109780439121755
5,L5,Walking recall,fold02,21,-8.787593984962399,-8.787593984962399,0.45109780439121755
5,L5,Walking recall,fold02,22,-8.787593984962399,-8.787593984962399,0.45109780439121755
5,L5,Walking recall,fold02,23,-9.445488721804509,-8.787593984962399,0.45109780439121755
5,L5,Walking recall,fold02,24,-8.129699248120303,-8.787593984962399,0.45109780439121755
5,L5,Walking recall,fold02,25,-8.787593984962399,-8.787593984962399,0.45109780439121755
5,L5,Walking recall,fold02,26,-8.458646616541358,-8.787593984962399,0.45109780439121755
5,L5,Walking recall,fold02,27,-9.445488721804509,-8.787593984962399,0.45109780439121755
5,L5,Walking recall,fold02,28,-8.129699248120303,-8.787593984962399,0.45109780439121755
5,L5,Walking recall,fold02,29,-9.445488721804509,-8.787593984962399,0.45109780439121755
5,L5,Walking recall,fold02,30,-8.787593984962399,-8.787593984962399,0.45109780439121755
5,L5,Walking recall,fold02,31,-8.129699248120303,-8.787593984962399,0.45109780439121755
5,L5,Walking recall,fold02,32,-9.445488721804509,-8.787593984962399,0.45109780439121755
5,L5,Walking recall,fold02,33,-7.8007518796992485,-8.787593984962399,0.45109780439121755
5,L5,Walking recall,fold02,34,-8.458646616541358,-8.787593984962399,0.45109780439121755
5,L5,Walking recall,fold02,35,-9.445488721804509,-8.787593984962399,0.45109780439121755
5,L5,Walking recall,fold02,36,-8.458646616541358,-8.787593984962399,0.45109780439121755
5,L5,Walking recall,fold02,37,-8.458646616541358,-8.787593984962399,0.45109780439121755
5,L5,Walking recall,fold02,38,-8.129699248120303,-8.787593984962399,0.45109780439121755
5,L5,Walking recall,fold02,39,-8.787593984962399,-8.787593984962399,0.45109780439121755
5,L5,Walking recall,fold02,40,-8.129699248120303,-8.787593984962399,0.45109780439121755
5,L5,Walking recall,fold02,41,-8.458646616541358,-8.787593984962399,0.45109780439121755
5,L5,Walking recall,fold02,42,-9.445488721804509,-8.787593984962399,0.45109780439121755
5,L5,Walking recall,fold02,43,-8.129699248120303,-8.787593984962399,0.45109780439121755
5,L5,Walking recall,fold02,44,-8.787593984962399,-8.787593984962399,0.45109780439121755
5,L5,Walking recall,fold02,45,-8.787593984962399,-8.787593984962399,0.45109780439121755
5,L5,Walking recall,fold02,46,-9.445488721804509,-8.787593984962399,0.45109780439121755
5,L5,Walking recall,fold02,47,-9.116541353383454,-8.787593984962399,0.45109780439121755
5,L5,Walking recall,fold02,48,-9.116541353383454,-8.787593984962399,0.45109780439121755
5,L5,Walking recall,fold02,49,-8.129699248120303,-8.787593984962399,0.45109780439121755
5,L5,Walking recall,fold02,50,-9.116541353383454,-8.787593984962399,0.45109780439121755
5,L5,Walking recall,fold02,51,-8.458646616541358,-8.787593984962399,0.45109780439121755
5,L5,Walking recall,fold02,52,-8.458646616541358,-8.787593984962399,0.45109780439121755
5,L5,Walking recall,fold02,53,-9.116541353383454,-8.787593984962399,0.45109780439121755
5,L5,Walking recall,fold02,54,-8.458646616541358,-8.787593984962399,0.45109780439121755
5,L5,Walking recall,fold02,55,-8.458646616541358,-8.787593984962399,0.45109780439121755
5,L5,Walking recall,fold02,56,-9.445488721804509,-8.787593984962399,0.45109780439121755
5,L5,Walking recall,fold02,57,-8.787593984962399,-8.787593984962399,0.45109780439121755
5,L5,Walking recall,fold02,58,-8.129699248120303,-8.787593984962399,0.45109780439121755
5,L5,Walking recall,fold02,59,-8.787593984962399,-8.787593984962399,0.45109780439121755
5,L5,Walking recall,fold02,60,-8.458646616541358,-8.787593984962399,0.45109780439121755
5,L5,Walking recall,fold02,61,-8.787593984962399,-8.787593984962399,0.45109780439121755
5,L5,Walking recall,fold02,62,-8.129699248120303,-8.787593984962399,0.45109780439121755
5,L5,Walking recall,fold02,63,-8.129699248120303,-8.787593984962399,0.45109780439121755
5,L5,Walking recall,fold02,64,-8.458646616541358,-8.787593984962399,0.45109780439121755
5,L5,Walking recall,fold02,65,-8.129699248120303,-8.787593984962399,0.45109780439121755
5,L5,Walking recall,fold02,66,-8.787593984962399,-8.787593984962399,0.45109780439121755
5,L5,Walking recall,fold02,67,-8.129699248120303,-8.787593984962399,0.45109780439121755
5,L5,Walking recall,fold02,68,-8.129699248120303,-8.787593984962399,0.45109780439121755
5,L5,Walking recall,fold02,69,-8.787593984962399,-8.787593984962399,0.45109780439121755
5,L5,Walking recall,fold02,70,-8.787593984962399,-8.787593984962399,0.45109780439121755
5,L5,Walking recall,fold02,71,-8.458646616541358,-8.787593984962399,0.45109780439121755
5,L5,Walking recall,fold02,72,-8.458646616541358,-8.787593984962399,0.45109780439121755
5,L5,Walking recall,fold02,73,-8.458646616541358,-8.787593984962399,0.45109780439121755
5,L5,Walking recall,fold02,74,-9.445488721804509,-8.787593984962399,0.45109780439121755
5,L5,Walking recall,fold02,75,-8.129699248120303,-8.787593984962399,0.45109780439121755
5,L5,Walking recall,fold02,76,-8.129699248120303,-8.787593984962399,0.45109780439121755
5,L5,Walking recall,fold02,77,-9.116541353383454,-8.787593984962399,0.45109780439121755
5,L5,Walking recall,fold02,78,-8.458646616541358,-8.787593984962399,0.45109780439121755
5,L5,Walking recall,fold02,79,-9.445488721804509,-8.787593984962399,0.45109780439121755
5,L5,Walking recall,fold02,80,-7.471804511278194,-8.787593984962399,0.45109780439121755
5,L5,Walking recall,fold02,81,-8.787593984962399,-8.787593984962399,0.45109780439121755
5,L5,Walking recall,fold02,82,-8.787593984962399,-8.787593984962399,0.45109780439121755
5,L5,Walking recall,fold02,83,-9.774436090225564,-8.787593984962399,0.45109780439121755
5,L5,Walking recall,fold02,84,-8.458646616541358,-8.787593984962399,0.45109780439121755
5,L5,Walking recall,fold02,85,-9.116541353383454,-8.787593984962399,0.45109780439121755
5,L5,Walking recall,fold02,86,-9.445488721804509,-8.787593984962399,0.45109780439121755
5,L5,Walking recall,fold02,87,-8.129699248120303,-8.787593984962399,0.45109780439121755
5,L5,Walking recall,fold02,88,-8.787593984962399,-8.787593984962399,0.45109780439121755
5,L5,Walking recall,fold02,89,-8.129699248120303,-8.787593984962399,0.45109780439121755
5,L5,Walking recall,fold02,90,-8.129699248120303,-8.787593984962399,0.45109780439121755
5,L5,Walking recall,fold02,91,-8.787593984962399,-8.787593984962399,0.45109780439121755
5,L5,Walking recall,fold02,92,-8.787593984962399,-8.787593984962399,0.45109780439121755
5,L5,Walking recall,fold02,93,-8.129699248120303,-8.787593984962399,0.45109780439121755
5,L5,Walking recall,fold02,94,-9.116541353383454,-8.787593984962399,0.45109780439121755
5,L5,Walking recall,fold02,95,-8.787593984962399,-8.787593984962399,0.45109780439121755
5,L5,Walking recall,fold02,96,-7.471804511278194,-8.787593984962399,0.45109780439121755
5,L5,Walking recall,fold02,97,-8.787593984962399,-8.787593984962399,0.45109780439121755
5,L5,Walking recall,fold02,98,-8.129699248120303,-8.787593984962399,0.45109780439121755
5,L5,Walking recall,fold02,99,-8.458646616541358,-8.787593984962399,0.45109780439121755
5,L5,Walking recall,fold02,100,-8.129699248120303,-8.787593984962399,0.45109780439121755
5,L5,Walking recall,fold02,101,-7.8007518796992485,-8.787593984962399,0.45109780439121755
5,L5,Walking recall,fold02,102,-7.8007518796992485,-8.787593984962399,0.45109780439121755
5,L5,Walking recall,fold02,103,-8.458646616541358,-8.787593984962399,0.45109780439121755
5,L5,Walking recall,fold02,104,-9.116541353383454,-8.787593984962399,0.45109780439121755
5,L5,Walking recall,fold02,105,-8.787593984962399,-8.787593984962399,0.45109780439121755
5,L5,Walking recall,fold02,106,-9.445488721804509,-8.787593984962399,0.45109780439121755
5,L5,Walking recall,fold02,107,-9.116541353383454,-8.787593984962399,0.45109780439121755
5,L5,Walking recall,fold02,108,-7.8007518796992485,-8.787593984962399,0.45109780439121755
5,L5,Walking recall,fold02,109,-8.458646616541358,-8.787593984962399,0.45109780439121755
5,L5,Walking recall,fold02,110,-9.445488721804509,-8.787593984962399,0.45109780439121755
5,L5,Walking recall,fold02,111,-8.458646616541358,-8.787593984962399,0.45109780439121755
5,L5,Walking recall,fold02,112,-9.445488721804509,-8.787593984962399,0.45109780439121755
5,L5,Walking recall,fold02,113,-8.129699248120303,-8.787593984962399,0.45109780439121755
5,L5,Walking recall,fold02,114,-9.116541353383454,-8.787593984962399,0.45109780439121755
5,L5,Walking recall,fold02,115,-8.787593984962399,-8.787593984962399,0.45109780439121755
5,L5,Walking recall,fold02,116,-8.787593984962399,-8.787593984962399,0.45109780439121755
5,L5,Walking recall,fold02,117,-9.116541353383454,-8.787593984962399,0.45109780439121755
5,L5,Walking recall,fold02,118,-7.8007518796992485,-8.787593984962399,0.45109780439121755
5,L5,Walking recall,fold02,119,-8.458646616541358,-8.787593984962399,0.45109780439121755
5,L5,Walking recall,fold02,120,-8.129699248120303,-8.787593984962399,0.45109780439121755
5,L5,Walking recall,fold02,121,-8.787593984962399,-8.787593984962399,0.45109780439121755
5,L5,Walking recall,fold02,122,-7.8007518796992485,-8.787593984962399,0.45109780439121755
5,L5,Walking recall,fold02,123,-9.116541353383454,-8.787593984962399,0.45109780439121755
5,L5,Walking recall,fold02,124,-8.787593984962399,-8.787593984962399,0.45109780439121755
5,L5,Walking recall,fold02,125,-8.129699248120303,-8.787593984962399,0.45109780439121755
5,L5,Walking recall,fold02,126,-8.458646616541358,-8.787593984962399,0.45109780439121755
5,L5,Walking recall,fold02,127,-8.129699248120303,-8.787593984962399,0.45109780439121755
5,L5,Walking recall,fold02,128,-8.787593984962399,-8.787593984962399,0.45109780439121755
5,L5,Walking recall,fold02,129,-8.129699248120303,-8.787593984962399,0.45109780439121755
5,L5,Walking recall,fold02,130,-9.445488721804509,-8.787593984962399,0.45109780439121755
5,L5,Walking recall,fold02,131,-8.787593984962399,-8.787593984962399,0.45109780439121755
5,L5,Walking recall,fold02,132,-8.458646616541358,-8.787593984962399,0.45109780439121755
5,L5,Walking recall,fold02,133,-8.787593984962399,-8.787593984962399,0.45109780439121755
5,L5,Walking recall,fold02,134,-7.471804511278194,-8.787593984962399,0.45109780439121755
5,L5,Walking recall,fold02,135,-8.129699248120303,-8.787593984962399,0.45109780439121755
5,L5,Walking recall,fold02,136,-8.458646616541358,-8.787593984962399,0.45109780439121755
5,L5,Walking recall,fold02,137,-8.129699248120303,-8.787593984962399,0.45109780439121755
5,L5,Walking recall,fold02,138,-8.129699248120303,-8.787593984962399,0.45109780439121755
5,L5,Walking recall,fold02,139,-8.787593984962399,-8.787593984962399,0.45109780439121755
5,L5,Walking recall,fold02,140,-8.458646616541358,-8.787593984962399,0.45109780439121755
5,L5,Walking recall,fold02,141,-7.8007518796992485,-8.787593984962399,0.45109780439121755
5,L5,Walking recall,fold02,142,-9.116541353383454,-8.787593984962399,0.45109780439121755
5,L5,Walking recall,fold02,143,-8.129699248120303,-8.787593984962399,0.45109780439121755
5,L5,Walking recall,fold02,144,-9.445488721804509,-8.787593984962399,0.45109780439121755
5,L5,Walking recall,fold02,145,-9.116541353383454,-8.787593984962399,0.45109780439121755
5,L5,Walking recall,fold02,146,-9.116541353383454,-8.787593984962399,0.45109780439121755
5,L5,Walking recall,fold02,147,-9.774436090225564,-8.787593984962399,0.45109780439121755
5,L5,Walking recall,fold02,148,-9.116541353383454,-8.787593984962399,0.45109780439121755
5,L5,Walking recall,fold02,149,-9.116541353383454,-8.787593984962399,0.45109780439121755
5,L5,Walking recall,fold02,150,-7.8007518796992485,-8.787593984962399,0.45109780439121755
5,L5,Walking recall,fold02,151,-9.116541353383454,-8.787593984962399,0.45109780439121755
5,L5,Walking recall,fold02,152,-9.445488721804509,-8.787593984962399,0.45109780439121755
5,L5,Walking recall,fold02,153,-9.116541353383454,-8.787593984962399,0.45109780439121755
5,L5,Walking recall,fold02,154,-7.8007518796992485,-8.787593984962399,0.45109780439121755
5,L5,Walking recall,fold02,155,-8.458646616541358,-8.787593984962399,0.45109780439121755
5,L5,Walking recall,fold02,156,-8.787593984962399,-8.787593984962399,0.45109780439121755
5,L5,Walking recall,fold02,157,-8.458646616541358,-8.787593984962399,0.45109780439121755
5,L5,Walking recall,fold02,158,-7.8007518796992485,-8.787593984962399,0.45109780439121755
5,L5,Walking recall,fold02,159,-7.471804511278194,-8.787593984962399,0.45109780439121755
5,L5,Walking recall,fold02,160,-8.787593984962399,-8.787593984962399,0.45109780439121755
5,L5,Walking recall,fold02,161,-8.787593984962399,-8.787593984962399,0.45109780439121755
5,L5,Walking recall,fold02,162,-9.116541353383454,-8.787593984962399,0.45109780439121755
5,L5,Walking recall,fold02,163,-8.129699248120303,-8.787593984962399,0.45109780439121755
5,L5,Walking recall,fold02,164,-9.116541353383454,-8.787593984962399,0.45109780439121755
5,L5,Walking recall,fold02,165,-8.787593984962399,-8.787593984962399,0.45109780439121755
5,L5,Walking recall,fold02,166,-7.8007518796992485,-8.787593984962399,0.45109780439121755
5,L5,Walking recall,fold02,167,-9.116541353383454,-8.787593984962399,0.45109780439121755
5,L5,Walking recall,fold02,168,-8.129699248120303,-8.787593984962399,0.45109780439121755
5,L5,Walking recall,fold02,169,-8.787593984962399,-8.787593984962399,0.45109780439121755
5,L5,Walking recall,fold02,170,-8.458646616541358,-8.787593984962399,0.45109780439121755
5,L5,Walking recall,fold02,171,-8.458646616541358,-8.787593984962399,0.45109780439121755
5,L5,Walking recall,fold02,172,-8.458646616541358,-8.787593984962399,0.45109780439121755
5,L5,Walking recall,fold02,173,-7.8007518796992485,-8.787593984962399,0.45109780439121755
5,L5,Walking recall,fold02,174,-8.458646616541358,-8.787593984962399,0.45109780439121755
5,L5,Walking recall,fold02,175,-7.8007518796992485,-8.787593984962399,0.45109780439121755
5,L5,Walking recall,fold02,176,-8.129699248120303,-8.787593984962399,0.45109780439121755
5,L5,Walking recall,fold02,177,-8.458646616541358,-8.787593984962399,0.45109780439121755
5,L5,Walking recall,fold02,178,-9.445488721804509,-8.787593984962399,0.45109780439121755
5,L5,Walking recall,fold02,179,-8.458646616541358,-8.787593984962399,0.45109780439121755
5,L5,Walking recall,fold02,180,-8.129699248120303,-8.787593984962399,0.45109780439121755
5,L5,Walking recall,fold02,181,-8.129699248120303,-8.787593984962399,0.45109780439121755
5,L5,Walking recall,fold02,182,-9.116541353383454,-8.787593984962399,0.45109780439121755
5,L5,Walking recall,fold02,183,-7.8007518796992485,-8.787593984962399,0.45109780439121755
5,L5,Walking recall,fold02,184,-8.458646616541358,-8.787593984962399,0.45109780439121755
5,L5,Walking recall,fold02,185,-9.116541353383454,-8.787593984962399,0.45109780439121755
5,L5,Walking recall,fold02,186,-8.787593984962399,-8.787593984962399,0.45109780439121755
5,L5,Walking recall,fold02,187,-8.458646616541358,-8.787593984962399,0.45109780439121755
5,L5,Walking recall,fold02,188,-8.129699248120303,-8.787593984962399,0.45109780439121755
5,L5,Walking recall,fold02,189,-9.774436090225564,-8.787593984962399,0.45109780439121755
5,L5,Walking recall,fold02,190,-7.471804511278194,-8.787593984962399,0.45109780439121755
5,L5,Walking recall,fold02,191,-8.458646616541358,-8.787593984962399,0.45109780439121755
5,L5,Walking recall,fold02,192,-8.458646616541358,-8.787593984962399,0.45109780439121755
5,L5,Walking recall,fold02,193,-8.787593984962399,-8.787593984962399,0.45109780439121755
5,L5,Walking recall,fold02,194,-8.458646616541358,-8.787593984962399,0.45109780439121755
5,L5,Walking recall,fold02,195,-8.129699248120303,-8.787593984962399,0.45109780439121755
5,L5,Walking recall,fold02,196,-9.774436090225564,-8.787593984962399,0.45109780439121755
5,L5,Walking recall,fold02,197,-8.458646616541358,-8.787593984962399,0.45109780439121755
5,L5,Walking recall,fold02,198,-7.471804511278194,-8.787593984962399,0.45109780439121755
5,L5,Walking recall,fold02,199,-9.116541353383454,-8.787593984962399,0.45109780439121755
5,L5,Walking recall,fold02,200,-8.787593984962399,-8.787593984962399,0.45109780439121755
5,L5,Walking recall,fold02,201,-8.458646616541358,-8.787593984962399,0.45109780439121755
5,L5,Walking recall,fold02,202,-8.129699248120303,-8.787593984962399,0.45109780439121755
5,L5,Walking recall,fold02,203,-7.8007518796992485,-8.787593984962399,0.45109780439121755
5,L5,Walking recall,fold02,204,-8.787593984962399,-8.787593984962399,0.45109780439121755
5,L5,Walking recall,fold02,205,-8.787593984962399,-8.787593984962399,0.45109780439121755
5,L5,Walking recall,fold02,206,-9.116541353383454,-8.787593984962399,0.45109780439121755
5,L5,Walking recall,fold02,207,-8.787593984962399,-8.787593984962399,0.45109780439121755
5,L5,Walking recall,fold02,208,-8.787593984962399,-8.787593984962399,0.45109780439121755
5,L5,Walking recall,fold02,209,-8.458646616541358,-8.787593984962399,0.45109780439121755
5,L5,Walking recall,fold02,210,-9.445488721804509,-8.787593984962399,0.45109780439121755
5,L5,Walking recall,fold02,211,-9.116541353383454,-8.787593984962399,0.45109780439121755
5,L5,Walking recall,fold02,212,-8.787593984962399,-8.787593984962399,0.45109780439121755
5,L5,Walking recall,fold02,213,-8.129699248120303,-8.787593984962399,0.45109780439121755
5,L5,Walking recall,fold02,214,-8.129699248120303,-8.787593984962399,0.45109780439121755
5,L5,Walking recall,fold02,215,-8.787593984962399,-8.787593984962399,0.45109780439121755
5,L5,Walking recall,fold02,216,-8.458646616541358,-8.787593984962399,0.45109780439121755
5,L5,Walking recall,fold02,217,-8.787593984962399,-8.787593984962399,0.45109780439121755
5,L5,Walking recall,fold02,218,-8.129699248120303,-8.787593984962399,0.45109780439121755
5,L5,Walking recall,fold02,219,-8.458646616541358,-8.787593984962399,0.45109780439121755
5,L5,Walking recall,fold02,220,-8.787593984962399,-8.787593984962399,0.45109780439121755
5,L5,Walking recall,fold02,221,-9.116541353383454,-8.787593984962399,0.45109780439121755
5,L5,Walking recall,fold02,222,-8.458646616541358,-8.787593984962399,0.45109780439121755
5,L5,Walking recall,fold02,223,-8.458646616541358,-8.787593984962399,0.45109780439121755
5,L5,Walking recall,fold02,224,-8.129699248120303,-8.787593984962399,0.45109780439121755
5,L5,Walking recall,fold02,225,-8.458646616541358,-8.787593984962399,0.45109780439121755
5,L5,Walking recall,fold02,226,-8.129699248120303,-8.787593984962399,0.45109780439121755
5,L5,Walking recall,fold02,227,-8.129699248120303,-8.787593984962399,0.45109780439121755
5,L5,Walking recall,fold02,228,-8.787593984962399,-8.787593984962399,0.45109780439121755
5,L5,Walking recall,fold02,229,-8.129699248120303,-8.787593984962399,0.45109780439121755
5,L5,Walking recall,fold02,230,-8.458646616541358,-8.787593984962399,0.45109780439121755
5,L5,Walking recall,fold02,231,-8.458646616541358,-8.787593984962399,0.45109780439121755
5,L5,Walking recall,fold02,232,-9.116541353383454,-8.787593984962399,0.45109780439121755
5,L5,Walking recall,fold02,233,-9.116541353383454,-8.787593984962399,0.45109780439121755
5,L5,Walking recall,fold02,234,-9.774436090225564,-8.787593984962399,0.45109780439121755
5,L5,Walking recall,fold02,235,-8.458646616541358,-8.787593984962399,0.45109780439121755
5,L5,Walking recall,fold02,236,-9.116541353383454,-8.787593984962399,0.45109780439121755
5,L5,Walking recall,fold02,237,-8.458646616541358,-8.787593984962399,0.45109780439121755
5,L5,Walking recall,fold02,238,-8.458646616541358,-8.787593984962399,0.45109780439121755
5,L5,Walking recall,fold02,239,-9.116541353383454,-8.787593984962399,0.45109780439121755
5,L5,Walking recall,fold02,240,-8.129699248120303,-8.787593984962399,0.45109780439121755
5,L5,Walking recall,fold02,241,-7.8007518796992485,-8.787593984962399,0.45109780439121755
5,L5,Walking recall,fold02,242,-9.116541353383454,-8.787593984962399,0.45109780439121755
5,L5,Walking recall,fold02,243,-8.129699248120303,-8.787593984962399,0.45109780439121755
5,L5,Walking recall,fold02,244,-8.458646616541358,-8.787593984962399,0.45109780439121755
5,L5,Walking recall,fold02,245,-8.458646616541358,-8.787593984962399,0.45109780439121755
5,L5,Walking recall,fold02,246,-8.458646616541358,-8.787593984962399,0.45109780439121755
5,L5,Walking recall,fold02,247,-8.458646616541358,-8.787593984962399,0.45109780439121755
5,L5,Walking recall,fold02,248,-8.458646616541358,-8.787593984962399,0.45109780439121755
5,L5,Walking recall,fold02,249,-8.129699248120303,-8.787593984962399,0.45109780439121755
5,L5,Walking recall,fold02,250,-8.458646616541358,-8.787593984962399,0.45109780439121755
5,L5,Walking recall,fold02,251,-8.458646616541358,-8.787593984962399,0.45109780439121755
5,L5,Walking recall,fold02,252,-8.787593984962399,-8.787593984962399,0.45109780439121755
5,L5,Walking recall,fold02,253,-7.8007518796992485,-8.787593984962399,0.45109780439121755
5,L5,Walking recall,fold02,254,-8.129699248120303,-8.787593984962399,0.45109780439121755
5,L5,Walking recall,fold02,255,-7.8007518796992485,-8.787593984962399,0.45109780439121755
5,L5,Walking recall,fold02,256,-8.787593984962399,-8.787593984962399,0.45109780439121755
5,L5,Walking recall,fold02,257,-8.129699248120303,-8.787593984962399,0.45109780439121755
5,L5,Walking recall,fold02,258,-8.458646616541358,-8.787593984962399,0.45109780439121755
5,L5,Walking recall,fold02,259,-9.445488721804509,-8.787593984962399,0.45109780439121755
5,L5,Walking recall,fold02,260,-8.129699248120303,-8.787593984962399,0.45109780439121755
5,L5,Walking recall,fold02,261,-8.458646616541358,-8.787593984962399,0.45109780439121755
5,L5,Walking recall,fold02,262,-7.8007518796992485,-8.787593984962399,0.45109780439121755
5,L5,Walking recall,fold02,263,-9.445488721804509,-8.787593984962399,0.45109780439121755
5,L5,Walking recall,fold02,264,-7.8007518796992485,-8.787593984962399,0.45109780439121755
5,L5,Walking recall,fold02,265,-8.129699248120303,-8.787593984962399,0.45109780439121755
5,L5,Walking recall,fold02,266,-8.129699248120303,-8.787593984962399,0.45109780439121755
5,L5,Walking recall,fold02,267,-7.8007518796992485,-8.787593984962399,0.45109780439121755
5,L5,Walking recall,fold02,268,-9.116541353383454,-8.787593984962399,0.45109780439121755
5,L5,Walking recall,fold02,269,-8.129699248120303,-8.787593984962399,0.45109780439121755
5,L5,Walking recall,fold02,270,-8.129699248120303,-8.787593984962399,0.45109780439121755
5,L5,Walking recall,fold02,271,-7.8007518796992485,-8.787593984962399,0.45109780439121755
5,L5,Walking recall,fold02,272,-8.458646616541358,-8.787593984962399,0.45109780439121755
5,L5,Walking recall,fold02,273,-8.129699248120303,-8.787593984962399,0.45109780439121755
5,L5,Walking recall,fold02,274,-9.445488721804509,-8.787593984962399,0.45109780439121755
5,L5,Walking recall,fold02,275,-9.774436090225564,-8.787593984962399,0.45109780439121755
5,L5,Walking recall,fold02,276,-7.8007518796992485,-8.787593984962399,0.45109780439121755
5,L5,Walking recall,fold02,277,-8.458646616541358,-8.787593984962399,0.45109780439121755
5,L5,Walking recall,fold02,278,-8.129699248120303,-8.787593984962399,0.45109780439121755
5,L5,Walking recall,fold02,279,-8.787593984962399,-8.787593984962399,0.45109780439121755
5,L5,Walking recall,fold02,280,-9.116541353383454,-8.787593984962399,0.45109780439121755
5,L5,Walking recall,fold02,281,-8.458646616541358,-8.787593984962399,0.45109780439121755
5,L5,Walking recall,fold02,282,-8.129699248120303,-8.787593984962399,0.45109780439121755
5,L5,Walking recall,fold02,283,-8.787593984962399,-8.787593984962399,0.45109780439121755
5,L5,Walking recall,fold02,284,-8.129699248120303,-8.787593984962399,0.45109780439121755
5,L5,Walking recall,fold02,285,-9.116541353383454,-8.787593984962399,0.45109780439121755
5,L5,Walking recall,fold02,286,-9.116541353383454,-8.787593984962399,0.45109780439121755
5,L5,Walking recall,fold02,287,-7.8007518796992485,-8.787593984962399,0.45109780439121755
5,L5,Walking recall,fold02,288,-9.445488721804509,-8.787593984962399,0.45109780439121755
5,L5,Walking recall,fold02,289,-8.787593984962399,-8.787593984962399,0.45109780439121755
5,L5,Walking recall,fold02,290,-8.458646616541358,-8.787593984962399,0.45109780439121755
5,L5,Walking recall,fold02,291,-8.458646616541358,-8.787593984962399,0.45109780439121755
5,L5,Walking recall,fold02,292,-9.445488721804509,-8.787593984962399,0.45109780439121755
5,L5,Walking recall,fold02,293,-8.787593984962399,-8.787593984962399,0.45109780439121755
5,L5,Walking recall,fold02,294,-7.8007518796992485,-8.787593984962399,0.45109780439121755
5,L5,Walking recall,fold02,295,-8.458646616541358,-8.787593984962399,0.45109780439121755
5,L5,Walking recall,fold02,296,-7.8007518796992485,-8.787593984962399,0.45109780439121755
5,L5,Walking recall,fold02,297,-8.458646616541358,-8.787593984962399,0.45109780439121755
5,L5,Walking recall,fold02,298,-9.116541353383454,-8.787593984962399,0.45109780439121755
5,L5,Walking recall,fold02,299,-8.129699248120303,-8.787593984962399,0.45109780439121755
5,L5,Walking recall,fold02,300,-8.458646616541358,-8.787593984962399,0.45109780439121755
5,L5,Walking recall,fold02,301,-8.458646616541358,-8.787593984962399,0.45109780439121755
5,L5,Walking recall,fold02,302,-7.8007518796992485,-8.787593984962399,0.45109780439121755
5,L5,Walking recall,fold02,303,-7.471804511278194,-8.787593984962399,0.45109780439121755
5,L5,Walking recall,fold02,304,-8.787593984962399,-8.787593984962399,0.45109780439121755
5,L5,Walking recall,fold02,305,-8.787593984962399,-8.787593984962399,0.45109780439121755
5,L5,Walking recall,fold02,306,-8.458646616541358,-8.787593984962399,0.45109780439121755
5,L5,Walking recall,fold02,307,-8.458646616541358,-8.787593984962399,0.45109780439121755
5,L5,Walking recall,fold02,308,-8.458646616541358,-8.787593984962399,0.45109780439121755
5,L5,Walking recall,fold02,309,-8.787593984962399,-8.787593984962399,0.45109780439121755
5,L5,Walking recall,fold02,310,-8.458646616541358,-8.787593984962399,0.45109780439121755
5,L5,Walking recall,fold02,311,-9.774436090225564,-8.787593984962399,0.45109780439121755
5,L5,Walking recall,fold02,312,-8.129699248120303,-8.787593984962399,0.45109780439121755
5,L5,Walking recall,fold02,313,-8.458646616541358,-8.787593984962399,0.45109780439121755
5,L5,Walking recall,fold02,314,-8.458646616541358,-8.787593984962399,0.45109780439121755
5,L5,Walking recall,fold02,315,-8.787593984962399,-8.787593984962399,0.45109780439121755
5,L5,Walking recall,fold02,316,-9.116541353383454,-8.787593984962399,0.45109780439121755
5,L5,Walking recall,fold02,317,-7.8007518796992485,-8.787593984962399,0.45109780439121755
5,L5,Walking recall,fold02,318,-8.129699248120303,-8.787593984962399,0.45109780439121755
5,L5,Walking recall,fold02,319,-8.458646616541358,-8.787593984962399,0.45109780439121755
5,L5,Walking recall,fold02,320,-7.8007518796992485,-8.787593984962399,0.45109780439121755
5,L5,Walking recall,fold02,321,-8.458646616541358,-8.787593984962399,0.45109780439121755
5,L5,Walking recall,fold02,322,-8.787593984962399,-8.787593984962399,0.45109780439121755
5,L5,Walking recall,fold02,323,-8.129699248120303,-8.787593984962399,0.45109780439121755
5,L5,Walking recall,fold02,324,-9.445488721804509,-8.787593984962399,0.45109780439121755
5,L5,Walking recall,fold02,325,-9.116541353383454,-8.787593984962399,0.45109780439121755
5,L5,Walking recall,fold02,326,-9.116541353383454,-8.787593984962399,0.45109780439121755
5,L5,Walking recall,fold02,327,-7.8007518796992485,-8.787593984962399,0.45109780439121755
5,L5,Walking recall,fold02,328,-8.458646616541358,-8.787593984962399,0.45109780439121755
5,L5,Walking recall,fold02,329,-8.458646616541358,-8.787593984962399,0.45109780439121755
5,L5,Walking recall,fold02,330,-8.458646616541358,-8.787593984962399,0.45109780439121755
5,L5,Walking recall,fold02,331,-7.8007518796992485,-8.787593984962399,0.45109780439121755
5,L5,Walking recall,fold02,332,-9.445488721804509,-8.787593984962399,0.45109780439121755
5,L5,Walking recall,fold02,333,-8.458646616541358,-8.787593984962399,0.45109780439121755
5,L5,Walking recall,fold02,334,-8.458646616541358,-8.787593984962399,0.45109780439121755
5,L5,Walking recall,fold02,335,-9.445488721804509,-8.787593984962399,0.45109780439121755
5,L5,Walking recall,fold02,336,-8.787593984962399,-8.787593984962399,0.45109780439121755
5,L5,Walking recall,fold02,337,-9.445488721804509,-8.787593984962399,0.45109780439121755
5,L5,Walking recall,fold02,338,-8.787593984962399,-8.787593984962399,0.45109780439121755
5,L5,Walking recall,fold02,339,-8.129699248120303,-8.787593984962399,0.45109780439121755
5,L5,Walking recall,fold02,340,-8.787593984962399,-8.787593984962399,0.45109780439121755
5,L5,Walking recall,fold02,341,-8.129699248120303,-8.787593984962399,0.45109780439121755
5,L5,Walking recall,fold02,342,-8.458646616541358,-8.787593984962399,0.45109780439121755
5,L5,Walking recall,fold02,343,-8.458646616541358,-8.787593984962399,0.45109780439121755
5,L5,Walking recall,fold02,344,-9.445488721804509,-8.787593984962399,0.45109780439121755
5,L5,Walking recall,fold02,345,-8.129699248120303,-8.787593984962399,0.45109780439121755
5,L5,Walking recall,fold02,346,-8.129699248120303,-8.787593984962399,0.45109780439121755
5,L5,Walking recall,fold02,347,-9.116541353383454,-8.787593984962399,0.45109780439121755
5,L5,Walking recall,fold02,348,-8.458646616541358,-8.787593984962399,0.45109780439121755
5,L5,Walking recall,fold02,349,-8.129699248120303,-8.787593984962399,0.45109780439121755
5,L5,Walking recall,fold02,350,-9.116541353383454,-8.787593984962399,0.45109780439121755
5,L5,Walking recall,fold02,351,-9.445488721804509,-8.787593984962399,0.45109780439121755
5,L5,Walking recall,fold02,352,-8.129699248120303,-8.787593984962399,0.45109780439121755
5,L5,Walking recall,fold02,353,-8.458646616541358,-8.787593984962399,0.45109780439121755
5,L5,Walking recall,fold02,354,-9.116541353383454,-8.787593984962399,0.45109780439121755
5,L5,Walking recall,fold02,355,-8.129699248120303,-8.787593984962399,0.45109780439121755
5,L5,Walking recall,fold02,356,-9.116541353383454,-8.787593984962399,0.45109780439121755
5,L5,Walking recall,fold02,357,-8.787593984962399,-8.787593984962399,0.45109780439121755
5,L5,Walking recall,fold02,358,-8.787593984962399,-8.787593984962399,0.45109780439121755
5,L5,Walking recall,fold02,359,-8.787593984962399,-8.787593984962399,0.45109780439121755
5,L5,Walking recall,fold02,360,-8.129699248120303,-8.787593984962399,0.45109780439121755
5,L5,Walking recall,fold02,361,-7.8007518796992485,-8.787593984962399,0.45109780439121755
5,L5,Walking recall,fold02,362,-9.116541353383454,-8.787593984962399,0.45109780439121755
5,L5,Walking recall,fold02,363,-9.116541353383454,-8.787593984962399,0.45109780439121755
5,L5,Walking recall,fold02,364,-8.458646616541358,-8.787593984962399,0.45109780439121755
5,L5,Walking recall,fold02,365,-8.458646616541358,-8.787593984962399,0.45109780439121755
5,L5,Walking recall,fold02,366,-8.129699248120303,-8.787593984962399,0.45109780439121755
5,L5,Walking recall,fold02,367,-8.129699248120303,-8.787593984962399,0.45109780439121755
5,L5,Walking recall,fold02,368,-7.8007518796992485,-8.787593984962399,0.45109780439121755
5,L5,Walking recall,fold02,369,-8.129699248120303,-8.787593984962399,0.45109780439121755
5,L5,Walking recall,fold02,370,-7.142857142857139,-8.787593984962399,0.45109780439121755
5,L5,Walking recall,fold02,371,-9.116541353383454,-8.787593984962399,0.45109780439121755
5,L5,Walking recall,fold02,372,-8.787593984962399,-8.787593984962399,0.45109780439121755
5,L5,Walking recall,fold02,373,-8.129699248120303,-8.787593984962399,0.45109780439121755
5,L5,Walking recall,fold02,374,-8.458646616541358,-8.787593984962399,0.45109780439121755
5,L5,Walking recall,fold02,375,-8.129699248120303,-8.787593984962399,0.45109780439121755
5,L5,Walking recall,fold02,376,-9.445488721804509,-8.787593984962399,0.45109780439121755
5,L5,Walking recall,fold02,377,-8.787593984962399,-8.787593984962399,0.45109780439121755
5,L5,Walking recall,fold02,378,-9.116541353383454,-8.787593984962399,0.45109780439121755
5,L5,Walking recall,fold02,379,-8.458646616541358,-8.787593984962399,0.45109780439121755
5,L5,Walking recall,fold02,380,-8.787593984962399,-8.787593984962399,0.45109780439121755
5,L5,Walking recall,fold02,381,-9.116541353383454,-8.787593984962399,0.45109780439121755
5,L5,Walking recall,fold02,382,-8.787593984962399,-8.787593984962399,0.45109780439121755
5,L5,Walking recall,fold02,383,-9.116541353383454,-8.787593984962399,0.45109780439121755
5,L5,Walking recall,fold02,384,-8.787593984962399,-8.787593984962399,0.45109780439121755
5,L5,Walking recall,fold02,385,-9.116541353383454,-8.787593984962399,0.45109780439121755
5,L5,Walking recall,fold02,386,-7.471804511278194,-8.787593984962399,0.45109780439121755
5,L5,Walking recall,fold02,387,-8.458646616541358,-8.787593984962399,0.45109780439121755
5,L5,Walking recall,fold02,388,-8.129699248120303,-8.787593984962399,0.45109780439121755
5,L5,Walking recall,fold02,389,-8.787593984962399,-8.787593984962399,0.45109780439121755
5,L5,Walking recall,fold02,390,-8.787593984962399,-8.787593984962399,0.45109780439121755
5,L5,Walking recall,fold02,391,-8.129699248120303,-8.787593984962399,0.45109780439121755
5,L5,Walking recall,fold02,392,-8.129699248120303,-8.787593984962399,0.45109780439121755
5,L5,Walking recall,fold02,393,-8.787593984962399,-8.787593984962399,0.45109780439121755
5,L5,Walking recall,fold02,394,-8.787593984962399,-8.787593984962399,0.45109780439121755
5,L5,Walking recall,fold02,395,-9.116541353383454,-8.787593984962399,0.45109780439121755
5,L5,Walking recall,fold02,396,-7.8007518796992485,-8.787593984962399,0.45109780439121755
5,L5,Walking recall,fold02,397,-9.116541353383454,-8.787593984962399,0.45109780439121755
5,L5,Walking recall,fold02,398,-9.445488721804509,-8.787593984962399,0.45109780439121755
5,L5,Walking recall,fold02,399,-9.116541353383454,-8.787593984962399,0.45109780439121755
5,L5,Walking recall,fold02,400,-8.129699248120303,-8.787593984962399,0.45109780439121755
5,L5,Walking recall,fold02,401,-8.787593984962399,-8.787593984962399,0.45109780439121755
5,L5,Walking recall,fold02,402,-8.129699248120303,-8.787593984962399,0.45109780439121755
5,L5,Walking recall,fold02,403,-8.787593984962399,-8.787593984962399,0.45109780439121755
5,L5,Walking recall,fold02,404,-8.129699248120303,-8.787593984962399,0.45109780439121755
5,L5,Walking recall,fold02,405,-8.787593984962399,-8.787593984962399,0.45109780439121755
5,L5,Walking recall,fold02,406,-8.787593984962399,-8.787593984962399,0.45109780439121755
5,L5,Walking recall,fold02,407,-8.458646616541358,-8.787593984962399,0.45109780439121755
5,L5,Walking recall,fold02,408,-8.129699248120303,-8.787593984962399,0.45109780439121755
5,L5,Walking recall,fold02,409,-8.458646616541358,-8.787593984962399,0.45109780439121755
5,L5,Walking recall,fold02,410,-8.787593984962399,-8.787593984962399,0.45109780439121755
5,L5,Walking recall,fold02,411,-8.787593984962399,-8.787593984962399,0.45109780439121755
5,L5,Walking recall,fold02,412,-8.787593984962399,-8.787593984962399,0.45109780439121755
5,L5,Walking recall,fold02,413,-8.458646616541358,-8.787593984962399,0.45109780439121755
5,L5,Walking recall,fold02,414,-9.445488721804509,-8.787593984962399,0.45109780439121755
5,L5,Walking recall,fold02,415,-9.116541353383454,-8.787593984962399,0.45109780439121755
5,L5,Walking recall,fold02,416,-8.787593984962399,-8.787593984962399,0.45109780439121755
5,L5,Walking recall,fold02,417,-8.787593984962399,-8.787593984962399,0.45109780439121755
5,L5,Walking recall,fold02,418,-8.458646616541358,-8.787593984962399,0.45109780439121755
5,L5,Walking recall,fold02,419,-9.445488721804509,-8.787593984962399,0.45109780439121755
5,L5,Walking recall,fold02,420,-9.116541353383454,-8.787593984962399,0.45109780439121755
5,L5,Walking recall,fold02,421,-8.129699248120303,-8.787593984962399,0.45109780439121755
5,L5,Walking recall,fold02,422,-8.129699248120303,-8.787593984962399,0.45109780439121755
5,L5,Walking recall,fold02,423,-8.129699248120303,-8.787593984962399,0.45109780439121755
5,L5,Walking recall,fold02,424,-8.458646616541358,-8.787593984962399,0.45109780439121755
5,L5,Walking recall,fold02,425,-8.458646616541358,-8.787593984962399,0.45109780439121755
5,L5,Walking recall,fold02,426,-7.8007518796992485,-8.787593984962399,0.45109780439121755
5,L5,Walking recall,fold02,427,-8.458646616541358,-8.787593984962399,0.45109780439121755
5,L5,Walking recall,fold02,428,-8.129699248120303,-8.787593984962399,0.45109780439121755
5,L5,Walking recall,fold02,429,-8.129699248120303,-8.787593984962399,0.45109780439121755
5,L5,Walking recall,fold02,430,-8.129699248120303,-8.787593984962399,0.45109780439121755
5,L5,Walking recall,fold02,431,-8.129699248120303,-8.787593984962399,0.45109780439121755
5,L5,Walking recall,fold02,432,-9.116541353383454,-8.787593984962399,0.45109780439121755
5,L5,Walking recall,fold02,433,-7.8007518796992485,-8.787593984962399,0.45109780439121755
5,L5,Walking recall,fold02,434,-7.8007518796992485,-8.787593984962399,0.45109780439121755
5,L5,Walking recall,fold02,435,-8.787593984962399,-8.787593984962399,0.45109780439121755
5,L5,Walking recall,fold02,436,-8.787593984962399,-8.787593984962399,0.45109780439121755
5,L5,Walking recall,fold02,437,-9.116541353383454,-8.787593984962399,0.45109780439121755
5,L5,Walking recall,fold02,438,-8.458646616541358,-8.787593984962399,0.45109780439121755
5,L5,Walking recall,fold02,439,-9.116541353383454,-8.787593984962399,0.45109780439121755
5,L5,Walking recall,fold02,440,-8.787593984962399,-8.787593984962399,0.45109780439121755
5,L5,Walking recall,fold02,441,-9.116541353383454,-8.787593984962399,0.45109780439121755
5,L5,Walking recall,fold02,442,-8.458646616541358,-8.787593984962399,0.45109780439121755
5,L5,Walking recall,fold02,443,-8.129699248120303,-8.787593984962399,0.45109780439121755
5,L5,Walking recall,fold02,444,-7.8007518796992485,-8.787593984962399,0.45109780439121755
5,L5,Walking recall,fold02,445,-8.458646616541358,-8.787593984962399,0.45109780439121755
5,L5,Walking recall,fold02,446,-9.116541353383454,-8.787593984962399,0.45109780439121755
5,L5,Walking recall,fold02,447,-8.787593984962399,-8.787593984962399,0.45109780439121755
5,L5,Walking recall,fold02,448,-8.458646616541358,-8.787593984962399,0.45109780439121755
5,L5,Walking recall,fold02,449,-9.116541353383454,-8.787593984962399,0.45109780439121755
5,L5,Walking recall,fold02,450,-8.787593984962399,-8.787593984962399,0.45109780439121755
5,L5,Walking recall,fold02,451,-9.116541353383454,-8.787593984962399,0.45109780439121755
5,L5,Walking recall,fold02,452,-9.116541353383454,-8.787593984962399,0.45109780439121755
5,L5,Walking recall,fold02,453,-9.445488721804509,-8.787593984962399,0.45109780439121755
5,L5,Walking recall,fold02,454,-8.787593984962399,-8.787593984962399,0.45109780439121755
5,L5,Walking recall,fold02,455,-8.458646616541358,-8.787593984962399,0.45109780439121755
5,L5,Walking recall,fold02,456,-8.787593984962399,-8.787593984962399,0.45109780439121755
5,L5,Walking recall,fold02,457,-8.129699248120303,-8.787593984962399,0.45109780439121755
5,L5,Walking recall,fold02,458,-9.116541353383454,-8.787593984962399,0.45109780439121755
5,L5,Walking recall,fold02,459,-8.129699248120303,-8.787593984962399,0.45109780439121755
5,L5,Walking recall,fold02,460,-8.129699248120303,-8.787593984962399,0.45109780439121755
5,L5,Walking recall,fold02,461,-8.787593984962399,-8.787593984962399,0.45109780439121755
5,L5,Walking recall,fold02,462,-8.129699248120303,-8.787593984962399,0.45109780439121755
5,L5,Walking recall,fold02,463,-9.116541353383454,-8.787593984962399,0.45109780439121755
5,L5,Walking recall,fold02,464,-8.787593984962399,-8.787593984962399,0.45109780439121755
5,L5,Walking recall,fold02,465,-8.458646616541358,-8.787593984962399,0.45109780439121755
5,L5,Walking recall,fold02,466,-8.787593984962399,-8.787593984962399,0.45109780439121755
5,L5,Walking recall,fold02,467,-8.458646616541358,-8.787593984962399,0.45109780439121755
5,L5,Walking recall,fold02,468,-8.787593984962399,-8.787593984962399,0.45109780439121755
5,L5,Walking recall,fold02,469,-7.8007518796992485,-8.787593984962399,0.45109780439121755
5,L5,Walking recall,fold02,470,-9.774436090225564,-8.787593984962399,0.45109780439121755
5,L5,Walking recall,fold02,471,-8.458646616541358,-8.787593984962399,0.45109780439121755
5,L5,Walking recall,fold02,472,-8.787593984962399,-8.787593984962399,0.45109780439121755
5,L5,Walking recall,fold02,473,-7.8007518796992485,-8.787593984962399,0.45109780439121755
5,L5,Walking recall,fold02,474,-8.129699248120303,-8.787593984962399,0.45109780439121755
5,L5,Walking recall,fold02,475,-7.8007518796992485,-8.787593984962399,0.45109780439121755
5,L5,Walking recall,fold02,476,-8.129699248120303,-8.787593984962399,0.45109780439121755
5,L5,Walking recall,fold02,477,-9.116541353383454,-8.787593984962399,0.45109780439121755
5,L5,Walking recall,fold02,478,-8.129699248120303,-8.787593984962399,0.45109780439121755
5,L5,Walking recall,fold02,479,-8.458646616541358,-8.787593984962399,0.45109780439121755
5,L5,Walking recall,fold02,480,-8.787593984962399,-8.787593984962399,0.45109780439121755
5,L5,Walking recall,fold02,481,-8.787593984962399,-8.787593984962399,0.45109780439121755
5,L5,Walking recall,fold02,482,-8.129699248120303,-8.787593984962399,0.45109780439121755
5,L5,Walking recall,fold02,483,-8.787593984962399,-8.787593984962399,0.45109780439121755
5,L5,Walking recall,fold02,484,-8.129699248120303,-8.787593984962399,0.45109780439121755
5,L5,Walking recall,fold02,485,-8.458646616541358,-8.787593984962399,0.45109780439121755
5,L5,Walking recall,fold02,486,-8.129699248120303,-8.787593984962399,0.45109780439121755
5,L5,Walking recall,fold02,487,-9.445488721804509,-8.787593984962399,0.45109780439121755
5,L5,Walking recall,fold02,488,-8.787593984962399,-8.787593984962399,0.45109780439121755
5,L5,Walking recall,fold02,489,-8.787593984962399,-8.787593984962399,0.45109780439121755
5,L5,Walking recall,fold02,490,-8.458646616541358,-8.787593984962399,0.45109780439121755
5,L5,Walking recall,fold02,491,-8.458646616541358,-8.787593984962399,0.45109780439121755
5,L5,Walking recall,fold02,492,-7.8007518796992485,-8.787593984962399,0.45109780439121755
5,L5,Walking recall,fold02,493,-8.787593984962399,-8.787593984962399,0.45109780439121755
5,L5,Walking recall,fold02,494,-8.458646616541358,-8.787593984962399,0.45109780439121755
5,L5,Walking recall,fold02,495,-8.787593984962399,-8.787593984962399,0.45109780439121755
5,L5,Walking recall,fold02,496,-8.129699248120303,-8.787593984962399,0.45109780439121755
5,L5,Walking recall,fold02,497,-9.116541353383454,-8.787593984962399,0.45109780439121755
5,L5,Walking recall,fold02,498,-9.116541353383454,-8.787593984962399,0.45109780439121755
5,L5,Walking recall,fold02,499,-8.458646616541358,-8.787593984962399,0.45109780439121755
5,L5,Walking recall,fold02,500,-8.458646616541358,-8.787593984962399,0.45109780439121755
5,L5,Walking recall,fold03,1,-3.2894736842105345,-1.9736842105263221,0.9900199600798403
5,L5,Walking recall,fold03,2,-4.276315789473685,-1.9736842105263221,0.9900199600798403
5,L5,Walking recall,fold03,3,-2.631578947368425,-1.9736842105263221,0.9900199600798403
5,L5,Walking recall,fold03,4,-1.6447368421052673,-1.9736842105263221,0.9900199600798403
5,L5,Walking recall,fold03,5,-3.2894736842105345,-1.9736842105263221,0.9900199600798403
5,L5,Walking recall,fold03,6,-3.6184210526315823,-1.9736842105263221,0.9900199600798403
5,L5,Walking recall,fold03,7,-3.6184210526315823,-1.9736842105263221,0.9900199600798403
5,L5,Walking recall,fold03,8,-3.2894736842105345,-1.9736842105263221,0.9900199600798403
5,L5,Walking recall,fold03,9,-3.2894736842105345,-1.9736842105263221,0.9900199600798403
5,L5,Walking recall,fold03,10,-3.6184210526315823,-1.9736842105263221,0.9900199600798403
5,L5,Walking recall,fold03,11,-2.302631578947377,-1.9736842105263221,0.9900199600798403
5,L5,Walking recall,fold03,12,-2.302631578947377,-1.9736842105263221,0.9900199600798403
5,L5,Walking recall,fold03,13,-2.631578947368425,-1.9736842105263221,0.9900199600798403
5,L5,Walking recall,fold03,14,-4.934210526315795,-1.9736842105263221,0.9900199600798403
5,L5,Walking recall,fold03,15,-3.6184210526315823,-1.9736842105263221,0.9900199600798403
5,L5,Walking recall,fold03,16,-3.2894736842105345,-1.9736842105263221,0.9900199600798403
5,L5,Walking recall,fold03,17,-3.6184210526315823,-1.9736842105263221,0.9900199600798403
5,L5,Walking recall,fold03,18,-2.302631578947377,-1.9736842105263221,0.9900199600798403
5,L5,Walking recall,fold03,19,-2.9605263157894797,-1.9736842105263221,0.9900199600798403
5,L5,Walking recall,fold03,20,-2.9605263157894797,-1.9736842105263221,0.9900199600798403
5,L5,Walking recall,fold03,21,-3.6184210526315823,-1.9736842105263221,0.9900199600798403
5,L5,Walking recall,fold03,22,-2.302631578947377,-1.9736842105263221,0.9900199600798403
5,L5,Walking recall,fold03,23,-2.631578947368425,-1.9736842105263221,0.9900199600798403
5,L5,Walking recall,fold03,24,-2.631578947368425,-1.9736842105263221,0.9900199600798403
5,L5,Walking recall,fold03,25,-1.9736842105263221,-1.9736842105263221,0.9900199600798403
5,L5,Walking recall,fold03,26,-3.2894736842105345,-1.9736842105263221,0.9900199600798403
5,L5,Walking recall,fold03,27,-3.2894736842105345,-1.9736842105263221,0.9900199600798403
5,L5,Walking recall,fold03,28,-1.9736842105263221,-1.9736842105263221,0.9900199600798403
5,L5,Walking recall,fold03,29,-3.2894736842105345,-1.9736842105263221,0.9900199600798403
5,L5,Walking recall,fold03,30,-3.947368421052637,-1.9736842105263221,0.9900199600798403
5,L5,Walking recall,fold03,31,-2.9605263157894797,-1.9736842105263221,0.9900199600798403
5,L5,Walking recall,fold03,32,-2.631578947368425,-1.9736842105263221,0.9900199600798403
5,L5,Walking recall,fold03,33,-3.947368421052637,-1.9736842105263221,0.9900199600798403
5,L5,Walking recall,fold03,34,-2.631578947368425,-1.9736842105263221,0.9900199600798403
5,L5,Walking recall,fold03,35,-2.631578947368425,-1.9736842105263221,0.9900199600798403
5,L5,Walking recall,fold03,36,-2.9605263157894797,-1.9736842105263221,0.9900199600798403
5,L5,Walking recall,fold03,37,-2.9605263157894797,-1.9736842105263221,0.9900199600798403
5,L5,Walking recall,fold03,38,-2.9605263157894797,-1.9736842105263221,0.9900199600798403
5,L5,Walking recall,fold03,39,-1.9736842105263221,-1.9736842105263221,0.9900199600798403
5,L5,Walking recall,fold03,40,-3.2894736842105345,-1.9736842105263221,0.9900199600798403
5,L5,Walking recall,fold03,41,-3.6184210526315823,-1.9736842105263221,0.9900199600798403
5,L5,Walking recall,fold03,42,-2.9605263157894797,-1.9736842105263221,0.9900199600798403
5,L5,Walking recall,fold03,43,-2.302631578947377,-1.9736842105263221,0.9900199600798403
5,L5,Walking recall,fold03,44,-2.631578947368425,-1.9736842105263221,0.9900199600798403
5,L5,Walking recall,fold03,45,-2.9605263157894797,-1.9736842105263221,0.9900199600798403
5,L5,Walking recall,fold03,46,-2.631578947368425,-1.9736842105263221,0.9900199600798403
5,L5,Walking recall,fold03,47,-4.276315789473685,-1.9736842105263221,0.9900199600798403
5,L5,Walking recall,fold03,48,-2.9605263157894797,-1.9736842105263221,0.9900199600798403
5,L5,Walking recall,fold03,49,-3.2894736842105345,-1.9736842105263221,0.9900199600798403
5,L5,Walking recall,fold03,50,-3.2894736842105345,-1.9736842105263221,0.9900199600798403
5,L5,Walking recall,fold03,51,-2.9605263157894797,-1.9736842105263221,0.9900199600798403
5,L5,Walking recall,fold03,52,-2.631578947368425,-1.9736842105263221,0.9900199600798403
5,L5,Walking recall,fold03,53,-2.9605263157894797,-1.9736842105263221,0.9900199600798403
5,L5,Walking recall,fold03,54,-3.6184210526315823,-1.9736842105263221,0.9900199600798403
5,L5,Walking recall,fold03,55,-2.631578947368425,-1.9736842105263221,0.9900199600798403
5,L5,Walking recall,fold03,56,-3.2894736842105345,-1.9736842105263221,0.9900199600798403
5,L5,Walking recall,fold03,57,-3.6184210526315823,-1.9736842105263221,0.9900199600798403
5,L5,Walking recall,fold03,58,-2.302631578947377,-1.9736842105263221,0.9900199600798403
5,L5,Walking recall,fold03,59,-2.9605263157894797,-1.9736842105263221,0.9900199600798403
5,L5,Walking recall,fold03,60,-3.6184210526315823,-1.9736842105263221,0.9900199600798403
5,L5,Walking recall,fold03,61,-3.947368421052637,-1.9736842105263221,0.9900199600798403
5,L5,Walking recall,fold03,62,-3.2894736842105345,-1.9736842105263221,0.9900199600798403
5,L5,Walking recall,fold03,63,-3.947368421052637,-1.9736842105263221,0.9900199600798403
5,L5,Walking recall,fold03,64,-3.6184210526315823,-1.9736842105263221,0.9900199600798403
5,L5,Walking recall,fold03,65,-2.302631578947377,-1.9736842105263221,0.9900199600798403
5,L5,Walking recall,fold03,66,-3.2894736842105345,-1.9736842105263221,0.9900199600798403
5,L5,Walking recall,fold03,67,-3.6184210526315823,-1.9736842105263221,0.9900199600798403
5,L5,Walking recall,fold03,68,-3.6184210526315823,-1.9736842105263221,0.9900199600798403
5,L5,Walking recall,fold03,69,-2.9605263157894797,-1.9736842105263221,0.9900199600798403
5,L5,Walking recall,fold03,70,-3.947368421052637,-1.9736842105263221,0.9900199600798403
5,L5,Walking recall,fold03,71,-3.2894736842105345,-1.9736842105263221,0.9900199600798403
5,L5,Walking recall,fold03,72,-3.2894736842105345,-1.9736842105263221,0.9900199600798403
5,L5,Walking recall,fold03,73,-3.947368421052637,-1.9736842105263221,0.9900199600798403
5,L5,Walking recall,fold03,74,-2.302631578947377,-1.9736842105263221,0.9900199600798403
5,L5,Walking recall,fold03,75,-2.631578947368425,-1.9736842105263221,0.9900199600798403
5,L5,Walking recall,fold03,76,-3.6184210526315823,-1.9736842105263221,0.9900199600798403
5,L5,Walking recall,fold03,77,-3.2894736842105345,-1.9736842105263221,0.9900199600798403
5,L5,Walking recall,fold03,78,-2.9605263157894797,-1.9736842105263221,0.9900199600798403
5,L5,Walking recall,fold03,79,-3.2894736842105345,-1.9736842105263221,0.9900199600798403
5,L5,Walking recall,fold03,80,-4.276315789473685,-1.9736842105263221,0.9900199600798403
5,L5,Walking recall,fold03,81,-3.2894736842105345,-1.9736842105263221,0.9900199600798403
5,L5,Walking recall,fold03,82,-3.6184210526315823,-1.9736842105263221,0.9900199600798403
5,L5,Walking recall,fold03,83,-4.276315789473685,-1.9736842105263221,0.9900199600798403
5,L5,Walking recall,fold03,84,-3.6184210526315823,-1.9736842105263221,0.9900199600798403
5,L5,Walking recall,fold03,85,-2.302631578947377,-1.9736842105263221,0.9900199600798403
5,L5,Walking recall,fold03,86,-3.947368421052637,-1.9736842105263221,0.9900199600798403
5,L5,Walking recall,fold03,87,-2.9605263157894797,-1.9736842105263221,0.9900199600798403
5,L5,Walking recall,fold03,88,-1.9736842105263221,-1.9736842105263221,0.9900199600798403
5,L5,Walking recall,fold03,89,-3.947368421052637,-1.9736842105263221,0.9900199600798403
5,L5,Walking recall,fold03,90,-3.6184210526315823,-1.9736842105263221,0.9900199600798403
5,L5,Walking recall,fold03,91,-3.2894736842105345,-1.9736842105263221,0.9900199600798403
5,L5,Walking recall,fold03,92,-4.934210526315795,-1.9736842105263221,0.9900199600798403
5,L5,Walking recall,fold03,93,-3.947368421052637,-1.9736842105263221,0.9900199600798403
5,L5,Walking recall,fold03,94,-2.9605263157894797,-1.9736842105263221,0.9900199600798403
5,L5,Walking recall,fold03,95,-4.60526315789474,-1.9736842105263221,0.9900199600798403
5,L5,Walking recall,fold03,96,-4.60526315789474,-1.9736842105263221,0.9900199600798403
5,L5,Walking recall,fold03,97,-2.9605263157894797,-1.9736842105263221,0.9900199600798403
5,L5,Walking recall,fold03,98,-2.9605263157894797,-1.9736842105263221,0.9900199600798403
5,L5,Walking recall,fold03,99,-2.631578947368425,-1.9736842105263221,0.9900199600798403
5,L5,Walking recall,fold03,100,-2.631578947368425,-1.9736842105263221,0.9900199600798403
5,L5,Walking recall,fold03,101,-2.631578947368425,-1.9736842105263221,0.9900199600798403
5,L5,Walking recall,fold03,102,-3.6184210526315823,-1.9736842105263221,0.9900199600798403
5,L5,Walking recall,fold03,103,-3.2894736842105345,-1.9736842105263221,0.9900199600798403
5,L5,Walking recall,fold03,104,-3.6184210526315823,-1.9736842105263221,0.9900199600798403
5,L5,Walking recall,fold03,105,-2.631578947368425,-1.9736842105263221,0.9900199600798403
5,L5,Walking recall,fold03,106,-2.9605263157894797,-1.9736842105263221,0.9900199600798403
5,L5,Walking recall,fold03,107,-3.947368421052637,-1.9736842105263221,0.9900199600798403
5,L5,Walking recall,fold03,108,-2.9605263157894797,-1.9736842105263221,0.9900199600798403
5,L5,Walking recall,fold03,109,-2.9605263157894797,-1.9736842105263221,0.9900199600798403
5,L5,Walking recall,fold03,110,-3.6184210526315823,-1.9736842105263221,0.9900199600798403
5,L5,Walking recall,fold03,111,-3.947368421052637,-1.9736842105263221,0.9900199600798403
5,L5,Walking recall,fold03,112,-3.947368421052637,-1.9736842105263221,0.9900199600798403
5,L5,Walking recall,fold03,113,-2.631578947368425,-1.9736842105263221,0.9900199600798403
5,L5,Walking recall,fold03,114,-2.631578947368425,-1.9736842105263221,0.9900199600798403
5,L5,Walking recall,fold03,115,-3.6184210526315823,-1.9736842105263221,0.9900199600798403
5,L5,Walking recall,fold03,116,-3.2894736842105345,-1.9736842105263221,0.9900199600798403
5,L5,Walking recall,fold03,117,-4.276315789473685,-1.9736842105263221,0.9900199600798403
5,L5,Walking recall,fold03,118,-3.6184210526315823,-1.9736842105263221,0.9900199600798403
5,L5,Walking recall,fold03,119,-4.276315789473685,-1.9736842105263221,0.9900199600798403
5,L5,Walking recall,fold03,120,-4.60526315789474,-1.9736842105263221,0.9900199600798403
5,L5,Walking recall,fold03,121,-2.631578947368425,-1.9736842105263221,0.9900199600798403
5,L5,Walking recall,fold03,122,-4.276315789473685,-1.9736842105263221,0.9900199600798403
5,L5,Walking recall,fold03,123,-2.631578947368425,-1.9736842105263221,0.9900199600798403
5,L5,Walking recall,fold03,124,-2.302631578947377,-1.9736842105263221,0.9900199600798403
5,L5,Walking recall,fold03,125,-4.934210526315795,-1.9736842105263221,0.9900199600798403
5,L5,Walking recall,fold03,126,-2.9605263157894797,-1.9736842105263221,0.9900199600798403
5,L5,Walking recall,fold03,127,-3.2894736842105345,-1.9736842105263221,0.9900199600798403
5,L5,Walking recall,fold03,128,-2.9605263157894797,-1.9736842105263221,0.9900199600798403
5,L5,Walking recall,fold03,129,-3.2894736842105345,-1.9736842105263221,0.9900199600798403
5,L5,Walking recall,fold03,130,-2.631578947368425,-1.9736842105263221,0.9900199600798403
5,L5,Walking recall,fold03,131,-3.6184210526315823,-1.9736842105263221,0.9900199600798403
5,L5,Walking recall,fold03,132,-3.6184210526315823,-1.9736842105263221,0.9900199600798403
5,L5,Walking recall,fold03,133,-3.6184210526315823,-1.9736842105263221,0.9900199600798403
5,L5,Walking recall,fold03,134,-1.9736842105263221,-1.9736842105263221,0.9900199600798403
5,L5,Walking recall,fold03,135,-3.2894736842105345,-1.9736842105263221,0.9900199600798403
5,L5,Walking recall,fold03,136,-2.631578947368425,-1.9736842105263221,0.9900199600798403
5,L5,Walking recall,fold03,137,-3.2894736842105345,-1.9736842105263221,0.9900199600798403
5,L5,Walking recall,fold03,138,-2.631578947368425,-1.9736842105263221,0.9900199600798403
5,L5,Walking recall,fold03,139,-3.947368421052637,-1.9736842105263221,0.9900199600798403
5,L5,Walking recall,fold03,140,-2.9605263157894797,-1.9736842105263221,0.9900199600798403
5,L5,Walking recall,fold03,141,-2.631578947368425,-1.9736842105263221,0.9900199600798403
5,L5,Walking recall,fold03,142,-2.9605263157894797,-1.9736842105263221,0.9900199600798403
5,L5,Walking recall,fold03,143,-3.6184210526315823,-1.9736842105263221,0.9900199600798403
5,L5,Walking recall,fold03,144,-2.631578947368425,-1.9736842105263221,0.9900199600798403
5,L5,Walking recall,fold03,145,-3.2894736842105345,-1.9736842105263221,0.9900199600798403
5,L5,Walking recall,fold03,146,-3.947368421052637,-1.9736842105263221,0.9900199600798403
5,L5,Walking recall,fold03,147,-2.302631578947377,-1.9736842105263221,0.9900199600798403
5,L5,Walking recall,fold03,148,-3.2894736842105345,-1.9736842105263221,0.9900199600798403
5,L5,Walking recall,fold03,149,-3.2894736842105345,-1.9736842105263221,0.9900199600798403
5,L5,Walking recall,fold03,150,-3.2894736842105345,-1.9736842105263221,0.9900199600798403
5,L5,Walking recall,fold03,151,-2.302631578947377,-1.9736842105263221,0.9900199600798403
5,L5,Walking recall,fold03,152,-3.2894736842105345,-1.9736842105263221,0.9900199600798403
5,L5,Walking recall,fold03,153,-2.302631578947377,-1.9736842105263221,0.9900199600798403
5,L5,Walking recall,fold03,154,-2.9605263157894797,-1.9736842105263221,0.9900199600798403
5,L5,Walking recall,fold03,155,-2.9605263157894797,-1.9736842105263221,0.9900199600798403
5,L5,Walking recall,fold03,156,-3.6184210526315823,-1.9736842105263221,0.9900199600798403
5,L5,Walking recall,fold03,157,-4.276315789473685,-1.9736842105263221,0.9900199600798403
5,L5,Walking recall,fold03,158,-3.2894736842105345,-1.9736842105263221,0.9900199600798403
5,L5,Walking recall,fold03,159,-3.2894736842105345,-1.9736842105263221,0.9900199600798403
5,L5,Walking recall,fold03,160,-3.2894736842105345,-1.9736842105263221,0.9900199600798403
5,L5,Walking recall,fold03,161,-3.2894736842105345,-1.9736842105263221,0.9900199600798403
5,L5,Walking recall,fold03,162,-2.9605263157894797,-1.9736842105263221,0.9900199600798403
5,L5,Walking recall,fold03,163,-3.6184210526315823,-1.9736842105263221,0.9900199600798403
5,L5,Walking recall,fold03,164,-3.6184210526315823,-1.9736842105263221,0.9900199600798403
5,L5,Walking recall,fold03,165,-2.9605263157894797,-1.9736842105263221,0.9900199600798403
5,L5,Walking recall,fold03,166,-3.6184210526315823,-1.9736842105263221,0.9900199600798403
5,L5,Walking recall,fold03,167,-2.631578947368425,-1.9736842105263221,0.9900199600798403
5,L5,Walking recall,fold03,168,-2.631578947368425,-1.9736842105263221,0.9900199600798403
5,L5,Walking recall,fold03,169,-3.947368421052637,-1.9736842105263221,0.9900199600798403
5,L5,Walking recall,fold03,170,-3.947368421052637,-1.9736842105263221,0.9900199600798403
5,L5,Walking recall,fold03,171,-2.9605263157894797,-1.9736842105263221,0.9900199600798403
5,L5,Walking recall,fold03,172,-2.631578947368425,-1.9736842105263221,0.9900199600798403
5,L5,Walking recall,fold03,173,-2.631578947368425,-1.9736842105263221,0.9900199600798403
5,L5,Walking recall,fold03,174,-3.2894736842105345,-1.9736842105263221,0.9900199600798403
5,L5,Walking recall,fold03,175,-4.276315789473685,-1.9736842105263221,0.9900199600798403
5,L5,Walking recall,fold03,176,-2.9605263157894797,-1.9736842105263221,0.9900199600798403
5,L5,Walking recall,fold03,177,-4.276315789473685,-1.9736842105263221,0.9900199600798403
5,L5,Walking recall,fold03,178,-1.9736842105263221,-1.9736842105263221,0.9900199600798403
5,L5,Walking recall,fold03,179,-4.276315789473685,-1.9736842105263221,0.9900199600798403
5,L5,Walking recall,fold03,180,-2.9605263157894797,-1.9736842105263221,0.9900199600798403
5,L5,Walking recall,fold03,181,-3.947368421052637,-1.9736842105263221,0.9900199600798403
5,L5,Walking recall,fold03,182,-3.2894736842105345,-1.9736842105263221,0.9900199600798403
5,L5,Walking recall,fold03,183,-2.9605263157894797,-1.9736842105263221,0.9900199600798403
5,L5,Walking recall,fold03,184,-3.947368421052637,-1.9736842105263221,0.9900199600798403
5,L5,Walking recall,fold03,185,-2.631578947368425,-1.9736842105263221,0.9900199600798403
5,L5,Walking recall,fold03,186,-3.947368421052637,-1.9736842105263221,0.9900199600798403
5,L5,Walking recall,fold03,187,-3.2894736842105345,-1.9736842105263221,0.9900199600798403
5,L5,Walking recall,fold03,188,-3.2894736842105345,-1.9736842105263221,0.9900199600798403
5,L5,Walking recall,fold03,189,-3.2894736842105345,-1.9736842105263221,0.9900199600798403
5,L5,Walking recall,fold03,190,-2.9605263157894797,-1.9736842105263221,0.9900199600798403
5,L5,Walking recall,fold03,191,-3.6184210526315823,-1.9736842105263221,0.9900199600798403
5,L5,Walking recall,fold03,192,-2.631578947368425,-1.9736842105263221,0.9900199600798403
5,L5,Walking recall,fold03,193,-2.631578947368425,-1.9736842105263221,0.9900199600798403
5,L5,Walking recall,fold03,194,-3.6184210526315823,-1.9736842105263221,0.9900199600798403
5,L5,Walking recall,fold03,195,-3.2894736842105345,-1.9736842105263221,0.9900199600798403
5,L5,Walking recall,fold03,196,-3.2894736842105345,-1.9736842105263221,0.9900199600798403
5,L5,Walking recall,fold03,197,-3.947368421052637,-1.9736842105263221,0.9900199600798403
5,L5,Walking recall,fold03,198,-4.276315789473685,-1.9736842105263221,0.9900199600798403
5,L5,Walking recall,fold03,199,-2.302631578947377,-1.9736842105263221,0.9900199600798403
5,L5,Walking recall,fold03,200,-1.9736842105263221,-1.9736842105263221,0.9900199600798403
5,L5,Walking recall,fold03,201,-3.6184210526315823,-1.9736842105263221,0.9900199600798403
5,L5,Walking recall,fold03,202,-3.947368421052637,-1.9736842105263221,0.9900199600798403
5,L5,Walking recall,fold03,203,-3.947368421052637,-1.9736842105263221,0.9900199600798403
5,L5,Walking recall,fold03,204,-2.302631578947377,-1.9736842105263221,0.9900199600798403
5,L5,Walking recall,fold03,205,-3.2894736842105345,-1.9736842105263221,0.9900199600798403
5,L5,Walking recall,fold03,206,-3.947368421052637,-1.9736842105263221,0.9900199600798403
5,L5,Walking recall,fold03,207,-2.9605263157894797,-1.9736842105263221,0.9900199600798403
5,L5,Walking recall,fold03,208,-3.2894736842105345,-1.9736842105263221,0.9900199600798403
5,L5,Walking recall,fold03,209,-2.631578947368425,-1.9736842105263221,0.9900199600798403
5,L5,Walking recall,fold03,210,-1.9736842105263221,-1.9736842105263221,0.9900199600798403
5,L5,Walking recall,fold03,211,-2.9605263157894797,-1.9736842105263221,0.9900199600798403
5,L5,Walking recall,fold03,212,-2.9605263157894797,-1.9736842105263221,0.9900199600798403
5,L5,Walking recall,fold03,213,-2.302631578947377,-1.9736842105263221,0.9900199600798403
5,L5,Walking recall,fold03,214,-1.9736842105263221,-1.9736842105263221,0.9900199600798403
5,L5,Walking recall,fold03,215,-2.9605263157894797,-1.9736842105263221,0.9900199600798403
5,L5,Walking recall,fold03,216,-3.6184210526315823,-1.9736842105263221,0.9900199600798403
5,L5,Walking recall,fold03,217,-3.6184210526315823,-1.9736842105263221,0.9900199600798403
5,L5,Walking recall,fold03,218,-1.9736842105263221,-1.9736842105263221,0.9900199600798403
5,L5,Walking recall,fold03,219,-3.2894736842105345,-1.9736842105263221,0.9900199600798403
5,L5,Walking recall,fold03,220,-3.947368421052637,-1.9736842105263221,0.9900199600798403
5,L5,Walking recall,fold03,221,-2.631578947368425,-1.9736842105263221,0.9900199600798403
5,L5,Walking recall,fold03,222,-2.302631578947377,-1.9736842105263221,0.9900199600798403
5,L5,Walking recall,fold03,223,-4.60526315789474,-1.9736842105263221,0.9900199600798403
5,L5,Walking recall,fold03,224,-4.60526315789474,-1.9736842105263221,0.9900199600798403
5,L5,Walking recall,fold03,225,-2.9605263157894797,-1.9736842105263221,0.9900199600798403
5,L5,Walking recall,fold03,226,-2.9605263157894797,-1.9736842105263221,0.9900199600798403
5,L5,Walking recall,fold03,227,-2.9605263157894797,-1.9736842105263221,0.9900199600798403
5,L5,Walking recall,fold03,228,-3.2894736842105345,-1.9736842105263221,0.9900199600798403
5,L5,Walking recall,fold03,229,-2.9605263157894797,-1.9736842105263221,0.9900199600798403
5,L5,Walking recall,fold03,230,-2.9605263157894797,-1.9736842105263221,0.9900199600798403
5,L5,Walking recall,fold03,231,-2.631578947368425,-1.9736842105263221,0.9900199600798403
5,L5,Walking recall,fold03,232,-3.2894736842105345,-1.9736842105263221,0.9900199600798403
5,L5,Walking recall,fold03,233,-2.9605263157894797,-1.9736842105263221,0.9900199600798403
5,L5,Walking recall,fold03,234,-2.9605263157894797,-1.9736842105263221,0.9900199600798403
5,L5,Walking recall,fold03,235,-3.2894736842105345,-1.9736842105263221,0.9900199600798403
5,L5,Walking recall,fold03,236,-2.631578947368425,-1.9736842105263221,0.9900199600798403
5,L5,Walking recall,fold03,237,-3.2894736842105345,-1.9736842105263221,0.9900199600798403
5,L5,Walking recall,fold03,238,-3.2894736842105345,-1.9736842105263221,0.9900199600798403
5,L5,Walking recall,fold03,239,-2.631578947368425,-1.9736842105263221,0.9900199600798403
5,L5,Walking recall,fold03,240,-4.60526315789474,-1.9736842105263221,0.9900199600798403
5,L5,Walking recall,fold03,241,-3.947368421052637,-1.9736842105263221,0.9900199600798403
5,L5,Walking recall,fold03,242,-2.9605263157894797,-1.9736842105263221,0.9900199600798403
5,L5,Walking recall,fold03,243,-3.6184210526315823,-1.9736842105263221,0.9900199600798403
5,L5,Walking recall,fold03,244,-3.6184210526315823,-1.9736842105263221,0.9900199600798403
5,L5,Walking recall,fold03,245,-2.631578947368425,-1.9736842105263221,0.9900199600798403
5,L5,Walking recall,fold03,246,-3.2894736842105345,-1.9736842105263221,0.9900199600798403
5,L5,Walking recall,fold03,247,-3.6184210526315823,-1.9736842105263221,0.9900199600798403
5,L5,Walking recall,fold03,248,-3.947368421052637,-1.9736842105263221,0.9900199600798403
5,L5,Walking recall,fold03,249,-3.6184210526315823,-1.9736842105263221,0.9900199600798403
5,L5,Walking recall,fold03,250,-3.947368421052637,-1.9736842105263221,0.9900199600798403
5,L5,Walking recall,fold03,251,-2.9605263157894797,-1.9736842105263221,0.9900199600798403
5,L5,Walking recall,fold03,252,-3.6184210526315823,-1.9736842105263221,0.9900199600798403
5,L5,Walking recall,fold03,253,-2.9605263157894797,-1.9736842105263221,0.9900199600798403
5,L5,Walking recall,fold03,254,-3.6184210526315823,-1.9736842105263221,0.9900199600798403
5,L5,Walking recall,fold03,255,-2.9605263157894797,-1.9736842105263221,0.9900199600798403
5,L5,Walking recall,fold03,256,-3.2894736842105345,-1.9736842105263221,0.9900199600798403
5,L5,Walking recall,fold03,257,-2.302631578947377,-1.9736842105263221,0.9900199600798403
5,L5,Walking recall,fold03,258,-2.9605263157894797,-1.9736842105263221,0.9900199600798403
5,L5,Walking recall,fold03,259,-3.2894736842105345,-1.9736842105263221,0.9900199600798403
5,L5,Walking recall,fold03,260,-2.631578947368425,-1.9736842105263221,0.9900199600798403
5,L5,Walking recall,fold03,261,-3.947368421052637,-1.9736842105263221,0.9900199600798403
5,L5,Walking recall,fold03,262,-3.6184210526315823,-1.9736842105263221,0.9900199600798403
5,L5,Walking recall,fold03,263,-3.2894736842105345,-1.9736842105263221,0.9900199600798403
5,L5,Walking recall,fold03,264,-2.302631578947377,-1.9736842105263221,0.9900199600798403
5,L5,Walking recall,fold03,265,-2.9605263157894797,-1.9736842105263221,0.9900199600798403
5,L5,Walking recall,fold03,266,-3.2894736842105345,-1.9736842105263221,0.9900199600798403
5,L5,Walking recall,fold03,267,-3.947368421052637,-1.9736842105263221,0.9900199600798403
5,L5,Walking recall,fold03,268,-3.6184210526315823,-1.9736842105263221,0.9900199600798403
5,L5,Walking recall,fold03,269,-1.6447368421052673,-1.9736842105263221,0.9900199600798403
5,L5,Walking recall,fold03,270,-3.2894736842105345,-1.9736842105263221,0.9900199600798403
5,L5,Walking recall,fold03,271,-2.302631578947377,-1.9736842105263221,0.9900199600798403
5,L5,Walking recall,fold03,272,-2.302631578947377,-1.9736842105263221,0.9900199600798403
5,L5,Walking recall,fold03,273,-2.9605263157894797,-1.9736842105263221,0.9900199600798403
5,L5,Walking recall,fold03,274,-3.947368421052637,-1.9736842105263221,0.9900199600798403
5,L5,Walking recall,fold03,275,-2.9605263157894797,-1.9736842105263221,0.9900199600798403
5,L5,Walking recall,fold03,276,-3.2894736842105345,-1.9736842105263221,0.9900199600798403
5,L5,Walking recall,fold03,277,-3.2894736842105345,-1.9736842105263221,0.9900199600798403
5,L5,Walking recall,fold03,278,-3.6184210526315823,-1.9736842105263221,0.9900199600798403
5,L5,Walking recall,fold03,279,-3.2894736842105345,-1.9736842105263221,0.9900199600798403
5,L5,Walking recall,fold03,280,-4.60526315789474,-1.9736842105263221,0.9900199600798403
5,L5,Walking recall,fold03,281,-2.631578947368425,-1.9736842105263221,0.9900199600798403
5,L5,Walking recall,fold03,282,-2.631578947368425,-1.9736842105263221,0.9900199600798403
5,L5,Walking recall,fold03,283,-2.9605263157894797,-1.9736842105263221,0.9900199600798403
5,L5,Walking recall,fold03,284,-2.9605263157894797,-1.9736842105263221,0.9900199600798403
5,L5,Walking recall,fold03,285,-3.6184210526315823,-1.9736842105263221,0.9900199600798403
5,L5,Walking recall,fold03,286,-2.9605263157894797,-1.9736842105263221,0.9900199600798403
5,L5,Walking recall,fold03,287,-2.631578947368425,-1.9736842105263221,0.9900199600798403
5,L5,Walking recall,fold03,288,-2.631578947368425,-1.9736842105263221,0.9900199600798403
5,L5,Walking recall,fold03,289,-3.2894736842105345,-1.9736842105263221,0.9900199600798403
5,L5,Walking recall,fold03,290,-3.947368421052637,-1.9736842105263221,0.9900199600798403
5,L5,Walking recall,fold03,291,-2.631578947368425,-1.9736842105263221,0.9900199600798403
5,L5,Walking recall,fold03,292,-1.6447368421052673,-1.9736842105263221,0.9900199600798403
5,L5,Walking recall,fold03,293,-2.9605263157894797,-1.9736842105263221,0.9900199600798403
5,L5,Walking recall,fold03,294,-2.9605263157894797,-1.9736842105263221,0.9900199600798403
5,L5,Walking recall,fold03,295,-3.6184210526315823,-1.9736842105263221,0.9900199600798403
5,L5,Walking recall,fold03,296,-4.60526315789474,-1.9736842105263221,0.9900199600798403
5,L5,Walking recall,fold03,297,-3.2894736842105345,-1.9736842105263221,0.9900199600798403
5,L5,Walking recall,fold03,298,-3.2894736842105345,-1.9736842105263221,0.9900199600798403
5,L5,Walking recall,fold03,299,-4.276315789473685,-1.9736842105263221,0.9900199600798403
5,L5,Walking recall,fold03,300,-2.631578947368425,-1.9736842105263221,0.9900199600798403
5,L5,Walking recall,fold03,301,-2.9605263157894797,-1.9736842105263221,0.9900199600798403
5,L5,Walking recall,fold03,302,-2.631578947368425,-1.9736842105263221,0.9900199600798403
5,L5,Walking recall,fold03,303,-2.9605263157894797,-1.9736842105263221,0.9900199600798403
5,L5,Walking recall,fold03,304,-1.6447368421052673,-1.9736842105263221,0.9900199600798403
5,L5,Walking recall,fold03,305,-3.6184210526315823,-1.9736842105263221,0.9900199600798403
5,L5,Walking recall,fold03,306,-2.9605263157894797,-1.9736842105263221,0.9900199600798403
5,L5,Walking recall,fold03,307,-2.9605263157894797,-1.9736842105263221,0.9900199600798403
5,L5,Walking recall,fold03,308,-4.60526315789474,-1.9736842105263221,0.9900199600798403
5,L5,Walking recall,fold03,309,-3.2894736842105345,-1.9736842105263221,0.9900199600798403
5,L5,Walking recall,fold03,310,-2.9605263157894797,-1.9736842105263221,0.9900199600798403
5,L5,Walking recall,fold03,311,-3.2894736842105345,-1.9736842105263221,0.9900199600798403
5,L5,Walking recall,fold03,312,-2.631578947368425,-1.9736842105263221,0.9900199600798403
5,L5,Walking recall,fold03,313,-3.947368421052637,-1.9736842105263221,0.9900199600798403
5,L5,Walking recall,fold03,314,-2.631578947368425,-1.9736842105263221,0.9900199600798403
5,L5,Walking recall,fold03,315,-1.9736842105263221,-1.9736842105263221,0.9900199600798403
5,L5,Walking recall,fold03,316,-2.302631578947377,-1.9736842105263221,0.9900199600798403
5,L5,Walking recall,fold03,317,-3.2894736842105345,-1.9736842105263221,0.9900199600798403
5,L5,Walking recall,fold03,318,-2.302631578947377,-1.9736842105263221,0.9900199600798403
5,L5,Walking recall,fold03,319,-2.631578947368425,-1.9736842105263221,0.9900199600798403
5,L5,Walking recall,fold03,320,-2.302631578947377,-1.9736842105263221,0.9900199600798403
5,L5,Walking recall,fold03,321,-2.9605263157894797,-1.9736842105263221,0.9900199600798403
5,L5,Walking recall,fold03,322,-3.2894736842105345,-1.9736842105263221,0.9900199600798403
5,L5,Walking recall,fold03,323,-3.2894736842105345,-1.9736842105263221,0.9900199600798403
5,L5,Walking recall,fold03,324,-2.9605263157894797,-1.9736842105263221,0.9900199600798403
5,L5,Walking recall,fold03,325,-2.9605263157894797,-1.9736842105263221,0.9900199600798403
5,L5,Walking recall,fold03,326,-3.2894736842105345,-1.9736842105263221,0.9900199600798403
5,L5,Walking recall,fold03,327,-2.631578947368425,-1.9736842105263221,0.9900199600798403
5,L5,Walking recall,fold03,328,-3.6184210526315823,-1.9736842105263221,0.9900199600798403
5,L5,Walking recall,fold03,329,-2.9605263157894797,-1.9736842105263221,0.9900199600798403
5,L5,Walking recall,fold03,330,-3.2894736842105345,-1.9736842105263221,0.9900199600798403
5,L5,Walking recall,fold03,331,-3.2894736842105345,-1.9736842105263221,0.9900199600798403
5,L5,Walking recall,fold03,332,-3.947368421052637,-1.9736842105263221,0.9900199600798403
5,L5,Walking recall,fold03,333,-3.2894736842105345,-1.9736842105263221,0.9900199600798403
5,L5,Walking recall,fold03,334,-2.9605263157894797,-1.9736842105263221,0.9900199600798403
5,L5,Walking recall,fold03,335,-2.9605263157894797,-1.9736842105263221,0.9900199600798403
5,L5,Walking recall,fold03,336,-3.2894736842105345,-1.9736842105263221,0.9900199600798403
5,L5,Walking recall,fold03,337,-2.631578947368425,-1.9736842105263221,0.9900199600798403
5,L5,Walking recall,fold03,338,-2.9605263157894797,-1.9736842105263221,0.9900199600798403
5,L5,Walking recall,fold03,339,-3.2894736842105345,-1.9736842105263221,0.9900199600798403
5,L5,Walking recall,fold03,340,-2.9605263157894797,-1.9736842105263221,0.9900199600798403
5,L5,Walking recall,fold03,341,-2.302631578947377,-1.9736842105263221,0.9900199600798403
5,L5,Walking recall,fold03,342,-3.6184210526315823,-1.9736842105263221,0.9900199600798403
5,L5,Walking recall,fold03,343,-4.276315789473685,-1.9736842105263221,0.9900199600798403
5,L5,Walking recall,fold03,344,-2.631578947368425,-1.9736842105263221,0.9900199600798403
5,L5,Walking recall,fold03,345,-4.276315789473685,-1.9736842105263221,0.9900199600798403
5,L5,Walking recall,fold03,346,-2.631578947368425,-1.9736842105263221,0.9900199600798403
5,L5,Walking recall,fold03,347,-2.302631578947377,-1.9736842105263221,0.9900199600798403
5,L5,Walking recall,fold03,348,-3.2894736842105345,-1.9736842105263221,0.9900199600798403
5,L5,Walking recall,fold03,349,-3.947368421052637,-1.9736842105263221,0.9900199600798403
5,L5,Walking recall,fold03,350,-3.2894736842105345,-1.9736842105263221,0.9900199600798403
5,L5,Walking recall,fold03,351,-2.9605263157894797,-1.9736842105263221,0.9900199600798403
5,L5,Walking recall,fold03,352,-3.2894736842105345,-1.9736842105263221,0.9900199600798403
5,L5,Walking recall,fold03,353,-3.2894736842105345,-1.9736842105263221,0.9900199600798403
5,L5,Walking recall,fold03,354,-3.2894736842105345,-1.9736842105263221,0.9900199600798403
5,L5,Walking recall,fold03,355,-1.9736842105263221,-1.9736842105263221,0.9900199600798403
5,L5,Walking recall,fold03,356,-3.6184210526315823,-1.9736842105263221,0.9900199600798403
5,L5,Walking recall,fold03,357,-3.6184210526315823,-1.9736842105263221,0.9900199600798403
5,L5,Walking recall,fold03,358,-2.631578947368425,-1.9736842105263221,0.9900199600798403
5,L5,Walking recall,fold03,359,-3.947368421052637,-1.9736842105263221,0.9900199600798403
5,L5,Walking recall,fold03,360,-3.2894736842105345,-1.9736842105263221,0.9900199600798403
5,L5,Walking recall,fold03,361,-4.276315789473685,-1.9736842105263221,0.9900199600798403
5,L5,Walking recall,fold03,362,-3.6184210526315823,-1.9736842105263221,0.9900199600798403
5,L5,Walking recall,fold03,363,-2.302631578947377,-1.9736842105263221,0.9900199600798403
5,L5,Walking recall,fold03,364,-2.302631578947377,-1.9736842105263221,0.9900199600798403
5,L5,Walking recall,fold03,365,-2.9605263157894797,-1.9736842105263221,0.9900199600798403
5,L5,Walking recall,fold03,366,-2.9605263157894797,-1.9736842105263221,0.9900199600798403
5,L5,Walking recall,fold03,367,-3.947368421052637,-1.9736842105263221,0.9900199600798403
5,L5,Walking recall,fold03,368,-1.9736842105263221,-1.9736842105263221,0.9900199600798403
5,L5,Walking recall,fold03,369,-2.302631578947377,-1.9736842105263221,0.9900199600798403
5,L5,Walking recall,fold03,370,-2.9605263157894797,-1.9736842105263221,0.9900199600798403
5,L5,Walking recall,fold03,371,-3.2894736842105345,-1.9736842105263221,0.9900199600798403
5,L5,Walking recall,fold03,372,-2.631578947368425,-1.9736842105263221,0.9900199600798403
5,L5,Walking recall,fold03,373,-3.6184210526315823,-1.9736842105263221,0.9900199600798403
5,L5,Walking recall,fold03,374,-2.631578947368425,-1.9736842105263221,0.9900199600798403
5,L5,Walking recall,fold03,375,-3.2894736842105345,-1.9736842105263221,0.9900199600798403
5,L5,Walking recall,fold03,376,-2.302631578947377,-1.9736842105263221,0.9900199600798403
5,L5,Walking recall,fold03,377,-3.6184210526315823,-1.9736842105263221,0.9900199600798403
5,L5,Walking recall,fold03,378,-2.9605263157894797,-1.9736842105263221,0.9900199600798403
5,L5,Walking recall,fold03,379,-3.947368421052637,-1.9736842105263221,0.9900199600798403
5,L5,Walking recall,fold03,380,-2.9605263157894797,-1.9736842105263221,0.9900199600798403
5,L5,Walking recall,fold03,381,-3.6184210526315823,-1.9736842105263221,0.9900199600798403
5,L5,Walking recall,fold03,382,-3.947368421052637,-1.9736842105263221,0.9900199600798403
5,L5,Walking recall,fold03,383,-3.6184210526315823,-1.9736842105263221,0.9900199600798403
5,L5,Walking recall,fold03,384,-2.631578947368425,-1.9736842105263221,0.9900199600798403
5,L5,Walking recall,fold03,385,-4.276315789473685,-1.9736842105263221,0.9900199600798403
5,L5,Walking recall,fold03,386,-3.2894736842105345,-1.9736842105263221,0.9900199600798403
5,L5,Walking recall,fold03,387,-2.9605263157894797,-1.9736842105263221,0.9900199600798403
5,L5,Walking recall,fold03,388,-2.302631578947377,-1.9736842105263221,0.9900199600798403
5,L5,Walking recall,fold03,389,-4.934210526315795,-1.9736842105263221,0.9900199600798403
5,L5,Walking recall,fold03,390,-2.9605263157894797,-1.9736842105263221,0.9900199600798403
5,L5,Walking recall,fold03,391,-3.6184210526315823,-1.9736842105263221,0.9900199600798403
5,L5,Walking recall,fold03,392,-3.2894736842105345,-1.9736842105263221,0.9900199600798403
5,L5,Walking recall,fold03,393,-4.276315789473685,-1.9736842105263221,0.9900199600798403
5,L5,Walking recall,fold03,394,-3.947368421052637,-1.9736842105263221,0.9900199600798403
5,L5,Walking recall,fold03,395,-2.631578947368425,-1.9736842105263221,0.9900199600798403
5,L5,Walking recall,fold03,396,-4.276315789473685,-1.9736842105263221,0.9900199600798403
5,L5,Walking recall,fold03,397,-3.2894736842105345,-1.9736842105263221,0.9900199600798403
5,L5,Walking recall,fold03,398,-3.2894736842105345,-1.9736842105263221,0.9900199600798403
5,L5,Walking recall,fold03,399,-2.631578947368425,-1.9736842105263221,0.9900199600798403
5,L5,Walking recall,fold03,400,-3.2894736842105345,-1.9736842105263221,0.9900199600798403
5,L5,Walking recall,fold03,401,-2.9605263157894797,-1.9736842105263221,0.9900199600798403
5,L5,Walking recall,fold03,402,-4.934210526315795,-1.9736842105263221,0.9900199600798403
5,L5,Walking recall,fold03,403,-2.9605263157894797,-1.9736842105263221,0.9900199600798403
5,L5,Walking recall,fold03,404,-3.2894736842105345,-1.9736842105263221,0.9900199600798403
5,L5,Walking recall,fold03,405,-4.276315789473685,-1.9736842105263221,0.9900199600798403
5,L5,Walking recall,fold03,406,-3.2894736842105345,-1.9736842105263221,0.9900199600798403
5,L5,Walking recall,fold03,407,-1.9736842105263221,-1.9736842105263221,0.9900199600798403
5,L5,Walking recall,fold03,408,-4.276315789473685,-1.9736842105263221,0.9900199600798403
5,L5,Walking recall,fold03,409,-2.302631578947377,-1.9736842105263221,0.9900199600798403
5,L5,Walking recall,fold03,410,-2.9605263157894797,-1.9736842105263221,0.9900199600798403
5,L5,Walking recall,fold03,411,-3.2894736842105345,-1.9736842105263221,0.9900199600798403
5,L5,Walking recall,fold03,412,-3.6184210526315823,-1.9736842105263221,0.9900199600798403
5,L5,Walking recall,fold03,413,-2.9605263157894797,-1.9736842105263221,0.9900199600798403
5,L5,Walking recall,fold03,414,-3.6184210526315823,-1.9736842105263221,0.9900199600798403
5,L5,Walking recall,fold03,415,-2.302631578947377,-1.9736842105263221,0.9900199600798403
5,L5,Walking recall,fold03,416,-3.6184210526315823,-1.9736842105263221,0.9900199600798403
5,L5,Walking recall,fold03,417,-2.9605263157894797,-1.9736842105263221,0.9900199600798403
5,L5,Walking recall,fold03,418,-4.60526315789474,-1.9736842105263221,0.9900199600798403
5,L5,Walking recall,fold03,419,-4.60526315789474,-1.9736842105263221,0.9900199600798403
5,L5,Walking recall,fold03,420,-2.302631578947377,-1.9736842105263221,0.9900199600798403
5,L5,Walking recall,fold03,421,-2.302631578947377,-1.9736842105263221,0.9900199600798403
5,L5,Walking recall,fold03,422,-4.276315789473685,-1.9736842105263221,0.9900199600798403
5,L5,Walking recall,fold03,423,-2.9605263157894797,-1.9736842105263221,0.9900199600798403
5,L5,Walking recall,fold03,424,-2.9605263157894797,-1.9736842105263221,0.9900199600798403
5,L5,Walking recall,fold03,425,-2.9605263157894797,-1.9736842105263221,0.9900199600798403
5,L5,Walking recall,fold03,426,-3.2894736842105345,-1.9736842105263221,0.9900199600798403
5,L5,Walking recall,fold03,427,-4.276315789473685,-1.9736842105263221,0.9900199600798403
5,L5,Walking recall,fold03,428,-3.2894736842105345,-1.9736842105263221,0.9900199600798403
5,L5,Walking recall,fold03,429,-3.2894736842105345,-1.9736842105263221,0.9900199600798403
5,L5,Walking recall,fold03,430,-1.6447368421052673,-1.9736842105263221,0.9900199600798403
5,L5,Walking recall,fold03,431,-3.2894736842105345,-1.9736842105263221,0.9900199600798403
5,L5,Walking recall,fold03,432,-4.276315789473685,-1.9736842105263221,0.9900199600798403
5,L5,Walking recall,fold03,433,-3.2894736842105345,-1.9736842105263221,0.9900199600798403
5,L5,Walking recall,fold03,434,-2.9605263157894797,-1.9736842105263221,0.9900199600798403
5,L5,Walking recall,fold03,435,-3.947368421052637,-1.9736842105263221,0.9900199600798403
5,L5,Walking recall,fold03,436,-4.276315789473685,-1.9736842105263221,0.9900199600798403
5,L5,Walking recall,fold03,437,-3.6184210526315823,-1.9736842105263221,0.9900199600798403
5,L5,Walking recall,fold03,438,-2.302631578947377,-1.9736842105263221,0.9900199600798403
5,L5,Walking recall,fold03,439,-4.276315789473685,-1.9736842105263221,0.9900199600798403
5,L5,Walking recall,fold03,440,-3.6184210526315823,-1.9736842105263221,0.9900199600798403
5,L5,Walking recall,fold03,441,-3.6184210526315823,-1.9736842105263221,0.9900199600798403
5,L5,Walking recall,fold03,442,-4.276315789473685,-1.9736842105263221,0.9900199600798403
5,L5,Walking recall,fold03,443,-2.9605263157894797,-1.9736842105263221,0.9900199600798403
5,L5,Walking recall,fold03,444,-4.276315789473685,-1.9736842105263221,0.9900199600798403
5,L5,Walking recall,fold03,445,-3.2894736842105345,-1.9736842105263221,0.9900199600798403
5,L5,Walking recall,fold03,446,-3.6184210526315823,-1.9736842105263221,0.9900199600798403
5,L5,Walking recall,fold03,447,-2.631578947368425,-1.9736842105263221,0.9900199600798403
5,L5,Walking recall,fold03,448,-2.9605263157894797,-1.9736842105263221,0.9900199600798403
5,L5,Walking recall,fold03,449,-3.947368421052637,-1.9736842105263221,0.9900199600798403
5,L5,Walking recall,fold03,450,-3.2894736842105345,-1.9736842105263221,0.9900199600798403
5,L5,Walking recall,fold03,451,-2.9605263157894797,-1.9736842105263221,0.9900199600798403
5,L5,Walking recall,fold03,452,-3.2894736842105345,-1.9736842105263221,0.9900199600798403
5,L5,Walking recall,fold03,453,-4.276315789473685,-1.9736842105263221,0.9900199600798403
5,L5,Walking recall,fold03,454,-3.947368421052637,-1.9736842105263221,0.9900199600798403
5,L5,Walking recall,fold03,455,-2.631578947368425,-1.9736842105263221,0.9900199600798403
5,L5,Walking recall,fold03,456,-2.631578947368425,-1.9736842105263221,0.9900199600798403
5,L5,Walking recall,fold03,457,-2.302631578947377,-1.9736842105263221,0.9900199600798403
5,L5,Walking recall,fold03,458,-2.9605263157894797,-1.9736842105263221,0.9900199600798403
5,L5,Walking recall,fold03,459,-2.9605263157894797,-1.9736842105263221,0.9900199600798403
5,L5,Walking recall,fold03,460,-2.9605263157894797,-1.9736842105263221,0.9900199600798403
5,L5,Walking recall,fold03,461,-3.6184210526315823,-1.9736842105263221,0.9900199600798403
5,L5,Walking recall,fold03,462,-3.2894736842105345,-1.9736842105263221,0.9900199600798403
5,L5,Walking recall,fold03,463,-3.2894736842105345,-1.9736842105263221,0.9900199600798403
5,L5,Walking recall,fold03,464,-2.9605263157894797,-1.9736842105263221,0.9900199600798403
5,L5,Walking recall,fold03,465,-3.947368421052637,-1.9736842105263221,0.9900199600798403
5,L5,Walking recall,fold03,466,-1.9736842105263221,-1.9736842105263221,0.9900199600798403
5,L5,Walking recall,fold03,467,-3.947368421052637,-1.9736842105263221,0.9900199600798403
5,L5,Walking recall,fold03,468,-3.2894736842105345,-1.9736842105263221,0.9900199600798403
5,L5,Walking recall,fold03,469,-3.2894736842105345,-1.9736842105263221,0.9900199600798403
5,L5,Walking recall,fold03,470,-2.9605263157894797,-1.9736842105263221,0.9900199600798403
5,L5,Walking recall,fold03,471,-3.2894736842105345,-1.9736842105263221,0.9900199600798403
5,L5,Walking recall,fold03,472,-2.302631578947377,-1.9736842105263221,0.9900199600798403
5,L5,Walking recall,fold03,473,-3.947368421052637,-1.9736842105263221,0.9900199600798403
5,L5,Walking recall,fold03,474,-3.947368421052637,-1.9736842105263221,0.9900199600798403
5,L5,Walking recall,fold03,475,-3.6184210526315823,-1.9736842105263221,0.9900199600798403
5,L5,Walking recall,fold03,476,-3.2894736842105345,-1.9736842105263221,0.9900199600798403
5,L5,Walking recall,fold03,477,-2.9605263157894797,-1.9736842105263221,0.9900199600798403
5,L5,Walking recall,fold03,478,-3.947368421052637,-1.9736842105263221,0.9900199600798403
5,L5,Walking recall,fold03,479,-3.6184210526315823,-1.9736842105263221,0.9900199600798403
5,L5,Walking recall,fold03,480,-3.947368421052637,-1.9736842105263221,0.9900199600798403
5,L5,Walking recall,fold03,481,-3.6184210526315823,-1.9736842105263221,0.9900199600798403
5,L5,Walking recall,fold03,482,-3.2894736842105345,-1.9736842105263221,0.9900199600798403
5,L5,Walking recall,fold03,483,-3.2894736842105345,-1.9736842105263221,0.9900199600798403
5,L5,Walking recall,fold03,484,-3.6184210526315823,-1.9736842105263221,0.9900199600798403
5,L5,Walking recall,fold03,485,-2.9605263157894797,-1.9736842105263221,0.9900199600798403
5,L5,Walking recall,fold03,486,-2.9605263157894797,-1.9736842105263221,0.9900199600798403
5,L5,Walking recall,fold03,487,-3.947368421052637,-1.9736842105263221,0.9900199600798403
5,L5,Walking recall,fold03,488,-3.6184210526315823,-1.9736842105263221,0.9900199600798403
5,L5,Walking recall,fold03,489,-2.9605263157894797,-1.9736842105263221,0.9900199600798403
5,L5,Walking recall,fold03,490,-3.6184210526315823,-1.9736842105263221,0.9900199600798403
5,L5,Walking recall,fold03,491,-2.9605263157894797,-1.9736842105263221,0.9900199600798403
5,L5,Walking recall,fold03,492,-3.2894736842105345,-1.9736842105263221,0.9900199600798403
5,L5,Walking recall,fold03,493,-3.6184210526315823,-1.9736842105263221,0.9900199600798403
5,L5,Walking recall,fold03,494,-3.2894736842105345,-1.9736842105263221,0.9900199600798403
5,L5,Walking recall,fold03,495,-3.6184210526315823,-1.9736842105263221,0.9900199600798403
5,L5,Walking recall,fold03,496,-2.9605263157894797,-1.9736842105263221,0.9900199600798403
5,L5,Walking recall,fold03,497,-3.2894736842105345,-1.9736842105263221,0.9900199600798403
5,L5,Walking recall,fold03,498,-3.6184210526315823,-1.9736842105263221,0.9900199600798403
5,L5,Walking recall,fold03,499,-3.6184210526315823,-1.9736842105263221,0.9900199600798403
5,L5,Walking recall,fold03,500,-3.947368421052637,-1.9736842105263221,0.9900199600798403
