target,target_label,outcome,fold,repeat,random_delta,observed_maximum_delta,empirical_one_sided_p,null_type
2,L2,Stage-2 macro recall,fold01,1,-8.183073424301483,-5.632716049382708,0.9680638722554891,circular_shift_exact_mask_geometry
2,L2,Stage-2 macro recall,fold01,2,-4.60526315789474,-5.632716049382708,0.9680638722554891,circular_shift_exact_mask_geometry
2,L2,Stage-2 macro recall,fold01,3,-7.277452891487968,-5.632716049382708,0.9680638722554891,circular_shift_exact_mask_geometry
2,L2,Stage-2 macro recall,fold01,4,-7.565789473684191,-5.632716049382708,0.9680638722554891,circular_shift_exact_mask_geometry
2,L2,Stage-2 macro recall,fold01,5,-6.867283950617278,-5.632716049382708,0.9680638722554891,circular_shift_exact_mask_geometry
2,L2,Stage-2 macro recall,fold01,6,-7.89473684210526,-5.632716049382708,0.9680638722554891,circular_shift_exact_mask_geometry
2,L2,Stage-2 macro recall,fold01,7,-7.854126055880442,-5.632716049382708,0.9680638722554891,circular_shift_exact_mask_geometry
2,L2,Stage-2 macro recall,fold01,8,-7.525178687459373,-5.632716049382708,0.9680638722554891,circular_shift_exact_mask_geometry
2,L2,Stage-2 macro recall,fold01,9,-6.9078947368420955,-5.632716049382708,0.9680638722554891,circular_shift_exact_mask_geometry
2,L2,Stage-2 macro recall,fold01,10,-7.23684210526315,-5.632716049382708,0.9680638722554891,circular_shift_exact_mask_geometry
2,L2,Stage-2 macro recall,fold01,11,-6.290610786224818,-5.632716049382708,0.9680638722554891,circular_shift_exact_mask_geometry
2,L2,Stage-2 macro recall,fold01,12,-5.59210526315789,-5.632716049382708,0.9680638722554891,circular_shift_exact_mask_geometry
2,L2,Stage-2 macro recall,fold01,13,-6.9078947368420955,-5.632716049382708,0.9680638722554891,circular_shift_exact_mask_geometry
2,L2,Stage-2 macro recall,fold01,14,-7.89473684210526,-5.632716049382708,0.9680638722554891,circular_shift_exact_mask_geometry
2,L2,Stage-2 macro recall,fold01,15,-5.59210526315789,-5.632716049382708,0.9680638722554891,circular_shift_exact_mask_geometry
2,L2,Stage-2 macro recall,fold01,16,-7.854126055880442,-5.632716049382708,0.9680638722554891,circular_shift_exact_mask_geometry
2,L2,Stage-2 macro recall,fold01,17,-8.183073424301483,-5.632716049382708,0.9680638722554891,circular_shift_exact_mask_geometry
2,L2,Stage-2 macro recall,fold01,18,-6.578947368421055,-5.632716049382708,0.9680638722554891,circular_shift_exact_mask_geometry
2,L2,Stage-2 macro recall,fold01,19,-7.23684210526315,-5.632716049382708,0.9680638722554891,circular_shift_exact_mask_geometry
2,L2,Stage-2 macro recall,fold01,20,-7.565789473684191,-5.632716049382708,0.9680638722554891,circular_shift_exact_mask_geometry
2,L2,Stage-2 macro recall,fold01,21,-8.47141000649772,-5.632716049382708,0.9680638722554891,circular_shift_exact_mask_geometry
2,L2,Stage-2 macro recall,fold01,22,-6.9078947368420955,-5.632716049382708,0.9680638722554891,circular_shift_exact_mask_geometry
2,L2,Stage-2 macro recall,fold01,23,-7.525178687459373,-5.632716049382708,0.9680638722554891,circular_shift_exact_mask_geometry
2,L2,Stage-2 macro recall,fold01,24,-6.9078947368420955,-5.632716049382708,0.9680638722554891,circular_shift_exact_mask_geometry
2,L2,Stage-2 macro recall,fold01,25,-7.565789473684191,-5.632716049382708,0.9680638722554891,circular_shift_exact_mask_geometry
2,L2,Stage-2 macro recall,fold01,26,-8.183073424301483,-5.632716049382708,0.9680638722554891,circular_shift_exact_mask_geometry
2,L2,Stage-2 macro recall,fold01,27,-8.512020792722538,-5.632716049382708,0.9680638722554891,circular_shift_exact_mask_geometry
2,L2,Stage-2 macro recall,fold01,28,-8.183073424301483,-5.632716049382708,0.9680638722554891,circular_shift_exact_mask_geometry
2,L2,Stage-2 macro recall,fold01,29,-7.854126055880442,-5.632716049382708,0.9680638722554891,circular_shift_exact_mask_geometry
2,L2,Stage-2 macro recall,fold01,30,-6.290610786224818,-5.632716049382708,0.9680638722554891,circular_shift_exact_mask_geometry
2,L2,Stage-2 macro recall,fold01,31,-7.813515269655625,-5.632716049382708,0.9680638722554891,circular_shift_exact_mask_geometry
2,L2,Stage-2 macro recall,fold01,32,-6.948505523066913,-5.632716049382708,0.9680638722554891,circular_shift_exact_mask_geometry
2,L2,Stage-2 macro recall,fold01,33,-6.25,-5.632716049382708,0.9680638722554891,circular_shift_exact_mask_geometry
2,L2,Stage-2 macro recall,fold01,34,-7.196231319038333,-5.632716049382708,0.9680638722554891,circular_shift_exact_mask_geometry
2,L2,Stage-2 macro recall,fold01,35,-8.47141000649772,-5.632716049382708,0.9680638722554891,circular_shift_exact_mask_geometry
2,L2,Stage-2 macro recall,fold01,36,-8.223684210526315,-5.632716049382708,0.9680638722554891,circular_shift_exact_mask_geometry
2,L2,Stage-2 macro recall,fold01,37,-7.565789473684191,-5.632716049382708,0.9680638722554891,circular_shift_exact_mask_geometry
2,L2,Stage-2 macro recall,fold01,38,-7.23684210526315,-5.632716049382708,0.9680638722554891,circular_shift_exact_mask_geometry
2,L2,Stage-2 macro recall,fold01,39,-6.867283950617278,-5.632716049382708,0.9680638722554891,circular_shift_exact_mask_geometry
2,L2,Stage-2 macro recall,fold01,40,-6.867283950617278,-5.632716049382708,0.9680638722554891,circular_shift_exact_mask_geometry
2,L2,Stage-2 macro recall,fold01,41,-8.840968161143593,-5.632716049382708,0.9680638722554891,circular_shift_exact_mask_geometry
2,L2,Stage-2 macro recall,fold01,42,-6.25,-5.632716049382708,0.9680638722554891,circular_shift_exact_mask_geometry
2,L2,Stage-2 macro recall,fold01,43,-6.290610786224818,-5.632716049382708,0.9680638722554891,circular_shift_exact_mask_geometry
2,L2,Stage-2 macro recall,fold01,44,-6.209389213775182,-5.632716049382708,0.9680638722554891,circular_shift_exact_mask_geometry
2,L2,Stage-2 macro recall,fold01,45,-7.565789473684191,-5.632716049382708,0.9680638722554891,circular_shift_exact_mask_geometry
2,L2,Stage-2 macro recall,fold01,46,-8.223684210526315,-5.632716049382708,0.9680638722554891,circular_shift_exact_mask_geometry
2,L2,Stage-2 macro recall,fold01,47,-6.9078947368420955,-5.632716049382708,0.9680638722554891,circular_shift_exact_mask_geometry
2,L2,Stage-2 macro recall,fold01,48,-7.565789473684191,-5.632716049382708,0.9680638722554891,circular_shift_exact_mask_geometry
2,L2,Stage-2 macro recall,fold01,49,-5.921052631578931,-5.632716049382708,0.9680638722554891,circular_shift_exact_mask_geometry
2,L2,Stage-2 macro recall,fold01,50,-6.948505523066913,-5.632716049382708,0.9680638722554891,circular_shift_exact_mask_geometry
2,L2,Stage-2 macro recall,fold01,51,-6.290610786224818,-5.632716049382708,0.9680638722554891,circular_shift_exact_mask_geometry
2,L2,Stage-2 macro recall,fold01,52,-6.290610786224818,-5.632716049382708,0.9680638722554891,circular_shift_exact_mask_geometry
2,L2,Stage-2 macro recall,fold01,53,-5.921052631578931,-5.632716049382708,0.9680638722554891,circular_shift_exact_mask_geometry
2,L2,Stage-2 macro recall,fold01,54,-7.23684210526315,-5.632716049382708,0.9680638722554891,circular_shift_exact_mask_geometry
2,L2,Stage-2 macro recall,fold01,55,-5.921052631578931,-5.632716049382708,0.9680638722554891,circular_shift_exact_mask_geometry
2,L2,Stage-2 macro recall,fold01,56,-6.9078947368420955,-5.632716049382708,0.9680638722554891,circular_shift_exact_mask_geometry
2,L2,Stage-2 macro recall,fold01,57,-5.961663417803777,-5.632716049382708,0.9680638722554891,circular_shift_exact_mask_geometry
2,L2,Stage-2 macro recall,fold01,58,-7.23684210526315,-5.632716049382708,0.9680638722554891,circular_shift_exact_mask_geometry
2,L2,Stage-2 macro recall,fold01,59,-8.840968161143593,-5.632716049382708,0.9680638722554891,circular_shift_exact_mask_geometry
2,L2,Stage-2 macro recall,fold01,60,-6.948505523066913,-5.632716049382708,0.9680638722554891,circular_shift_exact_mask_geometry
2,L2,Stage-2 macro recall,fold01,61,-7.854126055880442,-5.632716049382708,0.9680638722554891,circular_shift_exact_mask_geometry
2,L2,Stage-2 macro recall,fold01,62,-6.25,-5.632716049382708,0.9680638722554891,circular_shift_exact_mask_geometry
2,L2,Stage-2 macro recall,fold01,63,-7.565789473684191,-5.632716049382708,0.9680638722554891,circular_shift_exact_mask_geometry
2,L2,Stage-2 macro recall,fold01,64,-7.565789473684191,-5.632716049382708,0.9680638722554891,circular_shift_exact_mask_geometry
2,L2,Stage-2 macro recall,fold01,65,-8.223684210526315,-5.632716049382708,0.9680638722554891,circular_shift_exact_mask_geometry
2,L2,Stage-2 macro recall,fold01,66,-5.632716049382708,-5.632716049382708,0.9680638722554891,circular_shift_exact_mask_geometry
2,L2,Stage-2 macro recall,fold01,67,-7.23684210526315,-5.632716049382708,0.9680638722554891,circular_shift_exact_mask_geometry
2,L2,Stage-2 macro recall,fold01,68,-8.512020792722538,-5.632716049382708,0.9680638722554891,circular_shift_exact_mask_geometry
2,L2,Stage-2 macro recall,fold01,69,-6.578947368421055,-5.632716049382708,0.9680638722554891,circular_shift_exact_mask_geometry
2,L2,Stage-2 macro recall,fold01,70,-6.9078947368420955,-5.632716049382708,0.9680638722554891,circular_shift_exact_mask_geometry
2,L2,Stage-2 macro recall,fold01,71,-8.183073424301483,-5.632716049382708,0.9680638722554891,circular_shift_exact_mask_geometry
2,L2,Stage-2 macro recall,fold01,72,-7.484567901234556,-5.632716049382708,0.9680638722554891,circular_shift_exact_mask_geometry
2,L2,Stage-2 macro recall,fold01,73,-8.183073424301483,-5.632716049382708,0.9680638722554891,circular_shift_exact_mask_geometry
2,L2,Stage-2 macro recall,fold01,74,-8.512020792722538,-5.632716049382708,0.9680638722554891,circular_shift_exact_mask_geometry
2,L2,Stage-2 macro recall,fold01,75,-6.948505523066913,-5.632716049382708,0.9680638722554891,circular_shift_exact_mask_geometry
2,L2,Stage-2 macro recall,fold01,76,-7.23684210526315,-5.632716049382708,0.9680638722554891,circular_shift_exact_mask_geometry
2,L2,Stage-2 macro recall,fold01,77,-7.525178687459373,-5.632716049382708,0.9680638722554891,circular_shift_exact_mask_geometry
2,L2,Stage-2 macro recall,fold01,78,-7.155620532813501,-5.632716049382708,0.9680638722554891,circular_shift_exact_mask_geometry
2,L2,Stage-2 macro recall,fold01,79,-7.854126055880442,-5.632716049382708,0.9680638722554891,circular_shift_exact_mask_geometry
2,L2,Stage-2 macro recall,fold01,80,-6.578947368421055,-5.632716049382708,0.9680638722554891,circular_shift_exact_mask_geometry
2,L2,Stage-2 macro recall,fold01,81,-6.578947368421055,-5.632716049382708,0.9680638722554891,circular_shift_exact_mask_geometry
2,L2,Stage-2 macro recall,fold01,82,-6.290610786224818,-5.632716049382708,0.9680638722554891,circular_shift_exact_mask_geometry
2,L2,Stage-2 macro recall,fold01,83,-6.578947368421055,-5.632716049382708,0.9680638722554891,circular_shift_exact_mask_geometry
2,L2,Stage-2 macro recall,fold01,84,-6.9078947368420955,-5.632716049382708,0.9680638722554891,circular_shift_exact_mask_geometry
2,L2,Stage-2 macro recall,fold01,85,-6.948505523066913,-5.632716049382708,0.9680638722554891,circular_shift_exact_mask_geometry
2,L2,Stage-2 macro recall,fold01,86,-7.565789473684191,-5.632716049382708,0.9680638722554891,circular_shift_exact_mask_geometry
2,L2,Stage-2 macro recall,fold01,87,-7.565789473684191,-5.632716049382708,0.9680638722554891,circular_shift_exact_mask_geometry
2,L2,Stage-2 macro recall,fold01,88,-8.183073424301483,-5.632716049382708,0.9680638722554891,circular_shift_exact_mask_geometry
2,L2,Stage-2 macro recall,fold01,89,-8.552631578947356,-5.632716049382708,0.9680638722554891,circular_shift_exact_mask_geometry
2,L2,Stage-2 macro recall,fold01,90,-6.578947368421055,-5.632716049382708,0.9680638722554891,circular_shift_exact_mask_geometry
2,L2,Stage-2 macro recall,fold01,91,-7.196231319038333,-5.632716049382708,0.9680638722554891,circular_shift_exact_mask_geometry
2,L2,Stage-2 macro recall,fold01,92,-6.619558154645873,-5.632716049382708,0.9680638722554891,circular_shift_exact_mask_geometry
2,L2,Stage-2 macro recall,fold01,93,-8.223684210526315,-5.632716049382708,0.9680638722554891,circular_shift_exact_mask_geometry
2,L2,Stage-2 macro recall,fold01,94,-7.565789473684191,-5.632716049382708,0.9680638722554891,circular_shift_exact_mask_geometry
2,L2,Stage-2 macro recall,fold01,95,-6.867283950617278,-5.632716049382708,0.9680638722554891,circular_shift_exact_mask_geometry
2,L2,Stage-2 macro recall,fold01,96,-6.538336582196223,-5.632716049382708,0.9680638722554891,circular_shift_exact_mask_geometry
2,L2,Stage-2 macro recall,fold01,97,-6.578947368421055,-5.632716049382708,0.9680638722554891,circular_shift_exact_mask_geometry
2,L2,Stage-2 macro recall,fold01,98,-8.223684210526315,-5.632716049382708,0.9680638722554891,circular_shift_exact_mask_geometry
2,L2,Stage-2 macro recall,fold01,99,-7.854126055880442,-5.632716049382708,0.9680638722554891,circular_shift_exact_mask_geometry
2,L2,Stage-2 macro recall,fold01,100,-6.619558154645873,-5.632716049382708,0.9680638722554891,circular_shift_exact_mask_geometry
2,L2,Stage-2 macro recall,fold01,101,-5.961663417803777,-5.632716049382708,0.9680638722554891,circular_shift_exact_mask_geometry
2,L2,Stage-2 macro recall,fold01,102,-7.89473684210526,-5.632716049382708,0.9680638722554891,circular_shift_exact_mask_geometry
2,L2,Stage-2 macro recall,fold01,103,-7.23684210526315,-5.632716049382708,0.9680638722554891,circular_shift_exact_mask_geometry
2,L2,Stage-2 macro recall,fold01,104,-6.578947368421055,-5.632716049382708,0.9680638722554891,circular_shift_exact_mask_geometry
2,L2,Stage-2 macro recall,fold01,105,-7.854126055880442,-5.632716049382708,0.9680638722554891,circular_shift_exact_mask_geometry
2,L2,Stage-2 macro recall,fold01,106,-7.565789473684191,-5.632716049382708,0.9680638722554891,circular_shift_exact_mask_geometry
2,L2,Stage-2 macro recall,fold01,107,-6.948505523066913,-5.632716049382708,0.9680638722554891,circular_shift_exact_mask_geometry
2,L2,Stage-2 macro recall,fold01,108,-6.9078947368420955,-5.632716049382708,0.9680638722554891,circular_shift_exact_mask_geometry
2,L2,Stage-2 macro recall,fold01,109,-8.223684210526315,-5.632716049382708,0.9680638722554891,circular_shift_exact_mask_geometry
2,L2,Stage-2 macro recall,fold01,110,-8.223684210526315,-5.632716049382708,0.9680638722554891,circular_shift_exact_mask_geometry
2,L2,Stage-2 macro recall,fold01,111,-8.223684210526315,-5.632716049382708,0.9680638722554891,circular_shift_exact_mask_geometry
2,L2,Stage-2 macro recall,fold01,112,-6.9078947368420955,-5.632716049382708,0.9680638722554891,circular_shift_exact_mask_geometry
2,L2,Stage-2 macro recall,fold01,113,-6.9078947368420955,-5.632716049382708,0.9680638722554891,circular_shift_exact_mask_geometry
2,L2,Stage-2 macro recall,fold01,114,-6.9078947368420955,-5.632716049382708,0.9680638722554891,circular_shift_exact_mask_geometry
2,L2,Stage-2 macro recall,fold01,115,-5.961663417803777,-5.632716049382708,0.9680638722554891,circular_shift_exact_mask_geometry
2,L2,Stage-2 macro recall,fold01,116,-7.89473684210526,-5.632716049382708,0.9680638722554891,circular_shift_exact_mask_geometry
2,L2,Stage-2 macro recall,fold01,117,-7.854126055880442,-5.632716049382708,0.9680638722554891,circular_shift_exact_mask_geometry
2,L2,Stage-2 macro recall,fold01,118,-5.961663417803777,-5.632716049382708,0.9680638722554891,circular_shift_exact_mask_geometry
2,L2,Stage-2 macro recall,fold01,119,-6.578947368421055,-5.632716049382708,0.9680638722554891,circular_shift_exact_mask_geometry
2,L2,Stage-2 macro recall,fold01,120,-7.196231319038333,-5.632716049382708,0.9680638722554891,circular_shift_exact_mask_geometry
2,L2,Stage-2 macro recall,fold01,121,-6.578947368421055,-5.632716049382708,0.9680638722554891,circular_shift_exact_mask_geometry
2,L2,Stage-2 macro recall,fold01,122,-6.948505523066913,-5.632716049382708,0.9680638722554891,circular_shift_exact_mask_geometry
2,L2,Stage-2 macro recall,fold01,123,-8.47141000649772,-5.632716049382708,0.9680638722554891,circular_shift_exact_mask_geometry
2,L2,Stage-2 macro recall,fold01,124,-6.578947368421055,-5.632716049382708,0.9680638722554891,circular_shift_exact_mask_geometry
2,L2,Stage-2 macro recall,fold01,125,-7.23684210526315,-5.632716049382708,0.9680638722554891,circular_shift_exact_mask_geometry
2,L2,Stage-2 macro recall,fold01,126,-8.223684210526315,-5.632716049382708,0.9680638722554891,circular_shift_exact_mask_geometry
2,L2,Stage-2 macro recall,fold01,127,-6.9078947368420955,-5.632716049382708,0.9680638722554891,circular_shift_exact_mask_geometry
2,L2,Stage-2 macro recall,fold01,128,-7.565789473684191,-5.632716049382708,0.9680638722554891,circular_shift_exact_mask_geometry
2,L2,Stage-2 macro recall,fold01,129,-6.578947368421055,-5.632716049382708,0.9680638722554891,circular_shift_exact_mask_geometry
2,L2,Stage-2 macro recall,fold01,130,-6.25,-5.632716049382708,0.9680638722554891,circular_shift_exact_mask_geometry
2,L2,Stage-2 macro recall,fold01,131,-6.578947368421055,-5.632716049382708,0.9680638722554891,circular_shift_exact_mask_geometry
2,L2,Stage-2 macro recall,fold01,132,-7.196231319038333,-5.632716049382708,0.9680638722554891,circular_shift_exact_mask_geometry
2,L2,Stage-2 macro recall,fold01,133,-7.525178687459373,-5.632716049382708,0.9680638722554891,circular_shift_exact_mask_geometry
2,L2,Stage-2 macro recall,fold01,134,-7.565789473684191,-5.632716049382708,0.9680638722554891,circular_shift_exact_mask_geometry
2,L2,Stage-2 macro recall,fold01,135,-6.619558154645873,-5.632716049382708,0.9680638722554891,circular_shift_exact_mask_geometry
2,L2,Stage-2 macro recall,fold01,136,-7.89473684210526,-5.632716049382708,0.9680638722554891,circular_shift_exact_mask_geometry
2,L2,Stage-2 macro recall,fold01,137,-6.619558154645873,-5.632716049382708,0.9680638722554891,circular_shift_exact_mask_geometry
2,L2,Stage-2 macro recall,fold01,138,-5.880441845354113,-5.632716049382708,0.9680638722554891,circular_shift_exact_mask_geometry
2,L2,Stage-2 macro recall,fold01,139,-7.854126055880442,-5.632716049382708,0.9680638722554891,circular_shift_exact_mask_geometry
2,L2,Stage-2 macro recall,fold01,140,-7.89473684210526,-5.632716049382708,0.9680638722554891,circular_shift_exact_mask_geometry
2,L2,Stage-2 macro recall,fold01,141,-7.854126055880442,-5.632716049382708,0.9680638722554891,circular_shift_exact_mask_geometry
2,L2,Stage-2 macro recall,fold01,142,-5.921052631578931,-5.632716049382708,0.9680638722554891,circular_shift_exact_mask_geometry
2,L2,Stage-2 macro recall,fold01,143,-6.867283950617278,-5.632716049382708,0.9680638722554891,circular_shift_exact_mask_geometry
2,L2,Stage-2 macro recall,fold01,144,-5.961663417803777,-5.632716049382708,0.9680638722554891,circular_shift_exact_mask_geometry
2,L2,Stage-2 macro recall,fold01,145,-8.552631578947356,-5.632716049382708,0.9680638722554891,circular_shift_exact_mask_geometry
2,L2,Stage-2 macro recall,fold01,146,-6.948505523066913,-5.632716049382708,0.9680638722554891,circular_shift_exact_mask_geometry
2,L2,Stage-2 macro recall,fold01,147,-5.632716049382708,-5.632716049382708,0.9680638722554891,circular_shift_exact_mask_geometry
2,L2,Stage-2 macro recall,fold01,148,-6.948505523066913,-5.632716049382708,0.9680638722554891,circular_shift_exact_mask_geometry
2,L2,Stage-2 macro recall,fold01,149,-7.196231319038333,-5.632716049382708,0.9680638722554891,circular_shift_exact_mask_geometry
2,L2,Stage-2 macro recall,fold01,150,-5.961663417803777,-5.632716049382708,0.9680638722554891,circular_shift_exact_mask_geometry
2,L2,Stage-2 macro recall,fold01,151,-7.89473684210526,-5.632716049382708,0.9680638722554891,circular_shift_exact_mask_geometry
2,L2,Stage-2 macro recall,fold01,152,-7.565789473684191,-5.632716049382708,0.9680638722554891,circular_shift_exact_mask_geometry
2,L2,Stage-2 macro recall,fold01,153,-8.840968161143593,-5.632716049382708,0.9680638722554891,circular_shift_exact_mask_geometry
2,L2,Stage-2 macro recall,fold01,154,-6.578947368421055,-5.632716049382708,0.9680638722554891,circular_shift_exact_mask_geometry
2,L2,Stage-2 macro recall,fold01,155,-7.565789473684191,-5.632716049382708,0.9680638722554891,circular_shift_exact_mask_geometry
2,L2,Stage-2 macro recall,fold01,156,-8.183073424301483,-5.632716049382708,0.9680638722554891,circular_shift_exact_mask_geometry
2,L2,Stage-2 macro recall,fold01,157,-6.9078947368420955,-5.632716049382708,0.9680638722554891,circular_shift_exact_mask_geometry
2,L2,Stage-2 macro recall,fold01,158,-7.23684210526315,-5.632716049382708,0.9680638722554891,circular_shift_exact_mask_geometry
2,L2,Stage-2 macro recall,fold01,159,-7.854126055880442,-5.632716049382708,0.9680638722554891,circular_shift_exact_mask_geometry
2,L2,Stage-2 macro recall,fold01,160,-7.23684210526315,-5.632716049382708,0.9680638722554891,circular_shift_exact_mask_geometry
2,L2,Stage-2 macro recall,fold01,161,-7.23684210526315,-5.632716049382708,0.9680638722554891,circular_shift_exact_mask_geometry
2,L2,Stage-2 macro recall,fold01,162,-6.619558154645873,-5.632716049382708,0.9680638722554891,circular_shift_exact_mask_geometry
2,L2,Stage-2 macro recall,fold01,163,-7.854126055880442,-5.632716049382708,0.9680638722554891,circular_shift_exact_mask_geometry
2,L2,Stage-2 macro recall,fold01,164,-6.290610786224818,-5.632716049382708,0.9680638722554891,circular_shift_exact_mask_geometry
2,L2,Stage-2 macro recall,fold01,165,-7.23684210526315,-5.632716049382708,0.9680638722554891,circular_shift_exact_mask_geometry
2,L2,Stage-2 macro recall,fold01,166,-8.183073424301483,-5.632716049382708,0.9680638722554891,circular_shift_exact_mask_geometry
2,L2,Stage-2 macro recall,fold01,167,-6.9078947368420955,-5.632716049382708,0.9680638722554891,circular_shift_exact_mask_geometry
2,L2,Stage-2 macro recall,fold01,168,-7.525178687459373,-5.632716049382708,0.9680638722554891,circular_shift_exact_mask_geometry
2,L2,Stage-2 macro recall,fold01,169,-7.565789473684191,-5.632716049382708,0.9680638722554891,circular_shift_exact_mask_geometry
2,L2,Stage-2 macro recall,fold01,170,-6.538336582196223,-5.632716049382708,0.9680638722554891,circular_shift_exact_mask_geometry
2,L2,Stage-2 macro recall,fold01,171,-7.196231319038333,-5.632716049382708,0.9680638722554891,circular_shift_exact_mask_geometry
2,L2,Stage-2 macro recall,fold01,172,-7.196231319038333,-5.632716049382708,0.9680638722554891,circular_shift_exact_mask_geometry
2,L2,Stage-2 macro recall,fold01,173,-7.854126055880442,-5.632716049382708,0.9680638722554891,circular_shift_exact_mask_geometry
2,L2,Stage-2 macro recall,fold01,174,-6.9078947368420955,-5.632716049382708,0.9680638722554891,circular_shift_exact_mask_geometry
2,L2,Stage-2 macro recall,fold01,175,-5.961663417803777,-5.632716049382708,0.9680638722554891,circular_shift_exact_mask_geometry
2,L2,Stage-2 macro recall,fold01,176,-8.47141000649772,-5.632716049382708,0.9680638722554891,circular_shift_exact_mask_geometry
2,L2,Stage-2 macro recall,fold01,177,-7.565789473684191,-5.632716049382708,0.9680638722554891,circular_shift_exact_mask_geometry
2,L2,Stage-2 macro recall,fold01,178,-7.23684210526315,-5.632716049382708,0.9680638722554891,circular_shift_exact_mask_geometry
2,L2,Stage-2 macro recall,fold01,179,-6.578947368421055,-5.632716049382708,0.9680638722554891,circular_shift_exact_mask_geometry
2,L2,Stage-2 macro recall,fold01,180,-5.263157894736835,-5.632716049382708,0.9680638722554891,circular_shift_exact_mask_geometry
2,L2,Stage-2 macro recall,fold01,181,-8.223684210526315,-5.632716049382708,0.9680638722554891,circular_shift_exact_mask_geometry
2,L2,Stage-2 macro recall,fold01,182,-6.25,-5.632716049382708,0.9680638722554891,circular_shift_exact_mask_geometry
2,L2,Stage-2 macro recall,fold01,183,-9.417641325536067,-5.632716049382708,0.9680638722554891,circular_shift_exact_mask_geometry
2,L2,Stage-2 macro recall,fold01,184,-7.606400259909037,-5.632716049382708,0.9680638722554891,circular_shift_exact_mask_geometry
2,L2,Stage-2 macro recall,fold01,185,-8.183073424301483,-5.632716049382708,0.9680638722554891,circular_shift_exact_mask_geometry
2,L2,Stage-2 macro recall,fold01,186,-6.9078947368420955,-5.632716049382708,0.9680638722554891,circular_shift_exact_mask_geometry
2,L2,Stage-2 macro recall,fold01,187,-5.632716049382708,-5.632716049382708,0.9680638722554891,circular_shift_exact_mask_geometry
2,L2,Stage-2 macro recall,fold01,188,-6.290610786224818,-5.632716049382708,0.9680638722554891,circular_shift_exact_mask_geometry
2,L2,Stage-2 macro recall,fold01,189,-8.183073424301483,-5.632716049382708,0.9680638722554891,circular_shift_exact_mask_geometry
2,L2,Stage-2 macro recall,fold01,190,-7.935347628330078,-5.632716049382708,0.9680638722554891,circular_shift_exact_mask_geometry
2,L2,Stage-2 macro recall,fold01,191,-7.525178687459373,-5.632716049382708,0.9680638722554891,circular_shift_exact_mask_geometry
2,L2,Stage-2 macro recall,fold01,192,-6.619558154645873,-5.632716049382708,0.9680638722554891,circular_shift_exact_mask_geometry
2,L2,Stage-2 macro recall,fold01,193,-6.9078947368420955,-5.632716049382708,0.9680638722554891,circular_shift_exact_mask_geometry
2,L2,Stage-2 macro recall,fold01,194,-7.854126055880442,-5.632716049382708,0.9680638722554891,circular_shift_exact_mask_geometry
2,L2,Stage-2 macro recall,fold01,195,-8.183073424301483,-5.632716049382708,0.9680638722554891,circular_shift_exact_mask_geometry
2,L2,Stage-2 macro recall,fold01,196,-5.59210526315789,-5.632716049382708,0.9680638722554891,circular_shift_exact_mask_geometry
2,L2,Stage-2 macro recall,fold01,197,-5.921052631578931,-5.632716049382708,0.9680638722554891,circular_shift_exact_mask_geometry
2,L2,Stage-2 macro recall,fold01,198,-8.47141000649772,-5.632716049382708,0.9680638722554891,circular_shift_exact_mask_geometry
2,L2,Stage-2 macro recall,fold01,199,-7.23684210526315,-5.632716049382708,0.9680638722554891,circular_shift_exact_mask_geometry
2,L2,Stage-2 macro recall,fold01,200,-7.23684210526315,-5.632716049382708,0.9680638722554891,circular_shift_exact_mask_geometry
2,L2,Stage-2 macro recall,fold01,201,-7.196231319038333,-5.632716049382708,0.9680638722554891,circular_shift_exact_mask_geometry
2,L2,Stage-2 macro recall,fold01,202,-6.9078947368420955,-5.632716049382708,0.9680638722554891,circular_shift_exact_mask_geometry
2,L2,Stage-2 macro recall,fold01,203,-6.578947368421055,-5.632716049382708,0.9680638722554891,circular_shift_exact_mask_geometry
2,L2,Stage-2 macro recall,fold01,204,-6.290610786224818,-5.632716049382708,0.9680638722554891,circular_shift_exact_mask_geometry
2,L2,Stage-2 macro recall,fold01,205,-7.23684210526315,-5.632716049382708,0.9680638722554891,circular_shift_exact_mask_geometry
2,L2,Stage-2 macro recall,fold01,206,-6.948505523066913,-5.632716049382708,0.9680638722554891,circular_shift_exact_mask_geometry
2,L2,Stage-2 macro recall,fold01,207,-6.9078947368420955,-5.632716049382708,0.9680638722554891,circular_shift_exact_mask_geometry
2,L2,Stage-2 macro recall,fold01,208,-6.619558154645873,-5.632716049382708,0.9680638722554891,circular_shift_exact_mask_geometry
2,L2,Stage-2 macro recall,fold01,209,-7.23684210526315,-5.632716049382708,0.9680638722554891,circular_shift_exact_mask_geometry
2,L2,Stage-2 macro recall,fold01,210,-8.800357374918761,-5.632716049382708,0.9680638722554891,circular_shift_exact_mask_geometry
2,L2,Stage-2 macro recall,fold01,211,-7.935347628330078,-5.632716049382708,0.9680638722554891,circular_shift_exact_mask_geometry
2,L2,Stage-2 macro recall,fold01,212,-7.23684210526315,-5.632716049382708,0.9680638722554891,circular_shift_exact_mask_geometry
2,L2,Stage-2 macro recall,fold01,213,-7.277452891487968,-5.632716049382708,0.9680638722554891,circular_shift_exact_mask_geometry
2,L2,Stage-2 macro recall,fold01,214,-6.948505523066913,-5.632716049382708,0.9680638722554891,circular_shift_exact_mask_geometry
2,L2,Stage-2 macro recall,fold01,215,-7.525178687459373,-5.632716049382708,0.9680638722554891,circular_shift_exact_mask_geometry
2,L2,Stage-2 macro recall,fold01,216,-6.578947368421055,-5.632716049382708,0.9680638722554891,circular_shift_exact_mask_geometry
2,L2,Stage-2 macro recall,fold01,217,-7.525178687459373,-5.632716049382708,0.9680638722554891,circular_shift_exact_mask_geometry
2,L2,Stage-2 macro recall,fold01,218,-6.578947368421055,-5.632716049382708,0.9680638722554891,circular_shift_exact_mask_geometry
2,L2,Stage-2 macro recall,fold01,219,-7.23684210526315,-5.632716049382708,0.9680638722554891,circular_shift_exact_mask_geometry
2,L2,Stage-2 macro recall,fold01,220,-9.498862897985703,-5.632716049382708,0.9680638722554891,circular_shift_exact_mask_geometry
2,L2,Stage-2 macro recall,fold01,221,-8.223684210526315,-5.632716049382708,0.9680638722554891,circular_shift_exact_mask_geometry
2,L2,Stage-2 macro recall,fold01,222,-7.23684210526315,-5.632716049382708,0.9680638722554891,circular_shift_exact_mask_geometry
2,L2,Stage-2 macro recall,fold01,223,-7.525178687459373,-5.632716049382708,0.9680638722554891,circular_shift_exact_mask_geometry
2,L2,Stage-2 macro recall,fold01,224,-7.23684210526315,-5.632716049382708,0.9680638722554891,circular_shift_exact_mask_geometry
2,L2,Stage-2 macro recall,fold01,225,-6.9078947368420955,-5.632716049382708,0.9680638722554891,circular_shift_exact_mask_geometry
2,L2,Stage-2 macro recall,fold01,226,-6.578947368421055,-5.632716049382708,0.9680638722554891,circular_shift_exact_mask_geometry
2,L2,Stage-2 macro recall,fold01,227,-6.578947368421055,-5.632716049382708,0.9680638722554891,circular_shift_exact_mask_geometry
2,L2,Stage-2 macro recall,fold01,228,-7.89473684210526,-5.632716049382708,0.9680638722554891,circular_shift_exact_mask_geometry
2,L2,Stage-2 macro recall,fold01,229,-7.23684210526315,-5.632716049382708,0.9680638722554891,circular_shift_exact_mask_geometry
2,L2,Stage-2 macro recall,fold01,230,-7.854126055880442,-5.632716049382708,0.9680638722554891,circular_shift_exact_mask_geometry
2,L2,Stage-2 macro recall,fold01,231,-6.9078947368420955,-5.632716049382708,0.9680638722554891,circular_shift_exact_mask_geometry
2,L2,Stage-2 macro recall,fold01,232,-6.9078947368420955,-5.632716049382708,0.9680638722554891,circular_shift_exact_mask_geometry
2,L2,Stage-2 macro recall,fold01,233,-8.183073424301483,-5.632716049382708,0.9680638722554891,circular_shift_exact_mask_geometry
2,L2,Stage-2 macro recall,fold01,234,-8.512020792722538,-5.632716049382708,0.9680638722554891,circular_shift_exact_mask_geometry
2,L2,Stage-2 macro recall,fold01,235,-5.961663417803777,-5.632716049382708,0.9680638722554891,circular_shift_exact_mask_geometry
2,L2,Stage-2 macro recall,fold01,236,-7.23684210526315,-5.632716049382708,0.9680638722554891,circular_shift_exact_mask_geometry
2,L2,Stage-2 macro recall,fold01,237,-6.25,-5.632716049382708,0.9680638722554891,circular_shift_exact_mask_geometry
2,L2,Stage-2 macro recall,fold01,238,-5.961663417803777,-5.632716049382708,0.9680638722554891,circular_shift_exact_mask_geometry
2,L2,Stage-2 macro recall,fold01,239,-7.89473684210526,-5.632716049382708,0.9680638722554891,circular_shift_exact_mask_geometry
2,L2,Stage-2 macro recall,fold01,240,-7.854126055880442,-5.632716049382708,0.9680638722554891,circular_shift_exact_mask_geometry
2,L2,Stage-2 macro recall,fold01,241,-8.183073424301483,-5.632716049382708,0.9680638722554891,circular_shift_exact_mask_geometry
2,L2,Stage-2 macro recall,fold01,242,-7.854126055880442,-5.632716049382708,0.9680638722554891,circular_shift_exact_mask_geometry
2,L2,Stage-2 macro recall,fold01,243,-8.512020792722538,-5.632716049382708,0.9680638722554891,circular_shift_exact_mask_geometry
2,L2,Stage-2 macro recall,fold01,244,-7.23684210526315,-5.632716049382708,0.9680638722554891,circular_shift_exact_mask_geometry
2,L2,Stage-2 macro recall,fold01,245,-8.183073424301483,-5.632716049382708,0.9680638722554891,circular_shift_exact_mask_geometry
2,L2,Stage-2 macro recall,fold01,246,-6.9078947368420955,-5.632716049382708,0.9680638722554891,circular_shift_exact_mask_geometry
2,L2,Stage-2 macro recall,fold01,247,-7.23684210526315,-5.632716049382708,0.9680638722554891,circular_shift_exact_mask_geometry
2,L2,Stage-2 macro recall,fold01,248,-8.552631578947356,-5.632716049382708,0.9680638722554891,circular_shift_exact_mask_geometry
2,L2,Stage-2 macro recall,fold01,249,-7.23684210526315,-5.632716049382708,0.9680638722554891,circular_shift_exact_mask_geometry
2,L2,Stage-2 macro recall,fold01,250,-6.9078947368420955,-5.632716049382708,0.9680638722554891,circular_shift_exact_mask_geometry
2,L2,Stage-2 macro recall,fold01,251,-7.89473684210526,-5.632716049382708,0.9680638722554891,circular_shift_exact_mask_geometry
2,L2,Stage-2 macro recall,fold01,252,-8.183073424301483,-5.632716049382708,0.9680638722554891,circular_shift_exact_mask_geometry
2,L2,Stage-2 macro recall,fold01,253,-6.578947368421055,-5.632716049382708,0.9680638722554891,circular_shift_exact_mask_geometry
2,L2,Stage-2 macro recall,fold01,254,-7.854126055880442,-5.632716049382708,0.9680638722554891,circular_shift_exact_mask_geometry
2,L2,Stage-2 macro recall,fold01,255,-5.303768680961653,-5.632716049382708,0.9680638722554891,circular_shift_exact_mask_geometry
2,L2,Stage-2 macro recall,fold01,256,-6.25,-5.632716049382708,0.9680638722554891,circular_shift_exact_mask_geometry
2,L2,Stage-2 macro recall,fold01,257,-7.854126055880442,-5.632716049382708,0.9680638722554891,circular_shift_exact_mask_geometry
2,L2,Stage-2 macro recall,fold01,258,-6.25,-5.632716049382708,0.9680638722554891,circular_shift_exact_mask_geometry
2,L2,Stage-2 macro recall,fold01,259,-7.813515269655625,-5.632716049382708,0.9680638722554891,circular_shift_exact_mask_geometry
2,L2,Stage-2 macro recall,fold01,260,-6.948505523066913,-5.632716049382708,0.9680638722554891,circular_shift_exact_mask_geometry
2,L2,Stage-2 macro recall,fold01,261,-6.25,-5.632716049382708,0.9680638722554891,circular_shift_exact_mask_geometry
2,L2,Stage-2 macro recall,fold01,262,-6.25,-5.632716049382708,0.9680638722554891,circular_shift_exact_mask_geometry
2,L2,Stage-2 macro recall,fold01,263,-6.578947368421055,-5.632716049382708,0.9680638722554891,circular_shift_exact_mask_geometry
2,L2,Stage-2 macro recall,fold01,264,-5.632716049382708,-5.632716049382708,0.9680638722554891,circular_shift_exact_mask_geometry
2,L2,Stage-2 macro recall,fold01,265,-5.59210526315789,-5.632716049382708,0.9680638722554891,circular_shift_exact_mask_geometry
2,L2,Stage-2 macro recall,fold01,266,-6.578947368421055,-5.632716049382708,0.9680638722554891,circular_shift_exact_mask_geometry
2,L2,Stage-2 macro recall,fold01,267,-6.25,-5.632716049382708,0.9680638722554891,circular_shift_exact_mask_geometry
2,L2,Stage-2 macro recall,fold01,268,-8.552631578947356,-5.632716049382708,0.9680638722554891,circular_shift_exact_mask_geometry
2,L2,Stage-2 macro recall,fold01,269,-6.578947368421055,-5.632716049382708,0.9680638722554891,circular_shift_exact_mask_geometry
2,L2,Stage-2 macro recall,fold01,270,-7.565789473684191,-5.632716049382708,0.9680638722554891,circular_shift_exact_mask_geometry
2,L2,Stage-2 macro recall,fold01,271,-8.430799220272903,-5.632716049382708,0.9680638722554891,circular_shift_exact_mask_geometry
2,L2,Stage-2 macro recall,fold01,272,-8.223684210526315,-5.632716049382708,0.9680638722554891,circular_shift_exact_mask_geometry
2,L2,Stage-2 macro recall,fold01,273,-8.142462638076665,-5.632716049382708,0.9680638722554891,circular_shift_exact_mask_geometry
2,L2,Stage-2 macro recall,fold01,274,-9.458252111760885,-5.632716049382708,0.9680638722554891,circular_shift_exact_mask_geometry
2,L2,Stage-2 macro recall,fold01,275,-7.277452891487968,-5.632716049382708,0.9680638722554891,circular_shift_exact_mask_geometry
2,L2,Stage-2 macro recall,fold01,276,-8.552631578947356,-5.632716049382708,0.9680638722554891,circular_shift_exact_mask_geometry
2,L2,Stage-2 macro recall,fold01,277,-8.800357374918761,-5.632716049382708,0.9680638722554891,circular_shift_exact_mask_geometry
2,L2,Stage-2 macro recall,fold01,278,-7.525178687459373,-5.632716049382708,0.9680638722554891,circular_shift_exact_mask_geometry
2,L2,Stage-2 macro recall,fold01,279,-5.632716049382708,-5.632716049382708,0.9680638722554891,circular_shift_exact_mask_geometry
2,L2,Stage-2 macro recall,fold01,280,-8.223684210526315,-5.632716049382708,0.9680638722554891,circular_shift_exact_mask_geometry
2,L2,Stage-2 macro recall,fold01,281,-8.47141000649772,-5.632716049382708,0.9680638722554891,circular_shift_exact_mask_geometry
2,L2,Stage-2 macro recall,fold01,282,-7.484567901234556,-5.632716049382708,0.9680638722554891,circular_shift_exact_mask_geometry
2,L2,Stage-2 macro recall,fold01,283,-6.619558154645873,-5.632716049382708,0.9680638722554891,circular_shift_exact_mask_geometry
2,L2,Stage-2 macro recall,fold01,284,-7.565789473684191,-5.632716049382708,0.9680638722554891,circular_shift_exact_mask_geometry
2,L2,Stage-2 macro recall,fold01,285,-6.290610786224818,-5.632716049382708,0.9680638722554891,circular_shift_exact_mask_geometry
2,L2,Stage-2 macro recall,fold01,286,-7.196231319038333,-5.632716049382708,0.9680638722554891,circular_shift_exact_mask_geometry
2,L2,Stage-2 macro recall,fold01,287,-6.578947368421055,-5.632716049382708,0.9680638722554891,circular_shift_exact_mask_geometry
2,L2,Stage-2 macro recall,fold01,288,-7.525178687459373,-5.632716049382708,0.9680638722554891,circular_shift_exact_mask_geometry
2,L2,Stage-2 macro recall,fold01,289,-8.840968161143593,-5.632716049382708,0.9680638722554891,circular_shift_exact_mask_geometry
2,L2,Stage-2 macro recall,fold01,290,-7.196231319038333,-5.632716049382708,0.9680638722554891,circular_shift_exact_mask_geometry
2,L2,Stage-2 macro recall,fold01,291,-6.948505523066913,-5.632716049382708,0.9680638722554891,circular_shift_exact_mask_geometry
2,L2,Stage-2 macro recall,fold01,292,-6.578947368421055,-5.632716049382708,0.9680638722554891,circular_shift_exact_mask_geometry
2,L2,Stage-2 macro recall,fold01,293,-7.196231319038333,-5.632716049382708,0.9680638722554891,circular_shift_exact_mask_geometry
2,L2,Stage-2 macro recall,fold01,294,-7.23684210526315,-5.632716049382708,0.9680638722554891,circular_shift_exact_mask_geometry
2,L2,Stage-2 macro recall,fold01,295,-6.25,-5.632716049382708,0.9680638722554891,circular_shift_exact_mask_geometry
2,L2,Stage-2 macro recall,fold01,296,-6.9078947368420955,-5.632716049382708,0.9680638722554891,circular_shift_exact_mask_geometry
2,L2,Stage-2 macro recall,fold01,297,-6.867283950617278,-5.632716049382708,0.9680638722554891,circular_shift_exact_mask_geometry
2,L2,Stage-2 macro recall,fold01,298,-6.25,-5.632716049382708,0.9680638722554891,circular_shift_exact_mask_geometry
2,L2,Stage-2 macro recall,fold01,299,-7.525178687459373,-5.632716049382708,0.9680638722554891,circular_shift_exact_mask_geometry
2,L2,Stage-2 macro recall,fold01,300,-7.565789473684191,-5.632716049382708,0.9680638722554891,circular_shift_exact_mask_geometry
2,L2,Stage-2 macro recall,fold01,301,-8.183073424301483,-5.632716049382708,0.9680638722554891,circular_shift_exact_mask_geometry
2,L2,Stage-2 macro recall,fold01,302,-8.223684210526315,-5.632716049382708,0.9680638722554891,circular_shift_exact_mask_geometry
2,L2,Stage-2 macro recall,fold01,303,-6.9078947368420955,-5.632716049382708,0.9680638722554891,circular_shift_exact_mask_geometry
2,L2,Stage-2 macro recall,fold01,304,-7.565789473684191,-5.632716049382708,0.9680638722554891,circular_shift_exact_mask_geometry
2,L2,Stage-2 macro recall,fold01,305,-5.632716049382708,-5.632716049382708,0.9680638722554891,circular_shift_exact_mask_geometry
2,L2,Stage-2 macro recall,fold01,306,-7.525178687459373,-5.632716049382708,0.9680638722554891,circular_shift_exact_mask_geometry
2,L2,Stage-2 macro recall,fold01,307,-8.183073424301483,-5.632716049382708,0.9680638722554891,circular_shift_exact_mask_geometry
2,L2,Stage-2 macro recall,fold01,308,-6.578947368421055,-5.632716049382708,0.9680638722554891,circular_shift_exact_mask_geometry
2,L2,Stage-2 macro recall,fold01,309,-6.25,-5.632716049382708,0.9680638722554891,circular_shift_exact_mask_geometry
2,L2,Stage-2 macro recall,fold01,310,-6.867283950617278,-5.632716049382708,0.9680638722554891,circular_shift_exact_mask_geometry
2,L2,Stage-2 macro recall,fold01,311,-6.25,-5.632716049382708,0.9680638722554891,circular_shift_exact_mask_geometry
2,L2,Stage-2 macro recall,fold01,312,-6.9078947368420955,-5.632716049382708,0.9680638722554891,circular_shift_exact_mask_geometry
2,L2,Stage-2 macro recall,fold01,313,-5.961663417803777,-5.632716049382708,0.9680638722554891,circular_shift_exact_mask_geometry
2,L2,Stage-2 macro recall,fold01,314,-5.303768680961653,-5.632716049382708,0.9680638722554891,circular_shift_exact_mask_geometry
2,L2,Stage-2 macro recall,fold01,315,-8.800357374918761,-5.632716049382708,0.9680638722554891,circular_shift_exact_mask_geometry
2,L2,Stage-2 macro recall,fold01,316,-6.578947368421055,-5.632716049382708,0.9680638722554891,circular_shift_exact_mask_geometry
2,L2,Stage-2 macro recall,fold01,317,-7.565789473684191,-5.632716049382708,0.9680638722554891,circular_shift_exact_mask_geometry
2,L2,Stage-2 macro recall,fold01,318,-6.9078947368420955,-5.632716049382708,0.9680638722554891,circular_shift_exact_mask_geometry
2,L2,Stage-2 macro recall,fold01,319,-8.183073424301483,-5.632716049382708,0.9680638722554891,circular_shift_exact_mask_geometry
2,L2,Stage-2 macro recall,fold01,320,-6.578947368421055,-5.632716049382708,0.9680638722554891,circular_shift_exact_mask_geometry
2,L2,Stage-2 macro recall,fold01,321,-8.223684210526315,-5.632716049382708,0.9680638722554891,circular_shift_exact_mask_geometry
2,L2,Stage-2 macro recall,fold01,322,-7.277452891487968,-5.632716049382708,0.9680638722554891,circular_shift_exact_mask_geometry
2,L2,Stage-2 macro recall,fold01,323,-8.183073424301483,-5.632716049382708,0.9680638722554891,circular_shift_exact_mask_geometry
2,L2,Stage-2 macro recall,fold01,324,-7.525178687459373,-5.632716049382708,0.9680638722554891,circular_shift_exact_mask_geometry
2,L2,Stage-2 macro recall,fold01,325,-6.867283950617278,-5.632716049382708,0.9680638722554891,circular_shift_exact_mask_geometry
2,L2,Stage-2 macro recall,fold01,326,-8.840968161143593,-5.632716049382708,0.9680638722554891,circular_shift_exact_mask_geometry
2,L2,Stage-2 macro recall,fold01,327,-7.565789473684191,-5.632716049382708,0.9680638722554891,circular_shift_exact_mask_geometry
2,L2,Stage-2 macro recall,fold01,328,-5.59210526315789,-5.632716049382708,0.9680638722554891,circular_shift_exact_mask_geometry
2,L2,Stage-2 macro recall,fold01,329,-5.303768680961653,-5.632716049382708,0.9680638722554891,circular_shift_exact_mask_geometry
2,L2,Stage-2 macro recall,fold01,330,-8.183073424301483,-5.632716049382708,0.9680638722554891,circular_shift_exact_mask_geometry
2,L2,Stage-2 macro recall,fold01,331,-7.196231319038333,-5.632716049382708,0.9680638722554891,circular_shift_exact_mask_geometry
2,L2,Stage-2 macro recall,fold01,332,-7.23684210526315,-5.632716049382708,0.9680638722554891,circular_shift_exact_mask_geometry
2,L2,Stage-2 macro recall,fold01,333,-7.525178687459373,-5.632716049382708,0.9680638722554891,circular_shift_exact_mask_geometry
2,L2,Stage-2 macro recall,fold01,334,-6.948505523066913,-5.632716049382708,0.9680638722554891,circular_shift_exact_mask_geometry
2,L2,Stage-2 macro recall,fold01,335,-8.840968161143593,-5.632716049382708,0.9680638722554891,circular_shift_exact_mask_geometry
2,L2,Stage-2 macro recall,fold01,336,-6.578947368421055,-5.632716049382708,0.9680638722554891,circular_shift_exact_mask_geometry
2,L2,Stage-2 macro recall,fold01,337,-8.223684210526315,-5.632716049382708,0.9680638722554891,circular_shift_exact_mask_geometry
2,L2,Stage-2 macro recall,fold01,338,-6.290610786224818,-5.632716049382708,0.9680638722554891,circular_shift_exact_mask_geometry
2,L2,Stage-2 macro recall,fold01,339,-8.512020792722538,-5.632716049382708,0.9680638722554891,circular_shift_exact_mask_geometry
2,L2,Stage-2 macro recall,fold01,340,-7.565789473684191,-5.632716049382708,0.9680638722554891,circular_shift_exact_mask_geometry
2,L2,Stage-2 macro recall,fold01,341,-6.9078947368420955,-5.632716049382708,0.9680638722554891,circular_shift_exact_mask_geometry
2,L2,Stage-2 macro recall,fold01,342,-6.209389213775182,-5.632716049382708,0.9680638722554891,circular_shift_exact_mask_geometry
2,L2,Stage-2 macro recall,fold01,343,-7.277452891487968,-5.632716049382708,0.9680638722554891,circular_shift_exact_mask_geometry
2,L2,Stage-2 macro recall,fold01,344,-6.25,-5.632716049382708,0.9680638722554891,circular_shift_exact_mask_geometry
2,L2,Stage-2 macro recall,fold01,345,-7.23684210526315,-5.632716049382708,0.9680638722554891,circular_shift_exact_mask_geometry
2,L2,Stage-2 macro recall,fold01,346,-6.25,-5.632716049382708,0.9680638722554891,circular_shift_exact_mask_geometry
2,L2,Stage-2 macro recall,fold01,347,-7.606400259909037,-5.632716049382708,0.9680638722554891,circular_shift_exact_mask_geometry
2,L2,Stage-2 macro recall,fold01,348,-7.565789473684191,-5.632716049382708,0.9680638722554891,circular_shift_exact_mask_geometry
2,L2,Stage-2 macro recall,fold01,349,-8.840968161143593,-5.632716049382708,0.9680638722554891,circular_shift_exact_mask_geometry
2,L2,Stage-2 macro recall,fold01,350,-6.9078947368420955,-5.632716049382708,0.9680638722554891,circular_shift_exact_mask_geometry
2,L2,Stage-2 macro recall,fold01,351,-9.498862897985703,-5.632716049382708,0.9680638722554891,circular_shift_exact_mask_geometry
2,L2,Stage-2 macro recall,fold01,352,-7.23684210526315,-5.632716049382708,0.9680638722554891,circular_shift_exact_mask_geometry
2,L2,Stage-2 macro recall,fold01,353,-7.89473684210526,-5.632716049382708,0.9680638722554891,circular_shift_exact_mask_geometry
2,L2,Stage-2 macro recall,fold01,354,-6.538336582196223,-5.632716049382708,0.9680638722554891,circular_shift_exact_mask_geometry
2,L2,Stage-2 macro recall,fold01,355,-6.9078947368420955,-5.632716049382708,0.9680638722554891,circular_shift_exact_mask_geometry
2,L2,Stage-2 macro recall,fold01,356,-7.565789473684191,-5.632716049382708,0.9680638722554891,circular_shift_exact_mask_geometry
2,L2,Stage-2 macro recall,fold01,357,-6.619558154645873,-5.632716049382708,0.9680638722554891,circular_shift_exact_mask_geometry
2,L2,Stage-2 macro recall,fold01,358,-8.47141000649772,-5.632716049382708,0.9680638722554891,circular_shift_exact_mask_geometry
2,L2,Stage-2 macro recall,fold01,359,-7.854126055880442,-5.632716049382708,0.9680638722554891,circular_shift_exact_mask_geometry
2,L2,Stage-2 macro recall,fold01,360,-7.23684210526315,-5.632716049382708,0.9680638722554891,circular_shift_exact_mask_geometry
2,L2,Stage-2 macro recall,fold01,361,-6.290610786224818,-5.632716049382708,0.9680638722554891,circular_shift_exact_mask_geometry
2,L2,Stage-2 macro recall,fold01,362,-6.578947368421055,-5.632716049382708,0.9680638722554891,circular_shift_exact_mask_geometry
2,L2,Stage-2 macro recall,fold01,363,-7.196231319038333,-5.632716049382708,0.9680638722554891,circular_shift_exact_mask_geometry
2,L2,Stage-2 macro recall,fold01,364,-5.263157894736835,-5.632716049382708,0.9680638722554891,circular_shift_exact_mask_geometry
2,L2,Stage-2 macro recall,fold01,365,-6.867283950617278,-5.632716049382708,0.9680638722554891,circular_shift_exact_mask_geometry
2,L2,Stage-2 macro recall,fold01,366,-6.578947368421055,-5.632716049382708,0.9680638722554891,circular_shift_exact_mask_geometry
2,L2,Stage-2 macro recall,fold01,367,-8.183073424301483,-5.632716049382708,0.9680638722554891,circular_shift_exact_mask_geometry
2,L2,Stage-2 macro recall,fold01,368,-6.867283950617278,-5.632716049382708,0.9680638722554891,circular_shift_exact_mask_geometry
2,L2,Stage-2 macro recall,fold01,369,-6.9078947368420955,-5.632716049382708,0.9680638722554891,circular_shift_exact_mask_geometry
2,L2,Stage-2 macro recall,fold01,370,-6.948505523066913,-5.632716049382708,0.9680638722554891,circular_shift_exact_mask_geometry
2,L2,Stage-2 macro recall,fold01,371,-7.89473684210526,-5.632716049382708,0.9680638722554891,circular_shift_exact_mask_geometry
2,L2,Stage-2 macro recall,fold01,372,-6.619558154645873,-5.632716049382708,0.9680638722554891,circular_shift_exact_mask_geometry
2,L2,Stage-2 macro recall,fold01,373,-6.578947368421055,-5.632716049382708,0.9680638722554891,circular_shift_exact_mask_geometry
2,L2,Stage-2 macro recall,fold01,374,-6.578947368421055,-5.632716049382708,0.9680638722554891,circular_shift_exact_mask_geometry
2,L2,Stage-2 macro recall,fold01,375,-6.948505523066913,-5.632716049382708,0.9680638722554891,circular_shift_exact_mask_geometry
2,L2,Stage-2 macro recall,fold01,376,-7.277452891487968,-5.632716049382708,0.9680638722554891,circular_shift_exact_mask_geometry
2,L2,Stage-2 macro recall,fold01,377,-7.196231319038333,-5.632716049382708,0.9680638722554891,circular_shift_exact_mask_geometry
2,L2,Stage-2 macro recall,fold01,378,-7.565789473684191,-5.632716049382708,0.9680638722554891,circular_shift_exact_mask_geometry
2,L2,Stage-2 macro recall,fold01,379,-6.25,-5.632716049382708,0.9680638722554891,circular_shift_exact_mask_geometry
2,L2,Stage-2 macro recall,fold01,380,-6.25,-5.632716049382708,0.9680638722554891,circular_shift_exact_mask_geometry
2,L2,Stage-2 macro recall,fold01,381,-6.578947368421055,-5.632716049382708,0.9680638722554891,circular_shift_exact_mask_geometry
2,L2,Stage-2 macro recall,fold01,382,-7.196231319038333,-5.632716049382708,0.9680638722554891,circular_shift_exact_mask_geometry
2,L2,Stage-2 macro recall,fold01,383,-5.59210526315789,-5.632716049382708,0.9680638722554891,circular_shift_exact_mask_geometry
2,L2,Stage-2 macro recall,fold01,384,-6.9078947368420955,-5.632716049382708,0.9680638722554891,circular_shift_exact_mask_geometry
2,L2,Stage-2 macro recall,fold01,385,-5.961663417803777,-5.632716049382708,0.9680638722554891,circular_shift_exact_mask_geometry
2,L2,Stage-2 macro recall,fold01,386,-6.25,-5.632716049382708,0.9680638722554891,circular_shift_exact_mask_geometry
2,L2,Stage-2 macro recall,fold01,387,-9.169915529564634,-5.632716049382708,0.9680638722554891,circular_shift_exact_mask_geometry
2,L2,Stage-2 macro recall,fold01,388,-7.89473684210526,-5.632716049382708,0.9680638722554891,circular_shift_exact_mask_geometry
2,L2,Stage-2 macro recall,fold01,389,-6.578947368421055,-5.632716049382708,0.9680638722554891,circular_shift_exact_mask_geometry
2,L2,Stage-2 macro recall,fold01,390,-8.183073424301483,-5.632716049382708,0.9680638722554891,circular_shift_exact_mask_geometry
2,L2,Stage-2 macro recall,fold01,391,-7.565789473684191,-5.632716049382708,0.9680638722554891,circular_shift_exact_mask_geometry
2,L2,Stage-2 macro recall,fold01,392,-6.948505523066913,-5.632716049382708,0.9680638722554891,circular_shift_exact_mask_geometry
2,L2,Stage-2 macro recall,fold01,393,-5.921052631578931,-5.632716049382708,0.9680638722554891,circular_shift_exact_mask_geometry
2,L2,Stage-2 macro recall,fold01,394,-8.223684210526315,-5.632716049382708,0.9680638722554891,circular_shift_exact_mask_geometry
2,L2,Stage-2 macro recall,fold01,395,-6.9078947368420955,-5.632716049382708,0.9680638722554891,circular_shift_exact_mask_geometry
2,L2,Stage-2 macro recall,fold01,396,-7.606400259909037,-5.632716049382708,0.9680638722554891,circular_shift_exact_mask_geometry
2,L2,Stage-2 macro recall,fold01,397,-7.23684210526315,-5.632716049382708,0.9680638722554891,circular_shift_exact_mask_geometry
2,L2,Stage-2 macro recall,fold01,398,-5.961663417803777,-5.632716049382708,0.9680638722554891,circular_shift_exact_mask_geometry
2,L2,Stage-2 macro recall,fold01,399,-7.23684210526315,-5.632716049382708,0.9680638722554891,circular_shift_exact_mask_geometry
2,L2,Stage-2 macro recall,fold01,400,-7.854126055880442,-5.632716049382708,0.9680638722554891,circular_shift_exact_mask_geometry
2,L2,Stage-2 macro recall,fold01,401,-7.854126055880442,-5.632716049382708,0.9680638722554891,circular_shift_exact_mask_geometry
2,L2,Stage-2 macro recall,fold01,402,-7.155620532813501,-5.632716049382708,0.9680638722554891,circular_shift_exact_mask_geometry
2,L2,Stage-2 macro recall,fold01,403,-7.854126055880442,-5.632716049382708,0.9680638722554891,circular_shift_exact_mask_geometry
2,L2,Stage-2 macro recall,fold01,404,-7.23684210526315,-5.632716049382708,0.9680638722554891,circular_shift_exact_mask_geometry
2,L2,Stage-2 macro recall,fold01,405,-7.196231319038333,-5.632716049382708,0.9680638722554891,circular_shift_exact_mask_geometry
2,L2,Stage-2 macro recall,fold01,406,-7.277452891487968,-5.632716049382708,0.9680638722554891,circular_shift_exact_mask_geometry
2,L2,Stage-2 macro recall,fold01,407,-6.9078947368420955,-5.632716049382708,0.9680638722554891,circular_shift_exact_mask_geometry
2,L2,Stage-2 macro recall,fold01,408,-7.813515269655625,-5.632716049382708,0.9680638722554891,circular_shift_exact_mask_geometry
2,L2,Stage-2 macro recall,fold01,409,-7.196231319038333,-5.632716049382708,0.9680638722554891,circular_shift_exact_mask_geometry
2,L2,Stage-2 macro recall,fold01,410,-6.619558154645873,-5.632716049382708,0.9680638722554891,circular_shift_exact_mask_geometry
2,L2,Stage-2 macro recall,fold01,411,-8.552631578947356,-5.632716049382708,0.9680638722554891,circular_shift_exact_mask_geometry
2,L2,Stage-2 macro recall,fold01,412,-5.921052631578931,-5.632716049382708,0.9680638722554891,circular_shift_exact_mask_geometry
2,L2,Stage-2 macro recall,fold01,413,-7.196231319038333,-5.632716049382708,0.9680638722554891,circular_shift_exact_mask_geometry
2,L2,Stage-2 macro recall,fold01,414,-6.9078947368420955,-5.632716049382708,0.9680638722554891,circular_shift_exact_mask_geometry
2,L2,Stage-2 macro recall,fold01,415,-7.196231319038333,-5.632716049382708,0.9680638722554891,circular_shift_exact_mask_geometry
2,L2,Stage-2 macro recall,fold01,416,-7.854126055880442,-5.632716049382708,0.9680638722554891,circular_shift_exact_mask_geometry
2,L2,Stage-2 macro recall,fold01,417,-6.290610786224818,-5.632716049382708,0.9680638722554891,circular_shift_exact_mask_geometry
2,L2,Stage-2 macro recall,fold01,418,-7.525178687459373,-5.632716049382708,0.9680638722554891,circular_shift_exact_mask_geometry
2,L2,Stage-2 macro recall,fold01,419,-7.23684210526315,-5.632716049382708,0.9680638722554891,circular_shift_exact_mask_geometry
2,L2,Stage-2 macro recall,fold01,420,-5.632716049382708,-5.632716049382708,0.9680638722554891,circular_shift_exact_mask_geometry
2,L2,Stage-2 macro recall,fold01,421,-7.565789473684191,-5.632716049382708,0.9680638722554891,circular_shift_exact_mask_geometry
2,L2,Stage-2 macro recall,fold01,422,-4.974821312540612,-5.632716049382708,0.9680638722554891,circular_shift_exact_mask_geometry
2,L2,Stage-2 macro recall,fold01,423,-6.9078947368420955,-5.632716049382708,0.9680638722554891,circular_shift_exact_mask_geometry
2,L2,Stage-2 macro recall,fold01,424,-7.196231319038333,-5.632716049382708,0.9680638722554891,circular_shift_exact_mask_geometry
2,L2,Stage-2 macro recall,fold01,425,-6.619558154645873,-5.632716049382708,0.9680638722554891,circular_shift_exact_mask_geometry
2,L2,Stage-2 macro recall,fold01,426,-6.25,-5.632716049382708,0.9680638722554891,circular_shift_exact_mask_geometry
2,L2,Stage-2 macro recall,fold01,427,-7.565789473684191,-5.632716049382708,0.9680638722554891,circular_shift_exact_mask_geometry
2,L2,Stage-2 macro recall,fold01,428,-7.565789473684191,-5.632716049382708,0.9680638722554891,circular_shift_exact_mask_geometry
2,L2,Stage-2 macro recall,fold01,429,-9.169915529564634,-5.632716049382708,0.9680638722554891,circular_shift_exact_mask_geometry
2,L2,Stage-2 macro recall,fold01,430,-7.196231319038333,-5.632716049382708,0.9680638722554891,circular_shift_exact_mask_geometry
2,L2,Stage-2 macro recall,fold01,431,-6.619558154645873,-5.632716049382708,0.9680638722554891,circular_shift_exact_mask_geometry
2,L2,Stage-2 macro recall,fold01,432,-7.854126055880442,-5.632716049382708,0.9680638722554891,circular_shift_exact_mask_geometry
2,L2,Stage-2 macro recall,fold01,433,-6.290610786224818,-5.632716049382708,0.9680638722554891,circular_shift_exact_mask_geometry
2,L2,Stage-2 macro recall,fold01,434,-8.800357374918761,-5.632716049382708,0.9680638722554891,circular_shift_exact_mask_geometry
2,L2,Stage-2 macro recall,fold01,435,-6.9078947368420955,-5.632716049382708,0.9680638722554891,circular_shift_exact_mask_geometry
2,L2,Stage-2 macro recall,fold01,436,-7.23684210526315,-5.632716049382708,0.9680638722554891,circular_shift_exact_mask_geometry
2,L2,Stage-2 macro recall,fold01,437,-6.867283950617278,-5.632716049382708,0.9680638722554891,circular_shift_exact_mask_geometry
2,L2,Stage-2 macro recall,fold01,438,-6.619558154645873,-5.632716049382708,0.9680638722554891,circular_shift_exact_mask_geometry
2,L2,Stage-2 macro recall,fold01,439,-5.632716049382708,-5.632716049382708,0.9680638722554891,circular_shift_exact_mask_geometry
2,L2,Stage-2 macro recall,fold01,440,-7.525178687459373,-5.632716049382708,0.9680638722554891,circular_shift_exact_mask_geometry
2,L2,Stage-2 macro recall,fold01,441,-7.813515269655625,-5.632716049382708,0.9680638722554891,circular_shift_exact_mask_geometry
2,L2,Stage-2 macro recall,fold01,442,-7.606400259909037,-5.632716049382708,0.9680638722554891,circular_shift_exact_mask_geometry
2,L2,Stage-2 macro recall,fold01,443,-7.277452891487968,-5.632716049382708,0.9680638722554891,circular_shift_exact_mask_geometry
2,L2,Stage-2 macro recall,fold01,444,-6.867283950617278,-5.632716049382708,0.9680638722554891,circular_shift_exact_mask_geometry
2,L2,Stage-2 macro recall,fold01,445,-6.578947368421055,-5.632716049382708,0.9680638722554891,circular_shift_exact_mask_geometry
2,L2,Stage-2 macro recall,fold01,446,-6.25,-5.632716049382708,0.9680638722554891,circular_shift_exact_mask_geometry
2,L2,Stage-2 macro recall,fold01,447,-7.565789473684191,-5.632716049382708,0.9680638722554891,circular_shift_exact_mask_geometry
2,L2,Stage-2 macro recall,fold01,448,-6.9078947368420955,-5.632716049382708,0.9680638722554891,circular_shift_exact_mask_geometry
2,L2,Stage-2 macro recall,fold01,449,-7.525178687459373,-5.632716049382708,0.9680638722554891,circular_shift_exact_mask_geometry
2,L2,Stage-2 macro recall,fold01,450,-6.948505523066913,-5.632716049382708,0.9680638722554891,circular_shift_exact_mask_geometry
2,L2,Stage-2 macro recall,fold01,451,-7.565789473684191,-5.632716049382708,0.9680638722554891,circular_shift_exact_mask_geometry
2,L2,Stage-2 macro recall,fold01,452,-6.578947368421055,-5.632716049382708,0.9680638722554891,circular_shift_exact_mask_geometry
2,L2,Stage-2 macro recall,fold01,453,-8.512020792722538,-5.632716049382708,0.9680638722554891,circular_shift_exact_mask_geometry
2,L2,Stage-2 macro recall,fold01,454,-7.196231319038333,-5.632716049382708,0.9680638722554891,circular_shift_exact_mask_geometry
2,L2,Stage-2 macro recall,fold01,455,-7.854126055880442,-5.632716049382708,0.9680638722554891,circular_shift_exact_mask_geometry
2,L2,Stage-2 macro recall,fold01,456,-6.9078947368420955,-5.632716049382708,0.9680638722554891,circular_shift_exact_mask_geometry
2,L2,Stage-2 macro recall,fold01,457,-6.578947368421055,-5.632716049382708,0.9680638722554891,circular_shift_exact_mask_geometry
2,L2,Stage-2 macro recall,fold01,458,-6.9078947368420955,-5.632716049382708,0.9680638722554891,circular_shift_exact_mask_geometry
2,L2,Stage-2 macro recall,fold01,459,-5.59210526315789,-5.632716049382708,0.9680638722554891,circular_shift_exact_mask_geometry
2,L2,Stage-2 macro recall,fold01,460,-8.512020792722538,-5.632716049382708,0.9680638722554891,circular_shift_exact_mask_geometry
2,L2,Stage-2 macro recall,fold01,461,-7.196231319038333,-5.632716049382708,0.9680638722554891,circular_shift_exact_mask_geometry
2,L2,Stage-2 macro recall,fold01,462,-7.23684210526315,-5.632716049382708,0.9680638722554891,circular_shift_exact_mask_geometry
2,L2,Stage-2 macro recall,fold01,463,-6.25,-5.632716049382708,0.9680638722554891,circular_shift_exact_mask_geometry
2,L2,Stage-2 macro recall,fold01,464,-6.578947368421055,-5.632716049382708,0.9680638722554891,circular_shift_exact_mask_geometry
2,L2,Stage-2 macro recall,fold01,465,-6.578947368421055,-5.632716049382708,0.9680638722554891,circular_shift_exact_mask_geometry
2,L2,Stage-2 macro recall,fold01,466,-6.290610786224818,-5.632716049382708,0.9680638722554891,circular_shift_exact_mask_geometry
2,L2,Stage-2 macro recall,fold01,467,-6.948505523066913,-5.632716049382708,0.9680638722554891,circular_shift_exact_mask_geometry
2,L2,Stage-2 macro recall,fold01,468,-7.196231319038333,-5.632716049382708,0.9680638722554891,circular_shift_exact_mask_geometry
2,L2,Stage-2 macro recall,fold01,469,-6.578947368421055,-5.632716049382708,0.9680638722554891,circular_shift_exact_mask_geometry
2,L2,Stage-2 macro recall,fold01,470,-6.948505523066913,-5.632716049382708,0.9680638722554891,circular_shift_exact_mask_geometry
2,L2,Stage-2 macro recall,fold01,471,-4.974821312540612,-5.632716049382708,0.9680638722554891,circular_shift_exact_mask_geometry
2,L2,Stage-2 macro recall,fold01,472,-6.9078947368420955,-5.632716049382708,0.9680638722554891,circular_shift_exact_mask_geometry
2,L2,Stage-2 macro recall,fold01,473,-7.565789473684191,-5.632716049382708,0.9680638722554891,circular_shift_exact_mask_geometry
2,L2,Stage-2 macro recall,fold01,474,-6.619558154645873,-5.632716049382708,0.9680638722554891,circular_shift_exact_mask_geometry
2,L2,Stage-2 macro recall,fold01,475,-6.619558154645873,-5.632716049382708,0.9680638722554891,circular_shift_exact_mask_geometry
2,L2,Stage-2 macro recall,fold01,476,-6.25,-5.632716049382708,0.9680638722554891,circular_shift_exact_mask_geometry
2,L2,Stage-2 macro recall,fold01,477,-7.23684210526315,-5.632716049382708,0.9680638722554891,circular_shift_exact_mask_geometry
2,L2,Stage-2 macro recall,fold01,478,-8.223684210526315,-5.632716049382708,0.9680638722554891,circular_shift_exact_mask_geometry
2,L2,Stage-2 macro recall,fold01,479,-6.9078947368420955,-5.632716049382708,0.9680638722554891,circular_shift_exact_mask_geometry
2,L2,Stage-2 macro recall,fold01,480,-5.961663417803777,-5.632716049382708,0.9680638722554891,circular_shift_exact_mask_geometry
2,L2,Stage-2 macro recall,fold01,481,-6.9078947368420955,-5.632716049382708,0.9680638722554891,circular_shift_exact_mask_geometry
2,L2,Stage-2 macro recall,fold01,482,-8.512020792722538,-5.632716049382708,0.9680638722554891,circular_shift_exact_mask_geometry
2,L2,Stage-2 macro recall,fold01,483,-8.430799220272903,-5.632716049382708,0.9680638722554891,circular_shift_exact_mask_geometry
2,L2,Stage-2 macro recall,fold01,484,-7.196231319038333,-5.632716049382708,0.9680638722554891,circular_shift_exact_mask_geometry
2,L2,Stage-2 macro recall,fold01,485,-6.948505523066913,-5.632716049382708,0.9680638722554891,circular_shift_exact_mask_geometry
2,L2,Stage-2 macro recall,fold01,486,-8.552631578947356,-5.632716049382708,0.9680638722554891,circular_shift_exact_mask_geometry
2,L2,Stage-2 macro recall,fold01,487,-7.854126055880442,-5.632716049382708,0.9680638722554891,circular_shift_exact_mask_geometry
2,L2,Stage-2 macro recall,fold01,488,-6.538336582196223,-5.632716049382708,0.9680638722554891,circular_shift_exact_mask_geometry
2,L2,Stage-2 macro recall,fold01,489,-6.948505523066913,-5.632716049382708,0.9680638722554891,circular_shift_exact_mask_geometry
2,L2,Stage-2 macro recall,fold01,490,-7.23684210526315,-5.632716049382708,0.9680638722554891,circular_shift_exact_mask_geometry
2,L2,Stage-2 macro recall,fold01,491,-5.632716049382708,-5.632716049382708,0.9680638722554891,circular_shift_exact_mask_geometry
2,L2,Stage-2 macro recall,fold01,492,-8.183073424301483,-5.632716049382708,0.9680638722554891,circular_shift_exact_mask_geometry
2,L2,Stage-2 macro recall,fold01,493,-7.89473684210526,-5.632716049382708,0.9680638722554891,circular_shift_exact_mask_geometry
2,L2,Stage-2 macro recall,fold01,494,-7.525178687459373,-5.632716049382708,0.9680638722554891,circular_shift_exact_mask_geometry
2,L2,Stage-2 macro recall,fold01,495,-8.183073424301483,-5.632716049382708,0.9680638722554891,circular_shift_exact_mask_geometry
2,L2,Stage-2 macro recall,fold01,496,-7.525178687459373,-5.632716049382708,0.9680638722554891,circular_shift_exact_mask_geometry
2,L2,Stage-2 macro recall,fold01,497,-5.303768680961653,-5.632716049382708,0.9680638722554891,circular_shift_exact_mask_geometry
2,L2,Stage-2 macro recall,fold01,498,-7.525178687459373,-5.632716049382708,0.9680638722554891,circular_shift_exact_mask_geometry
2,L2,Stage-2 macro recall,fold01,499,-7.23684210526315,-5.632716049382708,0.9680638722554891,circular_shift_exact_mask_geometry
2,L2,Stage-2 macro recall,fold01,500,-7.565789473684191,-5.632716049382708,0.9680638722554891,circular_shift_exact_mask_geometry
3,L3,Hesitating recall,fold01,1,0.0,0.0,1.0,circular_shift_exact_mask_geometry
3,L3,Hesitating recall,fold01,2,0.0,0.0,1.0,circular_shift_exact_mask_geometry
3,L3,Hesitating recall,fold01,3,0.0,0.0,1.0,circular_shift_exact_mask_geometry
3,L3,Hesitating recall,fold01,4,0.0,0.0,1.0,circular_shift_exact_mask_geometry
3,L3,Hesitating recall,fold01,5,0.0,0.0,1.0,circular_shift_exact_mask_geometry
3,L3,Hesitating recall,fold01,6,0.0,0.0,1.0,circular_shift_exact_mask_geometry
3,L3,Hesitating recall,fold01,7,0.0,0.0,1.0,circular_shift_exact_mask_geometry
3,L3,Hesitating recall,fold01,8,0.0,0.0,1.0,circular_shift_exact_mask_geometry
3,L3,Hesitating recall,fold01,9,0.0,0.0,1.0,circular_shift_exact_mask_geometry
3,L3,Hesitating recall,fold01,10,0.0,0.0,1.0,circular_shift_exact_mask_geometry
3,L3,Hesitating recall,fold01,11,0.0,0.0,1.0,circular_shift_exact_mask_geometry
3,L3,Hesitating recall,fold01,12,0.0,0.0,1.0,circular_shift_exact_mask_geometry
3,L3,Hesitating recall,fold01,13,0.0,0.0,1.0,circular_shift_exact_mask_geometry
3,L3,Hesitating recall,fold01,14,0.0,0.0,1.0,circular_shift_exact_mask_geometry
3,L3,Hesitating recall,fold01,15,0.0,0.0,1.0,circular_shift_exact_mask_geometry
3,L3,Hesitating recall,fold01,16,0.0,0.0,1.0,circular_shift_exact_mask_geometry
3,L3,Hesitating recall,fold01,17,0.0,0.0,1.0,circular_shift_exact_mask_geometry
3,L3,Hesitating recall,fold01,18,0.0,0.0,1.0,circular_shift_exact_mask_geometry
3,L3,Hesitating recall,fold01,19,0.0,0.0,1.0,circular_shift_exact_mask_geometry
3,L3,Hesitating recall,fold01,20,0.0,0.0,1.0,circular_shift_exact_mask_geometry
3,L3,Hesitating recall,fold01,21,0.0,0.0,1.0,circular_shift_exact_mask_geometry
3,L3,Hesitating recall,fold01,22,0.0,0.0,1.0,circular_shift_exact_mask_geometry
3,L3,Hesitating recall,fold01,23,0.0,0.0,1.0,circular_shift_exact_mask_geometry
3,L3,Hesitating recall,fold01,24,0.0,0.0,1.0,circular_shift_exact_mask_geometry
3,L3,Hesitating recall,fold01,25,0.0,0.0,1.0,circular_shift_exact_mask_geometry
3,L3,Hesitating recall,fold01,26,0.0,0.0,1.0,circular_shift_exact_mask_geometry
3,L3,Hesitating recall,fold01,27,0.0,0.0,1.0,circular_shift_exact_mask_geometry
3,L3,Hesitating recall,fold01,28,0.0,0.0,1.0,circular_shift_exact_mask_geometry
3,L3,Hesitating recall,fold01,29,0.0,0.0,1.0,circular_shift_exact_mask_geometry
3,L3,Hesitating recall,fold01,30,0.0,0.0,1.0,circular_shift_exact_mask_geometry
3,L3,Hesitating recall,fold01,31,0.0,0.0,1.0,circular_shift_exact_mask_geometry
3,L3,Hesitating recall,fold01,32,0.0,0.0,1.0,circular_shift_exact_mask_geometry
3,L3,Hesitating recall,fold01,33,0.0,0.0,1.0,circular_shift_exact_mask_geometry
3,L3,Hesitating recall,fold01,34,0.0,0.0,1.0,circular_shift_exact_mask_geometry
3,L3,Hesitating recall,fold01,35,0.0,0.0,1.0,circular_shift_exact_mask_geometry
3,L3,Hesitating recall,fold01,36,0.0,0.0,1.0,circular_shift_exact_mask_geometry
3,L3,Hesitating recall,fold01,37,0.0,0.0,1.0,circular_shift_exact_mask_geometry
3,L3,Hesitating recall,fold01,38,0.0,0.0,1.0,circular_shift_exact_mask_geometry
3,L3,Hesitating recall,fold01,39,0.0,0.0,1.0,circular_shift_exact_mask_geometry
3,L3,Hesitating recall,fold01,40,0.0,0.0,1.0,circular_shift_exact_mask_geometry
3,L3,Hesitating recall,fold01,41,0.0,0.0,1.0,circular_shift_exact_mask_geometry
3,L3,Hesitating recall,fold01,42,0.0,0.0,1.0,circular_shift_exact_mask_geometry
3,L3,Hesitating recall,fold01,43,0.0,0.0,1.0,circular_shift_exact_mask_geometry
3,L3,Hesitating recall,fold01,44,0.0,0.0,1.0,circular_shift_exact_mask_geometry
3,L3,Hesitating recall,fold01,45,0.0,0.0,1.0,circular_shift_exact_mask_geometry
3,L3,Hesitating recall,fold01,46,0.0,0.0,1.0,circular_shift_exact_mask_geometry
3,L3,Hesitating recall,fold01,47,0.0,0.0,1.0,circular_shift_exact_mask_geometry
3,L3,Hesitating recall,fold01,48,0.0,0.0,1.0,circular_shift_exact_mask_geometry
3,L3,Hesitating recall,fold01,49,0.0,0.0,1.0,circular_shift_exact_mask_geometry
3,L3,Hesitating recall,fold01,50,0.0,0.0,1.0,circular_shift_exact_mask_geometry
3,L3,Hesitating recall,fold01,51,0.0,0.0,1.0,circular_shift_exact_mask_geometry
3,L3,Hesitating recall,fold01,52,0.0,0.0,1.0,circular_shift_exact_mask_geometry
3,L3,Hesitating recall,fold01,53,0.0,0.0,1.0,circular_shift_exact_mask_geometry
3,L3,Hesitating recall,fold01,54,0.0,0.0,1.0,circular_shift_exact_mask_geometry
3,L3,Hesitating recall,fold01,55,0.0,0.0,1.0,circular_shift_exact_mask_geometry
3,L3,Hesitating recall,fold01,56,0.0,0.0,1.0,circular_shift_exact_mask_geometry
3,L3,Hesitating recall,fold01,57,0.0,0.0,1.0,circular_shift_exact_mask_geometry
3,L3,Hesitating recall,fold01,58,0.0,0.0,1.0,circular_shift_exact_mask_geometry
3,L3,Hesitating recall,fold01,59,0.0,0.0,1.0,circular_shift_exact_mask_geometry
3,L3,Hesitating recall,fold01,60,0.0,0.0,1.0,circular_shift_exact_mask_geometry
3,L3,Hesitating recall,fold01,61,0.0,0.0,1.0,circular_shift_exact_mask_geometry
3,L3,Hesitating recall,fold01,62,0.0,0.0,1.0,circular_shift_exact_mask_geometry
3,L3,Hesitating recall,fold01,63,0.0,0.0,1.0,circular_shift_exact_mask_geometry
3,L3,Hesitating recall,fold01,64,0.0,0.0,1.0,circular_shift_exact_mask_geometry
3,L3,Hesitating recall,fold01,65,0.0,0.0,1.0,circular_shift_exact_mask_geometry
3,L3,Hesitating recall,fold01,66,0.0,0.0,1.0,circular_shift_exact_mask_geometry
3,L3,Hesitating recall,fold01,67,0.0,0.0,1.0,circular_shift_exact_mask_geometry
3,L3,Hesitating recall,fold01,68,0.0,0.0,1.0,circular_shift_exact_mask_geometry
3,L3,Hesitating recall,fold01,69,0.0,0.0,1.0,circular_shift_exact_mask_geometry
3,L3,Hesitating recall,fold01,70,0.0,0.0,1.0,circular_shift_exact_mask_geometry
3,L3,Hesitating recall,fold01,71,0.0,0.0,1.0,circular_shift_exact_mask_geometry
3,L3,Hesitating recall,fold01,72,0.0,0.0,1.0,circular_shift_exact_mask_geometry
3,L3,Hesitating recall,fold01,73,0.0,0.0,1.0,circular_shift_exact_mask_geometry
3,L3,Hesitating recall,fold01,74,0.0,0.0,1.0,circular_shift_exact_mask_geometry
3,L3,Hesitating recall,fold01,75,0.0,0.0,1.0,circular_shift_exact_mask_geometry
3,L3,Hesitating recall,fold01,76,0.0,0.0,1.0,circular_shift_exact_mask_geometry
3,L3,Hesitating recall,fold01,77,0.0,0.0,1.0,circular_shift_exact_mask_geometry
3,L3,Hesitating recall,fold01,78,0.0,0.0,1.0,circular_shift_exact_mask_geometry
3,L3,Hesitating recall,fold01,79,0.0,0.0,1.0,circular_shift_exact_mask_geometry
3,L3,Hesitating recall,fold01,80,0.0,0.0,1.0,circular_shift_exact_mask_geometry
3,L3,Hesitating recall,fold01,81,0.0,0.0,1.0,circular_shift_exact_mask_geometry
3,L3,Hesitating recall,fold01,82,0.0,0.0,1.0,circular_shift_exact_mask_geometry
3,L3,Hesitating recall,fold01,83,0.0,0.0,1.0,circular_shift_exact_mask_geometry
3,L3,Hesitating recall,fold01,84,0.0,0.0,1.0,circular_shift_exact_mask_geometry
3,L3,Hesitating recall,fold01,85,0.0,0.0,1.0,circular_shift_exact_mask_geometry
3,L3,Hesitating recall,fold01,86,0.0,0.0,1.0,circular_shift_exact_mask_geometry
3,L3,Hesitating recall,fold01,87,0.0,0.0,1.0,circular_shift_exact_mask_geometry
3,L3,Hesitating recall,fold01,88,0.0,0.0,1.0,circular_shift_exact_mask_geometry
3,L3,Hesitating recall,fold01,89,0.0,0.0,1.0,circular_shift_exact_mask_geometry
3,L3,Hesitating recall,fold01,90,0.0,0.0,1.0,circular_shift_exact_mask_geometry
3,L3,Hesitating recall,fold01,91,0.0,0.0,1.0,circular_shift_exact_mask_geometry
3,L3,Hesitating recall,fold01,92,0.0,0.0,1.0,circular_shift_exact_mask_geometry
3,L3,Hesitating recall,fold01,93,0.0,0.0,1.0,circular_shift_exact_mask_geometry
3,L3,Hesitating recall,fold01,94,0.0,0.0,1.0,circular_shift_exact_mask_geometry
3,L3,Hesitating recall,fold01,95,0.0,0.0,1.0,circular_shift_exact_mask_geometry
3,L3,Hesitating recall,fold01,96,0.0,0.0,1.0,circular_shift_exact_mask_geometry
3,L3,Hesitating recall,fold01,97,0.0,0.0,1.0,circular_shift_exact_mask_geometry
3,L3,Hesitating recall,fold01,98,0.0,0.0,1.0,circular_shift_exact_mask_geometry
3,L3,Hesitating recall,fold01,99,0.0,0.0,1.0,circular_shift_exact_mask_geometry
3,L3,Hesitating recall,fold01,100,0.0,0.0,1.0,circular_shift_exact_mask_geometry
3,L3,Hesitating recall,fold01,101,0.0,0.0,1.0,circular_shift_exact_mask_geometry
3,L3,Hesitating recall,fold01,102,0.0,0.0,1.0,circular_shift_exact_mask_geometry
3,L3,Hesitating recall,fold01,103,0.0,0.0,1.0,circular_shift_exact_mask_geometry
3,L3,Hesitating recall,fold01,104,0.0,0.0,1.0,circular_shift_exact_mask_geometry
3,L3,Hesitating recall,fold01,105,0.0,0.0,1.0,circular_shift_exact_mask_geometry
3,L3,Hesitating recall,fold01,106,0.0,0.0,1.0,circular_shift_exact_mask_geometry
3,L3,Hesitating recall,fold01,107,0.0,0.0,1.0,circular_shift_exact_mask_geometry
3,L3,Hesitating recall,fold01,108,0.0,0.0,1.0,circular_shift_exact_mask_geometry
3,L3,Hesitating recall,fold01,109,0.0,0.0,1.0,circular_shift_exact_mask_geometry
3,L3,Hesitating recall,fold01,110,0.0,0.0,1.0,circular_shift_exact_mask_geometry
3,L3,Hesitating recall,fold01,111,0.0,0.0,1.0,circular_shift_exact_mask_geometry
3,L3,Hesitating recall,fold01,112,0.0,0.0,1.0,circular_shift_exact_mask_geometry
3,L3,Hesitating recall,fold01,113,0.0,0.0,1.0,circular_shift_exact_mask_geometry
3,L3,Hesitating recall,fold01,114,0.0,0.0,1.0,circular_shift_exact_mask_geometry
3,L3,Hesitating recall,fold01,115,0.0,0.0,1.0,circular_shift_exact_mask_geometry
3,L3,Hesitating recall,fold01,116,0.0,0.0,1.0,circular_shift_exact_mask_geometry
3,L3,Hesitating recall,fold01,117,0.0,0.0,1.0,circular_shift_exact_mask_geometry
3,L3,Hesitating recall,fold01,118,0.0,0.0,1.0,circular_shift_exact_mask_geometry
3,L3,Hesitating recall,fold01,119,0.0,0.0,1.0,circular_shift_exact_mask_geometry
3,L3,Hesitating recall,fold01,120,0.0,0.0,1.0,circular_shift_exact_mask_geometry
3,L3,Hesitating recall,fold01,121,0.0,0.0,1.0,circular_shift_exact_mask_geometry
3,L3,Hesitating recall,fold01,122,0.0,0.0,1.0,circular_shift_exact_mask_geometry
3,L3,Hesitating recall,fold01,123,0.0,0.0,1.0,circular_shift_exact_mask_geometry
3,L3,Hesitating recall,fold01,124,0.0,0.0,1.0,circular_shift_exact_mask_geometry
3,L3,Hesitating recall,fold01,125,0.0,0.0,1.0,circular_shift_exact_mask_geometry
3,L3,Hesitating recall,fold01,126,0.0,0.0,1.0,circular_shift_exact_mask_geometry
3,L3,Hesitating recall,fold01,127,0.0,0.0,1.0,circular_shift_exact_mask_geometry
3,L3,Hesitating recall,fold01,128,0.0,0.0,1.0,circular_shift_exact_mask_geometry
3,L3,Hesitating recall,fold01,129,0.0,0.0,1.0,circular_shift_exact_mask_geometry
3,L3,Hesitating recall,fold01,130,0.0,0.0,1.0,circular_shift_exact_mask_geometry
3,L3,Hesitating recall,fold01,131,0.0,0.0,1.0,circular_shift_exact_mask_geometry
3,L3,Hesitating recall,fold01,132,0.0,0.0,1.0,circular_shift_exact_mask_geometry
3,L3,Hesitating recall,fold01,133,0.0,0.0,1.0,circular_shift_exact_mask_geometry
3,L3,Hesitating recall,fold01,134,0.0,0.0,1.0,circular_shift_exact_mask_geometry
3,L3,Hesitating recall,fold01,135,0.0,0.0,1.0,circular_shift_exact_mask_geometry
3,L3,Hesitating recall,fold01,136,0.0,0.0,1.0,circular_shift_exact_mask_geometry
3,L3,Hesitating recall,fold01,137,0.0,0.0,1.0,circular_shift_exact_mask_geometry
3,L3,Hesitating recall,fold01,138,0.0,0.0,1.0,circular_shift_exact_mask_geometry
3,L3,Hesitating recall,fold01,139,0.0,0.0,1.0,circular_shift_exact_mask_geometry
3,L3,Hesitating recall,fold01,140,0.0,0.0,1.0,circular_shift_exact_mask_geometry
3,L3,Hesitating recall,fold01,141,0.0,0.0,1.0,circular_shift_exact_mask_geometry
3,L3,Hesitating recall,fold01,142,0.0,0.0,1.0,circular_shift_exact_mask_geometry
3,L3,Hesitating recall,fold01,143,0.0,0.0,1.0,circular_shift_exact_mask_geometry
3,L3,Hesitating recall,fold01,144,0.0,0.0,1.0,circular_shift_exact_mask_geometry
3,L3,Hesitating recall,fold01,145,0.0,0.0,1.0,circular_shift_exact_mask_geometry
3,L3,Hesitating recall,fold01,146,0.0,0.0,1.0,circular_shift_exact_mask_geometry
3,L3,Hesitating recall,fold01,147,0.0,0.0,1.0,circular_shift_exact_mask_geometry
3,L3,Hesitating recall,fold01,148,0.0,0.0,1.0,circular_shift_exact_mask_geometry
3,L3,Hesitating recall,fold01,149,0.0,0.0,1.0,circular_shift_exact_mask_geometry
3,L3,Hesitating recall,fold01,150,0.0,0.0,1.0,circular_shift_exact_mask_geometry
3,L3,Hesitating recall,fold01,151,0.0,0.0,1.0,circular_shift_exact_mask_geometry
3,L3,Hesitating recall,fold01,152,0.0,0.0,1.0,circular_shift_exact_mask_geometry
3,L3,Hesitating recall,fold01,153,0.0,0.0,1.0,circular_shift_exact_mask_geometry
3,L3,Hesitating recall,fold01,154,0.0,0.0,1.0,circular_shift_exact_mask_geometry
3,L3,Hesitating recall,fold01,155,0.0,0.0,1.0,circular_shift_exact_mask_geometry
3,L3,Hesitating recall,fold01,156,0.0,0.0,1.0,circular_shift_exact_mask_geometry
3,L3,Hesitating recall,fold01,157,0.0,0.0,1.0,circular_shift_exact_mask_geometry
3,L3,Hesitating recall,fold01,158,0.0,0.0,1.0,circular_shift_exact_mask_geometry
3,L3,Hesitating recall,fold01,159,0.0,0.0,1.0,circular_shift_exact_mask_geometry
3,L3,Hesitating recall,fold01,160,0.0,0.0,1.0,circular_shift_exact_mask_geometry
3,L3,Hesitating recall,fold01,161,0.0,0.0,1.0,circular_shift_exact_mask_geometry
3,L3,Hesitating recall,fold01,162,0.0,0.0,1.0,circular_shift_exact_mask_geometry
3,L3,Hesitating recall,fold01,163,0.0,0.0,1.0,circular_shift_exact_mask_geometry
3,L3,Hesitating recall,fold01,164,0.0,0.0,1.0,circular_shift_exact_mask_geometry
3,L3,Hesitating recall,fold01,165,0.0,0.0,1.0,circular_shift_exact_mask_geometry
3,L3,Hesitating recall,fold01,166,0.0,0.0,1.0,circular_shift_exact_mask_geometry
3,L3,Hesitating recall,fold01,167,0.0,0.0,1.0,circular_shift_exact_mask_geometry
3,L3,Hesitating recall,fold01,168,0.0,0.0,1.0,circular_shift_exact_mask_geometry
3,L3,Hesitating recall,fold01,169,0.0,0.0,1.0,circular_shift_exact_mask_geometry
3,L3,Hesitating recall,fold01,170,0.0,0.0,1.0,circular_shift_exact_mask_geometry
3,L3,Hesitating recall,fold01,171,0.0,0.0,1.0,circular_shift_exact_mask_geometry
3,L3,Hesitating recall,fold01,172,0.0,0.0,1.0,circular_shift_exact_mask_geometry
3,L3,Hesitating recall,fold01,173,0.0,0.0,1.0,circular_shift_exact_mask_geometry
3,L3,Hesitating recall,fold01,174,0.0,0.0,1.0,circular_shift_exact_mask_geometry
3,L3,Hesitating recall,fold01,175,0.0,0.0,1.0,circular_shift_exact_mask_geometry
3,L3,Hesitating recall,fold01,176,0.0,0.0,1.0,circular_shift_exact_mask_geometry
3,L3,Hesitating recall,fold01,177,0.0,0.0,1.0,circular_shift_exact_mask_geometry
3,L3,Hesitating recall,fold01,178,0.0,0.0,1.0,circular_shift_exact_mask_geometry
3,L3,Hesitating recall,fold01,179,0.0,0.0,1.0,circular_shift_exact_mask_geometry
3,L3,Hesitating recall,fold01,180,0.0,0.0,1.0,circular_shift_exact_mask_geometry
3,L3,Hesitating recall,fold01,181,0.0,0.0,1.0,circular_shift_exact_mask_geometry
3,L3,Hesitating recall,fold01,182,0.0,0.0,1.0,circular_shift_exact_mask_geometry
3,L3,Hesitating recall,fold01,183,0.0,0.0,1.0,circular_shift_exact_mask_geometry
3,L3,Hesitating recall,fold01,184,0.0,0.0,1.0,circular_shift_exact_mask_geometry
3,L3,Hesitating recall,fold01,185,0.0,0.0,1.0,circular_shift_exact_mask_geometry
3,L3,Hesitating recall,fold01,186,0.0,0.0,1.0,circular_shift_exact_mask_geometry
3,L3,Hesitating recall,fold01,187,0.0,0.0,1.0,circular_shift_exact_mask_geometry
3,L3,Hesitating recall,fold01,188,0.0,0.0,1.0,circular_shift_exact_mask_geometry
3,L3,Hesitating recall,fold01,189,0.0,0.0,1.0,circular_shift_exact_mask_geometry
3,L3,Hesitating recall,fold01,190,0.0,0.0,1.0,circular_shift_exact_mask_geometry
3,L3,Hesitating recall,fold01,191,0.0,0.0,1.0,circular_shift_exact_mask_geometry
3,L3,Hesitating recall,fold01,192,0.0,0.0,1.0,circular_shift_exact_mask_geometry
3,L3,Hesitating recall,fold01,193,0.0,0.0,1.0,circular_shift_exact_mask_geometry
3,L3,Hesitating recall,fold01,194,0.0,0.0,1.0,circular_shift_exact_mask_geometry
3,L3,Hesitating recall,fold01,195,0.0,0.0,1.0,circular_shift_exact_mask_geometry
3,L3,Hesitating recall,fold01,196,0.0,0.0,1.0,circular_shift_exact_mask_geometry
3,L3,Hesitating recall,fold01,197,0.0,0.0,1.0,circular_shift_exact_mask_geometry
3,L3,Hesitating recall,fold01,198,0.0,0.0,1.0,circular_shift_exact_mask_geometry
3,L3,Hesitating recall,fold01,199,0.0,0.0,1.0,circular_shift_exact_mask_geometry
3,L3,Hesitating recall,fold01,200,0.0,0.0,1.0,circular_shift_exact_mask_geometry
3,L3,Hesitating recall,fold01,201,0.0,0.0,1.0,circular_shift_exact_mask_geometry
3,L3,Hesitating recall,fold01,202,0.0,0.0,1.0,circular_shift_exact_mask_geometry
3,L3,Hesitating recall,fold01,203,0.0,0.0,1.0,circular_shift_exact_mask_geometry
3,L3,Hesitating recall,fold01,204,0.0,0.0,1.0,circular_shift_exact_mask_geometry
3,L3,Hesitating recall,fold01,205,0.0,0.0,1.0,circular_shift_exact_mask_geometry
3,L3,Hesitating recall,fold01,206,0.0,0.0,1.0,circular_shift_exact_mask_geometry
3,L3,Hesitating recall,fold01,207,0.0,0.0,1.0,circular_shift_exact_mask_geometry
3,L3,Hesitating recall,fold01,208,0.0,0.0,1.0,circular_shift_exact_mask_geometry
3,L3,Hesitating recall,fold01,209,0.0,0.0,1.0,circular_shift_exact_mask_geometry
3,L3,Hesitating recall,fold01,210,0.0,0.0,1.0,circular_shift_exact_mask_geometry
3,L3,Hesitating recall,fold01,211,0.0,0.0,1.0,circular_shift_exact_mask_geometry
3,L3,Hesitating recall,fold01,212,0.0,0.0,1.0,circular_shift_exact_mask_geometry
3,L3,Hesitating recall,fold01,213,0.0,0.0,1.0,circular_shift_exact_mask_geometry
3,L3,Hesitating recall,fold01,214,0.0,0.0,1.0,circular_shift_exact_mask_geometry
3,L3,Hesitating recall,fold01,215,0.0,0.0,1.0,circular_shift_exact_mask_geometry
3,L3,Hesitating recall,fold01,216,0.0,0.0,1.0,circular_shift_exact_mask_geometry
3,L3,Hesitating recall,fold01,217,0.0,0.0,1.0,circular_shift_exact_mask_geometry
3,L3,Hesitating recall,fold01,218,0.0,0.0,1.0,circular_shift_exact_mask_geometry
3,L3,Hesitating recall,fold01,219,0.0,0.0,1.0,circular_shift_exact_mask_geometry
3,L3,Hesitating recall,fold01,220,0.0,0.0,1.0,circular_shift_exact_mask_geometry
3,L3,Hesitating recall,fold01,221,0.0,0.0,1.0,circular_shift_exact_mask_geometry
3,L3,Hesitating recall,fold01,222,0.0,0.0,1.0,circular_shift_exact_mask_geometry
3,L3,Hesitating recall,fold01,223,0.0,0.0,1.0,circular_shift_exact_mask_geometry
3,L3,Hesitating recall,fold01,224,0.0,0.0,1.0,circular_shift_exact_mask_geometry
3,L3,Hesitating recall,fold01,225,0.0,0.0,1.0,circular_shift_exact_mask_geometry
3,L3,Hesitating recall,fold01,226,0.0,0.0,1.0,circular_shift_exact_mask_geometry
3,L3,Hesitating recall,fold01,227,0.0,0.0,1.0,circular_shift_exact_mask_geometry
3,L3,Hesitating recall,fold01,228,0.0,0.0,1.0,circular_shift_exact_mask_geometry
3,L3,Hesitating recall,fold01,229,0.0,0.0,1.0,circular_shift_exact_mask_geometry
3,L3,Hesitating recall,fold01,230,0.0,0.0,1.0,circular_shift_exact_mask_geometry
3,L3,Hesitating recall,fold01,231,0.0,0.0,1.0,circular_shift_exact_mask_geometry
3,L3,Hesitating recall,fold01,232,0.0,0.0,1.0,circular_shift_exact_mask_geometry
3,L3,Hesitating recall,fold01,233,0.0,0.0,1.0,circular_shift_exact_mask_geometry
3,L3,Hesitating recall,fold01,234,0.0,0.0,1.0,circular_shift_exact_mask_geometry
3,L3,Hesitating recall,fold01,235,0.0,0.0,1.0,circular_shift_exact_mask_geometry
3,L3,Hesitating recall,fold01,236,0.0,0.0,1.0,circular_shift_exact_mask_geometry
3,L3,Hesitating recall,fold01,237,0.0,0.0,1.0,circular_shift_exact_mask_geometry
3,L3,Hesitating recall,fold01,238,0.0,0.0,1.0,circular_shift_exact_mask_geometry
3,L3,Hesitating recall,fold01,239,0.0,0.0,1.0,circular_shift_exact_mask_geometry
3,L3,Hesitating recall,fold01,240,0.0,0.0,1.0,circular_shift_exact_mask_geometry
3,L3,Hesitating recall,fold01,241,0.0,0.0,1.0,circular_shift_exact_mask_geometry
3,L3,Hesitating recall,fold01,242,0.0,0.0,1.0,circular_shift_exact_mask_geometry
3,L3,Hesitating recall,fold01,243,0.0,0.0,1.0,circular_shift_exact_mask_geometry
3,L3,Hesitating recall,fold01,244,0.0,0.0,1.0,circular_shift_exact_mask_geometry
3,L3,Hesitating recall,fold01,245,0.0,0.0,1.0,circular_shift_exact_mask_geometry
3,L3,Hesitating recall,fold01,246,0.0,0.0,1.0,circular_shift_exact_mask_geometry
3,L3,Hesitating recall,fold01,247,0.0,0.0,1.0,circular_shift_exact_mask_geometry
3,L3,Hesitating recall,fold01,248,0.0,0.0,1.0,circular_shift_exact_mask_geometry
3,L3,Hesitating recall,fold01,249,0.0,0.0,1.0,circular_shift_exact_mask_geometry
3,L3,Hesitating recall,fold01,250,0.0,0.0,1.0,circular_shift_exact_mask_geometry
3,L3,Hesitating recall,fold01,251,0.0,0.0,1.0,circular_shift_exact_mask_geometry
3,L3,Hesitating recall,fold01,252,0.0,0.0,1.0,circular_shift_exact_mask_geometry
3,L3,Hesitating recall,fold01,253,0.0,0.0,1.0,circular_shift_exact_mask_geometry
3,L3,Hesitating recall,fold01,254,0.0,0.0,1.0,circular_shift_exact_mask_geometry
3,L3,Hesitating recall,fold01,255,0.0,0.0,1.0,circular_shift_exact_mask_geometry
3,L3,Hesitating recall,fold01,256,0.0,0.0,1.0,circular_shift_exact_mask_geometry
3,L3,Hesitating recall,fold01,257,0.0,0.0,1.0,circular_shift_exact_mask_geometry
3,L3,Hesitating recall,fold01,258,0.0,0.0,1.0,circular_shift_exact_mask_geometry
3,L3,Hesitating recall,fold01,259,0.0,0.0,1.0,circular_shift_exact_mask_geometry
3,L3,Hesitating recall,fold01,260,0.0,0.0,1.0,circular_shift_exact_mask_geometry
3,L3,Hesitating recall,fold01,261,0.0,0.0,1.0,circular_shift_exact_mask_geometry
3,L3,Hesitating recall,fold01,262,0.0,0.0,1.0,circular_shift_exact_mask_geometry
3,L3,Hesitating recall,fold01,263,0.0,0.0,1.0,circular_shift_exact_mask_geometry
3,L3,Hesitating recall,fold01,264,0.0,0.0,1.0,circular_shift_exact_mask_geometry
3,L3,Hesitating recall,fold01,265,0.0,0.0,1.0,circular_shift_exact_mask_geometry
3,L3,Hesitating recall,fold01,266,0.0,0.0,1.0,circular_shift_exact_mask_geometry
3,L3,Hesitating recall,fold01,267,0.0,0.0,1.0,circular_shift_exact_mask_geometry
3,L3,Hesitating recall,fold01,268,0.0,0.0,1.0,circular_shift_exact_mask_geometry
3,L3,Hesitating recall,fold01,269,0.0,0.0,1.0,circular_shift_exact_mask_geometry
3,L3,Hesitating recall,fold01,270,0.0,0.0,1.0,circular_shift_exact_mask_geometry
3,L3,Hesitating recall,fold01,271,0.0,0.0,1.0,circular_shift_exact_mask_geometry
3,L3,Hesitating recall,fold01,272,0.0,0.0,1.0,circular_shift_exact_mask_geometry
3,L3,Hesitating recall,fold01,273,0.0,0.0,1.0,circular_shift_exact_mask_geometry
3,L3,Hesitating recall,fold01,274,0.0,0.0,1.0,circular_shift_exact_mask_geometry
3,L3,Hesitating recall,fold01,275,0.0,0.0,1.0,circular_shift_exact_mask_geometry
3,L3,Hesitating recall,fold01,276,0.0,0.0,1.0,circular_shift_exact_mask_geometry
3,L3,Hesitating recall,fold01,277,0.0,0.0,1.0,circular_shift_exact_mask_geometry
3,L3,Hesitating recall,fold01,278,0.0,0.0,1.0,circular_shift_exact_mask_geometry
3,L3,Hesitating recall,fold01,279,0.0,0.0,1.0,circular_shift_exact_mask_geometry
3,L3,Hesitating recall,fold01,280,0.0,0.0,1.0,circular_shift_exact_mask_geometry
3,L3,Hesitating recall,fold01,281,0.0,0.0,1.0,circular_shift_exact_mask_geometry
3,L3,Hesitating recall,fold01,282,0.0,0.0,1.0,circular_shift_exact_mask_geometry
3,L3,Hesitating recall,fold01,283,0.0,0.0,1.0,circular_shift_exact_mask_geometry
3,L3,Hesitating recall,fold01,284,0.0,0.0,1.0,circular_shift_exact_mask_geometry
3,L3,Hesitating recall,fold01,285,0.0,0.0,1.0,circular_shift_exact_mask_geometry
3,L3,Hesitating recall,fold01,286,0.0,0.0,1.0,circular_shift_exact_mask_geometry
3,L3,Hesitating recall,fold01,287,0.0,0.0,1.0,circular_shift_exact_mask_geometry
3,L3,Hesitating recall,fold01,288,0.0,0.0,1.0,circular_shift_exact_mask_geometry
3,L3,Hesitating recall,fold01,289,0.0,0.0,1.0,circular_shift_exact_mask_geometry
3,L3,Hesitating recall,fold01,290,0.0,0.0,1.0,circular_shift_exact_mask_geometry
3,L3,Hesitating recall,fold01,291,0.0,0.0,1.0,circular_shift_exact_mask_geometry
3,L3,Hesitating recall,fold01,292,0.0,0.0,1.0,circular_shift_exact_mask_geometry
3,L3,Hesitating recall,fold01,293,0.0,0.0,1.0,circular_shift_exact_mask_geometry
3,L3,Hesitating recall,fold01,294,0.0,0.0,1.0,circular_shift_exact_mask_geometry
3,L3,Hesitating recall,fold01,295,0.0,0.0,1.0,circular_shift_exact_mask_geometry
3,L3,Hesitating recall,fold01,296,0.0,0.0,1.0,circular_shift_exact_mask_geometry
3,L3,Hesitating recall,fold01,297,0.0,0.0,1.0,circular_shift_exact_mask_geometry
3,L3,Hesitating recall,fold01,298,0.0,0.0,1.0,circular_shift_exact_mask_geometry
3,L3,Hesitating recall,fold01,299,0.0,0.0,1.0,circular_shift_exact_mask_geometry
3,L3,Hesitating recall,fold01,300,0.0,0.0,1.0,circular_shift_exact_mask_geometry
3,L3,Hesitating recall,fold01,301,0.0,0.0,1.0,circular_shift_exact_mask_geometry
3,L3,Hesitating recall,fold01,302,0.0,0.0,1.0,circular_shift_exact_mask_geometry
3,L3,Hesitating recall,fold01,303,0.0,0.0,1.0,circular_shift_exact_mask_geometry
3,L3,Hesitating recall,fold01,304,0.0,0.0,1.0,circular_shift_exact_mask_geometry
3,L3,Hesitating recall,fold01,305,0.0,0.0,1.0,circular_shift_exact_mask_geometry
3,L3,Hesitating recall,fold01,306,0.0,0.0,1.0,circular_shift_exact_mask_geometry
3,L3,Hesitating recall,fold01,307,0.0,0.0,1.0,circular_shift_exact_mask_geometry
3,L3,Hesitating recall,fold01,308,0.0,0.0,1.0,circular_shift_exact_mask_geometry
3,L3,Hesitating recall,fold01,309,0.0,0.0,1.0,circular_shift_exact_mask_geometry
3,L3,Hesitating recall,fold01,310,0.0,0.0,1.0,circular_shift_exact_mask_geometry
3,L3,Hesitating recall,fold01,311,0.0,0.0,1.0,circular_shift_exact_mask_geometry
3,L3,Hesitating recall,fold01,312,0.0,0.0,1.0,circular_shift_exact_mask_geometry
3,L3,Hesitating recall,fold01,313,0.0,0.0,1.0,circular_shift_exact_mask_geometry
3,L3,Hesitating recall,fold01,314,0.0,0.0,1.0,circular_shift_exact_mask_geometry
3,L3,Hesitating recall,fold01,315,0.0,0.0,1.0,circular_shift_exact_mask_geometry
3,L3,Hesitating recall,fold01,316,0.0,0.0,1.0,circular_shift_exact_mask_geometry
3,L3,Hesitating recall,fold01,317,0.0,0.0,1.0,circular_shift_exact_mask_geometry
3,L3,Hesitating recall,fold01,318,0.0,0.0,1.0,circular_shift_exact_mask_geometry
3,L3,Hesitating recall,fold01,319,0.0,0.0,1.0,circular_shift_exact_mask_geometry
3,L3,Hesitating recall,fold01,320,0.0,0.0,1.0,circular_shift_exact_mask_geometry
3,L3,Hesitating recall,fold01,321,0.0,0.0,1.0,circular_shift_exact_mask_geometry
3,L3,Hesitating recall,fold01,322,0.0,0.0,1.0,circular_shift_exact_mask_geometry
3,L3,Hesitating recall,fold01,323,0.0,0.0,1.0,circular_shift_exact_mask_geometry
3,L3,Hesitating recall,fold01,324,0.0,0.0,1.0,circular_shift_exact_mask_geometry
3,L3,Hesitating recall,fold01,325,0.0,0.0,1.0,circular_shift_exact_mask_geometry
3,L3,Hesitating recall,fold01,326,0.0,0.0,1.0,circular_shift_exact_mask_geometry
3,L3,Hesitating recall,fold01,327,0.0,0.0,1.0,circular_shift_exact_mask_geometry
3,L3,Hesitating recall,fold01,328,0.0,0.0,1.0,circular_shift_exact_mask_geometry
3,L3,Hesitating recall,fold01,329,0.0,0.0,1.0,circular_shift_exact_mask_geometry
3,L3,Hesitating recall,fold01,330,0.0,0.0,1.0,circular_shift_exact_mask_geometry
3,L3,Hesitating recall,fold01,331,0.0,0.0,1.0,circular_shift_exact_mask_geometry
3,L3,Hesitating recall,fold01,332,0.0,0.0,1.0,circular_shift_exact_mask_geometry
3,L3,Hesitating recall,fold01,333,0.0,0.0,1.0,circular_shift_exact_mask_geometry
3,L3,Hesitating recall,fold01,334,0.0,0.0,1.0,circular_shift_exact_mask_geometry
3,L3,Hesitating recall,fold01,335,0.0,0.0,1.0,circular_shift_exact_mask_geometry
3,L3,Hesitating recall,fold01,336,0.0,0.0,1.0,circular_shift_exact_mask_geometry
3,L3,Hesitating recall,fold01,337,0.0,0.0,1.0,circular_shift_exact_mask_geometry
3,L3,Hesitating recall,fold01,338,0.0,0.0,1.0,circular_shift_exact_mask_geometry
3,L3,Hesitating recall,fold01,339,0.0,0.0,1.0,circular_shift_exact_mask_geometry
3,L3,Hesitating recall,fold01,340,0.0,0.0,1.0,circular_shift_exact_mask_geometry
3,L3,Hesitating recall,fold01,341,0.0,0.0,1.0,circular_shift_exact_mask_geometry
3,L3,Hesitating recall,fold01,342,0.0,0.0,1.0,circular_shift_exact_mask_geometry
3,L3,Hesitating recall,fold01,343,0.0,0.0,1.0,circular_shift_exact_mask_geometry
3,L3,Hesitating recall,fold01,344,0.0,0.0,1.0,circular_shift_exact_mask_geometry
3,L3,Hesitating recall,fold01,345,0.0,0.0,1.0,circular_shift_exact_mask_geometry
3,L3,Hesitating recall,fold01,346,0.0,0.0,1.0,circular_shift_exact_mask_geometry
3,L3,Hesitating recall,fold01,347,0.0,0.0,1.0,circular_shift_exact_mask_geometry
3,L3,Hesitating recall,fold01,348,0.0,0.0,1.0,circular_shift_exact_mask_geometry
3,L3,Hesitating recall,fold01,349,0.0,0.0,1.0,circular_shift_exact_mask_geometry
3,L3,Hesitating recall,fold01,350,0.0,0.0,1.0,circular_shift_exact_mask_geometry
3,L3,Hesitating recall,fold01,351,0.0,0.0,1.0,circular_shift_exact_mask_geometry
3,L3,Hesitating recall,fold01,352,0.0,0.0,1.0,circular_shift_exact_mask_geometry
3,L3,Hesitating recall,fold01,353,0.0,0.0,1.0,circular_shift_exact_mask_geometry
3,L3,Hesitating recall,fold01,354,0.0,0.0,1.0,circular_shift_exact_mask_geometry
3,L3,Hesitating recall,fold01,355,0.0,0.0,1.0,circular_shift_exact_mask_geometry
3,L3,Hesitating recall,fold01,356,0.0,0.0,1.0,circular_shift_exact_mask_geometry
3,L3,Hesitating recall,fold01,357,0.0,0.0,1.0,circular_shift_exact_mask_geometry
3,L3,Hesitating recall,fold01,358,0.0,0.0,1.0,circular_shift_exact_mask_geometry
3,L3,Hesitating recall,fold01,359,0.0,0.0,1.0,circular_shift_exact_mask_geometry
3,L3,Hesitating recall,fold01,360,0.0,0.0,1.0,circular_shift_exact_mask_geometry
3,L3,Hesitating recall,fold01,361,0.0,0.0,1.0,circular_shift_exact_mask_geometry
3,L3,Hesitating recall,fold01,362,0.0,0.0,1.0,circular_shift_exact_mask_geometry
3,L3,Hesitating recall,fold01,363,0.0,0.0,1.0,circular_shift_exact_mask_geometry
3,L3,Hesitating recall,fold01,364,0.0,0.0,1.0,circular_shift_exact_mask_geometry
3,L3,Hesitating recall,fold01,365,0.0,0.0,1.0,circular_shift_exact_mask_geometry
3,L3,Hesitating recall,fold01,366,0.0,0.0,1.0,circular_shift_exact_mask_geometry
3,L3,Hesitating recall,fold01,367,0.0,0.0,1.0,circular_shift_exact_mask_geometry
3,L3,Hesitating recall,fold01,368,0.0,0.0,1.0,circular_shift_exact_mask_geometry
3,L3,Hesitating recall,fold01,369,0.0,0.0,1.0,circular_shift_exact_mask_geometry
3,L3,Hesitating recall,fold01,370,0.0,0.0,1.0,circular_shift_exact_mask_geometry
3,L3,Hesitating recall,fold01,371,0.0,0.0,1.0,circular_shift_exact_mask_geometry
3,L3,Hesitating recall,fold01,372,0.0,0.0,1.0,circular_shift_exact_mask_geometry
3,L3,Hesitating recall,fold01,373,0.0,0.0,1.0,circular_shift_exact_mask_geometry
3,L3,Hesitating recall,fold01,374,0.0,0.0,1.0,circular_shift_exact_mask_geometry
3,L3,Hesitating recall,fold01,375,0.0,0.0,1.0,circular_shift_exact_mask_geometry
3,L3,Hesitating recall,fold01,376,0.0,0.0,1.0,circular_shift_exact_mask_geometry
3,L3,Hesitating recall,fold01,377,0.0,0.0,1.0,circular_shift_exact_mask_geometry
3,L3,Hesitating recall,fold01,378,0.0,0.0,1.0,circular_shift_exact_mask_geometry
3,L3,Hesitating recall,fold01,379,0.0,0.0,1.0,circular_shift_exact_mask_geometry
3,L3,Hesitating recall,fold01,380,0.0,0.0,1.0,circular_shift_exact_mask_geometry
3,L3,Hesitating recall,fold01,381,0.0,0.0,1.0,circular_shift_exact_mask_geometry
3,L3,Hesitating recall,fold01,382,0.0,0.0,1.0,circular_shift_exact_mask_geometry
3,L3,Hesitating recall,fold01,383,0.0,0.0,1.0,circular_shift_exact_mask_geometry
3,L3,Hesitating recall,fold01,384,0.0,0.0,1.0,circular_shift_exact_mask_geometry
3,L3,Hesitating recall,fold01,385,0.0,0.0,1.0,circular_shift_exact_mask_geometry
3,L3,Hesitating recall,fold01,386,0.0,0.0,1.0,circular_shift_exact_mask_geometry
3,L3,Hesitating recall,fold01,387,0.0,0.0,1.0,circular_shift_exact_mask_geometry
3,L3,Hesitating recall,fold01,388,0.0,0.0,1.0,circular_shift_exact_mask_geometry
3,L3,Hesitating recall,fold01,389,0.0,0.0,1.0,circular_shift_exact_mask_geometry
3,L3,Hesitating recall,fold01,390,0.0,0.0,1.0,circular_shift_exact_mask_geometry
3,L3,Hesitating recall,fold01,391,0.0,0.0,1.0,circular_shift_exact_mask_geometry
3,L3,Hesitating recall,fold01,392,0.0,0.0,1.0,circular_shift_exact_mask_geometry
3,L3,Hesitating recall,fold01,393,0.0,0.0,1.0,circular_shift_exact_mask_geometry
3,L3,Hesitating recall,fold01,394,0.0,0.0,1.0,circular_shift_exact_mask_geometry
3,L3,Hesitating recall,fold01,395,0.0,0.0,1.0,circular_shift_exact_mask_geometry
3,L3,Hesitating recall,fold01,396,0.0,0.0,1.0,circular_shift_exact_mask_geometry
3,L3,Hesitating recall,fold01,397,0.0,0.0,1.0,circular_shift_exact_mask_geometry
3,L3,Hesitating recall,fold01,398,0.0,0.0,1.0,circular_shift_exact_mask_geometry
3,L3,Hesitating recall,fold01,399,0.0,0.0,1.0,circular_shift_exact_mask_geometry
3,L3,Hesitating recall,fold01,400,0.0,0.0,1.0,circular_shift_exact_mask_geometry
3,L3,Hesitating recall,fold01,401,0.0,0.0,1.0,circular_shift_exact_mask_geometry
3,L3,Hesitating recall,fold01,402,0.0,0.0,1.0,circular_shift_exact_mask_geometry
3,L3,Hesitating recall,fold01,403,0.0,0.0,1.0,circular_shift_exact_mask_geometry
3,L3,Hesitating recall,fold01,404,0.0,0.0,1.0,circular_shift_exact_mask_geometry
3,L3,Hesitating recall,fold01,405,0.0,0.0,1.0,circular_shift_exact_mask_geometry
3,L3,Hesitating recall,fold01,406,0.0,0.0,1.0,circular_shift_exact_mask_geometry
3,L3,Hesitating recall,fold01,407,0.0,0.0,1.0,circular_shift_exact_mask_geometry
3,L3,Hesitating recall,fold01,408,0.0,0.0,1.0,circular_shift_exact_mask_geometry
3,L3,Hesitating recall,fold01,409,0.0,0.0,1.0,circular_shift_exact_mask_geometry
3,L3,Hesitating recall,fold01,410,0.0,0.0,1.0,circular_shift_exact_mask_geometry
3,L3,Hesitating recall,fold01,411,0.0,0.0,1.0,circular_shift_exact_mask_geometry
3,L3,Hesitating recall,fold01,412,0.0,0.0,1.0,circular_shift_exact_mask_geometry
3,L3,Hesitating recall,fold01,413,0.0,0.0,1.0,circular_shift_exact_mask_geometry
3,L3,Hesitating recall,fold01,414,0.0,0.0,1.0,circular_shift_exact_mask_geometry
3,L3,Hesitating recall,fold01,415,0.0,0.0,1.0,circular_shift_exact_mask_geometry
3,L3,Hesitating recall,fold01,416,0.0,0.0,1.0,circular_shift_exact_mask_geometry
3,L3,Hesitating recall,fold01,417,0.0,0.0,1.0,circular_shift_exact_mask_geometry
3,L3,Hesitating recall,fold01,418,0.0,0.0,1.0,circular_shift_exact_mask_geometry
3,L3,Hesitating recall,fold01,419,0.0,0.0,1.0,circular_shift_exact_mask_geometry
3,L3,Hesitating recall,fold01,420,0.0,0.0,1.0,circular_shift_exact_mask_geometry
3,L3,Hesitating recall,fold01,421,0.0,0.0,1.0,circular_shift_exact_mask_geometry
3,L3,Hesitating recall,fold01,422,0.0,0.0,1.0,circular_shift_exact_mask_geometry
3,L3,Hesitating recall,fold01,423,0.0,0.0,1.0,circular_shift_exact_mask_geometry
3,L3,Hesitating recall,fold01,424,0.0,0.0,1.0,circular_shift_exact_mask_geometry
3,L3,Hesitating recall,fold01,425,0.0,0.0,1.0,circular_shift_exact_mask_geometry
3,L3,Hesitating recall,fold01,426,0.0,0.0,1.0,circular_shift_exact_mask_geometry
3,L3,Hesitating recall,fold01,427,0.0,0.0,1.0,circular_shift_exact_mask_geometry
3,L3,Hesitating recall,fold01,428,0.0,0.0,1.0,circular_shift_exact_mask_geometry
3,L3,Hesitating recall,fold01,429,0.0,0.0,1.0,circular_shift_exact_mask_geometry
3,L3,Hesitating recall,fold01,430,0.0,0.0,1.0,circular_shift_exact_mask_geometry
3,L3,Hesitating recall,fold01,431,0.0,0.0,1.0,circular_shift_exact_mask_geometry
3,L3,Hesitating recall,fold01,432,0.0,0.0,1.0,circular_shift_exact_mask_geometry
3,L3,Hesitating recall,fold01,433,0.0,0.0,1.0,circular_shift_exact_mask_geometry
3,L3,Hesitating recall,fold01,434,0.0,0.0,1.0,circular_shift_exact_mask_geometry
3,L3,Hesitating recall,fold01,435,0.0,0.0,1.0,circular_shift_exact_mask_geometry
3,L3,Hesitating recall,fold01,436,0.0,0.0,1.0,circular_shift_exact_mask_geometry
3,L3,Hesitating recall,fold01,437,0.0,0.0,1.0,circular_shift_exact_mask_geometry
3,L3,Hesitating recall,fold01,438,0.0,0.0,1.0,circular_shift_exact_mask_geometry
3,L3,Hesitating recall,fold01,439,0.0,0.0,1.0,circular_shift_exact_mask_geometry
3,L3,Hesitating recall,fold01,440,0.0,0.0,1.0,circular_shift_exact_mask_geometry
3,L3,Hesitating recall,fold01,441,0.0,0.0,1.0,circular_shift_exact_mask_geometry
3,L3,Hesitating recall,fold01,442,0.0,0.0,1.0,circular_shift_exact_mask_geometry
3,L3,Hesitating recall,fold01,443,0.0,0.0,1.0,circular_shift_exact_mask_geometry
3,L3,Hesitating recall,fold01,444,0.0,0.0,1.0,circular_shift_exact_mask_geometry
3,L3,Hesitating recall,fold01,445,0.0,0.0,1.0,circular_shift_exact_mask_geometry
3,L3,Hesitating recall,fold01,446,0.0,0.0,1.0,circular_shift_exact_mask_geometry
3,L3,Hesitating recall,fold01,447,0.0,0.0,1.0,circular_shift_exact_mask_geometry
3,L3,Hesitating recall,fold01,448,0.0,0.0,1.0,circular_shift_exact_mask_geometry
3,L3,Hesitating recall,fold01,449,0.0,0.0,1.0,circular_shift_exact_mask_geometry
3,L3,Hesitating recall,fold01,450,0.0,0.0,1.0,circular_shift_exact_mask_geometry
3,L3,Hesitating recall,fold01,451,0.0,0.0,1.0,circular_shift_exact_mask_geometry
3,L3,Hesitating recall,fold01,452,0.0,0.0,1.0,circular_shift_exact_mask_geometry
3,L3,Hesitating recall,fold01,453,0.0,0.0,1.0,circular_shift_exact_mask_geometry
3,L3,Hesitating recall,fold01,454,0.0,0.0,1.0,circular_shift_exact_mask_geometry
3,L3,Hesitating recall,fold01,455,0.0,0.0,1.0,circular_shift_exact_mask_geometry
3,L3,Hesitating recall,fold01,456,0.0,0.0,1.0,circular_shift_exact_mask_geometry
3,L3,Hesitating recall,fold01,457,0.0,0.0,1.0,circular_shift_exact_mask_geometry
3,L3,Hesitating recall,fold01,458,0.0,0.0,1.0,circular_shift_exact_mask_geometry
3,L3,Hesitating recall,fold01,459,0.0,0.0,1.0,circular_shift_exact_mask_geometry
3,L3,Hesitating recall,fold01,460,0.0,0.0,1.0,circular_shift_exact_mask_geometry
3,L3,Hesitating recall,fold01,461,0.0,0.0,1.0,circular_shift_exact_mask_geometry
3,L3,Hesitating recall,fold01,462,0.0,0.0,1.0,circular_shift_exact_mask_geometry
3,L3,Hesitating recall,fold01,463,0.0,0.0,1.0,circular_shift_exact_mask_geometry
3,L3,Hesitating recall,fold01,464,0.0,0.0,1.0,circular_shift_exact_mask_geometry
3,L3,Hesitating recall,fold01,465,0.0,0.0,1.0,circular_shift_exact_mask_geometry
3,L3,Hesitating recall,fold01,466,0.0,0.0,1.0,circular_shift_exact_mask_geometry
3,L3,Hesitating recall,fold01,467,0.0,0.0,1.0,circular_shift_exact_mask_geometry
3,L3,Hesitating recall,fold01,468,0.0,0.0,1.0,circular_shift_exact_mask_geometry
3,L3,Hesitating recall,fold01,469,0.0,0.0,1.0,circular_shift_exact_mask_geometry
3,L3,Hesitating recall,fold01,470,0.0,0.0,1.0,circular_shift_exact_mask_geometry
3,L3,Hesitating recall,fold01,471,0.0,0.0,1.0,circular_shift_exact_mask_geometry
3,L3,Hesitating recall,fold01,472,0.0,0.0,1.0,circular_shift_exact_mask_geometry
3,L3,Hesitating recall,fold01,473,0.0,0.0,1.0,circular_shift_exact_mask_geometry
3,L3,Hesitating recall,fold01,474,0.0,0.0,1.0,circular_shift_exact_mask_geometry
3,L3,Hesitating recall,fold01,475,0.0,0.0,1.0,circular_shift_exact_mask_geometry
3,L3,Hesitating recall,fold01,476,0.0,0.0,1.0,circular_shift_exact_mask_geometry
3,L3,Hesitating recall,fold01,477,0.0,0.0,1.0,circular_shift_exact_mask_geometry
3,L3,Hesitating recall,fold01,478,0.0,0.0,1.0,circular_shift_exact_mask_geometry
3,L3,Hesitating recall,fold01,479,0.0,0.0,1.0,circular_shift_exact_mask_geometry
3,L3,Hesitating recall,fold01,480,0.0,0.0,1.0,circular_shift_exact_mask_geometry
3,L3,Hesitating recall,fold01,481,0.0,0.0,1.0,circular_shift_exact_mask_geometry
3,L3,Hesitating recall,fold01,482,0.0,0.0,1.0,circular_shift_exact_mask_geometry
3,L3,Hesitating recall,fold01,483,0.0,0.0,1.0,circular_shift_exact_mask_geometry
3,L3,Hesitating recall,fold01,484,0.0,0.0,1.0,circular_shift_exact_mask_geometry
3,L3,Hesitating recall,fold01,485,0.0,0.0,1.0,circular_shift_exact_mask_geometry
3,L3,Hesitating recall,fold01,486,0.0,0.0,1.0,circular_shift_exact_mask_geometry
3,L3,Hesitating recall,fold01,487,0.0,0.0,1.0,circular_shift_exact_mask_geometry
3,L3,Hesitating recall,fold01,488,0.0,0.0,1.0,circular_shift_exact_mask_geometry
3,L3,Hesitating recall,fold01,489,0.0,0.0,1.0,circular_shift_exact_mask_geometry
3,L3,Hesitating recall,fold01,490,0.0,0.0,1.0,circular_shift_exact_mask_geometry
3,L3,Hesitating recall,fold01,491,0.0,0.0,1.0,circular_shift_exact_mask_geometry
3,L3,Hesitating recall,fold01,492,0.0,0.0,1.0,circular_shift_exact_mask_geometry
3,L3,Hesitating recall,fold01,493,0.0,0.0,1.0,circular_shift_exact_mask_geometry
3,L3,Hesitating recall,fold01,494,0.0,0.0,1.0,circular_shift_exact_mask_geometry
3,L3,Hesitating recall,fold01,495,0.0,0.0,1.0,circular_shift_exact_mask_geometry
3,L3,Hesitating recall,fold01,496,0.0,0.0,1.0,circular_shift_exact_mask_geometry
3,L3,Hesitating recall,fold01,497,0.0,0.0,1.0,circular_shift_exact_mask_geometry
3,L3,Hesitating recall,fold01,498,0.0,0.0,1.0,circular_shift_exact_mask_geometry
3,L3,Hesitating recall,fold01,499,0.0,0.0,1.0,circular_shift_exact_mask_geometry
3,L3,Hesitating recall,fold01,500,0.0,0.0,1.0,circular_shift_exact_mask_geometry
5,L5,Walking recall,fold01,1,-8.17669172932331,-6.86090225563909,0.7724550898203593,circular_shift_exact_mask_geometry
5,L5,Walking recall,fold01,2,-11.090225563909769,-6.86090225563909,0.7724550898203593,circular_shift_exact_mask_geometry
5,L5,Walking recall,fold01,3,-10.103383458646618,-6.86090225563909,0.7724550898203593,circular_shift_exact_mask_geometry
5,L5,Walking recall,fold01,4,-6.531954887218049,-6.86090225563909,0.7724550898203593,circular_shift_exact_mask_geometry
5,L5,Walking recall,fold01,5,-7.189849624060159,-6.86090225563909,0.7724550898203593,circular_shift_exact_mask_geometry
5,L5,Walking recall,fold01,6,-6.86090225563909,-6.86090225563909,0.7724550898203593,circular_shift_exact_mask_geometry
5,L5,Walking recall,fold01,7,-11.748120300751879,-6.86090225563909,0.7724550898203593,circular_shift_exact_mask_geometry
5,L5,Walking recall,fold01,8,-3.2894736842105203,-6.86090225563909,0.7724550898203593,circular_shift_exact_mask_geometry
5,L5,Walking recall,fold01,9,-6.531954887218049,-6.86090225563909,0.7724550898203593,circular_shift_exact_mask_geometry
5,L5,Walking recall,fold01,10,-11.419172932330824,-6.86090225563909,0.7724550898203593,circular_shift_exact_mask_geometry
5,L5,Walking recall,fold01,11,-4.276315789473678,-6.86090225563909,0.7724550898203593,circular_shift_exact_mask_geometry
5,L5,Walking recall,fold01,12,-7.5187969924811995,-6.86090225563909,0.7724550898203593,circular_shift_exact_mask_geometry
5,L5,Walking recall,fold01,13,-6.531954887218049,-6.86090225563909,0.7724550898203593,circular_shift_exact_mask_geometry
5,L5,Walking recall,fold01,14,-11.419172932330824,-6.86090225563909,0.7724550898203593,circular_shift_exact_mask_geometry
5,L5,Walking recall,fold01,15,-6.86090225563909,-6.86090225563909,0.7724550898203593,circular_shift_exact_mask_geometry
5,L5,Walking recall,fold01,16,-7.5187969924811995,-6.86090225563909,0.7724550898203593,circular_shift_exact_mask_geometry
5,L5,Walking recall,fold01,17,-6.531954887218049,-6.86090225563909,0.7724550898203593,circular_shift_exact_mask_geometry
5,L5,Walking recall,fold01,18,-7.847744360902254,-6.86090225563909,0.7724550898203593,circular_shift_exact_mask_geometry
5,L5,Walking recall,fold01,19,-2.9605263157894726,-6.86090225563909,0.7724550898203593,circular_shift_exact_mask_geometry
5,L5,Walking recall,fold01,20,-7.189849624060159,-6.86090225563909,0.7724550898203593,circular_shift_exact_mask_geometry
5,L5,Walking recall,fold01,21,-10.43233082706766,-6.86090225563909,0.7724550898203593,circular_shift_exact_mask_geometry
5,L5,Walking recall,fold01,22,-10.761278195488728,-6.86090225563909,0.7724550898203593,circular_shift_exact_mask_geometry
5,L5,Walking recall,fold01,23,-6.531954887218049,-6.86090225563909,0.7724550898203593,circular_shift_exact_mask_geometry
5,L5,Walking recall,fold01,24,-6.531954887218049,-6.86090225563909,0.7724550898203593,circular_shift_exact_mask_geometry
5,L5,Walking recall,fold01,25,-6.203007518796994,-6.86090225563909,0.7724550898203593,circular_shift_exact_mask_geometry
5,L5,Walking recall,fold01,26,-11.748120300751879,-6.86090225563909,0.7724550898203593,circular_shift_exact_mask_geometry
5,L5,Walking recall,fold01,27,-6.86090225563909,-6.86090225563909,0.7724550898203593,circular_shift_exact_mask_geometry
5,L5,Walking recall,fold01,28,-10.761278195488728,-6.86090225563909,0.7724550898203593,circular_shift_exact_mask_geometry
5,L5,Walking recall,fold01,29,-10.103383458646618,-6.86090225563909,0.7724550898203593,circular_shift_exact_mask_geometry
5,L5,Walking recall,fold01,30,-7.5187969924811995,-6.86090225563909,0.7724550898203593,circular_shift_exact_mask_geometry
5,L5,Walking recall,fold01,31,-11.748120300751879,-6.86090225563909,0.7724550898203593,circular_shift_exact_mask_geometry
5,L5,Walking recall,fold01,32,-7.5187969924811995,-6.86090225563909,0.7724550898203593,circular_shift_exact_mask_geometry
5,L5,Walking recall,fold01,33,-6.203007518796994,-6.86090225563909,0.7724550898203593,circular_shift_exact_mask_geometry
5,L5,Walking recall,fold01,34,-10.761278195488728,-6.86090225563909,0.7724550898203593,circular_shift_exact_mask_geometry
5,L5,Walking recall,fold01,35,-6.531954887218049,-6.86090225563909,0.7724550898203593,circular_shift_exact_mask_geometry
5,L5,Walking recall,fold01,36,-7.189849624060159,-6.86090225563909,0.7724550898203593,circular_shift_exact_mask_geometry
5,L5,Walking recall,fold01,37,-6.531954887218049,-6.86090225563909,0.7724550898203593,circular_shift_exact_mask_geometry
5,L5,Walking recall,fold01,38,-7.847744360902254,-6.86090225563909,0.7724550898203593,circular_shift_exact_mask_geometry
5,L5,Walking recall,fold01,39,-11.090225563909769,-6.86090225563909,0.7724550898203593,circular_shift_exact_mask_geometry
5,L5,Walking recall,fold01,40,-2.9605263157894726,-6.86090225563909,0.7724550898203593,circular_shift_exact_mask_geometry
5,L5,Walking recall,fold01,41,-10.761278195488728,-6.86090225563909,0.7724550898203593,circular_shift_exact_mask_geometry
5,L5,Walking recall,fold01,42,-6.86090225563909,-6.86090225563909,0.7724550898203593,circular_shift_exact_mask_geometry
5,L5,Walking recall,fold01,43,-6.86090225563909,-6.86090225563909,0.7724550898203593,circular_shift_exact_mask_geometry
5,L5,Walking recall,fold01,44,-6.86090225563909,-6.86090225563909,0.7724550898203593,circular_shift_exact_mask_geometry
5,L5,Walking recall,fold01,45,-6.86090225563909,-6.86090225563909,0.7724550898203593,circular_shift_exact_mask_geometry
5,L5,Walking recall,fold01,46,-7.189849624060159,-6.86090225563909,0.7724550898203593,circular_shift_exact_mask_geometry
5,L5,Walking recall,fold01,47,-6.203007518796994,-6.86090225563909,0.7724550898203593,circular_shift_exact_mask_geometry
5,L5,Walking recall,fold01,48,-11.090225563909769,-6.86090225563909,0.7724550898203593,circular_shift_exact_mask_geometry
5,L5,Walking recall,fold01,49,-2.9605263157894726,-6.86090225563909,0.7724550898203593,circular_shift_exact_mask_geometry
5,L5,Walking recall,fold01,50,-11.419172932330824,-6.86090225563909,0.7724550898203593,circular_shift_exact_mask_geometry
5,L5,Walking recall,fold01,51,-7.5187969924811995,-6.86090225563909,0.7724550898203593,circular_shift_exact_mask_geometry
5,L5,Walking recall,fold01,52,-6.86090225563909,-6.86090225563909,0.7724550898203593,circular_shift_exact_mask_geometry
5,L5,Walking recall,fold01,53,-7.847744360902254,-6.86090225563909,0.7724550898203593,circular_shift_exact_mask_geometry
5,L5,Walking recall,fold01,54,-6.86090225563909,-6.86090225563909,0.7724550898203593,circular_shift_exact_mask_geometry
5,L5,Walking recall,fold01,55,-8.17669172932331,-6.86090225563909,0.7724550898203593,circular_shift_exact_mask_geometry
5,L5,Walking recall,fold01,56,-7.189849624060159,-6.86090225563909,0.7724550898203593,circular_shift_exact_mask_geometry
5,L5,Walking recall,fold01,57,-8.505639097744364,-6.86090225563909,0.7724550898203593,circular_shift_exact_mask_geometry
5,L5,Walking recall,fold01,58,-6.531954887218049,-6.86090225563909,0.7724550898203593,circular_shift_exact_mask_geometry
5,L5,Walking recall,fold01,59,-8.17669172932331,-6.86090225563909,0.7724550898203593,circular_shift_exact_mask_geometry
5,L5,Walking recall,fold01,60,-8.17669172932331,-6.86090225563909,0.7724550898203593,circular_shift_exact_mask_geometry
5,L5,Walking recall,fold01,61,-6.531954887218049,-6.86090225563909,0.7724550898203593,circular_shift_exact_mask_geometry
5,L5,Walking recall,fold01,62,-7.5187969924811995,-6.86090225563909,0.7724550898203593,circular_shift_exact_mask_geometry
5,L5,Walking recall,fold01,63,-7.189849624060159,-6.86090225563909,0.7724550898203593,circular_shift_exact_mask_geometry
5,L5,Walking recall,fold01,64,-9.774436090225564,-6.86090225563909,0.7724550898203593,circular_shift_exact_mask_geometry
5,L5,Walking recall,fold01,65,-3.94736842105263,-6.86090225563909,0.7724550898203593,circular_shift_exact_mask_geometry
5,L5,Walking recall,fold01,66,-3.2894736842105203,-6.86090225563909,0.7724550898203593,circular_shift_exact_mask_geometry
5,L5,Walking recall,fold01,67,-3.2894736842105203,-6.86090225563909,0.7724550898203593,circular_shift_exact_mask_geometry
5,L5,Walking recall,fold01,68,-4.276315789473678,-6.86090225563909,0.7724550898203593,circular_shift_exact_mask_geometry
5,L5,Walking recall,fold01,69,-2.6315789473684177,-6.86090225563909,0.7724550898203593,circular_shift_exact_mask_geometry
5,L5,Walking recall,fold01,70,-10.761278195488728,-6.86090225563909,0.7724550898203593,circular_shift_exact_mask_geometry
5,L5,Walking recall,fold01,71,-7.189849624060159,-6.86090225563909,0.7724550898203593,circular_shift_exact_mask_geometry
5,L5,Walking recall,fold01,72,-10.761278195488728,-6.86090225563909,0.7724550898203593,circular_shift_exact_mask_geometry
5,L5,Walking recall,fold01,73,-6.86090225563909,-6.86090225563909,0.7724550898203593,circular_shift_exact_mask_geometry
5,L5,Walking recall,fold01,74,-3.6184210526315823,-6.86090225563909,0.7724550898203593,circular_shift_exact_mask_geometry
5,L5,Walking recall,fold01,75,-10.43233082706766,-6.86090225563909,0.7724550898203593,circular_shift_exact_mask_geometry
5,L5,Walking recall,fold01,76,-3.2894736842105203,-6.86090225563909,0.7724550898203593,circular_shift_exact_mask_geometry
5,L5,Walking recall,fold01,77,-7.189849624060159,-6.86090225563909,0.7724550898203593,circular_shift_exact_mask_geometry
5,L5,Walking recall,fold01,78,-7.5187969924811995,-6.86090225563909,0.7724550898203593,circular_shift_exact_mask_geometry
5,L5,Walking recall,fold01,79,-4.60526315789474,-6.86090225563909,0.7724550898203593,circular_shift_exact_mask_geometry
5,L5,Walking recall,fold01,80,-3.2894736842105203,-6.86090225563909,0.7724550898203593,circular_shift_exact_mask_geometry
5,L5,Walking recall,fold01,81,-7.189849624060159,-6.86090225563909,0.7724550898203593,circular_shift_exact_mask_geometry
5,L5,Walking recall,fold01,82,-10.761278195488728,-6.86090225563909,0.7724550898203593,circular_shift_exact_mask_geometry
5,L5,Walking recall,fold01,83,-7.5187969924811995,-6.86090225563909,0.7724550898203593,circular_shift_exact_mask_geometry
5,L5,Walking recall,fold01,84,-7.847744360902254,-6.86090225563909,0.7724550898203593,circular_shift_exact_mask_geometry
5,L5,Walking recall,fold01,85,-7.5187969924811995,-6.86090225563909,0.7724550898203593,circular_shift_exact_mask_geometry
5,L5,Walking recall,fold01,86,-6.86090225563909,-6.86090225563909,0.7724550898203593,circular_shift_exact_mask_geometry
5,L5,Walking recall,fold01,87,-11.090225563909769,-6.86090225563909,0.7724550898203593,circular_shift_exact_mask_geometry
5,L5,Walking recall,fold01,88,-6.86090225563909,-6.86090225563909,0.7724550898203593,circular_shift_exact_mask_geometry
5,L5,Walking recall,fold01,89,-7.189849624060159,-6.86090225563909,0.7724550898203593,circular_shift_exact_mask_geometry
5,L5,Walking recall,fold01,90,-7.189849624060159,-6.86090225563909,0.7724550898203593,circular_shift_exact_mask_geometry
5,L5,Walking recall,fold01,91,-8.17669172932331,-6.86090225563909,0.7724550898203593,circular_shift_exact_mask_geometry
5,L5,Walking recall,fold01,92,-6.531954887218049,-6.86090225563909,0.7724550898203593,circular_shift_exact_mask_geometry
5,L5,Walking recall,fold01,93,-3.6184210526315823,-6.86090225563909,0.7724550898203593,circular_shift_exact_mask_geometry
5,L5,Walking recall,fold01,94,-11.090225563909769,-6.86090225563909,0.7724550898203593,circular_shift_exact_mask_geometry
5,L5,Walking recall,fold01,95,-11.748120300751879,-6.86090225563909,0.7724550898203593,circular_shift_exact_mask_geometry
5,L5,Walking recall,fold01,96,-7.5187969924811995,-6.86090225563909,0.7724550898203593,circular_shift_exact_mask_geometry
5,L5,Walking recall,fold01,97,-10.43233082706766,-6.86090225563909,0.7724550898203593,circular_shift_exact_mask_geometry
5,L5,Walking recall,fold01,98,-7.189849624060159,-6.86090225563909,0.7724550898203593,circular_shift_exact_mask_geometry
5,L5,Walking recall,fold01,99,-10.761278195488728,-6.86090225563909,0.7724550898203593,circular_shift_exact_mask_geometry
5,L5,Walking recall,fold01,100,-7.189849624060159,-6.86090225563909,0.7724550898203593,circular_shift_exact_mask_geometry
5,L5,Walking recall,fold01,101,-7.5187969924811995,-6.86090225563909,0.7724550898203593,circular_shift_exact_mask_geometry
5,L5,Walking recall,fold01,102,-11.748120300751879,-6.86090225563909,0.7724550898203593,circular_shift_exact_mask_geometry
5,L5,Walking recall,fold01,103,-7.5187969924811995,-6.86090225563909,0.7724550898203593,circular_shift_exact_mask_geometry
5,L5,Walking recall,fold01,104,-8.17669172932331,-6.86090225563909,0.7724550898203593,circular_shift_exact_mask_geometry
5,L5,Walking recall,fold01,105,-7.847744360902254,-6.86090225563909,0.7724550898203593,circular_shift_exact_mask_geometry
5,L5,Walking recall,fold01,106,-7.5187969924811995,-6.86090225563909,0.7724550898203593,circular_shift_exact_mask_geometry
5,L5,Walking recall,fold01,107,-6.86090225563909,-6.86090225563909,0.7724550898203593,circular_shift_exact_mask_geometry
5,L5,Walking recall,fold01,108,-6.86090225563909,-6.86090225563909,0.7724550898203593,circular_shift_exact_mask_geometry
5,L5,Walking recall,fold01,109,-6.86090225563909,-6.86090225563909,0.7724550898203593,circular_shift_exact_mask_geometry
5,L5,Walking recall,fold01,110,-9.774436090225564,-6.86090225563909,0.7724550898203593,circular_shift_exact_mask_geometry
5,L5,Walking recall,fold01,111,-10.761278195488728,-6.86090225563909,0.7724550898203593,circular_shift_exact_mask_geometry
5,L5,Walking recall,fold01,112,-10.43233082706766,-6.86090225563909,0.7724550898203593,circular_shift_exact_mask_geometry
5,L5,Walking recall,fold01,113,-6.531954887218049,-6.86090225563909,0.7724550898203593,circular_shift_exact_mask_geometry
5,L5,Walking recall,fold01,114,-7.189849624060159,-6.86090225563909,0.7724550898203593,circular_shift_exact_mask_geometry
5,L5,Walking recall,fold01,115,-5.874060150375939,-6.86090225563909,0.7724550898203593,circular_shift_exact_mask_geometry
5,L5,Walking recall,fold01,116,-7.189849624060159,-6.86090225563909,0.7724550898203593,circular_shift_exact_mask_geometry
5,L5,Walking recall,fold01,117,-7.5187969924811995,-6.86090225563909,0.7724550898203593,circular_shift_exact_mask_geometry
5,L5,Walking recall,fold01,118,-7.847744360902254,-6.86090225563909,0.7724550898203593,circular_shift_exact_mask_geometry
5,L5,Walking recall,fold01,119,-11.090225563909769,-6.86090225563909,0.7724550898203593,circular_shift_exact_mask_geometry
5,L5,Walking recall,fold01,120,-10.103383458646618,-6.86090225563909,0.7724550898203593,circular_shift_exact_mask_geometry
5,L5,Walking recall,fold01,121,-11.090225563909769,-6.86090225563909,0.7724550898203593,circular_shift_exact_mask_geometry
5,L5,Walking recall,fold01,122,-6.203007518796994,-6.86090225563909,0.7724550898203593,circular_shift_exact_mask_geometry
5,L5,Walking recall,fold01,123,-6.203007518796994,-6.86090225563909,0.7724550898203593,circular_shift_exact_mask_geometry
5,L5,Walking recall,fold01,124,-10.43233082706766,-6.86090225563909,0.7724550898203593,circular_shift_exact_mask_geometry
5,L5,Walking recall,fold01,125,-7.5187969924811995,-6.86090225563909,0.7724550898203593,circular_shift_exact_mask_geometry
5,L5,Walking recall,fold01,126,-6.86090225563909,-6.86090225563909,0.7724550898203593,circular_shift_exact_mask_geometry
5,L5,Walking recall,fold01,127,-10.761278195488728,-6.86090225563909,0.7724550898203593,circular_shift_exact_mask_geometry
5,L5,Walking recall,fold01,128,-7.847744360902254,-6.86090225563909,0.7724550898203593,circular_shift_exact_mask_geometry
5,L5,Walking recall,fold01,129,-6.531954887218049,-6.86090225563909,0.7724550898203593,circular_shift_exact_mask_geometry
5,L5,Walking recall,fold01,130,-3.6184210526315823,-6.86090225563909,0.7724550898203593,circular_shift_exact_mask_geometry
5,L5,Walking recall,fold01,131,-8.17669172932331,-6.86090225563909,0.7724550898203593,circular_shift_exact_mask_geometry
5,L5,Walking recall,fold01,132,-11.090225563909769,-6.86090225563909,0.7724550898203593,circular_shift_exact_mask_geometry
5,L5,Walking recall,fold01,133,-7.189849624060159,-6.86090225563909,0.7724550898203593,circular_shift_exact_mask_geometry
5,L5,Walking recall,fold01,134,-10.43233082706766,-6.86090225563909,0.7724550898203593,circular_shift_exact_mask_geometry
5,L5,Walking recall,fold01,135,-6.203007518796994,-6.86090225563909,0.7724550898203593,circular_shift_exact_mask_geometry
5,L5,Walking recall,fold01,136,-6.531954887218049,-6.86090225563909,0.7724550898203593,circular_shift_exact_mask_geometry
5,L5,Walking recall,fold01,137,-7.847744360902254,-6.86090225563909,0.7724550898203593,circular_shift_exact_mask_geometry
5,L5,Walking recall,fold01,138,-7.5187969924811995,-6.86090225563909,0.7724550898203593,circular_shift_exact_mask_geometry
5,L5,Walking recall,fold01,139,-12.077067669172934,-6.86090225563909,0.7724550898203593,circular_shift_exact_mask_geometry
5,L5,Walking recall,fold01,140,-6.86090225563909,-6.86090225563909,0.7724550898203593,circular_shift_exact_mask_geometry
5,L5,Walking recall,fold01,141,-6.86090225563909,-6.86090225563909,0.7724550898203593,circular_shift_exact_mask_geometry
5,L5,Walking recall,fold01,142,-10.103383458646618,-6.86090225563909,0.7724550898203593,circular_shift_exact_mask_geometry
5,L5,Walking recall,fold01,143,-7.189849624060159,-6.86090225563909,0.7724550898203593,circular_shift_exact_mask_geometry
5,L5,Walking recall,fold01,144,-10.761278195488728,-6.86090225563909,0.7724550898203593,circular_shift_exact_mask_geometry
5,L5,Walking recall,fold01,145,-6.531954887218049,-6.86090225563909,0.7724550898203593,circular_shift_exact_mask_geometry
5,L5,Walking recall,fold01,146,-3.2894736842105203,-6.86090225563909,0.7724550898203593,circular_shift_exact_mask_geometry
5,L5,Walking recall,fold01,147,-7.5187969924811995,-6.86090225563909,0.7724550898203593,circular_shift_exact_mask_geometry
5,L5,Walking recall,fold01,148,-8.505639097744364,-6.86090225563909,0.7724550898203593,circular_shift_exact_mask_geometry
5,L5,Walking recall,fold01,149,-6.86090225563909,-6.86090225563909,0.7724550898203593,circular_shift_exact_mask_geometry
5,L5,Walking recall,fold01,150,-4.276315789473678,-6.86090225563909,0.7724550898203593,circular_shift_exact_mask_geometry
5,L5,Walking recall,fold01,151,-6.86090225563909,-6.86090225563909,0.7724550898203593,circular_shift_exact_mask_geometry
5,L5,Walking recall,fold01,152,-11.090225563909769,-6.86090225563909,0.7724550898203593,circular_shift_exact_mask_geometry
5,L5,Walking recall,fold01,153,-8.505639097744364,-6.86090225563909,0.7724550898203593,circular_shift_exact_mask_geometry
5,L5,Walking recall,fold01,154,-7.5187969924811995,-6.86090225563909,0.7724550898203593,circular_shift_exact_mask_geometry
5,L5,Walking recall,fold01,155,-7.5187969924811995,-6.86090225563909,0.7724550898203593,circular_shift_exact_mask_geometry
5,L5,Walking recall,fold01,156,-7.5187969924811995,-6.86090225563909,0.7724550898203593,circular_shift_exact_mask_geometry
5,L5,Walking recall,fold01,157,-8.17669172932331,-6.86090225563909,0.7724550898203593,circular_shift_exact_mask_geometry
5,L5,Walking recall,fold01,158,-10.103383458646618,-6.86090225563909,0.7724550898203593,circular_shift_exact_mask_geometry
5,L5,Walking recall,fold01,159,-6.86090225563909,-6.86090225563909,0.7724550898203593,circular_shift_exact_mask_geometry
5,L5,Walking recall,fold01,160,-9.445488721804509,-6.86090225563909,0.7724550898203593,circular_shift_exact_mask_geometry
5,L5,Walking recall,fold01,161,-4.276315789473678,-6.86090225563909,0.7724550898203593,circular_shift_exact_mask_geometry
5,L5,Walking recall,fold01,162,-10.761278195488728,-6.86090225563909,0.7724550898203593,circular_shift_exact_mask_geometry
5,L5,Walking recall,fold01,163,-7.847744360902254,-6.86090225563909,0.7724550898203593,circular_shift_exact_mask_geometry
5,L5,Walking recall,fold01,164,-7.189849624060159,-6.86090225563909,0.7724550898203593,circular_shift_exact_mask_geometry
5,L5,Walking recall,fold01,165,-11.090225563909769,-6.86090225563909,0.7724550898203593,circular_shift_exact_mask_geometry
5,L5,Walking recall,fold01,166,-10.103383458646618,-6.86090225563909,0.7724550898203593,circular_shift_exact_mask_geometry
5,L5,Walking recall,fold01,167,-7.847744360902254,-6.86090225563909,0.7724550898203593,circular_shift_exact_mask_geometry
5,L5,Walking recall,fold01,168,-7.5187969924811995,-6.86090225563909,0.7724550898203593,circular_shift_exact_mask_geometry
5,L5,Walking recall,fold01,169,-10.761278195488728,-6.86090225563909,0.7724550898203593,circular_shift_exact_mask_geometry
5,L5,Walking recall,fold01,170,-7.189849624060159,-6.86090225563909,0.7724550898203593,circular_shift_exact_mask_geometry
5,L5,Walking recall,fold01,171,-7.847744360902254,-6.86090225563909,0.7724550898203593,circular_shift_exact_mask_geometry
5,L5,Walking recall,fold01,172,-3.6184210526315823,-6.86090225563909,0.7724550898203593,circular_shift_exact_mask_geometry
5,L5,Walking recall,fold01,173,-7.5187969924811995,-6.86090225563909,0.7724550898203593,circular_shift_exact_mask_geometry
5,L5,Walking recall,fold01,174,-8.17669172932331,-6.86090225563909,0.7724550898203593,circular_shift_exact_mask_geometry
5,L5,Walking recall,fold01,175,-11.419172932330824,-6.86090225563909,0.7724550898203593,circular_shift_exact_mask_geometry
5,L5,Walking recall,fold01,176,-6.86090225563909,-6.86090225563909,0.7724550898203593,circular_shift_exact_mask_geometry
5,L5,Walking recall,fold01,177,-3.6184210526315823,-6.86090225563909,0.7724550898203593,circular_shift_exact_mask_geometry
5,L5,Walking recall,fold01,178,-7.189849624060159,-6.86090225563909,0.7724550898203593,circular_shift_exact_mask_geometry
5,L5,Walking recall,fold01,179,-6.86090225563909,-6.86090225563909,0.7724550898203593,circular_shift_exact_mask_geometry
5,L5,Walking recall,fold01,180,-7.847744360902254,-6.86090225563909,0.7724550898203593,circular_shift_exact_mask_geometry
5,L5,Walking recall,fold01,181,-10.43233082706766,-6.86090225563909,0.7724550898203593,circular_shift_exact_mask_geometry
5,L5,Walking recall,fold01,182,-11.419172932330824,-6.86090225563909,0.7724550898203593,circular_shift_exact_mask_geometry
5,L5,Walking recall,fold01,183,-8.17669172932331,-6.86090225563909,0.7724550898203593,circular_shift_exact_mask_geometry
5,L5,Walking recall,fold01,184,-11.419172932330824,-6.86090225563909,0.7724550898203593,circular_shift_exact_mask_geometry
5,L5,Walking recall,fold01,185,-11.090225563909769,-6.86090225563909,0.7724550898203593,circular_shift_exact_mask_geometry
5,L5,Walking recall,fold01,186,-11.419172932330824,-6.86090225563909,0.7724550898203593,circular_shift_exact_mask_geometry
5,L5,Walking recall,fold01,187,-11.419172932330824,-6.86090225563909,0.7724550898203593,circular_shift_exact_mask_geometry
5,L5,Walking recall,fold01,188,-10.43233082706766,-6.86090225563909,0.7724550898203593,circular_shift_exact_mask_geometry
5,L5,Walking recall,fold01,189,-6.203007518796994,-6.86090225563909,0.7724550898203593,circular_shift_exact_mask_geometry
5,L5,Walking recall,fold01,190,-8.505639097744364,-6.86090225563909,0.7724550898203593,circular_shift_exact_mask_geometry
5,L5,Walking recall,fold01,191,-7.847744360902254,-6.86090225563909,0.7724550898203593,circular_shift_exact_mask_geometry
5,L5,Walking recall,fold01,192,-7.847744360902254,-6.86090225563909,0.7724550898203593,circular_shift_exact_mask_geometry
5,L5,Walking recall,fold01,193,-10.761278195488728,-6.86090225563909,0.7724550898203593,circular_shift_exact_mask_geometry
5,L5,Walking recall,fold01,194,-10.103383458646618,-6.86090225563909,0.7724550898203593,circular_shift_exact_mask_geometry
5,L5,Walking recall,fold01,195,-7.5187969924811995,-6.86090225563909,0.7724550898203593,circular_shift_exact_mask_geometry
5,L5,Walking recall,fold01,196,-11.419172932330824,-6.86090225563909,0.7724550898203593,circular_shift_exact_mask_geometry
5,L5,Walking recall,fold01,197,-6.531954887218049,-6.86090225563909,0.7724550898203593,circular_shift_exact_mask_geometry
5,L5,Walking recall,fold01,198,-6.86090225563909,-6.86090225563909,0.7724550898203593,circular_shift_exact_mask_geometry
5,L5,Walking recall,fold01,199,-7.5187969924811995,-6.86090225563909,0.7724550898203593,circular_shift_exact_mask_geometry
5,L5,Walking recall,fold01,200,-7.5187969924811995,-6.86090225563909,0.7724550898203593,circular_shift_exact_mask_geometry
5,L5,Walking recall,fold01,201,-10.103383458646618,-6.86090225563909,0.7724550898203593,circular_shift_exact_mask_geometry
5,L5,Walking recall,fold01,202,-11.419172932330824,-6.86090225563909,0.7724550898203593,circular_shift_exact_mask_geometry
5,L5,Walking recall,fold01,203,-11.419172932330824,-6.86090225563909,0.7724550898203593,circular_shift_exact_mask_geometry
5,L5,Walking recall,fold01,204,-7.847744360902254,-6.86090225563909,0.7724550898203593,circular_shift_exact_mask_geometry
5,L5,Walking recall,fold01,205,-6.86090225563909,-6.86090225563909,0.7724550898203593,circular_shift_exact_mask_geometry
5,L5,Walking recall,fold01,206,-2.6315789473684177,-6.86090225563909,0.7724550898203593,circular_shift_exact_mask_geometry
5,L5,Walking recall,fold01,207,-8.17669172932331,-6.86090225563909,0.7724550898203593,circular_shift_exact_mask_geometry
5,L5,Walking recall,fold01,208,-3.94736842105263,-6.86090225563909,0.7724550898203593,circular_shift_exact_mask_geometry
5,L5,Walking recall,fold01,209,-8.834586466165419,-6.86090225563909,0.7724550898203593,circular_shift_exact_mask_geometry
5,L5,Walking recall,fold01,210,-8.17669172932331,-6.86090225563909,0.7724550898203593,circular_shift_exact_mask_geometry
5,L5,Walking recall,fold01,211,-7.189849624060159,-6.86090225563909,0.7724550898203593,circular_shift_exact_mask_geometry
5,L5,Walking recall,fold01,212,-11.090225563909769,-6.86090225563909,0.7724550898203593,circular_shift_exact_mask_geometry
5,L5,Walking recall,fold01,213,-10.43233082706766,-6.86090225563909,0.7724550898203593,circular_shift_exact_mask_geometry
5,L5,Walking recall,fold01,214,-10.103383458646618,-6.86090225563909,0.7724550898203593,circular_shift_exact_mask_geometry
5,L5,Walking recall,fold01,215,-8.505639097744364,-6.86090225563909,0.7724550898203593,circular_shift_exact_mask_geometry
5,L5,Walking recall,fold01,216,-10.761278195488728,-6.86090225563909,0.7724550898203593,circular_shift_exact_mask_geometry
5,L5,Walking recall,fold01,217,-7.5187969924811995,-6.86090225563909,0.7724550898203593,circular_shift_exact_mask_geometry
5,L5,Walking recall,fold01,218,-7.189849624060159,-6.86090225563909,0.7724550898203593,circular_shift_exact_mask_geometry
5,L5,Walking recall,fold01,219,-6.203007518796994,-6.86090225563909,0.7724550898203593,circular_shift_exact_mask_geometry
5,L5,Walking recall,fold01,220,-5.545112781954884,-6.86090225563909,0.7724550898203593,circular_shift_exact_mask_geometry
5,L5,Walking recall,fold01,221,-7.5187969924811995,-6.86090225563909,0.7724550898203593,circular_shift_exact_mask_geometry
5,L5,Walking recall,fold01,222,-7.5187969924811995,-6.86090225563909,0.7724550898203593,circular_shift_exact_mask_geometry
5,L5,Walking recall,fold01,223,-3.94736842105263,-6.86090225563909,0.7724550898203593,circular_shift_exact_mask_geometry
5,L5,Walking recall,fold01,224,-12.077067669172934,-6.86090225563909,0.7724550898203593,circular_shift_exact_mask_geometry
5,L5,Walking recall,fold01,225,-10.43233082706766,-6.86090225563909,0.7724550898203593,circular_shift_exact_mask_geometry
5,L5,Walking recall,fold01,226,-11.748120300751879,-6.86090225563909,0.7724550898203593,circular_shift_exact_mask_geometry
5,L5,Walking recall,fold01,227,-6.531954887218049,-6.86090225563909,0.7724550898203593,circular_shift_exact_mask_geometry
5,L5,Walking recall,fold01,228,-10.761278195488728,-6.86090225563909,0.7724550898203593,circular_shift_exact_mask_geometry
5,L5,Walking recall,fold01,229,-7.847744360902254,-6.86090225563909,0.7724550898203593,circular_shift_exact_mask_geometry
5,L5,Walking recall,fold01,230,-10.43233082706766,-6.86090225563909,0.7724550898203593,circular_shift_exact_mask_geometry
5,L5,Walking recall,fold01,231,-3.6184210526315823,-6.86090225563909,0.7724550898203593,circular_shift_exact_mask_geometry
5,L5,Walking recall,fold01,232,-7.189849624060159,-6.86090225563909,0.7724550898203593,circular_shift_exact_mask_geometry
5,L5,Walking recall,fold01,233,-12.077067669172934,-6.86090225563909,0.7724550898203593,circular_shift_exact_mask_geometry
5,L5,Walking recall,fold01,234,-11.090225563909769,-6.86090225563909,0.7724550898203593,circular_shift_exact_mask_geometry
5,L5,Walking recall,fold01,235,-6.531954887218049,-6.86090225563909,0.7724550898203593,circular_shift_exact_mask_geometry
5,L5,Walking recall,fold01,236,-4.60526315789474,-6.86090225563909,0.7724550898203593,circular_shift_exact_mask_geometry
5,L5,Walking recall,fold01,237,-11.419172932330824,-6.86090225563909,0.7724550898203593,circular_shift_exact_mask_geometry
5,L5,Walking recall,fold01,238,-7.189849624060159,-6.86090225563909,0.7724550898203593,circular_shift_exact_mask_geometry
5,L5,Walking recall,fold01,239,-11.748120300751879,-6.86090225563909,0.7724550898203593,circular_shift_exact_mask_geometry
5,L5,Walking recall,fold01,240,-8.17669172932331,-6.86090225563909,0.7724550898203593,circular_shift_exact_mask_geometry
5,L5,Walking recall,fold01,241,-6.86090225563909,-6.86090225563909,0.7724550898203593,circular_shift_exact_mask_geometry
5,L5,Walking recall,fold01,242,-10.761278195488728,-6.86090225563909,0.7724550898203593,circular_shift_exact_mask_geometry
5,L5,Walking recall,fold01,243,-10.761278195488728,-6.86090225563909,0.7724550898203593,circular_shift_exact_mask_geometry
5,L5,Walking recall,fold01,244,-11.748120300751879,-6.86090225563909,0.7724550898203593,circular_shift_exact_mask_geometry
5,L5,Walking recall,fold01,245,-11.090225563909769,-6.86090225563909,0.7724550898203593,circular_shift_exact_mask_geometry
5,L5,Walking recall,fold01,246,-11.090225563909769,-6.86090225563909,0.7724550898203593,circular_shift_exact_mask_geometry
5,L5,Walking recall,fold01,247,-3.94736842105263,-6.86090225563909,0.7724550898203593,circular_shift_exact_mask_geometry
5,L5,Walking recall,fold01,248,-10.43233082706766,-6.86090225563909,0.7724550898203593,circular_shift_exact_mask_geometry
5,L5,Walking recall,fold01,249,-10.761278195488728,-6.86090225563909,0.7724550898203593,circular_shift_exact_mask_geometry
5,L5,Walking recall,fold01,250,-7.189849624060159,-6.86090225563909,0.7724550898203593,circular_shift_exact_mask_geometry
5,L5,Walking recall,fold01,251,-6.86090225563909,-6.86090225563909,0.7724550898203593,circular_shift_exact_mask_geometry
5,L5,Walking recall,fold01,252,-7.847744360902254,-6.86090225563909,0.7724550898203593,circular_shift_exact_mask_geometry
5,L5,Walking recall,fold01,253,-3.6184210526315823,-6.86090225563909,0.7724550898203593,circular_shift_exact_mask_geometry
5,L5,Walking recall,fold01,254,-7.847744360902254,-6.86090225563909,0.7724550898203593,circular_shift_exact_mask_geometry
5,L5,Walking recall,fold01,255,-7.189849624060159,-6.86090225563909,0.7724550898203593,circular_shift_exact_mask_geometry
5,L5,Walking recall,fold01,256,-7.189849624060159,-6.86090225563909,0.7724550898203593,circular_shift_exact_mask_geometry
5,L5,Walking recall,fold01,257,-11.090225563909769,-6.86090225563909,0.7724550898203593,circular_shift_exact_mask_geometry
5,L5,Walking recall,fold01,258,-7.189849624060159,-6.86090225563909,0.7724550898203593,circular_shift_exact_mask_geometry
5,L5,Walking recall,fold01,259,-7.189849624060159,-6.86090225563909,0.7724550898203593,circular_shift_exact_mask_geometry
5,L5,Walking recall,fold01,260,-7.189849624060159,-6.86090225563909,0.7724550898203593,circular_shift_exact_mask_geometry
5,L5,Walking recall,fold01,261,-10.103383458646618,-6.86090225563909,0.7724550898203593,circular_shift_exact_mask_geometry
5,L5,Walking recall,fold01,262,-10.43233082706766,-6.86090225563909,0.7724550898203593,circular_shift_exact_mask_geometry
5,L5,Walking recall,fold01,263,-7.5187969924811995,-6.86090225563909,0.7724550898203593,circular_shift_exact_mask_geometry
5,L5,Walking recall,fold01,264,-9.445488721804509,-6.86090225563909,0.7724550898203593,circular_shift_exact_mask_geometry
5,L5,Walking recall,fold01,265,-6.86090225563909,-6.86090225563909,0.7724550898203593,circular_shift_exact_mask_geometry
5,L5,Walking recall,fold01,266,-7.189849624060159,-6.86090225563909,0.7724550898203593,circular_shift_exact_mask_geometry
5,L5,Walking recall,fold01,267,-6.86090225563909,-6.86090225563909,0.7724550898203593,circular_shift_exact_mask_geometry
5,L5,Walking recall,fold01,268,-7.5187969924811995,-6.86090225563909,0.7724550898203593,circular_shift_exact_mask_geometry
5,L5,Walking recall,fold01,269,-2.9605263157894726,-6.86090225563909,0.7724550898203593,circular_shift_exact_mask_geometry
5,L5,Walking recall,fold01,270,-11.419172932330824,-6.86090225563909,0.7724550898203593,circular_shift_exact_mask_geometry
5,L5,Walking recall,fold01,271,-7.189849624060159,-6.86090225563909,0.7724550898203593,circular_shift_exact_mask_geometry
5,L5,Walking recall,fold01,272,-4.934210526315788,-6.86090225563909,0.7724550898203593,circular_shift_exact_mask_geometry
5,L5,Walking recall,fold01,273,-7.189849624060159,-6.86090225563909,0.7724550898203593,circular_shift_exact_mask_geometry
5,L5,Walking recall,fold01,274,-2.6315789473684177,-6.86090225563909,0.7724550898203593,circular_shift_exact_mask_geometry
5,L5,Walking recall,fold01,275,-7.5187969924811995,-6.86090225563909,0.7724550898203593,circular_shift_exact_mask_geometry
5,L5,Walking recall,fold01,276,-7.847744360902254,-6.86090225563909,0.7724550898203593,circular_shift_exact_mask_geometry
5,L5,Walking recall,fold01,277,-9.774436090225564,-6.86090225563909,0.7724550898203593,circular_shift_exact_mask_geometry
5,L5,Walking recall,fold01,278,-8.505639097744364,-6.86090225563909,0.7724550898203593,circular_shift_exact_mask_geometry
5,L5,Walking recall,fold01,279,-7.5187969924811995,-6.86090225563909,0.7724550898203593,circular_shift_exact_mask_geometry
5,L5,Walking recall,fold01,280,-7.189849624060159,-6.86090225563909,0.7724550898203593,circular_shift_exact_mask_geometry
5,L5,Walking recall,fold01,281,-11.419172932330824,-6.86090225563909,0.7724550898203593,circular_shift_exact_mask_geometry
5,L5,Walking recall,fold01,282,-8.17669172932331,-6.86090225563909,0.7724550898203593,circular_shift_exact_mask_geometry
5,L5,Walking recall,fold01,283,-11.748120300751879,-6.86090225563909,0.7724550898203593,circular_shift_exact_mask_geometry
5,L5,Walking recall,fold01,284,-7.5187969924811995,-6.86090225563909,0.7724550898203593,circular_shift_exact_mask_geometry
5,L5,Walking recall,fold01,285,-10.43233082706766,-6.86090225563909,0.7724550898203593,circular_shift_exact_mask_geometry
5,L5,Walking recall,fold01,286,-3.2894736842105203,-6.86090225563909,0.7724550898203593,circular_shift_exact_mask_geometry
5,L5,Walking recall,fold01,287,-8.17669172932331,-6.86090225563909,0.7724550898203593,circular_shift_exact_mask_geometry
5,L5,Walking recall,fold01,288,-3.94736842105263,-6.86090225563909,0.7724550898203593,circular_shift_exact_mask_geometry
5,L5,Walking recall,fold01,289,-11.748120300751879,-6.86090225563909,0.7724550898203593,circular_shift_exact_mask_geometry
5,L5,Walking recall,fold01,290,-3.2894736842105203,-6.86090225563909,0.7724550898203593,circular_shift_exact_mask_geometry
5,L5,Walking recall,fold01,291,-10.43233082706766,-6.86090225563909,0.7724550898203593,circular_shift_exact_mask_geometry
5,L5,Walking recall,fold01,292,-3.6184210526315823,-6.86090225563909,0.7724550898203593,circular_shift_exact_mask_geometry
5,L5,Walking recall,fold01,293,-11.090225563909769,-6.86090225563909,0.7724550898203593,circular_shift_exact_mask_geometry
5,L5,Walking recall,fold01,294,-10.43233082706766,-6.86090225563909,0.7724550898203593,circular_shift_exact_mask_geometry
5,L5,Walking recall,fold01,295,-11.419172932330824,-6.86090225563909,0.7724550898203593,circular_shift_exact_mask_geometry
5,L5,Walking recall,fold01,296,-7.5187969924811995,-6.86090225563909,0.7724550898203593,circular_shift_exact_mask_geometry
5,L5,Walking recall,fold01,297,-7.189849624060159,-6.86090225563909,0.7724550898203593,circular_shift_exact_mask_geometry
5,L5,Walking recall,fold01,298,-7.5187969924811995,-6.86090225563909,0.7724550898203593,circular_shift_exact_mask_geometry
5,L5,Walking recall,fold01,299,-4.60526315789474,-6.86090225563909,0.7724550898203593,circular_shift_exact_mask_geometry
5,L5,Walking recall,fold01,300,-9.445488721804509,-6.86090225563909,0.7724550898203593,circular_shift_exact_mask_geometry
5,L5,Walking recall,fold01,301,-10.103383458646618,-6.86090225563909,0.7724550898203593,circular_shift_exact_mask_geometry
5,L5,Walking recall,fold01,302,-10.103383458646618,-6.86090225563909,0.7724550898203593,circular_shift_exact_mask_geometry
5,L5,Walking recall,fold01,303,-11.748120300751879,-6.86090225563909,0.7724550898203593,circular_shift_exact_mask_geometry
5,L5,Walking recall,fold01,304,-11.419172932330824,-6.86090225563909,0.7724550898203593,circular_shift_exact_mask_geometry
5,L5,Walking recall,fold01,305,-7.5187969924811995,-6.86090225563909,0.7724550898203593,circular_shift_exact_mask_geometry
5,L5,Walking recall,fold01,306,-6.86090225563909,-6.86090225563909,0.7724550898203593,circular_shift_exact_mask_geometry
5,L5,Walking recall,fold01,307,-6.86090225563909,-6.86090225563909,0.7724550898203593,circular_shift_exact_mask_geometry
5,L5,Walking recall,fold01,308,-3.94736842105263,-6.86090225563909,0.7724550898203593,circular_shift_exact_mask_geometry
5,L5,Walking recall,fold01,309,-10.761278195488728,-6.86090225563909,0.7724550898203593,circular_shift_exact_mask_geometry
5,L5,Walking recall,fold01,310,-8.17669172932331,-6.86090225563909,0.7724550898203593,circular_shift_exact_mask_geometry
5,L5,Walking recall,fold01,311,-6.86090225563909,-6.86090225563909,0.7724550898203593,circular_shift_exact_mask_geometry
5,L5,Walking recall,fold01,312,-6.531954887218049,-6.86090225563909,0.7724550898203593,circular_shift_exact_mask_geometry
5,L5,Walking recall,fold01,313,-6.86090225563909,-6.86090225563909,0.7724550898203593,circular_shift_exact_mask_geometry
5,L5,Walking recall,fold01,314,-7.189849624060159,-6.86090225563909,0.7724550898203593,circular_shift_exact_mask_geometry
5,L5,Walking recall,fold01,315,-10.43233082706766,-6.86090225563909,0.7724550898203593,circular_shift_exact_mask_geometry
5,L5,Walking recall,fold01,316,-10.43233082706766,-6.86090225563909,0.7724550898203593,circular_shift_exact_mask_geometry
5,L5,Walking recall,fold01,317,-7.5187969924811995,-6.86090225563909,0.7724550898203593,circular_shift_exact_mask_geometry
5,L5,Walking recall,fold01,318,-10.43233082706766,-6.86090225563909,0.7724550898203593,circular_shift_exact_mask_geometry
5,L5,Walking recall,fold01,319,-6.86090225563909,-6.86090225563909,0.7724550898203593,circular_shift_exact_mask_geometry
5,L5,Walking recall,fold01,320,-6.531954887218049,-6.86090225563909,0.7724550898203593,circular_shift_exact_mask_geometry
5,L5,Walking recall,fold01,321,-11.748120300751879,-6.86090225563909,0.7724550898203593,circular_shift_exact_mask_geometry
5,L5,Walking recall,fold01,322,-10.761278195488728,-6.86090225563909,0.7724550898203593,circular_shift_exact_mask_geometry
5,L5,Walking recall,fold01,323,-3.94736842105263,-6.86090225563909,0.7724550898203593,circular_shift_exact_mask_geometry
5,L5,Walking recall,fold01,324,-6.203007518796994,-6.86090225563909,0.7724550898203593,circular_shift_exact_mask_geometry
5,L5,Walking recall,fold01,325,-6.86090225563909,-6.86090225563909,0.7724550898203593,circular_shift_exact_mask_geometry
5,L5,Walking recall,fold01,326,-11.419172932330824,-6.86090225563909,0.7724550898203593,circular_shift_exact_mask_geometry
5,L5,Walking recall,fold01,327,-7.5187969924811995,-6.86090225563909,0.7724550898203593,circular_shift_exact_mask_geometry
5,L5,Walking recall,fold01,328,-7.189849624060159,-6.86090225563909,0.7724550898203593,circular_shift_exact_mask_geometry
5,L5,Walking recall,fold01,329,-10.761278195488728,-6.86090225563909,0.7724550898203593,circular_shift_exact_mask_geometry
5,L5,Walking recall,fold01,330,-6.531954887218049,-6.86090225563909,0.7724550898203593,circular_shift_exact_mask_geometry
5,L5,Walking recall,fold01,331,-11.090225563909769,-6.86090225563909,0.7724550898203593,circular_shift_exact_mask_geometry
5,L5,Walking recall,fold01,332,-7.189849624060159,-6.86090225563909,0.7724550898203593,circular_shift_exact_mask_geometry
5,L5,Walking recall,fold01,333,-8.834586466165419,-6.86090225563909,0.7724550898203593,circular_shift_exact_mask_geometry
5,L5,Walking recall,fold01,334,-10.761278195488728,-6.86090225563909,0.7724550898203593,circular_shift_exact_mask_geometry
5,L5,Walking recall,fold01,335,-10.43233082706766,-6.86090225563909,0.7724550898203593,circular_shift_exact_mask_geometry
5,L5,Walking recall,fold01,336,-8.17669172932331,-6.86090225563909,0.7724550898203593,circular_shift_exact_mask_geometry
5,L5,Walking recall,fold01,337,-10.761278195488728,-6.86090225563909,0.7724550898203593,circular_shift_exact_mask_geometry
5,L5,Walking recall,fold01,338,-10.43233082706766,-6.86090225563909,0.7724550898203593,circular_shift_exact_mask_geometry
5,L5,Walking recall,fold01,339,-6.86090225563909,-6.86090225563909,0.7724550898203593,circular_shift_exact_mask_geometry
5,L5,Walking recall,fold01,340,-7.189849624060159,-6.86090225563909,0.7724550898203593,circular_shift_exact_mask_geometry
5,L5,Walking recall,fold01,341,-6.531954887218049,-6.86090225563909,0.7724550898203593,circular_shift_exact_mask_geometry
5,L5,Walking recall,fold01,342,-7.847744360902254,-6.86090225563909,0.7724550898203593,circular_shift_exact_mask_geometry
5,L5,Walking recall,fold01,343,-3.94736842105263,-6.86090225563909,0.7724550898203593,circular_shift_exact_mask_geometry
5,L5,Walking recall,fold01,344,-10.43233082706766,-6.86090225563909,0.7724550898203593,circular_shift_exact_mask_geometry
5,L5,Walking recall,fold01,345,-7.189849624060159,-6.86090225563909,0.7724550898203593,circular_shift_exact_mask_geometry
5,L5,Walking recall,fold01,346,-11.748120300751879,-6.86090225563909,0.7724550898203593,circular_shift_exact_mask_geometry
5,L5,Walking recall,fold01,347,-10.761278195488728,-6.86090225563909,0.7724550898203593,circular_shift_exact_mask_geometry
5,L5,Walking recall,fold01,348,-7.847744360902254,-6.86090225563909,0.7724550898203593,circular_shift_exact_mask_geometry
5,L5,Walking recall,fold01,349,-4.276315789473678,-6.86090225563909,0.7724550898203593,circular_shift_exact_mask_geometry
5,L5,Walking recall,fold01,350,-8.505639097744364,-6.86090225563909,0.7724550898203593,circular_shift_exact_mask_geometry
5,L5,Walking recall,fold01,351,-7.5187969924811995,-6.86090225563909,0.7724550898203593,circular_shift_exact_mask_geometry
5,L5,Walking recall,fold01,352,-7.5187969924811995,-6.86090225563909,0.7724550898203593,circular_shift_exact_mask_geometry
5,L5,Walking recall,fold01,353,-3.6184210526315823,-6.86090225563909,0.7724550898203593,circular_shift_exact_mask_geometry
5,L5,Walking recall,fold01,354,-6.203007518796994,-6.86090225563909,0.7724550898203593,circular_shift_exact_mask_geometry
5,L5,Walking recall,fold01,355,-6.203007518796994,-6.86090225563909,0.7724550898203593,circular_shift_exact_mask_geometry
5,L5,Walking recall,fold01,356,-2.9605263157894726,-6.86090225563909,0.7724550898203593,circular_shift_exact_mask_geometry
5,L5,Walking recall,fold01,357,-3.2894736842105203,-6.86090225563909,0.7724550898203593,circular_shift_exact_mask_geometry
5,L5,Walking recall,fold01,358,-7.847744360902254,-6.86090225563909,0.7724550898203593,circular_shift_exact_mask_geometry
5,L5,Walking recall,fold01,359,-10.761278195488728,-6.86090225563909,0.7724550898203593,circular_shift_exact_mask_geometry
5,L5,Walking recall,fold01,360,-8.505639097744364,-6.86090225563909,0.7724550898203593,circular_shift_exact_mask_geometry
5,L5,Walking recall,fold01,361,-2.9605263157894726,-6.86090225563909,0.7724550898203593,circular_shift_exact_mask_geometry
5,L5,Walking recall,fold01,362,-7.5187969924811995,-6.86090225563909,0.7724550898203593,circular_shift_exact_mask_geometry
5,L5,Walking recall,fold01,363,-4.60526315789474,-6.86090225563909,0.7724550898203593,circular_shift_exact_mask_geometry
5,L5,Walking recall,fold01,364,-8.17669172932331,-6.86090225563909,0.7724550898203593,circular_shift_exact_mask_geometry
5,L5,Walking recall,fold01,365,-7.5187969924811995,-6.86090225563909,0.7724550898203593,circular_shift_exact_mask_geometry
5,L5,Walking recall,fold01,366,-6.86090225563909,-6.86090225563909,0.7724550898203593,circular_shift_exact_mask_geometry
5,L5,Walking recall,fold01,367,-7.5187969924811995,-6.86090225563909,0.7724550898203593,circular_shift_exact_mask_geometry
5,L5,Walking recall,fold01,368,-7.189849624060159,-6.86090225563909,0.7724550898203593,circular_shift_exact_mask_geometry
5,L5,Walking recall,fold01,369,-7.5187969924811995,-6.86090225563909,0.7724550898203593,circular_shift_exact_mask_geometry
5,L5,Walking recall,fold01,370,-7.189849624060159,-6.86090225563909,0.7724550898203593,circular_shift_exact_mask_geometry
5,L5,Walking recall,fold01,371,-10.43233082706766,-6.86090225563909,0.7724550898203593,circular_shift_exact_mask_geometry
5,L5,Walking recall,fold01,372,-11.419172932330824,-6.86090225563909,0.7724550898203593,circular_shift_exact_mask_geometry
5,L5,Walking recall,fold01,373,-11.090225563909769,-6.86090225563909,0.7724550898203593,circular_shift_exact_mask_geometry
5,L5,Walking recall,fold01,374,-6.531954887218049,-6.86090225563909,0.7724550898203593,circular_shift_exact_mask_geometry
5,L5,Walking recall,fold01,375,-7.189849624060159,-6.86090225563909,0.7724550898203593,circular_shift_exact_mask_geometry
5,L5,Walking recall,fold01,376,-8.17669172932331,-6.86090225563909,0.7724550898203593,circular_shift_exact_mask_geometry
5,L5,Walking recall,fold01,377,-7.189849624060159,-6.86090225563909,0.7724550898203593,circular_shift_exact_mask_geometry
5,L5,Walking recall,fold01,378,-3.94736842105263,-6.86090225563909,0.7724550898203593,circular_shift_exact_mask_geometry
5,L5,Walking recall,fold01,379,-9.774436090225564,-6.86090225563909,0.7724550898203593,circular_shift_exact_mask_geometry
5,L5,Walking recall,fold01,380,-10.43233082706766,-6.86090225563909,0.7724550898203593,circular_shift_exact_mask_geometry
5,L5,Walking recall,fold01,381,-7.189849624060159,-6.86090225563909,0.7724550898203593,circular_shift_exact_mask_geometry
5,L5,Walking recall,fold01,382,-7.189849624060159,-6.86090225563909,0.7724550898203593,circular_shift_exact_mask_geometry
5,L5,Walking recall,fold01,383,-10.103383458646618,-6.86090225563909,0.7724550898203593,circular_shift_exact_mask_geometry
5,L5,Walking recall,fold01,384,-6.531954887218049,-6.86090225563909,0.7724550898203593,circular_shift_exact_mask_geometry
5,L5,Walking recall,fold01,385,-7.847744360902254,-6.86090225563909,0.7724550898203593,circular_shift_exact_mask_geometry
5,L5,Walking recall,fold01,386,-10.761278195488728,-6.86090225563909,0.7724550898203593,circular_shift_exact_mask_geometry
5,L5,Walking recall,fold01,387,-10.761278195488728,-6.86090225563909,0.7724550898203593,circular_shift_exact_mask_geometry
5,L5,Walking recall,fold01,388,-6.86090225563909,-6.86090225563909,0.7724550898203593,circular_shift_exact_mask_geometry
5,L5,Walking recall,fold01,389,-3.94736842105263,-6.86090225563909,0.7724550898203593,circular_shift_exact_mask_geometry
5,L5,Walking recall,fold01,390,-7.5187969924811995,-6.86090225563909,0.7724550898203593,circular_shift_exact_mask_geometry
5,L5,Walking recall,fold01,391,-11.090225563909769,-6.86090225563909,0.7724550898203593,circular_shift_exact_mask_geometry
5,L5,Walking recall,fold01,392,-3.2894736842105203,-6.86090225563909,0.7724550898203593,circular_shift_exact_mask_geometry
5,L5,Walking recall,fold01,393,-4.276315789473678,-6.86090225563909,0.7724550898203593,circular_shift_exact_mask_geometry
5,L5,Walking recall,fold01,394,-11.090225563909769,-6.86090225563909,0.7724550898203593,circular_shift_exact_mask_geometry
5,L5,Walking recall,fold01,395,-6.531954887218049,-6.86090225563909,0.7724550898203593,circular_shift_exact_mask_geometry
5,L5,Walking recall,fold01,396,-10.761278195488728,-6.86090225563909,0.7724550898203593,circular_shift_exact_mask_geometry
5,L5,Walking recall,fold01,397,-11.419172932330824,-6.86090225563909,0.7724550898203593,circular_shift_exact_mask_geometry
5,L5,Walking recall,fold01,398,-11.748120300751879,-6.86090225563909,0.7724550898203593,circular_shift_exact_mask_geometry
5,L5,Walking recall,fold01,399,-8.505639097744364,-6.86090225563909,0.7724550898203593,circular_shift_exact_mask_geometry
5,L5,Walking recall,fold01,400,-11.090225563909769,-6.86090225563909,0.7724550898203593,circular_shift_exact_mask_geometry
5,L5,Walking recall,fold01,401,-6.531954887218049,-6.86090225563909,0.7724550898203593,circular_shift_exact_mask_geometry
5,L5,Walking recall,fold01,402,-3.2894736842105203,-6.86090225563909,0.7724550898203593,circular_shift_exact_mask_geometry
5,L5,Walking recall,fold01,403,-6.86090225563909,-6.86090225563909,0.7724550898203593,circular_shift_exact_mask_geometry
5,L5,Walking recall,fold01,404,-11.748120300751879,-6.86090225563909,0.7724550898203593,circular_shift_exact_mask_geometry
5,L5,Walking recall,fold01,405,-4.276315789473678,-6.86090225563909,0.7724550898203593,circular_shift_exact_mask_geometry
5,L5,Walking recall,fold01,406,-3.6184210526315823,-6.86090225563909,0.7724550898203593,circular_shift_exact_mask_geometry
5,L5,Walking recall,fold01,407,-11.090225563909769,-6.86090225563909,0.7724550898203593,circular_shift_exact_mask_geometry
5,L5,Walking recall,fold01,408,-7.5187969924811995,-6.86090225563909,0.7724550898203593,circular_shift_exact_mask_geometry
5,L5,Walking recall,fold01,409,-7.189849624060159,-6.86090225563909,0.7724550898203593,circular_shift_exact_mask_geometry
5,L5,Walking recall,fold01,410,-6.531954887218049,-6.86090225563909,0.7724550898203593,circular_shift_exact_mask_geometry
5,L5,Walking recall,fold01,411,-3.6184210526315823,-6.86090225563909,0.7724550898203593,circular_shift_exact_mask_geometry
5,L5,Walking recall,fold01,412,-6.86090225563909,-6.86090225563909,0.7724550898203593,circular_shift_exact_mask_geometry
5,L5,Walking recall,fold01,413,-7.5187969924811995,-6.86090225563909,0.7724550898203593,circular_shift_exact_mask_geometry
5,L5,Walking recall,fold01,414,-7.189849624060159,-6.86090225563909,0.7724550898203593,circular_shift_exact_mask_geometry
5,L5,Walking recall,fold01,415,-7.5187969924811995,-6.86090225563909,0.7724550898203593,circular_shift_exact_mask_geometry
5,L5,Walking recall,fold01,416,-11.090225563909769,-6.86090225563909,0.7724550898203593,circular_shift_exact_mask_geometry
5,L5,Walking recall,fold01,417,-10.43233082706766,-6.86090225563909,0.7724550898203593,circular_shift_exact_mask_geometry
5,L5,Walking recall,fold01,418,-8.17669172932331,-6.86090225563909,0.7724550898203593,circular_shift_exact_mask_geometry
5,L5,Walking recall,fold01,419,-6.203007518796994,-6.86090225563909,0.7724550898203593,circular_shift_exact_mask_geometry
5,L5,Walking recall,fold01,420,-6.203007518796994,-6.86090225563909,0.7724550898203593,circular_shift_exact_mask_geometry
5,L5,Walking recall,fold01,421,-7.5187969924811995,-6.86090225563909,0.7724550898203593,circular_shift_exact_mask_geometry
5,L5,Walking recall,fold01,422,-6.86090225563909,-6.86090225563909,0.7724550898203593,circular_shift_exact_mask_geometry
5,L5,Walking recall,fold01,423,-11.748120300751879,-6.86090225563909,0.7724550898203593,circular_shift_exact_mask_geometry
5,L5,Walking recall,fold01,424,-6.531954887218049,-6.86090225563909,0.7724550898203593,circular_shift_exact_mask_geometry
5,L5,Walking recall,fold01,425,-10.43233082706766,-6.86090225563909,0.7724550898203593,circular_shift_exact_mask_geometry
5,L5,Walking recall,fold01,426,-7.189849624060159,-6.86090225563909,0.7724550898203593,circular_shift_exact_mask_geometry
5,L5,Walking recall,fold01,427,-7.847744360902254,-6.86090225563909,0.7724550898203593,circular_shift_exact_mask_geometry
5,L5,Walking recall,fold01,428,-10.43233082706766,-6.86090225563909,0.7724550898203593,circular_shift_exact_mask_geometry
5,L5,Walking recall,fold01,429,-10.761278195488728,-6.86090225563909,0.7724550898203593,circular_shift_exact_mask_geometry
5,L5,Walking recall,fold01,430,-7.189849624060159,-6.86090225563909,0.7724550898203593,circular_shift_exact_mask_geometry
5,L5,Walking recall,fold01,431,-8.17669172932331,-6.86090225563909,0.7724550898203593,circular_shift_exact_mask_geometry
5,L5,Walking recall,fold01,432,-3.6184210526315823,-6.86090225563909,0.7724550898203593,circular_shift_exact_mask_geometry
5,L5,Walking recall,fold01,433,-7.5187969924811995,-6.86090225563909,0.7724550898203593,circular_shift_exact_mask_geometry
5,L5,Walking recall,fold01,434,-7.847744360902254,-6.86090225563909,0.7724550898203593,circular_shift_exact_mask_geometry
5,L5,Walking recall,fold01,435,-9.774436090225564,-6.86090225563909,0.7724550898203593,circular_shift_exact_mask_geometry
5,L5,Walking recall,fold01,436,-11.090225563909769,-6.86090225563909,0.7724550898203593,circular_shift_exact_mask_geometry
5,L5,Walking recall,fold01,437,-2.9605263157894726,-6.86090225563909,0.7724550898203593,circular_shift_exact_mask_geometry
5,L5,Walking recall,fold01,438,-11.419172932330824,-6.86090225563909,0.7724550898203593,circular_shift_exact_mask_geometry
5,L5,Walking recall,fold01,439,-7.5187969924811995,-6.86090225563909,0.7724550898203593,circular_shift_exact_mask_geometry
5,L5,Walking recall,fold01,440,-6.86090225563909,-6.86090225563909,0.7724550898203593,circular_shift_exact_mask_geometry
5,L5,Walking recall,fold01,441,-7.847744360902254,-6.86090225563909,0.7724550898203593,circular_shift_exact_mask_geometry
5,L5,Walking recall,fold01,442,-7.847744360902254,-6.86090225563909,0.7724550898203593,circular_shift_exact_mask_geometry
5,L5,Walking recall,fold01,443,-10.761278195488728,-6.86090225563909,0.7724550898203593,circular_shift_exact_mask_geometry
5,L5,Walking recall,fold01,444,-7.847744360902254,-6.86090225563909,0.7724550898203593,circular_shift_exact_mask_geometry
5,L5,Walking recall,fold01,445,-9.445488721804509,-6.86090225563909,0.7724550898203593,circular_shift_exact_mask_geometry
5,L5,Walking recall,fold01,446,-6.531954887218049,-6.86090225563909,0.7724550898203593,circular_shift_exact_mask_geometry
5,L5,Walking recall,fold01,447,-6.203007518796994,-6.86090225563909,0.7724550898203593,circular_shift_exact_mask_geometry
5,L5,Walking recall,fold01,448,-10.761278195488728,-6.86090225563909,0.7724550898203593,circular_shift_exact_mask_geometry
5,L5,Walking recall,fold01,449,-11.090225563909769,-6.86090225563909,0.7724550898203593,circular_shift_exact_mask_geometry
5,L5,Walking recall,fold01,450,-3.2894736842105203,-6.86090225563909,0.7724550898203593,circular_shift_exact_mask_geometry
5,L5,Walking recall,fold01,451,-7.847744360902254,-6.86090225563909,0.7724550898203593,circular_shift_exact_mask_geometry
5,L5,Walking recall,fold01,452,-7.189849624060159,-6.86090225563909,0.7724550898203593,circular_shift_exact_mask_geometry
5,L5,Walking recall,fold01,453,-7.847744360902254,-6.86090225563909,0.7724550898203593,circular_shift_exact_mask_geometry
5,L5,Walking recall,fold01,454,-10.103383458646618,-6.86090225563909,0.7724550898203593,circular_shift_exact_mask_geometry
5,L5,Walking recall,fold01,455,-2.30263157894737,-6.86090225563909,0.7724550898203593,circular_shift_exact_mask_geometry
5,L5,Walking recall,fold01,456,-8.17669172932331,-6.86090225563909,0.7724550898203593,circular_shift_exact_mask_geometry
5,L5,Walking recall,fold01,457,-12.077067669172934,-6.86090225563909,0.7724550898203593,circular_shift_exact_mask_geometry
5,L5,Walking recall,fold01,458,-10.761278195488728,-6.86090225563909,0.7724550898203593,circular_shift_exact_mask_geometry
5,L5,Walking recall,fold01,459,-6.203007518796994,-6.86090225563909,0.7724550898203593,circular_shift_exact_mask_geometry
5,L5,Walking recall,fold01,460,-7.189849624060159,-6.86090225563909,0.7724550898203593,circular_shift_exact_mask_geometry
5,L5,Walking recall,fold01,461,-10.761278195488728,-6.86090225563909,0.7724550898203593,circular_shift_exact_mask_geometry
5,L5,Walking recall,fold01,462,-4.60526315789474,-6.86090225563909,0.7724550898203593,circular_shift_exact_mask_geometry
5,L5,Walking recall,fold01,463,-9.445488721804509,-6.86090225563909,0.7724550898203593,circular_shift_exact_mask_geometry
5,L5,Walking recall,fold01,464,-6.86090225563909,-6.86090225563909,0.7724550898203593,circular_shift_exact_mask_geometry
5,L5,Walking recall,fold01,465,-10.761278195488728,-6.86090225563909,0.7724550898203593,circular_shift_exact_mask_geometry
5,L5,Walking recall,fold01,466,-6.86090225563909,-6.86090225563909,0.7724550898203593,circular_shift_exact_mask_geometry
5,L5,Walking recall,fold01,467,-3.94736842105263,-6.86090225563909,0.7724550898203593,circular_shift_exact_mask_geometry
5,L5,Walking recall,fold01,468,-10.103383458646618,-6.86090225563909,0.7724550898203593,circular_shift_exact_mask_geometry
5,L5,Walking recall,fold01,469,-10.43233082706766,-6.86090225563909,0.7724550898203593,circular_shift_exact_mask_geometry
5,L5,Walking recall,fold01,470,-11.419172932330824,-6.86090225563909,0.7724550898203593,circular_shift_exact_mask_geometry
5,L5,Walking recall,fold01,471,-10.761278195488728,-6.86090225563909,0.7724550898203593,circular_shift_exact_mask_geometry
5,L5,Walking recall,fold01,472,-4.60526315789474,-6.86090225563909,0.7724550898203593,circular_shift_exact_mask_geometry
5,L5,Walking recall,fold01,473,-7.189849624060159,-6.86090225563909,0.7724550898203593,circular_shift_exact_mask_geometry
5,L5,Walking recall,fold01,474,-3.94736842105263,-6.86090225563909,0.7724550898203593,circular_shift_exact_mask_geometry
5,L5,Walking recall,fold01,475,-6.86090225563909,-6.86090225563909,0.7724550898203593,circular_shift_exact_mask_geometry
5,L5,Walking recall,fold01,476,-2.9605263157894726,-6.86090225563909,0.7724550898203593,circular_shift_exact_mask_geometry
5,L5,Walking recall,fold01,477,-4.276315789473678,-6.86090225563909,0.7724550898203593,circular_shift_exact_mask_geometry
5,L5,Walking recall,fold01,478,-7.5187969924811995,-6.86090225563909,0.7724550898203593,circular_shift_exact_mask_geometry
5,L5,Walking recall,fold01,479,-10.43233082706766,-6.86090225563909,0.7724550898203593,circular_shift_exact_mask_geometry
5,L5,Walking recall,fold01,480,-10.761278195488728,-6.86090225563909,0.7724550898203593,circular_shift_exact_mask_geometry
5,L5,Walking recall,fold01,481,-11.090225563909769,-6.86090225563909,0.7724550898203593,circular_shift_exact_mask_geometry
5,L5,Walking recall,fold01,482,-11.419172932330824,-6.86090225563909,0.7724550898203593,circular_shift_exact_mask_geometry
5,L5,Walking recall,fold01,483,-3.94736842105263,-6.86090225563909,0.7724550898203593,circular_shift_exact_mask_geometry
5,L5,Walking recall,fold01,484,-3.2894736842105203,-6.86090225563909,0.7724550898203593,circular_shift_exact_mask_geometry
5,L5,Walking recall,fold01,485,-6.203007518796994,-6.86090225563909,0.7724550898203593,circular_shift_exact_mask_geometry
5,L5,Walking recall,fold01,486,-10.761278195488728,-6.86090225563909,0.7724550898203593,circular_shift_exact_mask_geometry
5,L5,Walking recall,fold01,487,-11.090225563909769,-6.86090225563909,0.7724550898203593,circular_shift_exact_mask_geometry
5,L5,Walking recall,fold01,488,-10.43233082706766,-6.86090225563909,0.7724550898203593,circular_shift_exact_mask_geometry
5,L5,Walking recall,fold01,489,-7.5187969924811995,-6.86090225563909,0.7724550898203593,circular_shift_exact_mask_geometry
5,L5,Walking recall,fold01,490,-6.86090225563909,-6.86090225563909,0.7724550898203593,circular_shift_exact_mask_geometry
5,L5,Walking recall,fold01,491,-11.748120300751879,-6.86090225563909,0.7724550898203593,circular_shift_exact_mask_geometry
5,L5,Walking recall,fold01,492,-7.5187969924811995,-6.86090225563909,0.7724550898203593,circular_shift_exact_mask_geometry
5,L5,Walking recall,fold01,493,-10.761278195488728,-6.86090225563909,0.7724550898203593,circular_shift_exact_mask_geometry
5,L5,Walking recall,fold01,494,-6.531954887218049,-6.86090225563909,0.7724550898203593,circular_shift_exact_mask_geometry
5,L5,Walking recall,fold01,495,-7.5187969924811995,-6.86090225563909,0.7724550898203593,circular_shift_exact_mask_geometry
5,L5,Walking recall,fold01,496,-6.86090225563909,-6.86090225563909,0.7724550898203593,circular_shift_exact_mask_geometry
5,L5,Walking recall,fold01,497,-10.43233082706766,-6.86090225563909,0.7724550898203593,circular_shift_exact_mask_geometry
5,L5,Walking recall,fold01,498,-3.6184210526315823,-6.86090225563909,0.7724550898203593,circular_shift_exact_mask_geometry
5,L5,Walking recall,fold01,499,-9.774436090225564,-6.86090225563909,0.7724550898203593,circular_shift_exact_mask_geometry
5,L5,Walking recall,fold01,500,-7.847744360902254,-6.86090225563909,0.7724550898203593,circular_shift_exact_mask_geometry
2,L2,Stage-2 macro recall,fold02,1,-1.9905533063427612,-1.0205802968960853,0.9960079840319361,circular_shift_exact_mask_geometry
2,L2,Stage-2 macro recall,fold02,2,-3.2894736842105203,-1.0205802968960853,0.9960079840319361,circular_shift_exact_mask_geometry
2,L2,Stage-2 macro recall,fold02,3,-2.943657219973005,-1.0205802968960853,0.9960079840319361,circular_shift_exact_mask_geometry
2,L2,Stage-2 macro recall,fold02,4,-3.2894736842105203,-1.0205802968960853,0.9960079840319361,circular_shift_exact_mask_geometry
2,L2,Stage-2 macro recall,fold02,5,-1.349527665317126,-1.0205802968960853,0.9960079840319361,circular_shift_exact_mask_geometry
2,L2,Stage-2 macro recall,fold02,6,-2.648448043184871,-1.0205802968960853,0.9960079840319361,circular_shift_exact_mask_geometry
2,L2,Stage-2 macro recall,fold02,7,-2.3195006747638303,-1.0205802968960853,0.9960079840319361,circular_shift_exact_mask_geometry
2,L2,Stage-2 macro recall,fold02,8,-3.18608245178703,-1.0205802968960853,0.9960079840319361,circular_shift_exact_mask_geometry
2,L2,Stage-2 macro recall,fold02,9,-3.9304993252361555,-1.0205802968960853,0.9960079840319361,circular_shift_exact_mask_geometry
2,L2,Stage-2 macro recall,fold02,10,-2.30263157894737,-1.0205802968960853,0.9960079840319361,circular_shift_exact_mask_geometry
2,L2,Stage-2 macro recall,fold02,11,-2.3195006747638303,-1.0205802968960853,0.9960079840319361,circular_shift_exact_mask_geometry
2,L2,Stage-2 macro recall,fold02,12,-3.2894736842105203,-1.0205802968960853,0.9960079840319361,circular_shift_exact_mask_geometry
2,L2,Stage-2 macro recall,fold02,13,-3.601551956815115,-1.0205802968960853,0.9960079840319361,circular_shift_exact_mask_geometry
2,L2,Stage-2 macro recall,fold02,14,-2.9605263157894655,-1.0205802968960853,0.9960079840319361,circular_shift_exact_mask_geometry
2,L2,Stage-2 macro recall,fold02,15,-2.6315789473684106,-1.0205802968960853,0.9960079840319361,circular_shift_exact_mask_geometry
2,L2,Stage-2 macro recall,fold02,16,-3.601551956815115,-1.0205802968960853,0.9960079840319361,circular_shift_exact_mask_geometry
2,L2,Stage-2 macro recall,fold02,17,-2.3195006747638303,-1.0205802968960853,0.9960079840319361,circular_shift_exact_mask_geometry
2,L2,Stage-2 macro recall,fold02,18,-1.3326585695006656,-1.0205802968960853,0.9960079840319361,circular_shift_exact_mask_geometry
2,L2,Stage-2 macro recall,fold02,19,-1.9905533063427612,-1.0205802968960853,0.9960079840319361,circular_shift_exact_mask_geometry
2,L2,Stage-2 macro recall,fold02,20,-2.30263157894737,-1.0205802968960853,0.9960079840319361,circular_shift_exact_mask_geometry
2,L2,Stage-2 macro recall,fold02,21,-2.648448043184871,-1.0205802968960853,0.9960079840319361,circular_shift_exact_mask_geometry
2,L2,Stage-2 macro recall,fold02,22,-2.3195006747638303,-1.0205802968960853,0.9960079840319361,circular_shift_exact_mask_geometry
2,L2,Stage-2 macro recall,fold02,23,-2.6315789473684106,-1.0205802968960853,0.9960079840319361,circular_shift_exact_mask_geometry
2,L2,Stage-2 macro recall,fold02,24,-3.9304993252361555,-1.0205802968960853,0.9960079840319361,circular_shift_exact_mask_geometry
2,L2,Stage-2 macro recall,fold02,25,-2.6315789473684106,-1.0205802968960853,0.9960079840319361,circular_shift_exact_mask_geometry
2,L2,Stage-2 macro recall,fold02,26,-1.6616059379217205,-1.0205802968960853,0.9960079840319361,circular_shift_exact_mask_geometry
2,L2,Stage-2 macro recall,fold02,27,-4.588394062078265,-1.0205802968960853,0.9960079840319361,circular_shift_exact_mask_geometry
2,L2,Stage-2 macro recall,fold02,28,-2.3195006747638303,-1.0205802968960853,0.9960079840319361,circular_shift_exact_mask_geometry
2,L2,Stage-2 macro recall,fold02,29,-2.30263157894737,-1.0205802968960853,0.9960079840319361,circular_shift_exact_mask_geometry
2,L2,Stage-2 macro recall,fold02,30,-2.648448043184871,-1.0205802968960853,0.9960079840319361,circular_shift_exact_mask_geometry
2,L2,Stage-2 macro recall,fold02,31,-1.3326585695006656,-1.0205802968960853,0.9960079840319361,circular_shift_exact_mask_geometry
2,L2,Stage-2 macro recall,fold02,32,-2.9605263157894655,-1.0205802968960853,0.9960079840319361,circular_shift_exact_mask_geometry
2,L2,Stage-2 macro recall,fold02,33,-3.601551956815115,-1.0205802968960853,0.9960079840319361,circular_shift_exact_mask_geometry
2,L2,Stage-2 macro recall,fold02,34,-2.0074224021592357,-1.0205802968960853,0.9960079840319361,circular_shift_exact_mask_geometry
2,L2,Stage-2 macro recall,fold02,35,-2.977395411605926,-1.0205802968960853,0.9960079840319361,circular_shift_exact_mask_geometry
2,L2,Stage-2 macro recall,fold02,36,-2.9605263157894655,-1.0205802968960853,0.9960079840319361,circular_shift_exact_mask_geometry
2,L2,Stage-2 macro recall,fold02,37,-1.6616059379217205,-1.0205802968960853,0.9960079840319361,circular_shift_exact_mask_geometry
2,L2,Stage-2 macro recall,fold02,38,-2.9605263157894655,-1.0205802968960853,0.9960079840319361,circular_shift_exact_mask_geometry
2,L2,Stage-2 macro recall,fold02,39,-2.648448043184871,-1.0205802968960853,0.9960079840319361,circular_shift_exact_mask_geometry
2,L2,Stage-2 macro recall,fold02,40,-3.3063427800269807,-1.0205802968960853,0.9960079840319361,circular_shift_exact_mask_geometry
2,L2,Stage-2 macro recall,fold02,41,-3.2894736842105203,-1.0205802968960853,0.9960079840319361,circular_shift_exact_mask_geometry
2,L2,Stage-2 macro recall,fold02,42,-3.8271080928126793,-1.0205802968960853,0.9960079840319361,circular_shift_exact_mask_geometry
2,L2,Stage-2 macro recall,fold02,43,-3.601551956815115,-1.0205802968960853,0.9960079840319361,circular_shift_exact_mask_geometry
2,L2,Stage-2 macro recall,fold02,44,-2.1992403465238795,-1.0205802968960853,0.9960079840319361,circular_shift_exact_mask_geometry
2,L2,Stage-2 macro recall,fold02,45,-2.3195006747638303,-1.0205802968960853,0.9960079840319361,circular_shift_exact_mask_geometry
2,L2,Stage-2 macro recall,fold02,46,-3.3063427800269807,-1.0205802968960853,0.9960079840319361,circular_shift_exact_mask_geometry
2,L2,Stage-2 macro recall,fold02,47,-2.1992403465238795,-1.0205802968960853,0.9960079840319361,circular_shift_exact_mask_geometry
2,L2,Stage-2 macro recall,fold02,48,-2.977395411605926,-1.0205802968960853,0.9960079840319361,circular_shift_exact_mask_geometry
2,L2,Stage-2 macro recall,fold02,49,-3.2894736842105203,-1.0205802968960853,0.9960079840319361,circular_shift_exact_mask_geometry
2,L2,Stage-2 macro recall,fold02,50,-3.2726045883940458,-1.0205802968960853,0.9960079840319361,circular_shift_exact_mask_geometry
2,L2,Stage-2 macro recall,fold02,51,-2.9605263157894655,-1.0205802968960853,0.9960079840319361,circular_shift_exact_mask_geometry
2,L2,Stage-2 macro recall,fold02,52,-3.8271080928126793,-1.0205802968960853,0.9960079840319361,circular_shift_exact_mask_geometry
2,L2,Stage-2 macro recall,fold02,53,-2.30263157894737,-1.0205802968960853,0.9960079840319361,circular_shift_exact_mask_geometry
2,L2,Stage-2 macro recall,fold02,54,-2.648448043184871,-1.0205802968960853,0.9960079840319361,circular_shift_exact_mask_geometry
2,L2,Stage-2 macro recall,fold02,55,-2.6315789473684106,-1.0205802968960853,0.9960079840319361,circular_shift_exact_mask_geometry
2,L2,Stage-2 macro recall,fold02,56,-2.9605263157894655,-1.0205802968960853,0.9960079840319361,circular_shift_exact_mask_geometry
2,L2,Stage-2 macro recall,fold02,57,-2.30263157894737,-1.0205802968960853,0.9960079840319361,circular_shift_exact_mask_geometry
2,L2,Stage-2 macro recall,fold02,58,-2.3195006747638303,-1.0205802968960853,0.9960079840319361,circular_shift_exact_mask_geometry
2,L2,Stage-2 macro recall,fold02,59,-1.9905533063427612,-1.0205802968960853,0.9960079840319361,circular_shift_exact_mask_geometry
2,L2,Stage-2 macro recall,fold02,60,-1.6784750337381809,-1.0205802968960853,0.9960079840319361,circular_shift_exact_mask_geometry
2,L2,Stage-2 macro recall,fold02,61,-2.6315789473684106,-1.0205802968960853,0.9960079840319361,circular_shift_exact_mask_geometry
2,L2,Stage-2 macro recall,fold02,62,-1.6784750337381809,-1.0205802968960853,0.9960079840319361,circular_shift_exact_mask_geometry
2,L2,Stage-2 macro recall,fold02,63,-2.3195006747638303,-1.0205802968960853,0.9960079840319361,circular_shift_exact_mask_geometry
2,L2,Stage-2 macro recall,fold02,64,-4.588394062078265,-1.0205802968960853,0.9960079840319361,circular_shift_exact_mask_geometry
2,L2,Stage-2 macro recall,fold02,65,-2.943657219973005,-1.0205802968960853,0.9960079840319361,circular_shift_exact_mask_geometry
2,L2,Stage-2 macro recall,fold02,66,-2.943657219973005,-1.0205802968960853,0.9960079840319361,circular_shift_exact_mask_geometry
2,L2,Stage-2 macro recall,fold02,67,-3.9304993252361555,-1.0205802968960853,0.9960079840319361,circular_shift_exact_mask_geometry
2,L2,Stage-2 macro recall,fold02,68,-1.9736842105263008,-1.0205802968960853,0.9960079840319361,circular_shift_exact_mask_geometry
2,L2,Stage-2 macro recall,fold02,69,-3.2894736842105203,-1.0205802968960853,0.9960079840319361,circular_shift_exact_mask_geometry
2,L2,Stage-2 macro recall,fold02,70,-2.3195006747638303,-1.0205802968960853,0.9960079840319361,circular_shift_exact_mask_geometry
2,L2,Stage-2 macro recall,fold02,71,-2.9605263157894655,-1.0205802968960853,0.9960079840319361,circular_shift_exact_mask_geometry
2,L2,Stage-2 macro recall,fold02,72,-3.601551956815115,-1.0205802968960853,0.9960079840319361,circular_shift_exact_mask_geometry
2,L2,Stage-2 macro recall,fold02,73,-2.9605263157894655,-1.0205802968960853,0.9960079840319361,circular_shift_exact_mask_geometry
2,L2,Stage-2 macro recall,fold02,74,-1.3326585695006656,-1.0205802968960853,0.9960079840319361,circular_shift_exact_mask_geometry
2,L2,Stage-2 macro recall,fold02,75,-2.943657219973005,-1.0205802968960853,0.9960079840319361,circular_shift_exact_mask_geometry
2,L2,Stage-2 macro recall,fold02,76,-1.9905533063427612,-1.0205802968960853,0.9960079840319361,circular_shift_exact_mask_geometry
2,L2,Stage-2 macro recall,fold02,77,-2.943657219973005,-1.0205802968960853,0.9960079840319361,circular_shift_exact_mask_geometry
2,L2,Stage-2 macro recall,fold02,78,-2.943657219973005,-1.0205802968960853,0.9960079840319361,circular_shift_exact_mask_geometry
2,L2,Stage-2 macro recall,fold02,79,-4.259446693657196,-1.0205802968960853,0.9960079840319361,circular_shift_exact_mask_geometry
2,L2,Stage-2 macro recall,fold02,80,-2.3195006747638303,-1.0205802968960853,0.9960079840319361,circular_shift_exact_mask_geometry
2,L2,Stage-2 macro recall,fold02,81,-1.6784750337381809,-1.0205802968960853,0.9960079840319361,circular_shift_exact_mask_geometry
2,L2,Stage-2 macro recall,fold02,82,-4.259446693657196,-1.0205802968960853,0.9960079840319361,circular_shift_exact_mask_geometry
2,L2,Stage-2 macro recall,fold02,83,-3.3063427800269807,-1.0205802968960853,0.9960079840319361,circular_shift_exact_mask_geometry
2,L2,Stage-2 macro recall,fold02,84,-3.2726045883940458,-1.0205802968960853,0.9960079840319361,circular_shift_exact_mask_geometry
2,L2,Stage-2 macro recall,fold02,85,-2.648448043184871,-1.0205802968960853,0.9960079840319361,circular_shift_exact_mask_geometry
2,L2,Stage-2 macro recall,fold02,86,-3.618421052631561,-1.0205802968960853,0.9960079840319361,circular_shift_exact_mask_geometry
2,L2,Stage-2 macro recall,fold02,87,-2.3195006747638303,-1.0205802968960853,0.9960079840319361,circular_shift_exact_mask_geometry
2,L2,Stage-2 macro recall,fold02,88,-3.94736842105263,-1.0205802968960853,0.9960079840319361,circular_shift_exact_mask_geometry
2,L2,Stage-2 macro recall,fold02,89,-2.6315789473684106,-1.0205802968960853,0.9960079840319361,circular_shift_exact_mask_geometry
2,L2,Stage-2 macro recall,fold02,90,-2.648448043184871,-1.0205802968960853,0.9960079840319361,circular_shift_exact_mask_geometry
2,L2,Stage-2 macro recall,fold02,91,-2.648448043184871,-1.0205802968960853,0.9960079840319361,circular_shift_exact_mask_geometry
2,L2,Stage-2 macro recall,fold02,92,-2.9605263157894655,-1.0205802968960853,0.9960079840319361,circular_shift_exact_mask_geometry
2,L2,Stage-2 macro recall,fold02,93,-1.9736842105263008,-1.0205802968960853,0.9960079840319361,circular_shift_exact_mask_geometry
2,L2,Stage-2 macro recall,fold02,94,-2.9605263157894655,-1.0205802968960853,0.9960079840319361,circular_shift_exact_mask_geometry
2,L2,Stage-2 macro recall,fold02,95,-1.6784750337381809,-1.0205802968960853,0.9960079840319361,circular_shift_exact_mask_geometry
2,L2,Stage-2 macro recall,fold02,96,-2.3195006747638303,-1.0205802968960853,0.9960079840319361,circular_shift_exact_mask_geometry
2,L2,Stage-2 macro recall,fold02,97,-1.9905533063427612,-1.0205802968960853,0.9960079840319361,circular_shift_exact_mask_geometry
2,L2,Stage-2 macro recall,fold02,98,-3.18608245178703,-1.0205802968960853,0.9960079840319361,circular_shift_exact_mask_geometry
2,L2,Stage-2 macro recall,fold02,99,-2.977395411605926,-1.0205802968960853,0.9960079840319361,circular_shift_exact_mask_geometry
2,L2,Stage-2 macro recall,fold02,100,-2.30263157894737,-1.0205802968960853,0.9960079840319361,circular_shift_exact_mask_geometry
2,L2,Stage-2 macro recall,fold02,101,-1.349527665317126,-1.0205802968960853,0.9960079840319361,circular_shift_exact_mask_geometry
2,L2,Stage-2 macro recall,fold02,102,-2.648448043184871,-1.0205802968960853,0.9960079840319361,circular_shift_exact_mask_geometry
2,L2,Stage-2 macro recall,fold02,103,-2.9605263157894655,-1.0205802968960853,0.9960079840319361,circular_shift_exact_mask_geometry
2,L2,Stage-2 macro recall,fold02,104,-1.6784750337381809,-1.0205802968960853,0.9960079840319361,circular_shift_exact_mask_geometry
2,L2,Stage-2 macro recall,fold02,105,-2.6315789473684106,-1.0205802968960853,0.9960079840319361,circular_shift_exact_mask_geometry
2,L2,Stage-2 macro recall,fold02,106,-2.943657219973005,-1.0205802968960853,0.9960079840319361,circular_shift_exact_mask_geometry
2,L2,Stage-2 macro recall,fold02,107,-1.349527665317126,-1.0205802968960853,0.9960079840319361,circular_shift_exact_mask_geometry
2,L2,Stage-2 macro recall,fold02,108,-3.2894736842105203,-1.0205802968960853,0.9960079840319361,circular_shift_exact_mask_geometry
2,L2,Stage-2 macro recall,fold02,109,-2.3195006747638303,-1.0205802968960853,0.9960079840319361,circular_shift_exact_mask_geometry
2,L2,Stage-2 macro recall,fold02,110,-3.2726045883940458,-1.0205802968960853,0.9960079840319361,circular_shift_exact_mask_geometry
2,L2,Stage-2 macro recall,fold02,111,-2.6315789473684106,-1.0205802968960853,0.9960079840319361,circular_shift_exact_mask_geometry
2,L2,Stage-2 macro recall,fold02,112,-3.2894736842105203,-1.0205802968960853,0.9960079840319361,circular_shift_exact_mask_geometry
2,L2,Stage-2 macro recall,fold02,113,-2.30263157894737,-1.0205802968960853,0.9960079840319361,circular_shift_exact_mask_geometry
2,L2,Stage-2 macro recall,fold02,114,-2.614709851551936,-1.0205802968960853,0.9960079840319361,circular_shift_exact_mask_geometry
2,L2,Stage-2 macro recall,fold02,115,-2.9605263157894655,-1.0205802968960853,0.9960079840319361,circular_shift_exact_mask_geometry
2,L2,Stage-2 macro recall,fold02,116,-2.977395411605926,-1.0205802968960853,0.9960079840319361,circular_shift_exact_mask_geometry
2,L2,Stage-2 macro recall,fold02,117,-2.943657219973005,-1.0205802968960853,0.9960079840319361,circular_shift_exact_mask_geometry
2,L2,Stage-2 macro recall,fold02,118,-4.276315789473685,-1.0205802968960853,0.9960079840319361,circular_shift_exact_mask_geometry
2,L2,Stage-2 macro recall,fold02,119,-4.276315789473685,-1.0205802968960853,0.9960079840319361,circular_shift_exact_mask_geometry
2,L2,Stage-2 macro recall,fold02,120,-2.6315789473684106,-1.0205802968960853,0.9960079840319361,circular_shift_exact_mask_geometry
2,L2,Stage-2 macro recall,fold02,121,-3.2726045883940458,-1.0205802968960853,0.9960079840319361,circular_shift_exact_mask_geometry
2,L2,Stage-2 macro recall,fold02,122,-3.618421052631561,-1.0205802968960853,0.9960079840319361,circular_shift_exact_mask_geometry
2,L2,Stage-2 macro recall,fold02,123,-3.618421052631561,-1.0205802968960853,0.9960079840319361,circular_shift_exact_mask_geometry
2,L2,Stage-2 macro recall,fold02,124,-2.3195006747638303,-1.0205802968960853,0.9960079840319361,circular_shift_exact_mask_geometry
2,L2,Stage-2 macro recall,fold02,125,-3.2726045883940458,-1.0205802968960853,0.9960079840319361,circular_shift_exact_mask_geometry
2,L2,Stage-2 macro recall,fold02,126,-1.6616059379217205,-1.0205802968960853,0.9960079840319361,circular_shift_exact_mask_geometry
2,L2,Stage-2 macro recall,fold02,127,-4.259446693657196,-1.0205802968960853,0.9960079840319361,circular_shift_exact_mask_geometry
2,L2,Stage-2 macro recall,fold02,128,-3.601551956815115,-1.0205802968960853,0.9960079840319361,circular_shift_exact_mask_geometry
2,L2,Stage-2 macro recall,fold02,129,-2.3195006747638303,-1.0205802968960853,0.9960079840319361,circular_shift_exact_mask_geometry
2,L2,Stage-2 macro recall,fold02,130,-2.648448043184871,-1.0205802968960853,0.9960079840319361,circular_shift_exact_mask_geometry
2,L2,Stage-2 macro recall,fold02,131,-3.9642375168690904,-1.0205802968960853,0.9960079840319361,circular_shift_exact_mask_geometry
2,L2,Stage-2 macro recall,fold02,132,-3.2894736842105203,-1.0205802968960853,0.9960079840319361,circular_shift_exact_mask_geometry
2,L2,Stage-2 macro recall,fold02,133,-4.4681337338383145,-1.0205802968960853,0.9960079840319361,circular_shift_exact_mask_geometry
2,L2,Stage-2 macro recall,fold02,134,-2.648448043184871,-1.0205802968960853,0.9960079840319361,circular_shift_exact_mask_geometry
2,L2,Stage-2 macro recall,fold02,135,-2.6315789473684106,-1.0205802968960853,0.9960079840319361,circular_shift_exact_mask_geometry
2,L2,Stage-2 macro recall,fold02,136,-2.6315789473684106,-1.0205802968960853,0.9960079840319361,circular_shift_exact_mask_geometry
2,L2,Stage-2 macro recall,fold02,137,-3.2894736842105203,-1.0205802968960853,0.9960079840319361,circular_shift_exact_mask_geometry
2,L2,Stage-2 macro recall,fold02,138,-1.9905533063427612,-1.0205802968960853,0.9960079840319361,circular_shift_exact_mask_geometry
2,L2,Stage-2 macro recall,fold02,139,-2.977395411605926,-1.0205802968960853,0.9960079840319361,circular_shift_exact_mask_geometry
2,L2,Stage-2 macro recall,fold02,140,-2.977395411605926,-1.0205802968960853,0.9960079840319361,circular_shift_exact_mask_geometry
2,L2,Stage-2 macro recall,fold02,141,-2.648448043184871,-1.0205802968960853,0.9960079840319361,circular_shift_exact_mask_geometry
2,L2,Stage-2 macro recall,fold02,142,-4.259446693657196,-1.0205802968960853,0.9960079840319361,circular_shift_exact_mask_geometry
2,L2,Stage-2 macro recall,fold02,143,-2.30263157894737,-1.0205802968960853,0.9960079840319361,circular_shift_exact_mask_geometry
2,L2,Stage-2 macro recall,fold02,144,-3.3063427800269807,-1.0205802968960853,0.9960079840319361,circular_shift_exact_mask_geometry
2,L2,Stage-2 macro recall,fold02,145,-3.2894736842105203,-1.0205802968960853,0.9960079840319361,circular_shift_exact_mask_geometry
2,L2,Stage-2 macro recall,fold02,146,-2.9605263157894655,-1.0205802968960853,0.9960079840319361,circular_shift_exact_mask_geometry
2,L2,Stage-2 macro recall,fold02,147,-2.9605263157894655,-1.0205802968960853,0.9960079840319361,circular_shift_exact_mask_geometry
2,L2,Stage-2 macro recall,fold02,148,-4.259446693657196,-1.0205802968960853,0.9960079840319361,circular_shift_exact_mask_geometry
2,L2,Stage-2 macro recall,fold02,149,-3.9304993252361555,-1.0205802968960853,0.9960079840319361,circular_shift_exact_mask_geometry
2,L2,Stage-2 macro recall,fold02,150,-2.3195006747638303,-1.0205802968960853,0.9960079840319361,circular_shift_exact_mask_geometry
2,L2,Stage-2 macro recall,fold02,151,-2.3195006747638303,-1.0205802968960853,0.9960079840319361,circular_shift_exact_mask_geometry
2,L2,Stage-2 macro recall,fold02,152,-1.9905533063427612,-1.0205802968960853,0.9960079840319361,circular_shift_exact_mask_geometry
2,L2,Stage-2 macro recall,fold02,153,-1.9905533063427612,-1.0205802968960853,0.9960079840319361,circular_shift_exact_mask_geometry
2,L2,Stage-2 macro recall,fold02,154,-2.30263157894737,-1.0205802968960853,0.9960079840319361,circular_shift_exact_mask_geometry
2,L2,Stage-2 macro recall,fold02,155,-1.9905533063427612,-1.0205802968960853,0.9960079840319361,circular_shift_exact_mask_geometry
2,L2,Stage-2 macro recall,fold02,156,-2.0074224021592357,-1.0205802968960853,0.9960079840319361,circular_shift_exact_mask_geometry
2,L2,Stage-2 macro recall,fold02,157,-3.601551956815115,-1.0205802968960853,0.9960079840319361,circular_shift_exact_mask_geometry
2,L2,Stage-2 macro recall,fold02,158,-3.2894736842105203,-1.0205802968960853,0.9960079840319361,circular_shift_exact_mask_geometry
2,L2,Stage-2 macro recall,fold02,159,-2.6315789473684106,-1.0205802968960853,0.9960079840319361,circular_shift_exact_mask_geometry
2,L2,Stage-2 macro recall,fold02,160,-2.30263157894737,-1.0205802968960853,0.9960079840319361,circular_shift_exact_mask_geometry
2,L2,Stage-2 macro recall,fold02,161,-2.9605263157894655,-1.0205802968960853,0.9960079840319361,circular_shift_exact_mask_geometry
2,L2,Stage-2 macro recall,fold02,162,-1.6616059379217205,-1.0205802968960853,0.9960079840319361,circular_shift_exact_mask_geometry
2,L2,Stage-2 macro recall,fold02,163,-2.3195006747638303,-1.0205802968960853,0.9960079840319361,circular_shift_exact_mask_geometry
2,L2,Stage-2 macro recall,fold02,164,-2.30263157894737,-1.0205802968960853,0.9960079840319361,circular_shift_exact_mask_geometry
2,L2,Stage-2 macro recall,fold02,165,-1.9905533063427612,-1.0205802968960853,0.9960079840319361,circular_shift_exact_mask_geometry
2,L2,Stage-2 macro recall,fold02,166,-2.3195006747638303,-1.0205802968960853,0.9960079840319361,circular_shift_exact_mask_geometry
2,L2,Stage-2 macro recall,fold02,167,-1.9905533063427612,-1.0205802968960853,0.9960079840319361,circular_shift_exact_mask_geometry
2,L2,Stage-2 macro recall,fold02,168,-3.94736842105263,-1.0205802968960853,0.9960079840319361,circular_shift_exact_mask_geometry
2,L2,Stage-2 macro recall,fold02,169,-2.9605263157894655,-1.0205802968960853,0.9960079840319361,circular_shift_exact_mask_geometry
2,L2,Stage-2 macro recall,fold02,170,-3.2726045883940458,-1.0205802968960853,0.9960079840319361,circular_shift_exact_mask_geometry
2,L2,Stage-2 macro recall,fold02,171,-2.9605263157894655,-1.0205802968960853,0.9960079840319361,circular_shift_exact_mask_geometry
2,L2,Stage-2 macro recall,fold02,172,-2.6315789473684106,-1.0205802968960853,0.9960079840319361,circular_shift_exact_mask_geometry
2,L2,Stage-2 macro recall,fold02,173,-2.977395411605926,-1.0205802968960853,0.9960079840319361,circular_shift_exact_mask_geometry
2,L2,Stage-2 macro recall,fold02,174,-2.3195006747638303,-1.0205802968960853,0.9960079840319361,circular_shift_exact_mask_geometry
2,L2,Stage-2 macro recall,fold02,175,-1.9905533063427612,-1.0205802968960853,0.9960079840319361,circular_shift_exact_mask_geometry
2,L2,Stage-2 macro recall,fold02,176,-3.601551956815115,-1.0205802968960853,0.9960079840319361,circular_shift_exact_mask_geometry
2,L2,Stage-2 macro recall,fold02,177,-2.9605263157894655,-1.0205802968960853,0.9960079840319361,circular_shift_exact_mask_geometry
2,L2,Stage-2 macro recall,fold02,178,-1.9905533063427612,-1.0205802968960853,0.9960079840319361,circular_shift_exact_mask_geometry
2,L2,Stage-2 macro recall,fold02,179,-3.2894736842105203,-1.0205802968960853,0.9960079840319361,circular_shift_exact_mask_geometry
2,L2,Stage-2 macro recall,fold02,180,-1.9736842105263008,-1.0205802968960853,0.9960079840319361,circular_shift_exact_mask_geometry
2,L2,Stage-2 macro recall,fold02,181,-3.618421052631561,-1.0205802968960853,0.9960079840319361,circular_shift_exact_mask_geometry
2,L2,Stage-2 macro recall,fold02,182,-2.648448043184871,-1.0205802968960853,0.9960079840319361,circular_shift_exact_mask_geometry
2,L2,Stage-2 macro recall,fold02,183,-1.9736842105263008,-1.0205802968960853,0.9960079840319361,circular_shift_exact_mask_geometry
2,L2,Stage-2 macro recall,fold02,184,-3.2894736842105203,-1.0205802968960853,0.9960079840319361,circular_shift_exact_mask_geometry
2,L2,Stage-2 macro recall,fold02,185,-1.6616059379217205,-1.0205802968960853,0.9960079840319361,circular_shift_exact_mask_geometry
2,L2,Stage-2 macro recall,fold02,186,-2.0074224021592357,-1.0205802968960853,0.9960079840319361,circular_shift_exact_mask_geometry
2,L2,Stage-2 macro recall,fold02,187,-1.9905533063427612,-1.0205802968960853,0.9960079840319361,circular_shift_exact_mask_geometry
2,L2,Stage-2 macro recall,fold02,188,-2.943657219973005,-1.0205802968960853,0.9960079840319361,circular_shift_exact_mask_geometry
2,L2,Stage-2 macro recall,fold02,189,-1.9736842105263008,-1.0205802968960853,0.9960079840319361,circular_shift_exact_mask_geometry
2,L2,Stage-2 macro recall,fold02,190,-2.943657219973005,-1.0205802968960853,0.9960079840319361,circular_shift_exact_mask_geometry
2,L2,Stage-2 macro recall,fold02,191,-3.2894736842105203,-1.0205802968960853,0.9960079840319361,circular_shift_exact_mask_geometry
2,L2,Stage-2 macro recall,fold02,192,-2.3195006747638303,-1.0205802968960853,0.9960079840319361,circular_shift_exact_mask_geometry
2,L2,Stage-2 macro recall,fold02,193,-2.6315789473684106,-1.0205802968960853,0.9960079840319361,circular_shift_exact_mask_geometry
2,L2,Stage-2 macro recall,fold02,194,-2.977395411605926,-1.0205802968960853,0.9960079840319361,circular_shift_exact_mask_geometry
2,L2,Stage-2 macro recall,fold02,195,-3.18608245178703,-1.0205802968960853,0.9960079840319361,circular_shift_exact_mask_geometry
2,L2,Stage-2 macro recall,fold02,196,-2.9605263157894655,-1.0205802968960853,0.9960079840319361,circular_shift_exact_mask_geometry
2,L2,Stage-2 macro recall,fold02,197,-2.3195006747638303,-1.0205802968960853,0.9960079840319361,circular_shift_exact_mask_geometry
2,L2,Stage-2 macro recall,fold02,198,-2.3195006747638303,-1.0205802968960853,0.9960079840319361,circular_shift_exact_mask_geometry
2,L2,Stage-2 macro recall,fold02,199,-3.8102389969962047,-1.0205802968960853,0.9960079840319361,circular_shift_exact_mask_geometry
2,L2,Stage-2 macro recall,fold02,200,-1.9905533063427612,-1.0205802968960853,0.9960079840319361,circular_shift_exact_mask_geometry
2,L2,Stage-2 macro recall,fold02,201,-2.9605263157894655,-1.0205802968960853,0.9960079840319361,circular_shift_exact_mask_geometry
2,L2,Stage-2 macro recall,fold02,202,-1.9905533063427612,-1.0205802968960853,0.9960079840319361,circular_shift_exact_mask_geometry
2,L2,Stage-2 macro recall,fold02,203,-4.259446693657196,-1.0205802968960853,0.9960079840319361,circular_shift_exact_mask_geometry
2,L2,Stage-2 macro recall,fold02,204,-3.2894736842105203,-1.0205802968960853,0.9960079840319361,circular_shift_exact_mask_geometry
2,L2,Stage-2 macro recall,fold02,205,-3.618421052631561,-1.0205802968960853,0.9960079840319361,circular_shift_exact_mask_geometry
2,L2,Stage-2 macro recall,fold02,206,-2.30263157894737,-1.0205802968960853,0.9960079840319361,circular_shift_exact_mask_geometry
2,L2,Stage-2 macro recall,fold02,207,-3.2894736842105203,-1.0205802968960853,0.9960079840319361,circular_shift_exact_mask_geometry
2,L2,Stage-2 macro recall,fold02,208,-2.9605263157894655,-1.0205802968960853,0.9960079840319361,circular_shift_exact_mask_geometry
2,L2,Stage-2 macro recall,fold02,209,-3.18608245178703,-1.0205802968960853,0.9960079840319361,circular_shift_exact_mask_geometry
2,L2,Stage-2 macro recall,fold02,210,-3.2894736842105203,-1.0205802968960853,0.9960079840319361,circular_shift_exact_mask_geometry
2,L2,Stage-2 macro recall,fold02,211,-1.349527665317126,-1.0205802968960853,0.9960079840319361,circular_shift_exact_mask_geometry
2,L2,Stage-2 macro recall,fold02,212,-2.3195006747638303,-1.0205802968960853,0.9960079840319361,circular_shift_exact_mask_geometry
2,L2,Stage-2 macro recall,fold02,213,-3.2726045883940458,-1.0205802968960853,0.9960079840319361,circular_shift_exact_mask_geometry
2,L2,Stage-2 macro recall,fold02,214,-1.9736842105263008,-1.0205802968960853,0.9960079840319361,circular_shift_exact_mask_geometry
2,L2,Stage-2 macro recall,fold02,215,-2.30263157894737,-1.0205802968960853,0.9960079840319361,circular_shift_exact_mask_geometry
2,L2,Stage-2 macro recall,fold02,216,-3.2894736842105203,-1.0205802968960853,0.9960079840319361,circular_shift_exact_mask_geometry
2,L2,Stage-2 macro recall,fold02,217,-2.5450568107613947,-1.0205802968960853,0.9960079840319361,circular_shift_exact_mask_geometry
2,L2,Stage-2 macro recall,fold02,218,-3.1692133559705695,-1.0205802968960853,0.9960079840319361,circular_shift_exact_mask_geometry
2,L2,Stage-2 macro recall,fold02,219,-1.3326585695006656,-1.0205802968960853,0.9960079840319361,circular_shift_exact_mask_geometry
2,L2,Stage-2 macro recall,fold02,220,-2.9605263157894655,-1.0205802968960853,0.9960079840319361,circular_shift_exact_mask_geometry
2,L2,Stage-2 macro recall,fold02,221,-1.9905533063427612,-1.0205802968960853,0.9960079840319361,circular_shift_exact_mask_geometry
2,L2,Stage-2 macro recall,fold02,222,-1.6784750337381809,-1.0205802968960853,0.9960079840319361,circular_shift_exact_mask_geometry
2,L2,Stage-2 macro recall,fold02,223,-2.9605263157894655,-1.0205802968960853,0.9960079840319361,circular_shift_exact_mask_geometry
2,L2,Stage-2 macro recall,fold02,224,-1.9905533063427612,-1.0205802968960853,0.9960079840319361,circular_shift_exact_mask_geometry
2,L2,Stage-2 macro recall,fold02,225,-2.3195006747638303,-1.0205802968960853,0.9960079840319361,circular_shift_exact_mask_geometry
2,L2,Stage-2 macro recall,fold02,226,-3.601551956815115,-1.0205802968960853,0.9960079840319361,circular_shift_exact_mask_geometry
2,L2,Stage-2 macro recall,fold02,227,-2.0074224021592357,-1.0205802968960853,0.9960079840319361,circular_shift_exact_mask_geometry
2,L2,Stage-2 macro recall,fold02,228,-2.0074224021592357,-1.0205802968960853,0.9960079840319361,circular_shift_exact_mask_geometry
2,L2,Stage-2 macro recall,fold02,229,-3.9304993252361555,-1.0205802968960853,0.9960079840319361,circular_shift_exact_mask_geometry
2,L2,Stage-2 macro recall,fold02,230,-2.9605263157894655,-1.0205802968960853,0.9960079840319361,circular_shift_exact_mask_geometry
2,L2,Stage-2 macro recall,fold02,231,-3.2894736842105203,-1.0205802968960853,0.9960079840319361,circular_shift_exact_mask_geometry
2,L2,Stage-2 macro recall,fold02,232,-2.6315789473684106,-1.0205802968960853,0.9960079840319361,circular_shift_exact_mask_geometry
2,L2,Stage-2 macro recall,fold02,233,-3.2894736842105203,-1.0205802968960853,0.9960079840319361,circular_shift_exact_mask_geometry
2,L2,Stage-2 macro recall,fold02,234,-4.588394062078265,-1.0205802968960853,0.9960079840319361,circular_shift_exact_mask_geometry
2,L2,Stage-2 macro recall,fold02,235,-4.588394062078265,-1.0205802968960853,0.9960079840319361,circular_shift_exact_mask_geometry
2,L2,Stage-2 macro recall,fold02,236,-2.943657219973005,-1.0205802968960853,0.9960079840319361,circular_shift_exact_mask_geometry
2,L2,Stage-2 macro recall,fold02,237,-3.601551956815115,-1.0205802968960853,0.9960079840319361,circular_shift_exact_mask_geometry
2,L2,Stage-2 macro recall,fold02,238,-2.30263157894737,-1.0205802968960853,0.9960079840319361,circular_shift_exact_mask_geometry
2,L2,Stage-2 macro recall,fold02,239,-2.977395411605926,-1.0205802968960853,0.9960079840319361,circular_shift_exact_mask_geometry
2,L2,Stage-2 macro recall,fold02,240,-2.6315789473684106,-1.0205802968960853,0.9960079840319361,circular_shift_exact_mask_geometry
2,L2,Stage-2 macro recall,fold02,241,-3.8271080928126793,-1.0205802968960853,0.9960079840319361,circular_shift_exact_mask_geometry
2,L2,Stage-2 macro recall,fold02,242,-1.6616059379217205,-1.0205802968960853,0.9960079840319361,circular_shift_exact_mask_geometry
2,L2,Stage-2 macro recall,fold02,243,-3.2726045883940458,-1.0205802968960853,0.9960079840319361,circular_shift_exact_mask_geometry
2,L2,Stage-2 macro recall,fold02,244,-2.30263157894737,-1.0205802968960853,0.9960079840319361,circular_shift_exact_mask_geometry
2,L2,Stage-2 macro recall,fold02,245,-2.648448043184871,-1.0205802968960853,0.9960079840319361,circular_shift_exact_mask_geometry
2,L2,Stage-2 macro recall,fold02,246,-3.2894736842105203,-1.0205802968960853,0.9960079840319361,circular_shift_exact_mask_geometry
2,L2,Stage-2 macro recall,fold02,247,-2.9605263157894655,-1.0205802968960853,0.9960079840319361,circular_shift_exact_mask_geometry
2,L2,Stage-2 macro recall,fold02,248,-2.648448043184871,-1.0205802968960853,0.9960079840319361,circular_shift_exact_mask_geometry
2,L2,Stage-2 macro recall,fold02,249,-3.601551956815115,-1.0205802968960853,0.9960079840319361,circular_shift_exact_mask_geometry
2,L2,Stage-2 macro recall,fold02,250,-3.618421052631561,-1.0205802968960853,0.9960079840319361,circular_shift_exact_mask_geometry
2,L2,Stage-2 macro recall,fold02,251,-3.2726045883940458,-1.0205802968960853,0.9960079840319361,circular_shift_exact_mask_geometry
2,L2,Stage-2 macro recall,fold02,252,-2.3195006747638303,-1.0205802968960853,0.9960079840319361,circular_shift_exact_mask_geometry
2,L2,Stage-2 macro recall,fold02,253,-1.8702929781028246,-1.0205802968960853,0.9960079840319361,circular_shift_exact_mask_geometry
2,L2,Stage-2 macro recall,fold02,254,-3.2894736842105203,-1.0205802968960853,0.9960079840319361,circular_shift_exact_mask_geometry
2,L2,Stage-2 macro recall,fold02,255,-3.2726045883940458,-1.0205802968960853,0.9960079840319361,circular_shift_exact_mask_geometry
2,L2,Stage-2 macro recall,fold02,256,-1.4411027568922208,-1.0205802968960853,0.9960079840319361,circular_shift_exact_mask_geometry
2,L2,Stage-2 macro recall,fold02,257,-3.2894736842105203,-1.0205802968960853,0.9960079840319361,circular_shift_exact_mask_geometry
2,L2,Stage-2 macro recall,fold02,258,-3.2894736842105203,-1.0205802968960853,0.9960079840319361,circular_shift_exact_mask_geometry
2,L2,Stage-2 macro recall,fold02,259,-2.30263157894737,-1.0205802968960853,0.9960079840319361,circular_shift_exact_mask_geometry
2,L2,Stage-2 macro recall,fold02,260,-3.618421052631561,-1.0205802968960853,0.9960079840319361,circular_shift_exact_mask_geometry
2,L2,Stage-2 macro recall,fold02,261,-3.601551956815115,-1.0205802968960853,0.9960079840319361,circular_shift_exact_mask_geometry
2,L2,Stage-2 macro recall,fold02,262,-3.3063427800269807,-1.0205802968960853,0.9960079840319361,circular_shift_exact_mask_geometry
2,L2,Stage-2 macro recall,fold02,263,-1.349527665317126,-1.0205802968960853,0.9960079840319361,circular_shift_exact_mask_geometry
2,L2,Stage-2 macro recall,fold02,264,-4.588394062078265,-1.0205802968960853,0.9960079840319361,circular_shift_exact_mask_geometry
2,L2,Stage-2 macro recall,fold02,265,-2.6315789473684106,-1.0205802968960853,0.9960079840319361,circular_shift_exact_mask_geometry
2,L2,Stage-2 macro recall,fold02,266,-2.6315789473684106,-1.0205802968960853,0.9960079840319361,circular_shift_exact_mask_geometry
2,L2,Stage-2 macro recall,fold02,267,-1.9905533063427612,-1.0205802968960853,0.9960079840319361,circular_shift_exact_mask_geometry
2,L2,Stage-2 macro recall,fold02,268,-1.9905533063427612,-1.0205802968960853,0.9960079840319361,circular_shift_exact_mask_geometry
2,L2,Stage-2 macro recall,fold02,269,-1.6616059379217205,-1.0205802968960853,0.9960079840319361,circular_shift_exact_mask_geometry
2,L2,Stage-2 macro recall,fold02,270,-1.0205802968960853,-1.0205802968960853,0.9960079840319361,circular_shift_exact_mask_geometry
2,L2,Stage-2 macro recall,fold02,271,-3.5150298202080847,-1.0205802968960853,0.9960079840319361,circular_shift_exact_mask_geometry
2,L2,Stage-2 macro recall,fold02,272,-2.648448043184871,-1.0205802968960853,0.9960079840319361,circular_shift_exact_mask_geometry
2,L2,Stage-2 macro recall,fold02,273,-2.6315789473684106,-1.0205802968960853,0.9960079840319361,circular_shift_exact_mask_geometry
2,L2,Stage-2 macro recall,fold02,274,-2.943657219973005,-1.0205802968960853,0.9960079840319361,circular_shift_exact_mask_geometry
2,L2,Stage-2 macro recall,fold02,275,-3.2894736842105203,-1.0205802968960853,0.9960079840319361,circular_shift_exact_mask_geometry
2,L2,Stage-2 macro recall,fold02,276,-3.9304993252361555,-1.0205802968960853,0.9960079840319361,circular_shift_exact_mask_geometry
2,L2,Stage-2 macro recall,fold02,277,-1.6784750337381809,-1.0205802968960853,0.9960079840319361,circular_shift_exact_mask_geometry
2,L2,Stage-2 macro recall,fold02,278,-3.618421052631561,-1.0205802968960853,0.9960079840319361,circular_shift_exact_mask_geometry
2,L2,Stage-2 macro recall,fold02,279,-2.977395411605926,-1.0205802968960853,0.9960079840319361,circular_shift_exact_mask_geometry
2,L2,Stage-2 macro recall,fold02,280,-2.943657219973005,-1.0205802968960853,0.9960079840319361,circular_shift_exact_mask_geometry
2,L2,Stage-2 macro recall,fold02,281,-3.2894736842105203,-1.0205802968960853,0.9960079840319361,circular_shift_exact_mask_geometry
2,L2,Stage-2 macro recall,fold02,282,-3.2894736842105203,-1.0205802968960853,0.9960079840319361,circular_shift_exact_mask_geometry
2,L2,Stage-2 macro recall,fold02,283,-1.6616059379217205,-1.0205802968960853,0.9960079840319361,circular_shift_exact_mask_geometry
2,L2,Stage-2 macro recall,fold02,284,-2.943657219973005,-1.0205802968960853,0.9960079840319361,circular_shift_exact_mask_geometry
2,L2,Stage-2 macro recall,fold02,285,-2.30263157894737,-1.0205802968960853,0.9960079840319361,circular_shift_exact_mask_geometry
2,L2,Stage-2 macro recall,fold02,286,-1.9905533063427612,-1.0205802968960853,0.9960079840319361,circular_shift_exact_mask_geometry
2,L2,Stage-2 macro recall,fold02,287,-3.2894736842105203,-1.0205802968960853,0.9960079840319361,circular_shift_exact_mask_geometry
2,L2,Stage-2 macro recall,fold02,288,-2.9605263157894655,-1.0205802968960853,0.9960079840319361,circular_shift_exact_mask_geometry
2,L2,Stage-2 macro recall,fold02,289,-3.618421052631561,-1.0205802968960853,0.9960079840319361,circular_shift_exact_mask_geometry
2,L2,Stage-2 macro recall,fold02,290,-2.9605263157894655,-1.0205802968960853,0.9960079840319361,circular_shift_exact_mask_geometry
2,L2,Stage-2 macro recall,fold02,291,-3.2894736842105203,-1.0205802968960853,0.9960079840319361,circular_shift_exact_mask_geometry
2,L2,Stage-2 macro recall,fold02,292,-3.8102389969962047,-1.0205802968960853,0.9960079840319361,circular_shift_exact_mask_geometry
2,L2,Stage-2 macro recall,fold02,293,-3.2894736842105203,-1.0205802968960853,0.9960079840319361,circular_shift_exact_mask_geometry
2,L2,Stage-2 macro recall,fold02,294,-4.259446693657196,-1.0205802968960853,0.9960079840319361,circular_shift_exact_mask_geometry
2,L2,Stage-2 macro recall,fold02,295,-3.2726045883940458,-1.0205802968960853,0.9960079840319361,circular_shift_exact_mask_geometry
2,L2,Stage-2 macro recall,fold02,296,-2.3195006747638303,-1.0205802968960853,0.9960079840319361,circular_shift_exact_mask_geometry
2,L2,Stage-2 macro recall,fold02,297,-2.977395411605926,-1.0205802968960853,0.9960079840319361,circular_shift_exact_mask_geometry
2,L2,Stage-2 macro recall,fold02,298,-1.9905533063427612,-1.0205802968960853,0.9960079840319361,circular_shift_exact_mask_geometry
2,L2,Stage-2 macro recall,fold02,299,-2.9605263157894655,-1.0205802968960853,0.9960079840319361,circular_shift_exact_mask_geometry
2,L2,Stage-2 macro recall,fold02,300,-2.9605263157894655,-1.0205802968960853,0.9960079840319361,circular_shift_exact_mask_geometry
2,L2,Stage-2 macro recall,fold02,301,-1.9905533063427612,-1.0205802968960853,0.9960079840319361,circular_shift_exact_mask_geometry
2,L2,Stage-2 macro recall,fold02,302,-4.259446693657196,-1.0205802968960853,0.9960079840319361,circular_shift_exact_mask_geometry
2,L2,Stage-2 macro recall,fold02,303,-3.2894736842105203,-1.0205802968960853,0.9960079840319361,circular_shift_exact_mask_geometry
2,L2,Stage-2 macro recall,fold02,304,-0.6747638326585701,-1.0205802968960853,0.9960079840319361,circular_shift_exact_mask_geometry
2,L2,Stage-2 macro recall,fold02,305,-3.94736842105263,-1.0205802968960853,0.9960079840319361,circular_shift_exact_mask_geometry
2,L2,Stage-2 macro recall,fold02,306,-2.648448043184871,-1.0205802968960853,0.9960079840319361,circular_shift_exact_mask_geometry
2,L2,Stage-2 macro recall,fold02,307,-2.648448043184871,-1.0205802968960853,0.9960079840319361,circular_shift_exact_mask_geometry
2,L2,Stage-2 macro recall,fold02,308,-3.2726045883940458,-1.0205802968960853,0.9960079840319361,circular_shift_exact_mask_geometry
2,L2,Stage-2 macro recall,fold02,309,-2.9605263157894655,-1.0205802968960853,0.9960079840319361,circular_shift_exact_mask_geometry
2,L2,Stage-2 macro recall,fold02,310,-2.6315789473684106,-1.0205802968960853,0.9960079840319361,circular_shift_exact_mask_geometry
2,L2,Stage-2 macro recall,fold02,311,-3.618421052631561,-1.0205802968960853,0.9960079840319361,circular_shift_exact_mask_geometry
2,L2,Stage-2 macro recall,fold02,312,-3.618421052631561,-1.0205802968960853,0.9960079840319361,circular_shift_exact_mask_geometry
2,L2,Stage-2 macro recall,fold02,313,-2.9605263157894655,-1.0205802968960853,0.9960079840319361,circular_shift_exact_mask_geometry
2,L2,Stage-2 macro recall,fold02,314,-2.648448043184871,-1.0205802968960853,0.9960079840319361,circular_shift_exact_mask_geometry
2,L2,Stage-2 macro recall,fold02,315,-1.6784750337381809,-1.0205802968960853,0.9960079840319361,circular_shift_exact_mask_geometry
2,L2,Stage-2 macro recall,fold02,316,-1.887162073919285,-1.0205802968960853,0.9960079840319361,circular_shift_exact_mask_geometry
2,L2,Stage-2 macro recall,fold02,317,-4.13918636541726,-1.0205802968960853,0.9960079840319361,circular_shift_exact_mask_geometry
2,L2,Stage-2 macro recall,fold02,318,-3.9304993252361555,-1.0205802968960853,0.9960079840319361,circular_shift_exact_mask_geometry
2,L2,Stage-2 macro recall,fold02,319,-4.259446693657196,-1.0205802968960853,0.9960079840319361,circular_shift_exact_mask_geometry
2,L2,Stage-2 macro recall,fold02,320,-3.2726045883940458,-1.0205802968960853,0.9960079840319361,circular_shift_exact_mask_geometry
2,L2,Stage-2 macro recall,fold02,321,-2.30263157894737,-1.0205802968960853,0.9960079840319361,circular_shift_exact_mask_geometry
2,L2,Stage-2 macro recall,fold02,322,-3.618421052631561,-1.0205802968960853,0.9960079840319361,circular_shift_exact_mask_geometry
2,L2,Stage-2 macro recall,fold02,323,-2.6315789473684106,-1.0205802968960853,0.9960079840319361,circular_shift_exact_mask_geometry
2,L2,Stage-2 macro recall,fold02,324,-2.977395411605926,-1.0205802968960853,0.9960079840319361,circular_shift_exact_mask_geometry
2,L2,Stage-2 macro recall,fold02,325,-2.977395411605926,-1.0205802968960853,0.9960079840319361,circular_shift_exact_mask_geometry
2,L2,Stage-2 macro recall,fold02,326,-2.3195006747638303,-1.0205802968960853,0.9960079840319361,circular_shift_exact_mask_geometry
2,L2,Stage-2 macro recall,fold02,327,-1.9905533063427612,-1.0205802968960853,0.9960079840319361,circular_shift_exact_mask_geometry
2,L2,Stage-2 macro recall,fold02,328,-2.30263157894737,-1.0205802968960853,0.9960079840319361,circular_shift_exact_mask_geometry
2,L2,Stage-2 macro recall,fold02,329,-2.648448043184871,-1.0205802968960853,0.9960079840319361,circular_shift_exact_mask_geometry
2,L2,Stage-2 macro recall,fold02,330,-4.485002829654789,-1.0205802968960853,0.9960079840319361,circular_shift_exact_mask_geometry
2,L2,Stage-2 macro recall,fold02,331,-2.3195006747638303,-1.0205802968960853,0.9960079840319361,circular_shift_exact_mask_geometry
2,L2,Stage-2 macro recall,fold02,332,-1.887162073919285,-1.0205802968960853,0.9960079840319361,circular_shift_exact_mask_geometry
2,L2,Stage-2 macro recall,fold02,333,-2.977395411605926,-1.0205802968960853,0.9960079840319361,circular_shift_exact_mask_geometry
2,L2,Stage-2 macro recall,fold02,334,-3.2894736842105203,-1.0205802968960853,0.9960079840319361,circular_shift_exact_mask_geometry
2,L2,Stage-2 macro recall,fold02,335,-2.3195006747638303,-1.0205802968960853,0.9960079840319361,circular_shift_exact_mask_geometry
2,L2,Stage-2 macro recall,fold02,336,-3.6352901484480498,-1.0205802968960853,0.9960079840319361,circular_shift_exact_mask_geometry
2,L2,Stage-2 macro recall,fold02,337,-3.2894736842105203,-1.0205802968960853,0.9960079840319361,circular_shift_exact_mask_geometry
2,L2,Stage-2 macro recall,fold02,338,-2.9605263157894655,-1.0205802968960853,0.9960079840319361,circular_shift_exact_mask_geometry
2,L2,Stage-2 macro recall,fold02,339,-2.648448043184871,-1.0205802968960853,0.9960079840319361,circular_shift_exact_mask_geometry
2,L2,Stage-2 macro recall,fold02,340,-2.6315789473684106,-1.0205802968960853,0.9960079840319361,circular_shift_exact_mask_geometry
2,L2,Stage-2 macro recall,fold02,341,-2.9605263157894655,-1.0205802968960853,0.9960079840319361,circular_shift_exact_mask_geometry
2,L2,Stage-2 macro recall,fold02,342,-2.30263157894737,-1.0205802968960853,0.9960079840319361,circular_shift_exact_mask_geometry
2,L2,Stage-2 macro recall,fold02,343,-2.648448043184871,-1.0205802968960853,0.9960079840319361,circular_shift_exact_mask_geometry
2,L2,Stage-2 macro recall,fold02,344,-3.618421052631561,-1.0205802968960853,0.9960079840319361,circular_shift_exact_mask_geometry
2,L2,Stage-2 macro recall,fold02,345,-1.9905533063427612,-1.0205802968960853,0.9960079840319361,circular_shift_exact_mask_geometry
2,L2,Stage-2 macro recall,fold02,346,-2.6315789473684106,-1.0205802968960853,0.9960079840319361,circular_shift_exact_mask_geometry
2,L2,Stage-2 macro recall,fold02,347,-3.618421052631561,-1.0205802968960853,0.9960079840319361,circular_shift_exact_mask_geometry
2,L2,Stage-2 macro recall,fold02,348,-2.30263157894737,-1.0205802968960853,0.9960079840319361,circular_shift_exact_mask_geometry
2,L2,Stage-2 macro recall,fold02,349,-2.8402659875495146,-1.0205802968960853,0.9960079840319361,circular_shift_exact_mask_geometry
2,L2,Stage-2 macro recall,fold02,350,-3.94736842105263,-1.0205802968960853,0.9960079840319361,circular_shift_exact_mask_geometry
2,L2,Stage-2 macro recall,fold02,351,-2.9605263157894655,-1.0205802968960853,0.9960079840319361,circular_shift_exact_mask_geometry
2,L2,Stage-2 macro recall,fold02,352,-1.0205802968960853,-1.0205802968960853,0.9960079840319361,circular_shift_exact_mask_geometry
2,L2,Stage-2 macro recall,fold02,353,-2.648448043184871,-1.0205802968960853,0.9960079840319361,circular_shift_exact_mask_geometry
2,L2,Stage-2 macro recall,fold02,354,-3.2894736842105203,-1.0205802968960853,0.9960079840319361,circular_shift_exact_mask_geometry
2,L2,Stage-2 macro recall,fold02,355,-3.2894736842105203,-1.0205802968960853,0.9960079840319361,circular_shift_exact_mask_geometry
2,L2,Stage-2 macro recall,fold02,356,-3.2894736842105203,-1.0205802968960853,0.9960079840319361,circular_shift_exact_mask_geometry
2,L2,Stage-2 macro recall,fold02,357,-2.9605263157894655,-1.0205802968960853,0.9960079840319361,circular_shift_exact_mask_geometry
2,L2,Stage-2 macro recall,fold02,358,-1.6616059379217205,-1.0205802968960853,0.9960079840319361,circular_shift_exact_mask_geometry
2,L2,Stage-2 macro recall,fold02,359,-3.9304993252361555,-1.0205802968960853,0.9960079840319361,circular_shift_exact_mask_geometry
2,L2,Stage-2 macro recall,fold02,360,-1.9736842105263008,-1.0205802968960853,0.9960079840319361,circular_shift_exact_mask_geometry
2,L2,Stage-2 macro recall,fold02,361,-2.8402659875495146,-1.0205802968960853,0.9960079840319361,circular_shift_exact_mask_geometry
2,L2,Stage-2 macro recall,fold02,362,-1.9905533063427612,-1.0205802968960853,0.9960079840319361,circular_shift_exact_mask_geometry
2,L2,Stage-2 macro recall,fold02,363,-2.9605263157894655,-1.0205802968960853,0.9960079840319361,circular_shift_exact_mask_geometry
2,L2,Stage-2 macro recall,fold02,364,-3.601551956815115,-1.0205802968960853,0.9960079840319361,circular_shift_exact_mask_geometry
2,L2,Stage-2 macro recall,fold02,365,-2.6315789473684106,-1.0205802968960853,0.9960079840319361,circular_shift_exact_mask_geometry
2,L2,Stage-2 macro recall,fold02,366,-3.2894736842105203,-1.0205802968960853,0.9960079840319361,circular_shift_exact_mask_geometry
2,L2,Stage-2 macro recall,fold02,367,-2.9605263157894655,-1.0205802968960853,0.9960079840319361,circular_shift_exact_mask_geometry
2,L2,Stage-2 macro recall,fold02,368,-1.6784750337381809,-1.0205802968960853,0.9960079840319361,circular_shift_exact_mask_geometry
2,L2,Stage-2 macro recall,fold02,369,-3.3063427800269807,-1.0205802968960853,0.9960079840319361,circular_shift_exact_mask_geometry
2,L2,Stage-2 macro recall,fold02,370,-1.9905533063427612,-1.0205802968960853,0.9960079840319361,circular_shift_exact_mask_geometry
2,L2,Stage-2 macro recall,fold02,371,-1.9736842105263008,-1.0205802968960853,0.9960079840319361,circular_shift_exact_mask_geometry
2,L2,Stage-2 macro recall,fold02,372,-3.2894736842105203,-1.0205802968960853,0.9960079840319361,circular_shift_exact_mask_geometry
2,L2,Stage-2 macro recall,fold02,373,-3.94736842105263,-1.0205802968960853,0.9960079840319361,circular_shift_exact_mask_geometry
2,L2,Stage-2 macro recall,fold02,374,-1.6784750337381809,-1.0205802968960853,0.9960079840319361,circular_shift_exact_mask_geometry
2,L2,Stage-2 macro recall,fold02,375,-2.648448043184871,-1.0205802968960853,0.9960079840319361,circular_shift_exact_mask_geometry
2,L2,Stage-2 macro recall,fold02,376,-4.276315789473685,-1.0205802968960853,0.9960079840319361,circular_shift_exact_mask_geometry
2,L2,Stage-2 macro recall,fold02,377,-4.4681337338383145,-1.0205802968960853,0.9960079840319361,circular_shift_exact_mask_geometry
2,L2,Stage-2 macro recall,fold02,378,-1.9905533063427612,-1.0205802968960853,0.9960079840319361,circular_shift_exact_mask_geometry
2,L2,Stage-2 macro recall,fold02,379,-2.3195006747638303,-1.0205802968960853,0.9960079840319361,circular_shift_exact_mask_geometry
2,L2,Stage-2 macro recall,fold02,380,-1.6616059379217205,-1.0205802968960853,0.9960079840319361,circular_shift_exact_mask_geometry
2,L2,Stage-2 macro recall,fold02,381,-3.9304993252361555,-1.0205802968960853,0.9960079840319361,circular_shift_exact_mask_geometry
2,L2,Stage-2 macro recall,fold02,382,-2.3195006747638303,-1.0205802968960853,0.9960079840319361,circular_shift_exact_mask_geometry
2,L2,Stage-2 macro recall,fold02,383,-1.8702929781028246,-1.0205802968960853,0.9960079840319361,circular_shift_exact_mask_geometry
2,L2,Stage-2 macro recall,fold02,384,-3.2726045883940458,-1.0205802968960853,0.9960079840319361,circular_shift_exact_mask_geometry
2,L2,Stage-2 macro recall,fold02,385,-4.259446693657196,-1.0205802968960853,0.9960079840319361,circular_shift_exact_mask_geometry
2,L2,Stage-2 macro recall,fold02,386,-2.9605263157894655,-1.0205802968960853,0.9960079840319361,circular_shift_exact_mask_geometry
2,L2,Stage-2 macro recall,fold02,387,-1.9905533063427612,-1.0205802968960853,0.9960079840319361,circular_shift_exact_mask_geometry
2,L2,Stage-2 macro recall,fold02,388,-1.9905533063427612,-1.0205802968960853,0.9960079840319361,circular_shift_exact_mask_geometry
2,L2,Stage-2 macro recall,fold02,389,-1.349527665317126,-1.0205802968960853,0.9960079840319361,circular_shift_exact_mask_geometry
2,L2,Stage-2 macro recall,fold02,390,-1.9736842105263008,-1.0205802968960853,0.9960079840319361,circular_shift_exact_mask_geometry
2,L2,Stage-2 macro recall,fold02,391,-3.618421052631561,-1.0205802968960853,0.9960079840319361,circular_shift_exact_mask_geometry
2,L2,Stage-2 macro recall,fold02,392,-2.3195006747638303,-1.0205802968960853,0.9960079840319361,circular_shift_exact_mask_geometry
2,L2,Stage-2 macro recall,fold02,393,-3.8271080928126793,-1.0205802968960853,0.9960079840319361,circular_shift_exact_mask_geometry
2,L2,Stage-2 macro recall,fold02,394,-2.977395411605926,-1.0205802968960853,0.9960079840319361,circular_shift_exact_mask_geometry
2,L2,Stage-2 macro recall,fold02,395,-3.2726045883940458,-1.0205802968960853,0.9960079840319361,circular_shift_exact_mask_geometry
2,L2,Stage-2 macro recall,fold02,396,-2.977395411605926,-1.0205802968960853,0.9960079840319361,circular_shift_exact_mask_geometry
2,L2,Stage-2 macro recall,fold02,397,-1.9905533063427612,-1.0205802968960853,0.9960079840319361,circular_shift_exact_mask_geometry
2,L2,Stage-2 macro recall,fold02,398,-2.3195006747638303,-1.0205802968960853,0.9960079840319361,circular_shift_exact_mask_geometry
2,L2,Stage-2 macro recall,fold02,399,-2.30263157894737,-1.0205802968960853,0.9960079840319361,circular_shift_exact_mask_geometry
2,L2,Stage-2 macro recall,fold02,400,-4.4681337338383145,-1.0205802968960853,0.9960079840319361,circular_shift_exact_mask_geometry
2,L2,Stage-2 macro recall,fold02,401,-2.30263157894737,-1.0205802968960853,0.9960079840319361,circular_shift_exact_mask_geometry
2,L2,Stage-2 macro recall,fold02,402,-1.6784750337381809,-1.0205802968960853,0.9960079840319361,circular_shift_exact_mask_geometry
2,L2,Stage-2 macro recall,fold02,403,-2.648448043184871,-1.0205802968960853,0.9960079840319361,circular_shift_exact_mask_geometry
2,L2,Stage-2 macro recall,fold02,404,-1.9905533063427612,-1.0205802968960853,0.9960079840319361,circular_shift_exact_mask_geometry
2,L2,Stage-2 macro recall,fold02,405,-2.9605263157894655,-1.0205802968960853,0.9960079840319361,circular_shift_exact_mask_geometry
2,L2,Stage-2 macro recall,fold02,406,-3.5150298202080847,-1.0205802968960853,0.9960079840319361,circular_shift_exact_mask_geometry
2,L2,Stage-2 macro recall,fold02,407,-3.618421052631561,-1.0205802968960853,0.9960079840319361,circular_shift_exact_mask_geometry
2,L2,Stage-2 macro recall,fold02,408,-2.6315789473684106,-1.0205802968960853,0.9960079840319361,circular_shift_exact_mask_geometry
2,L2,Stage-2 macro recall,fold02,409,-3.601551956815115,-1.0205802968960853,0.9960079840319361,circular_shift_exact_mask_geometry
2,L2,Stage-2 macro recall,fold02,410,-2.3195006747638303,-1.0205802968960853,0.9960079840319361,circular_shift_exact_mask_geometry
2,L2,Stage-2 macro recall,fold02,411,-2.6315789473684106,-1.0205802968960853,0.9960079840319361,circular_shift_exact_mask_geometry
2,L2,Stage-2 macro recall,fold02,412,-1.6784750337381809,-1.0205802968960853,0.9960079840319361,circular_shift_exact_mask_geometry
2,L2,Stage-2 macro recall,fold02,413,-2.943657219973005,-1.0205802968960853,0.9960079840319361,circular_shift_exact_mask_geometry
2,L2,Stage-2 macro recall,fold02,414,-3.2726045883940458,-1.0205802968960853,0.9960079840319361,circular_shift_exact_mask_geometry
2,L2,Stage-2 macro recall,fold02,415,-3.2894736842105203,-1.0205802968960853,0.9960079840319361,circular_shift_exact_mask_geometry
2,L2,Stage-2 macro recall,fold02,416,-2.3195006747638303,-1.0205802968960853,0.9960079840319361,circular_shift_exact_mask_geometry
2,L2,Stage-2 macro recall,fold02,417,-2.977395411605926,-1.0205802968960853,0.9960079840319361,circular_shift_exact_mask_geometry
2,L2,Stage-2 macro recall,fold02,418,-2.3195006747638303,-1.0205802968960853,0.9960079840319361,circular_shift_exact_mask_geometry
2,L2,Stage-2 macro recall,fold02,419,-3.2894736842105203,-1.0205802968960853,0.9960079840319361,circular_shift_exact_mask_geometry
2,L2,Stage-2 macro recall,fold02,420,-3.2894736842105203,-1.0205802968960853,0.9960079840319361,circular_shift_exact_mask_geometry
2,L2,Stage-2 macro recall,fold02,421,-3.2894736842105203,-1.0205802968960853,0.9960079840319361,circular_shift_exact_mask_geometry
2,L2,Stage-2 macro recall,fold02,422,-3.601551956815115,-1.0205802968960853,0.9960079840319361,circular_shift_exact_mask_geometry
2,L2,Stage-2 macro recall,fold02,423,-3.3063427800269807,-1.0205802968960853,0.9960079840319361,circular_shift_exact_mask_geometry
2,L2,Stage-2 macro recall,fold02,424,-2.9605263157894655,-1.0205802968960853,0.9960079840319361,circular_shift_exact_mask_geometry
2,L2,Stage-2 macro recall,fold02,425,-3.2894736842105203,-1.0205802968960853,0.9960079840319361,circular_shift_exact_mask_geometry
2,L2,Stage-2 macro recall,fold02,426,-2.977395411605926,-1.0205802968960853,0.9960079840319361,circular_shift_exact_mask_geometry
2,L2,Stage-2 macro recall,fold02,427,-2.6315789473684106,-1.0205802968960853,0.9960079840319361,circular_shift_exact_mask_geometry
2,L2,Stage-2 macro recall,fold02,428,-2.977395411605926,-1.0205802968960853,0.9960079840319361,circular_shift_exact_mask_geometry
2,L2,Stage-2 macro recall,fold02,429,-3.618421052631561,-1.0205802968960853,0.9960079840319361,circular_shift_exact_mask_geometry
2,L2,Stage-2 macro recall,fold02,430,-2.6315789473684106,-1.0205802968960853,0.9960079840319361,circular_shift_exact_mask_geometry
2,L2,Stage-2 macro recall,fold02,431,-1.9905533063427612,-1.0205802968960853,0.9960079840319361,circular_shift_exact_mask_geometry
2,L2,Stage-2 macro recall,fold02,432,-1.9905533063427612,-1.0205802968960853,0.9960079840319361,circular_shift_exact_mask_geometry
2,L2,Stage-2 macro recall,fold02,433,-1.6447368421052602,-1.0205802968960853,0.9960079840319361,circular_shift_exact_mask_geometry
2,L2,Stage-2 macro recall,fold02,434,-1.349527665317126,-1.0205802968960853,0.9960079840319361,circular_shift_exact_mask_geometry
2,L2,Stage-2 macro recall,fold02,435,-3.2894736842105203,-1.0205802968960853,0.9960079840319361,circular_shift_exact_mask_geometry
2,L2,Stage-2 macro recall,fold02,436,-2.6315789473684106,-1.0205802968960853,0.9960079840319361,circular_shift_exact_mask_geometry
2,L2,Stage-2 macro recall,fold02,437,-3.601551956815115,-1.0205802968960853,0.9960079840319361,circular_shift_exact_mask_geometry
2,L2,Stage-2 macro recall,fold02,438,-1.6616059379217205,-1.0205802968960853,0.9960079840319361,circular_shift_exact_mask_geometry
2,L2,Stage-2 macro recall,fold02,439,-3.2894736842105203,-1.0205802968960853,0.9960079840319361,circular_shift_exact_mask_geometry
2,L2,Stage-2 macro recall,fold02,440,-2.6315789473684106,-1.0205802968960853,0.9960079840319361,circular_shift_exact_mask_geometry
2,L2,Stage-2 macro recall,fold02,441,-2.6315789473684106,-1.0205802968960853,0.9960079840319361,circular_shift_exact_mask_geometry
2,L2,Stage-2 macro recall,fold02,442,-1.6784750337381809,-1.0205802968960853,0.9960079840319361,circular_shift_exact_mask_geometry
2,L2,Stage-2 macro recall,fold02,443,-1.6784750337381809,-1.0205802968960853,0.9960079840319361,circular_shift_exact_mask_geometry
2,L2,Stage-2 macro recall,fold02,444,-3.2894736842105203,-1.0205802968960853,0.9960079840319361,circular_shift_exact_mask_geometry
2,L2,Stage-2 macro recall,fold02,445,-2.6315789473684106,-1.0205802968960853,0.9960079840319361,circular_shift_exact_mask_geometry
2,L2,Stage-2 macro recall,fold02,446,-2.1992403465238795,-1.0205802968960853,0.9960079840319361,circular_shift_exact_mask_geometry
2,L2,Stage-2 macro recall,fold02,447,-1.9905533063427612,-1.0205802968960853,0.9960079840319361,circular_shift_exact_mask_geometry
2,L2,Stage-2 macro recall,fold02,448,-4.813950198075844,-1.0205802968960853,0.9960079840319361,circular_shift_exact_mask_geometry
2,L2,Stage-2 macro recall,fold02,449,-3.618421052631561,-1.0205802968960853,0.9960079840319361,circular_shift_exact_mask_geometry
2,L2,Stage-2 macro recall,fold02,450,-1.9736842105263008,-1.0205802968960853,0.9960079840319361,circular_shift_exact_mask_geometry
2,L2,Stage-2 macro recall,fold02,451,-1.9736842105263008,-1.0205802968960853,0.9960079840319361,circular_shift_exact_mask_geometry
2,L2,Stage-2 macro recall,fold02,452,-2.9605263157894655,-1.0205802968960853,0.9960079840319361,circular_shift_exact_mask_geometry
2,L2,Stage-2 macro recall,fold02,453,-2.977395411605926,-1.0205802968960853,0.9960079840319361,circular_shift_exact_mask_geometry
2,L2,Stage-2 macro recall,fold02,454,-2.3195006747638303,-1.0205802968960853,0.9960079840319361,circular_shift_exact_mask_geometry
2,L2,Stage-2 macro recall,fold02,455,-3.1692133559705695,-1.0205802968960853,0.9960079840319361,circular_shift_exact_mask_geometry
2,L2,Stage-2 macro recall,fold02,456,-2.943657219973005,-1.0205802968960853,0.9960079840319361,circular_shift_exact_mask_geometry
2,L2,Stage-2 macro recall,fold02,457,-2.3363697705802906,-1.0205802968960853,0.9960079840319361,circular_shift_exact_mask_geometry
2,L2,Stage-2 macro recall,fold02,458,-2.0074224021592357,-1.0205802968960853,0.9960079840319361,circular_shift_exact_mask_geometry
2,L2,Stage-2 macro recall,fold02,459,-2.6315789473684106,-1.0205802968960853,0.9960079840319361,circular_shift_exact_mask_geometry
2,L2,Stage-2 macro recall,fold02,460,-0.36268556005397556,-1.0205802968960853,0.9960079840319361,circular_shift_exact_mask_geometry
2,L2,Stage-2 macro recall,fold02,461,-2.6315789473684106,-1.0205802968960853,0.9960079840319361,circular_shift_exact_mask_geometry
2,L2,Stage-2 macro recall,fold02,462,-3.9304993252361555,-1.0205802968960853,0.9960079840319361,circular_shift_exact_mask_geometry
2,L2,Stage-2 macro recall,fold02,463,-2.3195006747638303,-1.0205802968960853,0.9960079840319361,circular_shift_exact_mask_geometry
2,L2,Stage-2 macro recall,fold02,464,-4.15605546123372,-1.0205802968960853,0.9960079840319361,circular_shift_exact_mask_geometry
2,L2,Stage-2 macro recall,fold02,465,-1.9905533063427612,-1.0205802968960853,0.9960079840319361,circular_shift_exact_mask_geometry
2,L2,Stage-2 macro recall,fold02,466,-3.601551956815115,-1.0205802968960853,0.9960079840319361,circular_shift_exact_mask_geometry
2,L2,Stage-2 macro recall,fold02,467,-3.2894736842105203,-1.0205802968960853,0.9960079840319361,circular_shift_exact_mask_geometry
2,L2,Stage-2 macro recall,fold02,468,-3.618421052631561,-1.0205802968960853,0.9960079840319361,circular_shift_exact_mask_geometry
2,L2,Stage-2 macro recall,fold02,469,-2.0074224021592357,-1.0205802968960853,0.9960079840319361,circular_shift_exact_mask_geometry
2,L2,Stage-2 macro recall,fold02,470,-3.2894736842105203,-1.0205802968960853,0.9960079840319361,circular_shift_exact_mask_geometry
2,L2,Stage-2 macro recall,fold02,471,-3.2894736842105203,-1.0205802968960853,0.9960079840319361,circular_shift_exact_mask_geometry
2,L2,Stage-2 macro recall,fold02,472,-2.9605263157894655,-1.0205802968960853,0.9960079840319361,circular_shift_exact_mask_geometry
2,L2,Stage-2 macro recall,fold02,473,-2.3195006747638303,-1.0205802968960853,0.9960079840319361,circular_shift_exact_mask_geometry
2,L2,Stage-2 macro recall,fold02,474,-2.648448043184871,-1.0205802968960853,0.9960079840319361,circular_shift_exact_mask_geometry
2,L2,Stage-2 macro recall,fold02,475,-3.9304993252361555,-1.0205802968960853,0.9960079840319361,circular_shift_exact_mask_geometry
2,L2,Stage-2 macro recall,fold02,476,-3.2894736842105203,-1.0205802968960853,0.9960079840319361,circular_shift_exact_mask_geometry
2,L2,Stage-2 macro recall,fold02,477,-4.259446693657196,-1.0205802968960853,0.9960079840319361,circular_shift_exact_mask_geometry
2,L2,Stage-2 macro recall,fold02,478,-2.9605263157894655,-1.0205802968960853,0.9960079840319361,circular_shift_exact_mask_geometry
2,L2,Stage-2 macro recall,fold02,479,-1.9905533063427612,-1.0205802968960853,0.9960079840319361,circular_shift_exact_mask_geometry
2,L2,Stage-2 macro recall,fold02,480,-2.9605263157894655,-1.0205802968960853,0.9960079840319361,circular_shift_exact_mask_geometry
2,L2,Stage-2 macro recall,fold02,481,-3.9304993252361555,-1.0205802968960853,0.9960079840319361,circular_shift_exact_mask_geometry
2,L2,Stage-2 macro recall,fold02,482,-1.349527665317126,-1.0205802968960853,0.9960079840319361,circular_shift_exact_mask_geometry
2,L2,Stage-2 macro recall,fold02,483,-2.9605263157894655,-1.0205802968960853,0.9960079840319361,circular_shift_exact_mask_geometry
2,L2,Stage-2 macro recall,fold02,484,-2.30263157894737,-1.0205802968960853,0.9960079840319361,circular_shift_exact_mask_geometry
2,L2,Stage-2 macro recall,fold02,485,-2.3195006747638303,-1.0205802968960853,0.9960079840319361,circular_shift_exact_mask_geometry
2,L2,Stage-2 macro recall,fold02,486,-1.6616059379217205,-1.0205802968960853,0.9960079840319361,circular_shift_exact_mask_geometry
2,L2,Stage-2 macro recall,fold02,487,-3.2726045883940458,-1.0205802968960853,0.9960079840319361,circular_shift_exact_mask_geometry
2,L2,Stage-2 macro recall,fold02,488,-2.9605263157894655,-1.0205802968960853,0.9960079840319361,circular_shift_exact_mask_geometry
2,L2,Stage-2 macro recall,fold02,489,-3.2894736842105203,-1.0205802968960853,0.9960079840319361,circular_shift_exact_mask_geometry
2,L2,Stage-2 macro recall,fold02,490,-2.6315789473684106,-1.0205802968960853,0.9960079840319361,circular_shift_exact_mask_geometry
2,L2,Stage-2 macro recall,fold02,491,-3.2894736842105203,-1.0205802968960853,0.9960079840319361,circular_shift_exact_mask_geometry
2,L2,Stage-2 macro recall,fold02,492,-2.30263157894737,-1.0205802968960853,0.9960079840319361,circular_shift_exact_mask_geometry
2,L2,Stage-2 macro recall,fold02,493,-3.9642375168690904,-1.0205802968960853,0.9960079840319361,circular_shift_exact_mask_geometry
2,L2,Stage-2 macro recall,fold02,494,-2.648448043184871,-1.0205802968960853,0.9960079840319361,circular_shift_exact_mask_geometry
2,L2,Stage-2 macro recall,fold02,495,-2.977395411605926,-1.0205802968960853,0.9960079840319361,circular_shift_exact_mask_geometry
2,L2,Stage-2 macro recall,fold02,496,-2.30263157894737,-1.0205802968960853,0.9960079840319361,circular_shift_exact_mask_geometry
2,L2,Stage-2 macro recall,fold02,497,-3.2726045883940458,-1.0205802968960853,0.9960079840319361,circular_shift_exact_mask_geometry
2,L2,Stage-2 macro recall,fold02,498,-3.601551956815115,-1.0205802968960853,0.9960079840319361,circular_shift_exact_mask_geometry
2,L2,Stage-2 macro recall,fold02,499,-3.618421052631561,-1.0205802968960853,0.9960079840319361,circular_shift_exact_mask_geometry
2,L2,Stage-2 macro recall,fold02,500,-2.3195006747638303,-1.0205802968960853,0.9960079840319361,circular_shift_exact_mask_geometry
3,L3,Hesitating recall,fold02,1,0.0,0.0,0.9840319361277445,circular_shift_exact_mask_geometry
3,L3,Hesitating recall,fold02,2,0.0,0.0,0.9840319361277445,circular_shift_exact_mask_geometry
3,L3,Hesitating recall,fold02,3,0.0,0.0,0.9840319361277445,circular_shift_exact_mask_geometry
3,L3,Hesitating recall,fold02,4,0.0,0.0,0.9840319361277445,circular_shift_exact_mask_geometry
3,L3,Hesitating recall,fold02,5,0.0,0.0,0.9840319361277445,circular_shift_exact_mask_geometry
3,L3,Hesitating recall,fold02,6,0.0,0.0,0.9840319361277445,circular_shift_exact_mask_geometry
3,L3,Hesitating recall,fold02,7,0.0,0.0,0.9840319361277445,circular_shift_exact_mask_geometry
3,L3,Hesitating recall,fold02,8,0.0,0.0,0.9840319361277445,circular_shift_exact_mask_geometry
3,L3,Hesitating recall,fold02,9,0.0,0.0,0.9840319361277445,circular_shift_exact_mask_geometry
3,L3,Hesitating recall,fold02,10,0.0,0.0,0.9840319361277445,circular_shift_exact_mask_geometry
3,L3,Hesitating recall,fold02,11,0.0,0.0,0.9840319361277445,circular_shift_exact_mask_geometry
3,L3,Hesitating recall,fold02,12,0.0,0.0,0.9840319361277445,circular_shift_exact_mask_geometry
3,L3,Hesitating recall,fold02,13,0.0,0.0,0.9840319361277445,circular_shift_exact_mask_geometry
3,L3,Hesitating recall,fold02,14,0.0,0.0,0.9840319361277445,circular_shift_exact_mask_geometry
3,L3,Hesitating recall,fold02,15,0.0,0.0,0.9840319361277445,circular_shift_exact_mask_geometry
3,L3,Hesitating recall,fold02,16,0.0,0.0,0.9840319361277445,circular_shift_exact_mask_geometry
3,L3,Hesitating recall,fold02,17,0.0,0.0,0.9840319361277445,circular_shift_exact_mask_geometry
3,L3,Hesitating recall,fold02,18,0.0,0.0,0.9840319361277445,circular_shift_exact_mask_geometry
3,L3,Hesitating recall,fold02,19,0.0,0.0,0.9840319361277445,circular_shift_exact_mask_geometry
3,L3,Hesitating recall,fold02,20,0.0,0.0,0.9840319361277445,circular_shift_exact_mask_geometry
3,L3,Hesitating recall,fold02,21,0.0,0.0,0.9840319361277445,circular_shift_exact_mask_geometry
3,L3,Hesitating recall,fold02,22,0.0,0.0,0.9840319361277445,circular_shift_exact_mask_geometry
3,L3,Hesitating recall,fold02,23,0.0,0.0,0.9840319361277445,circular_shift_exact_mask_geometry
3,L3,Hesitating recall,fold02,24,0.0,0.0,0.9840319361277445,circular_shift_exact_mask_geometry
3,L3,Hesitating recall,fold02,25,0.0,0.0,0.9840319361277445,circular_shift_exact_mask_geometry
3,L3,Hesitating recall,fold02,26,0.0,0.0,0.9840319361277445,circular_shift_exact_mask_geometry
3,L3,Hesitating recall,fold02,27,0.0,0.0,0.9840319361277445,circular_shift_exact_mask_geometry
3,L3,Hesitating recall,fold02,28,0.0,0.0,0.9840319361277445,circular_shift_exact_mask_geometry
3,L3,Hesitating recall,fold02,29,0.0,0.0,0.9840319361277445,circular_shift_exact_mask_geometry
3,L3,Hesitating recall,fold02,30,0.0,0.0,0.9840319361277445,circular_shift_exact_mask_geometry
3,L3,Hesitating recall,fold02,31,0.0,0.0,0.9840319361277445,circular_shift_exact_mask_geometry
3,L3,Hesitating recall,fold02,32,0.0,0.0,0.9840319361277445,circular_shift_exact_mask_geometry
3,L3,Hesitating recall,fold02,33,0.0,0.0,0.9840319361277445,circular_shift_exact_mask_geometry
3,L3,Hesitating recall,fold02,34,0.0,0.0,0.9840319361277445,circular_shift_exact_mask_geometry
3,L3,Hesitating recall,fold02,35,0.0,0.0,0.9840319361277445,circular_shift_exact_mask_geometry
3,L3,Hesitating recall,fold02,36,0.0,0.0,0.9840319361277445,circular_shift_exact_mask_geometry
3,L3,Hesitating recall,fold02,37,0.0,0.0,0.9840319361277445,circular_shift_exact_mask_geometry
3,L3,Hesitating recall,fold02,38,0.0,0.0,0.9840319361277445,circular_shift_exact_mask_geometry
3,L3,Hesitating recall,fold02,39,0.0,0.0,0.9840319361277445,circular_shift_exact_mask_geometry
3,L3,Hesitating recall,fold02,40,0.0,0.0,0.9840319361277445,circular_shift_exact_mask_geometry
3,L3,Hesitating recall,fold02,41,0.0,0.0,0.9840319361277445,circular_shift_exact_mask_geometry
3,L3,Hesitating recall,fold02,42,0.0,0.0,0.9840319361277445,circular_shift_exact_mask_geometry
3,L3,Hesitating recall,fold02,43,0.0,0.0,0.9840319361277445,circular_shift_exact_mask_geometry
3,L3,Hesitating recall,fold02,44,0.0,0.0,0.9840319361277445,circular_shift_exact_mask_geometry
3,L3,Hesitating recall,fold02,45,0.0,0.0,0.9840319361277445,circular_shift_exact_mask_geometry
3,L3,Hesitating recall,fold02,46,0.0,0.0,0.9840319361277445,circular_shift_exact_mask_geometry
3,L3,Hesitating recall,fold02,47,0.0,0.0,0.9840319361277445,circular_shift_exact_mask_geometry
3,L3,Hesitating recall,fold02,48,0.0,0.0,0.9840319361277445,circular_shift_exact_mask_geometry
3,L3,Hesitating recall,fold02,49,0.0,0.0,0.9840319361277445,circular_shift_exact_mask_geometry
3,L3,Hesitating recall,fold02,50,0.0,0.0,0.9840319361277445,circular_shift_exact_mask_geometry
3,L3,Hesitating recall,fold02,51,0.0,0.0,0.9840319361277445,circular_shift_exact_mask_geometry
3,L3,Hesitating recall,fold02,52,0.0,0.0,0.9840319361277445,circular_shift_exact_mask_geometry
3,L3,Hesitating recall,fold02,53,0.0,0.0,0.9840319361277445,circular_shift_exact_mask_geometry
3,L3,Hesitating recall,fold02,54,0.0,0.0,0.9840319361277445,circular_shift_exact_mask_geometry
3,L3,Hesitating recall,fold02,55,0.0,0.0,0.9840319361277445,circular_shift_exact_mask_geometry
3,L3,Hesitating recall,fold02,56,0.0,0.0,0.9840319361277445,circular_shift_exact_mask_geometry
3,L3,Hesitating recall,fold02,57,0.0,0.0,0.9840319361277445,circular_shift_exact_mask_geometry
3,L3,Hesitating recall,fold02,58,0.0,0.0,0.9840319361277445,circular_shift_exact_mask_geometry
3,L3,Hesitating recall,fold02,59,0.0,0.0,0.9840319361277445,circular_shift_exact_mask_geometry
3,L3,Hesitating recall,fold02,60,0.0,0.0,0.9840319361277445,circular_shift_exact_mask_geometry
3,L3,Hesitating recall,fold02,61,0.0,0.0,0.9840319361277445,circular_shift_exact_mask_geometry
3,L3,Hesitating recall,fold02,62,0.0,0.0,0.9840319361277445,circular_shift_exact_mask_geometry
3,L3,Hesitating recall,fold02,63,0.0,0.0,0.9840319361277445,circular_shift_exact_mask_geometry
3,L3,Hesitating recall,fold02,64,0.0,0.0,0.9840319361277445,circular_shift_exact_mask_geometry
3,L3,Hesitating recall,fold02,65,0.0,0.0,0.9840319361277445,circular_shift_exact_mask_geometry
3,L3,Hesitating recall,fold02,66,0.0,0.0,0.9840319361277445,circular_shift_exact_mask_geometry
3,L3,Hesitating recall,fold02,67,0.0,0.0,0.9840319361277445,circular_shift_exact_mask_geometry
3,L3,Hesitating recall,fold02,68,0.0,0.0,0.9840319361277445,circular_shift_exact_mask_geometry
3,L3,Hesitating recall,fold02,69,0.0,0.0,0.9840319361277445,circular_shift_exact_mask_geometry
3,L3,Hesitating recall,fold02,70,0.0,0.0,0.9840319361277445,circular_shift_exact_mask_geometry
3,L3,Hesitating recall,fold02,71,0.0,0.0,0.9840319361277445,circular_shift_exact_mask_geometry
3,L3,Hesitating recall,fold02,72,0.0,0.0,0.9840319361277445,circular_shift_exact_mask_geometry
3,L3,Hesitating recall,fold02,73,0.0,0.0,0.9840319361277445,circular_shift_exact_mask_geometry
3,L3,Hesitating recall,fold02,74,0.0,0.0,0.9840319361277445,circular_shift_exact_mask_geometry
3,L3,Hesitating recall,fold02,75,0.0,0.0,0.9840319361277445,circular_shift_exact_mask_geometry
3,L3,Hesitating recall,fold02,76,0.0,0.0,0.9840319361277445,circular_shift_exact_mask_geometry
3,L3,Hesitating recall,fold02,77,0.0,0.0,0.9840319361277445,circular_shift_exact_mask_geometry
3,L3,Hesitating recall,fold02,78,0.0,0.0,0.9840319361277445,circular_shift_exact_mask_geometry
3,L3,Hesitating recall,fold02,79,0.0,0.0,0.9840319361277445,circular_shift_exact_mask_geometry
3,L3,Hesitating recall,fold02,80,0.0,0.0,0.9840319361277445,circular_shift_exact_mask_geometry
3,L3,Hesitating recall,fold02,81,0.0,0.0,0.9840319361277445,circular_shift_exact_mask_geometry
3,L3,Hesitating recall,fold02,82,0.0,0.0,0.9840319361277445,circular_shift_exact_mask_geometry
3,L3,Hesitating recall,fold02,83,0.0,0.0,0.9840319361277445,circular_shift_exact_mask_geometry
3,L3,Hesitating recall,fold02,84,0.0,0.0,0.9840319361277445,circular_shift_exact_mask_geometry
3,L3,Hesitating recall,fold02,85,0.0,0.0,0.9840319361277445,circular_shift_exact_mask_geometry
3,L3,Hesitating recall,fold02,86,0.0,0.0,0.9840319361277445,circular_shift_exact_mask_geometry
3,L3,Hesitating recall,fold02,87,0.0,0.0,0.9840319361277445,circular_shift_exact_mask_geometry
3,L3,Hesitating recall,fold02,88,0.0,0.0,0.9840319361277445,circular_shift_exact_mask_geometry
3,L3,Hesitating recall,fold02,89,0.0,0.0,0.9840319361277445,circular_shift_exact_mask_geometry
3,L3,Hesitating recall,fold02,90,0.0,0.0,0.9840319361277445,circular_shift_exact_mask_geometry
3,L3,Hesitating recall,fold02,91,0.0,0.0,0.9840319361277445,circular_shift_exact_mask_geometry
3,L3,Hesitating recall,fold02,92,0.0,0.0,0.9840319361277445,circular_shift_exact_mask_geometry
3,L3,Hesitating recall,fold02,93,0.0,0.0,0.9840319361277445,circular_shift_exact_mask_geometry
3,L3,Hesitating recall,fold02,94,0.0,0.0,0.9840319361277445,circular_shift_exact_mask_geometry
3,L3,Hesitating recall,fold02,95,0.0,0.0,0.9840319361277445,circular_shift_exact_mask_geometry
3,L3,Hesitating recall,fold02,96,0.0,0.0,0.9840319361277445,circular_shift_exact_mask_geometry
3,L3,Hesitating recall,fold02,97,0.0,0.0,0.9840319361277445,circular_shift_exact_mask_geometry
3,L3,Hesitating recall,fold02,98,0.0,0.0,0.9840319361277445,circular_shift_exact_mask_geometry
3,L3,Hesitating recall,fold02,99,0.0,0.0,0.9840319361277445,circular_shift_exact_mask_geometry
3,L3,Hesitating recall,fold02,100,0.0,0.0,0.9840319361277445,circular_shift_exact_mask_geometry
3,L3,Hesitating recall,fold02,101,0.0,0.0,0.9840319361277445,circular_shift_exact_mask_geometry
3,L3,Hesitating recall,fold02,102,0.0,0.0,0.9840319361277445,circular_shift_exact_mask_geometry
3,L3,Hesitating recall,fold02,103,0.0,0.0,0.9840319361277445,circular_shift_exact_mask_geometry
3,L3,Hesitating recall,fold02,104,0.0,0.0,0.9840319361277445,circular_shift_exact_mask_geometry
3,L3,Hesitating recall,fold02,105,0.0,0.0,0.9840319361277445,circular_shift_exact_mask_geometry
3,L3,Hesitating recall,fold02,106,0.0,0.0,0.9840319361277445,circular_shift_exact_mask_geometry
3,L3,Hesitating recall,fold02,107,0.0,0.0,0.9840319361277445,circular_shift_exact_mask_geometry
3,L3,Hesitating recall,fold02,108,0.0,0.0,0.9840319361277445,circular_shift_exact_mask_geometry
3,L3,Hesitating recall,fold02,109,0.0,0.0,0.9840319361277445,circular_shift_exact_mask_geometry
3,L3,Hesitating recall,fold02,110,0.0,0.0,0.9840319361277445,circular_shift_exact_mask_geometry
3,L3,Hesitating recall,fold02,111,0.0,0.0,0.9840319361277445,circular_shift_exact_mask_geometry
3,L3,Hesitating recall,fold02,112,0.0,0.0,0.9840319361277445,circular_shift_exact_mask_geometry
3,L3,Hesitating recall,fold02,113,0.0,0.0,0.9840319361277445,circular_shift_exact_mask_geometry
3,L3,Hesitating recall,fold02,114,0.0,0.0,0.9840319361277445,circular_shift_exact_mask_geometry
3,L3,Hesitating recall,fold02,115,0.0,0.0,0.9840319361277445,circular_shift_exact_mask_geometry
3,L3,Hesitating recall,fold02,116,0.0,0.0,0.9840319361277445,circular_shift_exact_mask_geometry
3,L3,Hesitating recall,fold02,117,0.0,0.0,0.9840319361277445,circular_shift_exact_mask_geometry
3,L3,Hesitating recall,fold02,118,0.0,0.0,0.9840319361277445,circular_shift_exact_mask_geometry
3,L3,Hesitating recall,fold02,119,0.0,0.0,0.9840319361277445,circular_shift_exact_mask_geometry
3,L3,Hesitating recall,fold02,120,0.0,0.0,0.9840319361277445,circular_shift_exact_mask_geometry
3,L3,Hesitating recall,fold02,121,0.0,0.0,0.9840319361277445,circular_shift_exact_mask_geometry
3,L3,Hesitating recall,fold02,122,0.0,0.0,0.9840319361277445,circular_shift_exact_mask_geometry
3,L3,Hesitating recall,fold02,123,0.0,0.0,0.9840319361277445,circular_shift_exact_mask_geometry
3,L3,Hesitating recall,fold02,124,0.0,0.0,0.9840319361277445,circular_shift_exact_mask_geometry
3,L3,Hesitating recall,fold02,125,0.0,0.0,0.9840319361277445,circular_shift_exact_mask_geometry
3,L3,Hesitating recall,fold02,126,0.0,0.0,0.9840319361277445,circular_shift_exact_mask_geometry
3,L3,Hesitating recall,fold02,127,0.0,0.0,0.9840319361277445,circular_shift_exact_mask_geometry
3,L3,Hesitating recall,fold02,128,0.0,0.0,0.9840319361277445,circular_shift_exact_mask_geometry
3,L3,Hesitating recall,fold02,129,0.0,0.0,0.9840319361277445,circular_shift_exact_mask_geometry
3,L3,Hesitating recall,fold02,130,0.0,0.0,0.9840319361277445,circular_shift_exact_mask_geometry
3,L3,Hesitating recall,fold02,131,0.0,0.0,0.9840319361277445,circular_shift_exact_mask_geometry
3,L3,Hesitating recall,fold02,132,0.0,0.0,0.9840319361277445,circular_shift_exact_mask_geometry
3,L3,Hesitating recall,fold02,133,0.0,0.0,0.9840319361277445,circular_shift_exact_mask_geometry
3,L3,Hesitating recall,fold02,134,0.0,0.0,0.9840319361277445,circular_shift_exact_mask_geometry
3,L3,Hesitating recall,fold02,135,0.0,0.0,0.9840319361277445,circular_shift_exact_mask_geometry
3,L3,Hesitating recall,fold02,136,0.0,0.0,0.9840319361277445,circular_shift_exact_mask_geometry
3,L3,Hesitating recall,fold02,137,0.0,0.0,0.9840319361277445,circular_shift_exact_mask_geometry
3,L3,Hesitating recall,fold02,138,0.0,0.0,0.9840319361277445,circular_shift_exact_mask_geometry
3,L3,Hesitating recall,fold02,139,0.0,0.0,0.9840319361277445,circular_shift_exact_mask_geometry
3,L3,Hesitating recall,fold02,140,0.0,0.0,0.9840319361277445,circular_shift_exact_mask_geometry
3,L3,Hesitating recall,fold02,141,0.0,0.0,0.9840319361277445,circular_shift_exact_mask_geometry
3,L3,Hesitating recall,fold02,142,0.0,0.0,0.9840319361277445,circular_shift_exact_mask_geometry
3,L3,Hesitating recall,fold02,143,0.0,0.0,0.9840319361277445,circular_shift_exact_mask_geometry
3,L3,Hesitating recall,fold02,144,0.0,0.0,0.9840319361277445,circular_shift_exact_mask_geometry
3,L3,Hesitating recall,fold02,145,0.0,0.0,0.9840319361277445,circular_shift_exact_mask_geometry
3,L3,Hesitating recall,fold02,146,0.0,0.0,0.9840319361277445,circular_shift_exact_mask_geometry
3,L3,Hesitating recall,fold02,147,0.0,0.0,0.9840319361277445,circular_shift_exact_mask_geometry
3,L3,Hesitating recall,fold02,148,0.0,0.0,0.9840319361277445,circular_shift_exact_mask_geometry
3,L3,Hesitating recall,fold02,149,0.0,0.0,0.9840319361277445,circular_shift_exact_mask_geometry
3,L3,Hesitating recall,fold02,150,0.0,0.0,0.9840319361277445,circular_shift_exact_mask_geometry
3,L3,Hesitating recall,fold02,151,0.0,0.0,0.9840319361277445,circular_shift_exact_mask_geometry
3,L3,Hesitating recall,fold02,152,0.0,0.0,0.9840319361277445,circular_shift_exact_mask_geometry
3,L3,Hesitating recall,fold02,153,0.0,0.0,0.9840319361277445,circular_shift_exact_mask_geometry
3,L3,Hesitating recall,fold02,154,0.0,0.0,0.9840319361277445,circular_shift_exact_mask_geometry
3,L3,Hesitating recall,fold02,155,0.0,0.0,0.9840319361277445,circular_shift_exact_mask_geometry
3,L3,Hesitating recall,fold02,156,0.0,0.0,0.9840319361277445,circular_shift_exact_mask_geometry
3,L3,Hesitating recall,fold02,157,0.0,0.0,0.9840319361277445,circular_shift_exact_mask_geometry
3,L3,Hesitating recall,fold02,158,0.0,0.0,0.9840319361277445,circular_shift_exact_mask_geometry
3,L3,Hesitating recall,fold02,159,0.0,0.0,0.9840319361277445,circular_shift_exact_mask_geometry
3,L3,Hesitating recall,fold02,160,0.0,0.0,0.9840319361277445,circular_shift_exact_mask_geometry
3,L3,Hesitating recall,fold02,161,0.0,0.0,0.9840319361277445,circular_shift_exact_mask_geometry
3,L3,Hesitating recall,fold02,162,0.0,0.0,0.9840319361277445,circular_shift_exact_mask_geometry
3,L3,Hesitating recall,fold02,163,0.0,0.0,0.9840319361277445,circular_shift_exact_mask_geometry
3,L3,Hesitating recall,fold02,164,0.0,0.0,0.9840319361277445,circular_shift_exact_mask_geometry
3,L3,Hesitating recall,fold02,165,0.0,0.0,0.9840319361277445,circular_shift_exact_mask_geometry
3,L3,Hesitating recall,fold02,166,0.0,0.0,0.9840319361277445,circular_shift_exact_mask_geometry
3,L3,Hesitating recall,fold02,167,0.0,0.0,0.9840319361277445,circular_shift_exact_mask_geometry
3,L3,Hesitating recall,fold02,168,0.0,0.0,0.9840319361277445,circular_shift_exact_mask_geometry
3,L3,Hesitating recall,fold02,169,0.0,0.0,0.9840319361277445,circular_shift_exact_mask_geometry
3,L3,Hesitating recall,fold02,170,0.0,0.0,0.9840319361277445,circular_shift_exact_mask_geometry
3,L3,Hesitating recall,fold02,171,0.0,0.0,0.9840319361277445,circular_shift_exact_mask_geometry
3,L3,Hesitating recall,fold02,172,0.0,0.0,0.9840319361277445,circular_shift_exact_mask_geometry
3,L3,Hesitating recall,fold02,173,0.0,0.0,0.9840319361277445,circular_shift_exact_mask_geometry
3,L3,Hesitating recall,fold02,174,0.0,0.0,0.9840319361277445,circular_shift_exact_mask_geometry
3,L3,Hesitating recall,fold02,175,0.0,0.0,0.9840319361277445,circular_shift_exact_mask_geometry
3,L3,Hesitating recall,fold02,176,0.0,0.0,0.9840319361277445,circular_shift_exact_mask_geometry
3,L3,Hesitating recall,fold02,177,0.0,0.0,0.9840319361277445,circular_shift_exact_mask_geometry
3,L3,Hesitating recall,fold02,178,0.0,0.0,0.9840319361277445,circular_shift_exact_mask_geometry
3,L3,Hesitating recall,fold02,179,0.0,0.0,0.9840319361277445,circular_shift_exact_mask_geometry
3,L3,Hesitating recall,fold02,180,0.0,0.0,0.9840319361277445,circular_shift_exact_mask_geometry
3,L3,Hesitating recall,fold02,181,0.0,0.0,0.9840319361277445,circular_shift_exact_mask_geometry
3,L3,Hesitating recall,fold02,182,0.0,0.0,0.9840319361277445,circular_shift_exact_mask_geometry
3,L3,Hesitating recall,fold02,183,0.0,0.0,0.9840319361277445,circular_shift_exact_mask_geometry
3,L3,Hesitating recall,fold02,184,0.0,0.0,0.9840319361277445,circular_shift_exact_mask_geometry
3,L3,Hesitating recall,fold02,185,0.0,0.0,0.9840319361277445,circular_shift_exact_mask_geometry
3,L3,Hesitating recall,fold02,186,0.0,0.0,0.9840319361277445,circular_shift_exact_mask_geometry
3,L3,Hesitating recall,fold02,187,0.0,0.0,0.9840319361277445,circular_shift_exact_mask_geometry
3,L3,Hesitating recall,fold02,188,0.0,0.0,0.9840319361277445,circular_shift_exact_mask_geometry
3,L3,Hesitating recall,fold02,189,0.0,0.0,0.9840319361277445,circular_shift_exact_mask_geometry
3,L3,Hesitating recall,fold02,190,0.0,0.0,0.9840319361277445,circular_shift_exact_mask_geometry
3,L3,Hesitating recall,fold02,191,0.0,0.0,0.9840319361277445,circular_shift_exact_mask_geometry
3,L3,Hesitating recall,fold02,192,0.0,0.0,0.9840319361277445,circular_shift_exact_mask_geometry
3,L3,Hesitating recall,fold02,193,0.0,0.0,0.9840319361277445,circular_shift_exact_mask_geometry
3,L3,Hesitating recall,fold02,194,0.0,0.0,0.9840319361277445,circular_shift_exact_mask_geometry
3,L3,Hesitating recall,fold02,195,0.0,0.0,0.9840319361277445,circular_shift_exact_mask_geometry
3,L3,Hesitating recall,fold02,196,0.0,0.0,0.9840319361277445,circular_shift_exact_mask_geometry
3,L3,Hesitating recall,fold02,197,0.0,0.0,0.9840319361277445,circular_shift_exact_mask_geometry
3,L3,Hesitating recall,fold02,198,0.0,0.0,0.9840319361277445,circular_shift_exact_mask_geometry
3,L3,Hesitating recall,fold02,199,0.0,0.0,0.9840319361277445,circular_shift_exact_mask_geometry
3,L3,Hesitating recall,fold02,200,0.0,0.0,0.9840319361277445,circular_shift_exact_mask_geometry
3,L3,Hesitating recall,fold02,201,0.0,0.0,0.9840319361277445,circular_shift_exact_mask_geometry
3,L3,Hesitating recall,fold02,202,0.0,0.0,0.9840319361277445,circular_shift_exact_mask_geometry
3,L3,Hesitating recall,fold02,203,0.0,0.0,0.9840319361277445,circular_shift_exact_mask_geometry
3,L3,Hesitating recall,fold02,204,0.0,0.0,0.9840319361277445,circular_shift_exact_mask_geometry
3,L3,Hesitating recall,fold02,205,0.0,0.0,0.9840319361277445,circular_shift_exact_mask_geometry
3,L3,Hesitating recall,fold02,206,0.0,0.0,0.9840319361277445,circular_shift_exact_mask_geometry
3,L3,Hesitating recall,fold02,207,0.0,0.0,0.9840319361277445,circular_shift_exact_mask_geometry
3,L3,Hesitating recall,fold02,208,0.0,0.0,0.9840319361277445,circular_shift_exact_mask_geometry
3,L3,Hesitating recall,fold02,209,0.0,0.0,0.9840319361277445,circular_shift_exact_mask_geometry
3,L3,Hesitating recall,fold02,210,0.0,0.0,0.9840319361277445,circular_shift_exact_mask_geometry
3,L3,Hesitating recall,fold02,211,0.0,0.0,0.9840319361277445,circular_shift_exact_mask_geometry
3,L3,Hesitating recall,fold02,212,0.0,0.0,0.9840319361277445,circular_shift_exact_mask_geometry
3,L3,Hesitating recall,fold02,213,0.0,0.0,0.9840319361277445,circular_shift_exact_mask_geometry
3,L3,Hesitating recall,fold02,214,0.0,0.0,0.9840319361277445,circular_shift_exact_mask_geometry
3,L3,Hesitating recall,fold02,215,0.0,0.0,0.9840319361277445,circular_shift_exact_mask_geometry
3,L3,Hesitating recall,fold02,216,0.0,0.0,0.9840319361277445,circular_shift_exact_mask_geometry
3,L3,Hesitating recall,fold02,217,0.0,0.0,0.9840319361277445,circular_shift_exact_mask_geometry
3,L3,Hesitating recall,fold02,218,0.0,0.0,0.9840319361277445,circular_shift_exact_mask_geometry
3,L3,Hesitating recall,fold02,219,0.0,0.0,0.9840319361277445,circular_shift_exact_mask_geometry
3,L3,Hesitating recall,fold02,220,0.0,0.0,0.9840319361277445,circular_shift_exact_mask_geometry
3,L3,Hesitating recall,fold02,221,0.0,0.0,0.9840319361277445,circular_shift_exact_mask_geometry
3,L3,Hesitating recall,fold02,222,0.0,0.0,0.9840319361277445,circular_shift_exact_mask_geometry
3,L3,Hesitating recall,fold02,223,0.0,0.0,0.9840319361277445,circular_shift_exact_mask_geometry
3,L3,Hesitating recall,fold02,224,0.0,0.0,0.9840319361277445,circular_shift_exact_mask_geometry
3,L3,Hesitating recall,fold02,225,0.0,0.0,0.9840319361277445,circular_shift_exact_mask_geometry
3,L3,Hesitating recall,fold02,226,0.0,0.0,0.9840319361277445,circular_shift_exact_mask_geometry
3,L3,Hesitating recall,fold02,227,0.0,0.0,0.9840319361277445,circular_shift_exact_mask_geometry
3,L3,Hesitating recall,fold02,228,0.0,0.0,0.9840319361277445,circular_shift_exact_mask_geometry
3,L3,Hesitating recall,fold02,229,0.0,0.0,0.9840319361277445,circular_shift_exact_mask_geometry
3,L3,Hesitating recall,fold02,230,0.0,0.0,0.9840319361277445,circular_shift_exact_mask_geometry
3,L3,Hesitating recall,fold02,231,0.0,0.0,0.9840319361277445,circular_shift_exact_mask_geometry
3,L3,Hesitating recall,fold02,232,0.0,0.0,0.9840319361277445,circular_shift_exact_mask_geometry
3,L3,Hesitating recall,fold02,233,0.0,0.0,0.9840319361277445,circular_shift_exact_mask_geometry
3,L3,Hesitating recall,fold02,234,0.0,0.0,0.9840319361277445,circular_shift_exact_mask_geometry
3,L3,Hesitating recall,fold02,235,0.0,0.0,0.9840319361277445,circular_shift_exact_mask_geometry
3,L3,Hesitating recall,fold02,236,0.0,0.0,0.9840319361277445,circular_shift_exact_mask_geometry
3,L3,Hesitating recall,fold02,237,0.0,0.0,0.9840319361277445,circular_shift_exact_mask_geometry
3,L3,Hesitating recall,fold02,238,0.0,0.0,0.9840319361277445,circular_shift_exact_mask_geometry
3,L3,Hesitating recall,fold02,239,0.0,0.0,0.9840319361277445,circular_shift_exact_mask_geometry
3,L3,Hesitating recall,fold02,240,2.5,0.0,0.9840319361277445,circular_shift_exact_mask_geometry
3,L3,Hesitating recall,fold02,241,0.0,0.0,0.9840319361277445,circular_shift_exact_mask_geometry
3,L3,Hesitating recall,fold02,242,0.0,0.0,0.9840319361277445,circular_shift_exact_mask_geometry
3,L3,Hesitating recall,fold02,243,0.0,0.0,0.9840319361277445,circular_shift_exact_mask_geometry
3,L3,Hesitating recall,fold02,244,0.0,0.0,0.9840319361277445,circular_shift_exact_mask_geometry
3,L3,Hesitating recall,fold02,245,0.0,0.0,0.9840319361277445,circular_shift_exact_mask_geometry
3,L3,Hesitating recall,fold02,246,0.0,0.0,0.9840319361277445,circular_shift_exact_mask_geometry
3,L3,Hesitating recall,fold02,247,0.0,0.0,0.9840319361277445,circular_shift_exact_mask_geometry
3,L3,Hesitating recall,fold02,248,0.0,0.0,0.9840319361277445,circular_shift_exact_mask_geometry
3,L3,Hesitating recall,fold02,249,0.0,0.0,0.9840319361277445,circular_shift_exact_mask_geometry
3,L3,Hesitating recall,fold02,250,0.0,0.0,0.9840319361277445,circular_shift_exact_mask_geometry
3,L3,Hesitating recall,fold02,251,0.0,0.0,0.9840319361277445,circular_shift_exact_mask_geometry
3,L3,Hesitating recall,fold02,252,0.0,0.0,0.9840319361277445,circular_shift_exact_mask_geometry
3,L3,Hesitating recall,fold02,253,0.0,0.0,0.9840319361277445,circular_shift_exact_mask_geometry
3,L3,Hesitating recall,fold02,254,0.0,0.0,0.9840319361277445,circular_shift_exact_mask_geometry
3,L3,Hesitating recall,fold02,255,0.0,0.0,0.9840319361277445,circular_shift_exact_mask_geometry
3,L3,Hesitating recall,fold02,256,0.0,0.0,0.9840319361277445,circular_shift_exact_mask_geometry
3,L3,Hesitating recall,fold02,257,0.0,0.0,0.9840319361277445,circular_shift_exact_mask_geometry
3,L3,Hesitating recall,fold02,258,0.0,0.0,0.9840319361277445,circular_shift_exact_mask_geometry
3,L3,Hesitating recall,fold02,259,0.0,0.0,0.9840319361277445,circular_shift_exact_mask_geometry
3,L3,Hesitating recall,fold02,260,0.0,0.0,0.9840319361277445,circular_shift_exact_mask_geometry
3,L3,Hesitating recall,fold02,261,0.0,0.0,0.9840319361277445,circular_shift_exact_mask_geometry
3,L3,Hesitating recall,fold02,262,0.0,0.0,0.9840319361277445,circular_shift_exact_mask_geometry
3,L3,Hesitating recall,fold02,263,0.0,0.0,0.9840319361277445,circular_shift_exact_mask_geometry
3,L3,Hesitating recall,fold02,264,0.0,0.0,0.9840319361277445,circular_shift_exact_mask_geometry
3,L3,Hesitating recall,fold02,265,0.0,0.0,0.9840319361277445,circular_shift_exact_mask_geometry
3,L3,Hesitating recall,fold02,266,0.0,0.0,0.9840319361277445,circular_shift_exact_mask_geometry
3,L3,Hesitating recall,fold02,267,0.0,0.0,0.9840319361277445,circular_shift_exact_mask_geometry
3,L3,Hesitating recall,fold02,268,0.0,0.0,0.9840319361277445,circular_shift_exact_mask_geometry
3,L3,Hesitating recall,fold02,269,0.0,0.0,0.9840319361277445,circular_shift_exact_mask_geometry
3,L3,Hesitating recall,fold02,270,0.0,0.0,0.9840319361277445,circular_shift_exact_mask_geometry
3,L3,Hesitating recall,fold02,271,0.0,0.0,0.9840319361277445,circular_shift_exact_mask_geometry
3,L3,Hesitating recall,fold02,272,0.0,0.0,0.9840319361277445,circular_shift_exact_mask_geometry
3,L3,Hesitating recall,fold02,273,0.0,0.0,0.9840319361277445,circular_shift_exact_mask_geometry
3,L3,Hesitating recall,fold02,274,0.0,0.0,0.9840319361277445,circular_shift_exact_mask_geometry
3,L3,Hesitating recall,fold02,275,0.0,0.0,0.9840319361277445,circular_shift_exact_mask_geometry
3,L3,Hesitating recall,fold02,276,0.0,0.0,0.9840319361277445,circular_shift_exact_mask_geometry
3,L3,Hesitating recall,fold02,277,0.0,0.0,0.9840319361277445,circular_shift_exact_mask_geometry
3,L3,Hesitating recall,fold02,278,2.5,0.0,0.9840319361277445,circular_shift_exact_mask_geometry
3,L3,Hesitating recall,fold02,279,0.0,0.0,0.9840319361277445,circular_shift_exact_mask_geometry
3,L3,Hesitating recall,fold02,280,0.0,0.0,0.9840319361277445,circular_shift_exact_mask_geometry
3,L3,Hesitating recall,fold02,281,0.0,0.0,0.9840319361277445,circular_shift_exact_mask_geometry
3,L3,Hesitating recall,fold02,282,0.0,0.0,0.9840319361277445,circular_shift_exact_mask_geometry
3,L3,Hesitating recall,fold02,283,0.0,0.0,0.9840319361277445,circular_shift_exact_mask_geometry
3,L3,Hesitating recall,fold02,284,0.0,0.0,0.9840319361277445,circular_shift_exact_mask_geometry
3,L3,Hesitating recall,fold02,285,0.0,0.0,0.9840319361277445,circular_shift_exact_mask_geometry
3,L3,Hesitating recall,fold02,286,0.0,0.0,0.9840319361277445,circular_shift_exact_mask_geometry
3,L3,Hesitating recall,fold02,287,2.5,0.0,0.9840319361277445,circular_shift_exact_mask_geometry
3,L3,Hesitating recall,fold02,288,0.0,0.0,0.9840319361277445,circular_shift_exact_mask_geometry
3,L3,Hesitating recall,fold02,289,0.0,0.0,0.9840319361277445,circular_shift_exact_mask_geometry
3,L3,Hesitating recall,fold02,290,0.0,0.0,0.9840319361277445,circular_shift_exact_mask_geometry
3,L3,Hesitating recall,fold02,291,0.0,0.0,0.9840319361277445,circular_shift_exact_mask_geometry
3,L3,Hesitating recall,fold02,292,0.0,0.0,0.9840319361277445,circular_shift_exact_mask_geometry
3,L3,Hesitating recall,fold02,293,0.0,0.0,0.9840319361277445,circular_shift_exact_mask_geometry
3,L3,Hesitating recall,fold02,294,0.0,0.0,0.9840319361277445,circular_shift_exact_mask_geometry
3,L3,Hesitating recall,fold02,295,0.0,0.0,0.9840319361277445,circular_shift_exact_mask_geometry
3,L3,Hesitating recall,fold02,296,0.0,0.0,0.9840319361277445,circular_shift_exact_mask_geometry
3,L3,Hesitating recall,fold02,297,0.0,0.0,0.9840319361277445,circular_shift_exact_mask_geometry
3,L3,Hesitating recall,fold02,298,0.0,0.0,0.9840319361277445,circular_shift_exact_mask_geometry
3,L3,Hesitating recall,fold02,299,0.0,0.0,0.9840319361277445,circular_shift_exact_mask_geometry
3,L3,Hesitating recall,fold02,300,0.0,0.0,0.9840319361277445,circular_shift_exact_mask_geometry
3,L3,Hesitating recall,fold02,301,0.0,0.0,0.9840319361277445,circular_shift_exact_mask_geometry
3,L3,Hesitating recall,fold02,302,0.0,0.0,0.9840319361277445,circular_shift_exact_mask_geometry
3,L3,Hesitating recall,fold02,303,0.0,0.0,0.9840319361277445,circular_shift_exact_mask_geometry
3,L3,Hesitating recall,fold02,304,0.0,0.0,0.9840319361277445,circular_shift_exact_mask_geometry
3,L3,Hesitating recall,fold02,305,0.0,0.0,0.9840319361277445,circular_shift_exact_mask_geometry
3,L3,Hesitating recall,fold02,306,0.0,0.0,0.9840319361277445,circular_shift_exact_mask_geometry
3,L3,Hesitating recall,fold02,307,0.0,0.0,0.9840319361277445,circular_shift_exact_mask_geometry
3,L3,Hesitating recall,fold02,308,0.0,0.0,0.9840319361277445,circular_shift_exact_mask_geometry
3,L3,Hesitating recall,fold02,309,0.0,0.0,0.9840319361277445,circular_shift_exact_mask_geometry
3,L3,Hesitating recall,fold02,310,0.0,0.0,0.9840319361277445,circular_shift_exact_mask_geometry
3,L3,Hesitating recall,fold02,311,0.0,0.0,0.9840319361277445,circular_shift_exact_mask_geometry
3,L3,Hesitating recall,fold02,312,0.0,0.0,0.9840319361277445,circular_shift_exact_mask_geometry
3,L3,Hesitating recall,fold02,313,0.0,0.0,0.9840319361277445,circular_shift_exact_mask_geometry
3,L3,Hesitating recall,fold02,314,0.0,0.0,0.9840319361277445,circular_shift_exact_mask_geometry
3,L3,Hesitating recall,fold02,315,0.0,0.0,0.9840319361277445,circular_shift_exact_mask_geometry
3,L3,Hesitating recall,fold02,316,0.0,0.0,0.9840319361277445,circular_shift_exact_mask_geometry
3,L3,Hesitating recall,fold02,317,0.0,0.0,0.9840319361277445,circular_shift_exact_mask_geometry
3,L3,Hesitating recall,fold02,318,0.0,0.0,0.9840319361277445,circular_shift_exact_mask_geometry
3,L3,Hesitating recall,fold02,319,0.0,0.0,0.9840319361277445,circular_shift_exact_mask_geometry
3,L3,Hesitating recall,fold02,320,0.0,0.0,0.9840319361277445,circular_shift_exact_mask_geometry
3,L3,Hesitating recall,fold02,321,0.0,0.0,0.9840319361277445,circular_shift_exact_mask_geometry
3,L3,Hesitating recall,fold02,322,0.0,0.0,0.9840319361277445,circular_shift_exact_mask_geometry
3,L3,Hesitating recall,fold02,323,0.0,0.0,0.9840319361277445,circular_shift_exact_mask_geometry
3,L3,Hesitating recall,fold02,324,0.0,0.0,0.9840319361277445,circular_shift_exact_mask_geometry
3,L3,Hesitating recall,fold02,325,0.0,0.0,0.9840319361277445,circular_shift_exact_mask_geometry
3,L3,Hesitating recall,fold02,326,0.0,0.0,0.9840319361277445,circular_shift_exact_mask_geometry
3,L3,Hesitating recall,fold02,327,0.0,0.0,0.9840319361277445,circular_shift_exact_mask_geometry
3,L3,Hesitating recall,fold02,328,0.0,0.0,0.9840319361277445,circular_shift_exact_mask_geometry
3,L3,Hesitating recall,fold02,329,0.0,0.0,0.9840319361277445,circular_shift_exact_mask_geometry
3,L3,Hesitating recall,fold02,330,0.0,0.0,0.9840319361277445,circular_shift_exact_mask_geometry
3,L3,Hesitating recall,fold02,331,0.0,0.0,0.9840319361277445,circular_shift_exact_mask_geometry
3,L3,Hesitating recall,fold02,332,0.0,0.0,0.9840319361277445,circular_shift_exact_mask_geometry
3,L3,Hesitating recall,fold02,333,0.0,0.0,0.9840319361277445,circular_shift_exact_mask_geometry
3,L3,Hesitating recall,fold02,334,0.0,0.0,0.9840319361277445,circular_shift_exact_mask_geometry
3,L3,Hesitating recall,fold02,335,0.0,0.0,0.9840319361277445,circular_shift_exact_mask_geometry
3,L3,Hesitating recall,fold02,336,0.0,0.0,0.9840319361277445,circular_shift_exact_mask_geometry
3,L3,Hesitating recall,fold02,337,0.0,0.0,0.9840319361277445,circular_shift_exact_mask_geometry
3,L3,Hesitating recall,fold02,338,0.0,0.0,0.9840319361277445,circular_shift_exact_mask_geometry
3,L3,Hesitating recall,fold02,339,0.0,0.0,0.9840319361277445,circular_shift_exact_mask_geometry
3,L3,Hesitating recall,fold02,340,0.0,0.0,0.9840319361277445,circular_shift_exact_mask_geometry
3,L3,Hesitating recall,fold02,341,0.0,0.0,0.9840319361277445,circular_shift_exact_mask_geometry
3,L3,Hesitating recall,fold02,342,0.0,0.0,0.9840319361277445,circular_shift_exact_mask_geometry
3,L3,Hesitating recall,fold02,343,0.0,0.0,0.9840319361277445,circular_shift_exact_mask_geometry
3,L3,Hesitating recall,fold02,344,0.0,0.0,0.9840319361277445,circular_shift_exact_mask_geometry
3,L3,Hesitating recall,fold02,345,0.0,0.0,0.9840319361277445,circular_shift_exact_mask_geometry
3,L3,Hesitating recall,fold02,346,0.0,0.0,0.9840319361277445,circular_shift_exact_mask_geometry
3,L3,Hesitating recall,fold02,347,0.0,0.0,0.9840319361277445,circular_shift_exact_mask_geometry
3,L3,Hesitating recall,fold02,348,0.0,0.0,0.9840319361277445,circular_shift_exact_mask_geometry
3,L3,Hesitating recall,fold02,349,0.0,0.0,0.9840319361277445,circular_shift_exact_mask_geometry
3,L3,Hesitating recall,fold02,350,0.0,0.0,0.9840319361277445,circular_shift_exact_mask_geometry
3,L3,Hesitating recall,fold02,351,0.0,0.0,0.9840319361277445,circular_shift_exact_mask_geometry
3,L3,Hesitating recall,fold02,352,0.0,0.0,0.9840319361277445,circular_shift_exact_mask_geometry
3,L3,Hesitating recall,fold02,353,0.0,0.0,0.9840319361277445,circular_shift_exact_mask_geometry
3,L3,Hesitating recall,fold02,354,0.0,0.0,0.9840319361277445,circular_shift_exact_mask_geometry
3,L3,Hesitating recall,fold02,355,0.0,0.0,0.9840319361277445,circular_shift_exact_mask_geometry
3,L3,Hesitating recall,fold02,356,0.0,0.0,0.9840319361277445,circular_shift_exact_mask_geometry
3,L3,Hesitating recall,fold02,357,0.0,0.0,0.9840319361277445,circular_shift_exact_mask_geometry
3,L3,Hesitating recall,fold02,358,0.0,0.0,0.9840319361277445,circular_shift_exact_mask_geometry
3,L3,Hesitating recall,fold02,359,0.0,0.0,0.9840319361277445,circular_shift_exact_mask_geometry
3,L3,Hesitating recall,fold02,360,0.0,0.0,0.9840319361277445,circular_shift_exact_mask_geometry
3,L3,Hesitating recall,fold02,361,0.0,0.0,0.9840319361277445,circular_shift_exact_mask_geometry
3,L3,Hesitating recall,fold02,362,0.0,0.0,0.9840319361277445,circular_shift_exact_mask_geometry
3,L3,Hesitating recall,fold02,363,0.0,0.0,0.9840319361277445,circular_shift_exact_mask_geometry
3,L3,Hesitating recall,fold02,364,0.0,0.0,0.9840319361277445,circular_shift_exact_mask_geometry
3,L3,Hesitating recall,fold02,365,0.0,0.0,0.9840319361277445,circular_shift_exact_mask_geometry
3,L3,Hesitating recall,fold02,366,0.0,0.0,0.9840319361277445,circular_shift_exact_mask_geometry
3,L3,Hesitating recall,fold02,367,0.0,0.0,0.9840319361277445,circular_shift_exact_mask_geometry
3,L3,Hesitating recall,fold02,368,0.0,0.0,0.9840319361277445,circular_shift_exact_mask_geometry
3,L3,Hesitating recall,fold02,369,0.0,0.0,0.9840319361277445,circular_shift_exact_mask_geometry
3,L3,Hesitating recall,fold02,370,0.0,0.0,0.9840319361277445,circular_shift_exact_mask_geometry
3,L3,Hesitating recall,fold02,371,0.0,0.0,0.9840319361277445,circular_shift_exact_mask_geometry
3,L3,Hesitating recall,fold02,372,0.0,0.0,0.9840319361277445,circular_shift_exact_mask_geometry
3,L3,Hesitating recall,fold02,373,0.0,0.0,0.9840319361277445,circular_shift_exact_mask_geometry
3,L3,Hesitating recall,fold02,374,0.0,0.0,0.9840319361277445,circular_shift_exact_mask_geometry
3,L3,Hesitating recall,fold02,375,0.0,0.0,0.9840319361277445,circular_shift_exact_mask_geometry
3,L3,Hesitating recall,fold02,376,0.0,0.0,0.9840319361277445,circular_shift_exact_mask_geometry
3,L3,Hesitating recall,fold02,377,0.0,0.0,0.9840319361277445,circular_shift_exact_mask_geometry
3,L3,Hesitating recall,fold02,378,0.0,0.0,0.9840319361277445,circular_shift_exact_mask_geometry
3,L3,Hesitating recall,fold02,379,0.0,0.0,0.9840319361277445,circular_shift_exact_mask_geometry
3,L3,Hesitating recall,fold02,380,0.0,0.0,0.9840319361277445,circular_shift_exact_mask_geometry
3,L3,Hesitating recall,fold02,381,0.0,0.0,0.9840319361277445,circular_shift_exact_mask_geometry
3,L3,Hesitating recall,fold02,382,0.0,0.0,0.9840319361277445,circular_shift_exact_mask_geometry
3,L3,Hesitating recall,fold02,383,0.0,0.0,0.9840319361277445,circular_shift_exact_mask_geometry
3,L3,Hesitating recall,fold02,384,0.0,0.0,0.9840319361277445,circular_shift_exact_mask_geometry
3,L3,Hesitating recall,fold02,385,0.0,0.0,0.9840319361277445,circular_shift_exact_mask_geometry
3,L3,Hesitating recall,fold02,386,0.0,0.0,0.9840319361277445,circular_shift_exact_mask_geometry
3,L3,Hesitating recall,fold02,387,0.0,0.0,0.9840319361277445,circular_shift_exact_mask_geometry
3,L3,Hesitating recall,fold02,388,0.0,0.0,0.9840319361277445,circular_shift_exact_mask_geometry
3,L3,Hesitating recall,fold02,389,0.0,0.0,0.9840319361277445,circular_shift_exact_mask_geometry
3,L3,Hesitating recall,fold02,390,0.0,0.0,0.9840319361277445,circular_shift_exact_mask_geometry
3,L3,Hesitating recall,fold02,391,0.0,0.0,0.9840319361277445,circular_shift_exact_mask_geometry
3,L3,Hesitating recall,fold02,392,0.0,0.0,0.9840319361277445,circular_shift_exact_mask_geometry
3,L3,Hesitating recall,fold02,393,0.0,0.0,0.9840319361277445,circular_shift_exact_mask_geometry
3,L3,Hesitating recall,fold02,394,0.0,0.0,0.9840319361277445,circular_shift_exact_mask_geometry
3,L3,Hesitating recall,fold02,395,2.5,0.0,0.9840319361277445,circular_shift_exact_mask_geometry
3,L3,Hesitating recall,fold02,396,0.0,0.0,0.9840319361277445,circular_shift_exact_mask_geometry
3,L3,Hesitating recall,fold02,397,0.0,0.0,0.9840319361277445,circular_shift_exact_mask_geometry
3,L3,Hesitating recall,fold02,398,0.0,0.0,0.9840319361277445,circular_shift_exact_mask_geometry
3,L3,Hesitating recall,fold02,399,0.0,0.0,0.9840319361277445,circular_shift_exact_mask_geometry
3,L3,Hesitating recall,fold02,400,0.0,0.0,0.9840319361277445,circular_shift_exact_mask_geometry
3,L3,Hesitating recall,fold02,401,0.0,0.0,0.9840319361277445,circular_shift_exact_mask_geometry
3,L3,Hesitating recall,fold02,402,0.0,0.0,0.9840319361277445,circular_shift_exact_mask_geometry
3,L3,Hesitating recall,fold02,403,0.0,0.0,0.9840319361277445,circular_shift_exact_mask_geometry
3,L3,Hesitating recall,fold02,404,0.0,0.0,0.9840319361277445,circular_shift_exact_mask_geometry
3,L3,Hesitating recall,fold02,405,0.0,0.0,0.9840319361277445,circular_shift_exact_mask_geometry
3,L3,Hesitating recall,fold02,406,0.0,0.0,0.9840319361277445,circular_shift_exact_mask_geometry
3,L3,Hesitating recall,fold02,407,0.0,0.0,0.9840319361277445,circular_shift_exact_mask_geometry
3,L3,Hesitating recall,fold02,408,0.0,0.0,0.9840319361277445,circular_shift_exact_mask_geometry
3,L3,Hesitating recall,fold02,409,0.0,0.0,0.9840319361277445,circular_shift_exact_mask_geometry
3,L3,Hesitating recall,fold02,410,0.0,0.0,0.9840319361277445,circular_shift_exact_mask_geometry
3,L3,Hesitating recall,fold02,411,0.0,0.0,0.9840319361277445,circular_shift_exact_mask_geometry
3,L3,Hesitating recall,fold02,412,0.0,0.0,0.9840319361277445,circular_shift_exact_mask_geometry
3,L3,Hesitating recall,fold02,413,0.0,0.0,0.9840319361277445,circular_shift_exact_mask_geometry
3,L3,Hesitating recall,fold02,414,0.0,0.0,0.9840319361277445,circular_shift_exact_mask_geometry
3,L3,Hesitating recall,fold02,415,0.0,0.0,0.9840319361277445,circular_shift_exact_mask_geometry
3,L3,Hesitating recall,fold02,416,0.0,0.0,0.9840319361277445,circular_shift_exact_mask_geometry
3,L3,Hesitating recall,fold02,417,0.0,0.0,0.9840319361277445,circular_shift_exact_mask_geometry
3,L3,Hesitating recall,fold02,418,0.0,0.0,0.9840319361277445,circular_shift_exact_mask_geometry
3,L3,Hesitating recall,fold02,419,0.0,0.0,0.9840319361277445,circular_shift_exact_mask_geometry
3,L3,Hesitating recall,fold02,420,0.0,0.0,0.9840319361277445,circular_shift_exact_mask_geometry
3,L3,Hesitating recall,fold02,421,0.0,0.0,0.9840319361277445,circular_shift_exact_mask_geometry
3,L3,Hesitating recall,fold02,422,0.0,0.0,0.9840319361277445,circular_shift_exact_mask_geometry
3,L3,Hesitating recall,fold02,423,2.5,0.0,0.9840319361277445,circular_shift_exact_mask_geometry
3,L3,Hesitating recall,fold02,424,0.0,0.0,0.9840319361277445,circular_shift_exact_mask_geometry
3,L3,Hesitating recall,fold02,425,0.0,0.0,0.9840319361277445,circular_shift_exact_mask_geometry
3,L3,Hesitating recall,fold02,426,0.0,0.0,0.9840319361277445,circular_shift_exact_mask_geometry
3,L3,Hesitating recall,fold02,427,0.0,0.0,0.9840319361277445,circular_shift_exact_mask_geometry
3,L3,Hesitating recall,fold02,428,0.0,0.0,0.9840319361277445,circular_shift_exact_mask_geometry
3,L3,Hesitating recall,fold02,429,2.5,0.0,0.9840319361277445,circular_shift_exact_mask_geometry
3,L3,Hesitating recall,fold02,430,0.0,0.0,0.9840319361277445,circular_shift_exact_mask_geometry
3,L3,Hesitating recall,fold02,431,0.0,0.0,0.9840319361277445,circular_shift_exact_mask_geometry
3,L3,Hesitating recall,fold02,432,0.0,0.0,0.9840319361277445,circular_shift_exact_mask_geometry
3,L3,Hesitating recall,fold02,433,0.0,0.0,0.9840319361277445,circular_shift_exact_mask_geometry
3,L3,Hesitating recall,fold02,434,0.0,0.0,0.9840319361277445,circular_shift_exact_mask_geometry
3,L3,Hesitating recall,fold02,435,0.0,0.0,0.9840319361277445,circular_shift_exact_mask_geometry
3,L3,Hesitating recall,fold02,436,0.0,0.0,0.9840319361277445,circular_shift_exact_mask_geometry
3,L3,Hesitating recall,fold02,437,0.0,0.0,0.9840319361277445,circular_shift_exact_mask_geometry
3,L3,Hesitating recall,fold02,438,0.0,0.0,0.9840319361277445,circular_shift_exact_mask_geometry
3,L3,Hesitating recall,fold02,439,0.0,0.0,0.9840319361277445,circular_shift_exact_mask_geometry
3,L3,Hesitating recall,fold02,440,0.0,0.0,0.9840319361277445,circular_shift_exact_mask_geometry
3,L3,Hesitating recall,fold02,441,0.0,0.0,0.9840319361277445,circular_shift_exact_mask_geometry
3,L3,Hesitating recall,fold02,442,0.0,0.0,0.9840319361277445,circular_shift_exact_mask_geometry
3,L3,Hesitating recall,fold02,443,0.0,0.0,0.9840319361277445,circular_shift_exact_mask_geometry
3,L3,Hesitating recall,fold02,444,0.0,0.0,0.9840319361277445,circular_shift_exact_mask_geometry
3,L3,Hesitating recall,fold02,445,0.0,0.0,0.9840319361277445,circular_shift_exact_mask_geometry
3,L3,Hesitating recall,fold02,446,0.0,0.0,0.9840319361277445,circular_shift_exact_mask_geometry
3,L3,Hesitating recall,fold02,447,0.0,0.0,0.9840319361277445,circular_shift_exact_mask_geometry
3,L3,Hesitating recall,fold02,448,0.0,0.0,0.9840319361277445,circular_shift_exact_mask_geometry
3,L3,Hesitating recall,fold02,449,2.5,0.0,0.9840319361277445,circular_shift_exact_mask_geometry
3,L3,Hesitating recall,fold02,450,0.0,0.0,0.9840319361277445,circular_shift_exact_mask_geometry
3,L3,Hesitating recall,fold02,451,0.0,0.0,0.9840319361277445,circular_shift_exact_mask_geometry
3,L3,Hesitating recall,fold02,452,0.0,0.0,0.9840319361277445,circular_shift_exact_mask_geometry
3,L3,Hesitating recall,fold02,453,0.0,0.0,0.9840319361277445,circular_shift_exact_mask_geometry
3,L3,Hesitating recall,fold02,454,0.0,0.0,0.9840319361277445,circular_shift_exact_mask_geometry
3,L3,Hesitating recall,fold02,455,0.0,0.0,0.9840319361277445,circular_shift_exact_mask_geometry
3,L3,Hesitating recall,fold02,456,0.0,0.0,0.9840319361277445,circular_shift_exact_mask_geometry
3,L3,Hesitating recall,fold02,457,0.0,0.0,0.9840319361277445,circular_shift_exact_mask_geometry
3,L3,Hesitating recall,fold02,458,0.0,0.0,0.9840319361277445,circular_shift_exact_mask_geometry
3,L3,Hesitating recall,fold02,459,0.0,0.0,0.9840319361277445,circular_shift_exact_mask_geometry
3,L3,Hesitating recall,fold02,460,0.0,0.0,0.9840319361277445,circular_shift_exact_mask_geometry
3,L3,Hesitating recall,fold02,461,0.0,0.0,0.9840319361277445,circular_shift_exact_mask_geometry
3,L3,Hesitating recall,fold02,462,0.0,0.0,0.9840319361277445,circular_shift_exact_mask_geometry
3,L3,Hesitating recall,fold02,463,0.0,0.0,0.9840319361277445,circular_shift_exact_mask_geometry
3,L3,Hesitating recall,fold02,464,0.0,0.0,0.9840319361277445,circular_shift_exact_mask_geometry
3,L3,Hesitating recall,fold02,465,0.0,0.0,0.9840319361277445,circular_shift_exact_mask_geometry
3,L3,Hesitating recall,fold02,466,0.0,0.0,0.9840319361277445,circular_shift_exact_mask_geometry
3,L3,Hesitating recall,fold02,467,0.0,0.0,0.9840319361277445,circular_shift_exact_mask_geometry
3,L3,Hesitating recall,fold02,468,0.0,0.0,0.9840319361277445,circular_shift_exact_mask_geometry
3,L3,Hesitating recall,fold02,469,0.0,0.0,0.9840319361277445,circular_shift_exact_mask_geometry
3,L3,Hesitating recall,fold02,470,0.0,0.0,0.9840319361277445,circular_shift_exact_mask_geometry
3,L3,Hesitating recall,fold02,471,0.0,0.0,0.9840319361277445,circular_shift_exact_mask_geometry
3,L3,Hesitating recall,fold02,472,2.5,0.0,0.9840319361277445,circular_shift_exact_mask_geometry
3,L3,Hesitating recall,fold02,473,0.0,0.0,0.9840319361277445,circular_shift_exact_mask_geometry
3,L3,Hesitating recall,fold02,474,0.0,0.0,0.9840319361277445,circular_shift_exact_mask_geometry
3,L3,Hesitating recall,fold02,475,0.0,0.0,0.9840319361277445,circular_shift_exact_mask_geometry
3,L3,Hesitating recall,fold02,476,0.0,0.0,0.9840319361277445,circular_shift_exact_mask_geometry
3,L3,Hesitating recall,fold02,477,0.0,0.0,0.9840319361277445,circular_shift_exact_mask_geometry
3,L3,Hesitating recall,fold02,478,0.0,0.0,0.9840319361277445,circular_shift_exact_mask_geometry
3,L3,Hesitating recall,fold02,479,0.0,0.0,0.9840319361277445,circular_shift_exact_mask_geometry
3,L3,Hesitating recall,fold02,480,0.0,0.0,0.9840319361277445,circular_shift_exact_mask_geometry
3,L3,Hesitating recall,fold02,481,0.0,0.0,0.9840319361277445,circular_shift_exact_mask_geometry
3,L3,Hesitating recall,fold02,482,0.0,0.0,0.9840319361277445,circular_shift_exact_mask_geometry
3,L3,Hesitating recall,fold02,483,0.0,0.0,0.9840319361277445,circular_shift_exact_mask_geometry
3,L3,Hesitating recall,fold02,484,0.0,0.0,0.9840319361277445,circular_shift_exact_mask_geometry
3,L3,Hesitating recall,fold02,485,0.0,0.0,0.9840319361277445,circular_shift_exact_mask_geometry
3,L3,Hesitating recall,fold02,486,0.0,0.0,0.9840319361277445,circular_shift_exact_mask_geometry
3,L3,Hesitating recall,fold02,487,0.0,0.0,0.9840319361277445,circular_shift_exact_mask_geometry
3,L3,Hesitating recall,fold02,488,0.0,0.0,0.9840319361277445,circular_shift_exact_mask_geometry
3,L3,Hesitating recall,fold02,489,0.0,0.0,0.9840319361277445,circular_shift_exact_mask_geometry
3,L3,Hesitating recall,fold02,490,0.0,0.0,0.9840319361277445,circular_shift_exact_mask_geometry
3,L3,Hesitating recall,fold02,491,0.0,0.0,0.9840319361277445,circular_shift_exact_mask_geometry
3,L3,Hesitating recall,fold02,492,0.0,0.0,0.9840319361277445,circular_shift_exact_mask_geometry
3,L3,Hesitating recall,fold02,493,0.0,0.0,0.9840319361277445,circular_shift_exact_mask_geometry
3,L3,Hesitating recall,fold02,494,0.0,0.0,0.9840319361277445,circular_shift_exact_mask_geometry
3,L3,Hesitating recall,fold02,495,0.0,0.0,0.9840319361277445,circular_shift_exact_mask_geometry
3,L3,Hesitating recall,fold02,496,0.0,0.0,0.9840319361277445,circular_shift_exact_mask_geometry
3,L3,Hesitating recall,fold02,497,0.0,0.0,0.9840319361277445,circular_shift_exact_mask_geometry
3,L3,Hesitating recall,fold02,498,0.0,0.0,0.9840319361277445,circular_shift_exact_mask_geometry
3,L3,Hesitating recall,fold02,499,0.0,0.0,0.9840319361277445,circular_shift_exact_mask_geometry
3,L3,Hesitating recall,fold02,500,0.0,0.0,0.9840319361277445,circular_shift_exact_mask_geometry
5,L5,Walking recall,fold02,1,-7.8007518796992485,-8.787593984962399,0.5369261477045908,circular_shift_exact_mask_geometry
5,L5,Walking recall,fold02,2,-8.129699248120303,-8.787593984962399,0.5369261477045908,circular_shift_exact_mask_geometry
5,L5,Walking recall,fold02,3,-7.471804511278194,-8.787593984962399,0.5369261477045908,circular_shift_exact_mask_geometry
5,L5,Walking recall,fold02,4,-8.787593984962399,-8.787593984962399,0.5369261477045908,circular_shift_exact_mask_geometry
5,L5,Walking recall,fold02,5,-8.787593984962399,-8.787593984962399,0.5369261477045908,circular_shift_exact_mask_geometry
5,L5,Walking recall,fold02,6,-8.458646616541358,-8.787593984962399,0.5369261477045908,circular_shift_exact_mask_geometry
5,L5,Walking recall,fold02,7,-8.787593984962399,-8.787593984962399,0.5369261477045908,circular_shift_exact_mask_geometry
5,L5,Walking recall,fold02,8,-8.458646616541358,-8.787593984962399,0.5369261477045908,circular_shift_exact_mask_geometry
5,L5,Walking recall,fold02,9,-7.8007518796992485,-8.787593984962399,0.5369261477045908,circular_shift_exact_mask_geometry
5,L5,Walking recall,fold02,10,-9.116541353383454,-8.787593984962399,0.5369261477045908,circular_shift_exact_mask_geometry
5,L5,Walking recall,fold02,11,-8.458646616541358,-8.787593984962399,0.5369261477045908,circular_shift_exact_mask_geometry
5,L5,Walking recall,fold02,12,-7.8007518796992485,-8.787593984962399,0.5369261477045908,circular_shift_exact_mask_geometry
5,L5,Walking recall,fold02,13,-9.116541353383454,-8.787593984962399,0.5369261477045908,circular_shift_exact_mask_geometry
5,L5,Walking recall,fold02,14,-8.458646616541358,-8.787593984962399,0.5369261477045908,circular_shift_exact_mask_geometry
5,L5,Walking recall,fold02,15,-8.129699248120303,-8.787593984962399,0.5369261477045908,circular_shift_exact_mask_geometry
5,L5,Walking recall,fold02,16,-8.458646616541358,-8.787593984962399,0.5369261477045908,circular_shift_exact_mask_geometry
5,L5,Walking recall,fold02,17,-8.787593984962399,-8.787593984962399,0.5369261477045908,circular_shift_exact_mask_geometry
5,L5,Walking recall,fold02,18,-8.458646616541358,-8.787593984962399,0.5369261477045908,circular_shift_exact_mask_geometry
5,L5,Walking recall,fold02,19,-9.445488721804509,-8.787593984962399,0.5369261477045908,circular_shift_exact_mask_geometry
5,L5,Walking recall,fold02,20,-9.116541353383454,-8.787593984962399,0.5369261477045908,circular_shift_exact_mask_geometry
5,L5,Walking recall,fold02,21,-9.445488721804509,-8.787593984962399,0.5369261477045908,circular_shift_exact_mask_geometry
5,L5,Walking recall,fold02,22,-8.787593984962399,-8.787593984962399,0.5369261477045908,circular_shift_exact_mask_geometry
5,L5,Walking recall,fold02,23,-8.787593984962399,-8.787593984962399,0.5369261477045908,circular_shift_exact_mask_geometry
5,L5,Walking recall,fold02,24,-8.787593984962399,-8.787593984962399,0.5369261477045908,circular_shift_exact_mask_geometry
5,L5,Walking recall,fold02,25,-8.129699248120303,-8.787593984962399,0.5369261477045908,circular_shift_exact_mask_geometry
5,L5,Walking recall,fold02,26,-8.458646616541358,-8.787593984962399,0.5369261477045908,circular_shift_exact_mask_geometry
5,L5,Walking recall,fold02,27,-7.8007518796992485,-8.787593984962399,0.5369261477045908,circular_shift_exact_mask_geometry
5,L5,Walking recall,fold02,28,-8.787593984962399,-8.787593984962399,0.5369261477045908,circular_shift_exact_mask_geometry
5,L5,Walking recall,fold02,29,-8.458646616541358,-8.787593984962399,0.5369261477045908,circular_shift_exact_mask_geometry
5,L5,Walking recall,fold02,30,-9.116541353383454,-8.787593984962399,0.5369261477045908,circular_shift_exact_mask_geometry
5,L5,Walking recall,fold02,31,-8.129699248120303,-8.787593984962399,0.5369261477045908,circular_shift_exact_mask_geometry
5,L5,Walking recall,fold02,32,-8.458646616541358,-8.787593984962399,0.5369261477045908,circular_shift_exact_mask_geometry
5,L5,Walking recall,fold02,33,-8.787593984962399,-8.787593984962399,0.5369261477045908,circular_shift_exact_mask_geometry
5,L5,Walking recall,fold02,34,-9.116541353383454,-8.787593984962399,0.5369261477045908,circular_shift_exact_mask_geometry
5,L5,Walking recall,fold02,35,-8.129699248120303,-8.787593984962399,0.5369261477045908,circular_shift_exact_mask_geometry
5,L5,Walking recall,fold02,36,-8.787593984962399,-8.787593984962399,0.5369261477045908,circular_shift_exact_mask_geometry
5,L5,Walking recall,fold02,37,-8.458646616541358,-8.787593984962399,0.5369261477045908,circular_shift_exact_mask_geometry
5,L5,Walking recall,fold02,38,-9.116541353383454,-8.787593984962399,0.5369261477045908,circular_shift_exact_mask_geometry
5,L5,Walking recall,fold02,39,-9.116541353383454,-8.787593984962399,0.5369261477045908,circular_shift_exact_mask_geometry
5,L5,Walking recall,fold02,40,-7.8007518796992485,-8.787593984962399,0.5369261477045908,circular_shift_exact_mask_geometry
5,L5,Walking recall,fold02,41,-7.8007518796992485,-8.787593984962399,0.5369261477045908,circular_shift_exact_mask_geometry
5,L5,Walking recall,fold02,42,-9.116541353383454,-8.787593984962399,0.5369261477045908,circular_shift_exact_mask_geometry
5,L5,Walking recall,fold02,43,-8.458646616541358,-8.787593984962399,0.5369261477045908,circular_shift_exact_mask_geometry
5,L5,Walking recall,fold02,44,-8.129699248120303,-8.787593984962399,0.5369261477045908,circular_shift_exact_mask_geometry
5,L5,Walking recall,fold02,45,-8.458646616541358,-8.787593984962399,0.5369261477045908,circular_shift_exact_mask_geometry
5,L5,Walking recall,fold02,46,-8.458646616541358,-8.787593984962399,0.5369261477045908,circular_shift_exact_mask_geometry
5,L5,Walking recall,fold02,47,-9.116541353383454,-8.787593984962399,0.5369261477045908,circular_shift_exact_mask_geometry
5,L5,Walking recall,fold02,48,-8.787593984962399,-8.787593984962399,0.5369261477045908,circular_shift_exact_mask_geometry
5,L5,Walking recall,fold02,49,-8.787593984962399,-8.787593984962399,0.5369261477045908,circular_shift_exact_mask_geometry
5,L5,Walking recall,fold02,50,-8.458646616541358,-8.787593984962399,0.5369261477045908,circular_shift_exact_mask_geometry
5,L5,Walking recall,fold02,51,-8.458646616541358,-8.787593984962399,0.5369261477045908,circular_shift_exact_mask_geometry
5,L5,Walking recall,fold02,52,-9.445488721804509,-8.787593984962399,0.5369261477045908,circular_shift_exact_mask_geometry
5,L5,Walking recall,fold02,53,-8.458646616541358,-8.787593984962399,0.5369261477045908,circular_shift_exact_mask_geometry
5,L5,Walking recall,fold02,54,-8.458646616541358,-8.787593984962399,0.5369261477045908,circular_shift_exact_mask_geometry
5,L5,Walking recall,fold02,55,-9.116541353383454,-8.787593984962399,0.5369261477045908,circular_shift_exact_mask_geometry
5,L5,Walking recall,fold02,56,-9.445488721804509,-8.787593984962399,0.5369261477045908,circular_shift_exact_mask_geometry
5,L5,Walking recall,fold02,57,-9.116541353383454,-8.787593984962399,0.5369261477045908,circular_shift_exact_mask_geometry
5,L5,Walking recall,fold02,58,-8.129699248120303,-8.787593984962399,0.5369261477045908,circular_shift_exact_mask_geometry
5,L5,Walking recall,fold02,59,-8.787593984962399,-8.787593984962399,0.5369261477045908,circular_shift_exact_mask_geometry
5,L5,Walking recall,fold02,60,-8.458646616541358,-8.787593984962399,0.5369261477045908,circular_shift_exact_mask_geometry
5,L5,Walking recall,fold02,61,-9.445488721804509,-8.787593984962399,0.5369261477045908,circular_shift_exact_mask_geometry
5,L5,Walking recall,fold02,62,-9.445488721804509,-8.787593984962399,0.5369261477045908,circular_shift_exact_mask_geometry
5,L5,Walking recall,fold02,63,-9.116541353383454,-8.787593984962399,0.5369261477045908,circular_shift_exact_mask_geometry
5,L5,Walking recall,fold02,64,-8.458646616541358,-8.787593984962399,0.5369261477045908,circular_shift_exact_mask_geometry
5,L5,Walking recall,fold02,65,-9.116541353383454,-8.787593984962399,0.5369261477045908,circular_shift_exact_mask_geometry
5,L5,Walking recall,fold02,66,-8.787593984962399,-8.787593984962399,0.5369261477045908,circular_shift_exact_mask_geometry
5,L5,Walking recall,fold02,67,-9.116541353383454,-8.787593984962399,0.5369261477045908,circular_shift_exact_mask_geometry
5,L5,Walking recall,fold02,68,-9.116541353383454,-8.787593984962399,0.5369261477045908,circular_shift_exact_mask_geometry
5,L5,Walking recall,fold02,69,-8.458646616541358,-8.787593984962399,0.5369261477045908,circular_shift_exact_mask_geometry
5,L5,Walking recall,fold02,70,-8.458646616541358,-8.787593984962399,0.5369261477045908,circular_shift_exact_mask_geometry
5,L5,Walking recall,fold02,71,-8.787593984962399,-8.787593984962399,0.5369261477045908,circular_shift_exact_mask_geometry
5,L5,Walking recall,fold02,72,-8.787593984962399,-8.787593984962399,0.5369261477045908,circular_shift_exact_mask_geometry
5,L5,Walking recall,fold02,73,-8.129699248120303,-8.787593984962399,0.5369261477045908,circular_shift_exact_mask_geometry
5,L5,Walking recall,fold02,74,-9.445488721804509,-8.787593984962399,0.5369261477045908,circular_shift_exact_mask_geometry
5,L5,Walking recall,fold02,75,-8.787593984962399,-8.787593984962399,0.5369261477045908,circular_shift_exact_mask_geometry
5,L5,Walking recall,fold02,76,-8.458646616541358,-8.787593984962399,0.5369261477045908,circular_shift_exact_mask_geometry
5,L5,Walking recall,fold02,77,-8.458646616541358,-8.787593984962399,0.5369261477045908,circular_shift_exact_mask_geometry
5,L5,Walking recall,fold02,78,-8.458646616541358,-8.787593984962399,0.5369261477045908,circular_shift_exact_mask_geometry
5,L5,Walking recall,fold02,79,-9.116541353383454,-8.787593984962399,0.5369261477045908,circular_shift_exact_mask_geometry
5,L5,Walking recall,fold02,80,-8.129699248120303,-8.787593984962399,0.5369261477045908,circular_shift_exact_mask_geometry
5,L5,Walking recall,fold02,81,-8.787593984962399,-8.787593984962399,0.5369261477045908,circular_shift_exact_mask_geometry
5,L5,Walking recall,fold02,82,-9.445488721804509,-8.787593984962399,0.5369261477045908,circular_shift_exact_mask_geometry
5,L5,Walking recall,fold02,83,-9.116541353383454,-8.787593984962399,0.5369261477045908,circular_shift_exact_mask_geometry
5,L5,Walking recall,fold02,84,-7.8007518796992485,-8.787593984962399,0.5369261477045908,circular_shift_exact_mask_geometry
5,L5,Walking recall,fold02,85,-8.458646616541358,-8.787593984962399,0.5369261477045908,circular_shift_exact_mask_geometry
5,L5,Walking recall,fold02,86,-8.129699248120303,-8.787593984962399,0.5369261477045908,circular_shift_exact_mask_geometry
5,L5,Walking recall,fold02,87,-8.458646616541358,-8.787593984962399,0.5369261477045908,circular_shift_exact_mask_geometry
5,L5,Walking recall,fold02,88,-9.116541353383454,-8.787593984962399,0.5369261477045908,circular_shift_exact_mask_geometry
5,L5,Walking recall,fold02,89,-9.774436090225564,-8.787593984962399,0.5369261477045908,circular_shift_exact_mask_geometry
5,L5,Walking recall,fold02,90,-8.458646616541358,-8.787593984962399,0.5369261477045908,circular_shift_exact_mask_geometry
5,L5,Walking recall,fold02,91,-8.129699248120303,-8.787593984962399,0.5369261477045908,circular_shift_exact_mask_geometry
5,L5,Walking recall,fold02,92,-8.787593984962399,-8.787593984962399,0.5369261477045908,circular_shift_exact_mask_geometry
5,L5,Walking recall,fold02,93,-8.129699248120303,-8.787593984962399,0.5369261477045908,circular_shift_exact_mask_geometry
5,L5,Walking recall,fold02,94,-8.787593984962399,-8.787593984962399,0.5369261477045908,circular_shift_exact_mask_geometry
5,L5,Walking recall,fold02,95,-9.116541353383454,-8.787593984962399,0.5369261477045908,circular_shift_exact_mask_geometry
5,L5,Walking recall,fold02,96,-8.129699248120303,-8.787593984962399,0.5369261477045908,circular_shift_exact_mask_geometry
5,L5,Walking recall,fold02,97,-9.445488721804509,-8.787593984962399,0.5369261477045908,circular_shift_exact_mask_geometry
5,L5,Walking recall,fold02,98,-8.787593984962399,-8.787593984962399,0.5369261477045908,circular_shift_exact_mask_geometry
5,L5,Walking recall,fold02,99,-8.787593984962399,-8.787593984962399,0.5369261477045908,circular_shift_exact_mask_geometry
5,L5,Walking recall,fold02,100,-7.471804511278194,-8.787593984962399,0.5369261477045908,circular_shift_exact_mask_geometry
5,L5,Walking recall,fold02,101,-10.103383458646618,-8.787593984962399,0.5369261477045908,circular_shift_exact_mask_geometry
5,L5,Walking recall,fold02,102,-8.129699248120303,-8.787593984962399,0.5369261477045908,circular_shift_exact_mask_geometry
5,L5,Walking recall,fold02,103,-8.129699248120303,-8.787593984962399,0.5369261477045908,circular_shift_exact_mask_geometry
5,L5,Walking recall,fold02,104,-9.774436090225564,-8.787593984962399,0.5369261477045908,circular_shift_exact_mask_geometry
5,L5,Walking recall,fold02,105,-8.787593984962399,-8.787593984962399,0.5369261477045908,circular_shift_exact_mask_geometry
5,L5,Walking recall,fold02,106,-7.8007518796992485,-8.787593984962399,0.5369261477045908,circular_shift_exact_mask_geometry
5,L5,Walking recall,fold02,107,-8.787593984962399,-8.787593984962399,0.5369261477045908,circular_shift_exact_mask_geometry
5,L5,Walking recall,fold02,108,-8.787593984962399,-8.787593984962399,0.5369261477045908,circular_shift_exact_mask_geometry
5,L5,Walking recall,fold02,109,-8.458646616541358,-8.787593984962399,0.5369261477045908,circular_shift_exact_mask_geometry
5,L5,Walking recall,fold02,110,-8.129699248120303,-8.787593984962399,0.5369261477045908,circular_shift_exact_mask_geometry
5,L5,Walking recall,fold02,111,-9.116541353383454,-8.787593984962399,0.5369261477045908,circular_shift_exact_mask_geometry
5,L5,Walking recall,fold02,112,-8.787593984962399,-8.787593984962399,0.5369261477045908,circular_shift_exact_mask_geometry
5,L5,Walking recall,fold02,113,-8.787593984962399,-8.787593984962399,0.5369261477045908,circular_shift_exact_mask_geometry
5,L5,Walking recall,fold02,114,-8.129699248120303,-8.787593984962399,0.5369261477045908,circular_shift_exact_mask_geometry
5,L5,Walking recall,fold02,115,-8.458646616541358,-8.787593984962399,0.5369261477045908,circular_shift_exact_mask_geometry
5,L5,Walking recall,fold02,116,-8.458646616541358,-8.787593984962399,0.5369261477045908,circular_shift_exact_mask_geometry
5,L5,Walking recall,fold02,117,-8.787593984962399,-8.787593984962399,0.5369261477045908,circular_shift_exact_mask_geometry
5,L5,Walking recall,fold02,118,-8.458646616541358,-8.787593984962399,0.5369261477045908,circular_shift_exact_mask_geometry
5,L5,Walking recall,fold02,119,-8.129699248120303,-8.787593984962399,0.5369261477045908,circular_shift_exact_mask_geometry
5,L5,Walking recall,fold02,120,-8.458646616541358,-8.787593984962399,0.5369261477045908,circular_shift_exact_mask_geometry
5,L5,Walking recall,fold02,121,-8.787593984962399,-8.787593984962399,0.5369261477045908,circular_shift_exact_mask_geometry
5,L5,Walking recall,fold02,122,-8.458646616541358,-8.787593984962399,0.5369261477045908,circular_shift_exact_mask_geometry
5,L5,Walking recall,fold02,123,-9.116541353383454,-8.787593984962399,0.5369261477045908,circular_shift_exact_mask_geometry
5,L5,Walking recall,fold02,124,-9.116541353383454,-8.787593984962399,0.5369261477045908,circular_shift_exact_mask_geometry
5,L5,Walking recall,fold02,125,-9.116541353383454,-8.787593984962399,0.5369261477045908,circular_shift_exact_mask_geometry
5,L5,Walking recall,fold02,126,-9.116541353383454,-8.787593984962399,0.5369261477045908,circular_shift_exact_mask_geometry
5,L5,Walking recall,fold02,127,-8.129699248120303,-8.787593984962399,0.5369261477045908,circular_shift_exact_mask_geometry
5,L5,Walking recall,fold02,128,-8.787593984962399,-8.787593984962399,0.5369261477045908,circular_shift_exact_mask_geometry
5,L5,Walking recall,fold02,129,-8.458646616541358,-8.787593984962399,0.5369261477045908,circular_shift_exact_mask_geometry
5,L5,Walking recall,fold02,130,-9.116541353383454,-8.787593984962399,0.5369261477045908,circular_shift_exact_mask_geometry
5,L5,Walking recall,fold02,131,-8.129699248120303,-8.787593984962399,0.5369261477045908,circular_shift_exact_mask_geometry
5,L5,Walking recall,fold02,132,-8.787593984962399,-8.787593984962399,0.5369261477045908,circular_shift_exact_mask_geometry
5,L5,Walking recall,fold02,133,-7.8007518796992485,-8.787593984962399,0.5369261477045908,circular_shift_exact_mask_geometry
5,L5,Walking recall,fold02,134,-7.8007518796992485,-8.787593984962399,0.5369261477045908,circular_shift_exact_mask_geometry
5,L5,Walking recall,fold02,135,-8.787593984962399,-8.787593984962399,0.5369261477045908,circular_shift_exact_mask_geometry
5,L5,Walking recall,fold02,136,-8.458646616541358,-8.787593984962399,0.5369261477045908,circular_shift_exact_mask_geometry
5,L5,Walking recall,fold02,137,-8.787593984962399,-8.787593984962399,0.5369261477045908,circular_shift_exact_mask_geometry
5,L5,Walking recall,fold02,138,-8.787593984962399,-8.787593984962399,0.5369261477045908,circular_shift_exact_mask_geometry
5,L5,Walking recall,fold02,139,-9.116541353383454,-8.787593984962399,0.5369261477045908,circular_shift_exact_mask_geometry
5,L5,Walking recall,fold02,140,-8.458646616541358,-8.787593984962399,0.5369261477045908,circular_shift_exact_mask_geometry
5,L5,Walking recall,fold02,141,-7.8007518796992485,-8.787593984962399,0.5369261477045908,circular_shift_exact_mask_geometry
5,L5,Walking recall,fold02,142,-8.787593984962399,-8.787593984962399,0.5369261477045908,circular_shift_exact_mask_geometry
5,L5,Walking recall,fold02,143,-8.129699248120303,-8.787593984962399,0.5369261477045908,circular_shift_exact_mask_geometry
5,L5,Walking recall,fold02,144,-8.787593984962399,-8.787593984962399,0.5369261477045908,circular_shift_exact_mask_geometry
5,L5,Walking recall,fold02,145,-9.445488721804509,-8.787593984962399,0.5369261477045908,circular_shift_exact_mask_geometry
5,L5,Walking recall,fold02,146,-7.8007518796992485,-8.787593984962399,0.5369261477045908,circular_shift_exact_mask_geometry
5,L5,Walking recall,fold02,147,-9.445488721804509,-8.787593984962399,0.5369261477045908,circular_shift_exact_mask_geometry
5,L5,Walking recall,fold02,148,-8.458646616541358,-8.787593984962399,0.5369261477045908,circular_shift_exact_mask_geometry
5,L5,Walking recall,fold02,149,-8.129699248120303,-8.787593984962399,0.5369261477045908,circular_shift_exact_mask_geometry
5,L5,Walking recall,fold02,150,-9.774436090225564,-8.787593984962399,0.5369261477045908,circular_shift_exact_mask_geometry
5,L5,Walking recall,fold02,151,-8.129699248120303,-8.787593984962399,0.5369261477045908,circular_shift_exact_mask_geometry
5,L5,Walking recall,fold02,152,-9.445488721804509,-8.787593984962399,0.5369261477045908,circular_shift_exact_mask_geometry
5,L5,Walking recall,fold02,153,-8.129699248120303,-8.787593984962399,0.5369261477045908,circular_shift_exact_mask_geometry
5,L5,Walking recall,fold02,154,-9.774436090225564,-8.787593984962399,0.5369261477045908,circular_shift_exact_mask_geometry
5,L5,Walking recall,fold02,155,-8.787593984962399,-8.787593984962399,0.5369261477045908,circular_shift_exact_mask_geometry
5,L5,Walking recall,fold02,156,-7.471804511278194,-8.787593984962399,0.5369261477045908,circular_shift_exact_mask_geometry
5,L5,Walking recall,fold02,157,-8.787593984962399,-8.787593984962399,0.5369261477045908,circular_shift_exact_mask_geometry
5,L5,Walking recall,fold02,158,-9.116541353383454,-8.787593984962399,0.5369261477045908,circular_shift_exact_mask_geometry
5,L5,Walking recall,fold02,159,-8.129699248120303,-8.787593984962399,0.5369261477045908,circular_shift_exact_mask_geometry
5,L5,Walking recall,fold02,160,-8.787593984962399,-8.787593984962399,0.5369261477045908,circular_shift_exact_mask_geometry
5,L5,Walking recall,fold02,161,-9.774436090225564,-8.787593984962399,0.5369261477045908,circular_shift_exact_mask_geometry
5,L5,Walking recall,fold02,162,-8.458646616541358,-8.787593984962399,0.5369261477045908,circular_shift_exact_mask_geometry
5,L5,Walking recall,fold02,163,-8.787593984962399,-8.787593984962399,0.5369261477045908,circular_shift_exact_mask_geometry
5,L5,Walking recall,fold02,164,-9.445488721804509,-8.787593984962399,0.5369261477045908,circular_shift_exact_mask_geometry
5,L5,Walking recall,fold02,165,-8.458646616541358,-8.787593984962399,0.5369261477045908,circular_shift_exact_mask_geometry
5,L5,Walking recall,fold02,166,-9.445488721804509,-8.787593984962399,0.5369261477045908,circular_shift_exact_mask_geometry
5,L5,Walking recall,fold02,167,-7.8007518796992485,-8.787593984962399,0.5369261477045908,circular_shift_exact_mask_geometry
5,L5,Walking recall,fold02,168,-9.445488721804509,-8.787593984962399,0.5369261477045908,circular_shift_exact_mask_geometry
5,L5,Walking recall,fold02,169,-9.116541353383454,-8.787593984962399,0.5369261477045908,circular_shift_exact_mask_geometry
5,L5,Walking recall,fold02,170,-8.458646616541358,-8.787593984962399,0.5369261477045908,circular_shift_exact_mask_geometry
5,L5,Walking recall,fold02,171,-8.129699248120303,-8.787593984962399,0.5369261477045908,circular_shift_exact_mask_geometry
5,L5,Walking recall,fold02,172,-8.787593984962399,-8.787593984962399,0.5369261477045908,circular_shift_exact_mask_geometry
5,L5,Walking recall,fold02,173,-7.8007518796992485,-8.787593984962399,0.5369261477045908,circular_shift_exact_mask_geometry
5,L5,Walking recall,fold02,174,-7.8007518796992485,-8.787593984962399,0.5369261477045908,circular_shift_exact_mask_geometry
5,L5,Walking recall,fold02,175,-8.458646616541358,-8.787593984962399,0.5369261477045908,circular_shift_exact_mask_geometry
5,L5,Walking recall,fold02,176,-8.458646616541358,-8.787593984962399,0.5369261477045908,circular_shift_exact_mask_geometry
5,L5,Walking recall,fold02,177,-7.8007518796992485,-8.787593984962399,0.5369261477045908,circular_shift_exact_mask_geometry
5,L5,Walking recall,fold02,178,-9.116541353383454,-8.787593984962399,0.5369261477045908,circular_shift_exact_mask_geometry
5,L5,Walking recall,fold02,179,-9.116541353383454,-8.787593984962399,0.5369261477045908,circular_shift_exact_mask_geometry
5,L5,Walking recall,fold02,180,-8.787593984962399,-8.787593984962399,0.5369261477045908,circular_shift_exact_mask_geometry
5,L5,Walking recall,fold02,181,-7.8007518796992485,-8.787593984962399,0.5369261477045908,circular_shift_exact_mask_geometry
5,L5,Walking recall,fold02,182,-8.787593984962399,-8.787593984962399,0.5369261477045908,circular_shift_exact_mask_geometry
5,L5,Walking recall,fold02,183,-8.458646616541358,-8.787593984962399,0.5369261477045908,circular_shift_exact_mask_geometry
5,L5,Walking recall,fold02,184,-9.445488721804509,-8.787593984962399,0.5369261477045908,circular_shift_exact_mask_geometry
5,L5,Walking recall,fold02,185,-8.458646616541358,-8.787593984962399,0.5369261477045908,circular_shift_exact_mask_geometry
5,L5,Walking recall,fold02,186,-9.116541353383454,-8.787593984962399,0.5369261477045908,circular_shift_exact_mask_geometry
5,L5,Walking recall,fold02,187,-8.787593984962399,-8.787593984962399,0.5369261477045908,circular_shift_exact_mask_geometry
5,L5,Walking recall,fold02,188,-8.787593984962399,-8.787593984962399,0.5369261477045908,circular_shift_exact_mask_geometry
5,L5,Walking recall,fold02,189,-8.129699248120303,-8.787593984962399,0.5369261477045908,circular_shift_exact_mask_geometry
5,L5,Walking recall,fold02,190,-8.458646616541358,-8.787593984962399,0.5369261477045908,circular_shift_exact_mask_geometry
5,L5,Walking recall,fold02,191,-9.116541353383454,-8.787593984962399,0.5369261477045908,circular_shift_exact_mask_geometry
5,L5,Walking recall,fold02,192,-8.787593984962399,-8.787593984962399,0.5369261477045908,circular_shift_exact_mask_geometry
5,L5,Walking recall,fold02,193,-8.787593984962399,-8.787593984962399,0.5369261477045908,circular_shift_exact_mask_geometry
5,L5,Walking recall,fold02,194,-9.116541353383454,-8.787593984962399,0.5369261477045908,circular_shift_exact_mask_geometry
5,L5,Walking recall,fold02,195,-8.787593984962399,-8.787593984962399,0.5369261477045908,circular_shift_exact_mask_geometry
5,L5,Walking recall,fold02,196,-8.458646616541358,-8.787593984962399,0.5369261477045908,circular_shift_exact_mask_geometry
5,L5,Walking recall,fold02,197,-8.458646616541358,-8.787593984962399,0.5369261477045908,circular_shift_exact_mask_geometry
5,L5,Walking recall,fold02,198,-8.129699248120303,-8.787593984962399,0.5369261477045908,circular_shift_exact_mask_geometry
5,L5,Walking recall,fold02,199,-8.458646616541358,-8.787593984962399,0.5369261477045908,circular_shift_exact_mask_geometry
5,L5,Walking recall,fold02,200,-7.8007518796992485,-8.787593984962399,0.5369261477045908,circular_shift_exact_mask_geometry
5,L5,Walking recall,fold02,201,-8.458646616541358,-8.787593984962399,0.5369261477045908,circular_shift_exact_mask_geometry
5,L5,Walking recall,fold02,202,-8.129699248120303,-8.787593984962399,0.5369261477045908,circular_shift_exact_mask_geometry
5,L5,Walking recall,fold02,203,-8.129699248120303,-8.787593984962399,0.5369261477045908,circular_shift_exact_mask_geometry
5,L5,Walking recall,fold02,204,-8.787593984962399,-8.787593984962399,0.5369261477045908,circular_shift_exact_mask_geometry
5,L5,Walking recall,fold02,205,-9.116541353383454,-8.787593984962399,0.5369261477045908,circular_shift_exact_mask_geometry
5,L5,Walking recall,fold02,206,-9.116541353383454,-8.787593984962399,0.5369261477045908,circular_shift_exact_mask_geometry
5,L5,Walking recall,fold02,207,-8.787593984962399,-8.787593984962399,0.5369261477045908,circular_shift_exact_mask_geometry
5,L5,Walking recall,fold02,208,-8.129699248120303,-8.787593984962399,0.5369261477045908,circular_shift_exact_mask_geometry
5,L5,Walking recall,fold02,209,-9.116541353383454,-8.787593984962399,0.5369261477045908,circular_shift_exact_mask_geometry
5,L5,Walking recall,fold02,210,-9.116541353383454,-8.787593984962399,0.5369261477045908,circular_shift_exact_mask_geometry
5,L5,Walking recall,fold02,211,-8.787593984962399,-8.787593984962399,0.5369261477045908,circular_shift_exact_mask_geometry
5,L5,Walking recall,fold02,212,-9.116541353383454,-8.787593984962399,0.5369261477045908,circular_shift_exact_mask_geometry
5,L5,Walking recall,fold02,213,-8.787593984962399,-8.787593984962399,0.5369261477045908,circular_shift_exact_mask_geometry
5,L5,Walking recall,fold02,214,-8.458646616541358,-8.787593984962399,0.5369261477045908,circular_shift_exact_mask_geometry
5,L5,Walking recall,fold02,215,-8.458646616541358,-8.787593984962399,0.5369261477045908,circular_shift_exact_mask_geometry
5,L5,Walking recall,fold02,216,-8.458646616541358,-8.787593984962399,0.5369261477045908,circular_shift_exact_mask_geometry
5,L5,Walking recall,fold02,217,-8.787593984962399,-8.787593984962399,0.5369261477045908,circular_shift_exact_mask_geometry
5,L5,Walking recall,fold02,218,-9.445488721804509,-8.787593984962399,0.5369261477045908,circular_shift_exact_mask_geometry
5,L5,Walking recall,fold02,219,-9.445488721804509,-8.787593984962399,0.5369261477045908,circular_shift_exact_mask_geometry
5,L5,Walking recall,fold02,220,-8.129699248120303,-8.787593984962399,0.5369261477045908,circular_shift_exact_mask_geometry
5,L5,Walking recall,fold02,221,-8.458646616541358,-8.787593984962399,0.5369261477045908,circular_shift_exact_mask_geometry
5,L5,Walking recall,fold02,222,-8.787593984962399,-8.787593984962399,0.5369261477045908,circular_shift_exact_mask_geometry
5,L5,Walking recall,fold02,223,-8.787593984962399,-8.787593984962399,0.5369261477045908,circular_shift_exact_mask_geometry
5,L5,Walking recall,fold02,224,-8.458646616541358,-8.787593984962399,0.5369261477045908,circular_shift_exact_mask_geometry
5,L5,Walking recall,fold02,225,-8.458646616541358,-8.787593984962399,0.5369261477045908,circular_shift_exact_mask_geometry
5,L5,Walking recall,fold02,226,-8.129699248120303,-8.787593984962399,0.5369261477045908,circular_shift_exact_mask_geometry
5,L5,Walking recall,fold02,227,-8.787593984962399,-8.787593984962399,0.5369261477045908,circular_shift_exact_mask_geometry
5,L5,Walking recall,fold02,228,-9.445488721804509,-8.787593984962399,0.5369261477045908,circular_shift_exact_mask_geometry
5,L5,Walking recall,fold02,229,-8.458646616541358,-8.787593984962399,0.5369261477045908,circular_shift_exact_mask_geometry
5,L5,Walking recall,fold02,230,-7.8007518796992485,-8.787593984962399,0.5369261477045908,circular_shift_exact_mask_geometry
5,L5,Walking recall,fold02,231,-8.458646616541358,-8.787593984962399,0.5369261477045908,circular_shift_exact_mask_geometry
5,L5,Walking recall,fold02,232,-8.129699248120303,-8.787593984962399,0.5369261477045908,circular_shift_exact_mask_geometry
5,L5,Walking recall,fold02,233,-8.458646616541358,-8.787593984962399,0.5369261477045908,circular_shift_exact_mask_geometry
5,L5,Walking recall,fold02,234,-8.129699248120303,-8.787593984962399,0.5369261477045908,circular_shift_exact_mask_geometry
5,L5,Walking recall,fold02,235,-9.116541353383454,-8.787593984962399,0.5369261477045908,circular_shift_exact_mask_geometry
5,L5,Walking recall,fold02,236,-9.116541353383454,-8.787593984962399,0.5369261477045908,circular_shift_exact_mask_geometry
5,L5,Walking recall,fold02,237,-8.787593984962399,-8.787593984962399,0.5369261477045908,circular_shift_exact_mask_geometry
5,L5,Walking recall,fold02,238,-8.458646616541358,-8.787593984962399,0.5369261477045908,circular_shift_exact_mask_geometry
5,L5,Walking recall,fold02,239,-8.787593984962399,-8.787593984962399,0.5369261477045908,circular_shift_exact_mask_geometry
5,L5,Walking recall,fold02,240,-7.8007518796992485,-8.787593984962399,0.5369261477045908,circular_shift_exact_mask_geometry
5,L5,Walking recall,fold02,241,-8.787593984962399,-8.787593984962399,0.5369261477045908,circular_shift_exact_mask_geometry
5,L5,Walking recall,fold02,242,-8.458646616541358,-8.787593984962399,0.5369261477045908,circular_shift_exact_mask_geometry
5,L5,Walking recall,fold02,243,-8.787593984962399,-8.787593984962399,0.5369261477045908,circular_shift_exact_mask_geometry
5,L5,Walking recall,fold02,244,-8.129699248120303,-8.787593984962399,0.5369261477045908,circular_shift_exact_mask_geometry
5,L5,Walking recall,fold02,245,-8.787593984962399,-8.787593984962399,0.5369261477045908,circular_shift_exact_mask_geometry
5,L5,Walking recall,fold02,246,-8.787593984962399,-8.787593984962399,0.5369261477045908,circular_shift_exact_mask_geometry
5,L5,Walking recall,fold02,247,-9.116541353383454,-8.787593984962399,0.5369261477045908,circular_shift_exact_mask_geometry
5,L5,Walking recall,fold02,248,-8.129699248120303,-8.787593984962399,0.5369261477045908,circular_shift_exact_mask_geometry
5,L5,Walking recall,fold02,249,-8.129699248120303,-8.787593984962399,0.5369261477045908,circular_shift_exact_mask_geometry
5,L5,Walking recall,fold02,250,-8.458646616541358,-8.787593984962399,0.5369261477045908,circular_shift_exact_mask_geometry
5,L5,Walking recall,fold02,251,-9.116541353383454,-8.787593984962399,0.5369261477045908,circular_shift_exact_mask_geometry
5,L5,Walking recall,fold02,252,-8.458646616541358,-8.787593984962399,0.5369261477045908,circular_shift_exact_mask_geometry
5,L5,Walking recall,fold02,253,-9.116541353383454,-8.787593984962399,0.5369261477045908,circular_shift_exact_mask_geometry
5,L5,Walking recall,fold02,254,-8.458646616541358,-8.787593984962399,0.5369261477045908,circular_shift_exact_mask_geometry
5,L5,Walking recall,fold02,255,-9.774436090225564,-8.787593984962399,0.5369261477045908,circular_shift_exact_mask_geometry
5,L5,Walking recall,fold02,256,-8.129699248120303,-8.787593984962399,0.5369261477045908,circular_shift_exact_mask_geometry
5,L5,Walking recall,fold02,257,-9.116541353383454,-8.787593984962399,0.5369261477045908,circular_shift_exact_mask_geometry
5,L5,Walking recall,fold02,258,-8.458646616541358,-8.787593984962399,0.5369261477045908,circular_shift_exact_mask_geometry
5,L5,Walking recall,fold02,259,-8.787593984962399,-8.787593984962399,0.5369261477045908,circular_shift_exact_mask_geometry
5,L5,Walking recall,fold02,260,-8.787593984962399,-8.787593984962399,0.5369261477045908,circular_shift_exact_mask_geometry
5,L5,Walking recall,fold02,261,-9.116541353383454,-8.787593984962399,0.5369261477045908,circular_shift_exact_mask_geometry
5,L5,Walking recall,fold02,262,-8.458646616541358,-8.787593984962399,0.5369261477045908,circular_shift_exact_mask_geometry
5,L5,Walking recall,fold02,263,-9.445488721804509,-8.787593984962399,0.5369261477045908,circular_shift_exact_mask_geometry
5,L5,Walking recall,fold02,264,-9.116541353383454,-8.787593984962399,0.5369261477045908,circular_shift_exact_mask_geometry
5,L5,Walking recall,fold02,265,-7.471804511278194,-8.787593984962399,0.5369261477045908,circular_shift_exact_mask_geometry
5,L5,Walking recall,fold02,266,-9.774436090225564,-8.787593984962399,0.5369261477045908,circular_shift_exact_mask_geometry
5,L5,Walking recall,fold02,267,-8.129699248120303,-8.787593984962399,0.5369261477045908,circular_shift_exact_mask_geometry
5,L5,Walking recall,fold02,268,-8.458646616541358,-8.787593984962399,0.5369261477045908,circular_shift_exact_mask_geometry
5,L5,Walking recall,fold02,269,-9.116541353383454,-8.787593984962399,0.5369261477045908,circular_shift_exact_mask_geometry
5,L5,Walking recall,fold02,270,-9.116541353383454,-8.787593984962399,0.5369261477045908,circular_shift_exact_mask_geometry
5,L5,Walking recall,fold02,271,-8.787593984962399,-8.787593984962399,0.5369261477045908,circular_shift_exact_mask_geometry
5,L5,Walking recall,fold02,272,-8.787593984962399,-8.787593984962399,0.5369261477045908,circular_shift_exact_mask_geometry
5,L5,Walking recall,fold02,273,-8.787593984962399,-8.787593984962399,0.5369261477045908,circular_shift_exact_mask_geometry
5,L5,Walking recall,fold02,274,-8.129699248120303,-8.787593984962399,0.5369261477045908,circular_shift_exact_mask_geometry
5,L5,Walking recall,fold02,275,-8.787593984962399,-8.787593984962399,0.5369261477045908,circular_shift_exact_mask_geometry
5,L5,Walking recall,fold02,276,-9.116541353383454,-8.787593984962399,0.5369261477045908,circular_shift_exact_mask_geometry
5,L5,Walking recall,fold02,277,-9.116541353383454,-8.787593984962399,0.5369261477045908,circular_shift_exact_mask_geometry
5,L5,Walking recall,fold02,278,-8.458646616541358,-8.787593984962399,0.5369261477045908,circular_shift_exact_mask_geometry
5,L5,Walking recall,fold02,279,-9.116541353383454,-8.787593984962399,0.5369261477045908,circular_shift_exact_mask_geometry
5,L5,Walking recall,fold02,280,-9.116541353383454,-8.787593984962399,0.5369261477045908,circular_shift_exact_mask_geometry
5,L5,Walking recall,fold02,281,-8.458646616541358,-8.787593984962399,0.5369261477045908,circular_shift_exact_mask_geometry
5,L5,Walking recall,fold02,282,-9.445488721804509,-8.787593984962399,0.5369261477045908,circular_shift_exact_mask_geometry
5,L5,Walking recall,fold02,283,-8.458646616541358,-8.787593984962399,0.5369261477045908,circular_shift_exact_mask_geometry
5,L5,Walking recall,fold02,284,-8.458646616541358,-8.787593984962399,0.5369261477045908,circular_shift_exact_mask_geometry
5,L5,Walking recall,fold02,285,-9.116541353383454,-8.787593984962399,0.5369261477045908,circular_shift_exact_mask_geometry
5,L5,Walking recall,fold02,286,-8.458646616541358,-8.787593984962399,0.5369261477045908,circular_shift_exact_mask_geometry
5,L5,Walking recall,fold02,287,-9.774436090225564,-8.787593984962399,0.5369261477045908,circular_shift_exact_mask_geometry
5,L5,Walking recall,fold02,288,-8.129699248120303,-8.787593984962399,0.5369261477045908,circular_shift_exact_mask_geometry
5,L5,Walking recall,fold02,289,-7.8007518796992485,-8.787593984962399,0.5369261477045908,circular_shift_exact_mask_geometry
5,L5,Walking recall,fold02,290,-8.458646616541358,-8.787593984962399,0.5369261477045908,circular_shift_exact_mask_geometry
5,L5,Walking recall,fold02,291,-8.458646616541358,-8.787593984962399,0.5369261477045908,circular_shift_exact_mask_geometry
5,L5,Walking recall,fold02,292,-9.116541353383454,-8.787593984962399,0.5369261477045908,circular_shift_exact_mask_geometry
5,L5,Walking recall,fold02,293,-8.458646616541358,-8.787593984962399,0.5369261477045908,circular_shift_exact_mask_geometry
5,L5,Walking recall,fold02,294,-10.103383458646618,-8.787593984962399,0.5369261477045908,circular_shift_exact_mask_geometry
5,L5,Walking recall,fold02,295,-9.116541353383454,-8.787593984962399,0.5369261477045908,circular_shift_exact_mask_geometry
5,L5,Walking recall,fold02,296,-9.116541353383454,-8.787593984962399,0.5369261477045908,circular_shift_exact_mask_geometry
5,L5,Walking recall,fold02,297,-8.458646616541358,-8.787593984962399,0.5369261477045908,circular_shift_exact_mask_geometry
5,L5,Walking recall,fold02,298,-9.445488721804509,-8.787593984962399,0.5369261477045908,circular_shift_exact_mask_geometry
5,L5,Walking recall,fold02,299,-8.787593984962399,-8.787593984962399,0.5369261477045908,circular_shift_exact_mask_geometry
5,L5,Walking recall,fold02,300,-8.458646616541358,-8.787593984962399,0.5369261477045908,circular_shift_exact_mask_geometry
5,L5,Walking recall,fold02,301,-9.116541353383454,-8.787593984962399,0.5369261477045908,circular_shift_exact_mask_geometry
5,L5,Walking recall,fold02,302,-9.445488721804509,-8.787593984962399,0.5369261477045908,circular_shift_exact_mask_geometry
5,L5,Walking recall,fold02,303,-8.458646616541358,-8.787593984962399,0.5369261477045908,circular_shift_exact_mask_geometry
5,L5,Walking recall,fold02,304,-8.458646616541358,-8.787593984962399,0.5369261477045908,circular_shift_exact_mask_geometry
5,L5,Walking recall,fold02,305,-8.787593984962399,-8.787593984962399,0.5369261477045908,circular_shift_exact_mask_geometry
5,L5,Walking recall,fold02,306,-8.129699248120303,-8.787593984962399,0.5369261477045908,circular_shift_exact_mask_geometry
5,L5,Walking recall,fold02,307,-8.129699248120303,-8.787593984962399,0.5369261477045908,circular_shift_exact_mask_geometry
5,L5,Walking recall,fold02,308,-8.458646616541358,-8.787593984962399,0.5369261477045908,circular_shift_exact_mask_geometry
5,L5,Walking recall,fold02,309,-8.129699248120303,-8.787593984962399,0.5369261477045908,circular_shift_exact_mask_geometry
5,L5,Walking recall,fold02,310,-8.787593984962399,-8.787593984962399,0.5369261477045908,circular_shift_exact_mask_geometry
5,L5,Walking recall,fold02,311,-9.445488721804509,-8.787593984962399,0.5369261477045908,circular_shift_exact_mask_geometry
5,L5,Walking recall,fold02,312,-8.129699248120303,-8.787593984962399,0.5369261477045908,circular_shift_exact_mask_geometry
5,L5,Walking recall,fold02,313,-8.787593984962399,-8.787593984962399,0.5369261477045908,circular_shift_exact_mask_geometry
5,L5,Walking recall,fold02,314,-8.787593984962399,-8.787593984962399,0.5369261477045908,circular_shift_exact_mask_geometry
5,L5,Walking recall,fold02,315,-8.787593984962399,-8.787593984962399,0.5369261477045908,circular_shift_exact_mask_geometry
5,L5,Walking recall,fold02,316,-8.458646616541358,-8.787593984962399,0.5369261477045908,circular_shift_exact_mask_geometry
5,L5,Walking recall,fold02,317,-9.445488721804509,-8.787593984962399,0.5369261477045908,circular_shift_exact_mask_geometry
5,L5,Walking recall,fold02,318,-9.116541353383454,-8.787593984962399,0.5369261477045908,circular_shift_exact_mask_geometry
5,L5,Walking recall,fold02,319,-8.787593984962399,-8.787593984962399,0.5369261477045908,circular_shift_exact_mask_geometry
5,L5,Walking recall,fold02,320,-8.458646616541358,-8.787593984962399,0.5369261477045908,circular_shift_exact_mask_geometry
5,L5,Walking recall,fold02,321,-9.116541353383454,-8.787593984962399,0.5369261477045908,circular_shift_exact_mask_geometry
5,L5,Walking recall,fold02,322,-9.116541353383454,-8.787593984962399,0.5369261477045908,circular_shift_exact_mask_geometry
5,L5,Walking recall,fold02,323,-9.116541353383454,-8.787593984962399,0.5369261477045908,circular_shift_exact_mask_geometry
5,L5,Walking recall,fold02,324,-7.8007518796992485,-8.787593984962399,0.5369261477045908,circular_shift_exact_mask_geometry
5,L5,Walking recall,fold02,325,-8.787593984962399,-8.787593984962399,0.5369261477045908,circular_shift_exact_mask_geometry
5,L5,Walking recall,fold02,326,-8.129699248120303,-8.787593984962399,0.5369261477045908,circular_shift_exact_mask_geometry
5,L5,Walking recall,fold02,327,-8.458646616541358,-8.787593984962399,0.5369261477045908,circular_shift_exact_mask_geometry
5,L5,Walking recall,fold02,328,-9.116541353383454,-8.787593984962399,0.5369261477045908,circular_shift_exact_mask_geometry
5,L5,Walking recall,fold02,329,-8.458646616541358,-8.787593984962399,0.5369261477045908,circular_shift_exact_mask_geometry
5,L5,Walking recall,fold02,330,-8.129699248120303,-8.787593984962399,0.5369261477045908,circular_shift_exact_mask_geometry
5,L5,Walking recall,fold02,331,-8.458646616541358,-8.787593984962399,0.5369261477045908,circular_shift_exact_mask_geometry
5,L5,Walking recall,fold02,332,-8.787593984962399,-8.787593984962399,0.5369261477045908,circular_shift_exact_mask_geometry
5,L5,Walking recall,fold02,333,-9.116541353383454,-8.787593984962399,0.5369261477045908,circular_shift_exact_mask_geometry
5,L5,Walking recall,fold02,334,-8.787593984962399,-8.787593984962399,0.5369261477045908,circular_shift_exact_mask_geometry
5,L5,Walking recall,fold02,335,-7.8007518796992485,-8.787593984962399,0.5369261477045908,circular_shift_exact_mask_geometry
5,L5,Walking recall,fold02,336,-9.445488721804509,-8.787593984962399,0.5369261477045908,circular_shift_exact_mask_geometry
5,L5,Walking recall,fold02,337,-8.458646616541358,-8.787593984962399,0.5369261477045908,circular_shift_exact_mask_geometry
5,L5,Walking recall,fold02,338,-8.458646616541358,-8.787593984962399,0.5369261477045908,circular_shift_exact_mask_geometry
5,L5,Walking recall,fold02,339,-8.787593984962399,-8.787593984962399,0.5369261477045908,circular_shift_exact_mask_geometry
5,L5,Walking recall,fold02,340,-9.116541353383454,-8.787593984962399,0.5369261477045908,circular_shift_exact_mask_geometry
5,L5,Walking recall,fold02,341,-9.116541353383454,-8.787593984962399,0.5369261477045908,circular_shift_exact_mask_geometry
5,L5,Walking recall,fold02,342,-8.129699248120303,-8.787593984962399,0.5369261477045908,circular_shift_exact_mask_geometry
5,L5,Walking recall,fold02,343,-7.471804511278194,-8.787593984962399,0.5369261477045908,circular_shift_exact_mask_geometry
5,L5,Walking recall,fold02,344,-8.129699248120303,-8.787593984962399,0.5369261477045908,circular_shift_exact_mask_geometry
5,L5,Walking recall,fold02,345,-8.787593984962399,-8.787593984962399,0.5369261477045908,circular_shift_exact_mask_geometry
5,L5,Walking recall,fold02,346,-9.774436090225564,-8.787593984962399,0.5369261477045908,circular_shift_exact_mask_geometry
5,L5,Walking recall,fold02,347,-8.458646616541358,-8.787593984962399,0.5369261477045908,circular_shift_exact_mask_geometry
5,L5,Walking recall,fold02,348,-8.787593984962399,-8.787593984962399,0.5369261477045908,circular_shift_exact_mask_geometry
5,L5,Walking recall,fold02,349,-8.129699248120303,-8.787593984962399,0.5369261477045908,circular_shift_exact_mask_geometry
5,L5,Walking recall,fold02,350,-8.458646616541358,-8.787593984962399,0.5369261477045908,circular_shift_exact_mask_geometry
5,L5,Walking recall,fold02,351,-9.445488721804509,-8.787593984962399,0.5369261477045908,circular_shift_exact_mask_geometry
5,L5,Walking recall,fold02,352,-9.116541353383454,-8.787593984962399,0.5369261477045908,circular_shift_exact_mask_geometry
5,L5,Walking recall,fold02,353,-9.116541353383454,-8.787593984962399,0.5369261477045908,circular_shift_exact_mask_geometry
5,L5,Walking recall,fold02,354,-8.458646616541358,-8.787593984962399,0.5369261477045908,circular_shift_exact_mask_geometry
5,L5,Walking recall,fold02,355,-8.787593984962399,-8.787593984962399,0.5369261477045908,circular_shift_exact_mask_geometry
5,L5,Walking recall,fold02,356,-8.458646616541358,-8.787593984962399,0.5369261477045908,circular_shift_exact_mask_geometry
5,L5,Walking recall,fold02,357,-8.787593984962399,-8.787593984962399,0.5369261477045908,circular_shift_exact_mask_geometry
5,L5,Walking recall,fold02,358,-7.8007518796992485,-8.787593984962399,0.5369261477045908,circular_shift_exact_mask_geometry
5,L5,Walking recall,fold02,359,-9.116541353383454,-8.787593984962399,0.5369261477045908,circular_shift_exact_mask_geometry
5,L5,Walking recall,fold02,360,-9.116541353383454,-8.787593984962399,0.5369261477045908,circular_shift_exact_mask_geometry
5,L5,Walking recall,fold02,361,-7.471804511278194,-8.787593984962399,0.5369261477045908,circular_shift_exact_mask_geometry
5,L5,Walking recall,fold02,362,-10.432330827067673,-8.787593984962399,0.5369261477045908,circular_shift_exact_mask_geometry
5,L5,Walking recall,fold02,363,-8.458646616541358,-8.787593984962399,0.5369261477045908,circular_shift_exact_mask_geometry
5,L5,Walking recall,fold02,364,-8.787593984962399,-8.787593984962399,0.5369261477045908,circular_shift_exact_mask_geometry
5,L5,Walking recall,fold02,365,-9.445488721804509,-8.787593984962399,0.5369261477045908,circular_shift_exact_mask_geometry
5,L5,Walking recall,fold02,366,-8.787593984962399,-8.787593984962399,0.5369261477045908,circular_shift_exact_mask_geometry
5,L5,Walking recall,fold02,367,-8.458646616541358,-8.787593984962399,0.5369261477045908,circular_shift_exact_mask_geometry
5,L5,Walking recall,fold02,368,-8.787593984962399,-8.787593984962399,0.5369261477045908,circular_shift_exact_mask_geometry
5,L5,Walking recall,fold02,369,-8.787593984962399,-8.787593984962399,0.5369261477045908,circular_shift_exact_mask_geometry
5,L5,Walking recall,fold02,370,-8.458646616541358,-8.787593984962399,0.5369261477045908,circular_shift_exact_mask_geometry
5,L5,Walking recall,fold02,371,-8.129699248120303,-8.787593984962399,0.5369261477045908,circular_shift_exact_mask_geometry
5,L5,Walking recall,fold02,372,-8.458646616541358,-8.787593984962399,0.5369261477045908,circular_shift_exact_mask_geometry
5,L5,Walking recall,fold02,373,-8.458646616541358,-8.787593984962399,0.5369261477045908,circular_shift_exact_mask_geometry
5,L5,Walking recall,fold02,374,-8.787593984962399,-8.787593984962399,0.5369261477045908,circular_shift_exact_mask_geometry
5,L5,Walking recall,fold02,375,-8.129699248120303,-8.787593984962399,0.5369261477045908,circular_shift_exact_mask_geometry
5,L5,Walking recall,fold02,376,-8.787593984962399,-8.787593984962399,0.5369261477045908,circular_shift_exact_mask_geometry
5,L5,Walking recall,fold02,377,-8.787593984962399,-8.787593984962399,0.5369261477045908,circular_shift_exact_mask_geometry
5,L5,Walking recall,fold02,378,-9.445488721804509,-8.787593984962399,0.5369261477045908,circular_shift_exact_mask_geometry
5,L5,Walking recall,fold02,379,-8.129699248120303,-8.787593984962399,0.5369261477045908,circular_shift_exact_mask_geometry
5,L5,Walking recall,fold02,380,-8.458646616541358,-8.787593984962399,0.5369261477045908,circular_shift_exact_mask_geometry
5,L5,Walking recall,fold02,381,-7.8007518796992485,-8.787593984962399,0.5369261477045908,circular_shift_exact_mask_geometry
5,L5,Walking recall,fold02,382,-9.445488721804509,-8.787593984962399,0.5369261477045908,circular_shift_exact_mask_geometry
5,L5,Walking recall,fold02,383,-9.116541353383454,-8.787593984962399,0.5369261477045908,circular_shift_exact_mask_geometry
5,L5,Walking recall,fold02,384,-8.787593984962399,-8.787593984962399,0.5369261477045908,circular_shift_exact_mask_geometry
5,L5,Walking recall,fold02,385,-8.458646616541358,-8.787593984962399,0.5369261477045908,circular_shift_exact_mask_geometry
5,L5,Walking recall,fold02,386,-8.458646616541358,-8.787593984962399,0.5369261477045908,circular_shift_exact_mask_geometry
5,L5,Walking recall,fold02,387,-8.787593984962399,-8.787593984962399,0.5369261477045908,circular_shift_exact_mask_geometry
5,L5,Walking recall,fold02,388,-8.787593984962399,-8.787593984962399,0.5369261477045908,circular_shift_exact_mask_geometry
5,L5,Walking recall,fold02,389,-8.458646616541358,-8.787593984962399,0.5369261477045908,circular_shift_exact_mask_geometry
5,L5,Walking recall,fold02,390,-9.116541353383454,-8.787593984962399,0.5369261477045908,circular_shift_exact_mask_geometry
5,L5,Walking recall,fold02,391,-8.129699248120303,-8.787593984962399,0.5369261477045908,circular_shift_exact_mask_geometry
5,L5,Walking recall,fold02,392,-9.116541353383454,-8.787593984962399,0.5369261477045908,circular_shift_exact_mask_geometry
5,L5,Walking recall,fold02,393,-8.129699248120303,-8.787593984962399,0.5369261477045908,circular_shift_exact_mask_geometry
5,L5,Walking recall,fold02,394,-8.787593984962399,-8.787593984962399,0.5369261477045908,circular_shift_exact_mask_geometry
5,L5,Walking recall,fold02,395,-7.8007518796992485,-8.787593984962399,0.5369261477045908,circular_shift_exact_mask_geometry
5,L5,Walking recall,fold02,396,-9.116541353383454,-8.787593984962399,0.5369261477045908,circular_shift_exact_mask_geometry
5,L5,Walking recall,fold02,397,-8.787593984962399,-8.787593984962399,0.5369261477045908,circular_shift_exact_mask_geometry
5,L5,Walking recall,fold02,398,-9.445488721804509,-8.787593984962399,0.5369261477045908,circular_shift_exact_mask_geometry
5,L5,Walking recall,fold02,399,-9.445488721804509,-8.787593984962399,0.5369261477045908,circular_shift_exact_mask_geometry
5,L5,Walking recall,fold02,400,-8.129699248120303,-8.787593984962399,0.5369261477045908,circular_shift_exact_mask_geometry
5,L5,Walking recall,fold02,401,-8.129699248120303,-8.787593984962399,0.5369261477045908,circular_shift_exact_mask_geometry
5,L5,Walking recall,fold02,402,-8.458646616541358,-8.787593984962399,0.5369261477045908,circular_shift_exact_mask_geometry
5,L5,Walking recall,fold02,403,-8.129699248120303,-8.787593984962399,0.5369261477045908,circular_shift_exact_mask_geometry
5,L5,Walking recall,fold02,404,-8.787593984962399,-8.787593984962399,0.5369261477045908,circular_shift_exact_mask_geometry
5,L5,Walking recall,fold02,405,-9.116541353383454,-8.787593984962399,0.5369261477045908,circular_shift_exact_mask_geometry
5,L5,Walking recall,fold02,406,-9.445488721804509,-8.787593984962399,0.5369261477045908,circular_shift_exact_mask_geometry
5,L5,Walking recall,fold02,407,-8.129699248120303,-8.787593984962399,0.5369261477045908,circular_shift_exact_mask_geometry
5,L5,Walking recall,fold02,408,-9.445488721804509,-8.787593984962399,0.5369261477045908,circular_shift_exact_mask_geometry
5,L5,Walking recall,fold02,409,-7.471804511278194,-8.787593984962399,0.5369261477045908,circular_shift_exact_mask_geometry
5,L5,Walking recall,fold02,410,-7.142857142857139,-8.787593984962399,0.5369261477045908,circular_shift_exact_mask_geometry
5,L5,Walking recall,fold02,411,-8.129699248120303,-8.787593984962399,0.5369261477045908,circular_shift_exact_mask_geometry
5,L5,Walking recall,fold02,412,-8.787593984962399,-8.787593984962399,0.5369261477045908,circular_shift_exact_mask_geometry
5,L5,Walking recall,fold02,413,-7.8007518796992485,-8.787593984962399,0.5369261477045908,circular_shift_exact_mask_geometry
5,L5,Walking recall,fold02,414,-9.116541353383454,-8.787593984962399,0.5369261477045908,circular_shift_exact_mask_geometry
5,L5,Walking recall,fold02,415,-8.129699248120303,-8.787593984962399,0.5369261477045908,circular_shift_exact_mask_geometry
5,L5,Walking recall,fold02,416,-9.774436090225564,-8.787593984962399,0.5369261477045908,circular_shift_exact_mask_geometry
5,L5,Walking recall,fold02,417,-8.129699248120303,-8.787593984962399,0.5369261477045908,circular_shift_exact_mask_geometry
5,L5,Walking recall,fold02,418,-8.129699248120303,-8.787593984962399,0.5369261477045908,circular_shift_exact_mask_geometry
5,L5,Walking recall,fold02,419,-8.787593984962399,-8.787593984962399,0.5369261477045908,circular_shift_exact_mask_geometry
5,L5,Walking recall,fold02,420,-8.129699248120303,-8.787593984962399,0.5369261477045908,circular_shift_exact_mask_geometry
5,L5,Walking recall,fold02,421,-8.129699248120303,-8.787593984962399,0.5369261477045908,circular_shift_exact_mask_geometry
5,L5,Walking recall,fold02,422,-9.116541353383454,-8.787593984962399,0.5369261477045908,circular_shift_exact_mask_geometry
5,L5,Walking recall,fold02,423,-7.8007518796992485,-8.787593984962399,0.5369261477045908,circular_shift_exact_mask_geometry
5,L5,Walking recall,fold02,424,-7.471804511278194,-8.787593984962399,0.5369261477045908,circular_shift_exact_mask_geometry
5,L5,Walking recall,fold02,425,-8.787593984962399,-8.787593984962399,0.5369261477045908,circular_shift_exact_mask_geometry
5,L5,Walking recall,fold02,426,-8.787593984962399,-8.787593984962399,0.5369261477045908,circular_shift_exact_mask_geometry
5,L5,Walking recall,fold02,427,-8.458646616541358,-8.787593984962399,0.5369261477045908,circular_shift_exact_mask_geometry
5,L5,Walking recall,fold02,428,-8.129699248120303,-8.787593984962399,0.5369261477045908,circular_shift_exact_mask_geometry
5,L5,Walking recall,fold02,429,-9.116541353383454,-8.787593984962399,0.5369261477045908,circular_shift_exact_mask_geometry
5,L5,Walking recall,fold02,430,-9.445488721804509,-8.787593984962399,0.5369261477045908,circular_shift_exact_mask_geometry
5,L5,Walking recall,fold02,431,-8.787593984962399,-8.787593984962399,0.5369261477045908,circular_shift_exact_mask_geometry
5,L5,Walking recall,fold02,432,-9.445488721804509,-8.787593984962399,0.5369261477045908,circular_shift_exact_mask_geometry
5,L5,Walking recall,fold02,433,-8.458646616541358,-8.787593984962399,0.5369261477045908,circular_shift_exact_mask_geometry
5,L5,Walking recall,fold02,434,-8.787593984962399,-8.787593984962399,0.5369261477045908,circular_shift_exact_mask_geometry
5,L5,Walking recall,fold02,435,-8.458646616541358,-8.787593984962399,0.5369261477045908,circular_shift_exact_mask_geometry
5,L5,Walking recall,fold02,436,-9.116541353383454,-8.787593984962399,0.5369261477045908,circular_shift_exact_mask_geometry
5,L5,Walking recall,fold02,437,-8.129699248120303,-8.787593984962399,0.5369261477045908,circular_shift_exact_mask_geometry
5,L5,Walking recall,fold02,438,-8.787593984962399,-8.787593984962399,0.5369261477045908,circular_shift_exact_mask_geometry
5,L5,Walking recall,fold02,439,-9.116541353383454,-8.787593984962399,0.5369261477045908,circular_shift_exact_mask_geometry
5,L5,Walking recall,fold02,440,-7.8007518796992485,-8.787593984962399,0.5369261477045908,circular_shift_exact_mask_geometry
5,L5,Walking recall,fold02,441,-9.116541353383454,-8.787593984962399,0.5369261477045908,circular_shift_exact_mask_geometry
5,L5,Walking recall,fold02,442,-9.116541353383454,-8.787593984962399,0.5369261477045908,circular_shift_exact_mask_geometry
5,L5,Walking recall,fold02,443,-8.787593984962399,-8.787593984962399,0.5369261477045908,circular_shift_exact_mask_geometry
5,L5,Walking recall,fold02,444,-8.787593984962399,-8.787593984962399,0.5369261477045908,circular_shift_exact_mask_geometry
5,L5,Walking recall,fold02,445,-8.129699248120303,-8.787593984962399,0.5369261477045908,circular_shift_exact_mask_geometry
5,L5,Walking recall,fold02,446,-8.458646616541358,-8.787593984962399,0.5369261477045908,circular_shift_exact_mask_geometry
5,L5,Walking recall,fold02,447,-8.787593984962399,-8.787593984962399,0.5369261477045908,circular_shift_exact_mask_geometry
5,L5,Walking recall,fold02,448,-10.103383458646618,-8.787593984962399,0.5369261477045908,circular_shift_exact_mask_geometry
5,L5,Walking recall,fold02,449,-8.787593984962399,-8.787593984962399,0.5369261477045908,circular_shift_exact_mask_geometry
5,L5,Walking recall,fold02,450,-8.129699248120303,-8.787593984962399,0.5369261477045908,circular_shift_exact_mask_geometry
5,L5,Walking recall,fold02,451,-8.787593984962399,-8.787593984962399,0.5369261477045908,circular_shift_exact_mask_geometry
5,L5,Walking recall,fold02,452,-8.129699248120303,-8.787593984962399,0.5369261477045908,circular_shift_exact_mask_geometry
5,L5,Walking recall,fold02,453,-8.458646616541358,-8.787593984962399,0.5369261477045908,circular_shift_exact_mask_geometry
5,L5,Walking recall,fold02,454,-9.116541353383454,-8.787593984962399,0.5369261477045908,circular_shift_exact_mask_geometry
5,L5,Walking recall,fold02,455,-8.787593984962399,-8.787593984962399,0.5369261477045908,circular_shift_exact_mask_geometry
5,L5,Walking recall,fold02,456,-8.787593984962399,-8.787593984962399,0.5369261477045908,circular_shift_exact_mask_geometry
5,L5,Walking recall,fold02,457,-8.787593984962399,-8.787593984962399,0.5369261477045908,circular_shift_exact_mask_geometry
5,L5,Walking recall,fold02,458,-8.458646616541358,-8.787593984962399,0.5369261477045908,circular_shift_exact_mask_geometry
5,L5,Walking recall,fold02,459,-8.458646616541358,-8.787593984962399,0.5369261477045908,circular_shift_exact_mask_geometry
5,L5,Walking recall,fold02,460,-8.458646616541358,-8.787593984962399,0.5369261477045908,circular_shift_exact_mask_geometry
5,L5,Walking recall,fold02,461,-7.8007518796992485,-8.787593984962399,0.5369261477045908,circular_shift_exact_mask_geometry
5,L5,Walking recall,fold02,462,-8.787593984962399,-8.787593984962399,0.5369261477045908,circular_shift_exact_mask_geometry
5,L5,Walking recall,fold02,463,-8.787593984962399,-8.787593984962399,0.5369261477045908,circular_shift_exact_mask_geometry
5,L5,Walking recall,fold02,464,-8.129699248120303,-8.787593984962399,0.5369261477045908,circular_shift_exact_mask_geometry
5,L5,Walking recall,fold02,465,-8.787593984962399,-8.787593984962399,0.5369261477045908,circular_shift_exact_mask_geometry
5,L5,Walking recall,fold02,466,-8.787593984962399,-8.787593984962399,0.5369261477045908,circular_shift_exact_mask_geometry
5,L5,Walking recall,fold02,467,-8.787593984962399,-8.787593984962399,0.5369261477045908,circular_shift_exact_mask_geometry
5,L5,Walking recall,fold02,468,-8.458646616541358,-8.787593984962399,0.5369261477045908,circular_shift_exact_mask_geometry
5,L5,Walking recall,fold02,469,-8.458646616541358,-8.787593984962399,0.5369261477045908,circular_shift_exact_mask_geometry
5,L5,Walking recall,fold02,470,-9.774436090225564,-8.787593984962399,0.5369261477045908,circular_shift_exact_mask_geometry
5,L5,Walking recall,fold02,471,-8.787593984962399,-8.787593984962399,0.5369261477045908,circular_shift_exact_mask_geometry
5,L5,Walking recall,fold02,472,-9.445488721804509,-8.787593984962399,0.5369261477045908,circular_shift_exact_mask_geometry
5,L5,Walking recall,fold02,473,-8.458646616541358,-8.787593984962399,0.5369261477045908,circular_shift_exact_mask_geometry
5,L5,Walking recall,fold02,474,-8.787593984962399,-8.787593984962399,0.5369261477045908,circular_shift_exact_mask_geometry
5,L5,Walking recall,fold02,475,-9.116541353383454,-8.787593984962399,0.5369261477045908,circular_shift_exact_mask_geometry
5,L5,Walking recall,fold02,476,-9.445488721804509,-8.787593984962399,0.5369261477045908,circular_shift_exact_mask_geometry
5,L5,Walking recall,fold02,477,-8.458646616541358,-8.787593984962399,0.5369261477045908,circular_shift_exact_mask_geometry
5,L5,Walking recall,fold02,478,-9.116541353383454,-8.787593984962399,0.5369261477045908,circular_shift_exact_mask_geometry
5,L5,Walking recall,fold02,479,-8.129699248120303,-8.787593984962399,0.5369261477045908,circular_shift_exact_mask_geometry
5,L5,Walking recall,fold02,480,-9.116541353383454,-8.787593984962399,0.5369261477045908,circular_shift_exact_mask_geometry
5,L5,Walking recall,fold02,481,-9.116541353383454,-8.787593984962399,0.5369261477045908,circular_shift_exact_mask_geometry
5,L5,Walking recall,fold02,482,-8.787593984962399,-8.787593984962399,0.5369261477045908,circular_shift_exact_mask_geometry
5,L5,Walking recall,fold02,483,-8.458646616541358,-8.787593984962399,0.5369261477045908,circular_shift_exact_mask_geometry
5,L5,Walking recall,fold02,484,-8.787593984962399,-8.787593984962399,0.5369261477045908,circular_shift_exact_mask_geometry
5,L5,Walking recall,fold02,485,-7.8007518796992485,-8.787593984962399,0.5369261477045908,circular_shift_exact_mask_geometry
5,L5,Walking recall,fold02,486,-8.787593984962399,-8.787593984962399,0.5369261477045908,circular_shift_exact_mask_geometry
5,L5,Walking recall,fold02,487,-9.116541353383454,-8.787593984962399,0.5369261477045908,circular_shift_exact_mask_geometry
5,L5,Walking recall,fold02,488,-8.458646616541358,-8.787593984962399,0.5369261477045908,circular_shift_exact_mask_geometry
5,L5,Walking recall,fold02,489,-8.458646616541358,-8.787593984962399,0.5369261477045908,circular_shift_exact_mask_geometry
5,L5,Walking recall,fold02,490,-8.787593984962399,-8.787593984962399,0.5369261477045908,circular_shift_exact_mask_geometry
5,L5,Walking recall,fold02,491,-9.116541353383454,-8.787593984962399,0.5369261477045908,circular_shift_exact_mask_geometry
5,L5,Walking recall,fold02,492,-8.787593984962399,-8.787593984962399,0.5369261477045908,circular_shift_exact_mask_geometry
5,L5,Walking recall,fold02,493,-7.8007518796992485,-8.787593984962399,0.5369261477045908,circular_shift_exact_mask_geometry
5,L5,Walking recall,fold02,494,-8.787593984962399,-8.787593984962399,0.5369261477045908,circular_shift_exact_mask_geometry
5,L5,Walking recall,fold02,495,-8.787593984962399,-8.787593984962399,0.5369261477045908,circular_shift_exact_mask_geometry
5,L5,Walking recall,fold02,496,-8.129699248120303,-8.787593984962399,0.5369261477045908,circular_shift_exact_mask_geometry
5,L5,Walking recall,fold02,497,-8.458646616541358,-8.787593984962399,0.5369261477045908,circular_shift_exact_mask_geometry
5,L5,Walking recall,fold02,498,-7.8007518796992485,-8.787593984962399,0.5369261477045908,circular_shift_exact_mask_geometry
5,L5,Walking recall,fold02,499,-8.787593984962399,-8.787593984962399,0.5369261477045908,circular_shift_exact_mask_geometry
5,L5,Walking recall,fold02,500,-8.787593984962399,-8.787593984962399,0.5369261477045908,circular_shift_exact_mask_geometry
2,L2,Stage-2 macro recall,fold03,1,-5.887314439946024,-4.242577597840764,0.8323353293413174,circular_shift_exact_mask_geometry
2,L2,Stage-2 macro recall,fold03,2,-4.900472334682874,-4.242577597840764,0.8323353293413174,circular_shift_exact_mask_geometry
2,L2,Stage-2 macro recall,fold03,3,-4.571524966261819,-4.242577597840764,0.8323353293413174,circular_shift_exact_mask_geometry
2,L2,Stage-2 macro recall,fold03,4,-5.229419703103915,-4.242577597840764,0.8323353293413174,circular_shift_exact_mask_geometry
2,L2,Stage-2 macro recall,fold03,5,-4.5883940620782795,-4.242577597840764,0.8323353293413174,circular_shift_exact_mask_geometry
2,L2,Stage-2 macro recall,fold03,6,-4.900472334682874,-4.242577597840764,0.8323353293413174,circular_shift_exact_mask_geometry
2,L2,Stage-2 macro recall,fold03,7,-4.900472334682874,-4.242577597840764,0.8323353293413174,circular_shift_exact_mask_geometry
2,L2,Stage-2 macro recall,fold03,8,-4.571524966261819,-4.242577597840764,0.8323353293413174,circular_shift_exact_mask_geometry
2,L2,Stage-2 macro recall,fold03,9,-4.242577597840764,-4.242577597840764,0.8323353293413174,circular_shift_exact_mask_geometry
2,L2,Stage-2 macro recall,fold03,10,-4.571524966261819,-4.242577597840764,0.8323353293413174,circular_shift_exact_mask_geometry
2,L2,Stage-2 macro recall,fold03,11,-3.5846828609986545,-4.242577597840764,0.8323353293413174,circular_shift_exact_mask_geometry
2,L2,Stage-2 macro recall,fold03,12,-4.900472334682874,-4.242577597840764,0.8323353293413174,circular_shift_exact_mask_geometry
2,L2,Stage-2 macro recall,fold03,13,-4.571524966261819,-4.242577597840764,0.8323353293413174,circular_shift_exact_mask_geometry
2,L2,Stage-2 macro recall,fold03,14,-4.571524966261819,-4.242577597840764,0.8323353293413174,circular_shift_exact_mask_geometry
2,L2,Stage-2 macro recall,fold03,15,-4.259446693657225,-4.242577597840764,0.8323353293413174,circular_shift_exact_mask_geometry
2,L2,Stage-2 macro recall,fold03,16,-4.242577597840764,-4.242577597840764,0.8323353293413174,circular_shift_exact_mask_geometry
2,L2,Stage-2 macro recall,fold03,17,-4.571524966261819,-4.242577597840764,0.8323353293413174,circular_shift_exact_mask_geometry
2,L2,Stage-2 macro recall,fold03,18,-5.229419703103915,-4.242577597840764,0.8323353293413174,circular_shift_exact_mask_geometry
2,L2,Stage-2 macro recall,fold03,19,-4.91734143049932,-4.242577597840764,0.8323353293413174,circular_shift_exact_mask_geometry
2,L2,Stage-2 macro recall,fold03,20,-3.9304993252361697,-4.242577597840764,0.8323353293413174,circular_shift_exact_mask_geometry
2,L2,Stage-2 macro recall,fold03,21,-4.571524966261819,-4.242577597840764,0.8323353293413174,circular_shift_exact_mask_geometry
2,L2,Stage-2 macro recall,fold03,22,-4.242577597840764,-4.242577597840764,0.8323353293413174,circular_shift_exact_mask_geometry
2,L2,Stage-2 macro recall,fold03,23,-3.9136302294197094,-4.242577597840764,0.8323353293413174,circular_shift_exact_mask_geometry
2,L2,Stage-2 macro recall,fold03,24,-5.57523616734143,-4.242577597840764,0.8323353293413174,circular_shift_exact_mask_geometry
2,L2,Stage-2 macro recall,fold03,25,-5.229419703103915,-4.242577597840764,0.8323353293413174,circular_shift_exact_mask_geometry
2,L2,Stage-2 macro recall,fold03,26,-3.9304993252361697,-4.242577597840764,0.8323353293413174,circular_shift_exact_mask_geometry
2,L2,Stage-2 macro recall,fold03,27,-4.571524966261819,-4.242577597840764,0.8323353293413174,circular_shift_exact_mask_geometry
2,L2,Stage-2 macro recall,fold03,28,-5.55836707152497,-4.242577597840764,0.8323353293413174,circular_shift_exact_mask_geometry
2,L2,Stage-2 macro recall,fold03,29,-5.55836707152497,-4.242577597840764,0.8323353293413174,circular_shift_exact_mask_geometry
2,L2,Stage-2 macro recall,fold03,30,-5.229419703103915,-4.242577597840764,0.8323353293413174,circular_shift_exact_mask_geometry
2,L2,Stage-2 macro recall,fold03,31,-4.571524966261819,-4.242577597840764,0.8323353293413174,circular_shift_exact_mask_geometry
2,L2,Stage-2 macro recall,fold03,32,-5.229419703103915,-4.242577597840764,0.8323353293413174,circular_shift_exact_mask_geometry
2,L2,Stage-2 macro recall,fold03,33,-4.571524966261819,-4.242577597840764,0.8323353293413174,circular_shift_exact_mask_geometry
2,L2,Stage-2 macro recall,fold03,34,-4.900472334682874,-4.242577597840764,0.8323353293413174,circular_shift_exact_mask_geometry
2,L2,Stage-2 macro recall,fold03,35,-5.229419703103915,-4.242577597840764,0.8323353293413174,circular_shift_exact_mask_geometry
2,L2,Stage-2 macro recall,fold03,36,-5.887314439946024,-4.242577597840764,0.8323353293413174,circular_shift_exact_mask_geometry
2,L2,Stage-2 macro recall,fold03,37,-3.5846828609986545,-4.242577597840764,0.8323353293413174,circular_shift_exact_mask_geometry
2,L2,Stage-2 macro recall,fold03,38,-4.571524966261819,-4.242577597840764,0.8323353293413174,circular_shift_exact_mask_geometry
2,L2,Stage-2 macro recall,fold03,39,-6.545209176788134,-4.242577597840764,0.8323353293413174,circular_shift_exact_mask_geometry
2,L2,Stage-2 macro recall,fold03,40,-5.246288798920389,-4.242577597840764,0.8323353293413174,circular_shift_exact_mask_geometry
2,L2,Stage-2 macro recall,fold03,41,-5.229419703103915,-4.242577597840764,0.8323353293413174,circular_shift_exact_mask_geometry
2,L2,Stage-2 macro recall,fold03,42,-4.259446693657225,-4.242577597840764,0.8323353293413174,circular_shift_exact_mask_geometry
2,L2,Stage-2 macro recall,fold03,43,-3.9304993252361697,-4.242577597840764,0.8323353293413174,circular_shift_exact_mask_geometry
2,L2,Stage-2 macro recall,fold03,44,-4.5883940620782795,-4.242577597840764,0.8323353293413174,circular_shift_exact_mask_geometry
2,L2,Stage-2 macro recall,fold03,45,-3.9136302294197094,-4.242577597840764,0.8323353293413174,circular_shift_exact_mask_geometry
2,L2,Stage-2 macro recall,fold03,46,-5.55836707152497,-4.242577597840764,0.8323353293413174,circular_shift_exact_mask_geometry
2,L2,Stage-2 macro recall,fold03,47,-4.242577597840764,-4.242577597840764,0.8323353293413174,circular_shift_exact_mask_geometry
2,L2,Stage-2 macro recall,fold03,48,-4.571524966261819,-4.242577597840764,0.8323353293413174,circular_shift_exact_mask_geometry
2,L2,Stage-2 macro recall,fold03,49,-3.9136302294197094,-4.242577597840764,0.8323353293413174,circular_shift_exact_mask_geometry
2,L2,Stage-2 macro recall,fold03,50,-3.27260458839406,-4.242577597840764,0.8323353293413174,circular_shift_exact_mask_geometry
2,L2,Stage-2 macro recall,fold03,51,-4.571524966261819,-4.242577597840764,0.8323353293413174,circular_shift_exact_mask_geometry
2,L2,Stage-2 macro recall,fold03,52,-5.887314439946024,-4.242577597840764,0.8323353293413174,circular_shift_exact_mask_geometry
2,L2,Stage-2 macro recall,fold03,53,-4.242577597840764,-4.242577597840764,0.8323353293413174,circular_shift_exact_mask_geometry
2,L2,Stage-2 macro recall,fold03,54,-5.229419703103915,-4.242577597840764,0.8323353293413174,circular_shift_exact_mask_geometry
2,L2,Stage-2 macro recall,fold03,55,-5.229419703103915,-4.242577597840764,0.8323353293413174,circular_shift_exact_mask_geometry
2,L2,Stage-2 macro recall,fold03,56,-5.229419703103915,-4.242577597840764,0.8323353293413174,circular_shift_exact_mask_geometry
2,L2,Stage-2 macro recall,fold03,57,-4.900472334682874,-4.242577597840764,0.8323353293413174,circular_shift_exact_mask_geometry
2,L2,Stage-2 macro recall,fold03,58,-4.242577597840764,-4.242577597840764,0.8323353293413174,circular_shift_exact_mask_geometry
2,L2,Stage-2 macro recall,fold03,59,-4.571524966261819,-4.242577597840764,0.8323353293413174,circular_shift_exact_mask_geometry
2,L2,Stage-2 macro recall,fold03,60,-3.9304993252361697,-4.242577597840764,0.8323353293413174,circular_shift_exact_mask_geometry
2,L2,Stage-2 macro recall,fold03,61,-4.900472334682874,-4.242577597840764,0.8323353293413174,circular_shift_exact_mask_geometry
2,L2,Stage-2 macro recall,fold03,62,-4.571524966261819,-4.242577597840764,0.8323353293413174,circular_shift_exact_mask_geometry
2,L2,Stage-2 macro recall,fold03,63,-4.900472334682874,-4.242577597840764,0.8323353293413174,circular_shift_exact_mask_geometry
2,L2,Stage-2 macro recall,fold03,64,-3.9136302294197094,-4.242577597840764,0.8323353293413174,circular_shift_exact_mask_geometry
2,L2,Stage-2 macro recall,fold03,65,-4.259446693657225,-4.242577597840764,0.8323353293413174,circular_shift_exact_mask_geometry
2,L2,Stage-2 macro recall,fold03,66,-5.229419703103915,-4.242577597840764,0.8323353293413174,circular_shift_exact_mask_geometry
2,L2,Stage-2 macro recall,fold03,67,-3.9136302294197094,-4.242577597840764,0.8323353293413174,circular_shift_exact_mask_geometry
2,L2,Stage-2 macro recall,fold03,68,-4.91734143049932,-4.242577597840764,0.8323353293413174,circular_shift_exact_mask_geometry
2,L2,Stage-2 macro recall,fold03,69,-4.900472334682874,-4.242577597840764,0.8323353293413174,circular_shift_exact_mask_geometry
2,L2,Stage-2 macro recall,fold03,70,-3.601551956815129,-4.242577597840764,0.8323353293413174,circular_shift_exact_mask_geometry
2,L2,Stage-2 macro recall,fold03,71,-3.601551956815129,-4.242577597840764,0.8323353293413174,circular_shift_exact_mask_geometry
2,L2,Stage-2 macro recall,fold03,72,-5.229419703103915,-4.242577597840764,0.8323353293413174,circular_shift_exact_mask_geometry
2,L2,Stage-2 macro recall,fold03,73,-5.55836707152497,-4.242577597840764,0.8323353293413174,circular_shift_exact_mask_geometry
2,L2,Stage-2 macro recall,fold03,74,-5.229419703103915,-4.242577597840764,0.8323353293413174,circular_shift_exact_mask_geometry
2,L2,Stage-2 macro recall,fold03,75,-5.229419703103915,-4.242577597840764,0.8323353293413174,circular_shift_exact_mask_geometry
2,L2,Stage-2 macro recall,fold03,76,-4.900472334682874,-4.242577597840764,0.8323353293413174,circular_shift_exact_mask_geometry
2,L2,Stage-2 macro recall,fold03,77,-4.571524966261819,-4.242577597840764,0.8323353293413174,circular_shift_exact_mask_geometry
2,L2,Stage-2 macro recall,fold03,78,-4.900472334682874,-4.242577597840764,0.8323353293413174,circular_shift_exact_mask_geometry
2,L2,Stage-2 macro recall,fold03,79,-4.91734143049932,-4.242577597840764,0.8323353293413174,circular_shift_exact_mask_geometry
2,L2,Stage-2 macro recall,fold03,80,-5.229419703103915,-4.242577597840764,0.8323353293413174,circular_shift_exact_mask_geometry
2,L2,Stage-2 macro recall,fold03,81,-4.900472334682874,-4.242577597840764,0.8323353293413174,circular_shift_exact_mask_geometry
2,L2,Stage-2 macro recall,fold03,82,-5.55836707152497,-4.242577597840764,0.8323353293413174,circular_shift_exact_mask_geometry
2,L2,Stage-2 macro recall,fold03,83,-4.259446693657225,-4.242577597840764,0.8323353293413174,circular_shift_exact_mask_geometry
2,L2,Stage-2 macro recall,fold03,84,-3.9136302294197094,-4.242577597840764,0.8323353293413174,circular_shift_exact_mask_geometry
2,L2,Stage-2 macro recall,fold03,85,-5.887314439946024,-4.242577597840764,0.8323353293413174,circular_shift_exact_mask_geometry
2,L2,Stage-2 macro recall,fold03,86,-3.9136302294197094,-4.242577597840764,0.8323353293413174,circular_shift_exact_mask_geometry
2,L2,Stage-2 macro recall,fold03,87,-5.229419703103915,-4.242577597840764,0.8323353293413174,circular_shift_exact_mask_geometry
2,L2,Stage-2 macro recall,fold03,88,-4.571524966261819,-4.242577597840764,0.8323353293413174,circular_shift_exact_mask_geometry
2,L2,Stage-2 macro recall,fold03,89,-4.900472334682874,-4.242577597840764,0.8323353293413174,circular_shift_exact_mask_geometry
2,L2,Stage-2 macro recall,fold03,90,-4.242577597840764,-4.242577597840764,0.8323353293413174,circular_shift_exact_mask_geometry
2,L2,Stage-2 macro recall,fold03,91,-5.55836707152497,-4.242577597840764,0.8323353293413174,circular_shift_exact_mask_geometry
2,L2,Stage-2 macro recall,fold03,92,-4.571524966261819,-4.242577597840764,0.8323353293413174,circular_shift_exact_mask_geometry
2,L2,Stage-2 macro recall,fold03,93,-4.571524966261819,-4.242577597840764,0.8323353293413174,circular_shift_exact_mask_geometry
2,L2,Stage-2 macro recall,fold03,94,-5.55836707152497,-4.242577597840764,0.8323353293413174,circular_shift_exact_mask_geometry
2,L2,Stage-2 macro recall,fold03,95,-5.229419703103915,-4.242577597840764,0.8323353293413174,circular_shift_exact_mask_geometry
2,L2,Stage-2 macro recall,fold03,96,-5.55836707152497,-4.242577597840764,0.8323353293413174,circular_shift_exact_mask_geometry
2,L2,Stage-2 macro recall,fold03,97,-4.900472334682874,-4.242577597840764,0.8323353293413174,circular_shift_exact_mask_geometry
2,L2,Stage-2 macro recall,fold03,98,-4.571524966261819,-4.242577597840764,0.8323353293413174,circular_shift_exact_mask_geometry
2,L2,Stage-2 macro recall,fold03,99,-4.900472334682874,-4.242577597840764,0.8323353293413174,circular_shift_exact_mask_geometry
2,L2,Stage-2 macro recall,fold03,100,-4.242577597840764,-4.242577597840764,0.8323353293413174,circular_shift_exact_mask_geometry
2,L2,Stage-2 macro recall,fold03,101,-4.900472334682874,-4.242577597840764,0.8323353293413174,circular_shift_exact_mask_geometry
2,L2,Stage-2 macro recall,fold03,102,-5.229419703103915,-4.242577597840764,0.8323353293413174,circular_shift_exact_mask_geometry
2,L2,Stage-2 macro recall,fold03,103,-4.242577597840764,-4.242577597840764,0.8323353293413174,circular_shift_exact_mask_geometry
2,L2,Stage-2 macro recall,fold03,104,-5.55836707152497,-4.242577597840764,0.8323353293413174,circular_shift_exact_mask_geometry
2,L2,Stage-2 macro recall,fold03,105,-5.229419703103915,-4.242577597840764,0.8323353293413174,circular_shift_exact_mask_geometry
2,L2,Stage-2 macro recall,fold03,106,-6.216261808367079,-4.242577597840764,0.8323353293413174,circular_shift_exact_mask_geometry
2,L2,Stage-2 macro recall,fold03,107,-5.887314439946024,-4.242577597840764,0.8323353293413174,circular_shift_exact_mask_geometry
2,L2,Stage-2 macro recall,fold03,108,-4.900472334682874,-4.242577597840764,0.8323353293413174,circular_shift_exact_mask_geometry
2,L2,Stage-2 macro recall,fold03,109,-4.900472334682874,-4.242577597840764,0.8323353293413174,circular_shift_exact_mask_geometry
2,L2,Stage-2 macro recall,fold03,110,-4.5883940620782795,-4.242577597840764,0.8323353293413174,circular_shift_exact_mask_geometry
2,L2,Stage-2 macro recall,fold03,111,-4.900472334682874,-4.242577597840764,0.8323353293413174,circular_shift_exact_mask_geometry
2,L2,Stage-2 macro recall,fold03,112,-5.229419703103915,-4.242577597840764,0.8323353293413174,circular_shift_exact_mask_geometry
2,L2,Stage-2 macro recall,fold03,113,-4.242577597840764,-4.242577597840764,0.8323353293413174,circular_shift_exact_mask_geometry
2,L2,Stage-2 macro recall,fold03,114,-4.5883940620782795,-4.242577597840764,0.8323353293413174,circular_shift_exact_mask_geometry
2,L2,Stage-2 macro recall,fold03,115,-5.55836707152497,-4.242577597840764,0.8323353293413174,circular_shift_exact_mask_geometry
2,L2,Stage-2 macro recall,fold03,116,-7.203103913630244,-4.242577597840764,0.8323353293413174,circular_shift_exact_mask_geometry
2,L2,Stage-2 macro recall,fold03,117,-4.571524966261819,-4.242577597840764,0.8323353293413174,circular_shift_exact_mask_geometry
2,L2,Stage-2 macro recall,fold03,118,-4.571524966261819,-4.242577597840764,0.8323353293413174,circular_shift_exact_mask_geometry
2,L2,Stage-2 macro recall,fold03,119,-4.900472334682874,-4.242577597840764,0.8323353293413174,circular_shift_exact_mask_geometry
2,L2,Stage-2 macro recall,fold03,120,-4.900472334682874,-4.242577597840764,0.8323353293413174,circular_shift_exact_mask_geometry
2,L2,Stage-2 macro recall,fold03,121,-3.9304993252361697,-4.242577597840764,0.8323353293413174,circular_shift_exact_mask_geometry
2,L2,Stage-2 macro recall,fold03,122,-4.571524966261819,-4.242577597840764,0.8323353293413174,circular_shift_exact_mask_geometry
2,L2,Stage-2 macro recall,fold03,123,-5.229419703103915,-4.242577597840764,0.8323353293413174,circular_shift_exact_mask_geometry
2,L2,Stage-2 macro recall,fold03,124,-3.9136302294197094,-4.242577597840764,0.8323353293413174,circular_shift_exact_mask_geometry
2,L2,Stage-2 macro recall,fold03,125,-4.571524966261819,-4.242577597840764,0.8323353293413174,circular_shift_exact_mask_geometry
2,L2,Stage-2 macro recall,fold03,126,-5.229419703103915,-4.242577597840764,0.8323353293413174,circular_shift_exact_mask_geometry
2,L2,Stage-2 macro recall,fold03,127,-3.9136302294197094,-4.242577597840764,0.8323353293413174,circular_shift_exact_mask_geometry
2,L2,Stage-2 macro recall,fold03,128,-4.571524966261819,-4.242577597840764,0.8323353293413174,circular_shift_exact_mask_geometry
2,L2,Stage-2 macro recall,fold03,129,-5.229419703103915,-4.242577597840764,0.8323353293413174,circular_shift_exact_mask_geometry
2,L2,Stage-2 macro recall,fold03,130,-5.887314439946024,-4.242577597840764,0.8323353293413174,circular_shift_exact_mask_geometry
2,L2,Stage-2 macro recall,fold03,131,-4.5883940620782795,-4.242577597840764,0.8323353293413174,circular_shift_exact_mask_geometry
2,L2,Stage-2 macro recall,fold03,132,-3.9136302294197094,-4.242577597840764,0.8323353293413174,circular_shift_exact_mask_geometry
2,L2,Stage-2 macro recall,fold03,133,-4.900472334682874,-4.242577597840764,0.8323353293413174,circular_shift_exact_mask_geometry
2,L2,Stage-2 macro recall,fold03,134,-5.887314439946024,-4.242577597840764,0.8323353293413174,circular_shift_exact_mask_geometry
2,L2,Stage-2 macro recall,fold03,135,-3.9136302294197094,-4.242577597840764,0.8323353293413174,circular_shift_exact_mask_geometry
2,L2,Stage-2 macro recall,fold03,136,-3.9304993252361697,-4.242577597840764,0.8323353293413174,circular_shift_exact_mask_geometry
2,L2,Stage-2 macro recall,fold03,137,-4.900472334682874,-4.242577597840764,0.8323353293413174,circular_shift_exact_mask_geometry
2,L2,Stage-2 macro recall,fold03,138,-4.900472334682874,-4.242577597840764,0.8323353293413174,circular_shift_exact_mask_geometry
2,L2,Stage-2 macro recall,fold03,139,-3.9304993252361697,-4.242577597840764,0.8323353293413174,circular_shift_exact_mask_geometry
2,L2,Stage-2 macro recall,fold03,140,-4.5883940620782795,-4.242577597840764,0.8323353293413174,circular_shift_exact_mask_geometry
2,L2,Stage-2 macro recall,fold03,141,-3.9304993252361697,-4.242577597840764,0.8323353293413174,circular_shift_exact_mask_geometry
2,L2,Stage-2 macro recall,fold03,142,-5.229419703103915,-4.242577597840764,0.8323353293413174,circular_shift_exact_mask_geometry
2,L2,Stage-2 macro recall,fold03,143,-4.900472334682874,-4.242577597840764,0.8323353293413174,circular_shift_exact_mask_geometry
2,L2,Stage-2 macro recall,fold03,144,-4.900472334682874,-4.242577597840764,0.8323353293413174,circular_shift_exact_mask_geometry
2,L2,Stage-2 macro recall,fold03,145,-6.545209176788134,-4.242577597840764,0.8323353293413174,circular_shift_exact_mask_geometry
2,L2,Stage-2 macro recall,fold03,146,-5.55836707152497,-4.242577597840764,0.8323353293413174,circular_shift_exact_mask_geometry
2,L2,Stage-2 macro recall,fold03,147,-4.242577597840764,-4.242577597840764,0.8323353293413174,circular_shift_exact_mask_geometry
2,L2,Stage-2 macro recall,fold03,148,-5.55836707152497,-4.242577597840764,0.8323353293413174,circular_shift_exact_mask_geometry
2,L2,Stage-2 macro recall,fold03,149,-4.571524966261819,-4.242577597840764,0.8323353293413174,circular_shift_exact_mask_geometry
2,L2,Stage-2 macro recall,fold03,150,-5.246288798920389,-4.242577597840764,0.8323353293413174,circular_shift_exact_mask_geometry
2,L2,Stage-2 macro recall,fold03,151,-3.9136302294197094,-4.242577597840764,0.8323353293413174,circular_shift_exact_mask_geometry
2,L2,Stage-2 macro recall,fold03,152,-5.887314439946024,-4.242577597840764,0.8323353293413174,circular_shift_exact_mask_geometry
2,L2,Stage-2 macro recall,fold03,153,-4.900472334682874,-4.242577597840764,0.8323353293413174,circular_shift_exact_mask_geometry
2,L2,Stage-2 macro recall,fold03,154,-4.571524966261819,-4.242577597840764,0.8323353293413174,circular_shift_exact_mask_geometry
2,L2,Stage-2 macro recall,fold03,155,-4.242577597840764,-4.242577597840764,0.8323353293413174,circular_shift_exact_mask_geometry
2,L2,Stage-2 macro recall,fold03,156,-4.242577597840764,-4.242577597840764,0.8323353293413174,circular_shift_exact_mask_geometry
2,L2,Stage-2 macro recall,fold03,157,-5.55836707152497,-4.242577597840764,0.8323353293413174,circular_shift_exact_mask_geometry
2,L2,Stage-2 macro recall,fold03,158,-4.259446693657225,-4.242577597840764,0.8323353293413174,circular_shift_exact_mask_geometry
2,L2,Stage-2 macro recall,fold03,159,-5.887314439946024,-4.242577597840764,0.8323353293413174,circular_shift_exact_mask_geometry
2,L2,Stage-2 macro recall,fold03,160,-5.229419703103915,-4.242577597840764,0.8323353293413174,circular_shift_exact_mask_geometry
2,L2,Stage-2 macro recall,fold03,161,-5.55836707152497,-4.242577597840764,0.8323353293413174,circular_shift_exact_mask_geometry
2,L2,Stage-2 macro recall,fold03,162,-5.229419703103915,-4.242577597840764,0.8323353293413174,circular_shift_exact_mask_geometry
2,L2,Stage-2 macro recall,fold03,163,-5.55836707152497,-4.242577597840764,0.8323353293413174,circular_shift_exact_mask_geometry
2,L2,Stage-2 macro recall,fold03,164,-4.900472334682874,-4.242577597840764,0.8323353293413174,circular_shift_exact_mask_geometry
2,L2,Stage-2 macro recall,fold03,165,-5.887314439946024,-4.242577597840764,0.8323353293413174,circular_shift_exact_mask_geometry
2,L2,Stage-2 macro recall,fold03,166,-3.9304993252361697,-4.242577597840764,0.8323353293413174,circular_shift_exact_mask_geometry
2,L2,Stage-2 macro recall,fold03,167,-5.246288798920389,-4.242577597840764,0.8323353293413174,circular_shift_exact_mask_geometry
2,L2,Stage-2 macro recall,fold03,168,-5.229419703103915,-4.242577597840764,0.8323353293413174,circular_shift_exact_mask_geometry
2,L2,Stage-2 macro recall,fold03,169,-4.900472334682874,-4.242577597840764,0.8323353293413174,circular_shift_exact_mask_geometry
2,L2,Stage-2 macro recall,fold03,170,-5.229419703103915,-4.242577597840764,0.8323353293413174,circular_shift_exact_mask_geometry
2,L2,Stage-2 macro recall,fold03,171,-3.9136302294197094,-4.242577597840764,0.8323353293413174,circular_shift_exact_mask_geometry
2,L2,Stage-2 macro recall,fold03,172,-5.246288798920389,-4.242577597840764,0.8323353293413174,circular_shift_exact_mask_geometry
2,L2,Stage-2 macro recall,fold03,173,-5.229419703103915,-4.242577597840764,0.8323353293413174,circular_shift_exact_mask_geometry
2,L2,Stage-2 macro recall,fold03,174,-4.571524966261819,-4.242577597840764,0.8323353293413174,circular_shift_exact_mask_geometry
2,L2,Stage-2 macro recall,fold03,175,-5.55836707152497,-4.242577597840764,0.8323353293413174,circular_shift_exact_mask_geometry
2,L2,Stage-2 macro recall,fold03,176,-3.601551956815129,-4.242577597840764,0.8323353293413174,circular_shift_exact_mask_geometry
2,L2,Stage-2 macro recall,fold03,177,-5.246288798920389,-4.242577597840764,0.8323353293413174,circular_shift_exact_mask_geometry
2,L2,Stage-2 macro recall,fold03,178,-3.9136302294197094,-4.242577597840764,0.8323353293413174,circular_shift_exact_mask_geometry
2,L2,Stage-2 macro recall,fold03,179,-4.242577597840764,-4.242577597840764,0.8323353293413174,circular_shift_exact_mask_geometry
2,L2,Stage-2 macro recall,fold03,180,-5.229419703103915,-4.242577597840764,0.8323353293413174,circular_shift_exact_mask_geometry
2,L2,Stage-2 macro recall,fold03,181,-5.887314439946024,-4.242577597840764,0.8323353293413174,circular_shift_exact_mask_geometry
2,L2,Stage-2 macro recall,fold03,182,-4.571524966261819,-4.242577597840764,0.8323353293413174,circular_shift_exact_mask_geometry
2,L2,Stage-2 macro recall,fold03,183,-4.259446693657225,-4.242577597840764,0.8323353293413174,circular_shift_exact_mask_geometry
2,L2,Stage-2 macro recall,fold03,184,-6.216261808367079,-4.242577597840764,0.8323353293413174,circular_shift_exact_mask_geometry
2,L2,Stage-2 macro recall,fold03,185,-4.242577597840764,-4.242577597840764,0.8323353293413174,circular_shift_exact_mask_geometry
2,L2,Stage-2 macro recall,fold03,186,-4.242577597840764,-4.242577597840764,0.8323353293413174,circular_shift_exact_mask_geometry
2,L2,Stage-2 macro recall,fold03,187,-4.571524966261819,-4.242577597840764,0.8323353293413174,circular_shift_exact_mask_geometry
2,L2,Stage-2 macro recall,fold03,188,-6.216261808367079,-4.242577597840764,0.8323353293413174,circular_shift_exact_mask_geometry
2,L2,Stage-2 macro recall,fold03,189,-4.571524966261819,-4.242577597840764,0.8323353293413174,circular_shift_exact_mask_geometry
2,L2,Stage-2 macro recall,fold03,190,-4.571524966261819,-4.242577597840764,0.8323353293413174,circular_shift_exact_mask_geometry
2,L2,Stage-2 macro recall,fold03,191,-4.571524966261819,-4.242577597840764,0.8323353293413174,circular_shift_exact_mask_geometry
2,L2,Stage-2 macro recall,fold03,192,-4.571524966261819,-4.242577597840764,0.8323353293413174,circular_shift_exact_mask_geometry
2,L2,Stage-2 macro recall,fold03,193,-4.5883940620782795,-4.242577597840764,0.8323353293413174,circular_shift_exact_mask_geometry
2,L2,Stage-2 macro recall,fold03,194,-3.27260458839406,-4.242577597840764,0.8323353293413174,circular_shift_exact_mask_geometry
2,L2,Stage-2 macro recall,fold03,195,-5.229419703103915,-4.242577597840764,0.8323353293413174,circular_shift_exact_mask_geometry
2,L2,Stage-2 macro recall,fold03,196,-4.900472334682874,-4.242577597840764,0.8323353293413174,circular_shift_exact_mask_geometry
2,L2,Stage-2 macro recall,fold03,197,-5.229419703103915,-4.242577597840764,0.8323353293413174,circular_shift_exact_mask_geometry
2,L2,Stage-2 macro recall,fold03,198,-5.229419703103915,-4.242577597840764,0.8323353293413174,circular_shift_exact_mask_geometry
2,L2,Stage-2 macro recall,fold03,199,-5.55836707152497,-4.242577597840764,0.8323353293413174,circular_shift_exact_mask_geometry
2,L2,Stage-2 macro recall,fold03,200,-4.571524966261819,-4.242577597840764,0.8323353293413174,circular_shift_exact_mask_geometry
2,L2,Stage-2 macro recall,fold03,201,-4.259446693657225,-4.242577597840764,0.8323353293413174,circular_shift_exact_mask_geometry
2,L2,Stage-2 macro recall,fold03,202,-5.55836707152497,-4.242577597840764,0.8323353293413174,circular_shift_exact_mask_geometry
2,L2,Stage-2 macro recall,fold03,203,-4.900472334682874,-4.242577597840764,0.8323353293413174,circular_shift_exact_mask_geometry
2,L2,Stage-2 macro recall,fold03,204,-3.27260458839406,-4.242577597840764,0.8323353293413174,circular_shift_exact_mask_geometry
2,L2,Stage-2 macro recall,fold03,205,-5.229419703103915,-4.242577597840764,0.8323353293413174,circular_shift_exact_mask_geometry
2,L2,Stage-2 macro recall,fold03,206,-5.229419703103915,-4.242577597840764,0.8323353293413174,circular_shift_exact_mask_geometry
2,L2,Stage-2 macro recall,fold03,207,-4.259446693657225,-4.242577597840764,0.8323353293413174,circular_shift_exact_mask_geometry
2,L2,Stage-2 macro recall,fold03,208,-4.571524966261819,-4.242577597840764,0.8323353293413174,circular_shift_exact_mask_geometry
2,L2,Stage-2 macro recall,fold03,209,-4.259446693657225,-4.242577597840764,0.8323353293413174,circular_shift_exact_mask_geometry
2,L2,Stage-2 macro recall,fold03,210,-5.55836707152497,-4.242577597840764,0.8323353293413174,circular_shift_exact_mask_geometry
2,L2,Stage-2 macro recall,fold03,211,-5.229419703103915,-4.242577597840764,0.8323353293413174,circular_shift_exact_mask_geometry
2,L2,Stage-2 macro recall,fold03,212,-5.55836707152497,-4.242577597840764,0.8323353293413174,circular_shift_exact_mask_geometry
2,L2,Stage-2 macro recall,fold03,213,-4.5883940620782795,-4.242577597840764,0.8323353293413174,circular_shift_exact_mask_geometry
2,L2,Stage-2 macro recall,fold03,214,-5.55836707152497,-4.242577597840764,0.8323353293413174,circular_shift_exact_mask_geometry
2,L2,Stage-2 macro recall,fold03,215,-4.242577597840764,-4.242577597840764,0.8323353293413174,circular_shift_exact_mask_geometry
2,L2,Stage-2 macro recall,fold03,216,-3.9136302294197094,-4.242577597840764,0.8323353293413174,circular_shift_exact_mask_geometry
2,L2,Stage-2 macro recall,fold03,217,-4.91734143049932,-4.242577597840764,0.8323353293413174,circular_shift_exact_mask_geometry
2,L2,Stage-2 macro recall,fold03,218,-5.55836707152497,-4.242577597840764,0.8323353293413174,circular_shift_exact_mask_geometry
2,L2,Stage-2 macro recall,fold03,219,-4.900472334682874,-4.242577597840764,0.8323353293413174,circular_shift_exact_mask_geometry
2,L2,Stage-2 macro recall,fold03,220,-5.55836707152497,-4.242577597840764,0.8323353293413174,circular_shift_exact_mask_geometry
2,L2,Stage-2 macro recall,fold03,221,-4.242577597840764,-4.242577597840764,0.8323353293413174,circular_shift_exact_mask_geometry
2,L2,Stage-2 macro recall,fold03,222,-4.5883940620782795,-4.242577597840764,0.8323353293413174,circular_shift_exact_mask_geometry
2,L2,Stage-2 macro recall,fold03,223,-4.259446693657225,-4.242577597840764,0.8323353293413174,circular_shift_exact_mask_geometry
2,L2,Stage-2 macro recall,fold03,224,-4.571524966261819,-4.242577597840764,0.8323353293413174,circular_shift_exact_mask_geometry
2,L2,Stage-2 macro recall,fold03,225,-4.900472334682874,-4.242577597840764,0.8323353293413174,circular_shift_exact_mask_geometry
2,L2,Stage-2 macro recall,fold03,226,-3.5846828609986545,-4.242577597840764,0.8323353293413174,circular_shift_exact_mask_geometry
2,L2,Stage-2 macro recall,fold03,227,-4.571524966261819,-4.242577597840764,0.8323353293413174,circular_shift_exact_mask_geometry
2,L2,Stage-2 macro recall,fold03,228,-4.259446693657225,-4.242577597840764,0.8323353293413174,circular_shift_exact_mask_geometry
2,L2,Stage-2 macro recall,fold03,229,-4.571524966261819,-4.242577597840764,0.8323353293413174,circular_shift_exact_mask_geometry
2,L2,Stage-2 macro recall,fold03,230,-4.571524966261819,-4.242577597840764,0.8323353293413174,circular_shift_exact_mask_geometry
2,L2,Stage-2 macro recall,fold03,231,-4.571524966261819,-4.242577597840764,0.8323353293413174,circular_shift_exact_mask_geometry
2,L2,Stage-2 macro recall,fold03,232,-3.9136302294197094,-4.242577597840764,0.8323353293413174,circular_shift_exact_mask_geometry
2,L2,Stage-2 macro recall,fold03,233,-5.229419703103915,-4.242577597840764,0.8323353293413174,circular_shift_exact_mask_geometry
2,L2,Stage-2 macro recall,fold03,234,-4.571524966261819,-4.242577597840764,0.8323353293413174,circular_shift_exact_mask_geometry
2,L2,Stage-2 macro recall,fold03,235,-4.900472334682874,-4.242577597840764,0.8323353293413174,circular_shift_exact_mask_geometry
2,L2,Stage-2 macro recall,fold03,236,-5.229419703103915,-4.242577597840764,0.8323353293413174,circular_shift_exact_mask_geometry
2,L2,Stage-2 macro recall,fold03,237,-4.242577597840764,-4.242577597840764,0.8323353293413174,circular_shift_exact_mask_geometry
2,L2,Stage-2 macro recall,fold03,238,-4.571524966261819,-4.242577597840764,0.8323353293413174,circular_shift_exact_mask_geometry
2,L2,Stage-2 macro recall,fold03,239,-4.900472334682874,-4.242577597840764,0.8323353293413174,circular_shift_exact_mask_geometry
2,L2,Stage-2 macro recall,fold03,240,-4.900472334682874,-4.242577597840764,0.8323353293413174,circular_shift_exact_mask_geometry
2,L2,Stage-2 macro recall,fold03,241,-4.242577597840764,-4.242577597840764,0.8323353293413174,circular_shift_exact_mask_geometry
2,L2,Stage-2 macro recall,fold03,242,-4.242577597840764,-4.242577597840764,0.8323353293413174,circular_shift_exact_mask_geometry
2,L2,Stage-2 macro recall,fold03,243,-3.255735492577614,-4.242577597840764,0.8323353293413174,circular_shift_exact_mask_geometry
2,L2,Stage-2 macro recall,fold03,244,-5.229419703103915,-4.242577597840764,0.8323353293413174,circular_shift_exact_mask_geometry
2,L2,Stage-2 macro recall,fold03,245,-3.601551956815129,-4.242577597840764,0.8323353293413174,circular_shift_exact_mask_geometry
2,L2,Stage-2 macro recall,fold03,246,-4.5883940620782795,-4.242577597840764,0.8323353293413174,circular_shift_exact_mask_geometry
2,L2,Stage-2 macro recall,fold03,247,-4.242577597840764,-4.242577597840764,0.8323353293413174,circular_shift_exact_mask_geometry
2,L2,Stage-2 macro recall,fold03,248,-3.9304993252361697,-4.242577597840764,0.8323353293413174,circular_shift_exact_mask_geometry
2,L2,Stage-2 macro recall,fold03,249,-3.5846828609986545,-4.242577597840764,0.8323353293413174,circular_shift_exact_mask_geometry
2,L2,Stage-2 macro recall,fold03,250,-4.242577597840764,-4.242577597840764,0.8323353293413174,circular_shift_exact_mask_geometry
2,L2,Stage-2 macro recall,fold03,251,-4.900472334682874,-4.242577597840764,0.8323353293413174,circular_shift_exact_mask_geometry
2,L2,Stage-2 macro recall,fold03,252,-4.900472334682874,-4.242577597840764,0.8323353293413174,circular_shift_exact_mask_geometry
2,L2,Stage-2 macro recall,fold03,253,-4.571524966261819,-4.242577597840764,0.8323353293413174,circular_shift_exact_mask_geometry
2,L2,Stage-2 macro recall,fold03,254,-4.242577597840764,-4.242577597840764,0.8323353293413174,circular_shift_exact_mask_geometry
2,L2,Stage-2 macro recall,fold03,255,-3.601551956815129,-4.242577597840764,0.8323353293413174,circular_shift_exact_mask_geometry
2,L2,Stage-2 macro recall,fold03,256,-4.571524966261819,-4.242577597840764,0.8323353293413174,circular_shift_exact_mask_geometry
2,L2,Stage-2 macro recall,fold03,257,-5.55836707152497,-4.242577597840764,0.8323353293413174,circular_shift_exact_mask_geometry
2,L2,Stage-2 macro recall,fold03,258,-6.216261808367079,-4.242577597840764,0.8323353293413174,circular_shift_exact_mask_geometry
2,L2,Stage-2 macro recall,fold03,259,-4.5883940620782795,-4.242577597840764,0.8323353293413174,circular_shift_exact_mask_geometry
2,L2,Stage-2 macro recall,fold03,260,-3.255735492577614,-4.242577597840764,0.8323353293413174,circular_shift_exact_mask_geometry
2,L2,Stage-2 macro recall,fold03,261,-5.887314439946024,-4.242577597840764,0.8323353293413174,circular_shift_exact_mask_geometry
2,L2,Stage-2 macro recall,fold03,262,-4.259446693657225,-4.242577597840764,0.8323353293413174,circular_shift_exact_mask_geometry
2,L2,Stage-2 macro recall,fold03,263,-5.229419703103915,-4.242577597840764,0.8323353293413174,circular_shift_exact_mask_geometry
2,L2,Stage-2 macro recall,fold03,264,-5.55836707152497,-4.242577597840764,0.8323353293413174,circular_shift_exact_mask_geometry
2,L2,Stage-2 macro recall,fold03,265,-4.242577597840764,-4.242577597840764,0.8323353293413174,circular_shift_exact_mask_geometry
2,L2,Stage-2 macro recall,fold03,266,-4.259446693657225,-4.242577597840764,0.8323353293413174,circular_shift_exact_mask_geometry
2,L2,Stage-2 macro recall,fold03,267,-4.900472334682874,-4.242577597840764,0.8323353293413174,circular_shift_exact_mask_geometry
2,L2,Stage-2 macro recall,fold03,268,-4.571524966261819,-4.242577597840764,0.8323353293413174,circular_shift_exact_mask_geometry
2,L2,Stage-2 macro recall,fold03,269,-4.900472334682874,-4.242577597840764,0.8323353293413174,circular_shift_exact_mask_geometry
2,L2,Stage-2 macro recall,fold03,270,-5.229419703103915,-4.242577597840764,0.8323353293413174,circular_shift_exact_mask_geometry
2,L2,Stage-2 macro recall,fold03,271,-4.900472334682874,-4.242577597840764,0.8323353293413174,circular_shift_exact_mask_geometry
2,L2,Stage-2 macro recall,fold03,272,-4.242577597840764,-4.242577597840764,0.8323353293413174,circular_shift_exact_mask_geometry
2,L2,Stage-2 macro recall,fold03,273,-5.229419703103915,-4.242577597840764,0.8323353293413174,circular_shift_exact_mask_geometry
2,L2,Stage-2 macro recall,fold03,274,-5.55836707152497,-4.242577597840764,0.8323353293413174,circular_shift_exact_mask_geometry
2,L2,Stage-2 macro recall,fold03,275,-5.229419703103915,-4.242577597840764,0.8323353293413174,circular_shift_exact_mask_geometry
2,L2,Stage-2 macro recall,fold03,276,-3.9136302294197094,-4.242577597840764,0.8323353293413174,circular_shift_exact_mask_geometry
2,L2,Stage-2 macro recall,fold03,277,-3.9136302294197094,-4.242577597840764,0.8323353293413174,circular_shift_exact_mask_geometry
2,L2,Stage-2 macro recall,fold03,278,-4.242577597840764,-4.242577597840764,0.8323353293413174,circular_shift_exact_mask_geometry
2,L2,Stage-2 macro recall,fold03,279,-4.242577597840764,-4.242577597840764,0.8323353293413174,circular_shift_exact_mask_geometry
2,L2,Stage-2 macro recall,fold03,280,-4.571524966261819,-4.242577597840764,0.8323353293413174,circular_shift_exact_mask_geometry
2,L2,Stage-2 macro recall,fold03,281,-6.545209176788134,-4.242577597840764,0.8323353293413174,circular_shift_exact_mask_geometry
2,L2,Stage-2 macro recall,fold03,282,-4.571524966261819,-4.242577597840764,0.8323353293413174,circular_shift_exact_mask_geometry
2,L2,Stage-2 macro recall,fold03,283,-4.242577597840764,-4.242577597840764,0.8323353293413174,circular_shift_exact_mask_geometry
2,L2,Stage-2 macro recall,fold03,284,-4.900472334682874,-4.242577597840764,0.8323353293413174,circular_shift_exact_mask_geometry
2,L2,Stage-2 macro recall,fold03,285,-4.91734143049932,-4.242577597840764,0.8323353293413174,circular_shift_exact_mask_geometry
2,L2,Stage-2 macro recall,fold03,286,-4.91734143049932,-4.242577597840764,0.8323353293413174,circular_shift_exact_mask_geometry
2,L2,Stage-2 macro recall,fold03,287,-5.229419703103915,-4.242577597840764,0.8323353293413174,circular_shift_exact_mask_geometry
2,L2,Stage-2 macro recall,fold03,288,-5.55836707152497,-4.242577597840764,0.8323353293413174,circular_shift_exact_mask_geometry
2,L2,Stage-2 macro recall,fold03,289,-5.229419703103915,-4.242577597840764,0.8323353293413174,circular_shift_exact_mask_geometry
2,L2,Stage-2 macro recall,fold03,290,-5.55836707152497,-4.242577597840764,0.8323353293413174,circular_shift_exact_mask_geometry
2,L2,Stage-2 macro recall,fold03,291,-5.229419703103915,-4.242577597840764,0.8323353293413174,circular_shift_exact_mask_geometry
2,L2,Stage-2 macro recall,fold03,292,-5.229419703103915,-4.242577597840764,0.8323353293413174,circular_shift_exact_mask_geometry
2,L2,Stage-2 macro recall,fold03,293,-4.259446693657225,-4.242577597840764,0.8323353293413174,circular_shift_exact_mask_geometry
2,L2,Stage-2 macro recall,fold03,294,-4.900472334682874,-4.242577597840764,0.8323353293413174,circular_shift_exact_mask_geometry
2,L2,Stage-2 macro recall,fold03,295,-5.229419703103915,-4.242577597840764,0.8323353293413174,circular_shift_exact_mask_geometry
2,L2,Stage-2 macro recall,fold03,296,-5.229419703103915,-4.242577597840764,0.8323353293413174,circular_shift_exact_mask_geometry
2,L2,Stage-2 macro recall,fold03,297,-4.5883940620782795,-4.242577597840764,0.8323353293413174,circular_shift_exact_mask_geometry
2,L2,Stage-2 macro recall,fold03,298,-4.259446693657225,-4.242577597840764,0.8323353293413174,circular_shift_exact_mask_geometry
2,L2,Stage-2 macro recall,fold03,299,-4.900472334682874,-4.242577597840764,0.8323353293413174,circular_shift_exact_mask_geometry
2,L2,Stage-2 macro recall,fold03,300,-4.5883940620782795,-4.242577597840764,0.8323353293413174,circular_shift_exact_mask_geometry
2,L2,Stage-2 macro recall,fold03,301,-4.571524966261819,-4.242577597840764,0.8323353293413174,circular_shift_exact_mask_geometry
2,L2,Stage-2 macro recall,fold03,302,-4.900472334682874,-4.242577597840764,0.8323353293413174,circular_shift_exact_mask_geometry
2,L2,Stage-2 macro recall,fold03,303,-3.601551956815129,-4.242577597840764,0.8323353293413174,circular_shift_exact_mask_geometry
2,L2,Stage-2 macro recall,fold03,304,-4.900472334682874,-4.242577597840764,0.8323353293413174,circular_shift_exact_mask_geometry
2,L2,Stage-2 macro recall,fold03,305,-4.571524966261819,-4.242577597840764,0.8323353293413174,circular_shift_exact_mask_geometry
2,L2,Stage-2 macro recall,fold03,306,-5.57523616734143,-4.242577597840764,0.8323353293413174,circular_shift_exact_mask_geometry
2,L2,Stage-2 macro recall,fold03,307,-4.571524966261819,-4.242577597840764,0.8323353293413174,circular_shift_exact_mask_geometry
2,L2,Stage-2 macro recall,fold03,308,-3.9136302294197094,-4.242577597840764,0.8323353293413174,circular_shift_exact_mask_geometry
2,L2,Stage-2 macro recall,fold03,309,-5.229419703103915,-4.242577597840764,0.8323353293413174,circular_shift_exact_mask_geometry
2,L2,Stage-2 macro recall,fold03,310,-3.27260458839406,-4.242577597840764,0.8323353293413174,circular_shift_exact_mask_geometry
2,L2,Stage-2 macro recall,fold03,311,-4.900472334682874,-4.242577597840764,0.8323353293413174,circular_shift_exact_mask_geometry
2,L2,Stage-2 macro recall,fold03,312,-4.242577597840764,-4.242577597840764,0.8323353293413174,circular_shift_exact_mask_geometry
2,L2,Stage-2 macro recall,fold03,313,-3.27260458839406,-4.242577597840764,0.8323353293413174,circular_shift_exact_mask_geometry
2,L2,Stage-2 macro recall,fold03,314,-4.91734143049932,-4.242577597840764,0.8323353293413174,circular_shift_exact_mask_geometry
2,L2,Stage-2 macro recall,fold03,315,-4.571524966261819,-4.242577597840764,0.8323353293413174,circular_shift_exact_mask_geometry
2,L2,Stage-2 macro recall,fold03,316,-3.9136302294197094,-4.242577597840764,0.8323353293413174,circular_shift_exact_mask_geometry
2,L2,Stage-2 macro recall,fold03,317,-4.571524966261819,-4.242577597840764,0.8323353293413174,circular_shift_exact_mask_geometry
2,L2,Stage-2 macro recall,fold03,318,-5.55836707152497,-4.242577597840764,0.8323353293413174,circular_shift_exact_mask_geometry
2,L2,Stage-2 macro recall,fold03,319,-4.571524966261819,-4.242577597840764,0.8323353293413174,circular_shift_exact_mask_geometry
2,L2,Stage-2 macro recall,fold03,320,-4.242577597840764,-4.242577597840764,0.8323353293413174,circular_shift_exact_mask_geometry
2,L2,Stage-2 macro recall,fold03,321,-4.242577597840764,-4.242577597840764,0.8323353293413174,circular_shift_exact_mask_geometry
2,L2,Stage-2 macro recall,fold03,322,-4.242577597840764,-4.242577597840764,0.8323353293413174,circular_shift_exact_mask_geometry
2,L2,Stage-2 macro recall,fold03,323,-4.571524966261819,-4.242577597840764,0.8323353293413174,circular_shift_exact_mask_geometry
2,L2,Stage-2 macro recall,fold03,324,-5.229419703103915,-4.242577597840764,0.8323353293413174,circular_shift_exact_mask_geometry
2,L2,Stage-2 macro recall,fold03,325,-6.545209176788134,-4.242577597840764,0.8323353293413174,circular_shift_exact_mask_geometry
2,L2,Stage-2 macro recall,fold03,326,-4.242577597840764,-4.242577597840764,0.8323353293413174,circular_shift_exact_mask_geometry
2,L2,Stage-2 macro recall,fold03,327,-4.900472334682874,-4.242577597840764,0.8323353293413174,circular_shift_exact_mask_geometry
2,L2,Stage-2 macro recall,fold03,328,-4.5883940620782795,-4.242577597840764,0.8323353293413174,circular_shift_exact_mask_geometry
2,L2,Stage-2 macro recall,fold03,329,-3.9136302294197094,-4.242577597840764,0.8323353293413174,circular_shift_exact_mask_geometry
2,L2,Stage-2 macro recall,fold03,330,-5.229419703103915,-4.242577597840764,0.8323353293413174,circular_shift_exact_mask_geometry
2,L2,Stage-2 macro recall,fold03,331,-5.55836707152497,-4.242577597840764,0.8323353293413174,circular_shift_exact_mask_geometry
2,L2,Stage-2 macro recall,fold03,332,-6.216261808367079,-4.242577597840764,0.8323353293413174,circular_shift_exact_mask_geometry
2,L2,Stage-2 macro recall,fold03,333,-5.229419703103915,-4.242577597840764,0.8323353293413174,circular_shift_exact_mask_geometry
2,L2,Stage-2 macro recall,fold03,334,-4.900472334682874,-4.242577597840764,0.8323353293413174,circular_shift_exact_mask_geometry
2,L2,Stage-2 macro recall,fold03,335,-3.601551956815129,-4.242577597840764,0.8323353293413174,circular_shift_exact_mask_geometry
2,L2,Stage-2 macro recall,fold03,336,-4.900472334682874,-4.242577597840764,0.8323353293413174,circular_shift_exact_mask_geometry
2,L2,Stage-2 macro recall,fold03,337,-3.601551956815129,-4.242577597840764,0.8323353293413174,circular_shift_exact_mask_geometry
2,L2,Stage-2 macro recall,fold03,338,-4.900472334682874,-4.242577597840764,0.8323353293413174,circular_shift_exact_mask_geometry
2,L2,Stage-2 macro recall,fold03,339,-5.887314439946024,-4.242577597840764,0.8323353293413174,circular_shift_exact_mask_geometry
2,L2,Stage-2 macro recall,fold03,340,-4.571524966261819,-4.242577597840764,0.8323353293413174,circular_shift_exact_mask_geometry
2,L2,Stage-2 macro recall,fold03,341,-3.9136302294197094,-4.242577597840764,0.8323353293413174,circular_shift_exact_mask_geometry
2,L2,Stage-2 macro recall,fold03,342,-5.229419703103915,-4.242577597840764,0.8323353293413174,circular_shift_exact_mask_geometry
2,L2,Stage-2 macro recall,fold03,343,-4.5883940620782795,-4.242577597840764,0.8323353293413174,circular_shift_exact_mask_geometry
2,L2,Stage-2 macro recall,fold03,344,-4.259446693657225,-4.242577597840764,0.8323353293413174,circular_shift_exact_mask_geometry
2,L2,Stage-2 macro recall,fold03,345,-4.571524966261819,-4.242577597840764,0.8323353293413174,circular_shift_exact_mask_geometry
2,L2,Stage-2 macro recall,fold03,346,-5.229419703103915,-4.242577597840764,0.8323353293413174,circular_shift_exact_mask_geometry
2,L2,Stage-2 macro recall,fold03,347,-4.91734143049932,-4.242577597840764,0.8323353293413174,circular_shift_exact_mask_geometry
2,L2,Stage-2 macro recall,fold03,348,-4.91734143049932,-4.242577597840764,0.8323353293413174,circular_shift_exact_mask_geometry
2,L2,Stage-2 macro recall,fold03,349,-5.229419703103915,-4.242577597840764,0.8323353293413174,circular_shift_exact_mask_geometry
2,L2,Stage-2 macro recall,fold03,350,-4.259446693657225,-4.242577597840764,0.8323353293413174,circular_shift_exact_mask_geometry
2,L2,Stage-2 macro recall,fold03,351,-5.229419703103915,-4.242577597840764,0.8323353293413174,circular_shift_exact_mask_geometry
2,L2,Stage-2 macro recall,fold03,352,-4.900472334682874,-4.242577597840764,0.8323353293413174,circular_shift_exact_mask_geometry
2,L2,Stage-2 macro recall,fold03,353,-5.55836707152497,-4.242577597840764,0.8323353293413174,circular_shift_exact_mask_geometry
2,L2,Stage-2 macro recall,fold03,354,-5.229419703103915,-4.242577597840764,0.8323353293413174,circular_shift_exact_mask_geometry
2,L2,Stage-2 macro recall,fold03,355,-4.91734143049932,-4.242577597840764,0.8323353293413174,circular_shift_exact_mask_geometry
2,L2,Stage-2 macro recall,fold03,356,-5.887314439946024,-4.242577597840764,0.8323353293413174,circular_shift_exact_mask_geometry
2,L2,Stage-2 macro recall,fold03,357,-3.601551956815129,-4.242577597840764,0.8323353293413174,circular_shift_exact_mask_geometry
2,L2,Stage-2 macro recall,fold03,358,-4.900472334682874,-4.242577597840764,0.8323353293413174,circular_shift_exact_mask_geometry
2,L2,Stage-2 macro recall,fold03,359,-5.55836707152497,-4.242577597840764,0.8323353293413174,circular_shift_exact_mask_geometry
2,L2,Stage-2 macro recall,fold03,360,-4.900472334682874,-4.242577597840764,0.8323353293413174,circular_shift_exact_mask_geometry
2,L2,Stage-2 macro recall,fold03,361,-3.5846828609986545,-4.242577597840764,0.8323353293413174,circular_shift_exact_mask_geometry
2,L2,Stage-2 macro recall,fold03,362,-5.55836707152497,-4.242577597840764,0.8323353293413174,circular_shift_exact_mask_geometry
2,L2,Stage-2 macro recall,fold03,363,-6.216261808367079,-4.242577597840764,0.8323353293413174,circular_shift_exact_mask_geometry
2,L2,Stage-2 macro recall,fold03,364,-4.571524966261819,-4.242577597840764,0.8323353293413174,circular_shift_exact_mask_geometry
2,L2,Stage-2 macro recall,fold03,365,-4.571524966261819,-4.242577597840764,0.8323353293413174,circular_shift_exact_mask_geometry
2,L2,Stage-2 macro recall,fold03,366,-4.242577597840764,-4.242577597840764,0.8323353293413174,circular_shift_exact_mask_geometry
2,L2,Stage-2 macro recall,fold03,367,-5.229419703103915,-4.242577597840764,0.8323353293413174,circular_shift_exact_mask_geometry
2,L2,Stage-2 macro recall,fold03,368,-4.5883940620782795,-4.242577597840764,0.8323353293413174,circular_shift_exact_mask_geometry
2,L2,Stage-2 macro recall,fold03,369,-3.601551956815129,-4.242577597840764,0.8323353293413174,circular_shift_exact_mask_geometry
2,L2,Stage-2 macro recall,fold03,370,-6.216261808367079,-4.242577597840764,0.8323353293413174,circular_shift_exact_mask_geometry
2,L2,Stage-2 macro recall,fold03,371,-5.229419703103915,-4.242577597840764,0.8323353293413174,circular_shift_exact_mask_geometry
2,L2,Stage-2 macro recall,fold03,372,-4.571524966261819,-4.242577597840764,0.8323353293413174,circular_shift_exact_mask_geometry
2,L2,Stage-2 macro recall,fold03,373,-3.9136302294197094,-4.242577597840764,0.8323353293413174,circular_shift_exact_mask_geometry
2,L2,Stage-2 macro recall,fold03,374,-4.571524966261819,-4.242577597840764,0.8323353293413174,circular_shift_exact_mask_geometry
2,L2,Stage-2 macro recall,fold03,375,-4.242577597840764,-4.242577597840764,0.8323353293413174,circular_shift_exact_mask_geometry
2,L2,Stage-2 macro recall,fold03,376,-4.900472334682874,-4.242577597840764,0.8323353293413174,circular_shift_exact_mask_geometry
2,L2,Stage-2 macro recall,fold03,377,-3.601551956815129,-4.242577597840764,0.8323353293413174,circular_shift_exact_mask_geometry
2,L2,Stage-2 macro recall,fold03,378,-3.9304993252361697,-4.242577597840764,0.8323353293413174,circular_shift_exact_mask_geometry
2,L2,Stage-2 macro recall,fold03,379,-4.571524966261819,-4.242577597840764,0.8323353293413174,circular_shift_exact_mask_geometry
2,L2,Stage-2 macro recall,fold03,380,-4.900472334682874,-4.242577597840764,0.8323353293413174,circular_shift_exact_mask_geometry
2,L2,Stage-2 macro recall,fold03,381,-3.9304993252361697,-4.242577597840764,0.8323353293413174,circular_shift_exact_mask_geometry
2,L2,Stage-2 macro recall,fold03,382,-4.900472334682874,-4.242577597840764,0.8323353293413174,circular_shift_exact_mask_geometry
2,L2,Stage-2 macro recall,fold03,383,-4.571524966261819,-4.242577597840764,0.8323353293413174,circular_shift_exact_mask_geometry
2,L2,Stage-2 macro recall,fold03,384,-4.5883940620782795,-4.242577597840764,0.8323353293413174,circular_shift_exact_mask_geometry
2,L2,Stage-2 macro recall,fold03,385,-4.900472334682874,-4.242577597840764,0.8323353293413174,circular_shift_exact_mask_geometry
2,L2,Stage-2 macro recall,fold03,386,-4.900472334682874,-4.242577597840764,0.8323353293413174,circular_shift_exact_mask_geometry
2,L2,Stage-2 macro recall,fold03,387,-5.55836707152497,-4.242577597840764,0.8323353293413174,circular_shift_exact_mask_geometry
2,L2,Stage-2 macro recall,fold03,388,-4.259446693657225,-4.242577597840764,0.8323353293413174,circular_shift_exact_mask_geometry
2,L2,Stage-2 macro recall,fold03,389,-4.259446693657225,-4.242577597840764,0.8323353293413174,circular_shift_exact_mask_geometry
2,L2,Stage-2 macro recall,fold03,390,-4.5883940620782795,-4.242577597840764,0.8323353293413174,circular_shift_exact_mask_geometry
2,L2,Stage-2 macro recall,fold03,391,-4.571524966261819,-4.242577597840764,0.8323353293413174,circular_shift_exact_mask_geometry
2,L2,Stage-2 macro recall,fold03,392,-3.9136302294197094,-4.242577597840764,0.8323353293413174,circular_shift_exact_mask_geometry
2,L2,Stage-2 macro recall,fold03,393,-3.9304993252361697,-4.242577597840764,0.8323353293413174,circular_shift_exact_mask_geometry
2,L2,Stage-2 macro recall,fold03,394,-4.571524966261819,-4.242577597840764,0.8323353293413174,circular_shift_exact_mask_geometry
2,L2,Stage-2 macro recall,fold03,395,-5.229419703103915,-4.242577597840764,0.8323353293413174,circular_shift_exact_mask_geometry
2,L2,Stage-2 macro recall,fold03,396,-3.5846828609986545,-4.242577597840764,0.8323353293413174,circular_shift_exact_mask_geometry
2,L2,Stage-2 macro recall,fold03,397,-3.9304993252361697,-4.242577597840764,0.8323353293413174,circular_shift_exact_mask_geometry
2,L2,Stage-2 macro recall,fold03,398,-4.571524966261819,-4.242577597840764,0.8323353293413174,circular_shift_exact_mask_geometry
2,L2,Stage-2 macro recall,fold03,399,-3.601551956815129,-4.242577597840764,0.8323353293413174,circular_shift_exact_mask_geometry
2,L2,Stage-2 macro recall,fold03,400,-5.55836707152497,-4.242577597840764,0.8323353293413174,circular_shift_exact_mask_geometry
2,L2,Stage-2 macro recall,fold03,401,-3.9136302294197094,-4.242577597840764,0.8323353293413174,circular_shift_exact_mask_geometry
2,L2,Stage-2 macro recall,fold03,402,-4.571524966261819,-4.242577597840764,0.8323353293413174,circular_shift_exact_mask_geometry
2,L2,Stage-2 macro recall,fold03,403,-4.900472334682874,-4.242577597840764,0.8323353293413174,circular_shift_exact_mask_geometry
2,L2,Stage-2 macro recall,fold03,404,-5.229419703103915,-4.242577597840764,0.8323353293413174,circular_shift_exact_mask_geometry
2,L2,Stage-2 macro recall,fold03,405,-5.229419703103915,-4.242577597840764,0.8323353293413174,circular_shift_exact_mask_geometry
2,L2,Stage-2 macro recall,fold03,406,-4.571524966261819,-4.242577597840764,0.8323353293413174,circular_shift_exact_mask_geometry
2,L2,Stage-2 macro recall,fold03,407,-3.5846828609986545,-4.242577597840764,0.8323353293413174,circular_shift_exact_mask_geometry
2,L2,Stage-2 macro recall,fold03,408,-4.900472334682874,-4.242577597840764,0.8323353293413174,circular_shift_exact_mask_geometry
2,L2,Stage-2 macro recall,fold03,409,-6.216261808367079,-4.242577597840764,0.8323353293413174,circular_shift_exact_mask_geometry
2,L2,Stage-2 macro recall,fold03,410,-4.571524966261819,-4.242577597840764,0.8323353293413174,circular_shift_exact_mask_geometry
2,L2,Stage-2 macro recall,fold03,411,-5.229419703103915,-4.242577597840764,0.8323353293413174,circular_shift_exact_mask_geometry
2,L2,Stage-2 macro recall,fold03,412,-4.900472334682874,-4.242577597840764,0.8323353293413174,circular_shift_exact_mask_geometry
2,L2,Stage-2 macro recall,fold03,413,-4.900472334682874,-4.242577597840764,0.8323353293413174,circular_shift_exact_mask_geometry
2,L2,Stage-2 macro recall,fold03,414,-4.5883940620782795,-4.242577597840764,0.8323353293413174,circular_shift_exact_mask_geometry
2,L2,Stage-2 macro recall,fold03,415,-3.601551956815129,-4.242577597840764,0.8323353293413174,circular_shift_exact_mask_geometry
2,L2,Stage-2 macro recall,fold03,416,-3.9136302294197094,-4.242577597840764,0.8323353293413174,circular_shift_exact_mask_geometry
2,L2,Stage-2 macro recall,fold03,417,-4.571524966261819,-4.242577597840764,0.8323353293413174,circular_shift_exact_mask_geometry
2,L2,Stage-2 macro recall,fold03,418,-5.887314439946024,-4.242577597840764,0.8323353293413174,circular_shift_exact_mask_geometry
2,L2,Stage-2 macro recall,fold03,419,-4.242577597840764,-4.242577597840764,0.8323353293413174,circular_shift_exact_mask_geometry
2,L2,Stage-2 macro recall,fold03,420,-5.55836707152497,-4.242577597840764,0.8323353293413174,circular_shift_exact_mask_geometry
2,L2,Stage-2 macro recall,fold03,421,-4.900472334682874,-4.242577597840764,0.8323353293413174,circular_shift_exact_mask_geometry
2,L2,Stage-2 macro recall,fold03,422,-4.91734143049932,-4.242577597840764,0.8323353293413174,circular_shift_exact_mask_geometry
2,L2,Stage-2 macro recall,fold03,423,-4.900472334682874,-4.242577597840764,0.8323353293413174,circular_shift_exact_mask_geometry
2,L2,Stage-2 macro recall,fold03,424,-4.571524966261819,-4.242577597840764,0.8323353293413174,circular_shift_exact_mask_geometry
2,L2,Stage-2 macro recall,fold03,425,-4.571524966261819,-4.242577597840764,0.8323353293413174,circular_shift_exact_mask_geometry
2,L2,Stage-2 macro recall,fold03,426,-4.242577597840764,-4.242577597840764,0.8323353293413174,circular_shift_exact_mask_geometry
2,L2,Stage-2 macro recall,fold03,427,-4.5883940620782795,-4.242577597840764,0.8323353293413174,circular_shift_exact_mask_geometry
2,L2,Stage-2 macro recall,fold03,428,-4.571524966261819,-4.242577597840764,0.8323353293413174,circular_shift_exact_mask_geometry
2,L2,Stage-2 macro recall,fold03,429,-5.887314439946024,-4.242577597840764,0.8323353293413174,circular_shift_exact_mask_geometry
2,L2,Stage-2 macro recall,fold03,430,-4.571524966261819,-4.242577597840764,0.8323353293413174,circular_shift_exact_mask_geometry
2,L2,Stage-2 macro recall,fold03,431,-4.571524966261819,-4.242577597840764,0.8323353293413174,circular_shift_exact_mask_geometry
2,L2,Stage-2 macro recall,fold03,432,-4.242577597840764,-4.242577597840764,0.8323353293413174,circular_shift_exact_mask_geometry
2,L2,Stage-2 macro recall,fold03,433,-4.900472334682874,-4.242577597840764,0.8323353293413174,circular_shift_exact_mask_geometry
2,L2,Stage-2 macro recall,fold03,434,-4.259446693657225,-4.242577597840764,0.8323353293413174,circular_shift_exact_mask_geometry
2,L2,Stage-2 macro recall,fold03,435,-5.229419703103915,-4.242577597840764,0.8323353293413174,circular_shift_exact_mask_geometry
2,L2,Stage-2 macro recall,fold03,436,-4.900472334682874,-4.242577597840764,0.8323353293413174,circular_shift_exact_mask_geometry
2,L2,Stage-2 macro recall,fold03,437,-5.887314439946024,-4.242577597840764,0.8323353293413174,circular_shift_exact_mask_geometry
2,L2,Stage-2 macro recall,fold03,438,-3.5846828609986545,-4.242577597840764,0.8323353293413174,circular_shift_exact_mask_geometry
2,L2,Stage-2 macro recall,fold03,439,-3.601551956815129,-4.242577597840764,0.8323353293413174,circular_shift_exact_mask_geometry
2,L2,Stage-2 macro recall,fold03,440,-4.242577597840764,-4.242577597840764,0.8323353293413174,circular_shift_exact_mask_geometry
2,L2,Stage-2 macro recall,fold03,441,-4.5883940620782795,-4.242577597840764,0.8323353293413174,circular_shift_exact_mask_geometry
2,L2,Stage-2 macro recall,fold03,442,-5.887314439946024,-4.242577597840764,0.8323353293413174,circular_shift_exact_mask_geometry
2,L2,Stage-2 macro recall,fold03,443,-4.900472334682874,-4.242577597840764,0.8323353293413174,circular_shift_exact_mask_geometry
2,L2,Stage-2 macro recall,fold03,444,-6.216261808367079,-4.242577597840764,0.8323353293413174,circular_shift_exact_mask_geometry
2,L2,Stage-2 macro recall,fold03,445,-4.900472334682874,-4.242577597840764,0.8323353293413174,circular_shift_exact_mask_geometry
2,L2,Stage-2 macro recall,fold03,446,-4.5883940620782795,-4.242577597840764,0.8323353293413174,circular_shift_exact_mask_geometry
2,L2,Stage-2 macro recall,fold03,447,-5.887314439946024,-4.242577597840764,0.8323353293413174,circular_shift_exact_mask_geometry
2,L2,Stage-2 macro recall,fold03,448,-3.9304993252361697,-4.242577597840764,0.8323353293413174,circular_shift_exact_mask_geometry
2,L2,Stage-2 macro recall,fold03,449,-4.571524966261819,-4.242577597840764,0.8323353293413174,circular_shift_exact_mask_geometry
2,L2,Stage-2 macro recall,fold03,450,-3.601551956815129,-4.242577597840764,0.8323353293413174,circular_shift_exact_mask_geometry
2,L2,Stage-2 macro recall,fold03,451,-5.246288798920389,-4.242577597840764,0.8323353293413174,circular_shift_exact_mask_geometry
2,L2,Stage-2 macro recall,fold03,452,-3.9304993252361697,-4.242577597840764,0.8323353293413174,circular_shift_exact_mask_geometry
2,L2,Stage-2 macro recall,fold03,453,-4.900472334682874,-4.242577597840764,0.8323353293413174,circular_shift_exact_mask_geometry
2,L2,Stage-2 macro recall,fold03,454,-5.55836707152497,-4.242577597840764,0.8323353293413174,circular_shift_exact_mask_geometry
2,L2,Stage-2 macro recall,fold03,455,-4.571524966261819,-4.242577597840764,0.8323353293413174,circular_shift_exact_mask_geometry
2,L2,Stage-2 macro recall,fold03,456,-4.242577597840764,-4.242577597840764,0.8323353293413174,circular_shift_exact_mask_geometry
2,L2,Stage-2 macro recall,fold03,457,-5.229419703103915,-4.242577597840764,0.8323353293413174,circular_shift_exact_mask_geometry
2,L2,Stage-2 macro recall,fold03,458,-4.242577597840764,-4.242577597840764,0.8323353293413174,circular_shift_exact_mask_geometry
2,L2,Stage-2 macro recall,fold03,459,-4.900472334682874,-4.242577597840764,0.8323353293413174,circular_shift_exact_mask_geometry
2,L2,Stage-2 macro recall,fold03,460,-4.5883940620782795,-4.242577597840764,0.8323353293413174,circular_shift_exact_mask_geometry
2,L2,Stage-2 macro recall,fold03,461,-4.259446693657225,-4.242577597840764,0.8323353293413174,circular_shift_exact_mask_geometry
2,L2,Stage-2 macro recall,fold03,462,-4.900472334682874,-4.242577597840764,0.8323353293413174,circular_shift_exact_mask_geometry
2,L2,Stage-2 macro recall,fold03,463,-3.9136302294197094,-4.242577597840764,0.8323353293413174,circular_shift_exact_mask_geometry
2,L2,Stage-2 macro recall,fold03,464,-3.9304993252361697,-4.242577597840764,0.8323353293413174,circular_shift_exact_mask_geometry
2,L2,Stage-2 macro recall,fold03,465,-5.229419703103915,-4.242577597840764,0.8323353293413174,circular_shift_exact_mask_geometry
2,L2,Stage-2 macro recall,fold03,466,-5.229419703103915,-4.242577597840764,0.8323353293413174,circular_shift_exact_mask_geometry
2,L2,Stage-2 macro recall,fold03,467,-5.229419703103915,-4.242577597840764,0.8323353293413174,circular_shift_exact_mask_geometry
2,L2,Stage-2 macro recall,fold03,468,-5.229419703103915,-4.242577597840764,0.8323353293413174,circular_shift_exact_mask_geometry
2,L2,Stage-2 macro recall,fold03,469,-4.242577597840764,-4.242577597840764,0.8323353293413174,circular_shift_exact_mask_geometry
2,L2,Stage-2 macro recall,fold03,470,-4.242577597840764,-4.242577597840764,0.8323353293413174,circular_shift_exact_mask_geometry
2,L2,Stage-2 macro recall,fold03,471,-5.55836707152497,-4.242577597840764,0.8323353293413174,circular_shift_exact_mask_geometry
2,L2,Stage-2 macro recall,fold03,472,-5.55836707152497,-4.242577597840764,0.8323353293413174,circular_shift_exact_mask_geometry
2,L2,Stage-2 macro recall,fold03,473,-4.242577597840764,-4.242577597840764,0.8323353293413174,circular_shift_exact_mask_geometry
2,L2,Stage-2 macro recall,fold03,474,-5.229419703103915,-4.242577597840764,0.8323353293413174,circular_shift_exact_mask_geometry
2,L2,Stage-2 macro recall,fold03,475,-3.9304993252361697,-4.242577597840764,0.8323353293413174,circular_shift_exact_mask_geometry
2,L2,Stage-2 macro recall,fold03,476,-3.9136302294197094,-4.242577597840764,0.8323353293413174,circular_shift_exact_mask_geometry
2,L2,Stage-2 macro recall,fold03,477,-4.900472334682874,-4.242577597840764,0.8323353293413174,circular_shift_exact_mask_geometry
2,L2,Stage-2 macro recall,fold03,478,-4.900472334682874,-4.242577597840764,0.8323353293413174,circular_shift_exact_mask_geometry
2,L2,Stage-2 macro recall,fold03,479,-4.5883940620782795,-4.242577597840764,0.8323353293413174,circular_shift_exact_mask_geometry
2,L2,Stage-2 macro recall,fold03,480,-5.246288798920389,-4.242577597840764,0.8323353293413174,circular_shift_exact_mask_geometry
2,L2,Stage-2 macro recall,fold03,481,-4.900472334682874,-4.242577597840764,0.8323353293413174,circular_shift_exact_mask_geometry
2,L2,Stage-2 macro recall,fold03,482,-3.9136302294197094,-4.242577597840764,0.8323353293413174,circular_shift_exact_mask_geometry
2,L2,Stage-2 macro recall,fold03,483,-5.246288798920389,-4.242577597840764,0.8323353293413174,circular_shift_exact_mask_geometry
2,L2,Stage-2 macro recall,fold03,484,-4.242577597840764,-4.242577597840764,0.8323353293413174,circular_shift_exact_mask_geometry
2,L2,Stage-2 macro recall,fold03,485,-4.259446693657225,-4.242577597840764,0.8323353293413174,circular_shift_exact_mask_geometry
2,L2,Stage-2 macro recall,fold03,486,-5.229419703103915,-4.242577597840764,0.8323353293413174,circular_shift_exact_mask_geometry
2,L2,Stage-2 macro recall,fold03,487,-4.900472334682874,-4.242577597840764,0.8323353293413174,circular_shift_exact_mask_geometry
2,L2,Stage-2 macro recall,fold03,488,-3.601551956815129,-4.242577597840764,0.8323353293413174,circular_shift_exact_mask_geometry
2,L2,Stage-2 macro recall,fold03,489,-3.9304993252361697,-4.242577597840764,0.8323353293413174,circular_shift_exact_mask_geometry
2,L2,Stage-2 macro recall,fold03,490,-3.9304993252361697,-4.242577597840764,0.8323353293413174,circular_shift_exact_mask_geometry
2,L2,Stage-2 macro recall,fold03,491,-3.9304993252361697,-4.242577597840764,0.8323353293413174,circular_shift_exact_mask_geometry
2,L2,Stage-2 macro recall,fold03,492,-4.900472334682874,-4.242577597840764,0.8323353293413174,circular_shift_exact_mask_geometry
2,L2,Stage-2 macro recall,fold03,493,-4.242577597840764,-4.242577597840764,0.8323353293413174,circular_shift_exact_mask_geometry
2,L2,Stage-2 macro recall,fold03,494,-3.9136302294197094,-4.242577597840764,0.8323353293413174,circular_shift_exact_mask_geometry
2,L2,Stage-2 macro recall,fold03,495,-3.9136302294197094,-4.242577597840764,0.8323353293413174,circular_shift_exact_mask_geometry
2,L2,Stage-2 macro recall,fold03,496,-4.5883940620782795,-4.242577597840764,0.8323353293413174,circular_shift_exact_mask_geometry
2,L2,Stage-2 macro recall,fold03,497,-5.229419703103915,-4.242577597840764,0.8323353293413174,circular_shift_exact_mask_geometry
2,L2,Stage-2 macro recall,fold03,498,-3.9136302294197094,-4.242577597840764,0.8323353293413174,circular_shift_exact_mask_geometry
2,L2,Stage-2 macro recall,fold03,499,-4.900472334682874,-4.242577597840764,0.8323353293413174,circular_shift_exact_mask_geometry
2,L2,Stage-2 macro recall,fold03,500,-4.571524966261819,-4.242577597840764,0.8323353293413174,circular_shift_exact_mask_geometry
3,L3,Hesitating recall,fold03,1,2.5,2.5,1.0,circular_shift_exact_mask_geometry
3,L3,Hesitating recall,fold03,2,0.0,2.5,1.0,circular_shift_exact_mask_geometry
3,L3,Hesitating recall,fold03,3,2.5,2.5,1.0,circular_shift_exact_mask_geometry
3,L3,Hesitating recall,fold03,4,2.5,2.5,1.0,circular_shift_exact_mask_geometry
3,L3,Hesitating recall,fold03,5,2.5,2.5,1.0,circular_shift_exact_mask_geometry
3,L3,Hesitating recall,fold03,6,0.0,2.5,1.0,circular_shift_exact_mask_geometry
3,L3,Hesitating recall,fold03,7,2.5,2.5,1.0,circular_shift_exact_mask_geometry
3,L3,Hesitating recall,fold03,8,2.5,2.5,1.0,circular_shift_exact_mask_geometry
3,L3,Hesitating recall,fold03,9,2.5,2.5,1.0,circular_shift_exact_mask_geometry
3,L3,Hesitating recall,fold03,10,2.5,2.5,1.0,circular_shift_exact_mask_geometry
3,L3,Hesitating recall,fold03,11,2.5,2.5,1.0,circular_shift_exact_mask_geometry
3,L3,Hesitating recall,fold03,12,0.0,2.5,1.0,circular_shift_exact_mask_geometry
3,L3,Hesitating recall,fold03,13,2.5,2.5,1.0,circular_shift_exact_mask_geometry
3,L3,Hesitating recall,fold03,14,2.5,2.5,1.0,circular_shift_exact_mask_geometry
3,L3,Hesitating recall,fold03,15,2.5,2.5,1.0,circular_shift_exact_mask_geometry
3,L3,Hesitating recall,fold03,16,2.5,2.5,1.0,circular_shift_exact_mask_geometry
3,L3,Hesitating recall,fold03,17,2.5,2.5,1.0,circular_shift_exact_mask_geometry
3,L3,Hesitating recall,fold03,18,0.0,2.5,1.0,circular_shift_exact_mask_geometry
3,L3,Hesitating recall,fold03,19,2.5,2.5,1.0,circular_shift_exact_mask_geometry
3,L3,Hesitating recall,fold03,20,2.5,2.5,1.0,circular_shift_exact_mask_geometry
3,L3,Hesitating recall,fold03,21,2.5,2.5,1.0,circular_shift_exact_mask_geometry
3,L3,Hesitating recall,fold03,22,2.5,2.5,1.0,circular_shift_exact_mask_geometry
3,L3,Hesitating recall,fold03,23,0.0,2.5,1.0,circular_shift_exact_mask_geometry
3,L3,Hesitating recall,fold03,24,0.0,2.5,1.0,circular_shift_exact_mask_geometry
3,L3,Hesitating recall,fold03,25,2.5,2.5,1.0,circular_shift_exact_mask_geometry
3,L3,Hesitating recall,fold03,26,2.5,2.5,1.0,circular_shift_exact_mask_geometry
3,L3,Hesitating recall,fold03,27,2.5,2.5,1.0,circular_shift_exact_mask_geometry
3,L3,Hesitating recall,fold03,28,2.5,2.5,1.0,circular_shift_exact_mask_geometry
3,L3,Hesitating recall,fold03,29,2.5,2.5,1.0,circular_shift_exact_mask_geometry
3,L3,Hesitating recall,fold03,30,2.5,2.5,1.0,circular_shift_exact_mask_geometry
3,L3,Hesitating recall,fold03,31,2.5,2.5,1.0,circular_shift_exact_mask_geometry
3,L3,Hesitating recall,fold03,32,0.0,2.5,1.0,circular_shift_exact_mask_geometry
3,L3,Hesitating recall,fold03,33,2.5,2.5,1.0,circular_shift_exact_mask_geometry
3,L3,Hesitating recall,fold03,34,2.5,2.5,1.0,circular_shift_exact_mask_geometry
3,L3,Hesitating recall,fold03,35,2.5,2.5,1.0,circular_shift_exact_mask_geometry
3,L3,Hesitating recall,fold03,36,2.5,2.5,1.0,circular_shift_exact_mask_geometry
3,L3,Hesitating recall,fold03,37,2.5,2.5,1.0,circular_shift_exact_mask_geometry
3,L3,Hesitating recall,fold03,38,0.0,2.5,1.0,circular_shift_exact_mask_geometry
3,L3,Hesitating recall,fold03,39,2.5,2.5,1.0,circular_shift_exact_mask_geometry
3,L3,Hesitating recall,fold03,40,0.0,2.5,1.0,circular_shift_exact_mask_geometry
3,L3,Hesitating recall,fold03,41,2.5,2.5,1.0,circular_shift_exact_mask_geometry
3,L3,Hesitating recall,fold03,42,2.5,2.5,1.0,circular_shift_exact_mask_geometry
3,L3,Hesitating recall,fold03,43,0.0,2.5,1.0,circular_shift_exact_mask_geometry
3,L3,Hesitating recall,fold03,44,2.5,2.5,1.0,circular_shift_exact_mask_geometry
3,L3,Hesitating recall,fold03,45,2.5,2.5,1.0,circular_shift_exact_mask_geometry
3,L3,Hesitating recall,fold03,46,0.0,2.5,1.0,circular_shift_exact_mask_geometry
3,L3,Hesitating recall,fold03,47,2.5,2.5,1.0,circular_shift_exact_mask_geometry
3,L3,Hesitating recall,fold03,48,2.5,2.5,1.0,circular_shift_exact_mask_geometry
3,L3,Hesitating recall,fold03,49,0.0,2.5,1.0,circular_shift_exact_mask_geometry
3,L3,Hesitating recall,fold03,50,2.5,2.5,1.0,circular_shift_exact_mask_geometry
3,L3,Hesitating recall,fold03,51,2.5,2.5,1.0,circular_shift_exact_mask_geometry
3,L3,Hesitating recall,fold03,52,2.5,2.5,1.0,circular_shift_exact_mask_geometry
3,L3,Hesitating recall,fold03,53,2.5,2.5,1.0,circular_shift_exact_mask_geometry
3,L3,Hesitating recall,fold03,54,2.5,2.5,1.0,circular_shift_exact_mask_geometry
3,L3,Hesitating recall,fold03,55,2.5,2.5,1.0,circular_shift_exact_mask_geometry
3,L3,Hesitating recall,fold03,56,2.5,2.5,1.0,circular_shift_exact_mask_geometry
3,L3,Hesitating recall,fold03,57,2.5,2.5,1.0,circular_shift_exact_mask_geometry
3,L3,Hesitating recall,fold03,58,0.0,2.5,1.0,circular_shift_exact_mask_geometry
3,L3,Hesitating recall,fold03,59,2.5,2.5,1.0,circular_shift_exact_mask_geometry
3,L3,Hesitating recall,fold03,60,2.5,2.5,1.0,circular_shift_exact_mask_geometry
3,L3,Hesitating recall,fold03,61,0.0,2.5,1.0,circular_shift_exact_mask_geometry
3,L3,Hesitating recall,fold03,62,2.5,2.5,1.0,circular_shift_exact_mask_geometry
3,L3,Hesitating recall,fold03,63,2.5,2.5,1.0,circular_shift_exact_mask_geometry
3,L3,Hesitating recall,fold03,64,0.0,2.5,1.0,circular_shift_exact_mask_geometry
3,L3,Hesitating recall,fold03,65,2.5,2.5,1.0,circular_shift_exact_mask_geometry
3,L3,Hesitating recall,fold03,66,2.5,2.5,1.0,circular_shift_exact_mask_geometry
3,L3,Hesitating recall,fold03,67,0.0,2.5,1.0,circular_shift_exact_mask_geometry
3,L3,Hesitating recall,fold03,68,2.5,2.5,1.0,circular_shift_exact_mask_geometry
3,L3,Hesitating recall,fold03,69,2.5,2.5,1.0,circular_shift_exact_mask_geometry
3,L3,Hesitating recall,fold03,70,0.0,2.5,1.0,circular_shift_exact_mask_geometry
3,L3,Hesitating recall,fold03,71,0.0,2.5,1.0,circular_shift_exact_mask_geometry
3,L3,Hesitating recall,fold03,72,2.5,2.5,1.0,circular_shift_exact_mask_geometry
3,L3,Hesitating recall,fold03,73,2.5,2.5,1.0,circular_shift_exact_mask_geometry
3,L3,Hesitating recall,fold03,74,2.5,2.5,1.0,circular_shift_exact_mask_geometry
3,L3,Hesitating recall,fold03,75,2.5,2.5,1.0,circular_shift_exact_mask_geometry
3,L3,Hesitating recall,fold03,76,0.0,2.5,1.0,circular_shift_exact_mask_geometry
3,L3,Hesitating recall,fold03,77,2.5,2.5,1.0,circular_shift_exact_mask_geometry
3,L3,Hesitating recall,fold03,78,2.5,2.5,1.0,circular_shift_exact_mask_geometry
3,L3,Hesitating recall,fold03,79,2.5,2.5,1.0,circular_shift_exact_mask_geometry
3,L3,Hesitating recall,fold03,80,2.5,2.5,1.0,circular_shift_exact_mask_geometry
3,L3,Hesitating recall,fold03,81,2.5,2.5,1.0,circular_shift_exact_mask_geometry
3,L3,Hesitating recall,fold03,82,0.0,2.5,1.0,circular_shift_exact_mask_geometry
3,L3,Hesitating recall,fold03,83,2.5,2.5,1.0,circular_shift_exact_mask_geometry
3,L3,Hesitating recall,fold03,84,2.5,2.5,1.0,circular_shift_exact_mask_geometry
3,L3,Hesitating recall,fold03,85,2.5,2.5,1.0,circular_shift_exact_mask_geometry
3,L3,Hesitating recall,fold03,86,2.5,2.5,1.0,circular_shift_exact_mask_geometry
3,L3,Hesitating recall,fold03,87,0.0,2.5,1.0,circular_shift_exact_mask_geometry
3,L3,Hesitating recall,fold03,88,2.5,2.5,1.0,circular_shift_exact_mask_geometry
3,L3,Hesitating recall,fold03,89,2.5,2.5,1.0,circular_shift_exact_mask_geometry
3,L3,Hesitating recall,fold03,90,2.5,2.5,1.0,circular_shift_exact_mask_geometry
3,L3,Hesitating recall,fold03,91,0.0,2.5,1.0,circular_shift_exact_mask_geometry
3,L3,Hesitating recall,fold03,92,0.0,2.5,1.0,circular_shift_exact_mask_geometry
3,L3,Hesitating recall,fold03,93,2.5,2.5,1.0,circular_shift_exact_mask_geometry
3,L3,Hesitating recall,fold03,94,2.5,2.5,1.0,circular_shift_exact_mask_geometry
3,L3,Hesitating recall,fold03,95,2.5,2.5,1.0,circular_shift_exact_mask_geometry
3,L3,Hesitating recall,fold03,96,0.0,2.5,1.0,circular_shift_exact_mask_geometry
3,L3,Hesitating recall,fold03,97,2.5,2.5,1.0,circular_shift_exact_mask_geometry
3,L3,Hesitating recall,fold03,98,0.0,2.5,1.0,circular_shift_exact_mask_geometry
3,L3,Hesitating recall,fold03,99,2.5,2.5,1.0,circular_shift_exact_mask_geometry
3,L3,Hesitating recall,fold03,100,0.0,2.5,1.0,circular_shift_exact_mask_geometry
3,L3,Hesitating recall,fold03,101,2.5,2.5,1.0,circular_shift_exact_mask_geometry
3,L3,Hesitating recall,fold03,102,0.0,2.5,1.0,circular_shift_exact_mask_geometry
3,L3,Hesitating recall,fold03,103,2.5,2.5,1.0,circular_shift_exact_mask_geometry
3,L3,Hesitating recall,fold03,104,2.5,2.5,1.0,circular_shift_exact_mask_geometry
3,L3,Hesitating recall,fold03,105,2.5,2.5,1.0,circular_shift_exact_mask_geometry
3,L3,Hesitating recall,fold03,106,2.5,2.5,1.0,circular_shift_exact_mask_geometry
3,L3,Hesitating recall,fold03,107,0.0,2.5,1.0,circular_shift_exact_mask_geometry
3,L3,Hesitating recall,fold03,108,2.5,2.5,1.0,circular_shift_exact_mask_geometry
3,L3,Hesitating recall,fold03,109,0.0,2.5,1.0,circular_shift_exact_mask_geometry
3,L3,Hesitating recall,fold03,110,2.5,2.5,1.0,circular_shift_exact_mask_geometry
3,L3,Hesitating recall,fold03,111,0.0,2.5,1.0,circular_shift_exact_mask_geometry
3,L3,Hesitating recall,fold03,112,2.5,2.5,1.0,circular_shift_exact_mask_geometry
3,L3,Hesitating recall,fold03,113,0.0,2.5,1.0,circular_shift_exact_mask_geometry
3,L3,Hesitating recall,fold03,114,2.5,2.5,1.0,circular_shift_exact_mask_geometry
3,L3,Hesitating recall,fold03,115,2.5,2.5,1.0,circular_shift_exact_mask_geometry
3,L3,Hesitating recall,fold03,116,2.5,2.5,1.0,circular_shift_exact_mask_geometry
3,L3,Hesitating recall,fold03,117,2.5,2.5,1.0,circular_shift_exact_mask_geometry
3,L3,Hesitating recall,fold03,118,2.5,2.5,1.0,circular_shift_exact_mask_geometry
3,L3,Hesitating recall,fold03,119,2.5,2.5,1.0,circular_shift_exact_mask_geometry
3,L3,Hesitating recall,fold03,120,2.5,2.5,1.0,circular_shift_exact_mask_geometry
3,L3,Hesitating recall,fold03,121,2.5,2.5,1.0,circular_shift_exact_mask_geometry
3,L3,Hesitating recall,fold03,122,0.0,2.5,1.0,circular_shift_exact_mask_geometry
3,L3,Hesitating recall,fold03,123,0.0,2.5,1.0,circular_shift_exact_mask_geometry
3,L3,Hesitating recall,fold03,124,0.0,2.5,1.0,circular_shift_exact_mask_geometry
3,L3,Hesitating recall,fold03,125,0.0,2.5,1.0,circular_shift_exact_mask_geometry
3,L3,Hesitating recall,fold03,126,0.0,2.5,1.0,circular_shift_exact_mask_geometry
3,L3,Hesitating recall,fold03,127,2.5,2.5,1.0,circular_shift_exact_mask_geometry
3,L3,Hesitating recall,fold03,128,2.5,2.5,1.0,circular_shift_exact_mask_geometry
3,L3,Hesitating recall,fold03,129,2.5,2.5,1.0,circular_shift_exact_mask_geometry
3,L3,Hesitating recall,fold03,130,0.0,2.5,1.0,circular_shift_exact_mask_geometry
3,L3,Hesitating recall,fold03,131,0.0,2.5,1.0,circular_shift_exact_mask_geometry
3,L3,Hesitating recall,fold03,132,2.5,2.5,1.0,circular_shift_exact_mask_geometry
3,L3,Hesitating recall,fold03,133,2.5,2.5,1.0,circular_shift_exact_mask_geometry
3,L3,Hesitating recall,fold03,134,2.5,2.5,1.0,circular_shift_exact_mask_geometry
3,L3,Hesitating recall,fold03,135,2.5,2.5,1.0,circular_shift_exact_mask_geometry
3,L3,Hesitating recall,fold03,136,2.5,2.5,1.0,circular_shift_exact_mask_geometry
3,L3,Hesitating recall,fold03,137,2.5,2.5,1.0,circular_shift_exact_mask_geometry
3,L3,Hesitating recall,fold03,138,0.0,2.5,1.0,circular_shift_exact_mask_geometry
3,L3,Hesitating recall,fold03,139,0.0,2.5,1.0,circular_shift_exact_mask_geometry
3,L3,Hesitating recall,fold03,140,2.5,2.5,1.0,circular_shift_exact_mask_geometry
3,L3,Hesitating recall,fold03,141,2.5,2.5,1.0,circular_shift_exact_mask_geometry
3,L3,Hesitating recall,fold03,142,2.5,2.5,1.0,circular_shift_exact_mask_geometry
3,L3,Hesitating recall,fold03,143,0.0,2.5,1.0,circular_shift_exact_mask_geometry
3,L3,Hesitating recall,fold03,144,2.5,2.5,1.0,circular_shift_exact_mask_geometry
3,L3,Hesitating recall,fold03,145,2.5,2.5,1.0,circular_shift_exact_mask_geometry
3,L3,Hesitating recall,fold03,146,2.5,2.5,1.0,circular_shift_exact_mask_geometry
3,L3,Hesitating recall,fold03,147,2.5,2.5,1.0,circular_shift_exact_mask_geometry
3,L3,Hesitating recall,fold03,148,2.5,2.5,1.0,circular_shift_exact_mask_geometry
3,L3,Hesitating recall,fold03,149,2.5,2.5,1.0,circular_shift_exact_mask_geometry
3,L3,Hesitating recall,fold03,150,2.5,2.5,1.0,circular_shift_exact_mask_geometry
3,L3,Hesitating recall,fold03,151,2.5,2.5,1.0,circular_shift_exact_mask_geometry
3,L3,Hesitating recall,fold03,152,2.5,2.5,1.0,circular_shift_exact_mask_geometry
3,L3,Hesitating recall,fold03,153,0.0,2.5,1.0,circular_shift_exact_mask_geometry
3,L3,Hesitating recall,fold03,154,2.5,2.5,1.0,circular_shift_exact_mask_geometry
3,L3,Hesitating recall,fold03,155,2.5,2.5,1.0,circular_shift_exact_mask_geometry
3,L3,Hesitating recall,fold03,156,2.5,2.5,1.0,circular_shift_exact_mask_geometry
3,L3,Hesitating recall,fold03,157,2.5,2.5,1.0,circular_shift_exact_mask_geometry
3,L3,Hesitating recall,fold03,158,2.5,2.5,1.0,circular_shift_exact_mask_geometry
3,L3,Hesitating recall,fold03,159,2.5,2.5,1.0,circular_shift_exact_mask_geometry
3,L3,Hesitating recall,fold03,160,2.5,2.5,1.0,circular_shift_exact_mask_geometry
3,L3,Hesitating recall,fold03,161,2.5,2.5,1.0,circular_shift_exact_mask_geometry
3,L3,Hesitating recall,fold03,162,2.5,2.5,1.0,circular_shift_exact_mask_geometry
3,L3,Hesitating recall,fold03,163,2.5,2.5,1.0,circular_shift_exact_mask_geometry
3,L3,Hesitating recall,fold03,164,2.5,2.5,1.0,circular_shift_exact_mask_geometry
3,L3,Hesitating recall,fold03,165,2.5,2.5,1.0,circular_shift_exact_mask_geometry
3,L3,Hesitating recall,fold03,166,2.5,2.5,1.0,circular_shift_exact_mask_geometry
3,L3,Hesitating recall,fold03,167,0.0,2.5,1.0,circular_shift_exact_mask_geometry
3,L3,Hesitating recall,fold03,168,2.5,2.5,1.0,circular_shift_exact_mask_geometry
3,L3,Hesitating recall,fold03,169,2.5,2.5,1.0,circular_shift_exact_mask_geometry
3,L3,Hesitating recall,fold03,170,2.5,2.5,1.0,circular_shift_exact_mask_geometry
3,L3,Hesitating recall,fold03,171,0.0,2.5,1.0,circular_shift_exact_mask_geometry
3,L3,Hesitating recall,fold03,172,2.5,2.5,1.0,circular_shift_exact_mask_geometry
3,L3,Hesitating recall,fold03,173,0.0,2.5,1.0,circular_shift_exact_mask_geometry
3,L3,Hesitating recall,fold03,174,2.5,2.5,1.0,circular_shift_exact_mask_geometry
3,L3,Hesitating recall,fold03,175,2.5,2.5,1.0,circular_shift_exact_mask_geometry
3,L3,Hesitating recall,fold03,176,2.5,2.5,1.0,circular_shift_exact_mask_geometry
3,L3,Hesitating recall,fold03,177,2.5,2.5,1.0,circular_shift_exact_mask_geometry
3,L3,Hesitating recall,fold03,178,0.0,2.5,1.0,circular_shift_exact_mask_geometry
3,L3,Hesitating recall,fold03,179,2.5,2.5,1.0,circular_shift_exact_mask_geometry
3,L3,Hesitating recall,fold03,180,2.5,2.5,1.0,circular_shift_exact_mask_geometry
3,L3,Hesitating recall,fold03,181,0.0,2.5,1.0,circular_shift_exact_mask_geometry
3,L3,Hesitating recall,fold03,182,0.0,2.5,1.0,circular_shift_exact_mask_geometry
3,L3,Hesitating recall,fold03,183,2.5,2.5,1.0,circular_shift_exact_mask_geometry
3,L3,Hesitating recall,fold03,184,2.5,2.5,1.0,circular_shift_exact_mask_geometry
3,L3,Hesitating recall,fold03,185,2.5,2.5,1.0,circular_shift_exact_mask_geometry
3,L3,Hesitating recall,fold03,186,2.5,2.5,1.0,circular_shift_exact_mask_geometry
3,L3,Hesitating recall,fold03,187,2.5,2.5,1.0,circular_shift_exact_mask_geometry
3,L3,Hesitating recall,fold03,188,2.5,2.5,1.0,circular_shift_exact_mask_geometry
3,L3,Hesitating recall,fold03,189,2.5,2.5,1.0,circular_shift_exact_mask_geometry
3,L3,Hesitating recall,fold03,190,2.5,2.5,1.0,circular_shift_exact_mask_geometry
3,L3,Hesitating recall,fold03,191,2.5,2.5,1.0,circular_shift_exact_mask_geometry
3,L3,Hesitating recall,fold03,192,2.5,2.5,1.0,circular_shift_exact_mask_geometry
3,L3,Hesitating recall,fold03,193,2.5,2.5,1.0,circular_shift_exact_mask_geometry
3,L3,Hesitating recall,fold03,194,2.5,2.5,1.0,circular_shift_exact_mask_geometry
3,L3,Hesitating recall,fold03,195,2.5,2.5,1.0,circular_shift_exact_mask_geometry
3,L3,Hesitating recall,fold03,196,2.5,2.5,1.0,circular_shift_exact_mask_geometry
3,L3,Hesitating recall,fold03,197,2.5,2.5,1.0,circular_shift_exact_mask_geometry
3,L3,Hesitating recall,fold03,198,0.0,2.5,1.0,circular_shift_exact_mask_geometry
3,L3,Hesitating recall,fold03,199,2.5,2.5,1.0,circular_shift_exact_mask_geometry
3,L3,Hesitating recall,fold03,200,2.5,2.5,1.0,circular_shift_exact_mask_geometry
3,L3,Hesitating recall,fold03,201,0.0,2.5,1.0,circular_shift_exact_mask_geometry
3,L3,Hesitating recall,fold03,202,2.5,2.5,1.0,circular_shift_exact_mask_geometry
3,L3,Hesitating recall,fold03,203,0.0,2.5,1.0,circular_shift_exact_mask_geometry
3,L3,Hesitating recall,fold03,204,2.5,2.5,1.0,circular_shift_exact_mask_geometry
3,L3,Hesitating recall,fold03,205,2.5,2.5,1.0,circular_shift_exact_mask_geometry
3,L3,Hesitating recall,fold03,206,2.5,2.5,1.0,circular_shift_exact_mask_geometry
3,L3,Hesitating recall,fold03,207,2.5,2.5,1.0,circular_shift_exact_mask_geometry
3,L3,Hesitating recall,fold03,208,2.5,2.5,1.0,circular_shift_exact_mask_geometry
3,L3,Hesitating recall,fold03,209,0.0,2.5,1.0,circular_shift_exact_mask_geometry
3,L3,Hesitating recall,fold03,210,2.5,2.5,1.0,circular_shift_exact_mask_geometry
3,L3,Hesitating recall,fold03,211,0.0,2.5,1.0,circular_shift_exact_mask_geometry
3,L3,Hesitating recall,fold03,212,2.5,2.5,1.0,circular_shift_exact_mask_geometry
3,L3,Hesitating recall,fold03,213,2.5,2.5,1.0,circular_shift_exact_mask_geometry
3,L3,Hesitating recall,fold03,214,2.5,2.5,1.0,circular_shift_exact_mask_geometry
3,L3,Hesitating recall,fold03,215,0.0,2.5,1.0,circular_shift_exact_mask_geometry
3,L3,Hesitating recall,fold03,216,0.0,2.5,1.0,circular_shift_exact_mask_geometry
3,L3,Hesitating recall,fold03,217,0.0,2.5,1.0,circular_shift_exact_mask_geometry
3,L3,Hesitating recall,fold03,218,2.5,2.5,1.0,circular_shift_exact_mask_geometry
3,L3,Hesitating recall,fold03,219,0.0,2.5,1.0,circular_shift_exact_mask_geometry
3,L3,Hesitating recall,fold03,220,0.0,2.5,1.0,circular_shift_exact_mask_geometry
3,L3,Hesitating recall,fold03,221,2.5,2.5,1.0,circular_shift_exact_mask_geometry
3,L3,Hesitating recall,fold03,222,2.5,2.5,1.0,circular_shift_exact_mask_geometry
3,L3,Hesitating recall,fold03,223,2.5,2.5,1.0,circular_shift_exact_mask_geometry
3,L3,Hesitating recall,fold03,224,0.0,2.5,1.0,circular_shift_exact_mask_geometry
3,L3,Hesitating recall,fold03,225,2.5,2.5,1.0,circular_shift_exact_mask_geometry
3,L3,Hesitating recall,fold03,226,2.5,2.5,1.0,circular_shift_exact_mask_geometry
3,L3,Hesitating recall,fold03,227,0.0,2.5,1.0,circular_shift_exact_mask_geometry
3,L3,Hesitating recall,fold03,228,2.5,2.5,1.0,circular_shift_exact_mask_geometry
3,L3,Hesitating recall,fold03,229,2.5,2.5,1.0,circular_shift_exact_mask_geometry
3,L3,Hesitating recall,fold03,230,2.5,2.5,1.0,circular_shift_exact_mask_geometry
3,L3,Hesitating recall,fold03,231,0.0,2.5,1.0,circular_shift_exact_mask_geometry
3,L3,Hesitating recall,fold03,232,0.0,2.5,1.0,circular_shift_exact_mask_geometry
3,L3,Hesitating recall,fold03,233,2.5,2.5,1.0,circular_shift_exact_mask_geometry
3,L3,Hesitating recall,fold03,234,2.5,2.5,1.0,circular_shift_exact_mask_geometry
3,L3,Hesitating recall,fold03,235,0.0,2.5,1.0,circular_shift_exact_mask_geometry
3,L3,Hesitating recall,fold03,236,2.5,2.5,1.0,circular_shift_exact_mask_geometry
3,L3,Hesitating recall,fold03,237,2.5,2.5,1.0,circular_shift_exact_mask_geometry
3,L3,Hesitating recall,fold03,238,0.0,2.5,1.0,circular_shift_exact_mask_geometry
3,L3,Hesitating recall,fold03,239,2.5,2.5,1.0,circular_shift_exact_mask_geometry
3,L3,Hesitating recall,fold03,240,2.5,2.5,1.0,circular_shift_exact_mask_geometry
3,L3,Hesitating recall,fold03,241,0.0,2.5,1.0,circular_shift_exact_mask_geometry
3,L3,Hesitating recall,fold03,242,2.5,2.5,1.0,circular_shift_exact_mask_geometry
3,L3,Hesitating recall,fold03,243,0.0,2.5,1.0,circular_shift_exact_mask_geometry
3,L3,Hesitating recall,fold03,244,2.5,2.5,1.0,circular_shift_exact_mask_geometry
3,L3,Hesitating recall,fold03,245,0.0,2.5,1.0,circular_shift_exact_mask_geometry
3,L3,Hesitating recall,fold03,246,0.0,2.5,1.0,circular_shift_exact_mask_geometry
3,L3,Hesitating recall,fold03,247,2.5,2.5,1.0,circular_shift_exact_mask_geometry
3,L3,Hesitating recall,fold03,248,0.0,2.5,1.0,circular_shift_exact_mask_geometry
3,L3,Hesitating recall,fold03,249,2.5,2.5,1.0,circular_shift_exact_mask_geometry
3,L3,Hesitating recall,fold03,250,2.5,2.5,1.0,circular_shift_exact_mask_geometry
3,L3,Hesitating recall,fold03,251,2.5,2.5,1.0,circular_shift_exact_mask_geometry
3,L3,Hesitating recall,fold03,252,2.5,2.5,1.0,circular_shift_exact_mask_geometry
3,L3,Hesitating recall,fold03,253,2.5,2.5,1.0,circular_shift_exact_mask_geometry
3,L3,Hesitating recall,fold03,254,2.5,2.5,1.0,circular_shift_exact_mask_geometry
3,L3,Hesitating recall,fold03,255,2.5,2.5,1.0,circular_shift_exact_mask_geometry
3,L3,Hesitating recall,fold03,256,2.5,2.5,1.0,circular_shift_exact_mask_geometry
3,L3,Hesitating recall,fold03,257,2.5,2.5,1.0,circular_shift_exact_mask_geometry
3,L3,Hesitating recall,fold03,258,2.5,2.5,1.0,circular_shift_exact_mask_geometry
3,L3,Hesitating recall,fold03,259,2.5,2.5,1.0,circular_shift_exact_mask_geometry
3,L3,Hesitating recall,fold03,260,0.0,2.5,1.0,circular_shift_exact_mask_geometry
3,L3,Hesitating recall,fold03,261,2.5,2.5,1.0,circular_shift_exact_mask_geometry
3,L3,Hesitating recall,fold03,262,0.0,2.5,1.0,circular_shift_exact_mask_geometry
3,L3,Hesitating recall,fold03,263,2.5,2.5,1.0,circular_shift_exact_mask_geometry
3,L3,Hesitating recall,fold03,264,0.0,2.5,1.0,circular_shift_exact_mask_geometry
3,L3,Hesitating recall,fold03,265,2.5,2.5,1.0,circular_shift_exact_mask_geometry
3,L3,Hesitating recall,fold03,266,0.0,2.5,1.0,circular_shift_exact_mask_geometry
3,L3,Hesitating recall,fold03,267,2.5,2.5,1.0,circular_shift_exact_mask_geometry
3,L3,Hesitating recall,fold03,268,0.0,2.5,1.0,circular_shift_exact_mask_geometry
3,L3,Hesitating recall,fold03,269,2.5,2.5,1.0,circular_shift_exact_mask_geometry
3,L3,Hesitating recall,fold03,270,2.5,2.5,1.0,circular_shift_exact_mask_geometry
3,L3,Hesitating recall,fold03,271,2.5,2.5,1.0,circular_shift_exact_mask_geometry
3,L3,Hesitating recall,fold03,272,2.5,2.5,1.0,circular_shift_exact_mask_geometry
3,L3,Hesitating recall,fold03,273,2.5,2.5,1.0,circular_shift_exact_mask_geometry
3,L3,Hesitating recall,fold03,274,0.0,2.5,1.0,circular_shift_exact_mask_geometry
3,L3,Hesitating recall,fold03,275,0.0,2.5,1.0,circular_shift_exact_mask_geometry
3,L3,Hesitating recall,fold03,276,0.0,2.5,1.0,circular_shift_exact_mask_geometry
3,L3,Hesitating recall,fold03,277,2.5,2.5,1.0,circular_shift_exact_mask_geometry
3,L3,Hesitating recall,fold03,278,2.5,2.5,1.0,circular_shift_exact_mask_geometry
3,L3,Hesitating recall,fold03,279,2.5,2.5,1.0,circular_shift_exact_mask_geometry
3,L3,Hesitating recall,fold03,280,2.5,2.5,1.0,circular_shift_exact_mask_geometry
3,L3,Hesitating recall,fold03,281,2.5,2.5,1.0,circular_shift_exact_mask_geometry
3,L3,Hesitating recall,fold03,282,2.5,2.5,1.0,circular_shift_exact_mask_geometry
3,L3,Hesitating recall,fold03,283,2.5,2.5,1.0,circular_shift_exact_mask_geometry
3,L3,Hesitating recall,fold03,284,2.5,2.5,1.0,circular_shift_exact_mask_geometry
3,L3,Hesitating recall,fold03,285,2.5,2.5,1.0,circular_shift_exact_mask_geometry
3,L3,Hesitating recall,fold03,286,2.5,2.5,1.0,circular_shift_exact_mask_geometry
3,L3,Hesitating recall,fold03,287,2.5,2.5,1.0,circular_shift_exact_mask_geometry
3,L3,Hesitating recall,fold03,288,2.5,2.5,1.0,circular_shift_exact_mask_geometry
3,L3,Hesitating recall,fold03,289,2.5,2.5,1.0,circular_shift_exact_mask_geometry
3,L3,Hesitating recall,fold03,290,2.5,2.5,1.0,circular_shift_exact_mask_geometry
3,L3,Hesitating recall,fold03,291,0.0,2.5,1.0,circular_shift_exact_mask_geometry
3,L3,Hesitating recall,fold03,292,0.0,2.5,1.0,circular_shift_exact_mask_geometry
3,L3,Hesitating recall,fold03,293,2.5,2.5,1.0,circular_shift_exact_mask_geometry
3,L3,Hesitating recall,fold03,294,0.0,2.5,1.0,circular_shift_exact_mask_geometry
3,L3,Hesitating recall,fold03,295,2.5,2.5,1.0,circular_shift_exact_mask_geometry
3,L3,Hesitating recall,fold03,296,2.5,2.5,1.0,circular_shift_exact_mask_geometry
3,L3,Hesitating recall,fold03,297,0.0,2.5,1.0,circular_shift_exact_mask_geometry
3,L3,Hesitating recall,fold03,298,2.5,2.5,1.0,circular_shift_exact_mask_geometry
3,L3,Hesitating recall,fold03,299,2.5,2.5,1.0,circular_shift_exact_mask_geometry
3,L3,Hesitating recall,fold03,300,2.5,2.5,1.0,circular_shift_exact_mask_geometry
3,L3,Hesitating recall,fold03,301,2.5,2.5,1.0,circular_shift_exact_mask_geometry
3,L3,Hesitating recall,fold03,302,2.5,2.5,1.0,circular_shift_exact_mask_geometry
3,L3,Hesitating recall,fold03,303,0.0,2.5,1.0,circular_shift_exact_mask_geometry
3,L3,Hesitating recall,fold03,304,0.0,2.5,1.0,circular_shift_exact_mask_geometry
3,L3,Hesitating recall,fold03,305,2.5,2.5,1.0,circular_shift_exact_mask_geometry
3,L3,Hesitating recall,fold03,306,2.5,2.5,1.0,circular_shift_exact_mask_geometry
3,L3,Hesitating recall,fold03,307,0.0,2.5,1.0,circular_shift_exact_mask_geometry
3,L3,Hesitating recall,fold03,308,2.5,2.5,1.0,circular_shift_exact_mask_geometry
3,L3,Hesitating recall,fold03,309,2.5,2.5,1.0,circular_shift_exact_mask_geometry
3,L3,Hesitating recall,fold03,310,2.5,2.5,1.0,circular_shift_exact_mask_geometry
3,L3,Hesitating recall,fold03,311,2.5,2.5,1.0,circular_shift_exact_mask_geometry
3,L3,Hesitating recall,fold03,312,2.5,2.5,1.0,circular_shift_exact_mask_geometry
3,L3,Hesitating recall,fold03,313,0.0,2.5,1.0,circular_shift_exact_mask_geometry
3,L3,Hesitating recall,fold03,314,2.5,2.5,1.0,circular_shift_exact_mask_geometry
3,L3,Hesitating recall,fold03,315,2.5,2.5,1.0,circular_shift_exact_mask_geometry
3,L3,Hesitating recall,fold03,316,2.5,2.5,1.0,circular_shift_exact_mask_geometry
3,L3,Hesitating recall,fold03,317,2.5,2.5,1.0,circular_shift_exact_mask_geometry
3,L3,Hesitating recall,fold03,318,0.0,2.5,1.0,circular_shift_exact_mask_geometry
3,L3,Hesitating recall,fold03,319,2.5,2.5,1.0,circular_shift_exact_mask_geometry
3,L3,Hesitating recall,fold03,320,2.5,2.5,1.0,circular_shift_exact_mask_geometry
3,L3,Hesitating recall,fold03,321,0.0,2.5,1.0,circular_shift_exact_mask_geometry
3,L3,Hesitating recall,fold03,322,0.0,2.5,1.0,circular_shift_exact_mask_geometry
3,L3,Hesitating recall,fold03,323,0.0,2.5,1.0,circular_shift_exact_mask_geometry
3,L3,Hesitating recall,fold03,324,2.5,2.5,1.0,circular_shift_exact_mask_geometry
3,L3,Hesitating recall,fold03,325,0.0,2.5,1.0,circular_shift_exact_mask_geometry
3,L3,Hesitating recall,fold03,326,2.5,2.5,1.0,circular_shift_exact_mask_geometry
3,L3,Hesitating recall,fold03,327,0.0,2.5,1.0,circular_shift_exact_mask_geometry
3,L3,Hesitating recall,fold03,328,0.0,2.5,1.0,circular_shift_exact_mask_geometry
3,L3,Hesitating recall,fold03,329,2.5,2.5,1.0,circular_shift_exact_mask_geometry
3,L3,Hesitating recall,fold03,330,0.0,2.5,1.0,circular_shift_exact_mask_geometry
3,L3,Hesitating recall,fold03,331,2.5,2.5,1.0,circular_shift_exact_mask_geometry
3,L3,Hesitating recall,fold03,332,2.5,2.5,1.0,circular_shift_exact_mask_geometry
3,L3,Hesitating recall,fold03,333,2.5,2.5,1.0,circular_shift_exact_mask_geometry
3,L3,Hesitating recall,fold03,334,0.0,2.5,1.0,circular_shift_exact_mask_geometry
3,L3,Hesitating recall,fold03,335,2.5,2.5,1.0,circular_shift_exact_mask_geometry
3,L3,Hesitating recall,fold03,336,2.5,2.5,1.0,circular_shift_exact_mask_geometry
3,L3,Hesitating recall,fold03,337,2.5,2.5,1.0,circular_shift_exact_mask_geometry
3,L3,Hesitating recall,fold03,338,2.5,2.5,1.0,circular_shift_exact_mask_geometry
3,L3,Hesitating recall,fold03,339,2.5,2.5,1.0,circular_shift_exact_mask_geometry
3,L3,Hesitating recall,fold03,340,0.0,2.5,1.0,circular_shift_exact_mask_geometry
3,L3,Hesitating recall,fold03,341,2.5,2.5,1.0,circular_shift_exact_mask_geometry
3,L3,Hesitating recall,fold03,342,2.5,2.5,1.0,circular_shift_exact_mask_geometry
3,L3,Hesitating recall,fold03,343,2.5,2.5,1.0,circular_shift_exact_mask_geometry
3,L3,Hesitating recall,fold03,344,2.5,2.5,1.0,circular_shift_exact_mask_geometry
3,L3,Hesitating recall,fold03,345,2.5,2.5,1.0,circular_shift_exact_mask_geometry
3,L3,Hesitating recall,fold03,346,0.0,2.5,1.0,circular_shift_exact_mask_geometry
3,L3,Hesitating recall,fold03,347,2.5,2.5,1.0,circular_shift_exact_mask_geometry
3,L3,Hesitating recall,fold03,348,2.5,2.5,1.0,circular_shift_exact_mask_geometry
3,L3,Hesitating recall,fold03,349,2.5,2.5,1.0,circular_shift_exact_mask_geometry
3,L3,Hesitating recall,fold03,350,0.0,2.5,1.0,circular_shift_exact_mask_geometry
3,L3,Hesitating recall,fold03,351,2.5,2.5,1.0,circular_shift_exact_mask_geometry
3,L3,Hesitating recall,fold03,352,2.5,2.5,1.0,circular_shift_exact_mask_geometry
3,L3,Hesitating recall,fold03,353,2.5,2.5,1.0,circular_shift_exact_mask_geometry
3,L3,Hesitating recall,fold03,354,2.5,2.5,1.0,circular_shift_exact_mask_geometry
3,L3,Hesitating recall,fold03,355,2.5,2.5,1.0,circular_shift_exact_mask_geometry
3,L3,Hesitating recall,fold03,356,2.5,2.5,1.0,circular_shift_exact_mask_geometry
3,L3,Hesitating recall,fold03,357,2.5,2.5,1.0,circular_shift_exact_mask_geometry
3,L3,Hesitating recall,fold03,358,2.5,2.5,1.0,circular_shift_exact_mask_geometry
3,L3,Hesitating recall,fold03,359,2.5,2.5,1.0,circular_shift_exact_mask_geometry
3,L3,Hesitating recall,fold03,360,0.0,2.5,1.0,circular_shift_exact_mask_geometry
3,L3,Hesitating recall,fold03,361,2.5,2.5,1.0,circular_shift_exact_mask_geometry
3,L3,Hesitating recall,fold03,362,2.5,2.5,1.0,circular_shift_exact_mask_geometry
3,L3,Hesitating recall,fold03,363,0.0,2.5,1.0,circular_shift_exact_mask_geometry
3,L3,Hesitating recall,fold03,364,2.5,2.5,1.0,circular_shift_exact_mask_geometry
3,L3,Hesitating recall,fold03,365,2.5,2.5,1.0,circular_shift_exact_mask_geometry
3,L3,Hesitating recall,fold03,366,2.5,2.5,1.0,circular_shift_exact_mask_geometry
3,L3,Hesitating recall,fold03,367,0.0,2.5,1.0,circular_shift_exact_mask_geometry
3,L3,Hesitating recall,fold03,368,2.5,2.5,1.0,circular_shift_exact_mask_geometry
3,L3,Hesitating recall,fold03,369,2.5,2.5,1.0,circular_shift_exact_mask_geometry
3,L3,Hesitating recall,fold03,370,0.0,2.5,1.0,circular_shift_exact_mask_geometry
3,L3,Hesitating recall,fold03,371,2.5,2.5,1.0,circular_shift_exact_mask_geometry
3,L3,Hesitating recall,fold03,372,2.5,2.5,1.0,circular_shift_exact_mask_geometry
3,L3,Hesitating recall,fold03,373,2.5,2.5,1.0,circular_shift_exact_mask_geometry
3,L3,Hesitating recall,fold03,374,2.5,2.5,1.0,circular_shift_exact_mask_geometry
3,L3,Hesitating recall,fold03,375,0.0,2.5,1.0,circular_shift_exact_mask_geometry
3,L3,Hesitating recall,fold03,376,2.5,2.5,1.0,circular_shift_exact_mask_geometry
3,L3,Hesitating recall,fold03,377,2.5,2.5,1.0,circular_shift_exact_mask_geometry
3,L3,Hesitating recall,fold03,378,2.5,2.5,1.0,circular_shift_exact_mask_geometry
3,L3,Hesitating recall,fold03,379,2.5,2.5,1.0,circular_shift_exact_mask_geometry
3,L3,Hesitating recall,fold03,380,0.0,2.5,1.0,circular_shift_exact_mask_geometry
3,L3,Hesitating recall,fold03,381,0.0,2.5,1.0,circular_shift_exact_mask_geometry
3,L3,Hesitating recall,fold03,382,2.5,2.5,1.0,circular_shift_exact_mask_geometry
3,L3,Hesitating recall,fold03,383,2.5,2.5,1.0,circular_shift_exact_mask_geometry
3,L3,Hesitating recall,fold03,384,2.5,2.5,1.0,circular_shift_exact_mask_geometry
3,L3,Hesitating recall,fold03,385,2.5,2.5,1.0,circular_shift_exact_mask_geometry
3,L3,Hesitating recall,fold03,386,0.0,2.5,1.0,circular_shift_exact_mask_geometry
3,L3,Hesitating recall,fold03,387,2.5,2.5,1.0,circular_shift_exact_mask_geometry
3,L3,Hesitating recall,fold03,388,2.5,2.5,1.0,circular_shift_exact_mask_geometry
3,L3,Hesitating recall,fold03,389,2.5,2.5,1.0,circular_shift_exact_mask_geometry
3,L3,Hesitating recall,fold03,390,2.5,2.5,1.0,circular_shift_exact_mask_geometry
3,L3,Hesitating recall,fold03,391,2.5,2.5,1.0,circular_shift_exact_mask_geometry
3,L3,Hesitating recall,fold03,392,2.5,2.5,1.0,circular_shift_exact_mask_geometry
3,L3,Hesitating recall,fold03,393,2.5,2.5,1.0,circular_shift_exact_mask_geometry
3,L3,Hesitating recall,fold03,394,2.5,2.5,1.0,circular_shift_exact_mask_geometry
3,L3,Hesitating recall,fold03,395,2.5,2.5,1.0,circular_shift_exact_mask_geometry
3,L3,Hesitating recall,fold03,396,0.0,2.5,1.0,circular_shift_exact_mask_geometry
3,L3,Hesitating recall,fold03,397,2.5,2.5,1.0,circular_shift_exact_mask_geometry
3,L3,Hesitating recall,fold03,398,2.5,2.5,1.0,circular_shift_exact_mask_geometry
3,L3,Hesitating recall,fold03,399,2.5,2.5,1.0,circular_shift_exact_mask_geometry
3,L3,Hesitating recall,fold03,400,2.5,2.5,1.0,circular_shift_exact_mask_geometry
3,L3,Hesitating recall,fold03,401,2.5,2.5,1.0,circular_shift_exact_mask_geometry
3,L3,Hesitating recall,fold03,402,0.0,2.5,1.0,circular_shift_exact_mask_geometry
3,L3,Hesitating recall,fold03,403,2.5,2.5,1.0,circular_shift_exact_mask_geometry
3,L3,Hesitating recall,fold03,404,2.5,2.5,1.0,circular_shift_exact_mask_geometry
3,L3,Hesitating recall,fold03,405,2.5,2.5,1.0,circular_shift_exact_mask_geometry
3,L3,Hesitating recall,fold03,406,0.0,2.5,1.0,circular_shift_exact_mask_geometry
3,L3,Hesitating recall,fold03,407,2.5,2.5,1.0,circular_shift_exact_mask_geometry
3,L3,Hesitating recall,fold03,408,2.5,2.5,1.0,circular_shift_exact_mask_geometry
3,L3,Hesitating recall,fold03,409,0.0,2.5,1.0,circular_shift_exact_mask_geometry
3,L3,Hesitating recall,fold03,410,2.5,2.5,1.0,circular_shift_exact_mask_geometry
3,L3,Hesitating recall,fold03,411,2.5,2.5,1.0,circular_shift_exact_mask_geometry
3,L3,Hesitating recall,fold03,412,2.5,2.5,1.0,circular_shift_exact_mask_geometry
3,L3,Hesitating recall,fold03,413,2.5,2.5,1.0,circular_shift_exact_mask_geometry
3,L3,Hesitating recall,fold03,414,0.0,2.5,1.0,circular_shift_exact_mask_geometry
3,L3,Hesitating recall,fold03,415,2.5,2.5,1.0,circular_shift_exact_mask_geometry
3,L3,Hesitating recall,fold03,416,2.5,2.5,1.0,circular_shift_exact_mask_geometry
3,L3,Hesitating recall,fold03,417,2.5,2.5,1.0,circular_shift_exact_mask_geometry
3,L3,Hesitating recall,fold03,418,2.5,2.5,1.0,circular_shift_exact_mask_geometry
3,L3,Hesitating recall,fold03,419,2.5,2.5,1.0,circular_shift_exact_mask_geometry
3,L3,Hesitating recall,fold03,420,2.5,2.5,1.0,circular_shift_exact_mask_geometry
3,L3,Hesitating recall,fold03,421,0.0,2.5,1.0,circular_shift_exact_mask_geometry
3,L3,Hesitating recall,fold03,422,2.5,2.5,1.0,circular_shift_exact_mask_geometry
3,L3,Hesitating recall,fold03,423,2.5,2.5,1.0,circular_shift_exact_mask_geometry
3,L3,Hesitating recall,fold03,424,0.0,2.5,1.0,circular_shift_exact_mask_geometry
3,L3,Hesitating recall,fold03,425,0.0,2.5,1.0,circular_shift_exact_mask_geometry
3,L3,Hesitating recall,fold03,426,2.5,2.5,1.0,circular_shift_exact_mask_geometry
3,L3,Hesitating recall,fold03,427,2.5,2.5,1.0,circular_shift_exact_mask_geometry
3,L3,Hesitating recall,fold03,428,2.5,2.5,1.0,circular_shift_exact_mask_geometry
3,L3,Hesitating recall,fold03,429,0.0,2.5,1.0,circular_shift_exact_mask_geometry
3,L3,Hesitating recall,fold03,430,0.0,2.5,1.0,circular_shift_exact_mask_geometry
3,L3,Hesitating recall,fold03,431,0.0,2.5,1.0,circular_shift_exact_mask_geometry
3,L3,Hesitating recall,fold03,432,0.0,2.5,1.0,circular_shift_exact_mask_geometry
3,L3,Hesitating recall,fold03,433,0.0,2.5,1.0,circular_shift_exact_mask_geometry
3,L3,Hesitating recall,fold03,434,2.5,2.5,1.0,circular_shift_exact_mask_geometry
3,L3,Hesitating recall,fold03,435,2.5,2.5,1.0,circular_shift_exact_mask_geometry
3,L3,Hesitating recall,fold03,436,0.0,2.5,1.0,circular_shift_exact_mask_geometry
3,L3,Hesitating recall,fold03,437,2.5,2.5,1.0,circular_shift_exact_mask_geometry
3,L3,Hesitating recall,fold03,438,2.5,2.5,1.0,circular_shift_exact_mask_geometry
3,L3,Hesitating recall,fold03,439,2.5,2.5,1.0,circular_shift_exact_mask_geometry
3,L3,Hesitating recall,fold03,440,2.5,2.5,1.0,circular_shift_exact_mask_geometry
3,L3,Hesitating recall,fold03,441,2.5,2.5,1.0,circular_shift_exact_mask_geometry
3,L3,Hesitating recall,fold03,442,2.5,2.5,1.0,circular_shift_exact_mask_geometry
3,L3,Hesitating recall,fold03,443,2.5,2.5,1.0,circular_shift_exact_mask_geometry
3,L3,Hesitating recall,fold03,444,2.5,2.5,1.0,circular_shift_exact_mask_geometry
3,L3,Hesitating recall,fold03,445,2.5,2.5,1.0,circular_shift_exact_mask_geometry
3,L3,Hesitating recall,fold03,446,0.0,2.5,1.0,circular_shift_exact_mask_geometry
3,L3,Hesitating recall,fold03,447,0.0,2.5,1.0,circular_shift_exact_mask_geometry
3,L3,Hesitating recall,fold03,448,0.0,2.5,1.0,circular_shift_exact_mask_geometry
3,L3,Hesitating recall,fold03,449,2.5,2.5,1.0,circular_shift_exact_mask_geometry
3,L3,Hesitating recall,fold03,450,0.0,2.5,1.0,circular_shift_exact_mask_geometry
3,L3,Hesitating recall,fold03,451,0.0,2.5,1.0,circular_shift_exact_mask_geometry
3,L3,Hesitating recall,fold03,452,2.5,2.5,1.0,circular_shift_exact_mask_geometry
3,L3,Hesitating recall,fold03,453,2.5,2.5,1.0,circular_shift_exact_mask_geometry
3,L3,Hesitating recall,fold03,454,0.0,2.5,1.0,circular_shift_exact_mask_geometry
3,L3,Hesitating recall,fold03,455,2.5,2.5,1.0,circular_shift_exact_mask_geometry
3,L3,Hesitating recall,fold03,456,0.0,2.5,1.0,circular_shift_exact_mask_geometry
3,L3,Hesitating recall,fold03,457,0.0,2.5,1.0,circular_shift_exact_mask_geometry
3,L3,Hesitating recall,fold03,458,2.5,2.5,1.0,circular_shift_exact_mask_geometry
3,L3,Hesitating recall,fold03,459,2.5,2.5,1.0,circular_shift_exact_mask_geometry
3,L3,Hesitating recall,fold03,460,2.5,2.5,1.0,circular_shift_exact_mask_geometry
3,L3,Hesitating recall,fold03,461,2.5,2.5,1.0,circular_shift_exact_mask_geometry
3,L3,Hesitating recall,fold03,462,2.5,2.5,1.0,circular_shift_exact_mask_geometry
3,L3,Hesitating recall,fold03,463,0.0,2.5,1.0,circular_shift_exact_mask_geometry
3,L3,Hesitating recall,fold03,464,0.0,2.5,1.0,circular_shift_exact_mask_geometry
3,L3,Hesitating recall,fold03,465,2.5,2.5,1.0,circular_shift_exact_mask_geometry
3,L3,Hesitating recall,fold03,466,0.0,2.5,1.0,circular_shift_exact_mask_geometry
3,L3,Hesitating recall,fold03,467,2.5,2.5,1.0,circular_shift_exact_mask_geometry
3,L3,Hesitating recall,fold03,468,2.5,2.5,1.0,circular_shift_exact_mask_geometry
3,L3,Hesitating recall,fold03,469,2.5,2.5,1.0,circular_shift_exact_mask_geometry
3,L3,Hesitating recall,fold03,470,0.0,2.5,1.0,circular_shift_exact_mask_geometry
3,L3,Hesitating recall,fold03,471,2.5,2.5,1.0,circular_shift_exact_mask_geometry
3,L3,Hesitating recall,fold03,472,2.5,2.5,1.0,circular_shift_exact_mask_geometry
3,L3,Hesitating recall,fold03,473,2.5,2.5,1.0,circular_shift_exact_mask_geometry
3,L3,Hesitating recall,fold03,474,2.5,2.5,1.0,circular_shift_exact_mask_geometry
3,L3,Hesitating recall,fold03,475,2.5,2.5,1.0,circular_shift_exact_mask_geometry
3,L3,Hesitating recall,fold03,476,0.0,2.5,1.0,circular_shift_exact_mask_geometry
3,L3,Hesitating recall,fold03,477,2.5,2.5,1.0,circular_shift_exact_mask_geometry
3,L3,Hesitating recall,fold03,478,2.5,2.5,1.0,circular_shift_exact_mask_geometry
3,L3,Hesitating recall,fold03,479,2.5,2.5,1.0,circular_shift_exact_mask_geometry
3,L3,Hesitating recall,fold03,480,2.5,2.5,1.0,circular_shift_exact_mask_geometry
3,L3,Hesitating recall,fold03,481,2.5,2.5,1.0,circular_shift_exact_mask_geometry
3,L3,Hesitating recall,fold03,482,0.0,2.5,1.0,circular_shift_exact_mask_geometry
3,L3,Hesitating recall,fold03,483,0.0,2.5,1.0,circular_shift_exact_mask_geometry
3,L3,Hesitating recall,fold03,484,2.5,2.5,1.0,circular_shift_exact_mask_geometry
3,L3,Hesitating recall,fold03,485,0.0,2.5,1.0,circular_shift_exact_mask_geometry
3,L3,Hesitating recall,fold03,486,2.5,2.5,1.0,circular_shift_exact_mask_geometry
3,L3,Hesitating recall,fold03,487,2.5,2.5,1.0,circular_shift_exact_mask_geometry
3,L3,Hesitating recall,fold03,488,2.5,2.5,1.0,circular_shift_exact_mask_geometry
3,L3,Hesitating recall,fold03,489,2.5,2.5,1.0,circular_shift_exact_mask_geometry
3,L3,Hesitating recall,fold03,490,2.5,2.5,1.0,circular_shift_exact_mask_geometry
3,L3,Hesitating recall,fold03,491,2.5,2.5,1.0,circular_shift_exact_mask_geometry
3,L3,Hesitating recall,fold03,492,2.5,2.5,1.0,circular_shift_exact_mask_geometry
3,L3,Hesitating recall,fold03,493,2.5,2.5,1.0,circular_shift_exact_mask_geometry
3,L3,Hesitating recall,fold03,494,0.0,2.5,1.0,circular_shift_exact_mask_geometry
3,L3,Hesitating recall,fold03,495,2.5,2.5,1.0,circular_shift_exact_mask_geometry
3,L3,Hesitating recall,fold03,496,2.5,2.5,1.0,circular_shift_exact_mask_geometry
3,L3,Hesitating recall,fold03,497,0.0,2.5,1.0,circular_shift_exact_mask_geometry
3,L3,Hesitating recall,fold03,498,0.0,2.5,1.0,circular_shift_exact_mask_geometry
3,L3,Hesitating recall,fold03,499,2.5,2.5,1.0,circular_shift_exact_mask_geometry
3,L3,Hesitating recall,fold03,500,2.5,2.5,1.0,circular_shift_exact_mask_geometry
5,L5,Walking recall,fold03,1,-4.276315789473692,-1.9736842105263293,1.0,circular_shift_exact_mask_geometry
5,L5,Walking recall,fold03,2,-4.276315789473692,-1.9736842105263293,1.0,circular_shift_exact_mask_geometry
5,L5,Walking recall,fold03,3,-4.276315789473692,-1.9736842105263293,1.0,circular_shift_exact_mask_geometry
5,L5,Walking recall,fold03,4,-4.605263157894747,-1.9736842105263293,1.0,circular_shift_exact_mask_geometry
5,L5,Walking recall,fold03,5,-3.6184210526315894,-1.9736842105263293,1.0,circular_shift_exact_mask_geometry
5,L5,Walking recall,fold03,6,-3.9473684210526443,-1.9736842105263293,1.0,circular_shift_exact_mask_geometry
5,L5,Walking recall,fold03,7,-4.276315789473692,-1.9736842105263293,1.0,circular_shift_exact_mask_geometry
5,L5,Walking recall,fold03,8,-3.6184210526315894,-1.9736842105263293,1.0,circular_shift_exact_mask_geometry
5,L5,Walking recall,fold03,9,-3.6184210526315894,-1.9736842105263293,1.0,circular_shift_exact_mask_geometry
5,L5,Walking recall,fold03,10,-2.9605263157894868,-1.9736842105263293,1.0,circular_shift_exact_mask_geometry
5,L5,Walking recall,fold03,11,-3.6184210526315894,-1.9736842105263293,1.0,circular_shift_exact_mask_geometry
5,L5,Walking recall,fold03,12,-4.934210526315802,-1.9736842105263293,1.0,circular_shift_exact_mask_geometry
5,L5,Walking recall,fold03,13,-3.9473684210526443,-1.9736842105263293,1.0,circular_shift_exact_mask_geometry
5,L5,Walking recall,fold03,14,-3.6184210526315894,-1.9736842105263293,1.0,circular_shift_exact_mask_geometry
5,L5,Walking recall,fold03,15,-3.6184210526315894,-1.9736842105263293,1.0,circular_shift_exact_mask_geometry
5,L5,Walking recall,fold03,16,-4.934210526315802,-1.9736842105263293,1.0,circular_shift_exact_mask_geometry
5,L5,Walking recall,fold03,17,-3.6184210526315894,-1.9736842105263293,1.0,circular_shift_exact_mask_geometry
5,L5,Walking recall,fold03,18,-3.9473684210526443,-1.9736842105263293,1.0,circular_shift_exact_mask_geometry
5,L5,Walking recall,fold03,19,-4.934210526315802,-1.9736842105263293,1.0,circular_shift_exact_mask_geometry
5,L5,Walking recall,fold03,20,-3.6184210526315894,-1.9736842105263293,1.0,circular_shift_exact_mask_geometry
5,L5,Walking recall,fold03,21,-3.6184210526315894,-1.9736842105263293,1.0,circular_shift_exact_mask_geometry
5,L5,Walking recall,fold03,22,-3.6184210526315894,-1.9736842105263293,1.0,circular_shift_exact_mask_geometry
5,L5,Walking recall,fold03,23,-2.631578947368432,-1.9736842105263293,1.0,circular_shift_exact_mask_geometry
5,L5,Walking recall,fold03,24,-2.631578947368432,-1.9736842105263293,1.0,circular_shift_exact_mask_geometry
5,L5,Walking recall,fold03,25,-3.6184210526315894,-1.9736842105263293,1.0,circular_shift_exact_mask_geometry
5,L5,Walking recall,fold03,26,-2.9605263157894868,-1.9736842105263293,1.0,circular_shift_exact_mask_geometry
5,L5,Walking recall,fold03,27,-4.276315789473692,-1.9736842105263293,1.0,circular_shift_exact_mask_geometry
5,L5,Walking recall,fold03,28,-3.2894736842105416,-1.9736842105263293,1.0,circular_shift_exact_mask_geometry
5,L5,Walking recall,fold03,29,-2.631578947368432,-1.9736842105263293,1.0,circular_shift_exact_mask_geometry
5,L5,Walking recall,fold03,30,-3.9473684210526443,-1.9736842105263293,1.0,circular_shift_exact_mask_geometry
5,L5,Walking recall,fold03,31,-4.605263157894747,-1.9736842105263293,1.0,circular_shift_exact_mask_geometry
5,L5,Walking recall,fold03,32,-3.2894736842105416,-1.9736842105263293,1.0,circular_shift_exact_mask_geometry
5,L5,Walking recall,fold03,33,-3.9473684210526443,-1.9736842105263293,1.0,circular_shift_exact_mask_geometry
5,L5,Walking recall,fold03,34,-2.9605263157894868,-1.9736842105263293,1.0,circular_shift_exact_mask_geometry
5,L5,Walking recall,fold03,35,-4.605263157894747,-1.9736842105263293,1.0,circular_shift_exact_mask_geometry
5,L5,Walking recall,fold03,36,-3.2894736842105416,-1.9736842105263293,1.0,circular_shift_exact_mask_geometry
5,L5,Walking recall,fold03,37,-3.6184210526315894,-1.9736842105263293,1.0,circular_shift_exact_mask_geometry
5,L5,Walking recall,fold03,38,-4.276315789473692,-1.9736842105263293,1.0,circular_shift_exact_mask_geometry
5,L5,Walking recall,fold03,39,-3.6184210526315894,-1.9736842105263293,1.0,circular_shift_exact_mask_geometry
5,L5,Walking recall,fold03,40,-3.2894736842105416,-1.9736842105263293,1.0,circular_shift_exact_mask_geometry
5,L5,Walking recall,fold03,41,-2.9605263157894868,-1.9736842105263293,1.0,circular_shift_exact_mask_geometry
5,L5,Walking recall,fold03,42,-3.2894736842105416,-1.9736842105263293,1.0,circular_shift_exact_mask_geometry
5,L5,Walking recall,fold03,43,-3.9473684210526443,-1.9736842105263293,1.0,circular_shift_exact_mask_geometry
5,L5,Walking recall,fold03,44,-3.2894736842105416,-1.9736842105263293,1.0,circular_shift_exact_mask_geometry
5,L5,Walking recall,fold03,45,-3.6184210526315894,-1.9736842105263293,1.0,circular_shift_exact_mask_geometry
5,L5,Walking recall,fold03,46,-4.934210526315802,-1.9736842105263293,1.0,circular_shift_exact_mask_geometry
5,L5,Walking recall,fold03,47,-4.605263157894747,-1.9736842105263293,1.0,circular_shift_exact_mask_geometry
5,L5,Walking recall,fold03,48,-4.276315789473692,-1.9736842105263293,1.0,circular_shift_exact_mask_geometry
5,L5,Walking recall,fold03,49,-4.276315789473692,-1.9736842105263293,1.0,circular_shift_exact_mask_geometry
5,L5,Walking recall,fold03,50,-4.934210526315802,-1.9736842105263293,1.0,circular_shift_exact_mask_geometry
5,L5,Walking recall,fold03,51,-4.934210526315802,-1.9736842105263293,1.0,circular_shift_exact_mask_geometry
5,L5,Walking recall,fold03,52,-3.9473684210526443,-1.9736842105263293,1.0,circular_shift_exact_mask_geometry
5,L5,Walking recall,fold03,53,-4.605263157894747,-1.9736842105263293,1.0,circular_shift_exact_mask_geometry
5,L5,Walking recall,fold03,54,-3.9473684210526443,-1.9736842105263293,1.0,circular_shift_exact_mask_geometry
5,L5,Walking recall,fold03,55,-3.2894736842105416,-1.9736842105263293,1.0,circular_shift_exact_mask_geometry
5,L5,Walking recall,fold03,56,-2.631578947368432,-1.9736842105263293,1.0,circular_shift_exact_mask_geometry
5,L5,Walking recall,fold03,57,-4.934210526315802,-1.9736842105263293,1.0,circular_shift_exact_mask_geometry
5,L5,Walking recall,fold03,58,-4.276315789473692,-1.9736842105263293,1.0,circular_shift_exact_mask_geometry
5,L5,Walking recall,fold03,59,-3.2894736842105416,-1.9736842105263293,1.0,circular_shift_exact_mask_geometry
5,L5,Walking recall,fold03,60,-3.2894736842105416,-1.9736842105263293,1.0,circular_shift_exact_mask_geometry
5,L5,Walking recall,fold03,61,-3.6184210526315894,-1.9736842105263293,1.0,circular_shift_exact_mask_geometry
5,L5,Walking recall,fold03,62,-4.605263157894747,-1.9736842105263293,1.0,circular_shift_exact_mask_geometry
5,L5,Walking recall,fold03,63,-3.9473684210526443,-1.9736842105263293,1.0,circular_shift_exact_mask_geometry
5,L5,Walking recall,fold03,64,-4.934210526315802,-1.9736842105263293,1.0,circular_shift_exact_mask_geometry
5,L5,Walking recall,fold03,65,-3.6184210526315894,-1.9736842105263293,1.0,circular_shift_exact_mask_geometry
5,L5,Walking recall,fold03,66,-3.6184210526315894,-1.9736842105263293,1.0,circular_shift_exact_mask_geometry
5,L5,Walking recall,fold03,67,-3.6184210526315894,-1.9736842105263293,1.0,circular_shift_exact_mask_geometry
5,L5,Walking recall,fold03,68,-3.9473684210526443,-1.9736842105263293,1.0,circular_shift_exact_mask_geometry
5,L5,Walking recall,fold03,69,-3.9473684210526443,-1.9736842105263293,1.0,circular_shift_exact_mask_geometry
5,L5,Walking recall,fold03,70,-3.9473684210526443,-1.9736842105263293,1.0,circular_shift_exact_mask_geometry
5,L5,Walking recall,fold03,71,-2.9605263157894868,-1.9736842105263293,1.0,circular_shift_exact_mask_geometry
5,L5,Walking recall,fold03,72,-3.9473684210526443,-1.9736842105263293,1.0,circular_shift_exact_mask_geometry
5,L5,Walking recall,fold03,73,-2.9605263157894868,-1.9736842105263293,1.0,circular_shift_exact_mask_geometry
5,L5,Walking recall,fold03,74,-3.2894736842105416,-1.9736842105263293,1.0,circular_shift_exact_mask_geometry
5,L5,Walking recall,fold03,75,-4.276315789473692,-1.9736842105263293,1.0,circular_shift_exact_mask_geometry
5,L5,Walking recall,fold03,76,-4.276315789473692,-1.9736842105263293,1.0,circular_shift_exact_mask_geometry
5,L5,Walking recall,fold03,77,-3.6184210526315894,-1.9736842105263293,1.0,circular_shift_exact_mask_geometry
5,L5,Walking recall,fold03,78,-3.2894736842105416,-1.9736842105263293,1.0,circular_shift_exact_mask_geometry
5,L5,Walking recall,fold03,79,-4.934210526315802,-1.9736842105263293,1.0,circular_shift_exact_mask_geometry
5,L5,Walking recall,fold03,80,-3.9473684210526443,-1.9736842105263293,1.0,circular_shift_exact_mask_geometry
5,L5,Walking recall,fold03,81,-3.6184210526315894,-1.9736842105263293,1.0,circular_shift_exact_mask_geometry
5,L5,Walking recall,fold03,82,-5.26315789473685,-1.9736842105263293,1.0,circular_shift_exact_mask_geometry
5,L5,Walking recall,fold03,83,-5.5921052631579045,-1.9736842105263293,1.0,circular_shift_exact_mask_geometry
5,L5,Walking recall,fold03,84,-3.2894736842105416,-1.9736842105263293,1.0,circular_shift_exact_mask_geometry
5,L5,Walking recall,fold03,85,-4.934210526315802,-1.9736842105263293,1.0,circular_shift_exact_mask_geometry
5,L5,Walking recall,fold03,86,-4.276315789473692,-1.9736842105263293,1.0,circular_shift_exact_mask_geometry
5,L5,Walking recall,fold03,87,-3.2894736842105416,-1.9736842105263293,1.0,circular_shift_exact_mask_geometry
5,L5,Walking recall,fold03,88,-4.605263157894747,-1.9736842105263293,1.0,circular_shift_exact_mask_geometry
5,L5,Walking recall,fold03,89,-3.2894736842105416,-1.9736842105263293,1.0,circular_shift_exact_mask_geometry
5,L5,Walking recall,fold03,90,-3.2894736842105416,-1.9736842105263293,1.0,circular_shift_exact_mask_geometry
5,L5,Walking recall,fold03,91,-3.6184210526315894,-1.9736842105263293,1.0,circular_shift_exact_mask_geometry
5,L5,Walking recall,fold03,92,-2.9605263157894868,-1.9736842105263293,1.0,circular_shift_exact_mask_geometry
5,L5,Walking recall,fold03,93,-2.9605263157894868,-1.9736842105263293,1.0,circular_shift_exact_mask_geometry
5,L5,Walking recall,fold03,94,-3.2894736842105416,-1.9736842105263293,1.0,circular_shift_exact_mask_geometry
5,L5,Walking recall,fold03,95,-3.2894736842105416,-1.9736842105263293,1.0,circular_shift_exact_mask_geometry
5,L5,Walking recall,fold03,96,-5.26315789473685,-1.9736842105263293,1.0,circular_shift_exact_mask_geometry
5,L5,Walking recall,fold03,97,-4.276315789473692,-1.9736842105263293,1.0,circular_shift_exact_mask_geometry
5,L5,Walking recall,fold03,98,-2.631578947368432,-1.9736842105263293,1.0,circular_shift_exact_mask_geometry
5,L5,Walking recall,fold03,99,-2.9605263157894868,-1.9736842105263293,1.0,circular_shift_exact_mask_geometry
5,L5,Walking recall,fold03,100,-4.276315789473692,-1.9736842105263293,1.0,circular_shift_exact_mask_geometry
5,L5,Walking recall,fold03,101,-4.276315789473692,-1.9736842105263293,1.0,circular_shift_exact_mask_geometry
5,L5,Walking recall,fold03,102,-4.276315789473692,-1.9736842105263293,1.0,circular_shift_exact_mask_geometry
5,L5,Walking recall,fold03,103,-3.6184210526315894,-1.9736842105263293,1.0,circular_shift_exact_mask_geometry
5,L5,Walking recall,fold03,104,-4.276315789473692,-1.9736842105263293,1.0,circular_shift_exact_mask_geometry
5,L5,Walking recall,fold03,105,-3.6184210526315894,-1.9736842105263293,1.0,circular_shift_exact_mask_geometry
5,L5,Walking recall,fold03,106,-3.9473684210526443,-1.9736842105263293,1.0,circular_shift_exact_mask_geometry
5,L5,Walking recall,fold03,107,-3.6184210526315894,-1.9736842105263293,1.0,circular_shift_exact_mask_geometry
5,L5,Walking recall,fold03,108,-3.6184210526315894,-1.9736842105263293,1.0,circular_shift_exact_mask_geometry
5,L5,Walking recall,fold03,109,-2.631578947368432,-1.9736842105263293,1.0,circular_shift_exact_mask_geometry
5,L5,Walking recall,fold03,110,-4.934210526315802,-1.9736842105263293,1.0,circular_shift_exact_mask_geometry
5,L5,Walking recall,fold03,111,-4.934210526315802,-1.9736842105263293,1.0,circular_shift_exact_mask_geometry
5,L5,Walking recall,fold03,112,-2.9605263157894868,-1.9736842105263293,1.0,circular_shift_exact_mask_geometry
5,L5,Walking recall,fold03,113,-4.934210526315802,-1.9736842105263293,1.0,circular_shift_exact_mask_geometry
5,L5,Walking recall,fold03,114,-3.9473684210526443,-1.9736842105263293,1.0,circular_shift_exact_mask_geometry
5,L5,Walking recall,fold03,115,-2.9605263157894868,-1.9736842105263293,1.0,circular_shift_exact_mask_geometry
5,L5,Walking recall,fold03,116,-3.2894736842105416,-1.9736842105263293,1.0,circular_shift_exact_mask_geometry
5,L5,Walking recall,fold03,117,-2.9605263157894868,-1.9736842105263293,1.0,circular_shift_exact_mask_geometry
5,L5,Walking recall,fold03,118,-3.6184210526315894,-1.9736842105263293,1.0,circular_shift_exact_mask_geometry
5,L5,Walking recall,fold03,119,-4.276315789473692,-1.9736842105263293,1.0,circular_shift_exact_mask_geometry
5,L5,Walking recall,fold03,120,-4.605263157894747,-1.9736842105263293,1.0,circular_shift_exact_mask_geometry
5,L5,Walking recall,fold03,121,-5.26315789473685,-1.9736842105263293,1.0,circular_shift_exact_mask_geometry
5,L5,Walking recall,fold03,122,-2.9605263157894868,-1.9736842105263293,1.0,circular_shift_exact_mask_geometry
5,L5,Walking recall,fold03,123,-3.9473684210526443,-1.9736842105263293,1.0,circular_shift_exact_mask_geometry
5,L5,Walking recall,fold03,124,-2.631578947368432,-1.9736842105263293,1.0,circular_shift_exact_mask_geometry
5,L5,Walking recall,fold03,125,-4.276315789473692,-1.9736842105263293,1.0,circular_shift_exact_mask_geometry
5,L5,Walking recall,fold03,126,-3.9473684210526443,-1.9736842105263293,1.0,circular_shift_exact_mask_geometry
5,L5,Walking recall,fold03,127,-4.605263157894747,-1.9736842105263293,1.0,circular_shift_exact_mask_geometry
5,L5,Walking recall,fold03,128,-3.9473684210526443,-1.9736842105263293,1.0,circular_shift_exact_mask_geometry
5,L5,Walking recall,fold03,129,-2.9605263157894868,-1.9736842105263293,1.0,circular_shift_exact_mask_geometry
5,L5,Walking recall,fold03,130,-3.9473684210526443,-1.9736842105263293,1.0,circular_shift_exact_mask_geometry
5,L5,Walking recall,fold03,131,-3.6184210526315894,-1.9736842105263293,1.0,circular_shift_exact_mask_geometry
5,L5,Walking recall,fold03,132,-3.9473684210526443,-1.9736842105263293,1.0,circular_shift_exact_mask_geometry
5,L5,Walking recall,fold03,133,-4.276315789473692,-1.9736842105263293,1.0,circular_shift_exact_mask_geometry
5,L5,Walking recall,fold03,134,-2.9605263157894868,-1.9736842105263293,1.0,circular_shift_exact_mask_geometry
5,L5,Walking recall,fold03,135,-3.9473684210526443,-1.9736842105263293,1.0,circular_shift_exact_mask_geometry
5,L5,Walking recall,fold03,136,-5.26315789473685,-1.9736842105263293,1.0,circular_shift_exact_mask_geometry
5,L5,Walking recall,fold03,137,-3.2894736842105416,-1.9736842105263293,1.0,circular_shift_exact_mask_geometry
5,L5,Walking recall,fold03,138,-3.2894736842105416,-1.9736842105263293,1.0,circular_shift_exact_mask_geometry
5,L5,Walking recall,fold03,139,-4.934210526315802,-1.9736842105263293,1.0,circular_shift_exact_mask_geometry
5,L5,Walking recall,fold03,140,-3.2894736842105416,-1.9736842105263293,1.0,circular_shift_exact_mask_geometry
5,L5,Walking recall,fold03,141,-3.2894736842105416,-1.9736842105263293,1.0,circular_shift_exact_mask_geometry
5,L5,Walking recall,fold03,142,-2.302631578947384,-1.9736842105263293,1.0,circular_shift_exact_mask_geometry
5,L5,Walking recall,fold03,143,-3.2894736842105416,-1.9736842105263293,1.0,circular_shift_exact_mask_geometry
5,L5,Walking recall,fold03,144,-3.6184210526315894,-1.9736842105263293,1.0,circular_shift_exact_mask_geometry
5,L5,Walking recall,fold03,145,-4.276315789473692,-1.9736842105263293,1.0,circular_shift_exact_mask_geometry
5,L5,Walking recall,fold03,146,-3.2894736842105416,-1.9736842105263293,1.0,circular_shift_exact_mask_geometry
5,L5,Walking recall,fold03,147,-4.605263157894747,-1.9736842105263293,1.0,circular_shift_exact_mask_geometry
5,L5,Walking recall,fold03,148,-3.2894736842105416,-1.9736842105263293,1.0,circular_shift_exact_mask_geometry
5,L5,Walking recall,fold03,149,-3.6184210526315894,-1.9736842105263293,1.0,circular_shift_exact_mask_geometry
5,L5,Walking recall,fold03,150,-4.934210526315802,-1.9736842105263293,1.0,circular_shift_exact_mask_geometry
5,L5,Walking recall,fold03,151,-4.934210526315802,-1.9736842105263293,1.0,circular_shift_exact_mask_geometry
5,L5,Walking recall,fold03,152,-3.6184210526315894,-1.9736842105263293,1.0,circular_shift_exact_mask_geometry
5,L5,Walking recall,fold03,153,-3.6184210526315894,-1.9736842105263293,1.0,circular_shift_exact_mask_geometry
5,L5,Walking recall,fold03,154,-4.934210526315802,-1.9736842105263293,1.0,circular_shift_exact_mask_geometry
5,L5,Walking recall,fold03,155,-3.2894736842105416,-1.9736842105263293,1.0,circular_shift_exact_mask_geometry
5,L5,Walking recall,fold03,156,-3.9473684210526443,-1.9736842105263293,1.0,circular_shift_exact_mask_geometry
5,L5,Walking recall,fold03,157,-3.2894736842105416,-1.9736842105263293,1.0,circular_shift_exact_mask_geometry
5,L5,Walking recall,fold03,158,-2.631578947368432,-1.9736842105263293,1.0,circular_shift_exact_mask_geometry
5,L5,Walking recall,fold03,159,-5.26315789473685,-1.9736842105263293,1.0,circular_shift_exact_mask_geometry
5,L5,Walking recall,fold03,160,-3.2894736842105416,-1.9736842105263293,1.0,circular_shift_exact_mask_geometry
5,L5,Walking recall,fold03,161,-2.631578947368432,-1.9736842105263293,1.0,circular_shift_exact_mask_geometry
5,L5,Walking recall,fold03,162,-3.2894736842105416,-1.9736842105263293,1.0,circular_shift_exact_mask_geometry
5,L5,Walking recall,fold03,163,-3.9473684210526443,-1.9736842105263293,1.0,circular_shift_exact_mask_geometry
5,L5,Walking recall,fold03,164,-3.2894736842105416,-1.9736842105263293,1.0,circular_shift_exact_mask_geometry
5,L5,Walking recall,fold03,165,-4.276315789473692,-1.9736842105263293,1.0,circular_shift_exact_mask_geometry
5,L5,Walking recall,fold03,166,-4.934210526315802,-1.9736842105263293,1.0,circular_shift_exact_mask_geometry
5,L5,Walking recall,fold03,167,-3.6184210526315894,-1.9736842105263293,1.0,circular_shift_exact_mask_geometry
5,L5,Walking recall,fold03,168,-3.6184210526315894,-1.9736842105263293,1.0,circular_shift_exact_mask_geometry
5,L5,Walking recall,fold03,169,-3.6184210526315894,-1.9736842105263293,1.0,circular_shift_exact_mask_geometry
5,L5,Walking recall,fold03,170,-4.276315789473692,-1.9736842105263293,1.0,circular_shift_exact_mask_geometry
5,L5,Walking recall,fold03,171,-2.9605263157894868,-1.9736842105263293,1.0,circular_shift_exact_mask_geometry
5,L5,Walking recall,fold03,172,-3.6184210526315894,-1.9736842105263293,1.0,circular_shift_exact_mask_geometry
5,L5,Walking recall,fold03,173,-3.6184210526315894,-1.9736842105263293,1.0,circular_shift_exact_mask_geometry
5,L5,Walking recall,fold03,174,-3.6184210526315894,-1.9736842105263293,1.0,circular_shift_exact_mask_geometry
5,L5,Walking recall,fold03,175,-3.2894736842105416,-1.9736842105263293,1.0,circular_shift_exact_mask_geometry
5,L5,Walking recall,fold03,176,-3.2894736842105416,-1.9736842105263293,1.0,circular_shift_exact_mask_geometry
5,L5,Walking recall,fold03,177,-4.605263157894747,-1.9736842105263293,1.0,circular_shift_exact_mask_geometry
5,L5,Walking recall,fold03,178,-3.2894736842105416,-1.9736842105263293,1.0,circular_shift_exact_mask_geometry
5,L5,Walking recall,fold03,179,-3.2894736842105416,-1.9736842105263293,1.0,circular_shift_exact_mask_geometry
5,L5,Walking recall,fold03,180,-2.9605263157894868,-1.9736842105263293,1.0,circular_shift_exact_mask_geometry
5,L5,Walking recall,fold03,181,-4.605263157894747,-1.9736842105263293,1.0,circular_shift_exact_mask_geometry
5,L5,Walking recall,fold03,182,-3.6184210526315894,-1.9736842105263293,1.0,circular_shift_exact_mask_geometry
5,L5,Walking recall,fold03,183,-4.605263157894747,-1.9736842105263293,1.0,circular_shift_exact_mask_geometry
5,L5,Walking recall,fold03,184,-3.2894736842105416,-1.9736842105263293,1.0,circular_shift_exact_mask_geometry
5,L5,Walking recall,fold03,185,-3.6184210526315894,-1.9736842105263293,1.0,circular_shift_exact_mask_geometry
5,L5,Walking recall,fold03,186,-3.6184210526315894,-1.9736842105263293,1.0,circular_shift_exact_mask_geometry
5,L5,Walking recall,fold03,187,-3.6184210526315894,-1.9736842105263293,1.0,circular_shift_exact_mask_geometry
5,L5,Walking recall,fold03,188,-3.9473684210526443,-1.9736842105263293,1.0,circular_shift_exact_mask_geometry
5,L5,Walking recall,fold03,189,-3.2894736842105416,-1.9736842105263293,1.0,circular_shift_exact_mask_geometry
5,L5,Walking recall,fold03,190,-3.6184210526315894,-1.9736842105263293,1.0,circular_shift_exact_mask_geometry
5,L5,Walking recall,fold03,191,-2.9605263157894868,-1.9736842105263293,1.0,circular_shift_exact_mask_geometry
5,L5,Walking recall,fold03,192,-3.6184210526315894,-1.9736842105263293,1.0,circular_shift_exact_mask_geometry
5,L5,Walking recall,fold03,193,-3.6184210526315894,-1.9736842105263293,1.0,circular_shift_exact_mask_geometry
5,L5,Walking recall,fold03,194,-4.276315789473692,-1.9736842105263293,1.0,circular_shift_exact_mask_geometry
5,L5,Walking recall,fold03,195,-2.9605263157894868,-1.9736842105263293,1.0,circular_shift_exact_mask_geometry
5,L5,Walking recall,fold03,196,-3.9473684210526443,-1.9736842105263293,1.0,circular_shift_exact_mask_geometry
5,L5,Walking recall,fold03,197,-3.9473684210526443,-1.9736842105263293,1.0,circular_shift_exact_mask_geometry
5,L5,Walking recall,fold03,198,-2.9605263157894868,-1.9736842105263293,1.0,circular_shift_exact_mask_geometry
5,L5,Walking recall,fold03,199,-4.276315789473692,-1.9736842105263293,1.0,circular_shift_exact_mask_geometry
5,L5,Walking recall,fold03,200,-3.9473684210526443,-1.9736842105263293,1.0,circular_shift_exact_mask_geometry
5,L5,Walking recall,fold03,201,-2.631578947368432,-1.9736842105263293,1.0,circular_shift_exact_mask_geometry
5,L5,Walking recall,fold03,202,-3.6184210526315894,-1.9736842105263293,1.0,circular_shift_exact_mask_geometry
5,L5,Walking recall,fold03,203,-3.2894736842105416,-1.9736842105263293,1.0,circular_shift_exact_mask_geometry
5,L5,Walking recall,fold03,204,-3.9473684210526443,-1.9736842105263293,1.0,circular_shift_exact_mask_geometry
5,L5,Walking recall,fold03,205,-4.934210526315802,-1.9736842105263293,1.0,circular_shift_exact_mask_geometry
5,L5,Walking recall,fold03,206,-4.605263157894747,-1.9736842105263293,1.0,circular_shift_exact_mask_geometry
5,L5,Walking recall,fold03,207,-3.6184210526315894,-1.9736842105263293,1.0,circular_shift_exact_mask_geometry
5,L5,Walking recall,fold03,208,-4.605263157894747,-1.9736842105263293,1.0,circular_shift_exact_mask_geometry
5,L5,Walking recall,fold03,209,-3.2894736842105416,-1.9736842105263293,1.0,circular_shift_exact_mask_geometry
5,L5,Walking recall,fold03,210,-2.631578947368432,-1.9736842105263293,1.0,circular_shift_exact_mask_geometry
5,L5,Walking recall,fold03,211,-4.934210526315802,-1.9736842105263293,1.0,circular_shift_exact_mask_geometry
5,L5,Walking recall,fold03,212,-3.2894736842105416,-1.9736842105263293,1.0,circular_shift_exact_mask_geometry
5,L5,Walking recall,fold03,213,-3.9473684210526443,-1.9736842105263293,1.0,circular_shift_exact_mask_geometry
5,L5,Walking recall,fold03,214,-3.9473684210526443,-1.9736842105263293,1.0,circular_shift_exact_mask_geometry
5,L5,Walking recall,fold03,215,-3.9473684210526443,-1.9736842105263293,1.0,circular_shift_exact_mask_geometry
5,L5,Walking recall,fold03,216,-4.276315789473692,-1.9736842105263293,1.0,circular_shift_exact_mask_geometry
5,L5,Walking recall,fold03,217,-4.276315789473692,-1.9736842105263293,1.0,circular_shift_exact_mask_geometry
5,L5,Walking recall,fold03,218,-3.2894736842105416,-1.9736842105263293,1.0,circular_shift_exact_mask_geometry
5,L5,Walking recall,fold03,219,-3.2894736842105416,-1.9736842105263293,1.0,circular_shift_exact_mask_geometry
5,L5,Walking recall,fold03,220,-3.6184210526315894,-1.9736842105263293,1.0,circular_shift_exact_mask_geometry
5,L5,Walking recall,fold03,221,-4.605263157894747,-1.9736842105263293,1.0,circular_shift_exact_mask_geometry
5,L5,Walking recall,fold03,222,-4.605263157894747,-1.9736842105263293,1.0,circular_shift_exact_mask_geometry
5,L5,Walking recall,fold03,223,-4.276315789473692,-1.9736842105263293,1.0,circular_shift_exact_mask_geometry
5,L5,Walking recall,fold03,224,-5.26315789473685,-1.9736842105263293,1.0,circular_shift_exact_mask_geometry
5,L5,Walking recall,fold03,225,-3.9473684210526443,-1.9736842105263293,1.0,circular_shift_exact_mask_geometry
5,L5,Walking recall,fold03,226,-4.605263157894747,-1.9736842105263293,1.0,circular_shift_exact_mask_geometry
5,L5,Walking recall,fold03,227,-3.9473684210526443,-1.9736842105263293,1.0,circular_shift_exact_mask_geometry
5,L5,Walking recall,fold03,228,-3.2894736842105416,-1.9736842105263293,1.0,circular_shift_exact_mask_geometry
5,L5,Walking recall,fold03,229,-3.2894736842105416,-1.9736842105263293,1.0,circular_shift_exact_mask_geometry
5,L5,Walking recall,fold03,230,-3.9473684210526443,-1.9736842105263293,1.0,circular_shift_exact_mask_geometry
5,L5,Walking recall,fold03,231,-3.9473684210526443,-1.9736842105263293,1.0,circular_shift_exact_mask_geometry
5,L5,Walking recall,fold03,232,-3.9473684210526443,-1.9736842105263293,1.0,circular_shift_exact_mask_geometry
5,L5,Walking recall,fold03,233,-3.6184210526315894,-1.9736842105263293,1.0,circular_shift_exact_mask_geometry
5,L5,Walking recall,fold03,234,-3.2894736842105416,-1.9736842105263293,1.0,circular_shift_exact_mask_geometry
5,L5,Walking recall,fold03,235,-3.6184210526315894,-1.9736842105263293,1.0,circular_shift_exact_mask_geometry
5,L5,Walking recall,fold03,236,-4.276315789473692,-1.9736842105263293,1.0,circular_shift_exact_mask_geometry
5,L5,Walking recall,fold03,237,-4.605263157894747,-1.9736842105263293,1.0,circular_shift_exact_mask_geometry
5,L5,Walking recall,fold03,238,-3.2894736842105416,-1.9736842105263293,1.0,circular_shift_exact_mask_geometry
5,L5,Walking recall,fold03,239,-3.2894736842105416,-1.9736842105263293,1.0,circular_shift_exact_mask_geometry
5,L5,Walking recall,fold03,240,-2.9605263157894868,-1.9736842105263293,1.0,circular_shift_exact_mask_geometry
5,L5,Walking recall,fold03,241,-3.6184210526315894,-1.9736842105263293,1.0,circular_shift_exact_mask_geometry
5,L5,Walking recall,fold03,242,-2.9605263157894868,-1.9736842105263293,1.0,circular_shift_exact_mask_geometry
5,L5,Walking recall,fold03,243,-3.9473684210526443,-1.9736842105263293,1.0,circular_shift_exact_mask_geometry
5,L5,Walking recall,fold03,244,-2.9605263157894868,-1.9736842105263293,1.0,circular_shift_exact_mask_geometry
5,L5,Walking recall,fold03,245,-3.9473684210526443,-1.9736842105263293,1.0,circular_shift_exact_mask_geometry
5,L5,Walking recall,fold03,246,-3.2894736842105416,-1.9736842105263293,1.0,circular_shift_exact_mask_geometry
5,L5,Walking recall,fold03,247,-4.276315789473692,-1.9736842105263293,1.0,circular_shift_exact_mask_geometry
5,L5,Walking recall,fold03,248,-3.9473684210526443,-1.9736842105263293,1.0,circular_shift_exact_mask_geometry
5,L5,Walking recall,fold03,249,-4.605263157894747,-1.9736842105263293,1.0,circular_shift_exact_mask_geometry
5,L5,Walking recall,fold03,250,-4.276315789473692,-1.9736842105263293,1.0,circular_shift_exact_mask_geometry
5,L5,Walking recall,fold03,251,-2.631578947368432,-1.9736842105263293,1.0,circular_shift_exact_mask_geometry
5,L5,Walking recall,fold03,252,-3.2894736842105416,-1.9736842105263293,1.0,circular_shift_exact_mask_geometry
5,L5,Walking recall,fold03,253,-4.934210526315802,-1.9736842105263293,1.0,circular_shift_exact_mask_geometry
5,L5,Walking recall,fold03,254,-3.9473684210526443,-1.9736842105263293,1.0,circular_shift_exact_mask_geometry
5,L5,Walking recall,fold03,255,-3.6184210526315894,-1.9736842105263293,1.0,circular_shift_exact_mask_geometry
5,L5,Walking recall,fold03,256,-2.9605263157894868,-1.9736842105263293,1.0,circular_shift_exact_mask_geometry
5,L5,Walking recall,fold03,257,-3.6184210526315894,-1.9736842105263293,1.0,circular_shift_exact_mask_geometry
5,L5,Walking recall,fold03,258,-4.605263157894747,-1.9736842105263293,1.0,circular_shift_exact_mask_geometry
5,L5,Walking recall,fold03,259,-2.302631578947384,-1.9736842105263293,1.0,circular_shift_exact_mask_geometry
5,L5,Walking recall,fold03,260,-4.934210526315802,-1.9736842105263293,1.0,circular_shift_exact_mask_geometry
5,L5,Walking recall,fold03,261,-4.276315789473692,-1.9736842105263293,1.0,circular_shift_exact_mask_geometry
5,L5,Walking recall,fold03,262,-3.6184210526315894,-1.9736842105263293,1.0,circular_shift_exact_mask_geometry
5,L5,Walking recall,fold03,263,-4.276315789473692,-1.9736842105263293,1.0,circular_shift_exact_mask_geometry
5,L5,Walking recall,fold03,264,-3.2894736842105416,-1.9736842105263293,1.0,circular_shift_exact_mask_geometry
5,L5,Walking recall,fold03,265,-4.276315789473692,-1.9736842105263293,1.0,circular_shift_exact_mask_geometry
5,L5,Walking recall,fold03,266,-3.9473684210526443,-1.9736842105263293,1.0,circular_shift_exact_mask_geometry
5,L5,Walking recall,fold03,267,-3.9473684210526443,-1.9736842105263293,1.0,circular_shift_exact_mask_geometry
5,L5,Walking recall,fold03,268,-3.2894736842105416,-1.9736842105263293,1.0,circular_shift_exact_mask_geometry
5,L5,Walking recall,fold03,269,-3.6184210526315894,-1.9736842105263293,1.0,circular_shift_exact_mask_geometry
5,L5,Walking recall,fold03,270,-4.605263157894747,-1.9736842105263293,1.0,circular_shift_exact_mask_geometry
5,L5,Walking recall,fold03,271,-3.6184210526315894,-1.9736842105263293,1.0,circular_shift_exact_mask_geometry
5,L5,Walking recall,fold03,272,-4.934210526315802,-1.9736842105263293,1.0,circular_shift_exact_mask_geometry
5,L5,Walking recall,fold03,273,-2.631578947368432,-1.9736842105263293,1.0,circular_shift_exact_mask_geometry
5,L5,Walking recall,fold03,274,-2.631578947368432,-1.9736842105263293,1.0,circular_shift_exact_mask_geometry
5,L5,Walking recall,fold03,275,-4.605263157894747,-1.9736842105263293,1.0,circular_shift_exact_mask_geometry
5,L5,Walking recall,fold03,276,-4.605263157894747,-1.9736842105263293,1.0,circular_shift_exact_mask_geometry
5,L5,Walking recall,fold03,277,-3.2894736842105416,-1.9736842105263293,1.0,circular_shift_exact_mask_geometry
5,L5,Walking recall,fold03,278,-2.9605263157894868,-1.9736842105263293,1.0,circular_shift_exact_mask_geometry
5,L5,Walking recall,fold03,279,-3.2894736842105416,-1.9736842105263293,1.0,circular_shift_exact_mask_geometry
5,L5,Walking recall,fold03,280,-3.2894736842105416,-1.9736842105263293,1.0,circular_shift_exact_mask_geometry
5,L5,Walking recall,fold03,281,-4.605263157894747,-1.9736842105263293,1.0,circular_shift_exact_mask_geometry
5,L5,Walking recall,fold03,282,-3.2894736842105416,-1.9736842105263293,1.0,circular_shift_exact_mask_geometry
5,L5,Walking recall,fold03,283,-4.934210526315802,-1.9736842105263293,1.0,circular_shift_exact_mask_geometry
5,L5,Walking recall,fold03,284,-3.2894736842105416,-1.9736842105263293,1.0,circular_shift_exact_mask_geometry
5,L5,Walking recall,fold03,285,-3.9473684210526443,-1.9736842105263293,1.0,circular_shift_exact_mask_geometry
5,L5,Walking recall,fold03,286,-4.605263157894747,-1.9736842105263293,1.0,circular_shift_exact_mask_geometry
5,L5,Walking recall,fold03,287,-3.6184210526315894,-1.9736842105263293,1.0,circular_shift_exact_mask_geometry
5,L5,Walking recall,fold03,288,-4.276315789473692,-1.9736842105263293,1.0,circular_shift_exact_mask_geometry
5,L5,Walking recall,fold03,289,-3.9473684210526443,-1.9736842105263293,1.0,circular_shift_exact_mask_geometry
5,L5,Walking recall,fold03,290,-3.9473684210526443,-1.9736842105263293,1.0,circular_shift_exact_mask_geometry
5,L5,Walking recall,fold03,291,-4.934210526315802,-1.9736842105263293,1.0,circular_shift_exact_mask_geometry
5,L5,Walking recall,fold03,292,-4.605263157894747,-1.9736842105263293,1.0,circular_shift_exact_mask_geometry
5,L5,Walking recall,fold03,293,-2.302631578947384,-1.9736842105263293,1.0,circular_shift_exact_mask_geometry
5,L5,Walking recall,fold03,294,-4.605263157894747,-1.9736842105263293,1.0,circular_shift_exact_mask_geometry
5,L5,Walking recall,fold03,295,-3.9473684210526443,-1.9736842105263293,1.0,circular_shift_exact_mask_geometry
5,L5,Walking recall,fold03,296,-3.9473684210526443,-1.9736842105263293,1.0,circular_shift_exact_mask_geometry
5,L5,Walking recall,fold03,297,-3.9473684210526443,-1.9736842105263293,1.0,circular_shift_exact_mask_geometry
5,L5,Walking recall,fold03,298,-3.2894736842105416,-1.9736842105263293,1.0,circular_shift_exact_mask_geometry
5,L5,Walking recall,fold03,299,-2.631578947368432,-1.9736842105263293,1.0,circular_shift_exact_mask_geometry
5,L5,Walking recall,fold03,300,-3.9473684210526443,-1.9736842105263293,1.0,circular_shift_exact_mask_geometry
5,L5,Walking recall,fold03,301,-3.9473684210526443,-1.9736842105263293,1.0,circular_shift_exact_mask_geometry
5,L5,Walking recall,fold03,302,-2.631578947368432,-1.9736842105263293,1.0,circular_shift_exact_mask_geometry
5,L5,Walking recall,fold03,303,-4.934210526315802,-1.9736842105263293,1.0,circular_shift_exact_mask_geometry
5,L5,Walking recall,fold03,304,-3.6184210526315894,-1.9736842105263293,1.0,circular_shift_exact_mask_geometry
5,L5,Walking recall,fold03,305,-2.9605263157894868,-1.9736842105263293,1.0,circular_shift_exact_mask_geometry
5,L5,Walking recall,fold03,306,-4.276315789473692,-1.9736842105263293,1.0,circular_shift_exact_mask_geometry
5,L5,Walking recall,fold03,307,-4.276315789473692,-1.9736842105263293,1.0,circular_shift_exact_mask_geometry
5,L5,Walking recall,fold03,308,-2.631578947368432,-1.9736842105263293,1.0,circular_shift_exact_mask_geometry
5,L5,Walking recall,fold03,309,-2.9605263157894868,-1.9736842105263293,1.0,circular_shift_exact_mask_geometry
5,L5,Walking recall,fold03,310,-3.6184210526315894,-1.9736842105263293,1.0,circular_shift_exact_mask_geometry
5,L5,Walking recall,fold03,311,-3.2894736842105416,-1.9736842105263293,1.0,circular_shift_exact_mask_geometry
5,L5,Walking recall,fold03,312,-2.9605263157894868,-1.9736842105263293,1.0,circular_shift_exact_mask_geometry
5,L5,Walking recall,fold03,313,-4.605263157894747,-1.9736842105263293,1.0,circular_shift_exact_mask_geometry
5,L5,Walking recall,fold03,314,-4.276315789473692,-1.9736842105263293,1.0,circular_shift_exact_mask_geometry
5,L5,Walking recall,fold03,315,-3.9473684210526443,-1.9736842105263293,1.0,circular_shift_exact_mask_geometry
5,L5,Walking recall,fold03,316,-4.276315789473692,-1.9736842105263293,1.0,circular_shift_exact_mask_geometry
5,L5,Walking recall,fold03,317,-3.6184210526315894,-1.9736842105263293,1.0,circular_shift_exact_mask_geometry
5,L5,Walking recall,fold03,318,-4.934210526315802,-1.9736842105263293,1.0,circular_shift_exact_mask_geometry
5,L5,Walking recall,fold03,319,-3.6184210526315894,-1.9736842105263293,1.0,circular_shift_exact_mask_geometry
5,L5,Walking recall,fold03,320,-3.6184210526315894,-1.9736842105263293,1.0,circular_shift_exact_mask_geometry
5,L5,Walking recall,fold03,321,-2.9605263157894868,-1.9736842105263293,1.0,circular_shift_exact_mask_geometry
5,L5,Walking recall,fold03,322,-3.6184210526315894,-1.9736842105263293,1.0,circular_shift_exact_mask_geometry
5,L5,Walking recall,fold03,323,-3.6184210526315894,-1.9736842105263293,1.0,circular_shift_exact_mask_geometry
5,L5,Walking recall,fold03,324,-3.6184210526315894,-1.9736842105263293,1.0,circular_shift_exact_mask_geometry
5,L5,Walking recall,fold03,325,-4.605263157894747,-1.9736842105263293,1.0,circular_shift_exact_mask_geometry
5,L5,Walking recall,fold03,326,-2.631578947368432,-1.9736842105263293,1.0,circular_shift_exact_mask_geometry
5,L5,Walking recall,fold03,327,-3.9473684210526443,-1.9736842105263293,1.0,circular_shift_exact_mask_geometry
5,L5,Walking recall,fold03,328,-4.276315789473692,-1.9736842105263293,1.0,circular_shift_exact_mask_geometry
5,L5,Walking recall,fold03,329,-2.9605263157894868,-1.9736842105263293,1.0,circular_shift_exact_mask_geometry
5,L5,Walking recall,fold03,330,-4.276315789473692,-1.9736842105263293,1.0,circular_shift_exact_mask_geometry
5,L5,Walking recall,fold03,331,-3.2894736842105416,-1.9736842105263293,1.0,circular_shift_exact_mask_geometry
5,L5,Walking recall,fold03,332,-2.9605263157894868,-1.9736842105263293,1.0,circular_shift_exact_mask_geometry
5,L5,Walking recall,fold03,333,-3.6184210526315894,-1.9736842105263293,1.0,circular_shift_exact_mask_geometry
5,L5,Walking recall,fold03,334,-3.6184210526315894,-1.9736842105263293,1.0,circular_shift_exact_mask_geometry
5,L5,Walking recall,fold03,335,-3.6184210526315894,-1.9736842105263293,1.0,circular_shift_exact_mask_geometry
5,L5,Walking recall,fold03,336,-1.9736842105263293,-1.9736842105263293,1.0,circular_shift_exact_mask_geometry
5,L5,Walking recall,fold03,337,-2.9605263157894868,-1.9736842105263293,1.0,circular_shift_exact_mask_geometry
5,L5,Walking recall,fold03,338,-4.934210526315802,-1.9736842105263293,1.0,circular_shift_exact_mask_geometry
5,L5,Walking recall,fold03,339,-3.6184210526315894,-1.9736842105263293,1.0,circular_shift_exact_mask_geometry
5,L5,Walking recall,fold03,340,-3.6184210526315894,-1.9736842105263293,1.0,circular_shift_exact_mask_geometry
5,L5,Walking recall,fold03,341,-3.2894736842105416,-1.9736842105263293,1.0,circular_shift_exact_mask_geometry
5,L5,Walking recall,fold03,342,-4.276315789473692,-1.9736842105263293,1.0,circular_shift_exact_mask_geometry
5,L5,Walking recall,fold03,343,-3.2894736842105416,-1.9736842105263293,1.0,circular_shift_exact_mask_geometry
5,L5,Walking recall,fold03,344,-3.2894736842105416,-1.9736842105263293,1.0,circular_shift_exact_mask_geometry
5,L5,Walking recall,fold03,345,-3.9473684210526443,-1.9736842105263293,1.0,circular_shift_exact_mask_geometry
5,L5,Walking recall,fold03,346,-2.631578947368432,-1.9736842105263293,1.0,circular_shift_exact_mask_geometry
5,L5,Walking recall,fold03,347,-3.9473684210526443,-1.9736842105263293,1.0,circular_shift_exact_mask_geometry
5,L5,Walking recall,fold03,348,-3.2894736842105416,-1.9736842105263293,1.0,circular_shift_exact_mask_geometry
5,L5,Walking recall,fold03,349,-2.631578947368432,-1.9736842105263293,1.0,circular_shift_exact_mask_geometry
5,L5,Walking recall,fold03,350,-3.2894736842105416,-1.9736842105263293,1.0,circular_shift_exact_mask_geometry
5,L5,Walking recall,fold03,351,-4.276315789473692,-1.9736842105263293,1.0,circular_shift_exact_mask_geometry
5,L5,Walking recall,fold03,352,-3.9473684210526443,-1.9736842105263293,1.0,circular_shift_exact_mask_geometry
5,L5,Walking recall,fold03,353,-4.276315789473692,-1.9736842105263293,1.0,circular_shift_exact_mask_geometry
5,L5,Walking recall,fold03,354,-4.605263157894747,-1.9736842105263293,1.0,circular_shift_exact_mask_geometry
5,L5,Walking recall,fold03,355,-3.9473684210526443,-1.9736842105263293,1.0,circular_shift_exact_mask_geometry
5,L5,Walking recall,fold03,356,-3.9473684210526443,-1.9736842105263293,1.0,circular_shift_exact_mask_geometry
5,L5,Walking recall,fold03,357,-3.6184210526315894,-1.9736842105263293,1.0,circular_shift_exact_mask_geometry
5,L5,Walking recall,fold03,358,-4.276315789473692,-1.9736842105263293,1.0,circular_shift_exact_mask_geometry
5,L5,Walking recall,fold03,359,-3.9473684210526443,-1.9736842105263293,1.0,circular_shift_exact_mask_geometry
5,L5,Walking recall,fold03,360,-3.6184210526315894,-1.9736842105263293,1.0,circular_shift_exact_mask_geometry
5,L5,Walking recall,fold03,361,-2.9605263157894868,-1.9736842105263293,1.0,circular_shift_exact_mask_geometry
5,L5,Walking recall,fold03,362,-3.2894736842105416,-1.9736842105263293,1.0,circular_shift_exact_mask_geometry
5,L5,Walking recall,fold03,363,-3.2894736842105416,-1.9736842105263293,1.0,circular_shift_exact_mask_geometry
5,L5,Walking recall,fold03,364,-3.6184210526315894,-1.9736842105263293,1.0,circular_shift_exact_mask_geometry
5,L5,Walking recall,fold03,365,-3.9473684210526443,-1.9736842105263293,1.0,circular_shift_exact_mask_geometry
5,L5,Walking recall,fold03,366,-3.9473684210526443,-1.9736842105263293,1.0,circular_shift_exact_mask_geometry
5,L5,Walking recall,fold03,367,-3.6184210526315894,-1.9736842105263293,1.0,circular_shift_exact_mask_geometry
5,L5,Walking recall,fold03,368,-2.9605263157894868,-1.9736842105263293,1.0,circular_shift_exact_mask_geometry
5,L5,Walking recall,fold03,369,-2.631578947368432,-1.9736842105263293,1.0,circular_shift_exact_mask_geometry
5,L5,Walking recall,fold03,370,-4.605263157894747,-1.9736842105263293,1.0,circular_shift_exact_mask_geometry
5,L5,Walking recall,fold03,371,-1.9736842105263293,-1.9736842105263293,1.0,circular_shift_exact_mask_geometry
5,L5,Walking recall,fold03,372,-2.631578947368432,-1.9736842105263293,1.0,circular_shift_exact_mask_geometry
5,L5,Walking recall,fold03,373,-2.302631578947384,-1.9736842105263293,1.0,circular_shift_exact_mask_geometry
5,L5,Walking recall,fold03,374,-3.2894736842105416,-1.9736842105263293,1.0,circular_shift_exact_mask_geometry
5,L5,Walking recall,fold03,375,-4.276315789473692,-1.9736842105263293,1.0,circular_shift_exact_mask_geometry
5,L5,Walking recall,fold03,376,-3.2894736842105416,-1.9736842105263293,1.0,circular_shift_exact_mask_geometry
5,L5,Walking recall,fold03,377,-3.2894736842105416,-1.9736842105263293,1.0,circular_shift_exact_mask_geometry
5,L5,Walking recall,fold03,378,-3.2894736842105416,-1.9736842105263293,1.0,circular_shift_exact_mask_geometry
5,L5,Walking recall,fold03,379,-4.276315789473692,-1.9736842105263293,1.0,circular_shift_exact_mask_geometry
5,L5,Walking recall,fold03,380,-3.9473684210526443,-1.9736842105263293,1.0,circular_shift_exact_mask_geometry
5,L5,Walking recall,fold03,381,-3.9473684210526443,-1.9736842105263293,1.0,circular_shift_exact_mask_geometry
5,L5,Walking recall,fold03,382,-5.5921052631579045,-1.9736842105263293,1.0,circular_shift_exact_mask_geometry
5,L5,Walking recall,fold03,383,-2.9605263157894868,-1.9736842105263293,1.0,circular_shift_exact_mask_geometry
5,L5,Walking recall,fold03,384,-4.276315789473692,-1.9736842105263293,1.0,circular_shift_exact_mask_geometry
5,L5,Walking recall,fold03,385,-3.6184210526315894,-1.9736842105263293,1.0,circular_shift_exact_mask_geometry
5,L5,Walking recall,fold03,386,-5.26315789473685,-1.9736842105263293,1.0,circular_shift_exact_mask_geometry
5,L5,Walking recall,fold03,387,-4.276315789473692,-1.9736842105263293,1.0,circular_shift_exact_mask_geometry
5,L5,Walking recall,fold03,388,-3.6184210526315894,-1.9736842105263293,1.0,circular_shift_exact_mask_geometry
5,L5,Walking recall,fold03,389,-2.9605263157894868,-1.9736842105263293,1.0,circular_shift_exact_mask_geometry
5,L5,Walking recall,fold03,390,-4.276315789473692,-1.9736842105263293,1.0,circular_shift_exact_mask_geometry
5,L5,Walking recall,fold03,391,-3.9473684210526443,-1.9736842105263293,1.0,circular_shift_exact_mask_geometry
5,L5,Walking recall,fold03,392,-4.934210526315802,-1.9736842105263293,1.0,circular_shift_exact_mask_geometry
5,L5,Walking recall,fold03,393,-3.2894736842105416,-1.9736842105263293,1.0,circular_shift_exact_mask_geometry
5,L5,Walking recall,fold03,394,-3.9473684210526443,-1.9736842105263293,1.0,circular_shift_exact_mask_geometry
5,L5,Walking recall,fold03,395,-4.605263157894747,-1.9736842105263293,1.0,circular_shift_exact_mask_geometry
5,L5,Walking recall,fold03,396,-3.6184210526315894,-1.9736842105263293,1.0,circular_shift_exact_mask_geometry
5,L5,Walking recall,fold03,397,-3.2894736842105416,-1.9736842105263293,1.0,circular_shift_exact_mask_geometry
5,L5,Walking recall,fold03,398,-2.302631578947384,-1.9736842105263293,1.0,circular_shift_exact_mask_geometry
5,L5,Walking recall,fold03,399,-3.9473684210526443,-1.9736842105263293,1.0,circular_shift_exact_mask_geometry
5,L5,Walking recall,fold03,400,-2.9605263157894868,-1.9736842105263293,1.0,circular_shift_exact_mask_geometry
5,L5,Walking recall,fold03,401,-4.605263157894747,-1.9736842105263293,1.0,circular_shift_exact_mask_geometry
5,L5,Walking recall,fold03,402,-2.9605263157894868,-1.9736842105263293,1.0,circular_shift_exact_mask_geometry
5,L5,Walking recall,fold03,403,-4.605263157894747,-1.9736842105263293,1.0,circular_shift_exact_mask_geometry
5,L5,Walking recall,fold03,404,-3.9473684210526443,-1.9736842105263293,1.0,circular_shift_exact_mask_geometry
5,L5,Walking recall,fold03,405,-3.2894736842105416,-1.9736842105263293,1.0,circular_shift_exact_mask_geometry
5,L5,Walking recall,fold03,406,-3.9473684210526443,-1.9736842105263293,1.0,circular_shift_exact_mask_geometry
5,L5,Walking recall,fold03,407,-3.6184210526315894,-1.9736842105263293,1.0,circular_shift_exact_mask_geometry
5,L5,Walking recall,fold03,408,-5.26315789473685,-1.9736842105263293,1.0,circular_shift_exact_mask_geometry
5,L5,Walking recall,fold03,409,-3.2894736842105416,-1.9736842105263293,1.0,circular_shift_exact_mask_geometry
5,L5,Walking recall,fold03,410,-4.605263157894747,-1.9736842105263293,1.0,circular_shift_exact_mask_geometry
5,L5,Walking recall,fold03,411,-4.276315789473692,-1.9736842105263293,1.0,circular_shift_exact_mask_geometry
5,L5,Walking recall,fold03,412,-3.2894736842105416,-1.9736842105263293,1.0,circular_shift_exact_mask_geometry
5,L5,Walking recall,fold03,413,-3.6184210526315894,-1.9736842105263293,1.0,circular_shift_exact_mask_geometry
5,L5,Walking recall,fold03,414,-4.276315789473692,-1.9736842105263293,1.0,circular_shift_exact_mask_geometry
5,L5,Walking recall,fold03,415,-3.6184210526315894,-1.9736842105263293,1.0,circular_shift_exact_mask_geometry
5,L5,Walking recall,fold03,416,-3.9473684210526443,-1.9736842105263293,1.0,circular_shift_exact_mask_geometry
5,L5,Walking recall,fold03,417,-4.276315789473692,-1.9736842105263293,1.0,circular_shift_exact_mask_geometry
5,L5,Walking recall,fold03,418,-4.276315789473692,-1.9736842105263293,1.0,circular_shift_exact_mask_geometry
5,L5,Walking recall,fold03,419,-4.276315789473692,-1.9736842105263293,1.0,circular_shift_exact_mask_geometry
5,L5,Walking recall,fold03,420,-3.2894736842105416,-1.9736842105263293,1.0,circular_shift_exact_mask_geometry
5,L5,Walking recall,fold03,421,-4.605263157894747,-1.9736842105263293,1.0,circular_shift_exact_mask_geometry
5,L5,Walking recall,fold03,422,-3.9473684210526443,-1.9736842105263293,1.0,circular_shift_exact_mask_geometry
5,L5,Walking recall,fold03,423,-3.6184210526315894,-1.9736842105263293,1.0,circular_shift_exact_mask_geometry
5,L5,Walking recall,fold03,424,-3.6184210526315894,-1.9736842105263293,1.0,circular_shift_exact_mask_geometry
5,L5,Walking recall,fold03,425,-3.9473684210526443,-1.9736842105263293,1.0,circular_shift_exact_mask_geometry
5,L5,Walking recall,fold03,426,-2.302631578947384,-1.9736842105263293,1.0,circular_shift_exact_mask_geometry
5,L5,Walking recall,fold03,427,-4.605263157894747,-1.9736842105263293,1.0,circular_shift_exact_mask_geometry
5,L5,Walking recall,fold03,428,-4.276315789473692,-1.9736842105263293,1.0,circular_shift_exact_mask_geometry
5,L5,Walking recall,fold03,429,-3.2894736842105416,-1.9736842105263293,1.0,circular_shift_exact_mask_geometry
5,L5,Walking recall,fold03,430,-4.276315789473692,-1.9736842105263293,1.0,circular_shift_exact_mask_geometry
5,L5,Walking recall,fold03,431,-4.605263157894747,-1.9736842105263293,1.0,circular_shift_exact_mask_geometry
5,L5,Walking recall,fold03,432,-2.631578947368432,-1.9736842105263293,1.0,circular_shift_exact_mask_geometry
5,L5,Walking recall,fold03,433,-4.605263157894747,-1.9736842105263293,1.0,circular_shift_exact_mask_geometry
5,L5,Walking recall,fold03,434,-3.6184210526315894,-1.9736842105263293,1.0,circular_shift_exact_mask_geometry
5,L5,Walking recall,fold03,435,-3.6184210526315894,-1.9736842105263293,1.0,circular_shift_exact_mask_geometry
5,L5,Walking recall,fold03,436,-3.2894736842105416,-1.9736842105263293,1.0,circular_shift_exact_mask_geometry
5,L5,Walking recall,fold03,437,-4.276315789473692,-1.9736842105263293,1.0,circular_shift_exact_mask_geometry
5,L5,Walking recall,fold03,438,-3.2894736842105416,-1.9736842105263293,1.0,circular_shift_exact_mask_geometry
5,L5,Walking recall,fold03,439,-2.631578947368432,-1.9736842105263293,1.0,circular_shift_exact_mask_geometry
5,L5,Walking recall,fold03,440,-3.2894736842105416,-1.9736842105263293,1.0,circular_shift_exact_mask_geometry
5,L5,Walking recall,fold03,441,-4.276315789473692,-1.9736842105263293,1.0,circular_shift_exact_mask_geometry
5,L5,Walking recall,fold03,442,-3.2894736842105416,-1.9736842105263293,1.0,circular_shift_exact_mask_geometry
5,L5,Walking recall,fold03,443,-3.9473684210526443,-1.9736842105263293,1.0,circular_shift_exact_mask_geometry
5,L5,Walking recall,fold03,444,-3.9473684210526443,-1.9736842105263293,1.0,circular_shift_exact_mask_geometry
5,L5,Walking recall,fold03,445,-2.631578947368432,-1.9736842105263293,1.0,circular_shift_exact_mask_geometry
5,L5,Walking recall,fold03,446,-3.2894736842105416,-1.9736842105263293,1.0,circular_shift_exact_mask_geometry
5,L5,Walking recall,fold03,447,-3.6184210526315894,-1.9736842105263293,1.0,circular_shift_exact_mask_geometry
5,L5,Walking recall,fold03,448,-3.6184210526315894,-1.9736842105263293,1.0,circular_shift_exact_mask_geometry
5,L5,Walking recall,fold03,449,-2.631578947368432,-1.9736842105263293,1.0,circular_shift_exact_mask_geometry
5,L5,Walking recall,fold03,450,-2.302631578947384,-1.9736842105263293,1.0,circular_shift_exact_mask_geometry
5,L5,Walking recall,fold03,451,-5.26315789473685,-1.9736842105263293,1.0,circular_shift_exact_mask_geometry
5,L5,Walking recall,fold03,452,-2.631578947368432,-1.9736842105263293,1.0,circular_shift_exact_mask_geometry
5,L5,Walking recall,fold03,453,-2.9605263157894868,-1.9736842105263293,1.0,circular_shift_exact_mask_geometry
5,L5,Walking recall,fold03,454,-3.6184210526315894,-1.9736842105263293,1.0,circular_shift_exact_mask_geometry
5,L5,Walking recall,fold03,455,-3.9473684210526443,-1.9736842105263293,1.0,circular_shift_exact_mask_geometry
5,L5,Walking recall,fold03,456,-2.9605263157894868,-1.9736842105263293,1.0,circular_shift_exact_mask_geometry
5,L5,Walking recall,fold03,457,-3.9473684210526443,-1.9736842105263293,1.0,circular_shift_exact_mask_geometry
5,L5,Walking recall,fold03,458,-2.302631578947384,-1.9736842105263293,1.0,circular_shift_exact_mask_geometry
5,L5,Walking recall,fold03,459,-4.605263157894747,-1.9736842105263293,1.0,circular_shift_exact_mask_geometry
5,L5,Walking recall,fold03,460,-2.9605263157894868,-1.9736842105263293,1.0,circular_shift_exact_mask_geometry
5,L5,Walking recall,fold03,461,-4.276315789473692,-1.9736842105263293,1.0,circular_shift_exact_mask_geometry
5,L5,Walking recall,fold03,462,-3.9473684210526443,-1.9736842105263293,1.0,circular_shift_exact_mask_geometry
5,L5,Walking recall,fold03,463,-3.2894736842105416,-1.9736842105263293,1.0,circular_shift_exact_mask_geometry
5,L5,Walking recall,fold03,464,-3.9473684210526443,-1.9736842105263293,1.0,circular_shift_exact_mask_geometry
5,L5,Walking recall,fold03,465,-5.26315789473685,-1.9736842105263293,1.0,circular_shift_exact_mask_geometry
5,L5,Walking recall,fold03,466,-3.6184210526315894,-1.9736842105263293,1.0,circular_shift_exact_mask_geometry
5,L5,Walking recall,fold03,467,-4.276315789473692,-1.9736842105263293,1.0,circular_shift_exact_mask_geometry
5,L5,Walking recall,fold03,468,-3.2894736842105416,-1.9736842105263293,1.0,circular_shift_exact_mask_geometry
5,L5,Walking recall,fold03,469,-4.276315789473692,-1.9736842105263293,1.0,circular_shift_exact_mask_geometry
5,L5,Walking recall,fold03,470,-3.6184210526315894,-1.9736842105263293,1.0,circular_shift_exact_mask_geometry
5,L5,Walking recall,fold03,471,-3.6184210526315894,-1.9736842105263293,1.0,circular_shift_exact_mask_geometry
5,L5,Walking recall,fold03,472,-4.276315789473692,-1.9736842105263293,1.0,circular_shift_exact_mask_geometry
5,L5,Walking recall,fold03,473,-3.9473684210526443,-1.9736842105263293,1.0,circular_shift_exact_mask_geometry
5,L5,Walking recall,fold03,474,-3.2894736842105416,-1.9736842105263293,1.0,circular_shift_exact_mask_geometry
5,L5,Walking recall,fold03,475,-3.9473684210526443,-1.9736842105263293,1.0,circular_shift_exact_mask_geometry
5,L5,Walking recall,fold03,476,-4.276315789473692,-1.9736842105263293,1.0,circular_shift_exact_mask_geometry
5,L5,Walking recall,fold03,477,-3.2894736842105416,-1.9736842105263293,1.0,circular_shift_exact_mask_geometry
5,L5,Walking recall,fold03,478,-3.9473684210526443,-1.9736842105263293,1.0,circular_shift_exact_mask_geometry
5,L5,Walking recall,fold03,479,-3.2894736842105416,-1.9736842105263293,1.0,circular_shift_exact_mask_geometry
5,L5,Walking recall,fold03,480,-3.6184210526315894,-1.9736842105263293,1.0,circular_shift_exact_mask_geometry
5,L5,Walking recall,fold03,481,-4.276315789473692,-1.9736842105263293,1.0,circular_shift_exact_mask_geometry
5,L5,Walking recall,fold03,482,-2.9605263157894868,-1.9736842105263293,1.0,circular_shift_exact_mask_geometry
5,L5,Walking recall,fold03,483,-3.9473684210526443,-1.9736842105263293,1.0,circular_shift_exact_mask_geometry
5,L5,Walking recall,fold03,484,-4.934210526315802,-1.9736842105263293,1.0,circular_shift_exact_mask_geometry
5,L5,Walking recall,fold03,485,-3.9473684210526443,-1.9736842105263293,1.0,circular_shift_exact_mask_geometry
5,L5,Walking recall,fold03,486,-4.276315789473692,-1.9736842105263293,1.0,circular_shift_exact_mask_geometry
5,L5,Walking recall,fold03,487,-3.6184210526315894,-1.9736842105263293,1.0,circular_shift_exact_mask_geometry
5,L5,Walking recall,fold03,488,-4.276315789473692,-1.9736842105263293,1.0,circular_shift_exact_mask_geometry
5,L5,Walking recall,fold03,489,-4.276315789473692,-1.9736842105263293,1.0,circular_shift_exact_mask_geometry
5,L5,Walking recall,fold03,490,-3.2894736842105416,-1.9736842105263293,1.0,circular_shift_exact_mask_geometry
5,L5,Walking recall,fold03,491,-3.9473684210526443,-1.9736842105263293,1.0,circular_shift_exact_mask_geometry
5,L5,Walking recall,fold03,492,-3.9473684210526443,-1.9736842105263293,1.0,circular_shift_exact_mask_geometry
5,L5,Walking recall,fold03,493,-3.6184210526315894,-1.9736842105263293,1.0,circular_shift_exact_mask_geometry
5,L5,Walking recall,fold03,494,-3.6184210526315894,-1.9736842105263293,1.0,circular_shift_exact_mask_geometry
5,L5,Walking recall,fold03,495,-4.934210526315802,-1.9736842105263293,1.0,circular_shift_exact_mask_geometry
5,L5,Walking recall,fold03,496,-3.6184210526315894,-1.9736842105263293,1.0,circular_shift_exact_mask_geometry
5,L5,Walking recall,fold03,497,-2.631578947368432,-1.9736842105263293,1.0,circular_shift_exact_mask_geometry
5,L5,Walking recall,fold03,498,-2.9605263157894868,-1.9736842105263293,1.0,circular_shift_exact_mask_geometry
5,L5,Walking recall,fold03,499,-3.2894736842105416,-1.9736842105263293,1.0,circular_shift_exact_mask_geometry
5,L5,Walking recall,fold03,500,-3.6184210526315894,-1.9736842105263293,1.0,circular_shift_exact_mask_geometry
