architecture,architecture_label,condition_id,condition_type,target_label,time_s,stage,scope,n_samples,accuracy_pct,macro_recall_pct,macro_f1_pct,mcc,recall_class_0_pct,recall_class_1_pct,recall_class_2_pct,confusion_matrix_json,mean_true_class_probability,mean_logit_margin,affected_windows,replaced_bins
full,Full,clean,clean,,,run1,fold01,327,80.73394495412845,76.63048684689517,79.0877721312504,0.6743426700043699,83.5820895522388,82.89473684210526,63.41463414634146,"[[112, 20, 2], [25, 126, 1], [5, 10, 26]]",0.8008013470580239,5.509997456024091,0,0
full,Full,clean,clean,,,run1,fold02,326,81.59509202453987,82.30361351139041,82.11529042328695,0.6929312561648969,78.35820895522389,83.55263157894737,85.0,"[[105, 27, 2], [20, 127, 5], [2, 4, 34]]",0.8024230433078184,5.075206196215575,0,0
full,Full,clean,clean,,,run1,fold03,326,84.04907975460122,80.55053678973553,82.96722819707497,0.7301975910800922,82.83582089552239,88.81578947368422,70.0,"[[111, 21, 2], [17, 135, 0], [4, 8, 28]]",0.8217066989489055,4.609437008268354,0,0
full,Full,clean,clean,,,run1,oof_pooled,979,82.12461695607763,79.80234394217112,81.47172321467072,0.6985628449866854,81.59203980099502,85.08771929824562,72.72727272727273,"[[328, 68, 6], [62, 388, 6], [11, 22, 88]]",0.8083026930170233,5.0653348853745035,0,0
full,Full,clean,clean,,,run2,fold01,72,69.44444444444444,66.40780565511749,66.85875706214689,0.5182264323917611,81.48148148148148,67.74193548387096,50.0,"[[22, 3, 2], [8, 21, 2], [2, 5, 7]]",0.6093910110228838,2.1951402093594274,0,0
full,Full,clean,clean,,,run2,fold02,71,66.19718309859155,65.3255346803734,65.75180206506916,0.47169889043248636,80.76923076923077,58.06451612903226,57.14285714285714,"[[21, 5, 0], [10, 18, 3], [2, 4, 8]]",0.6378218602287512,2.558382775686996,0,0
full,Full,clean,clean,,,run2,fold03,71,66.19718309859155,59.89601796053409,60.04855889724311,0.45896608905667236,76.92307692307693,74.19354838709677,28.57142857142857,"[[20, 5, 1], [6, 23, 2], [5, 5, 4]]",0.6492164700359186,3.071577838189165,0,0
full,Full,clean,clean,,,run2,oof_pooled,214,67.28971962616822,63.883865782599955,64.55099829747716,0.4824688400261222,79.74683544303798,66.66666666666666,45.23809523809524,"[[63, 13, 3], [24, 62, 7], [9, 14, 19]]",0.6320367955254168,2.606435975042459,0,0
full,Full,tp01_L1_m0p69,timepoint_mask,1.0,-0.69,run1,fold01,327,80.42813455657493,76.41118860128114,78.61069388842456,0.6695388785382586,83.5820895522388,82.23684210526315,63.41463414634146,"[[112, 20, 2], [25, 125, 2], [5, 10, 26]]",0.7976068096117579,5.445893108058686,7,974
full,Full,tp01_L1_m0p69,timepoint_mask,1.0,-0.69,run1,fold02,326,81.59509202453987,82.30361351139041,82.11529042328695,0.6929312561648969,78.35820895522389,83.55263157894737,85.0,"[[105, 27, 2], [20, 127, 5], [2, 4, 34]]",0.8023967580251452,5.054624952987248,2,270
full,Full,tp01_L1_m0p69,timepoint_mask,1.0,-0.69,run1,fold03,326,83.43558282208589,80.11194029850745,82.51639889723359,0.7196067633159757,82.83582089552239,87.5,70.0,"[[111, 21, 2], [19, 133, 0], [4, 8, 28]]",0.8166287948570131,4.564538625726031,4,556
full,Full,tp01_L1_m0p69,timepoint_mask,1.0,-0.69,run1,oof_pooled,979,81.81818181818183,79.58304569655708,81.15890980879539,0.6935107563983487,81.59203980099502,84.4298245614035,72.72727272727273,"[[328, 68, 6], [64, 385, 7], [11, 22, 88]]",0.8055360132611118,5.022118869249969,13,1800
full,Full,tp01_L1_m0p69,timepoint_mask,1.0,-0.69,run2,fold01,72,63.888888888888886,61.94743130227002,62.73424716742305,0.4304241553929715,77.77777777777779,58.06451612903226,50.0,"[[21, 5, 1], [11, 18, 2], [2, 5, 7]]",0.5889726944587087,1.9504857077780697,10,1765
full,Full,tp01_L1_m0p69,timepoint_mask,1.0,-0.69,run2,fold02,71,64.7887323943662,62.944582299421015,63.51224105461394,0.44625508538458314,80.76923076923077,58.06451612903226,50.0,"[[21, 5, 0], [10, 18, 3], [2, 5, 7]]",0.6323346075468481,2.4556467035706615,5,905
full,Full,tp01_L1_m0p69,timepoint_mask,1.0,-0.69,run2,fold03,71,64.7887323943662,60.12643270707787,60.72066605993191,0.43929893540671433,76.92307692307693,67.74193548387096,35.714285714285715,"[[20, 5, 1], [8, 21, 2], [4, 5, 5]]",0.6354195822772918,2.8833400653281682,4,711
full,Full,tp01_L1_m0p69,timepoint_mask,1.0,-0.69,run2,oof_pooled,214,64.48598130841121,61.669810158989414,62.42732298912074,0.4384454769316591,78.48101265822784,61.29032258064516,45.23809523809524,"[[62, 15, 2], [29, 57, 7], [8, 15, 19]]",0.6187690723296306,2.4275842595880275,19,3381
full,Full,tp02_L1_m0p15,timepoint_mask,1.0,-0.15,run1,fold01,327,80.42813455657493,76.41118860128114,78.61069388842456,0.6695388785382586,83.5820895522388,82.23684210526315,63.41463414634146,"[[112, 20, 2], [25, 125, 2], [5, 10, 26]]",0.7977221229433671,5.448109026656511,2,215
full,Full,tp02_L1_m0p15,timepoint_mask,1.0,-0.15,run1,fold02,326,81.59509202453987,82.30361351139041,82.11529042328695,0.6929312561648969,78.35820895522389,83.55263157894737,85.0,"[[105, 27, 2], [20, 127, 5], [2, 4, 34]]",0.8024230228301491,5.074967077738989,1,115
full,Full,tp02_L1_m0p15,timepoint_mask,1.0,-0.15,run1,fold03,326,84.04907975460122,80.55053678973553,82.96722819707497,0.7301975910800922,82.83582089552239,88.81578947368422,70.0,"[[111, 21, 2], [17, 135, 0], [4, 8, 28]]",0.8217066989489055,4.609437008268354,0,0
full,Full,tp02_L1_m0p15,timepoint_mask,1.0,-0.15,run1,oof_pooled,979,82.02247191011236,79.72924452696644,81.31037581770964,0.6969566053151139,81.59203980099502,84.86842105263158,72.72727272727273,"[[328, 68, 6], [62, 387, 7], [11, 22, 88]]",0.807274181309962,5.044583640199257,3,330
full,Full,tp02_L1_m0p15,timepoint_mask,1.0,-0.15,run2,fold01,72,66.66666666666666,64.09796893667861,65.03118150103423,0.47146101350323194,77.77777777777779,64.51612903225806,50.0,"[[21, 5, 1], [9, 20, 2], [2, 5, 7]]",0.6096275142851589,2.0874749769767127,8,1477
full,Full,tp02_L1_m0p15,timepoint_mask,1.0,-0.15,run2,fold02,71,67.6056338028169,65.30190239867659,66.20322607058054,0.4915534850418973,84.61538461538461,61.29032258064516,50.0,"[[22, 4, 0], [10, 19, 2], [2, 5, 7]]",0.6551399070766817,2.8169456551402385,8,1254
full,Full,tp02_L1_m0p15,timepoint_mask,1.0,-0.15,run2,fold03,71,61.97183098591549,56.463429044074196,56.54093774227255,0.3934646600005766,73.07692307692307,67.74193548387096,28.57142857142857,"[[19, 5, 2], [8, 21, 2], [5, 5, 4]]",0.6079748366517391,2.363032254954459,4,698
full,Full,tp02_L1_m0p15,timepoint_mask,1.0,-0.15,run2,oof_pooled,214,65.42056074766354,61.95142818254292,62.72149205089516,0.452053666047423,78.48101265822784,64.51612903225806,42.857142857142854,"[[62, 14, 3], [27, 60, 6], [9, 15, 18]]",0.6241791020245295,2.420918831584331,20,3429
full,Full,tp03_L2_m0p57,timepoint_mask,2.0,-0.57,run1,fold01,327,76.14678899082568,73.34101316268466,74.9261908596146,0.6015558155264147,83.5820895522388,73.02631578947368,63.41463414634146,"[[112, 20, 2], [37, 111, 4], [5, 10, 26]]",0.7576482082255879,4.784892207416008,60,11216
full,Full,tp03_L2_m0p57,timepoint_mask,2.0,-0.57,run1,fold02,326,80.98159509202453,81.89447499345378,81.66545630597918,0.6826458596153814,79.1044776119403,81.57894736842105,85.0,"[[106, 26, 2], [23, 124, 5], [2, 4, 34]]",0.7929415934899731,4.83813516911622,35,6274
full,Full,tp03_L2_m0p57,timepoint_mask,2.0,-0.57,run1,fold03,326,82.82208588957054,79.67334380727938,81.79182648395695,0.7094209393380266,82.83582089552239,86.18421052631578,70.0,"[[111, 21, 2], [20, 131, 1], [4, 8, 28]]",0.8072226638333336,4.3969043278781,37,6978
full,Full,tp03_L2_m0p57,timepoint_mask,2.0,-0.57,run1,oof_pooled,979,79.97957099080695,78.27707554730337,79.5407154572586,0.6634712596597904,81.8407960199005,80.26315789473685,72.72727272727273,"[[329, 67, 6], [80, 366, 10], [11, 22, 88]]",0.785908592417942,4.673424543253507,132,24468
full,Full,tp03_L2_m0p57,timepoint_mask,2.0,-0.57,run2,fold01,72,69.44444444444444,66.40780565511749,66.56940760389035,0.5189937167591026,81.48148148148148,67.74193548387096,50.0,"[[22, 3, 2], [7, 21, 3], [2, 5, 7]]",0.6090559678843116,2.155270036413438,2,234
full,Full,tp03_L2_m0p57,timepoint_mask,2.0,-0.57,run2,fold02,71,66.19718309859155,65.3255346803734,65.75180206506916,0.47169889043248636,80.76923076923077,58.06451612903226,57.14285714285714,"[[21, 5, 0], [10, 18, 3], [2, 4, 8]]",0.6378422666882431,2.596293653505789,3,366
full,Full,tp03_L2_m0p57,timepoint_mask,2.0,-0.57,run2,fold03,71,66.19718309859155,59.89601796053409,60.02554278416348,0.460437150159194,76.92307692307693,74.19354838709677,28.57142857142857,"[[20, 5, 1], [6, 23, 2], [6, 4, 4]]",0.6492164941996461,3.0963748815193983,2,265
full,Full,tp03_L2_m0p57,timepoint_mask,2.0,-0.57,run2,oof_pooled,214,67.28971962616822,63.883865782599955,64.42868835686517,0.483236229225805,79.74683544303798,66.66666666666666,45.23809523809524,"[[63, 13, 3], [23, 62, 8], [10, 13, 19]]",0.6319308491154699,2.6138266757409148,7,865
full,Full,tp04_L2_m0p39,timepoint_mask,2.0,-0.39,run1,fold01,327,76.14678899082568,73.34101316268466,74.9261908596146,0.6015558155264147,83.5820895522388,73.02631578947368,63.41463414634146,"[[112, 20, 2], [37, 111, 4], [5, 10, 26]]",0.7558445004077102,4.734466779316328,59,10946
full,Full,tp04_L2_m0p39,timepoint_mask,2.0,-0.39,run1,fold02,326,80.06134969325154,81.23658025661167,80.73185504354767,0.6680176072272989,79.1044776119403,79.60526315789474,85.0,"[[106, 26, 2], [25, 121, 6], [2, 4, 34]]",0.7861864469288253,4.809779844052541,33,6052
full,Full,tp04_L2_m0p39,timepoint_mask,2.0,-0.39,run1,fold03,326,82.51533742331289,79.45404556166537,81.56558261082513,0.7042215943743606,82.83582089552239,85.52631578947368,70.0,"[[111, 21, 2], [21, 130, 1], [4, 8, 28]]",0.8069134298044346,4.426771341463082,37,7087
full,Full,tp04_L2_m0p39,timepoint_mask,2.0,-0.39,run1,oof_pooled,979,79.57099080694586,77.98467788648465,79.15242540635991,0.6569490430970854,81.8407960199005,79.3859649122807,72.72727272727273,"[[329, 67, 6], [83, 362, 11], [11, 22, 88]]",0.7829537399881144,4.657085110637929,129,24085
full,Full,tp04_L2_m0p39,timepoint_mask,2.0,-0.39,run2,fold01,72,69.44444444444444,66.40780565511749,66.56940760389035,0.5189937167591026,81.48148148148148,67.74193548387096,50.0,"[[22, 3, 2], [7, 21, 3], [2, 5, 7]]",0.6091091336663541,2.1697205893902316,1,102
full,Full,tp04_L2_m0p39,timepoint_mask,2.0,-0.39,run2,fold02,71,66.19718309859155,65.3255346803734,65.75180206506916,0.47169889043248636,80.76923076923077,58.06451612903226,57.14285714285714,"[[21, 5, 0], [10, 18, 3], [2, 4, 8]]",0.6378219744010286,2.5588099714106236,1,123
full,Full,tp04_L2_m0p39,timepoint_mask,2.0,-0.39,run2,fold03,71,66.19718309859155,59.89601796053409,60.02554278416348,0.460437150159194,76.92307692307693,74.19354838709677,28.57142857142857,"[[20, 5, 1], [6, 23, 2], [6, 4, 4]]",0.6492164954336767,3.0965360659109034,2,229
full,Full,tp04_L2_m0p39,timepoint_mask,2.0,-0.39,run2,oof_pooled,214,67.28971962616822,63.883865782599955,64.42868835686517,0.483236229225805,79.74683544303798,66.66666666666666,45.23809523809524,"[[63, 13, 3], [23, 62, 8], [10, 13, 19]]",0.6319420045899139,2.606305846195912,4,454
full,Full,tp05_L2_p0p06,timepoint_mask,2.0,0.06,run1,fold01,327,75.22935779816514,72.68311842584255,74.23052678340018,0.5873502560514479,83.5820895522388,71.05263157894737,63.41463414634146,"[[112, 20, 2], [40, 108, 4], [5, 10, 26]]",0.7506281648841213,4.680668187603946,59,10862
full,Full,tp05_L2_p0p06,timepoint_mask,2.0,0.06,run1,fold02,326,79.75460122699386,80.98782403770622,80.49315361574668,0.6628240731491538,78.35820895522389,79.60526315789474,85.0,"[[105, 27, 2], [25, 121, 6], [2, 4, 34]]",0.7872779491709142,4.825028530859097,29,5543
full,Full,tp05_L2_p0p06,timepoint_mask,2.0,0.06,run1,fold03,326,82.82208588957054,79.67334380727938,81.79182648395695,0.7094209393380266,82.83582089552239,86.18421052631578,70.0,"[[111, 21, 2], [20, 131, 1], [4, 8, 28]]",0.8093020656830563,4.408008538129414,39,7399
full,Full,tp05_L2_p0p06,timepoint_mask,2.0,0.06,run1,oof_pooled,979,79.26455566905005,77.75556031644012,78.92173035624474,0.6518569357945858,81.59203980099502,78.94736842105263,72.72727272727273,"[[328, 68, 6], [85, 360, 11], [11, 22, 88]]",0.7823702704387151,4.63794543599259,127,23804
full,Full,tp05_L2_p0p06,timepoint_mask,2.0,0.06,run2,fold01,72,66.66666666666666,63.938669852648346,65.05847953216374,0.4689829004230573,74.07407407407408,67.74193548387096,50.0,"[[20, 6, 1], [8, 21, 2], [2, 5, 7]]",0.5898347156070464,1.8937965731860862,6,910
full,Full,tp05_L2_p0p06,timepoint_mask,2.0,0.06,run2,fold02,71,67.6056338028169,66.60758596242468,66.83040935672514,0.49691364576377434,84.61538461538461,58.06451612903226,57.14285714285714,"[[22, 4, 0], [10, 18, 3], [2, 4, 8]]",0.6533659502794279,2.905258350703918,5,768
full,Full,tp05_L2_p0p06,timepoint_mask,2.0,0.06,run2,fold03,71,64.7887323943662,58.6139666784828,58.698593073593074,0.43636295355333465,73.07692307692307,74.19354838709677,28.57142857142857,"[[19, 5, 2], [6, 23, 2], [5, 5, 4]]",0.6355589493479928,2.872983973210966,2,298
full,Full,tp05_L2_p0p06,timepoint_mask,2.0,0.06,run2,oof_pooled,214,66.35514018691589,63.039983926059875,63.81088744075411,0.46628568685558625,77.21518987341773,66.66666666666666,45.23809523809524,"[[61, 15, 3], [24, 62, 7], [9, 14, 19]]",0.626083025220814,2.5542455993801636,13,1976
full,Full,tp06_L2_p0p46,timepoint_mask,2.0,0.46,run1,fold01,327,74.61773700305811,72.24452193461448,73.30679648720886,0.578582763325098,83.5820895522388,69.73684210526315,63.41463414634146,"[[112, 20, 2], [40, 106, 6], [5, 10, 26]]",0.7442735708194678,4.572146482412513,58,10719
full,Full,tp06_L2_p0p46,timepoint_mask,2.0,0.46,run1,fold02,326,80.06134969325154,81.20712228332025,80.72403742905352,0.6678709153603514,78.35820895522389,80.26315789473685,85.0,"[[105, 27, 2], [24, 122, 6], [2, 4, 34]]",0.7891038938714269,4.869689827593489,26,5007
full,Full,tp06_L2_p0p46,timepoint_mask,2.0,0.46,run1,fold03,326,82.20858895705521,79.23474731605133,81.33928835880816,0.6990491123495569,82.83582089552239,84.86842105263158,70.0,"[[111, 21, 2], [22, 129, 1], [4, 8, 28]]",0.80350670115225,4.371243970491495,42,7767
full,Full,tp06_L2_p0p46,timepoint_mask,2.0,0.46,run1,oof_pooled,979,78.95812053115424,77.53626207082608,78.5285345286766,0.6471609195194833,81.59203980099502,78.28947368421053,72.72727272727273,"[[328, 68, 6], [86, 357, 13], [11, 22, 88]]",0.7789259567269506,4.604327188891314,126,23493
full,Full,tp06_L2_p0p46,timepoint_mask,2.0,0.46,run2,fold01,72,68.05555555555556,65.17323775388292,66.16302064021752,0.4923691862972405,77.77777777777779,67.74193548387096,50.0,"[[21, 5, 1], [8, 21, 2], [2, 5, 7]]",0.5995094505134502,1.9860396416754358,6,1290
full,Full,tp06_L2_p0p46,timepoint_mask,2.0,0.46,run2,fold02,71,69.01408450704226,67.88963724447595,67.89851678376269,0.5225856506096458,88.46153846153845,58.06451612903226,57.14285714285714,"[[23, 3, 0], [10, 18, 3], [2, 4, 8]]",0.661995544299432,2.927882386240321,5,888
full,Full,tp06_L2_p0p46,timepoint_mask,2.0,0.46,run2,fold03,71,64.7887323943662,58.6139666784828,58.698593073593074,0.43636295355333465,73.07692307692307,74.19354838709677,28.57142857142857,"[[19, 5, 2], [6, 23, 2], [5, 5, 4]]",0.6353630859231644,2.8620662928467064,2,298
full,Full,tp06_L2_p0p46,timepoint_mask,2.0,0.46,run2,oof_pooled,214,67.28971962616822,63.883865782599955,64.55099829747716,0.4824688400261222,79.74683544303798,66.66666666666666,45.23809523809524,"[[63, 13, 3], [24, 62, 7], [9, 14, 19]]",0.632136183097069,2.589164534653319,13,2476
full,Full,tp07_L2_p0p82,timepoint_mask,2.0,0.82,run1,fold01,327,75.84097859327217,73.12171491707062,74.46350460049091,0.597106226951452,83.5820895522388,72.36842105263158,63.41463414634146,"[[112, 20, 2], [37, 110, 5], [5, 10, 26]]",0.7553102214251035,4.749577792902514,55,10184
full,Full,tp07_L2_p0p82,timepoint_mask,2.0,0.82,run1,fold02,326,79.14110429447852,80.54922754647814,80.03099508112804,0.6528016710871741,78.35820895522389,78.28947368421053,85.0,"[[105, 27, 2], [27, 119, 6], [2, 4, 34]]",0.7804542235880902,4.77144445116386,25,4835
full,Full,tp07_L2_p0p82,timepoint_mask,2.0,0.82,run1,fold03,326,82.20858895705521,79.23474731605133,81.33928835880816,0.6990491123495569,82.83582089552239,84.86842105263158,70.0,"[[111, 21, 2], [22, 129, 1], [4, 8, 28]]",0.8018286610732375,4.324531653713138,45,8098
full,Full,tp07_L2_p0p82,timepoint_mask,2.0,0.82,run1,oof_pooled,979,79.06026557711951,77.60936148603076,78.68647771953832,0.6486805051644857,81.59203980099502,78.50877192982456,72.72727272727273,"[[328, 68, 6], [86, 358, 12], [11, 22, 88]]",0.7791733021507677,4.615321908548543,125,23117
full,Full,tp07_L2_p0p82,timepoint_mask,2.0,0.82,run2,fold01,72,69.44444444444444,66.40780565511749,67.25402117872248,0.5160670489463761,81.48148148148148,67.74193548387096,50.0,"[[22, 4, 1], [8, 21, 2], [2, 5, 7]]",0.5974257169273661,2.06066946612878,8,1694
full,Full,tp07_L2_p0p82,timepoint_mask,2.0,0.82,run2,fold02,71,69.01408450704226,67.88963724447595,67.89851678376269,0.5225856506096458,88.46153846153845,58.06451612903226,57.14285714285714,"[[23, 3, 0], [10, 18, 3], [2, 4, 8]]",0.6632808737804329,2.9027988758515306,5,953
full,Full,tp07_L2_p0p82,timepoint_mask,2.0,0.82,run2,fold03,71,63.38028169014085,57.33191539643152,57.370718050065875,0.41440407715019395,69.23076923076923,74.19354838709677,28.57142857142857,"[[18, 5, 3], [6, 23, 2], [5, 5, 4]]",0.6213024943856985,2.5889059183463243,3,447
full,Full,tp07_L2_p0p82,timepoint_mask,2.0,0.82,run2,oof_pooled,214,67.28971962616822,63.883865782599955,64.42868835686517,0.483236229225805,79.74683544303798,66.66666666666666,45.23809523809524,"[[63, 12, 4], [24, 62, 7], [9, 14, 19]]",0.6271965923297461,2.5153235605108404,16,3094
full,Full,tp08_L3_m0p08,timepoint_mask,3.0,-0.08,run1,fold01,327,80.73394495412845,76.63048684689517,79.0877721312504,0.6743426700043699,83.5820895522388,82.89473684210526,63.41463414634146,"[[112, 20, 2], [25, 126, 1], [5, 10, 26]]",0.8008013470580239,5.509997456024091,0,0
full,Full,tp08_L3_m0p08,timepoint_mask,3.0,-0.08,run1,fold02,326,81.59509202453987,82.30361351139041,82.11529042328695,0.6929312561648969,78.35820895522389,83.55263157894737,85.0,"[[105, 27, 2], [20, 127, 5], [2, 4, 34]]",0.8024230433078184,5.075206196215575,0,0
full,Full,tp08_L3_m0p08,timepoint_mask,3.0,-0.08,run1,fold03,326,84.04907975460122,80.55053678973553,82.96722819707497,0.7301975910800922,82.83582089552239,88.81578947368422,70.0,"[[111, 21, 2], [17, 135, 0], [4, 8, 28]]",0.8217066989489055,4.609437008268354,0,0
full,Full,tp08_L3_m0p08,timepoint_mask,3.0,-0.08,run1,oof_pooled,979,82.12461695607763,79.80234394217112,81.47172321467072,0.6985628449866854,81.59203980099502,85.08771929824562,72.72727272727273,"[[328, 68, 6], [62, 388, 6], [11, 22, 88]]",0.8083026930170233,5.0653348853745035,0,0
full,Full,tp08_L3_m0p08,timepoint_mask,3.0,-0.08,run2,fold01,72,68.05555555555556,65.33253683791318,65.406345067362,0.4986472162026336,81.48148148148148,64.51612903225806,50.0,"[[22, 3, 2], [8, 20, 3], [2, 5, 7]]",0.5956112923126966,2.041009802267783,1,200
full,Full,tp08_L3_m0p08,timepoint_mask,3.0,-0.08,run2,fold02,71,64.7887323943662,64.25026586316909,64.54970760233918,0.451797445189314,80.76923076923077,54.83870967741935,57.14285714285714,"[[21, 5, 0], [11, 17, 3], [2, 4, 8]]",0.6237408776316721,2.2586038138874818,1,138
full,Full,tp08_L3_m0p08,timepoint_mask,3.0,-0.08,run2,fold03,71,66.19718309859155,59.89601796053409,60.04855889724311,0.45896608905667236,76.92307692307693,74.19354838709677,28.57142857142857,"[[20, 5, 1], [6, 23, 2], [5, 5, 4]]",0.6492164699515597,3.0447714097902807,1,103
full,Full,tp08_L3_m0p08,timepoint_mask,3.0,-0.08,run2,oof_pooled,214,66.35514018691589,63.167019904463764,63.678451178451176,0.4688776054850157,79.74683544303798,64.51612903225806,45.23809523809524,"[[63, 13, 3], [25, 60, 8], [9, 14, 19]]",0.6227289005837552,2.4462259188990725,3,441
full,Full,tp09_L3_p0p42,timepoint_mask,3.0,0.42,run1,fold01,327,80.73394495412845,76.63048684689517,79.0877721312504,0.6743426700043699,83.5820895522388,82.89473684210526,63.41463414634146,"[[112, 20, 2], [25, 126, 1], [5, 10, 26]]",0.8008013470580239,5.509997456024091,0,0
full,Full,tp09_L3_p0p42,timepoint_mask,3.0,0.42,run1,fold02,326,81.59509202453987,82.30361351139041,82.11529042328695,0.6929312561648969,78.35820895522389,83.55263157894737,85.0,"[[105, 27, 2], [20, 127, 5], [2, 4, 34]]",0.8024230433078184,5.075206196215575,0,0
full,Full,tp09_L3_p0p42,timepoint_mask,3.0,0.42,run1,fold03,326,84.04907975460122,80.55053678973553,82.96722819707497,0.7301975910800922,82.83582089552239,88.81578947368422,70.0,"[[111, 21, 2], [17, 135, 0], [4, 8, 28]]",0.8217066989489055,4.609437008268354,0,0
full,Full,tp09_L3_p0p42,timepoint_mask,3.0,0.42,run1,oof_pooled,979,82.12461695607763,79.80234394217112,81.47172321467072,0.6985628449866854,81.59203980099502,85.08771929824562,72.72727272727273,"[[328, 68, 6], [62, 388, 6], [11, 22, 88]]",0.8083026930170233,5.0653348853745035,0,0
full,Full,tp09_L3_p0p42,timepoint_mask,3.0,0.42,run2,fold01,72,69.44444444444444,66.40780565511749,66.85875706214689,0.5182264323917611,81.48148148148148,67.74193548387096,50.0,"[[22, 3, 2], [8, 21, 2], [2, 5, 7]]",0.6093910110228838,2.1951402093594274,0,0
full,Full,tp09_L3_p0p42,timepoint_mask,3.0,0.42,run2,fold02,71,66.19718309859155,65.3255346803734,65.75180206506916,0.47169889043248636,80.76923076923077,58.06451612903226,57.14285714285714,"[[21, 5, 0], [10, 18, 3], [2, 4, 8]]",0.6378218602287512,2.558382775686996,0,0
full,Full,tp09_L3_p0p42,timepoint_mask,3.0,0.42,run2,fold03,71,66.19718309859155,59.89601796053409,60.04855889724311,0.45896608905667236,76.92307692307693,74.19354838709677,28.57142857142857,"[[20, 5, 1], [6, 23, 2], [5, 5, 4]]",0.6492164700359186,3.071577838189165,0,0
full,Full,tp09_L3_p0p42,timepoint_mask,3.0,0.42,run2,oof_pooled,214,67.28971962616822,63.883865782599955,64.55099829747716,0.4824688400261222,79.74683544303798,66.66666666666666,45.23809523809524,"[[63, 13, 3], [24, 62, 7], [9, 14, 19]]",0.6320367955254168,2.606435975042459,0,0
full,Full,tp10_L3_p0p65,timepoint_mask,3.0,0.65,run1,fold01,327,80.73394495412845,76.63048684689517,79.0877721312504,0.6743426700043699,83.5820895522388,82.89473684210526,63.41463414634146,"[[112, 20, 2], [25, 126, 1], [5, 10, 26]]",0.8008013470580239,5.509997456024091,0,0
full,Full,tp10_L3_p0p65,timepoint_mask,3.0,0.65,run1,fold02,326,81.59509202453987,82.30361351139041,82.11529042328695,0.6929312561648969,78.35820895522389,83.55263157894737,85.0,"[[105, 27, 2], [20, 127, 5], [2, 4, 34]]",0.8024230433078184,5.075206196215575,0,0
full,Full,tp10_L3_p0p65,timepoint_mask,3.0,0.65,run1,fold03,326,84.04907975460122,80.55053678973553,82.96722819707497,0.7301975910800922,82.83582089552239,88.81578947368422,70.0,"[[111, 21, 2], [17, 135, 0], [4, 8, 28]]",0.8217066989489055,4.609437008268354,0,0
full,Full,tp10_L3_p0p65,timepoint_mask,3.0,0.65,run1,oof_pooled,979,82.12461695607763,79.80234394217112,81.47172321467072,0.6985628449866854,81.59203980099502,85.08771929824562,72.72727272727273,"[[328, 68, 6], [62, 388, 6], [11, 22, 88]]",0.8083026930170233,5.0653348853745035,0,0
full,Full,tp10_L3_p0p65,timepoint_mask,3.0,0.65,run2,fold01,72,69.44444444444444,66.40780565511749,66.85875706214689,0.5182264323917611,81.48148148148148,67.74193548387096,50.0,"[[22, 3, 2], [8, 21, 2], [2, 5, 7]]",0.6093910110228838,2.1951402093594274,0,0
full,Full,tp10_L3_p0p65,timepoint_mask,3.0,0.65,run2,fold02,71,66.19718309859155,65.3255346803734,65.75180206506916,0.47169889043248636,80.76923076923077,58.06451612903226,57.14285714285714,"[[21, 5, 0], [10, 18, 3], [2, 4, 8]]",0.6378218602287512,2.558382775686996,0,0
full,Full,tp10_L3_p0p65,timepoint_mask,3.0,0.65,run2,fold03,71,66.19718309859155,59.89601796053409,60.04855889724311,0.45896608905667236,76.92307692307693,74.19354838709677,28.57142857142857,"[[20, 5, 1], [6, 23, 2], [5, 5, 4]]",0.6492164700359186,3.071577838189165,0,0
full,Full,tp10_L3_p0p65,timepoint_mask,3.0,0.65,run2,oof_pooled,214,67.28971962616822,63.883865782599955,64.55099829747716,0.4824688400261222,79.74683544303798,66.66666666666666,45.23809523809524,"[[63, 13, 3], [24, 62, 7], [9, 14, 19]]",0.6320367955254168,2.606435975042459,0,0
full,Full,tp11_L3_p0p95,timepoint_mask,3.0,0.95,run1,fold01,327,80.73394495412845,76.63048684689517,79.0877721312504,0.6743426700043699,83.5820895522388,82.89473684210526,63.41463414634146,"[[112, 20, 2], [25, 126, 1], [5, 10, 26]]",0.8008013470580239,5.509997456024091,0,0
full,Full,tp11_L3_p0p95,timepoint_mask,3.0,0.95,run1,fold02,326,81.59509202453987,82.30361351139041,82.11529042328695,0.6929312561648969,78.35820895522389,83.55263157894737,85.0,"[[105, 27, 2], [20, 127, 5], [2, 4, 34]]",0.8024228105863588,5.0745071405087785,1,108
full,Full,tp11_L3_p0p95,timepoint_mask,3.0,0.95,run1,fold03,326,84.3558282208589,81.38387012306887,83.62102439196583,0.7356248195450564,82.83582089552239,88.81578947368422,72.5,"[[111, 21, 2], [17, 135, 0], [4, 7, 29]]",0.8240478718982078,4.631751374118716,1,103
full,Full,tp11_L3_p0p95,timepoint_mask,3.0,0.95,run1,oof_pooled,979,82.2267620020429,80.07782603583503,81.68213020875666,0.7004096268919455,81.59203980099502,85.08771929824562,73.55371900826447,"[[328, 68, 6], [62, 388, 6], [11, 21, 89]]",0.8090822093748136,5.0725326290995305,2,211
full,Full,tp11_L3_p0p95,timepoint_mask,3.0,0.95,run2,fold01,72,69.44444444444444,66.40780565511749,66.85875706214689,0.5182264323917611,81.48148148148148,67.74193548387096,50.0,"[[22, 3, 2], [8, 21, 2], [2, 5, 7]]",0.6093910110228838,2.1951402093594274,0,0
full,Full,tp11_L3_p0p95,timepoint_mask,3.0,0.95,run2,fold02,71,66.19718309859155,65.3255346803734,65.75180206506916,0.47169889043248636,80.76923076923077,58.06451612903226,57.14285714285714,"[[21, 5, 0], [10, 18, 3], [2, 4, 8]]",0.6378218602287512,2.558382775686996,0,0
full,Full,tp11_L3_p0p95,timepoint_mask,3.0,0.95,run2,fold03,71,66.19718309859155,59.89601796053409,60.04855889724311,0.45896608905667236,76.92307692307693,74.19354838709677,28.57142857142857,"[[20, 5, 1], [6, 23, 2], [5, 5, 4]]",0.6492164700359186,3.071577838189165,0,0
full,Full,tp11_L3_p0p95,timepoint_mask,3.0,0.95,run2,oof_pooled,214,67.28971962616822,63.883865782599955,64.55099829747716,0.4824688400261222,79.74683544303798,66.66666666666666,45.23809523809524,"[[63, 13, 3], [24, 62, 7], [9, 14, 19]]",0.6320367955254168,2.606435975042459,0,0
full,Full,tp12_L4_m0p56,timepoint_mask,4.0,-0.56,run1,fold01,327,79.20489296636084,75.533995618825,77.22546769311798,0.6501035758739692,83.5820895522388,79.60526315789474,63.41463414634146,"[[112, 20, 2], [27, 121, 4], [5, 10, 26]]",0.7883082909280046,5.263422181687406,37,6464
full,Full,tp12_L4_m0p56,timepoint_mask,4.0,-0.56,run1,fold02,326,79.14110429447852,80.54922754647814,80.27515960065314,0.6522768386088252,78.35820895522389,78.28947368421053,85.0,"[[105, 27, 2], [28, 119, 5], [2, 4, 34]]",0.7795616185660575,4.741607941224302,41,7697
full,Full,tp12_L4_m0p56,timepoint_mask,4.0,-0.56,run1,fold03,326,83.12883435582822,79.89264205289342,82.29097632140497,0.7143543951777782,82.83582089552239,86.8421052631579,70.0,"[[111, 21, 2], [20, 132, 0], [4, 8, 28]]",0.8166957069244823,4.510602253906292,32,5591
full,Full,tp12_L4_m0p56,timepoint_mask,4.0,-0.56,run1,oof_pooled,979,80.4902962206333,78.63275329889626,80.00311235605353,0.6716325782942736,81.59203980099502,81.57894736842105,72.72727272727273,"[[328, 68, 6], [75, 372, 9], [11, 22, 88]]",0.794848518123977,4.83897811749168,110,19752
full,Full,tp12_L4_m0p56,timepoint_mask,4.0,-0.56,run2,fold01,72,70.83333333333334,67.64237355635206,67.95103578154426,0.5423069525602112,85.18518518518519,67.74193548387096,50.0,"[[23, 2, 2], [8, 21, 2], [2, 5, 7]]",0.6191358837032668,2.34475194900814,1,126
full,Full,tp12_L4_m0p56,timepoint_mask,4.0,-0.56,run2,fold02,71,66.19718309859155,65.3255346803734,65.75180206506916,0.47169889043248636,80.76923076923077,58.06451612903226,57.14285714285714,"[[21, 5, 0], [10, 18, 3], [2, 4, 8]]",0.6378218602287512,2.558382775686996,0,0
full,Full,tp12_L4_m0p56,timepoint_mask,4.0,-0.56,run2,fold03,71,66.19718309859155,59.89601796053409,59.85164932533355,0.4606021901729474,76.92307692307693,74.19354838709677,28.57142857142857,"[[20, 4, 2], [6, 23, 2], [5, 5, 4]]",0.6492062329803739,3.038020044565201,2,231
full,Full,tp12_L4_m0p56,timepoint_mask,4.0,-0.56,run2,oof_pooled,214,67.7570093457944,64.30580671087,64.79797979797979,0.49138541337505465,81.0126582278481,66.66666666666666,45.23809523809524,"[[64, 11, 4], [24, 62, 7], [9, 14, 19]]",0.6353120478714164,2.645638974609776,3,357
full,Full,tp13_L4_m0p55,timepoint_mask,4.0,-0.55,run1,fold01,327,79.51070336391437,75.75329386443904,77.6869732284348,0.6547784873592961,83.5820895522388,80.26315789473685,63.41463414634146,"[[112, 20, 2], [27, 122, 3], [5, 10, 26]]",0.7883310392400354,5.257535484656464,37,6464
full,Full,tp13_L4_m0p55,timepoint_mask,4.0,-0.55,run1,fold02,326,79.4478527607362,80.76852579209218,80.50558234375124,0.6572734247459113,78.35820895522389,78.94736842105263,85.0,"[[105, 27, 2], [27, 120, 5], [2, 4, 34]]",0.7823782332870194,4.7534604327341805,41,7700
full,Full,tp13_L4_m0p55,timepoint_mask,4.0,-0.55,run1,fold03,326,83.12883435582822,79.89264205289342,82.29097632140497,0.7143543951777782,82.83582089552239,86.8421052631579,70.0,"[[111, 21, 2], [20, 132, 0], [4, 8, 28]]",0.8158546744499106,4.506529363032224,32,5586
full,Full,tp13_L4_m0p55,timepoint_mask,4.0,-0.55,run1,oof_pooled,979,80.69458631256384,78.77895212930562,80.23963739608092,0.6748836610561254,81.59203980099502,82.01754385964912,72.72727272727273,"[[328, 68, 6], [74, 374, 8], [11, 22, 88]]",0.7955139711478353,4.839602427888163,110,19750
full,Full,tp13_L4_m0p55,timepoint_mask,4.0,-0.55,run2,fold01,72,70.83333333333334,67.64237355635206,67.95103578154426,0.5423069525602112,85.18518518518519,67.74193548387096,50.0,"[[23, 2, 2], [8, 21, 2], [2, 5, 7]]",0.6190840673987421,2.344509382939173,1,125
full,Full,tp13_L4_m0p55,timepoint_mask,4.0,-0.55,run2,fold02,71,66.19718309859155,65.3255346803734,65.75180206506916,0.47169889043248636,80.76923076923077,58.06451612903226,57.14285714285714,"[[21, 5, 0], [10, 18, 3], [2, 4, 8]]",0.6378218602287512,2.558382775686996,0,0
full,Full,tp13_L4_m0p55,timepoint_mask,4.0,-0.55,run2,fold03,71,66.19718309859155,59.89601796053409,59.85164932533355,0.4606021901729474,76.92307692307693,74.19354838709677,28.57142857142857,"[[20, 4, 2], [6, 23, 2], [5, 5, 4]]",0.6492058405811586,3.0373209433656343,2,229
full,Full,tp13_L4_m0p55,timepoint_mask,4.0,-0.55,run2,oof_pooled,214,67.7570093457944,64.30580671087,64.79797979797979,0.49138541337505465,81.0126582278481,66.66666666666666,45.23809523809524,"[[64, 11, 4], [24, 62, 7], [9, 14, 19]]",0.635294484159874,2.6453254188054074,3,354
full,Full,tp14_L5_p0p00,timepoint_mask,5.0,0.0,run1,fold01,327,78.2874617737003,74.8761008819829,76.53828195669954,0.6353301896943266,83.5820895522388,77.63157894736842,63.41463414634146,"[[112, 20, 2], [30, 118, 4], [5, 10, 26]]",0.7789331680898463,5.258886587421555,39,7896
full,Full,tp14_L5_p0p00,timepoint_mask,5.0,0.0,run1,fold02,326,80.67484662576688,81.6457187745483,80.95404718558447,0.6785999781116885,78.35820895522389,81.57894736842105,85.0,"[[105, 27, 2], [21, 124, 7], [2, 4, 34]]",0.7977151609883636,5.0039635208475355,40,7123
full,Full,tp14_L5_p0p00,timepoint_mask,5.0,0.0,run1,fold03,326,82.20858895705521,79.23474731605133,81.6144845034788,0.6987624635675201,82.83582089552239,84.86842105263158,70.0,"[[111, 21, 2], [23, 129, 0], [4, 8, 28]]",0.8085154231844792,4.493823906018233,54,9609
full,Full,tp14_L5_p0p00,timepoint_mask,5.0,0.0,run1,oof_pooled,979,80.38815117466804,78.55965388369158,79.76097809168458,0.6702006213067945,81.59203980099502,81.35964912280701,72.72727272727273,"[[328, 68, 6], [74, 371, 11], [11, 22, 88]]",0.7950381168597819,4.919238626399478,133,24628
full,Full,tp14_L5_p0p00,timepoint_mask,5.0,0.0,run2,fold01,72,69.44444444444444,66.40780565511749,66.85875706214689,0.5182264323917611,81.48148148148148,67.74193548387096,50.0,"[[22, 3, 2], [8, 21, 2], [2, 5, 7]]",0.6093878652221874,2.1884532934054732,2,400
full,Full,tp14_L5_p0p00,timepoint_mask,5.0,0.0,run2,fold02,71,64.7887323943662,62.944582299421015,63.51224105461394,0.44625508538458314,80.76923076923077,58.06451612903226,50.0,"[[21, 5, 0], [10, 18, 3], [2, 5, 7]]",0.6237381744545146,2.1687221721234455,1,191
full,Full,tp14_L5_p0p00,timepoint_mask,5.0,0.0,run2,fold03,71,66.19718309859155,59.89601796053409,60.04855889724311,0.45896608905667236,76.92307692307693,74.19354838709677,28.57142857142857,"[[20, 5, 1], [6, 23, 2], [5, 5, 4]]",0.6492164700359186,3.071577838189165,0,0
full,Full,tp14_L5_p0p00,timepoint_mask,5.0,0.0,run2,oof_pooled,214,66.82242990654206,63.090214988949164,63.729378090033826,0.47420253571448046,79.74683544303798,66.66666666666666,42.857142857142854,"[[63, 13, 3], [24, 62, 7], [9, 15, 18]]",0.6273631124056928,2.474906251670044,3,591
full,Full,tp15_L5_p0p04,timepoint_mask,5.0,0.04,run1,fold01,327,78.59327217125383,75.09539912759693,76.76754805139639,0.6402334923601315,83.5820895522388,78.28947368421053,63.41463414634146,"[[112, 20, 2], [29, 119, 4], [5, 10, 26]]",0.7793116346539395,5.260990406406491,42,8191
full,Full,tp15_L5_p0p04,timepoint_mask,5.0,0.04,run1,fold02,326,80.67484662576688,81.6457187745483,80.95404718558447,0.6785999781116885,78.35820895522389,81.57894736842105,85.0,"[[105, 27, 2], [21, 124, 7], [2, 4, 34]]",0.7958725836913959,4.998696323638451,40,7119
full,Full,tp15_L5_p0p04,timepoint_mask,5.0,0.04,run1,fold03,326,81.90184049079755,79.01544907043728,81.38885925293694,0.6936183190074364,82.83582089552239,84.21052631578947,70.0,"[[111, 21, 2], [24, 128, 0], [4, 8, 28]]",0.80344717786441,4.411654641257565,54,9599
full,Full,tp15_L5_p0p04,timepoint_mask,5.0,0.04,run1,oof_pooled,979,80.38815117466804,78.55965388369158,79.76097809168458,0.6702006213067945,81.59203980099502,81.35964912280701,72.72727272727273,"[[328, 68, 6], [74, 371, 11], [11, 22, 88]]",0.7928632755863442,4.890825615373875,136,24909
full,Full,tp15_L5_p0p04,timepoint_mask,5.0,0.04,run2,fold01,72,69.44444444444444,66.40780565511749,66.85875706214689,0.5182264323917611,81.48148148148148,67.74193548387096,50.0,"[[22, 3, 2], [8, 21, 2], [2, 5, 7]]",0.6093894563350659,2.190128775416977,2,400
full,Full,tp15_L5_p0p04,timepoint_mask,5.0,0.04,run2,fold02,71,64.7887323943662,62.944582299421015,63.51224105461394,0.44625508538458314,80.76923076923077,58.06451612903226,50.0,"[[21, 5, 0], [10, 18, 3], [2, 5, 7]]",0.6237381744533935,2.168654830627878,1,195
full,Full,tp15_L5_p0p04,timepoint_mask,5.0,0.04,run2,fold03,71,66.19718309859155,59.89601796053409,60.04855889724311,0.45896608905667236,76.92307692307693,74.19354838709677,28.57142857142857,"[[20, 5, 1], [6, 23, 2], [5, 5, 4]]",0.6492164700359186,3.071577838189165,0,0
full,Full,tp15_L5_p0p04,timepoint_mask,5.0,0.04,run2,oof_pooled,214,66.82242990654206,63.090214988949164,63.729378090033826,0.47420253571448046,79.74683544303798,66.66666666666666,42.857142857142854,"[[63, 13, 3], [24, 62, 7], [9, 15, 18]]",0.6273636477330182,2.475447622972114,3,595
full,Full,tp16_L5_p0p05,timepoint_mask,5.0,0.05,run1,fold01,327,78.59327217125383,75.09539912759693,76.76754805139639,0.6402334923601315,83.5820895522388,78.28947368421053,63.41463414634146,"[[112, 20, 2], [29, 119, 4], [5, 10, 26]]",0.7799143952283676,5.285003165757164,42,8191
full,Full,tp16_L5_p0p05,timepoint_mask,5.0,0.05,run1,fold02,326,80.3680981595092,81.42642052893429,80.72259215045526,0.6735001769777431,78.35820895522389,80.92105263157895,85.0,"[[105, 27, 2], [22, 123, 7], [2, 4, 34]]",0.7955426210930882,4.99048666902275,40,7119
full,Full,tp16_L5_p0p05,timepoint_mask,5.0,0.05,run1,fold03,326,81.90184049079755,79.01544907043728,81.38885925293694,0.6936183190074364,82.83582089552239,84.21052631578947,70.0,"[[111, 21, 2], [24, 128, 0], [4, 8, 28]]",0.8054374813168063,4.461012428672127,54,9597
full,Full,tp16_L5_p0p05,timepoint_mask,5.0,0.05,run1,oof_pooled,979,80.28600612870275,78.4865544684869,79.68476308610292,0.6685200615884043,81.59203980099502,81.14035087719299,72.72727272727273,"[[328, 68, 6], [75, 370, 11], [11, 22, 88]]",0.7936174878705841,4.912548254393384,136,24907
full,Full,tp16_L5_p0p05,timepoint_mask,5.0,0.05,run2,fold01,72,69.44444444444444,66.40780565511749,66.85875706214689,0.5182264323917611,81.48148148148148,67.74193548387096,50.0,"[[22, 3, 2], [8, 21, 2], [2, 5, 7]]",0.6093824014630829,2.183876737848752,2,400
full,Full,tp16_L5_p0p05,timepoint_mask,5.0,0.05,run2,fold02,71,64.7887323943662,62.944582299421015,63.51224105461394,0.44625508538458314,80.76923076923077,58.06451612903226,50.0,"[[21, 5, 0], [10, 18, 3], [2, 5, 7]]",0.6237381744532213,2.168644434234626,1,196
full,Full,tp16_L5_p0p05,timepoint_mask,5.0,0.05,run2,fold03,71,66.19718309859155,59.89601796053409,60.04855889724311,0.45896608905667236,76.92307692307693,74.19354838709677,28.57142857142857,"[[20, 5, 1], [6, 23, 2], [5, 5, 4]]",0.6492164700359186,3.071577838189165,0,0
full,Full,tp16_L5_p0p05,timepoint_mask,5.0,0.05,run2,oof_pooled,214,66.82242990654206,63.090214988949164,63.729378090033826,0.47420253571448046,79.74683544303798,66.66666666666666,42.857142857142854,"[[63, 13, 3], [24, 62, 7], [9, 15, 18]]",0.6273612741311725,2.473340684426165,3,596
full,Full,tp17_L5_p0p06,timepoint_mask,5.0,0.06,run1,fold01,327,78.2874617737003,74.8761008819829,76.53828195669954,0.6353301896943266,83.5820895522388,77.63157894736842,63.41463414634146,"[[112, 20, 2], [30, 118, 4], [5, 10, 26]]",0.7784838714823106,5.28481967176456,42,8190
full,Full,tp17_L5_p0p06,timepoint_mask,5.0,0.06,run1,fold02,326,80.3680981595092,81.42642052893429,80.72259215045526,0.6735001769777431,78.35820895522389,80.92105263157895,85.0,"[[105, 27, 2], [22, 123, 7], [2, 4, 34]]",0.7949051111726395,4.984903705123515,40,7119
full,Full,tp17_L5_p0p06,timepoint_mask,5.0,0.06,run1,fold03,326,82.51533742331289,79.45404556166537,81.84003512060843,0.7039328174018926,82.83582089552239,85.52631578947368,70.0,"[[111, 21, 2], [22, 130, 0], [4, 8, 28]]",0.8098175568986294,4.479081007492003,54,9595
full,Full,tp17_L5_p0p06,timepoint_mask,5.0,0.06,run1,oof_pooled,979,80.38815117466804,78.55965388369158,79.76097809168458,0.6702006213067945,81.59203980099502,81.35964912280701,72.72727272727273,"[[328, 68, 6], [74, 371, 11], [11, 22, 88]]",0.7943859200877929,4.9166445852703475,136,24904
full,Full,tp17_L5_p0p06,timepoint_mask,5.0,0.06,run2,fold01,72,69.44444444444444,66.40780565511749,66.85875706214689,0.5182264323917611,81.48148148148148,67.74193548387096,50.0,"[[22, 3, 2], [8, 21, 2], [2, 5, 7]]",0.6093866242865968,2.187274942278034,2,400
full,Full,tp17_L5_p0p06,timepoint_mask,5.0,0.06,run2,fold02,71,64.7887323943662,62.944582299421015,63.51224105461394,0.44625508538458314,80.76923076923077,58.06451612903226,50.0,"[[21, 5, 0], [10, 18, 3], [2, 5, 7]]",0.6237381744528722,2.1686233996715343,1,197
full,Full,tp17_L5_p0p06,timepoint_mask,5.0,0.06,run2,fold03,71,66.19718309859155,59.89601796053409,60.04855889724311,0.45896608905667236,76.92307692307693,74.19354838709677,28.57142857142857,"[[20, 5, 1], [6, 23, 2], [5, 5, 4]]",0.6492164700359186,3.071577838189165,0,0
full,Full,tp17_L5_p0p06,timepoint_mask,5.0,0.06,run2,oof_pooled,214,66.82242990654206,63.090214988949164,63.729378090033826,0.47420253571448046,79.74683544303798,66.66666666666666,42.857142857142854,"[[63, 13, 3], [24, 62, 7], [9, 15, 18]]",0.6273626948941081,2.4744770267856455,3,597
full,Full,tp18_L5_p0p07,timepoint_mask,5.0,0.07,run1,fold01,327,78.59327217125383,75.09539912759693,76.76754805139639,0.6402334923601315,83.5820895522388,78.28947368421053,63.41463414634146,"[[112, 20, 2], [29, 119, 4], [5, 10, 26]]",0.7801703217849115,5.287552993083857,42,8189
full,Full,tp18_L5_p0p07,timepoint_mask,5.0,0.07,run1,fold02,326,80.3680981595092,81.42642052893429,80.72259215045526,0.6735001769777431,78.35820895522389,80.92105263157895,85.0,"[[105, 27, 2], [22, 123, 7], [2, 4, 34]]",0.7946038687536316,4.98391893642606,40,7119
full,Full,tp18_L5_p0p07,timepoint_mask,5.0,0.07,run1,fold03,326,82.51533742331289,79.45404556166537,81.84003512060843,0.7039328174018926,82.83582089552239,85.52631578947368,70.0,"[[111, 21, 2], [22, 130, 0], [4, 8, 28]]",0.8108431704961353,4.493742800894782,54,9592
full,Full,tp18_L5_p0p07,timepoint_mask,5.0,0.07,run1,oof_pooled,979,80.4902962206333,78.63275329889626,79.83717947278593,0.6718838472205623,81.59203980099502,81.57894736842105,72.72727272727273,"[[328, 68, 6], [73, 372, 11], [11, 22, 88]]",0.7951904290286926,4.922111905112375,136,24900
full,Full,tp18_L5_p0p07,timepoint_mask,5.0,0.07,run2,fold01,72,69.44444444444444,66.40780565511749,66.85875706214689,0.5182264323917611,81.48148148148148,67.74193548387096,50.0,"[[22, 3, 2], [8, 21, 2], [2, 5, 7]]",0.6093769451545591,2.180442492891517,2,400
full,Full,tp18_L5_p0p07,timepoint_mask,5.0,0.07,run2,fold02,71,64.7887323943662,62.944582299421015,63.51224105461394,0.44625508538458314,80.76923076923077,58.06451612903226,50.0,"[[21, 5, 0], [10, 18, 3], [2, 5, 7]]",0.6237381744526088,2.1686074961449058,1,198
full,Full,tp18_L5_p0p07,timepoint_mask,5.0,0.07,run2,fold03,71,66.19718309859155,59.89601796053409,60.04855889724311,0.45896608905667236,76.92307692307693,74.19354838709677,28.57142857142857,"[[20, 5, 1], [6, 23, 2], [5, 5, 4]]",0.6492164700359186,3.071577838189165,0,0
full,Full,tp18_L5_p0p07,timepoint_mask,5.0,0.07,run2,oof_pooled,214,66.82242990654206,63.090214988949164,63.729378090033826,0.47420253571448046,79.74683544303798,66.66666666666666,42.857142857142854,"[[63, 13, 3], [24, 62, 7], [9, 15, 18]]",0.6273594383636155,2.4721729823640572,3,598
full,Full,tp19_L5_p0p08,timepoint_mask,5.0,0.08,run1,fold01,327,78.59327217125383,75.09539912759693,76.76754805139639,0.6402334923601315,83.5820895522388,78.28947368421053,63.41463414634146,"[[112, 20, 2], [29, 119, 4], [5, 10, 26]]",0.7810082425339604,5.286415825731802,42,8188
full,Full,tp19_L5_p0p08,timepoint_mask,5.0,0.08,run1,fold02,326,80.3680981595092,81.42642052893429,80.72259215045526,0.6735001769777431,78.35820895522389,80.92105263157895,85.0,"[[105, 27, 2], [22, 123, 7], [2, 4, 34]]",0.7942320447565792,4.972501407228867,40,7119
full,Full,tp19_L5_p0p08,timepoint_mask,5.0,0.08,run1,fold03,326,83.12883435582822,79.89264205289342,82.29097632140497,0.7143543951777782,82.83582089552239,86.8421052631579,70.0,"[[111, 21, 2], [20, 132, 0], [4, 8, 28]]",0.8116373517841804,4.504450221128899,54,9589
full,Full,tp19_L5_p0p08,timepoint_mask,5.0,0.08,run1,oof_pooled,979,80.69458631256384,78.77895212930562,79.9895437868929,0.6752583747465489,81.59203980099502,82.01754385964912,72.72727272727273,"[[328, 68, 6], [71, 374, 11], [11, 22, 88]]",0.7956109484993796,4.921495613747632,136,24896
full,Full,tp19_L5_p0p08,timepoint_mask,5.0,0.08,run2,fold01,72,69.44444444444444,66.40780565511749,66.85875706214689,0.5182264323917611,81.48148148148148,67.74193548387096,50.0,"[[22, 3, 2], [8, 21, 2], [2, 5, 7]]",0.6093741892675806,2.178984459800025,2,400
full,Full,tp19_L5_p0p08,timepoint_mask,5.0,0.08,run2,fold02,71,64.7887323943662,62.944582299421015,63.51224105461394,0.44625508538458314,80.76923076923077,58.06451612903226,50.0,"[[21, 5, 0], [10, 18, 3], [2, 5, 7]]",0.623738174452347,2.1685916530624243,1,199
full,Full,tp19_L5_p0p08,timepoint_mask,5.0,0.08,run2,fold03,71,66.19718309859155,59.89601796053409,60.04855889724311,0.45896608905667236,76.92307692307693,74.19354838709677,28.57142857142857,"[[20, 5, 1], [6, 23, 2], [5, 5, 4]]",0.6492164700359186,3.071577838189165,0,0
full,Full,tp19_L5_p0p08,timepoint_mask,5.0,0.08,run2,oof_pooled,214,66.82242990654206,63.090214988949164,63.729378090033826,0.47420253571448046,79.74683544303798,66.66666666666666,42.857142857142854,"[[63, 13, 3], [24, 62, 7], [9, 15, 18]]",0.627358511149218,2.471677172824601,3,599
full,Full,tp20_L5_p0p12,timepoint_mask,5.0,0.12,run1,fold01,327,79.20489296636084,75.533995618825,77.22546769311798,0.6501035758739692,83.5820895522388,79.60526315789474,63.41463414634146,"[[112, 20, 2], [27, 121, 4], [5, 10, 26]]",0.785987983270697,5.3668789459158885,42,8185
full,Full,tp20_L5_p0p12,timepoint_mask,5.0,0.12,run1,fold02,326,80.06134969325154,81.20712228332025,80.26676323254271,0.6690005788053955,78.35820895522389,80.26315789473685,85.0,"[[105, 27, 2], [22, 122, 8], [2, 4, 34]]",0.792410033572666,4.937801938989639,39,7021
full,Full,tp20_L5_p0p12,timepoint_mask,5.0,0.12,run1,fold03,326,82.20858895705521,79.23474731605133,81.6144845034788,0.6987624635675201,82.83582089552239,84.86842105263158,70.0,"[[111, 21, 2], [23, 129, 0], [4, 8, 28]]",0.8090932801846843,4.493243665908651,54,9677
full,Full,tp20_L5_p0p12,timepoint_mask,5.0,0.12,run1,oof_pooled,979,80.4902962206333,78.63275329889626,79.7558660565443,0.6720131467913559,81.59203980099502,81.57894736842105,72.72727272727273,"[[328, 68, 6], [72, 372, 12], [11, 22, 88]]",0.7958203787685537,4.933085068959488,135,24883
full,Full,tp20_L5_p0p12,timepoint_mask,5.0,0.12,run2,fold01,72,69.44444444444444,66.40780565511749,66.85875706214689,0.5182264323917611,81.48148148148148,67.74193548387096,50.0,"[[22, 3, 2], [8, 21, 2], [2, 5, 7]]",0.6093873527878108,2.187954595002035,2,400
full,Full,tp20_L5_p0p12,timepoint_mask,5.0,0.12,run2,fold02,71,64.7887323943662,62.944582299421015,63.51224105461394,0.44625508538458314,80.76923076923077,58.06451612903226,50.0,"[[21, 5, 0], [10, 18, 3], [2, 5, 7]]",0.6237381744613142,2.1691238772071584,1,200
full,Full,tp20_L5_p0p12,timepoint_mask,5.0,0.12,run2,fold03,71,66.19718309859155,59.89601796053409,60.04855889724311,0.45896608905667236,76.92307692307693,74.19354838709677,28.57142857142857,"[[20, 5, 1], [6, 23, 2], [5, 5, 4]]",0.6492164700359186,3.071577838189165,0,0
full,Full,tp20_L5_p0p12,timepoint_mask,5.0,0.12,run2,oof_pooled,214,66.82242990654206,63.090214988949164,63.729378090033826,0.47420253571448046,79.74683544303798,66.66666666666666,42.857142857142854,"[[63, 13, 3], [24, 62, 7], [9, 15, 18]]",0.6273629400001209,2.474871741277035,3,600
full,Full,tp21_L5_p0p13,timepoint_mask,5.0,0.13,run1,fold01,327,79.20489296636084,75.533995618825,77.22546769311798,0.6501035758739692,83.5820895522388,79.60526315789474,63.41463414634146,"[[112, 20, 2], [27, 121, 4], [5, 10, 26]]",0.786769081097989,5.347136928252762,44,8386
full,Full,tp21_L5_p0p13,timepoint_mask,5.0,0.13,run1,fold02,326,80.06134969325154,81.20712228332025,80.26676323254271,0.6690005788053955,78.35820895522389,80.26315789473685,85.0,"[[105, 27, 2], [22, 122, 8], [2, 4, 34]]",0.792035377538651,4.935584276508928,39,7022
full,Full,tp21_L5_p0p13,timepoint_mask,5.0,0.13,run1,fold03,326,82.51533742331289,79.45404556166537,81.84003512060843,0.7039328174018926,82.83582089552239,85.52631578947368,70.0,"[[111, 21, 2], [22, 130, 0], [4, 8, 28]]",0.8085983803424346,4.4731624950226285,53,9575
full,Full,tp21_L5_p0p13,timepoint_mask,5.0,0.13,run1,oof_pooled,979,80.59244126659857,78.70585271410094,79.83213580395096,0.6736993161250001,81.59203980099502,81.7982456140351,72.72727272727273,"[[328, 68, 6], [71, 373, 12], [11, 22, 88]]",0.7957917207234692,4.919065600672054,136,24983
full,Full,tp21_L5_p0p13,timepoint_mask,5.0,0.13,run2,fold01,72,69.44444444444444,66.40780565511749,66.85875706214689,0.5182264323917611,81.48148148148148,67.74193548387096,50.0,"[[22, 3, 2], [8, 21, 2], [2, 5, 7]]",0.6093893528547798,2.190014052618709,2,400
full,Full,tp21_L5_p0p13,timepoint_mask,5.0,0.13,run2,fold02,71,64.7887323943662,62.944582299421015,63.51224105461394,0.44625508538458314,80.76923076923077,58.06451612903226,50.0,"[[21, 5, 0], [10, 18, 3], [2, 5, 7]]",0.6237381744623176,2.1691821923768018,1,200
full,Full,tp21_L5_p0p13,timepoint_mask,5.0,0.13,run2,fold03,71,66.19718309859155,59.89601796053409,60.04855889724311,0.45896608905667236,76.92307692307693,74.19354838709677,28.57142857142857,"[[20, 5, 1], [6, 23, 2], [5, 5, 4]]",0.6492164700359186,3.071577838189165,0,0
full,Full,tp21_L5_p0p13,timepoint_mask,5.0,0.13,run2,oof_pooled,214,66.82242990654206,63.090214988949164,63.729378090033826,0.47420253571448046,79.74683544303798,66.66666666666666,42.857142857142854,"[[63, 13, 3], [24, 62, 7], [9, 15, 18]]",0.6273636129201818,2.4755839904613586,3,600
full,Full,tp22_L5_p0p33,timepoint_mask,5.0,0.33,run1,fold01,327,78.89908256880734,75.31469737321098,76.77200283803742,0.6454696413807998,83.5820895522388,78.94736842105263,63.41463414634146,"[[112, 20, 2], [27, 120, 5], [5, 10, 26]]",0.782035818203309,5.304153762381832,46,8487
full,Full,tp22_L5_p0p33,timepoint_mask,5.0,0.33,run1,fold02,326,80.3680981595092,81.42642052893429,80.95481355883078,0.672942208400153,78.35820895522389,80.92105263157895,85.0,"[[105, 27, 2], [23, 123, 6], [2, 4, 34]]",0.7944138030595472,4.947867293339337,39,7151
full,Full,tp22_L5_p0p33,timepoint_mask,5.0,0.33,run1,fold03,326,82.51533742331289,79.45404556166537,81.56558261082513,0.7042215943743606,82.83582089552239,85.52631578947368,70.0,"[[111, 21, 2], [21, 130, 1], [4, 8, 28]]",0.80964240444134,4.511964557418154,53,9544
full,Full,tp22_L5_p0p33,timepoint_mask,5.0,0.33,run1,oof_pooled,979,80.59244126659857,78.70585271410094,79.83213580395096,0.6736993161250001,81.59203980099502,81.7982456140351,72.72727272727273,"[[328, 68, 6], [71, 373, 12], [11, 22, 88]]",0.7953503944818909,4.921719574714812,138,25182
full,Full,tp22_L5_p0p33,timepoint_mask,5.0,0.33,run2,fold01,72,68.05555555555556,64.02685327416509,64.44444444444444,0.49547369768366784,81.48148148148148,67.74193548387096,42.857142857142854,"[[22, 3, 2], [8, 21, 2], [3, 5, 6]]",0.5954595220328732,1.8885950515460637,4,606
full,Full,tp22_L5_p0p33,timepoint_mask,5.0,0.33,run2,fold02,71,63.38028169014085,60.56362991846863,61.12011790714812,0.4208190009450886,80.76923076923077,58.06451612903226,42.857142857142854,"[[21, 5, 0], [10, 18, 3], [2, 6, 6]]",0.6096546008412622,1.7396097175881897,3,411
full,Full,tp22_L5_p0p33,timepoint_mask,5.0,0.33,run2,fold03,71,66.19718309859155,59.89601796053409,60.04855889724311,0.45896608905667236,76.92307692307693,74.19354838709677,28.57142857142857,"[[20, 5, 1], [6, 23, 2], [5, 5, 4]]",0.6492164699525962,3.04572617210133,1,105
full,Full,tp22_L5_p0p33,timepoint_mask,5.0,0.33,run2,oof_pooled,214,65.88785046728972,61.50291340164758,62.01367898938231,0.4582456580105456,79.74683544303798,66.66666666666666,38.095238095238095,"[[63, 13, 3], [24, 62, 7], [10, 16, 16]]",0.618004353330518,2.2230733265386564,8,1122
full,Full,tp23_L5_p0p35,timepoint_mask,5.0,0.35,run1,fold01,327,78.89908256880734,75.31469737321098,76.77200283803742,0.6454696413807998,83.5820895522388,78.94736842105263,63.41463414634146,"[[112, 20, 2], [27, 120, 5], [5, 10, 26]]",0.7822331324920648,5.296413804287666,46,8497
full,Full,tp23_L5_p0p35,timepoint_mask,5.0,0.35,run1,fold02,326,80.3680981595092,81.42642052893429,80.95481355883078,0.672942208400153,78.35820895522389,80.92105263157895,85.0,"[[105, 27, 2], [23, 123, 6], [2, 4, 34]]",0.7944075329984309,4.959768836420784,39,7151
full,Full,tp23_L5_p0p35,timepoint_mask,5.0,0.35,run1,fold03,326,81.90184049079755,79.01544907043728,81.11292764519091,0.6939029340764307,82.83582089552239,84.21052631578947,70.0,"[[111, 21, 2], [23, 128, 1], [4, 8, 28]]",0.8044458353105747,4.456949124226998,53,9542
full,Full,tp23_L5_p0p35,timepoint_mask,5.0,0.35,run1,oof_pooled,979,80.38815117466804,78.55965388369158,79.67958359053627,0.6703296666743709,81.59203980099502,81.35964912280701,72.72727272727273,"[[328, 68, 6], [73, 371, 12], [11, 22, 88]]",0.793683792026191,4.904777700891975,138,25190
full,Full,tp23_L5_p0p35,timepoint_mask,5.0,0.35,run2,fold01,72,68.05555555555556,64.02685327416509,64.44444444444444,0.49547369768366784,81.48148148148148,67.74193548387096,42.857142857142854,"[[22, 3, 2], [8, 21, 2], [3, 5, 6]]",0.5954620074601659,1.8908300895450845,4,610
full,Full,tp23_L5_p0p35,timepoint_mask,5.0,0.35,run2,fold02,71,63.38028169014085,60.56362991846863,61.12011790714812,0.4208190009450886,80.76923076923077,58.06451612903226,42.857142857142854,"[[21, 5, 0], [10, 18, 3], [2, 6, 6]]",0.6096546156027915,1.739484242255419,3,415
full,Full,tp23_L5_p0p35,timepoint_mask,5.0,0.35,run2,fold03,71,66.19718309859155,59.89601796053409,60.04855889724311,0.45896608905667236,76.92307692307693,74.19354838709677,28.57142857142857,"[[20, 5, 1], [6, 23, 2], [5, 5, 4]]",0.64921646995256,3.0456938814948984,1,107
full,Full,tp23_L5_p0p35,timepoint_mask,5.0,0.35,run2,oof_pooled,214,65.88785046728972,61.50291340164758,62.01367898938231,0.4582456580105456,79.74683544303798,66.66666666666666,38.095238095238095,"[[63, 13, 3], [24, 62, 7], [10, 16, 16]]",0.618005194446551,2.223772959035134,8,1132
full,Full,tp24_L5_p0p70,timepoint_mask,5.0,0.7,run1,fold01,327,77.37003058103976,74.2182061451408,75.19247752125318,0.6217216467645788,83.5820895522388,75.6578947368421,63.41463414634146,"[[112, 20, 2], [30, 115, 7], [5, 10, 26]]",0.7700372830612169,5.1555266957331325,48,9105
full,Full,tp24_L5_p0p70,timepoint_mask,5.0,0.7,run1,fold02,326,80.06134969325154,81.20712228332025,80.49105512960935,0.66842547297158,78.35820895522389,80.26315789473685,85.0,"[[105, 27, 2], [23, 122, 7], [2, 4, 34]]",0.7909512522955784,4.915576527252267,41,7282
full,Full,tp24_L5_p0p70,timepoint_mask,5.0,0.7,run1,fold03,326,81.28834355828221,78.57685257920922,80.39371655006833,0.68399139064489,82.83582089552239,82.89473684210526,70.0,"[[111, 21, 2], [24, 126, 2], [4, 8, 28]]",0.7998265179741871,4.407489774748683,48,9027
full,Full,tp24_L5_p0p70,timepoint_mask,5.0,0.7,run1,oof_pooled,979,79.57099080694586,77.97485856205417,78.75135400372031,0.6574886945861868,81.59203980099502,79.60526315789474,72.72727272727273,"[[328, 68, 6], [77, 363, 16], [11, 22, 88]]",0.7869210875066001,4.82653405920025,137,25414
full,Full,tp24_L5_p0p70,timepoint_mask,5.0,0.7,run2,fold01,72,68.05555555555556,64.02685327416509,64.44444444444444,0.49547369768366784,81.48148148148148,67.74193548387096,42.857142857142854,"[[22, 3, 2], [8, 21, 2], [3, 5, 6]]",0.5954425229869003,1.8801620767141383,4,669
full,Full,tp24_L5_p0p70,timepoint_mask,5.0,0.7,run2,fold02,71,63.38028169014085,60.56362991846863,61.12011790714812,0.4208190009450886,80.76923076923077,58.06451612903226,42.857142857142854,"[[21, 5, 0], [10, 18, 3], [2, 6, 6]]",0.6096547103783796,1.7382655287502518,3,485
full,Full,tp24_L5_p0p70,timepoint_mask,5.0,0.7,run2,fold03,71,66.19718309859155,59.89601796053409,60.02554278416348,0.460437150159194,76.92307692307693,74.19354838709677,28.57142857142857,"[[20, 5, 1], [6, 23, 2], [6, 4, 4]]",0.6493897074772221,3.144828679276184,3,374
full,Full,tp24_L5_p0p70,timepoint_mask,5.0,0.7,run2,oof_pooled,214,65.88785046728972,61.50291340164758,62.00160901630264,0.458857942516059,79.74683544303798,66.66666666666666,38.095238095238095,"[[63, 13, 3], [24, 62, 7], [11, 15, 16]]",0.6180561463682455,2.252669898566799,10,1528
no_attention,NoAttention,clean,clean,,,run1,fold01,327,81.9571865443425,79.91197734051183,82.01435063589545,0.6962494375241386,84.32835820895522,82.23684210526315,73.17073170731707,"[[113, 19, 2], [27, 125, 0], [2, 9, 30]]",0.7944408500659114,6.028125588403337,0,0
no_attention,NoAttention,clean,clean,,,run1,fold02,326,81.90184049079755,79.51165226499084,80.47822307750707,0.6958625448093783,79.8507462686567,86.18421052631578,72.5,"[[107, 24, 3], [17, 131, 4], [4, 7, 29]]",0.7996625942001291,7.0528612095017005,0,0
no_attention,NoAttention,clean,clean,,,run1,fold03,326,84.3558282208589,83.89892642052894,83.66469909688912,0.7390486456524588,84.32835820895522,84.86842105263158,82.5,"[[113, 20, 1], [16, 129, 7], [4, 3, 33]]",0.8135049007352065,5.573738556760906,0,0
no_attention,NoAttention,clean,clean,,,run1,oof_pooled,979,82.73748723186925,81.09956776938853,82.05217929651486,0.7100686691507885,82.83582089552239,84.4298245614035,76.03305785123968,"[[333, 63, 6], [60, 385, 11], [10, 19, 92]]",0.8025278460883273,6.21804759061236,0,0
no_attention,NoAttention,clean,clean,,,run2,fold01,72,58.333333333333336,55.384877965523124,55.707282913165265,0.3440986103748549,55.55555555555556,67.74193548387096,42.857142857142854,"[[15, 9, 3], [5, 21, 5], [1, 7, 6]]",0.45603746761550684,-0.1397767950224483,0,0
no_attention,NoAttention,clean,clean,,,run2,fold02,71,63.38028169014085,68.66950254047029,63.681341719077565,0.4690406293950227,61.53846153846154,51.61290322580645,92.85714285714286,"[[16, 6, 4], [7, 16, 8], [1, 0, 13]]",0.553009359699528,0.7440529480153485,0,0
no_attention,NoAttention,clean,clean,,,run2,fold03,71,56.33802816901409,51.74878884556304,51.7458781609725,0.30795014030702567,65.38461538461539,61.29032258064516,28.57142857142857,"[[17, 7, 2], [6, 19, 6], [4, 6, 4]]",0.4606229555504222,-0.7549163649304652,0,0
no_attention,NoAttention,clean,clean,,,run2,oof_pooled,214,59.345794392523366,58.5788173987439,57.96936324972884,0.36980374236342506,60.75949367088608,60.215053763440864,54.761904761904766,"[[48, 22, 9], [18, 56, 19], [6, 13, 23]]",0.489731738556369,-0.05063192449808206,0,0
no_attention,NoAttention,tp01_L1_m0p69,timepoint_mask,1.0,-0.69,run1,fold01,327,81.65137614678899,79.69267909489778,81.51469547350554,0.6915046018646442,84.32835820895522,81.57894736842105,73.17073170731707,"[[113, 19, 2], [27, 124, 1], [2, 9, 30]]",0.7924038198606774,6.001645272722986,7,974
no_attention,NoAttention,tp01_L1_m0p69,timepoint_mask,1.0,-0.69,run1,fold02,326,81.90184049079755,79.51165226499084,80.47822307750707,0.6958625448093783,79.8507462686567,86.18421052631578,72.5,"[[107, 24, 3], [17, 131, 4], [4, 7, 29]]",0.7998358639883095,7.089327665491521,2,270
no_attention,NoAttention,tp01_L1_m0p69,timepoint_mask,1.0,-0.69,run1,fold03,326,84.3558282208589,83.89892642052894,83.66469909688912,0.7390486456524588,84.32835820895522,84.86842105263158,82.5,"[[113, 20, 1], [16, 129, 7], [4, 3, 33]]",0.8134332603231316,5.562576855041453,4,556
no_attention,NoAttention,tp01_L1_m0p69,timepoint_mask,1.0,-0.69,run1,oof_pooled,979,82.63534218590398,81.02646835418385,81.89459298390732,0.7084924482139963,82.83582089552239,84.21052631578947,76.03305785123968,"[[333, 63, 6], [60, 384, 12], [10, 19, 92]]",0.8018812907252005,6.217629088737657,13,1800
no_attention,NoAttention,tp01_L1_m0p69,timepoint_mask,1.0,-0.69,run2,fold01,72,54.166666666666664,51.999772429879954,51.86813186813186,0.2842396231261923,51.85185185185185,61.29032258064516,42.857142857142854,"[[14, 8, 5], [7, 19, 5], [1, 7, 6]]",0.44775638556478725,-0.2580337786801263,10,1765
no_attention,NoAttention,tp01_L1_m0p69,timepoint_mask,1.0,-0.69,run2,fold02,71,60.56338028169014,65.00649887746661,60.85473423819289,0.41880887828329977,57.692307692307686,51.61290322580645,85.71428571428571,"[[15, 7, 4], [7, 16, 8], [1, 1, 12]]",0.544371308821879,0.6069081920759858,5,905
no_attention,NoAttention,tp01_L1_m0p69,timepoint_mask,1.0,-0.69,run2,fold03,71,57.74647887323944,52.824057662767345,52.88461538461539,0.32936120444356937,65.38461538461539,64.51612903225806,28.57142857142857,"[[17, 7, 2], [5, 20, 6], [4, 6, 4]]",0.4661805908927332,-0.6268186443813251,4,711
no_attention,NoAttention,tp01_L1_m0p69,timepoint_mask,1.0,-0.69,run2,oof_pooled,214,57.476635514018696,56.58286180948492,55.97481755576113,0.3417494559079723,58.22784810126582,59.13978494623656,52.38095238095239,"[[46, 22, 11], [19, 55, 19], [6, 14, 22]]",0.4859235730859914,-0.09342090737686067,19,3381
no_attention,NoAttention,tp02_L1_m0p15,timepoint_mask,1.0,-0.15,run1,fold01,327,81.9571865443425,79.91197734051183,82.01435063589545,0.6962494375241386,84.32835820895522,82.23684210526315,73.17073170731707,"[[113, 19, 2], [27, 125, 0], [2, 9, 30]]",0.7942282490216706,5.999258906463736,2,215
no_attention,NoAttention,tp02_L1_m0p15,timepoint_mask,1.0,-0.15,run1,fold02,326,81.90184049079755,79.51165226499084,80.47822307750707,0.6958625448093783,79.8507462686567,86.18421052631578,72.5,"[[107, 24, 3], [17, 131, 4], [4, 7, 29]]",0.7996839628309538,7.071653077778824,1,115
no_attention,NoAttention,tp02_L1_m0p15,timepoint_mask,1.0,-0.15,run1,fold03,326,84.3558282208589,83.89892642052894,83.66469909688912,0.7390486456524588,84.32835820895522,84.86842105263158,82.5,"[[113, 20, 1], [16, 129, 7], [4, 3, 33]]",0.8135049007352065,5.573738556760906,0,0
no_attention,NoAttention,tp02_L1_m0p15,timepoint_mask,1.0,-0.15,run1,oof_pooled,979,82.73748723186925,81.09956776938853,82.05217929651486,0.7100686691507885,82.83582089552239,84.4298245614035,76.03305785123968,"[[333, 63, 6], [60, 385, 11], [10, 19, 92]]",0.8024639499005664,6.214663263813681,3,330
no_attention,NoAttention,tp02_L1_m0p15,timepoint_mask,1.0,-0.15,run2,fold01,72,54.166666666666664,51.999772429879954,52.032641687814106,0.2807039378972762,51.85185185185185,61.29032258064516,42.857142857142854,"[[14, 9, 4], [7, 19, 5], [1, 7, 6]]",0.43950021662576927,-0.27947885083267465,8,1477
no_attention,NoAttention,tp02_L1_m0p15,timepoint_mask,1.0,-0.15,run2,fold02,71,61.97183098591549,66.08176769467092,62.26788012502298,0.4353862436670692,57.692307692307686,54.83870967741935,85.71428571428571,"[[15, 7, 4], [7, 17, 7], [1, 1, 12]]",0.5627591660010732,0.757948539185364,8,1254
no_attention,NoAttention,tp02_L1_m0p15,timepoint_mask,1.0,-0.15,run2,fold03,71,56.33802816901409,51.54200638071605,51.62490922294843,0.3094660330408319,61.53846153846154,64.51612903225806,28.57142857142857,"[[16, 7, 3], [5, 20, 6], [4, 6, 4]]",0.45805305601029,-0.7860210148066702,4,698
no_attention,NoAttention,tp02_L1_m0p15,timepoint_mask,1.0,-0.15,run2,oof_pooled,214,57.476635514018696,56.519343820282984,55.97652209472951,0.3402520090471957,56.9620253164557,60.215053763440864,52.38095238095239,"[[45, 23, 11], [19, 56, 18], [6, 14, 22]]",0.4865499222423466,-0.10334403284609962,20,3429
no_attention,NoAttention,tp03_L2_m0p57,timepoint_mask,2.0,-0.57,run1,fold01,327,75.84097859327217,75.49655445493967,74.2777043533982,0.6044704411772247,83.5820895522388,69.73684210526315,73.17073170731707,"[[112, 20, 2], [32, 106, 14], [2, 9, 30]]",0.7351141578736852,5.129147484573886,60,11216
no_attention,NoAttention,tp03_L2_m0p57,timepoint_mask,2.0,-0.57,run1,fold02,326,78.52760736196319,77.09937156323645,77.08727471260137,0.6413967824321634,79.8507462686567,78.94736842105263,72.5,"[[107, 24, 3], [24, 120, 8], [4, 7, 29]]",0.7619782449167282,6.63877488389337,35,6274
no_attention,NoAttention,tp03_L2_m0p57,timepoint_mask,2.0,-0.57,run1,fold03,326,80.98159509202453,81.48664571877454,80.87410920560086,0.6853069605661744,84.32835820895522,77.63157894736842,82.5,"[[113, 20, 1], [26, 118, 8], [4, 3, 33]]",0.7897747836187208,5.208371198804695,37,6978
no_attention,NoAttention,tp03_L2_m0p57,timepoint_mask,2.0,-0.57,run1,oof_pooled,979,78.44739530132789,78.01957300636157,77.39972877359092,0.6432588018745964,82.58706467661692,75.43859649122807,76.03305785123968,"[[332, 64, 6], [82, 344, 30], [10, 19, 92]]",0.7622613043179278,5.658223544857232,132,24468
no_attention,NoAttention,tp03_L2_m0p57,timepoint_mask,2.0,-0.57,run2,fold01,72,59.72222222222222,56.46014678272743,56.90418679549115,0.36384550732954973,55.55555555555556,70.96774193548387,42.857142857142854,"[[15, 9, 3], [5, 22, 4], [1, 7, 6]]",0.4660252387126636,-0.08919122326834539,2,234
no_attention,NoAttention,tp03_L2_m0p57,timepoint_mask,2.0,-0.57,run2,fold02,71,61.97183098591549,66.2885501595179,62.13905133203379,0.4419575871920494,61.53846153846154,51.61290322580645,85.71428571428571,"[[16, 6, 4], [7, 16, 8], [1, 1, 12]]",0.5534247793870056,0.7414997920285726,3,366
no_attention,NoAttention,tp03_L2_m0p57,timepoint_mask,2.0,-0.57,run2,fold03,71,56.33802816901409,51.74878884556304,51.7458781609725,0.30795014030702567,65.38461538461539,61.29032258064516,28.57142857142857,"[[17, 7, 2], [6, 19, 6], [4, 6, 4]]",0.4604847388370936,-0.8301481570471341,2,265
no_attention,NoAttention,tp03_L2_m0p57,timepoint_mask,2.0,-0.57,run2,oof_pooled,214,59.345794392523366,58.1435895441612,57.73937662423029,0.36737789545991917,60.75949367088608,61.29032258064516,52.38095238095239,"[[48, 22, 9], [18, 57, 18], [6, 14, 22]]",0.49318407935150854,-0.05941963547494732,7,865
no_attention,NoAttention,tp04_L2_m0p39,timepoint_mask,2.0,-0.39,run1,fold01,327,77.06422018348624,76.3737474373958,75.24210403389371,0.6232984900461659,83.5820895522388,72.36842105263158,73.17073170731707,"[[112, 20, 2], [28, 110, 14], [2, 9, 30]]",0.7435345051344643,5.248111008019941,59,10946
no_attention,NoAttention,tp04_L2_m0p39,timepoint_mask,2.0,-0.39,run1,fold02,326,78.52760736196319,77.09937156323645,77.08727471260137,0.6413967824321634,79.8507462686567,78.94736842105263,72.5,"[[107, 24, 3], [24, 120, 8], [4, 7, 29]]",0.7665002247429119,6.633729222042421,33,6052
no_attention,NoAttention,tp04_L2_m0p39,timepoint_mask,2.0,-0.39,run1,fold03,326,81.59509202453987,81.92524221000262,81.34185175441893,0.6949472685750522,84.32835820895522,78.94736842105263,82.5,"[[113, 20, 1], [24, 120, 8], [4, 3, 33]]",0.790117390584544,5.279680136791173,37,7087
no_attention,NoAttention,tp04_L2_m0p39,timepoint_mask,2.0,-0.39,run1,oof_pooled,979,79.06026557711951,78.45816949758962,77.87044985524327,0.6529366681203035,82.58706467661692,76.75438596491229,76.03305785123968,"[[332, 64, 6], [76, 350, 30], [10, 19, 92]]",0.7666936933357716,5.720024260063608,129,24085
no_attention,NoAttention,tp04_L2_m0p39,timepoint_mask,2.0,-0.39,run2,fold01,72,59.72222222222222,56.46014678272743,56.90418679549115,0.36384550732954973,55.55555555555556,70.96774193548387,42.857142857142854,"[[15, 9, 3], [5, 22, 4], [1, 7, 6]]",0.4633466928998978,-0.10196958043121006,1,102
no_attention,NoAttention,tp04_L2_m0p39,timepoint_mask,2.0,-0.39,run2,fold02,71,63.38028169014085,68.66950254047029,63.681341719077565,0.4690406293950227,61.53846153846154,51.61290322580645,92.85714285714286,"[[16, 6, 4], [7, 16, 8], [1, 0, 13]]",0.5604214302391637,0.8039030851714287,1,123
no_attention,NoAttention,tp04_L2_m0p39,timepoint_mask,2.0,-0.39,run2,fold03,71,56.33802816901409,51.74878884556304,51.7458781609725,0.30795014030702567,65.38461538461539,61.29032258064516,28.57142857142857,"[[17, 7, 2], [6, 19, 6], [4, 6, 4]]",0.46050165232078594,-0.8190102249278989,2,229
no_attention,NoAttention,tp04_L2_m0p39,timepoint_mask,2.0,-0.39,run2,oof_pooled,214,59.813084112149525,58.937240337812,58.399260187339664,0.3758601542504724,60.75949367088608,61.29032258064516,54.761904761904766,"[[48, 22, 9], [18, 57, 18], [6, 13, 23]]",0.4946098165913508,-0.03931970426989021,4,454
no_attention,NoAttention,tp05_L2_p0p06,timepoint_mask,2.0,0.06,run1,fold01,327,76.14678899082568,75.74531067384514,74.0291682737726,0.6114747001363573,84.32835820895522,69.73684210526315,73.17073170731707,"[[113, 19, 2], [29, 106, 17], [2, 9, 30]]",0.7332071951916022,5.147511343634046,59,10862
no_attention,NoAttention,tp05_L2_p0p06,timepoint_mask,2.0,0.06,run1,fold02,326,79.14110429447852,77.53796805446453,77.75615592921469,0.6509309078894878,79.8507462686567,80.26315789473685,72.5,"[[107, 24, 3], [23, 122, 7], [4, 7, 29]]",0.7719725191316861,6.777658337487217,29,5543
no_attention,NoAttention,tp05_L2_p0p06,timepoint_mask,2.0,0.06,run1,fold03,326,81.90184049079755,82.14454045561665,81.57543781987435,0.6998001334558712,84.32835820895522,79.60526315789474,82.5,"[[113, 20, 1], [23, 121, 8], [4, 3, 33]]",0.7957803449447801,5.407830376149458,39,7399
no_attention,NoAttention,tp05_L2_p0p06,timepoint_mask,2.0,0.06,run1,oof_pooled,979,79.06026557711951,78.4679888220201,77.7395020243496,0.6534152221343842,82.83582089552239,76.53508771929825,76.03305785123968,"[[333, 63, 6], [75, 349, 32], [10, 19, 92]]",0.7669521823458446,5.777023013293043,127,23804
no_attention,NoAttention,tp05_L2_p0p06,timepoint_mask,2.0,0.06,run2,fold01,72,56.94444444444444,54.150310064288554,54.2394947707623,0.32526084988688053,51.85185185185185,67.74193548387096,42.857142857142854,"[[14, 9, 4], [5, 21, 5], [1, 7, 6]]",0.45386877746355797,-0.19416909246420902,6,910
no_attention,NoAttention,tp05_L2_p0p06,timepoint_mask,2.0,0.06,run2,fold02,71,61.97183098591549,67.38745125841899,62.38347190728143,0.4457453285408833,57.692307692307686,51.61290322580645,92.85714285714286,"[[15, 7, 4], [7, 16, 8], [1, 0, 13]]",0.5540568854444181,0.6545487799481685,5,768
no_attention,NoAttention,tp05_L2_p0p06,timepoint_mask,2.0,0.06,run2,fold03,71,54.929577464788736,50.46673756351176,50.49518382851716,0.28809236066213245,61.53846153846154,61.29032258064516,28.57142857142857,"[[16, 7, 3], [6, 19, 6], [4, 6, 4]]",0.45069971771540446,-0.8411523931148187,2,298
no_attention,NoAttention,tp05_L2_p0p06,timepoint_mask,2.0,0.06,run2,oof_pooled,214,57.943925233644855,57.312994613933775,56.59080132764343,0.34984282131027455,56.9620253164557,60.215053763440864,54.761904761904766,"[[45, 23, 11], [18, 56, 19], [6, 13, 23]]",0.48605734019497,-0.12723846351521126,13,1976
no_attention,NoAttention,tp06_L2_p0p46,timepoint_mask,2.0,0.46,run1,fold01,327,76.14678899082568,75.74531067384514,74.18172956411448,0.6109355777226841,84.32835820895522,69.73684210526315,73.17073170731707,"[[113, 19, 2], [30, 106, 16], [2, 9, 30]]",0.7304543354733832,5.154183568159511,58,10719
no_attention,NoAttention,tp06_L2_p0p46,timepoint_mask,2.0,0.46,run1,fold02,326,79.75460122699386,77.9765645456926,78.43018201690383,0.6605697471267797,79.8507462686567,81.57894736842105,72.5,"[[107, 24, 3], [22, 124, 6], [4, 7, 29]]",0.7772312150778737,6.816080684630783,26,5007
no_attention,NoAttention,tp06_L2_p0p46,timepoint_mask,2.0,0.46,run1,fold03,326,81.59509202453987,81.92524221000262,81.57382388529527,0.6945591983003219,84.32835820895522,78.94736842105263,82.5,"[[113, 20, 1], [25, 120, 7], [4, 3, 33]]",0.7934865344547697,5.323882805314944,42,7767
no_attention,NoAttention,tp06_L2_p0p46,timepoint_mask,2.0,0.46,run1,oof_pooled,979,79.16241062308478,78.54108823722478,78.01475834204821,0.6545537528806702,82.83582089552239,76.75438596491229,76.03305785123968,"[[333, 63, 6], [77, 350, 29], [10, 19, 92]]",0.7670199734907437,5.764092057722642,126,23493
no_attention,NoAttention,tp06_L2_p0p46,timepoint_mask,2.0,0.46,run2,fold01,72,55.55555555555556,52.91574216305399,52.7621483375959,0.30668658744040056,48.148148148148145,67.74193548387096,42.857142857142854,"[[13, 9, 5], [5, 21, 5], [1, 7, 6]]",0.4518206527458801,-0.25592530607375213,6,1290
no_attention,NoAttention,tp06_L2_p0p46,timepoint_mask,2.0,0.46,run2,fold02,71,61.97183098591549,67.38745125841899,62.38347190728143,0.4457453285408833,57.692307692307686,51.61290322580645,92.85714285714286,"[[15, 7, 4], [7, 16, 8], [1, 0, 13]]",0.5550804148191623,0.6844437984720161,5,888
no_attention,NoAttention,tp06_L2_p0p46,timepoint_mask,2.0,0.46,run2,fold03,71,54.929577464788736,50.46673756351176,50.49518382851716,0.28809236066213245,61.53846153846154,61.29032258064516,28.57142857142857,"[[16, 7, 3], [6, 19, 6], [4, 6, 4]]",0.45114353338883045,-0.8571981297097575,2,298
no_attention,NoAttention,tp06_L2_p0p46,timepoint_mask,2.0,0.46,run2,oof_pooled,214,57.476635514018696,56.89105368566373,56.10705092847951,0.34365954951980304,55.69620253164557,60.215053763440864,54.761904761904766,"[[44, 23, 12], [18, 56, 19], [6, 13, 23]]",0.48585508093677965,-0.14342139979060653,13,2476
no_attention,NoAttention,tp07_L2_p0p82,timepoint_mask,2.0,0.82,run1,fold01,327,76.14678899082568,75.74531067384514,74.18172956411448,0.6109355777226841,84.32835820895522,69.73684210526315,73.17073170731707,"[[113, 19, 2], [30, 106, 16], [2, 9, 30]]",0.7405350487195523,5.374709065781411,55,10184
no_attention,NoAttention,tp07_L2_p0p82,timepoint_mask,2.0,0.82,run1,fold02,326,79.75460122699386,77.9765645456926,78.43018201690383,0.6605697471267797,79.8507462686567,81.57894736842105,72.5,"[[107, 24, 3], [22, 124, 6], [4, 7, 29]]",0.7773658549255374,6.8569915810474225,25,4835
no_attention,NoAttention,tp07_L2_p0p82,timepoint_mask,2.0,0.82,run1,fold03,326,82.51533742331289,82.58313694684473,82.27189994527802,0.709175263753419,84.32835820895522,80.92105263157895,82.5,"[[113, 20, 1], [22, 123, 7], [4, 3, 33]]",0.8004055017403778,5.528502450667413,45,8098
no_attention,NoAttention,tp07_L2_p0p82,timepoint_mask,2.0,0.82,run1,oof_pooled,979,79.46884576098059,78.76038648283881,78.24968075864133,0.6594162682890139,82.83582089552239,77.41228070175438,76.03305785123968,"[[333, 63, 6], [74, 353, 29], [10, 19, 92]]",0.7727358766132606,5.91951064233867,125,23117
no_attention,NoAttention,tp07_L2_p0p82,timepoint_mask,2.0,0.82,run2,fold01,72,54.166666666666664,51.68117426181943,51.570881226053636,0.28177542957032636,44.44444444444444,67.74193548387096,42.857142857142854,"[[12, 11, 4], [5, 21, 5], [1, 7, 6]]",0.4560927477856846,-0.10476851862363727,8,1694
no_attention,NoAttention,tp07_L2_p0p82,timepoint_mask,2.0,0.82,run2,fold02,71,61.97183098591549,67.38745125841899,62.38347190728143,0.4457453285408833,57.692307692307686,51.61290322580645,92.85714285714286,"[[15, 7, 4], [7, 16, 8], [1, 0, 13]]",0.5553493598835956,0.6990731221895901,5,953
no_attention,NoAttention,tp07_L2_p0p82,timepoint_mask,2.0,0.82,run2,fold03,71,54.929577464788736,50.46673756351176,50.49518382851716,0.28809236066213245,61.53846153846154,61.29032258064516,28.57142857142857,"[[16, 7, 3], [6, 19, 6], [4, 6, 4]]",0.4509799954533586,-0.8909598736381027,3,447
no_attention,NoAttention,tp07_L2_p0p82,timepoint_mask,2.0,0.82,run2,oof_pooled,214,57.009345794392516,56.46911275739369,55.7394034496541,0.33492228515217043,54.43037974683544,60.215053763440864,54.761904761904766,"[[43, 25, 11], [18, 56, 19], [6, 13, 23]]",0.4873273928480983,-0.09891258268105736,16,3094
no_attention,NoAttention,tp08_L3_m0p08,timepoint_mask,3.0,-0.08,run1,fold01,327,81.9571865443425,79.91197734051183,82.01435063589545,0.6962494375241386,84.32835820895522,82.23684210526315,73.17073170731707,"[[113, 19, 2], [27, 125, 0], [2, 9, 30]]",0.7944408500659114,6.028125588403337,0,0
no_attention,NoAttention,tp08_L3_m0p08,timepoint_mask,3.0,-0.08,run1,fold02,326,81.90184049079755,79.51165226499084,80.47822307750707,0.6958625448093783,79.8507462686567,86.18421052631578,72.5,"[[107, 24, 3], [17, 131, 4], [4, 7, 29]]",0.7996625942001291,7.0528612095017005,0,0
no_attention,NoAttention,tp08_L3_m0p08,timepoint_mask,3.0,-0.08,run1,fold03,326,84.3558282208589,83.89892642052894,83.66469909688912,0.7390486456524588,84.32835820895522,84.86842105263158,82.5,"[[113, 20, 1], [16, 129, 7], [4, 3, 33]]",0.8135049007352065,5.573738556760906,0,0
no_attention,NoAttention,tp08_L3_m0p08,timepoint_mask,3.0,-0.08,run1,oof_pooled,979,82.73748723186925,81.09956776938853,82.05217929651486,0.7100686691507885,82.83582089552239,84.4298245614035,76.03305785123968,"[[333, 63, 6], [60, 385, 11], [10, 19, 92]]",0.8025278460883273,6.21804759061236,0,0
no_attention,NoAttention,tp08_L3_m0p08,timepoint_mask,3.0,-0.08,run2,fold01,72,59.72222222222222,56.46014678272743,56.90418679549115,0.36384550732954973,55.55555555555556,70.96774193548387,42.857142857142854,"[[15, 9, 3], [5, 22, 4], [1, 7, 6]]",0.4615154341492737,-0.11482183113306138,1,200
no_attention,NoAttention,tp08_L3_m0p08,timepoint_mask,3.0,-0.08,run2,fold02,71,63.38028169014085,68.66950254047029,63.84783638712022,0.4653833925186483,61.53846153846154,51.61290322580645,92.85714285714286,"[[16, 6, 4], [8, 16, 7], [1, 0, 13]]",0.5514699492271921,0.7270908275747042,1,138
no_attention,NoAttention,tp08_L3_m0p08,timepoint_mask,3.0,-0.08,run2,fold03,71,56.33802816901409,51.74878884556304,51.7458781609725,0.30795014030702567,65.38461538461539,61.29032258064516,28.57142857142857,"[[17, 7, 2], [6, 19, 6], [4, 6, 4]]",0.4603077203462178,-0.8148786896236346,1,103
no_attention,NoAttention,tp08_L3_m0p08,timepoint_mask,3.0,-0.08,run2,oof_pooled,214,59.813084112149525,58.937240337812,58.442988969304764,0.37489233291167223,60.75949367088608,61.29032258064516,54.761904761904766,"[[48, 22, 9], [19, 57, 17], [6, 13, 23]]",0.490959466347943,-0.06775752358436672,3,441
no_attention,NoAttention,tp09_L3_p0p42,timepoint_mask,3.0,0.42,run1,fold01,327,81.9571865443425,79.91197734051183,82.01435063589545,0.6962494375241386,84.32835820895522,82.23684210526315,73.17073170731707,"[[113, 19, 2], [27, 125, 0], [2, 9, 30]]",0.7944408500659114,6.028125588403337,0,0
no_attention,NoAttention,tp09_L3_p0p42,timepoint_mask,3.0,0.42,run1,fold02,326,81.90184049079755,79.51165226499084,80.47822307750707,0.6958625448093783,79.8507462686567,86.18421052631578,72.5,"[[107, 24, 3], [17, 131, 4], [4, 7, 29]]",0.7996625942001291,7.0528612095017005,0,0
no_attention,NoAttention,tp09_L3_p0p42,timepoint_mask,3.0,0.42,run1,fold03,326,84.3558282208589,83.89892642052894,83.66469909688912,0.7390486456524588,84.32835820895522,84.86842105263158,82.5,"[[113, 20, 1], [16, 129, 7], [4, 3, 33]]",0.8135049007352065,5.573738556760906,0,0
no_attention,NoAttention,tp09_L3_p0p42,timepoint_mask,3.0,0.42,run1,oof_pooled,979,82.73748723186925,81.09956776938853,82.05217929651486,0.7100686691507885,82.83582089552239,84.4298245614035,76.03305785123968,"[[333, 63, 6], [60, 385, 11], [10, 19, 92]]",0.8025278460883273,6.21804759061236,0,0
no_attention,NoAttention,tp09_L3_p0p42,timepoint_mask,3.0,0.42,run2,fold01,72,58.333333333333336,55.384877965523124,55.707282913165265,0.3440986103748549,55.55555555555556,67.74193548387096,42.857142857142854,"[[15, 9, 3], [5, 21, 5], [1, 7, 6]]",0.45603746761550684,-0.1397767950224483,0,0
no_attention,NoAttention,tp09_L3_p0p42,timepoint_mask,3.0,0.42,run2,fold02,71,63.38028169014085,68.66950254047029,63.681341719077565,0.4690406293950227,61.53846153846154,51.61290322580645,92.85714285714286,"[[16, 6, 4], [7, 16, 8], [1, 0, 13]]",0.553009359699528,0.7440529480153485,0,0
no_attention,NoAttention,tp09_L3_p0p42,timepoint_mask,3.0,0.42,run2,fold03,71,56.33802816901409,51.74878884556304,51.7458781609725,0.30795014030702567,65.38461538461539,61.29032258064516,28.57142857142857,"[[17, 7, 2], [6, 19, 6], [4, 6, 4]]",0.4606229555504222,-0.7549163649304652,0,0
no_attention,NoAttention,tp09_L3_p0p42,timepoint_mask,3.0,0.42,run2,oof_pooled,214,59.345794392523366,58.5788173987439,57.96936324972884,0.36980374236342506,60.75949367088608,60.215053763440864,54.761904761904766,"[[48, 22, 9], [18, 56, 19], [6, 13, 23]]",0.489731738556369,-0.05063192449808206,0,0
no_attention,NoAttention,tp10_L3_p0p65,timepoint_mask,3.0,0.65,run1,fold01,327,81.9571865443425,79.91197734051183,82.01435063589545,0.6962494375241386,84.32835820895522,82.23684210526315,73.17073170731707,"[[113, 19, 2], [27, 125, 0], [2, 9, 30]]",0.7944408500659114,6.028125588403337,0,0
no_attention,NoAttention,tp10_L3_p0p65,timepoint_mask,3.0,0.65,run1,fold02,326,81.90184049079755,79.51165226499084,80.47822307750707,0.6958625448093783,79.8507462686567,86.18421052631578,72.5,"[[107, 24, 3], [17, 131, 4], [4, 7, 29]]",0.7996625942001291,7.0528612095017005,0,0
no_attention,NoAttention,tp10_L3_p0p65,timepoint_mask,3.0,0.65,run1,fold03,326,84.3558282208589,83.89892642052894,83.66469909688912,0.7390486456524588,84.32835820895522,84.86842105263158,82.5,"[[113, 20, 1], [16, 129, 7], [4, 3, 33]]",0.8135049007352065,5.573738556760906,0,0
no_attention,NoAttention,tp10_L3_p0p65,timepoint_mask,3.0,0.65,run1,oof_pooled,979,82.73748723186925,81.09956776938853,82.05217929651486,0.7100686691507885,82.83582089552239,84.4298245614035,76.03305785123968,"[[333, 63, 6], [60, 385, 11], [10, 19, 92]]",0.8025278460883273,6.21804759061236,0,0
no_attention,NoAttention,tp10_L3_p0p65,timepoint_mask,3.0,0.65,run2,fold01,72,58.333333333333336,55.384877965523124,55.707282913165265,0.3440986103748549,55.55555555555556,67.74193548387096,42.857142857142854,"[[15, 9, 3], [5, 21, 5], [1, 7, 6]]",0.45603746761550684,-0.1397767950224483,0,0
no_attention,NoAttention,tp10_L3_p0p65,timepoint_mask,3.0,0.65,run2,fold02,71,63.38028169014085,68.66950254047029,63.681341719077565,0.4690406293950227,61.53846153846154,51.61290322580645,92.85714285714286,"[[16, 6, 4], [7, 16, 8], [1, 0, 13]]",0.553009359699528,0.7440529480153485,0,0
no_attention,NoAttention,tp10_L3_p0p65,timepoint_mask,3.0,0.65,run2,fold03,71,56.33802816901409,51.74878884556304,51.7458781609725,0.30795014030702567,65.38461538461539,61.29032258064516,28.57142857142857,"[[17, 7, 2], [6, 19, 6], [4, 6, 4]]",0.4606229555504222,-0.7549163649304652,0,0
no_attention,NoAttention,tp10_L3_p0p65,timepoint_mask,3.0,0.65,run2,oof_pooled,214,59.345794392523366,58.5788173987439,57.96936324972884,0.36980374236342506,60.75949367088608,60.215053763440864,54.761904761904766,"[[48, 22, 9], [18, 56, 19], [6, 13, 23]]",0.489731738556369,-0.05063192449808206,0,0
no_attention,NoAttention,tp11_L3_p0p95,timepoint_mask,3.0,0.95,run1,fold01,327,81.9571865443425,79.91197734051183,82.01435063589545,0.6962494375241386,84.32835820895522,82.23684210526315,73.17073170731707,"[[113, 19, 2], [27, 125, 0], [2, 9, 30]]",0.7944408500659114,6.028125588403337,0,0
no_attention,NoAttention,tp11_L3_p0p95,timepoint_mask,3.0,0.95,run1,fold02,326,81.90184049079755,79.51165226499084,80.46356035133327,0.6957801995130983,79.8507462686567,86.18421052631578,72.5,"[[107, 24, 3], [17, 131, 4], [5, 6, 29]]",0.7996390130737381,7.005972503358784,1,108
no_attention,NoAttention,tp11_L3_p0p95,timepoint_mask,3.0,0.95,run1,fold03,326,84.3558282208589,83.89892642052894,83.66469909688912,0.7390486456524588,84.32835820895522,84.86842105263158,82.5,"[[113, 20, 1], [16, 129, 7], [4, 3, 33]]",0.8135013711383499,5.572959344508412,1,103
no_attention,NoAttention,tp11_L3_p0p95,timepoint_mask,3.0,0.95,run1,oof_pooled,979,82.73748723186925,81.09956776938853,82.0481242453113,0.710084357085119,82.83582089552239,84.4298245614035,76.03305785123968,"[[333, 63, 6], [60, 385, 11], [11, 18, 92]]",0.8025188184113317,6.202174514619609,2,211
no_attention,NoAttention,tp11_L3_p0p95,timepoint_mask,3.0,0.95,run2,fold01,72,58.333333333333336,55.384877965523124,55.707282913165265,0.3440986103748549,55.55555555555556,67.74193548387096,42.857142857142854,"[[15, 9, 3], [5, 21, 5], [1, 7, 6]]",0.45603746761550684,-0.1397767950224483,0,0
no_attention,NoAttention,tp11_L3_p0p95,timepoint_mask,3.0,0.95,run2,fold02,71,63.38028169014085,68.66950254047029,63.681341719077565,0.4690406293950227,61.53846153846154,51.61290322580645,92.85714285714286,"[[16, 6, 4], [7, 16, 8], [1, 0, 13]]",0.553009359699528,0.7440529480153485,0,0
no_attention,NoAttention,tp11_L3_p0p95,timepoint_mask,3.0,0.95,run2,fold03,71,56.33802816901409,51.74878884556304,51.7458781609725,0.30795014030702567,65.38461538461539,61.29032258064516,28.57142857142857,"[[17, 7, 2], [6, 19, 6], [4, 6, 4]]",0.4606229555504222,-0.7549163649304652,0,0
no_attention,NoAttention,tp11_L3_p0p95,timepoint_mask,3.0,0.95,run2,oof_pooled,214,59.345794392523366,58.5788173987439,57.96936324972884,0.36980374236342506,60.75949367088608,60.215053763440864,54.761904761904766,"[[48, 22, 9], [18, 56, 19], [6, 13, 23]]",0.489731738556369,-0.05063192449808206,0,0
no_attention,NoAttention,tp12_L4_m0p56,timepoint_mask,4.0,-0.56,run1,fold01,327,78.89908256880734,77.71899488437145,77.19216376843497,0.6510632817301374,84.32835820895522,75.6578947368421,73.17073170731707,"[[113, 19, 2], [26, 115, 11], [2, 9, 30]]",0.7681085482180481,5.589070822895485,37,6464
no_attention,NoAttention,tp12_L4_m0p56,timepoint_mask,4.0,-0.56,run1,fold02,326,77.91411042944786,76.66077507200838,77.27739357343837,0.6299825328663179,79.8507462686567,77.63157894736842,72.5,"[[107, 24, 3], [29, 118, 5], [4, 7, 29]]",0.7630152194007254,6.47996752103505,41,7697
no_attention,NoAttention,tp12_L4_m0p56,timepoint_mask,4.0,-0.56,run1,fold03,326,81.28834355828221,81.67648599109715,80.66848360966009,0.6904755982225164,83.5820895522388,78.94736842105263,82.5,"[[112, 21, 1], [22, 120, 10], [4, 3, 33]]",0.7891803755630261,5.147398256479643,32,5591
no_attention,NoAttention,tp12_L4_m0p56,timepoint_mask,4.0,-0.56,run1,oof_pooled,979,79.36670071501533,78.67746774320365,78.37566739088375,0.6571796971558735,82.58706467661692,77.41228070175438,76.03305785123968,"[[332, 64, 6], [77, 353, 26], [10, 19, 92]]",0.7734292739790446,5.738659246738114,110,19752
no_attention,NoAttention,tp12_L4_m0p56,timepoint_mask,4.0,-0.56,run2,fold01,72,58.333333333333336,55.384877965523124,55.707282913165265,0.3440986103748549,55.55555555555556,67.74193548387096,42.857142857142854,"[[15, 9, 3], [5, 21, 5], [1, 7, 6]]",0.45439148928228534,-0.16953756138294315,1,126
no_attention,NoAttention,tp12_L4_m0p56,timepoint_mask,4.0,-0.56,run2,fold02,71,63.38028169014085,68.66950254047029,63.681341719077565,0.4690406293950227,61.53846153846154,51.61290322580645,92.85714285714286,"[[16, 6, 4], [7, 16, 8], [1, 0, 13]]",0.553009359699528,0.7440529480153485,0,0
no_attention,NoAttention,tp12_L4_m0p56,timepoint_mask,4.0,-0.56,run2,fold03,71,54.929577464788736,50.46673756351176,50.56089743589743,0.28456303295794977,61.53846153846154,61.29032258064516,28.57142857142857,"[[16, 8, 2], [6, 19, 6], [4, 6, 4]]",0.45721343051193136,-0.7696943704012624,2,231
no_attention,NoAttention,tp12_L4_m0p56,timepoint_mask,4.0,-0.56,run2,oof_pooled,214,58.87850467289719,58.15687647047386,57.55652426620168,0.3623015483417252,59.49367088607595,60.215053763440864,54.761904761904766,"[[47, 23, 9], [18, 56, 19], [6, 13, 23]]",0.48804675389410357,-0.06554787574285884,3,357
no_attention,NoAttention,tp13_L4_m0p55,timepoint_mask,4.0,-0.55,run1,fold01,327,78.89908256880734,77.71899488437145,77.19216376843497,0.6510632817301374,84.32835820895522,75.6578947368421,73.17073170731707,"[[113, 19, 2], [26, 115, 11], [2, 9, 30]]",0.7694070447588298,5.579151581414614,37,6464
no_attention,NoAttention,tp13_L4_m0p55,timepoint_mask,4.0,-0.55,run1,fold02,326,77.91411042944786,76.66077507200838,77.27739357343837,0.6299825328663179,79.8507462686567,77.63157894736842,72.5,"[[107, 24, 3], [29, 118, 5], [4, 7, 29]]",0.7634615454571738,6.485833094061061,41,7700
no_attention,NoAttention,tp13_L4_m0p55,timepoint_mask,4.0,-0.55,run1,fold03,326,81.28834355828221,81.67648599109715,80.66848360966009,0.6904755982225164,83.5820895522388,78.94736842105263,82.5,"[[112, 21, 1], [22, 120, 10], [4, 3, 33]]",0.7891938426668302,5.151800128151349,32,5586
no_attention,NoAttention,tp13_L4_m0p55,timepoint_mask,4.0,-0.55,run1,oof_pooled,979,79.36670071501533,78.67746774320365,78.37566739088375,0.6571796971558735,82.58706467661692,77.41228070175438,76.03305785123968,"[[332, 64, 6], [77, 353, 26], [10, 19, 92]]",0.7740160982273367,5.738765063905847,110,19750
no_attention,NoAttention,tp13_L4_m0p55,timepoint_mask,4.0,-0.55,run2,fold01,72,58.333333333333336,55.384877965523124,55.707282913165265,0.3440986103748549,55.55555555555556,67.74193548387096,42.857142857142854,"[[15, 9, 3], [5, 21, 5], [1, 7, 6]]",0.45440874731047465,-0.16898358505245092,1,125
no_attention,NoAttention,tp13_L4_m0p55,timepoint_mask,4.0,-0.55,run2,fold02,71,63.38028169014085,68.66950254047029,63.681341719077565,0.4690406293950227,61.53846153846154,51.61290322580645,92.85714285714286,"[[16, 6, 4], [7, 16, 8], [1, 0, 13]]",0.553009359699528,0.7440529480153485,0,0
no_attention,NoAttention,tp13_L4_m0p55,timepoint_mask,4.0,-0.55,run2,fold03,71,54.929577464788736,50.46673756351176,50.56089743589743,0.28456303295794977,61.53846153846154,61.29032258064516,28.57142857142857,"[[16, 8, 2], [6, 19, 6], [4, 6, 4]]",0.457297631307199,-0.7695189849801467,2,229
no_attention,NoAttention,tp13_L4_m0p55,timepoint_mask,4.0,-0.55,run2,oof_pooled,214,58.87850467289719,58.15687647047386,57.55652426620168,0.3623015483417252,59.49367088607595,60.215053763440864,54.761904761904766,"[[47, 23, 9], [18, 56, 19], [6, 13, 23]]",0.48808049611136356,-0.06530330256204267,3,354
no_attention,NoAttention,tp14_L5_p0p00,timepoint_mask,5.0,0.0,run1,fold01,327,77.98165137614679,77.06110014752937,76.2963372382235,0.6371728933973688,84.32835820895522,73.68421052631578,73.17073170731707,"[[113, 19, 2], [28, 112, 12], [2, 9, 30]]",0.754567162570784,5.005679226523146,39,7896
no_attention,NoAttention,tp14_L5_p0p00,timepoint_mask,5.0,0.0,run1,fold02,326,78.22085889570552,76.88007331762242,77.06415273558385,0.635899059620435,79.8507462686567,78.28947368421053,72.5,"[[107, 24, 3], [26, 119, 7], [4, 7, 29]]",0.7650992118174123,6.394010120602839,40,7123
no_attention,NoAttention,tp14_L5_p0p00,timepoint_mask,5.0,0.0,run1,fold03,326,80.3680981595092,81.04804922754649,79.75206756839896,0.6770068007281705,84.32835820895522,76.31578947368422,82.5,"[[113, 20, 1], [25, 116, 11], [4, 3, 33]]",0.7760948649560105,4.693252858860087,54,9609
no_attention,NoAttention,tp14_L5_p0p00,timepoint_mask,5.0,0.0,run1,oof_pooled,979,78.85597548518896,78.32178999161074,77.71296804793634,0.6498685289535447,82.83582089552239,76.09649122807018,76.03305785123968,"[[333, 63, 6], [79, 347, 30], [10, 19, 92]]",0.7652428306320552,5.3639477409376735,133,24628
no_attention,NoAttention,tp14_L5_p0p00,timepoint_mask,5.0,0.0,run2,fold01,72,56.94444444444444,53.00392558457075,53.468867418142786,0.3190262147243699,55.55555555555556,67.74193548387096,35.714285714285715,"[[15, 9, 3], [5, 21, 5], [1, 8, 5]]",0.4486483556258602,-0.26356202566401205,2,400
no_attention,NoAttention,tp14_L5_p0p00,timepoint_mask,5.0,0.0,run2,fold02,71,61.97183098591549,66.2885501595179,62.13905133203379,0.4419575871920494,61.53846153846154,51.61290322580645,85.71428571428571,"[[16, 6, 4], [7, 16, 8], [1, 1, 12]]",0.5458291764924896,0.5498361272497995,1,191
no_attention,NoAttention,tp14_L5_p0p00,timepoint_mask,5.0,0.0,run2,fold03,71,56.33802816901409,51.74878884556304,51.7458781609725,0.30795014030702567,65.38461538461539,61.29032258064516,28.57142857142857,"[[17, 7, 2], [6, 19, 6], [4, 6, 4]]",0.4606229555504222,-0.7549163649304652,0,0
no_attention,NoAttention,tp14_L5_p0p00,timepoint_mask,5.0,0.0,run2,oof_pooled,214,58.41121495327103,56.99151581144232,56.64835295256145,0.3527958923757269,60.75949367088608,60.215053763440864,50.0,"[[48, 22, 9], [18, 56, 19], [6, 15, 21]]",0.4848634718696667,-0.15671571365951464,3,591
no_attention,NoAttention,tp15_L5_p0p04,timepoint_mask,5.0,0.04,run1,fold01,327,77.98165137614679,77.06110014752937,76.47862140815724,0.6367136422082096,84.32835820895522,73.68421052631578,73.17073170731707,"[[113, 19, 2], [29, 112, 11], [2, 9, 30]]",0.755837427006596,5.116648425453482,42,8191
no_attention,NoAttention,tp15_L5_p0p04,timepoint_mask,5.0,0.04,run1,fold02,326,78.22085889570552,76.88007331762242,76.8557354263756,0.636406566104349,79.8507462686567,78.28947368421053,72.5,"[[107, 24, 3], [25, 119, 8], [4, 7, 29]]",0.7675260828635012,6.462534960976408,40,7119
no_attention,NoAttention,tp15_L5_p0p04,timepoint_mask,5.0,0.04,run1,fold03,326,80.06134969325154,80.82875098193244,79.72557914259725,0.6718132521101067,84.32835820895522,75.6578947368421,82.5,"[[113, 20, 1], [27, 115, 10], [4, 3, 33]]",0.7731220286648414,4.779206621186362,54,9599
no_attention,NoAttention,tp15_L5_p0p04,timepoint_mask,5.0,0.04,run1,oof_pooled,979,78.75383043922369,78.24869057640606,77.70121044169865,0.6481029006133413,82.83582089552239,75.87719298245614,76.03305785123968,"[[333, 63, 6], [81, 346, 29], [10, 19, 92]]",0.7654853145959106,5.452453310427325,136,24909
no_attention,NoAttention,tp15_L5_p0p04,timepoint_mask,5.0,0.04,run2,fold01,72,56.94444444444444,53.00392558457075,53.468867418142786,0.3190262147243699,55.55555555555556,67.74193548387096,35.714285714285715,"[[15, 9, 3], [5, 21, 5], [1, 8, 5]]",0.44864523072050133,-0.2626898772561819,2,400
no_attention,NoAttention,tp15_L5_p0p04,timepoint_mask,5.0,0.04,run2,fold02,71,61.97183098591549,66.2885501595179,62.13905133203379,0.4419575871920494,61.53846153846154,51.61290322580645,85.71428571428571,"[[16, 6, 4], [7, 16, 8], [1, 1, 12]]",0.5458291702304793,0.5449836039833699,1,195
no_attention,NoAttention,tp15_L5_p0p04,timepoint_mask,5.0,0.04,run2,fold03,71,56.33802816901409,51.74878884556304,51.7458781609725,0.30795014030702567,65.38461538461539,61.29032258064516,28.57142857142857,"[[17, 7, 2], [6, 19, 6], [4, 6, 4]]",0.4606229555504222,-0.7549163649304652,0,0
no_attention,NoAttention,tp15_L5_p0p04,timepoint_mask,5.0,0.04,run2,oof_pooled,214,58.41121495327103,56.99151581144232,56.64835295256145,0.3527958923757269,60.75949367088608,60.215053763440864,50.0,"[[48, 22, 9], [18, 56, 19], [6, 15, 21]]",0.4848624184220565,-0.1580322298583592,3,595
no_attention,NoAttention,tp16_L5_p0p05,timepoint_mask,5.0,0.05,run1,fold01,327,77.98165137614679,77.06110014752937,76.2963372382235,0.6371728933973688,84.32835820895522,73.68421052631578,73.17073170731707,"[[113, 19, 2], [28, 112, 12], [2, 9, 30]]",0.7565653580087484,5.093256377822945,42,8191
no_attention,NoAttention,tp16_L5_p0p05,timepoint_mask,5.0,0.05,run1,fold02,326,78.22085889570552,76.88007331762242,76.8557354263756,0.636406566104349,79.8507462686567,78.28947368421053,72.5,"[[107, 24, 3], [25, 119, 8], [4, 7, 29]]",0.7682897994203706,6.487509409057125,40,7119
no_attention,NoAttention,tp16_L5_p0p05,timepoint_mask,5.0,0.05,run1,fold03,326,80.06134969325154,80.82875098193244,79.72557914259725,0.6718132521101067,84.32835820895522,75.6578947368421,82.5,"[[113, 20, 1], [27, 115, 10], [4, 3, 33]]",0.7743481366893266,4.845283304226864,54,9597
no_attention,NoAttention,tp16_L5_p0p05,timepoint_mask,5.0,0.05,run1,oof_pooled,979,78.75383043922369,78.24869057640606,77.63446601433844,0.648258949815192,82.83582089552239,75.87719298245614,76.03305785123968,"[[333, 63, 6], [80, 346, 30], [10, 19, 92]]",0.7663910513183064,5.474959407639105,136,24907
no_attention,NoAttention,tp16_L5_p0p05,timepoint_mask,5.0,0.05,run2,fold01,72,56.94444444444444,53.00392558457075,53.468867418142786,0.3190262147243699,55.55555555555556,67.74193548387096,35.714285714285715,"[[15, 9, 3], [5, 21, 5], [1, 8, 5]]",0.4486427260108978,-0.26166512108951184,2,400
no_attention,NoAttention,tp16_L5_p0p05,timepoint_mask,5.0,0.05,run2,fold02,71,61.97183098591549,66.2885501595179,62.13905133203379,0.4419575871920494,61.53846153846154,51.61290322580645,85.71428571428571,"[[16, 6, 4], [7, 16, 8], [1, 1, 12]]",0.5458291688957926,0.5436913282725252,1,196
no_attention,NoAttention,tp16_L5_p0p05,timepoint_mask,5.0,0.05,run2,fold03,71,56.33802816901409,51.74878884556304,51.7458781609725,0.30795014030702567,65.38461538461539,61.29032258064516,28.57142857142857,"[[17, 7, 2], [6, 19, 6], [4, 6, 4]]",0.4606229555504222,-0.7549163649304652,0,0
no_attention,NoAttention,tp16_L5_p0p05,timepoint_mask,5.0,0.05,run2,oof_pooled,214,58.41121495327103,56.99151581144232,56.64835295256145,0.3527958923757269,60.75949367088608,60.215053763440864,50.0,"[[48, 22, 9], [18, 56, 19], [6, 15, 21]]",0.4848615752732051,-0.15811619776242333,3,596
no_attention,NoAttention,tp17_L5_p0p06,timepoint_mask,5.0,0.06,run1,fold01,327,77.98165137614679,77.06110014752937,76.2963372382235,0.6371728933973688,84.32835820895522,73.68421052631578,73.17073170731707,"[[113, 19, 2], [28, 112, 12], [2, 9, 30]]",0.7564857120188598,5.03520831572809,42,8190
no_attention,NoAttention,tp17_L5_p0p06,timepoint_mask,5.0,0.06,run1,fold02,326,77.91411042944786,76.66077507200838,76.83316924061353,0.6309333093344157,79.8507462686567,77.63157894736842,72.5,"[[107, 24, 3], [27, 118, 7], [4, 7, 29]]",0.7639156030655831,6.372161096978956,40,7119
no_attention,NoAttention,tp17_L5_p0p06,timepoint_mask,5.0,0.06,run1,fold03,326,80.3680981595092,81.04804922754649,79.96165404517036,0.6765668780797934,84.32835820895522,76.31578947368422,82.5,"[[113, 20, 1], [26, 116, 10], [4, 3, 33]]",0.7762947533883391,4.886146196815545,54,9595
no_attention,NoAttention,tp17_L5_p0p06,timepoint_mask,5.0,0.06,run1,oof_pooled,979,78.75383043922369,78.24869057640606,77.70121044169865,0.6481029006133413,82.83582089552239,75.87719298245614,76.03305785123968,"[[333, 63, 6], [81, 346, 29], [10, 19, 92]]",0.7655560817509149,5.430767412686509,136,24904
no_attention,NoAttention,tp17_L5_p0p06,timepoint_mask,5.0,0.06,run2,fold01,72,56.94444444444444,53.00392558457075,53.468867418142786,0.3190262147243699,55.55555555555556,67.74193548387096,35.714285714285715,"[[15, 9, 3], [5, 21, 5], [1, 8, 5]]",0.4486394646730471,-0.26217209501838723,2,400
no_attention,NoAttention,tp17_L5_p0p06,timepoint_mask,5.0,0.06,run2,fold02,71,61.97183098591549,66.2885501595179,62.13905133203379,0.4419575871920494,61.53846153846154,51.61290322580645,85.71428571428571,"[[16, 6, 4], [7, 16, 8], [1, 1, 12]]",0.5458291676951595,0.5424179782956497,1,197
no_attention,NoAttention,tp17_L5_p0p06,timepoint_mask,5.0,0.06,run2,fold03,71,56.33802816901409,51.74878884556304,51.7458781609725,0.30795014030702567,65.38461538461539,61.29032258064516,28.57142857142857,"[[17, 7, 2], [6, 19, 6], [4, 6, 4]]",0.4606229555504222,-0.7549163649304652,0,0
no_attention,NoAttention,tp17_L5_p0p06,timepoint_mask,5.0,0.06,run2,oof_pooled,214,58.41121495327103,56.99151581144232,56.64835295256145,0.3527958923757269,60.75949367088608,60.215053763440864,50.0,"[[48, 22, 9], [18, 56, 19], [6, 15, 21]]",0.4848604776023163,-0.15870923501119522,3,597
no_attention,NoAttention,tp18_L5_p0p07,timepoint_mask,5.0,0.07,run1,fold01,327,77.98165137614679,77.06110014752937,76.2963372382235,0.6371728933973688,84.32835820895522,73.68421052631578,73.17073170731707,"[[113, 19, 2], [28, 112, 12], [2, 9, 30]]",0.7564349083429828,5.058537111893888,42,8189
no_attention,NoAttention,tp18_L5_p0p07,timepoint_mask,5.0,0.07,run1,fold02,326,77.91411042944786,76.66077507200838,76.83316924061353,0.6309333093344157,79.8507462686567,77.63157894736842,72.5,"[[107, 24, 3], [27, 118, 7], [4, 7, 29]]",0.7638428140387208,6.364040112088611,40,7119
no_attention,NoAttention,tp18_L5_p0p07,timepoint_mask,5.0,0.07,run1,fold03,326,79.75460122699386,80.60945273631842,79.48924878827769,0.6670795627375876,84.32835820895522,75.0,82.5,"[[113, 20, 1], [28, 114, 10], [4, 3, 33]]",0.7726507352993437,4.837484874754025,54,9592
no_attention,NoAttention,tp18_L5_p0p07,timepoint_mask,5.0,0.07,run1,oof_pooled,979,78.54954034729316,78.1024917459967,77.54428871439491,0.6448910993464233,82.83582089552239,75.43859649122807,76.03305785123968,"[[333, 63, 6], [83, 344, 29], [10, 19, 92]]",0.7643014424028236,5.419651462002044,136,24900
no_attention,NoAttention,tp18_L5_p0p07,timepoint_mask,5.0,0.07,run2,fold01,72,56.94444444444444,53.00392558457075,53.468867418142786,0.3190262147243699,55.55555555555556,67.74193548387096,35.714285714285715,"[[15, 9, 3], [5, 21, 5], [1, 8, 5]]",0.4486471698852799,-0.2634828740071195,2,400
no_attention,NoAttention,tp18_L5_p0p07,timepoint_mask,5.0,0.07,run2,fold02,71,61.97183098591549,66.2885501595179,62.13905133203379,0.4419575871920494,61.53846153846154,51.61290322580645,85.71428571428571,"[[16, 6, 4], [7, 16, 8], [1, 1, 12]]",0.5458291667509031,0.5413288352141996,1,198
no_attention,NoAttention,tp18_L5_p0p07,timepoint_mask,5.0,0.07,run2,fold03,71,56.33802816901409,51.74878884556304,51.7458781609725,0.30795014030702567,65.38461538461539,61.29032258064516,28.57142857142857,"[[17, 7, 2], [6, 19, 6], [4, 6, 4]]",0.4606229555504222,-0.7549163649304652,0,0
no_attention,NoAttention,tp18_L5_p0p07,timepoint_mask,5.0,0.07,run2,oof_pooled,214,58.41121495327103,56.99151581144232,56.64835295256145,0.3527958923757269,60.75949367088608,60.215053763440864,50.0,"[[48, 22, 9], [18, 56, 19], [6, 15, 21]]",0.484863069696889,-0.1595115959736797,3,598
no_attention,NoAttention,tp19_L5_p0p08,timepoint_mask,5.0,0.08,run1,fold01,327,77.67584097859327,76.84180190191533,76.05728637223635,0.6324259640819699,84.32835820895522,73.02631578947368,73.17073170731707,"[[113, 19, 2], [29, 111, 12], [2, 9, 30]]",0.7558910603177935,5.056099437405027,42,8188
no_attention,NoAttention,tp19_L5_p0p08,timepoint_mask,5.0,0.08,run1,fold02,326,78.22085889570552,76.88007331762242,76.8557354263756,0.636406566104349,79.8507462686567,78.28947368421053,72.5,"[[107, 24, 3], [25, 119, 8], [4, 7, 29]]",0.76537834089175,6.457918790151919,40,7119
no_attention,NoAttention,tp19_L5_p0p08,timepoint_mask,5.0,0.08,run1,fold03,326,79.4478527607362,80.39015449070436,79.25264550264549,0.6623653829601269,84.32835820895522,74.3421052631579,82.5,"[[113, 20, 1], [29, 113, 10], [4, 3, 33]]",0.7718457836706158,4.809822168501174,54,9589
no_attention,NoAttention,tp19_L5_p0p08,timepoint_mask,5.0,0.08,run1,oof_pooled,979,78.44739530132789,78.02939233079202,77.398808743999,0.6434437258628958,82.83582089552239,75.21929824561403,76.03305785123968,"[[333, 63, 6], [83, 343, 30], [10, 19, 92]]",0.7643630657111847,5.44088668902181,136,24896
no_attention,NoAttention,tp19_L5_p0p08,timepoint_mask,5.0,0.08,run2,fold01,72,56.94444444444444,53.00392558457075,53.468867418142786,0.3190262147243699,55.55555555555556,67.74193548387096,35.714285714285715,"[[15, 9, 3], [5, 21, 5], [1, 8, 5]]",0.4486522173431935,-0.26425684031952795,2,400
no_attention,NoAttention,tp19_L5_p0p08,timepoint_mask,5.0,0.08,run2,fold02,71,61.97183098591549,66.2885501595179,62.13905133203379,0.4419575871920494,61.53846153846154,51.61290322580645,85.71428571428571,"[[16, 6, 4], [7, 16, 8], [1, 1, 12]]",0.545829165978859,0.5403711514360546,1,199
no_attention,NoAttention,tp19_L5_p0p08,timepoint_mask,5.0,0.08,run2,fold03,71,56.33802816901409,51.74878884556304,51.7458781609725,0.30795014030702567,65.38461538461539,61.29032258064516,28.57142857142857,"[[17, 7, 2], [6, 19, 6], [4, 6, 4]]",0.4606229555504222,-0.7549163649304652,0,0
no_attention,NoAttention,tp19_L5_p0p08,timepoint_mask,5.0,0.08,run2,oof_pooled,214,58.41121495327103,56.99151581144232,56.64835295256145,0.3527958923757269,60.75949367088608,60.215053763440864,50.0,"[[48, 22, 9], [18, 56, 19], [6, 15, 21]]",0.48486476765088266,-0.16008973206125773,3,599
no_attention,NoAttention,tp20_L5_p0p12,timepoint_mask,5.0,0.12,run1,fold01,327,77.67584097859327,76.84180190191533,76.05728637223635,0.6324259640819699,84.32835820895522,73.02631578947368,73.17073170731707,"[[113, 19, 2], [29, 111, 12], [2, 9, 30]]",0.7523210180912837,5.020667672225642,42,8185
no_attention,NoAttention,tp20_L5_p0p12,timepoint_mask,5.0,0.12,run1,fold02,326,78.22085889570552,76.88007331762242,77.28113065569241,0.6354115657376145,79.8507462686567,78.28947368421053,72.5,"[[107, 24, 3], [27, 119, 6], [4, 7, 29]]",0.7657604542779489,6.415278886062053,39,7021
no_attention,NoAttention,tp20_L5_p0p12,timepoint_mask,5.0,0.12,run1,fold03,326,79.14110429447852,80.17085624509033,79.01575177419288,0.6576702909039821,84.32835820895522,73.68421052631578,82.5,"[[113, 20, 1], [30, 112, 10], [4, 3, 33]]",0.769662567475155,4.673060195891907,54,9677
no_attention,NoAttention,tp20_L5_p0p12,timepoint_mask,5.0,0.12,run1,oof_pooled,979,78.34525025536261,77.95629291558735,77.45520139496959,0.6415355345167908,82.83582089552239,75.0,76.03305785123968,"[[333, 63, 6], [86, 342, 28], [10, 19, 92]]",0.7625708661975094,5.3693124305768904,135,24883
no_attention,NoAttention,tp20_L5_p0p12,timepoint_mask,5.0,0.12,run2,fold01,72,56.94444444444444,53.00392558457075,53.468867418142786,0.3190262147243699,55.55555555555556,67.74193548387096,35.714285714285715,"[[15, 9, 3], [5, 21, 5], [1, 8, 5]]",0.4486644439027903,-0.2675536030243772,2,400
no_attention,NoAttention,tp20_L5_p0p12,timepoint_mask,5.0,0.12,run2,fold02,71,61.97183098591549,66.2885501595179,62.13905133203379,0.4419575871920494,61.53846153846154,51.61290322580645,85.71428571428571,"[[16, 6, 4], [7, 16, 8], [1, 1, 12]]",0.5458291645497594,0.5384058704465287,1,200
no_attention,NoAttention,tp20_L5_p0p12,timepoint_mask,5.0,0.12,run2,fold03,71,56.33802816901409,51.74878884556304,51.7458781609725,0.30795014030702567,65.38461538461539,61.29032258064516,28.57142857142857,"[[17, 7, 2], [6, 19, 6], [4, 6, 4]]",0.4606229555504222,-0.7549163649304652,0,0
no_attention,NoAttention,tp20_L5_p0p12,timepoint_mask,5.0,0.12,run2,oof_pooled,214,58.41121495327103,56.99151581144232,56.64835295256145,0.3527958923757269,60.75949367088608,60.215053763440864,50.0,"[[48, 22, 9], [18, 56, 19], [6, 15, 21]]",0.4848688807855785,-0.16185095572950772,3,600
no_attention,NoAttention,tp21_L5_p0p13,timepoint_mask,5.0,0.13,run1,fold01,327,77.06422018348624,76.40320541068725,75.2310024072378,0.6239499451042305,84.32835820895522,71.71052631578947,73.17073170731707,"[[113, 19, 2], [29, 109, 14], [2, 9, 30]]",0.7481529884828612,4.886696263168019,44,8386
no_attention,NoAttention,tp21_L5_p0p13,timepoint_mask,5.0,0.13,run1,fold02,326,78.22085889570552,76.88007331762242,77.06415273558385,0.635899059620435,79.8507462686567,78.28947368421053,72.5,"[[107, 24, 3], [26, 119, 7], [4, 7, 29]]",0.7650644232027798,6.398057271754998,39,7022
no_attention,NoAttention,tp21_L5_p0p13,timepoint_mask,5.0,0.13,run1,fold03,326,79.75460122699386,80.60945273631842,79.48924878827769,0.6670795627375876,84.32835820895522,75.0,82.5,"[[113, 20, 1], [28, 114, 10], [4, 3, 33]]",0.7712282227467767,4.624830196314474,53,9575
no_attention,NoAttention,tp21_L5_p0p13,timepoint_mask,5.0,0.13,run1,oof_pooled,979,78.34525025536261,77.95629291558735,77.2540184453228,0.6420002205195322,82.83582089552239,75.0,76.03305785123968,"[[333, 63, 6], [83, 342, 31], [10, 19, 92]]",0.7614682633436682,5.302769144684975,136,24983
no_attention,NoAttention,tp21_L5_p0p13,timepoint_mask,5.0,0.13,run2,fold01,72,56.94444444444444,53.00392558457075,53.468867418142786,0.3190262147243699,55.55555555555556,67.74193548387096,35.714285714285715,"[[15, 9, 3], [5, 21, 5], [1, 8, 5]]",0.4486644548549255,-0.26631800204955247,2,400
no_attention,NoAttention,tp21_L5_p0p13,timepoint_mask,5.0,0.13,run2,fold02,71,61.97183098591549,66.2885501595179,62.13905133203379,0.4419575871920494,61.53846153846154,51.61290322580645,85.71428571428571,"[[16, 6, 4], [7, 16, 8], [1, 1, 12]]",0.5458291645150977,0.5383546205260463,1,200
no_attention,NoAttention,tp21_L5_p0p13,timepoint_mask,5.0,0.13,run2,fold03,71,56.33802816901409,51.74878884556304,51.7458781609725,0.30795014030702567,65.38461538461539,61.29032258064516,28.57142857142857,"[[17, 7, 2], [6, 19, 6], [4, 6, 4]]",0.4606229555504222,-0.7549163649304652,0,0
no_attention,NoAttention,tp21_L5_p0p13,timepoint_mask,5.0,0.13,run2,oof_pooled,214,58.41121495327103,56.99151581144232,56.64835295256145,0.3527958923757269,60.75949367088608,60.215053763440864,50.0,"[[48, 22, 9], [18, 56, 19], [6, 15, 21]]",0.48486888445890913,-0.16145224299196972,3,600
no_attention,NoAttention,tp22_L5_p0p33,timepoint_mask,5.0,0.33,run1,fold01,327,77.06422018348624,76.40320541068725,75.06759726226831,0.6244595335113629,84.32835820895522,71.71052631578947,73.17073170731707,"[[113, 19, 2], [28, 109, 15], [2, 9, 30]]",0.747657900122111,4.7368494538128925,46,8487
no_attention,NoAttention,tp22_L5_p0p33,timepoint_mask,5.0,0.33,run1,fold02,326,77.30061349693251,76.22217858078031,75.95779403466247,0.622087671092058,79.8507462686567,76.31578947368422,72.5,"[[107, 24, 3], [27, 116, 9], [4, 7, 29]]",0.7585017308878738,6.374481690019095,39,7151
no_attention,NoAttention,tp22_L5_p0p33,timepoint_mask,5.0,0.33,run1,fold03,326,80.67484662576688,81.2673474731605,79.98862110223914,0.6817841202300506,84.32835820895522,76.97368421052632,82.5,"[[113, 20, 1], [24, 117, 11], [4, 3, 33]]",0.7782865849817274,4.779724638252033,53,9544
no_attention,NoAttention,tp22_L5_p0p33,timepoint_mask,5.0,0.33,run1,oof_pooled,979,78.34525025536261,77.95629291558735,76.99782010920303,0.6426508281535871,82.83582089552239,75.0,76.03305785123968,"[[333, 63, 6], [79, 342, 35], [10, 19, 92]]",0.7614679512905212,5.296446409002251,138,25182
no_attention,NoAttention,tp22_L5_p0p33,timepoint_mask,5.0,0.33,run2,fold01,72,56.94444444444444,53.00392558457075,53.468867418142786,0.3190262147243699,55.55555555555556,67.74193548387096,35.714285714285715,"[[15, 9, 3], [5, 21, 5], [1, 8, 5]]",0.450662442972815,-0.255383919879225,4,606
no_attention,NoAttention,tp22_L5_p0p33,timepoint_mask,5.0,0.33,run2,fold02,71,60.56338028169014,63.90759777856552,60.547092547092554,0.4151538189819182,61.53846153846154,51.61290322580645,78.57142857142857,"[[16, 6, 4], [7, 16, 8], [1, 2, 11]]",0.5311845016741136,0.3350782597775269,3,411
no_attention,NoAttention,tp22_L5_p0p33,timepoint_mask,5.0,0.33,run2,fold03,71,56.33802816901409,51.74878884556304,51.7458781609725,0.30795014030702567,65.38461538461539,61.29032258064516,28.57142857142857,"[[17, 7, 2], [6, 19, 6], [4, 6, 4]]",0.46030156639400904,-0.9330440919688889,1,105
no_attention,NoAttention,tp22_L5_p0p33,timepoint_mask,5.0,0.33,run2,oof_pooled,214,57.943925233644855,56.19786501779153,55.97121717106135,0.34429180461132897,60.75949367088608,60.215053763440864,47.61904761904761,"[[48, 22, 9], [18, 56, 19], [6, 16, 20]]",0.48057573236859524,-0.28431409493874255,8,1122
no_attention,NoAttention,tp23_L5_p0p35,timepoint_mask,5.0,0.35,run1,fold01,327,77.06422018348624,76.40320541068725,75.40118401380428,0.6234593692658806,84.32835820895522,71.71052631578947,73.17073170731707,"[[113, 19, 2], [30, 109, 13], [2, 9, 30]]",0.7479231780719567,4.757719506797258,46,8497
no_attention,NoAttention,tp23_L5_p0p35,timepoint_mask,5.0,0.35,run1,fold02,326,77.60736196319019,76.44147682639435,76.19057597983388,0.6270149302295281,79.8507462686567,76.97368421052632,72.5,"[[107, 24, 3], [26, 117, 9], [4, 7, 29]]",0.7608558144380198,6.379027316849564,39,7151
no_attention,NoAttention,tp23_L5_p0p35,timepoint_mask,5.0,0.35,run1,fold03,326,80.3680981595092,81.04804922754649,79.75206756839896,0.6770068007281705,84.32835820895522,76.31578947368422,82.5,"[[113, 20, 1], [25, 116, 11], [4, 3, 33]]",0.7741815874549016,4.741860491052225,53,9542
no_attention,NoAttention,tp23_L5_p0p35,timepoint_mask,5.0,0.35,run1,oof_pooled,979,78.34525025536261,77.95629291558735,77.12422856490653,0.6423211094397362,82.83582089552239,75.0,76.03305785123968,"[[333, 63, 6], [81, 342, 33], [10, 19, 92]]",0.7609735160843945,5.292322476096718,138,25190
no_attention,NoAttention,tp23_L5_p0p35,timepoint_mask,5.0,0.35,run2,fold01,72,56.94444444444444,53.00392558457075,53.468867418142786,0.3190262147243699,55.55555555555556,67.74193548387096,35.714285714285715,"[[15, 9, 3], [5, 21, 5], [1, 8, 5]]",0.4507590126145702,-0.2542843333924086,4,610
no_attention,NoAttention,tp23_L5_p0p35,timepoint_mask,5.0,0.35,run2,fold02,71,60.56338028169014,63.90759777856552,60.547092547092554,0.4151538189819182,61.53846153846154,51.61290322580645,78.57142857142857,"[[16, 6, 4], [7, 16, 8], [1, 2, 11]]",0.5311706397955506,0.33154183728981135,3,415
no_attention,NoAttention,tp23_L5_p0p35,timepoint_mask,5.0,0.35,run2,fold03,71,56.33802816901409,51.74878884556304,51.7458781609725,0.30795014030702567,65.38461538461539,61.29032258064516,28.57142857142857,"[[17, 7, 2], [6, 19, 6], [4, 6, 4]]",0.4603015662061373,-0.9347506451459837,1,107
no_attention,NoAttention,tp23_L5_p0p35,timepoint_mask,5.0,0.35,run2,oof_pooled,214,57.943925233644855,56.19786501779153,55.97121717106135,0.34429180461132897,60.75949367088608,60.215053763440864,47.61904761904761,"[[48, 22, 9], [18, 56, 19], [6, 16, 20]]",0.48060362399237805,-0.28568363253290496,8,1132
no_attention,NoAttention,tp24_L5_p0p70,timepoint_mask,5.0,0.7,run1,fold01,327,76.75840978593273,76.18390716507322,74.98970049025667,0.6192532794113149,84.32835820895522,71.05263157894737,73.17073170731707,"[[113, 19, 2], [30, 108, 14], [2, 9, 30]]",0.7442017523667335,4.796977321420788,48,9105
no_attention,NoAttention,tp24_L5_p0p70,timepoint_mask,5.0,0.7,run1,fold02,326,77.91411042944786,76.66077507200838,77.05085612062356,0.6304479188482498,79.8507462686567,77.63157894736842,72.5,"[[107, 24, 3], [28, 118, 6], [4, 7, 29]]",0.7645462882503362,6.404409291005574,41,7282
no_attention,NoAttention,tp24_L5_p0p70,timepoint_mask,5.0,0.7,run1,fold03,326,80.67484662576688,81.2673474731605,80.41450208131869,0.6809189845312659,84.32835820895522,76.97368421052632,82.5,"[[113, 20, 1], [26, 117, 9], [4, 3, 33]]",0.7796958728291171,4.854143067480185,48,9027
no_attention,NoAttention,tp24_L5_p0p70,timepoint_mask,5.0,0.7,run1,oof_pooled,979,78.44739530132789,78.02939233079202,77.46578867133738,0.6432885463713761,82.83582089552239,75.21929824561403,76.03305785123968,"[[333, 63, 6], [84, 343, 29], [10, 19, 92]]",0.7627956256749986,5.351276458601588,137,25414
no_attention,NoAttention,tp24_L5_p0p70,timepoint_mask,5.0,0.7,run2,fold01,72,56.94444444444444,53.00392558457075,53.468867418142786,0.3190262147243699,55.55555555555556,67.74193548387096,35.714285714285715,"[[15, 9, 3], [5, 21, 5], [1, 8, 5]]",0.45183198356152665,-0.23143406994252771,4,669
no_attention,NoAttention,tp24_L5_p0p70,timepoint_mask,5.0,0.7,run2,fold02,71,60.56338028169014,63.90759777856552,60.547092547092554,0.4151538189819182,61.53846153846154,51.61290322580645,78.57142857142857,"[[16, 6, 4], [7, 16, 8], [1, 2, 11]]",0.5310772399514584,0.2825491295940518,3,485
no_attention,NoAttention,tp24_L5_p0p70,timepoint_mask,5.0,0.7,run2,fold03,71,56.33802816901409,51.74878884556304,51.674172104279634,0.3091314803497792,65.38461538461539,61.29032258064516,28.57142857142857,"[[17, 7, 2], [6, 19, 6], [5, 5, 4]]",0.45847490972958077,-0.9405912999850763,3,374
no_attention,NoAttention,tp24_L5_p0p70,timepoint_mask,5.0,0.7,run2,oof_pooled,214,57.943925233644855,56.19786501779153,55.9391309815758,0.3445241136942671,60.75949367088608,60.215053763440864,47.61904761904761,"[[48, 22, 9], [18, 56, 19], [7, 15, 20]]",0.4803275955316995,-0.2961880707178726,10,1528
no_conv,NoConv,clean,clean,,,run1,fold01,327,79.20489296636084,77.82046123681977,79.390186562109,0.6509524121737486,81.34328358208955,78.94736842105263,73.17073170731707,"[[109, 24, 1], [29, 120, 3], [5, 6, 30]]",0.7858868676917944,5.726373271543863,0,0
no_conv,NoConv,clean,clean,,,run1,fold02,326,80.06134969325154,78.89827179890023,78.65140888396702,0.667755761900005,82.08955223880598,79.60526315789474,75.0,"[[110, 22, 2], [22, 121, 9], [4, 6, 30]]",0.7663531010739734,3.6636659862942125,0,0
no_conv,NoConv,clean,clean,,,run1,fold03,326,77.60736196319019,80.15514532600157,76.45264363658288,0.6403712014169086,80.59701492537313,72.36842105263158,87.5,"[[108, 18, 8], [28, 110, 14], [0, 5, 35]]",0.7268645174507544,2.193382632901515,0,0
no_conv,NoConv,clean,clean,,,run1,oof_pooled,979,78.95812053115424,78.94312149561026,78.0672759638754,0.6519762827892167,81.34328358208955,76.97368421052632,78.51239669421489,"[[327, 64, 11], [79, 351, 26], [9, 17, 95]]",0.7597282424660654,3.8630458729853427,0,0
no_conv,NoConv,clean,clean,,,run2,fold01,72,55.55555555555556,57.151391022358766,54.93827160493828,0.3353881275042346,55.55555555555556,51.61290322580645,64.28571428571429,"[[15, 6, 6], [8, 16, 7], [4, 1, 9]]",0.45052776431354385,0.19327436306694937,0,0
no_conv,NoConv,clean,clean,,,run2,fold02,71,56.33802816901409,60.888573791799594,56.23083683234059,0.3663549852444777,65.38461538461539,38.70967741935484,78.57142857142857,"[[17, 6, 3], [9, 12, 10], [3, 0, 11]]",0.4691103002918533,0.1336632186520687,0,0
no_conv,NoConv,clean,clean,,,run2,fold03,71,54.929577464788736,51.50064988774666,50.483091787439605,0.3108593378795985,80.76923076923077,45.16129032258064,28.57142857142857,"[[21, 4, 1], [13, 14, 4], [8, 2, 4]]",0.43027720988636287,0.12742459747454965,0,0
no_conv,NoConv,clean,clean,,,run2,oof_pooled,214,55.60747663551402,56.4642516867915,54.638998759215426,0.33252990827619394,67.08860759493672,45.16129032258064,57.14285714285714,"[[53, 16, 10], [30, 42, 21], [15, 3, 24]]",0.4499743563234977,0.15164948170939374,0,0
no_conv,NoConv,tp01_L1_m0p69,timepoint_mask,1.0,-0.69,run1,fold01,327,78.89908256880734,77.60116299120571,78.90583229124779,0.6463688584704784,81.34328358208955,78.28947368421053,73.17073170731707,"[[109, 24, 1], [29, 119, 4], [5, 6, 30]]",0.784441060985242,5.7425282601187355,7,974
no_conv,NoConv,tp01_L1_m0p69,timepoint_mask,1.0,-0.69,run1,fold02,326,79.75460122699386,78.6789735532862,78.41829529406405,0.6628004462055131,82.08955223880598,78.94736842105263,75.0,"[[110, 22, 2], [23, 120, 9], [4, 6, 30]]",0.7639594383079913,3.6376054902886685,2,270
no_conv,NoConv,tp01_L1_m0p69,timepoint_mask,1.0,-0.69,run1,fold03,326,77.60736196319019,80.15514532600157,76.45264363658288,0.6403712014169086,80.59701492537313,72.36842105263158,87.5,"[[108, 18, 8], [28, 110, 14], [0, 5, 35]]",0.7257253181695402,2.1954132909972244,4,556
no_conv,NoConv,tp01_L1_m0p69,timepoint_mask,1.0,-0.69,run1,oof_pooled,979,78.75383043922369,78.7969226652009,77.84509607517194,0.6489127857880932,81.34328358208955,76.53508771929825,78.51239669421489,"[[327, 64, 11], [80, 349, 27], [9, 17, 95]]",0.7580689045493865,3.860440105983685,13,1800
no_conv,NoConv,tp01_L1_m0p69,timepoint_mask,1.0,-0.69,run2,fold01,72,55.55555555555556,57.151391022358766,54.93827160493828,0.3353881275042346,55.55555555555556,51.61290322580645,64.28571428571429,"[[15, 6, 6], [8, 16, 7], [4, 1, 9]]",0.44920117104912705,0.02459620862242042,10,1765
no_conv,NoConv,tp01_L1_m0p69,timepoint_mask,1.0,-0.69,run2,fold02,71,53.52112676056338,57.43235259364292,53.222099650671076,0.3196055183362228,65.38461538461539,35.483870967741936,71.42857142857143,"[[17, 6, 3], [10, 11, 10], [3, 1, 10]]",0.45121010234840825,-0.0780735032396837,5,905
no_conv,NoConv,tp01_L1_m0p69,timepoint_mask,1.0,-0.69,run2,fold03,71,53.52112676056338,50.425381070542365,49.21739130434783,0.29122763321146794,80.76923076923077,41.935483870967744,28.57142857142857,"[[21, 4, 1], [14, 13, 4], [8, 2, 4]]",0.4247728731011001,0.10029117416419929,4,711
no_conv,NoConv,tp01_L1_m0p69,timepoint_mask,1.0,-0.69,run2,oof_pooled,214,54.20560747663551,54.95375501500451,53.140708486995045,0.3107057382651363,67.08860759493672,43.01075268817204,54.761904761904766,"[[53, 16, 10], [32, 40, 21], [15, 4, 23]]",0.44176296996473013,0.015646643254462037,19,3381
no_conv,NoConv,tp02_L1_m0p15,timepoint_mask,1.0,-0.15,run1,fold01,327,78.89908256880734,77.60116299120571,78.90583229124779,0.6463688584704784,81.34328358208955,78.28947368421053,73.17073170731707,"[[109, 24, 1], [29, 119, 4], [5, 6, 30]]",0.783345377487587,5.686360314055503,2,215
no_conv,NoConv,tp02_L1_m0p15,timepoint_mask,1.0,-0.15,run1,fold02,326,79.75460122699386,78.6789735532862,78.41829529406405,0.6628004462055131,82.08955223880598,78.94736842105263,75.0,"[[110, 22, 2], [23, 120, 9], [4, 6, 30]]",0.7639811042556917,3.645682939928185,1,115
no_conv,NoConv,tp02_L1_m0p15,timepoint_mask,1.0,-0.15,run1,fold03,326,77.60736196319019,80.15514532600157,76.45264363658288,0.6403712014169086,80.59701492537313,72.36842105263158,87.5,"[[108, 18, 8], [28, 110, 14], [0, 5, 35]]",0.7268645174507544,2.193382632901515,0,0
no_conv,NoConv,tp02_L1_m0p15,timepoint_mask,1.0,-0.15,run1,oof_pooled,979,78.75383043922369,78.7969226652009,77.84509607517194,0.6489127857880932,81.34328358208955,76.53508771929825,78.51239669421489,"[[327, 64, 11], [80, 349, 27], [9, 17, 95]]",0.7580894904134242,3.843692747128326,3,330
no_conv,NoConv,tp02_L1_m0p15,timepoint_mask,1.0,-0.15,run2,fold01,72,55.55555555555556,57.151391022358766,54.93827160493828,0.3353881275042346,55.55555555555556,51.61290322580645,64.28571428571429,"[[15, 6, 6], [8, 16, 7], [4, 1, 9]]",0.4486101491262768,0.023634028692160636,8,1477
no_conv,NoConv,tp02_L1_m0p15,timepoint_mask,1.0,-0.15,run2,fold02,71,56.33802816901409,59.582890228051525,56.118043176866706,0.35504558670841607,65.38461538461539,41.935483870967744,71.42857142857143,"[[17, 6, 3], [9, 13, 9], [3, 1, 10]]",0.46643264117249245,0.08639485318161233,8,1254
no_conv,NoConv,tp02_L1_m0p15,timepoint_mask,1.0,-0.15,run2,fold03,71,53.52112676056338,50.425381070542365,49.21739130434783,0.29122763321146794,80.76923076923077,41.935483870967744,28.57142857142857,"[[21, 4, 1], [14, 13, 4], [8, 2, 4]]",0.4248575276472199,0.10047164422617307,4,698
no_conv,NoConv,tp02_L1_m0p15,timepoint_mask,1.0,-0.15,run2,oof_pooled,214,55.140186915887845,55.67060089314071,54.05505427214285,0.3227910263733714,67.08860759493672,45.16129032258064,54.761904761904766,"[[53, 16, 10], [31, 42, 20], [15, 4, 23]]",0.4466426762770631,0.0699493989803193,20,3429
no_conv,NoConv,tp03_L2_m0p57,timepoint_mask,2.0,-0.57,run1,fold01,327,74.31192660550458,74.28223133370375,74.48038073038073,0.5753642656978617,80.59701492537313,69.07894736842105,73.17073170731707,"[[108, 25, 1], [39, 105, 8], [5, 6, 30]]",0.7408870795833615,5.006758675412118,60,11216
no_conv,NoConv,tp03_L2_m0p57,timepoint_mask,2.0,-0.57,run1,fold02,326,77.30061349693251,76.92458758837391,75.76685468708033,0.6259190746413257,82.08955223880598,73.68421052631578,75.0,"[[110, 22, 2], [27, 112, 13], [4, 6, 30]]",0.7467530826649902,3.581489572410066,35,6274
no_conv,NoConv,tp03_L2_m0p57,timepoint_mask,2.0,-0.57,run1,fold03,326,75.76687116564416,78.83935585231737,74.69705294051892,0.6138868493061312,80.59701492537313,68.42105263157895,87.5,"[[108, 18, 8], [32, 104, 16], [0, 5, 35]]",0.7129899441872805,2.135968579447891,37,6978
no_conv,NoConv,tp03_L2_m0p57,timepoint_mask,2.0,-0.57,run1,oof_pooled,979,75.79162410623084,76.66722029983474,74.93053227513295,0.6044731333872411,81.09452736318407,70.39473684210526,78.51239669421489,"[[326, 65, 11], [98, 321, 37], [9, 17, 95]]",0.7335508700486205,3.5762016796378515,132,24468
no_conv,NoConv,tp03_L2_m0p57,timepoint_mask,2.0,-0.57,run2,fold01,72,54.166666666666664,56.07612220515447,53.71640937678674,0.3156643605414336,55.55555555555556,48.38709677419355,64.28571428571429,"[[15, 6, 6], [9, 15, 7], [4, 1, 9]]",0.436685046284563,0.06802926856067239,2,234
no_conv,NoConv,tp03_L2_m0p57,timepoint_mask,2.0,-0.57,run2,fold02,71,56.33802816901409,60.888573791799594,56.23083683234059,0.3663549852444777,65.38461538461539,38.70967741935484,78.57142857142857,"[[17, 6, 3], [9, 12, 10], [3, 0, 11]]",0.4690236821504641,0.12403517964125517,3,366
no_conv,NoConv,tp03_L2_m0p57,timepoint_mask,2.0,-0.57,run2,fold03,71,54.929577464788736,51.50064988774666,50.550724637681164,0.315131866688941,80.76923076923077,45.16129032258064,28.57142857142857,"[[21, 4, 1], [13, 14, 4], [9, 1, 4]]",0.4305796843056131,0.03668916156895879,2,265
no_conv,NoConv,tp03_L2_m0p57,timepoint_mask,2.0,-0.57,run2,oof_pooled,214,55.140186915887845,56.10582874772339,54.21659386616632,0.32704787272703617,67.08860759493672,44.086021505376344,57.14285714285714,"[[53, 16, 10], [31, 41, 21], [16, 2, 24]]",0.44538860911621503,0.07621278300137198,7,865
no_conv,NoConv,tp04_L2_m0p39,timepoint_mask,2.0,-0.39,run1,fold01,327,74.31192660550458,74.28223133370375,74.70911926569536,0.5749392001471847,80.59701492537313,69.07894736842105,73.17073170731707,"[[108, 25, 1], [40, 105, 7], [5, 6, 30]]",0.7408164182798297,4.993859625919879,59,10946
no_conv,NoConv,tp04_L2_m0p39,timepoint_mask,2.0,-0.39,run1,fold02,326,77.30061349693251,76.92458758837391,75.76685468708033,0.6259190746413257,82.08955223880598,73.68421052631578,75.0,"[[110, 22, 2], [27, 112, 13], [4, 6, 30]]",0.7461464134102477,3.5614638191939223,33,6052
no_conv,NoConv,tp04_L2_m0p39,timepoint_mask,2.0,-0.39,run1,fold03,326,75.76687116564416,78.83935585231737,74.69705294051892,0.6138868493061312,80.59701492537313,68.42105263157895,87.5,"[[108, 18, 8], [32, 104, 16], [0, 5, 35]]",0.7144047403279131,2.154822220077361,37,7087
no_conv,NoConv,tp04_L2_m0p39,timepoint_mask,2.0,-0.39,run1,oof_pooled,979,75.79162410623084,76.66722029983474,74.99061471666222,0.6042886850064513,81.09452736318407,70.39473684210526,78.51239669421489,"[[326, 65, 11], [99, 321, 36], [9, 17, 95]]",0.733796368637533,3.5715029075365052,129,24085
no_conv,NoConv,tp04_L2_m0p39,timepoint_mask,2.0,-0.39,run2,fold01,72,55.55555555555556,57.151391022358766,54.93827160493828,0.3353881275042346,55.55555555555556,51.61290322580645,64.28571428571429,"[[15, 6, 6], [8, 16, 7], [4, 1, 9]]",0.44851407530303633,0.15361741952882665,1,102
no_conv,NoConv,tp04_L2_m0p39,timepoint_mask,2.0,-0.39,run2,fold02,71,56.33802816901409,60.888573791799594,56.23083683234059,0.3663549852444777,65.38461538461539,38.70967741935484,78.57142857142857,"[[17, 6, 3], [9, 12, 10], [3, 0, 11]]",0.4688778963251108,0.1314596844653428,1,123
no_conv,NoConv,tp04_L2_m0p39,timepoint_mask,2.0,-0.39,run2,fold03,71,54.929577464788736,51.50064988774666,50.550724637681164,0.315131866688941,80.76923076923077,45.16129032258064,28.57142857142857,"[[21, 4, 1], [13, 14, 4], [9, 1, 4]]",0.43057228048523877,0.03684077899522659,2,229
no_conv,NoConv,tp04_L2_m0p39,timepoint_mask,2.0,-0.39,run2,oof_pooled,214,55.60747663551402,56.4642516867915,54.64568622151358,0.33343840783819406,67.08860759493672,45.16129032258064,57.14285714285714,"[[53, 16, 10], [30, 42, 21], [16, 2, 24]]",0.4493176447446422,0.10752236968119602,4,454
no_conv,NoConv,tp05_L2_p0p06,timepoint_mask,2.0,0.06,run1,fold01,327,73.70030581039755,73.87309281576712,74.0011332361988,0.5669814970647864,81.34328358208955,67.10526315789474,73.17073170731707,"[[109, 24, 1], [42, 102, 8], [5, 6, 30]]",0.7347303377985608,4.899868481202957,59,10862
no_conv,NoConv,tp05_L2_p0p06,timepoint_mask,2.0,0.06,run1,fold02,326,77.30061349693251,76.92458758837391,75.59058047683604,0.6264652863431559,82.08955223880598,73.68421052631578,75.0,"[[110, 22, 2], [26, 112, 14], [4, 6, 30]]",0.7457708344260533,3.553956745392386,29,5543
no_conv,NoConv,tp05_L2_p0p06,timepoint_mask,2.0,0.06,run1,fold03,326,75.15337423312883,78.40075936108929,74.35104005501115,0.6040446290205486,80.59701492537313,67.10526315789474,87.5,"[[108, 18, 8], [35, 102, 15], [0, 5, 35]]",0.7072953321104402,2.089193584523135,39,7399
no_conv,NoConv,tp05_L2_p0p06,timepoint_mask,2.0,0.06,run1,oof_pooled,979,75.38304392236977,76.3846419634465,74.60856831069398,0.5985120012225927,81.34328358208955,69.2982456140351,78.51239669421489,"[[327, 64, 11], [103, 316, 37], [9, 17, 95]]",0.7292710835046233,3.5157548528149403,127,23804
no_conv,NoConv,tp05_L2_p0p06,timepoint_mask,2.0,0.06,run2,fold01,72,55.55555555555556,57.151391022358766,54.93827160493828,0.3353881275042346,55.55555555555556,51.61290322580645,64.28571428571429,"[[15, 6, 6], [8, 16, 7], [4, 1, 9]]",0.4531548224751734,0.1974815157850066,6,910
no_conv,NoConv,tp05_L2_p0p06,timepoint_mask,2.0,0.06,run2,fold02,71,56.33802816901409,60.888573791799594,56.23083683234059,0.3663549852444777,65.38461538461539,38.70967741935484,78.57142857142857,"[[17, 6, 3], [9, 12, 10], [3, 0, 11]]",0.4698042385879534,0.09650845093731311,5,768
no_conv,NoConv,tp05_L2_p0p06,timepoint_mask,2.0,0.06,run2,fold03,71,54.929577464788736,51.50064988774666,50.483091787439605,0.3108593378795985,80.76923076923077,45.16129032258064,28.57142857142857,"[[21, 4, 1], [13, 14, 4], [8, 2, 4]]",0.4311242720610659,0.13078063085976935,2,298
no_conv,NoConv,tp05_L2_p0p06,timepoint_mask,2.0,0.06,run2,oof_pooled,214,55.60747663551402,56.4642516867915,54.638998759215426,0.33252990827619394,67.08860759493672,45.16129032258064,57.14285714285714,"[[53, 16, 10], [30, 42, 21], [15, 3, 24]]",0.45136949287052736,0.14185137357062302,13,1976
no_conv,NoConv,tp06_L2_p0p46,timepoint_mask,2.0,0.46,run1,fold01,327,73.39449541284404,73.6537945701531,73.32711651055523,0.5632283419951534,81.34328358208955,66.44736842105263,73.17073170731707,"[[109, 24, 1], [41, 101, 10], [5, 6, 30]]",0.7317795567813825,4.8558836260109866,58,10719
no_conv,NoConv,tp06_L2_p0p46,timepoint_mask,2.0,0.46,run1,fold02,326,77.30061349693251,76.92458758837391,75.95034837441031,0.6253919750887033,82.08955223880598,73.68421052631578,75.0,"[[110, 22, 2], [28, 112, 12], [4, 6, 30]]",0.7441081557558077,3.523675623321277,26,5007
no_conv,NoConv,tp06_L2_p0p46,timepoint_mask,2.0,0.46,run1,fold03,326,75.76687116564416,78.83935585231737,74.8419991000636,0.6131979424445299,80.59701492537313,68.42105263157895,87.5,"[[108, 18, 8], [33, 104, 15], [0, 5, 35]]",0.7101273049190737,2.1008490375900197,42,7767
no_conv,NoConv,tp06_L2_p0p46,timepoint_mask,2.0,0.46,run1,oof_pooled,979,75.48518896833504,76.45774137865118,74.68857190168666,0.6000624329462423,81.34328358208955,69.51754385964912,78.51239669421489,"[[327, 64, 11], [102, 317, 37], [9, 17, 95]]",0.728674847035264,3.494861067581895,126,23493
no_conv,NoConv,tp06_L2_p0p46,timepoint_mask,2.0,0.46,run2,fold01,72,55.55555555555556,57.151391022358766,54.93827160493828,0.3353881275042346,55.55555555555556,51.61290322580645,64.28571428571429,"[[15, 6, 6], [8, 16, 7], [4, 1, 9]]",0.45388284809370005,0.20049570062999716,6,1290
no_conv,NoConv,tp06_L2_p0p46,timepoint_mask,2.0,0.46,run2,fold02,71,56.33802816901409,60.888573791799594,56.23083683234059,0.3663549852444777,65.38461538461539,38.70967741935484,78.57142857142857,"[[17, 6, 3], [9, 12, 10], [3, 0, 11]]",0.47108146649662225,0.11844187043607232,5,888
no_conv,NoConv,tp06_L2_p0p46,timepoint_mask,2.0,0.46,run2,fold03,71,54.929577464788736,51.50064988774666,50.483091787439605,0.3108593378795985,80.76923076923077,45.16129032258064,28.57142857142857,"[[21, 4, 1], [13, 14, 4], [8, 2, 4]]",0.43133656659596403,0.13160449874744765,2,298
no_conv,NoConv,tp06_L2_p0p46,timepoint_mask,2.0,0.46,run2,oof_pooled,214,55.60747663551402,56.4642516867915,54.638998759215426,0.33252990827619394,67.08860759493672,45.16129032258064,57.14285714285714,"[[53, 16, 10], [30, 42, 21], [15, 3, 24]]",0.4521086234220562,0.1504158068102323,13,2476
no_conv,NoConv,tp07_L2_p0p82,timepoint_mask,2.0,0.82,run1,fold01,327,73.70030581039755,73.87309281576712,73.56538735575148,0.5678432231973659,81.34328358208955,67.10526315789474,73.17073170731707,"[[109, 24, 1], [40, 102, 10], [5, 6, 30]]",0.7360430585797333,4.891410756503041,55,10184
no_conv,NoConv,tp07_L2_p0p82,timepoint_mask,2.0,0.82,run1,fold02,326,77.30061349693251,76.92458758837391,76.14128935503649,0.6248841149120002,82.08955223880598,73.68421052631578,75.0,"[[110, 22, 2], [29, 112, 11], [4, 6, 30]]",0.7458171613626546,3.531482903846751,25,4835
no_conv,NoConv,tp07_L2_p0p82,timepoint_mask,2.0,0.82,run1,fold03,326,75.15337423312883,78.40075936108929,74.66074363055264,0.6027326549086243,80.59701492537313,67.10526315789474,87.5,"[[108, 18, 8], [37, 102, 13], [0, 5, 35]]",0.7023956245131469,2.032553014282617,45,8098
no_conv,NoConv,tp07_L2_p0p82,timepoint_mask,2.0,0.82,run1,oof_pooled,979,75.38304392236977,76.3846419634465,74.79217616472916,0.5979742988714124,81.34328358208955,69.2982456140351,78.51239669421489,"[[327, 64, 11], [106, 316, 34], [9, 17, 95]]",0.7280934099602493,3.486585318372491,125,23117
no_conv,NoConv,tp07_L2_p0p82,timepoint_mask,2.0,0.82,run2,fold01,72,55.55555555555556,57.151391022358766,54.93827160493828,0.3353881275042346,55.55555555555556,51.61290322580645,64.28571428571429,"[[15, 6, 6], [8, 16, 7], [4, 1, 9]]",0.45585677718433243,0.26362649120468024,8,1694
no_conv,NoConv,tp07_L2_p0p82,timepoint_mask,2.0,0.82,run2,fold02,71,56.33802816901409,60.888573791799594,56.23083683234059,0.3663549852444777,65.38461538461539,38.70967741935484,78.57142857142857,"[[17, 6, 3], [9, 12, 10], [3, 0, 11]]",0.4701391960900758,0.09050493333226359,5,953
no_conv,NoConv,tp07_L2_p0p82,timepoint_mask,2.0,0.82,run2,fold03,71,54.929577464788736,51.50064988774666,50.483091787439605,0.3108593378795985,80.76923076923077,45.16129032258064,28.57142857142857,"[[21, 4, 1], [13, 14, 4], [8, 2, 4]]",0.4328393209987963,0.1476401916449286,3,447
no_conv,NoConv,tp07_L2_p0p82,timepoint_mask,2.0,0.82,run2,oof_pooled,214,55.60747663551402,56.4642516867915,54.638998759215426,0.33252990827619394,67.08860759493672,45.16129032258064,57.14285714285714,"[[53, 16, 10], [30, 42, 21], [15, 3, 24]]",0.4529587040681395,0.16770752915942816,16,3094
no_conv,NoConv,tp08_L3_m0p08,timepoint_mask,3.0,-0.08,run1,fold01,327,79.20489296636084,77.82046123681977,79.390186562109,0.6509524121737486,81.34328358208955,78.94736842105263,73.17073170731707,"[[109, 24, 1], [29, 120, 3], [5, 6, 30]]",0.7858868676917944,5.726373271543863,0,0
no_conv,NoConv,tp08_L3_m0p08,timepoint_mask,3.0,-0.08,run1,fold02,326,80.06134969325154,78.89827179890023,78.65140888396702,0.667755761900005,82.08955223880598,79.60526315789474,75.0,"[[110, 22, 2], [22, 121, 9], [4, 6, 30]]",0.7663531010739734,3.6636659862942125,0,0
no_conv,NoConv,tp08_L3_m0p08,timepoint_mask,3.0,-0.08,run1,fold03,326,77.60736196319019,80.15514532600157,76.45264363658288,0.6403712014169086,80.59701492537313,72.36842105263158,87.5,"[[108, 18, 8], [28, 110, 14], [0, 5, 35]]",0.7268645174507544,2.193382632901515,0,0
no_conv,NoConv,tp08_L3_m0p08,timepoint_mask,3.0,-0.08,run1,oof_pooled,979,78.95812053115424,78.94312149561026,78.0672759638754,0.6519762827892167,81.34328358208955,76.97368421052632,78.51239669421489,"[[327, 64, 11], [79, 351, 26], [9, 17, 95]]",0.7597282424660654,3.8630458729853427,0,0
no_conv,NoConv,tp08_L3_m0p08,timepoint_mask,3.0,-0.08,run2,fold01,72,55.55555555555556,57.151391022358766,54.93827160493828,0.3353881275042346,55.55555555555556,51.61290322580645,64.28571428571429,"[[15, 6, 6], [8, 16, 7], [4, 1, 9]]",0.4481330417200095,0.15648220564212856,1,200
no_conv,NoConv,tp08_L3_m0p08,timepoint_mask,3.0,-0.08,run2,fold02,71,57.74647887323944,61.96384260900389,57.759213759213765,0.3823726893835734,65.38461538461539,41.935483870967744,78.57142857142857,"[[17, 6, 3], [9, 13, 9], [3, 0, 11]]",0.4796086267210323,0.19813493862223455,1,138
no_conv,NoConv,tp08_L3_m0p08,timepoint_mask,3.0,-0.08,run2,fold03,71,54.929577464788736,51.50064988774666,50.438443235328364,0.30689344427152976,80.76923076923077,45.16129032258064,28.57142857142857,"[[21, 4, 1], [13, 14, 4], [7, 3, 4]]",0.428379377011418,0.034627732830646796,1,103
no_conv,NoConv,tp08_L3_m0p08,timepoint_mask,3.0,-0.08,run2,oof_pooled,214,56.074766355140184,56.822674625859605,55.118492618492624,0.3372957626698638,67.08860759493672,46.236559139784944,57.14285714285714,"[[53, 16, 10], [30, 43, 20], [14, 4, 24]]",0.45202209004133015,0.12987321719340109,3,441
no_conv,NoConv,tp09_L3_p0p42,timepoint_mask,3.0,0.42,run1,fold01,327,79.20489296636084,77.82046123681977,79.390186562109,0.6509524121737486,81.34328358208955,78.94736842105263,73.17073170731707,"[[109, 24, 1], [29, 120, 3], [5, 6, 30]]",0.7858868676917944,5.726373271543863,0,0
no_conv,NoConv,tp09_L3_p0p42,timepoint_mask,3.0,0.42,run1,fold02,326,80.06134969325154,78.89827179890023,78.65140888396702,0.667755761900005,82.08955223880598,79.60526315789474,75.0,"[[110, 22, 2], [22, 121, 9], [4, 6, 30]]",0.7663531010739734,3.6636659862942125,0,0
no_conv,NoConv,tp09_L3_p0p42,timepoint_mask,3.0,0.42,run1,fold03,326,77.60736196319019,80.15514532600157,76.45264363658288,0.6403712014169086,80.59701492537313,72.36842105263158,87.5,"[[108, 18, 8], [28, 110, 14], [0, 5, 35]]",0.7268645174507544,2.193382632901515,0,0
no_conv,NoConv,tp09_L3_p0p42,timepoint_mask,3.0,0.42,run1,oof_pooled,979,78.95812053115424,78.94312149561026,78.0672759638754,0.6519762827892167,81.34328358208955,76.97368421052632,78.51239669421489,"[[327, 64, 11], [79, 351, 26], [9, 17, 95]]",0.7597282424660654,3.8630458729853427,0,0
no_conv,NoConv,tp09_L3_p0p42,timepoint_mask,3.0,0.42,run2,fold01,72,55.55555555555556,57.151391022358766,54.93827160493828,0.3353881275042346,55.55555555555556,51.61290322580645,64.28571428571429,"[[15, 6, 6], [8, 16, 7], [4, 1, 9]]",0.45052776431354385,0.19327436306694937,0,0
no_conv,NoConv,tp09_L3_p0p42,timepoint_mask,3.0,0.42,run2,fold02,71,56.33802816901409,60.888573791799594,56.23083683234059,0.3663549852444777,65.38461538461539,38.70967741935484,78.57142857142857,"[[17, 6, 3], [9, 12, 10], [3, 0, 11]]",0.4691103002918533,0.1336632186520687,0,0
no_conv,NoConv,tp09_L3_p0p42,timepoint_mask,3.0,0.42,run2,fold03,71,54.929577464788736,51.50064988774666,50.483091787439605,0.3108593378795985,80.76923076923077,45.16129032258064,28.57142857142857,"[[21, 4, 1], [13, 14, 4], [8, 2, 4]]",0.43027720988636287,0.12742459747454965,0,0
no_conv,NoConv,tp09_L3_p0p42,timepoint_mask,3.0,0.42,run2,oof_pooled,214,55.60747663551402,56.4642516867915,54.638998759215426,0.33252990827619394,67.08860759493672,45.16129032258064,57.14285714285714,"[[53, 16, 10], [30, 42, 21], [15, 3, 24]]",0.4499743563234977,0.15164948170939374,0,0
no_conv,NoConv,tp10_L3_p0p65,timepoint_mask,3.0,0.65,run1,fold01,327,79.20489296636084,77.82046123681977,79.390186562109,0.6509524121737486,81.34328358208955,78.94736842105263,73.17073170731707,"[[109, 24, 1], [29, 120, 3], [5, 6, 30]]",0.7858868676917944,5.726373271543863,0,0
no_conv,NoConv,tp10_L3_p0p65,timepoint_mask,3.0,0.65,run1,fold02,326,80.06134969325154,78.89827179890023,78.65140888396702,0.667755761900005,82.08955223880598,79.60526315789474,75.0,"[[110, 22, 2], [22, 121, 9], [4, 6, 30]]",0.7663531010739734,3.6636659862942125,0,0
no_conv,NoConv,tp10_L3_p0p65,timepoint_mask,3.0,0.65,run1,fold03,326,77.60736196319019,80.15514532600157,76.45264363658288,0.6403712014169086,80.59701492537313,72.36842105263158,87.5,"[[108, 18, 8], [28, 110, 14], [0, 5, 35]]",0.7268645174507544,2.193382632901515,0,0
no_conv,NoConv,tp10_L3_p0p65,timepoint_mask,3.0,0.65,run1,oof_pooled,979,78.95812053115424,78.94312149561026,78.0672759638754,0.6519762827892167,81.34328358208955,76.97368421052632,78.51239669421489,"[[327, 64, 11], [79, 351, 26], [9, 17, 95]]",0.7597282424660654,3.8630458729853427,0,0
no_conv,NoConv,tp10_L3_p0p65,timepoint_mask,3.0,0.65,run2,fold01,72,55.55555555555556,57.151391022358766,54.93827160493828,0.3353881275042346,55.55555555555556,51.61290322580645,64.28571428571429,"[[15, 6, 6], [8, 16, 7], [4, 1, 9]]",0.45052776431354385,0.19327436306694937,0,0
no_conv,NoConv,tp10_L3_p0p65,timepoint_mask,3.0,0.65,run2,fold02,71,56.33802816901409,60.888573791799594,56.23083683234059,0.3663549852444777,65.38461538461539,38.70967741935484,78.57142857142857,"[[17, 6, 3], [9, 12, 10], [3, 0, 11]]",0.4691103002918533,0.1336632186520687,0,0
no_conv,NoConv,tp10_L3_p0p65,timepoint_mask,3.0,0.65,run2,fold03,71,54.929577464788736,51.50064988774666,50.483091787439605,0.3108593378795985,80.76923076923077,45.16129032258064,28.57142857142857,"[[21, 4, 1], [13, 14, 4], [8, 2, 4]]",0.43027720988636287,0.12742459747454965,0,0
no_conv,NoConv,tp10_L3_p0p65,timepoint_mask,3.0,0.65,run2,oof_pooled,214,55.60747663551402,56.4642516867915,54.638998759215426,0.33252990827619394,67.08860759493672,45.16129032258064,57.14285714285714,"[[53, 16, 10], [30, 42, 21], [15, 3, 24]]",0.4499743563234977,0.15164948170939374,0,0
no_conv,NoConv,tp11_L3_p0p95,timepoint_mask,3.0,0.95,run1,fold01,327,79.20489296636084,77.82046123681977,79.390186562109,0.6509524121737486,81.34328358208955,78.94736842105263,73.17073170731707,"[[109, 24, 1], [29, 120, 3], [5, 6, 30]]",0.7858868676917944,5.726373271543863,0,0
no_conv,NoConv,tp11_L3_p0p95,timepoint_mask,3.0,0.95,run1,fold02,326,80.06134969325154,78.89827179890023,78.65140888396702,0.667755761900005,82.08955223880598,79.60526315789474,75.0,"[[110, 22, 2], [22, 121, 9], [4, 6, 30]]",0.7661305494432892,3.6607860689925635,1,108
no_conv,NoConv,tp11_L3_p0p95,timepoint_mask,3.0,0.95,run1,fold03,326,77.91411042944786,80.9884786593349,76.97805882916548,0.6463632153530965,80.59701492537313,72.36842105263158,90.0,"[[108, 18, 8], [28, 110, 14], [0, 4, 36]]",0.728838324016919,2.2094346265897062,1,103
no_conv,NoConv,tp11_L3_p0p95,timepoint_mask,3.0,0.95,run1,oof_pooled,979,79.06026557711951,79.21860358927417,78.26089668178145,0.653913089051859,81.34328358208955,76.97368421052632,79.33884297520662,"[[327, 64, 11], [79, 351, 26], [9, 16, 96]]",0.7603113978378392,3.8674320802396966,2,211
no_conv,NoConv,tp11_L3_p0p95,timepoint_mask,3.0,0.95,run2,fold01,72,55.55555555555556,57.151391022358766,54.93827160493828,0.3353881275042346,55.55555555555556,51.61290322580645,64.28571428571429,"[[15, 6, 6], [8, 16, 7], [4, 1, 9]]",0.45052776431354385,0.19327436306694937,0,0
no_conv,NoConv,tp11_L3_p0p95,timepoint_mask,3.0,0.95,run2,fold02,71,56.33802816901409,60.888573791799594,56.23083683234059,0.3663549852444777,65.38461538461539,38.70967741935484,78.57142857142857,"[[17, 6, 3], [9, 12, 10], [3, 0, 11]]",0.4691103002918533,0.1336632186520687,0,0
no_conv,NoConv,tp11_L3_p0p95,timepoint_mask,3.0,0.95,run2,fold03,71,54.929577464788736,51.50064988774666,50.483091787439605,0.3108593378795985,80.76923076923077,45.16129032258064,28.57142857142857,"[[21, 4, 1], [13, 14, 4], [8, 2, 4]]",0.43027720988636287,0.12742459747454965,0,0
no_conv,NoConv,tp11_L3_p0p95,timepoint_mask,3.0,0.95,run2,oof_pooled,214,55.60747663551402,56.4642516867915,54.638998759215426,0.33252990827619394,67.08860759493672,45.16129032258064,57.14285714285714,"[[53, 16, 10], [30, 42, 21], [15, 3, 24]]",0.4499743563234977,0.15164948170939374,0,0
no_conv,NoConv,tp12_L4_m0p56,timepoint_mask,4.0,-0.56,run1,fold01,327,77.67584097859327,76.72397000874959,77.05557176668934,0.6281663939333944,81.34328358208955,75.6578947368421,73.17073170731707,"[[109, 24, 1], [29, 115, 8], [4, 7, 30]]",0.7699203433903139,5.657531642061673,37,6464
no_conv,NoConv,tp12_L4_m0p56,timepoint_mask,4.0,-0.56,run1,fold02,326,77.30061349693251,76.92458758837391,76.33991704064078,0.6243956283122833,82.08955223880598,73.68421052631578,75.0,"[[110, 22, 2], [30, 112, 10], [4, 6, 30]]",0.7451751363999726,3.5465549220062473,41,7697
no_conv,NoConv,tp12_L4_m0p56,timepoint_mask,4.0,-0.56,run1,fold03,326,74.23312883435584,77.74286462424719,73.4630664228027,0.5911037404787228,80.59701492537313,65.13157894736842,87.5,"[[108, 18, 8], [37, 99, 16], [0, 5, 35]]",0.703387691166248,2.0323432073042804,32,5591
no_conv,NoConv,tp12_L4_m0p56,timepoint_mask,4.0,-0.56,run1,oof_pooled,979,76.40449438202246,77.1156361154933,75.59043413022935,0.6134370412812128,81.34328358208955,71.49122807017544,78.51239669421489,"[[327, 64, 11], [96, 326, 34], [8, 18, 95]]",0.739525468922595,3.747429659968742,110,19752
no_conv,NoConv,tp12_L4_m0p56,timepoint_mask,4.0,-0.56,run2,fold01,72,56.94444444444444,58.38595892359333,56.18639222412808,0.3584663077334924,59.25925925925925,51.61290322580645,64.28571428571429,"[[16, 5, 6], [8, 16, 7], [4, 1, 9]]",0.459469374967739,0.2618806620852815,1,126
no_conv,NoConv,tp12_L4_m0p56,timepoint_mask,4.0,-0.56,run2,fold02,71,56.33802816901409,60.888573791799594,56.23083683234059,0.3663549852444777,65.38461538461539,38.70967741935484,78.57142857142857,"[[17, 6, 3], [9, 12, 10], [3, 0, 11]]",0.4691103002918533,0.1336632186520687,0,0
no_conv,NoConv,tp12_L4_m0p56,timepoint_mask,4.0,-0.56,run2,fold03,71,56.33802816901409,52.78270116979794,51.51690821256039,0.3390361001664141,84.61538461538461,45.16129032258064,28.57142857142857,"[[22, 3, 1], [13, 14, 4], [8, 2, 4]]",0.43658605217933655,0.1560450082900606,2,231
no_conv,NoConv,tp12_L4_m0p56,timepoint_mask,4.0,-0.56,run2,oof_pooled,214,56.54205607476636,57.308133543331586,55.40006931456385,0.34902220389299715,69.62025316455697,45.16129032258064,57.14285714285714,"[[55, 14, 10], [30, 42, 21], [15, 3, 24]]",0.4550758692669705,0.18422753169640863,3,357
no_conv,NoConv,tp13_L4_m0p55,timepoint_mask,4.0,-0.55,run1,fold01,327,77.37003058103976,76.50467176313555,76.82267925950235,0.6233133804911456,81.34328358208955,75.0,73.17073170731707,"[[109, 24, 1], [30, 114, 8], [4, 7, 30]]",0.7683226005924058,5.668804050129853,37,6464
no_conv,NoConv,tp13_L4_m0p55,timepoint_mask,4.0,-0.55,run1,fold02,326,77.30061349693251,76.92458758837391,76.54648314539315,0.6239266566354555,82.08955223880598,73.68421052631578,75.0,"[[110, 22, 2], [31, 112, 9], [4, 6, 30]]",0.7448373917279479,3.5308161882992173,41,7700
no_conv,NoConv,tp13_L4_m0p55,timepoint_mask,4.0,-0.55,run1,fold03,326,74.23312883435584,77.74286462424719,73.4630664228027,0.5911037404787228,80.59701492537313,65.13157894736842,87.5,"[[108, 18, 8], [37, 99, 16], [0, 5, 35]]",0.7033199710652527,2.0288783206027343,32,5586
no_conv,NoConv,tp13_L4_m0p55,timepoint_mask,4.0,-0.55,run1,oof_pooled,979,76.30234933605719,77.04253670028862,75.57297740733881,0.6116898212299415,81.34328358208955,71.27192982456141,78.51239669421489,"[[327, 64, 11], [98, 325, 33], [8, 18, 95]]",0.7388567831096018,3.7448001371751767,110,19750
no_conv,NoConv,tp13_L4_m0p55,timepoint_mask,4.0,-0.55,run2,fold01,72,56.94444444444444,58.38595892359333,56.18639222412808,0.3584663077334924,59.25925925925925,51.61290322580645,64.28571428571429,"[[16, 5, 6], [8, 16, 7], [4, 1, 9]]",0.45946921353849274,0.26185802846319145,1,125
no_conv,NoConv,tp13_L4_m0p55,timepoint_mask,4.0,-0.55,run2,fold02,71,56.33802816901409,60.888573791799594,56.23083683234059,0.3663549852444777,65.38461538461539,38.70967741935484,78.57142857142857,"[[17, 6, 3], [9, 12, 10], [3, 0, 11]]",0.4691103002918533,0.1336632186520687,0,0
no_conv,NoConv,tp13_L4_m0p55,timepoint_mask,4.0,-0.55,run2,fold03,71,56.33802816901409,52.78270116979794,51.51690821256039,0.3390361001664141,84.61538461538461,45.16129032258064,28.57142857142857,"[[22, 3, 1], [13, 14, 4], [8, 2, 4]]",0.4365820057795081,0.1560318285277979,2,229
no_conv,NoConv,tp13_L4_m0p55,timepoint_mask,4.0,-0.55,run2,oof_pooled,214,56.54205607476636,57.308133543331586,55.40006931456385,0.34902220389299715,69.62025316455697,45.16129032258064,57.14285714285714,"[[55, 14, 10], [30, 42, 21], [15, 3, 24]]",0.4550744724571876,0.18421554392112297,3,354
no_conv,NoConv,tp14_L5_p0p00,timepoint_mask,5.0,0.0,run1,fold01,327,78.2874617737003,77.16256649997763,77.96143583304156,0.6373183053729209,81.34328358208955,76.97368421052632,73.17073170731707,"[[109, 24, 1], [29, 117, 6], [5, 6, 30]]",0.7786426224811737,5.821388238955528,39,7896
no_conv,NoConv,tp14_L5_p0p00,timepoint_mask,5.0,0.0,run1,fold02,326,79.75460122699386,78.6789735532862,78.41829529406405,0.6628004462055131,82.08955223880598,78.94736842105263,75.0,"[[110, 22, 2], [23, 120, 9], [4, 6, 30]]",0.7664411345062575,3.8508108708996076,40,7123
no_conv,NoConv,tp14_L5_p0p00,timepoint_mask,5.0,0.0,run1,fold03,326,75.15337423312883,78.40075936108929,74.06388797724539,0.6054259668672445,80.59701492537313,67.10526315789474,87.5,"[[108, 18, 8], [33, 102, 17], [0, 5, 35]]",0.7165756618326506,2.2198727579067454,54,9609
no_conv,NoConv,tp14_L5_p0p00,timepoint_mask,5.0,0.0,run1,oof_pooled,979,77.732379979571,78.06592851315412,76.7405680761429,0.6337447944222632,81.34328358208955,74.3421052631579,78.51239669421489,"[[327, 64, 11], [85, 339, 32], [9, 17, 95]]",0.7539117601203553,3.9659211615212757,133,24628
no_conv,NoConv,tp14_L5_p0p00,timepoint_mask,5.0,0.0,run2,fold01,72,55.55555555555556,57.151391022358766,54.93827160493828,0.3353881275042346,55.55555555555556,51.61290322580645,64.28571428571429,"[[15, 6, 6], [8, 16, 7], [4, 1, 9]]",0.4498829405703064,0.1882412226857721,2,400
no_conv,NoConv,tp14_L5_p0p00,timepoint_mask,5.0,0.0,run2,fold02,71,54.929577464788736,58.50762141084722,54.62407862407862,0.33879570552124,65.38461538461539,38.70967741935484,71.42857142857143,"[[17, 6, 3], [9, 12, 10], [3, 1, 10]]",0.4614806172604807,0.07020574894694373,1,191
no_conv,NoConv,tp14_L5_p0p00,timepoint_mask,5.0,0.0,run2,fold03,71,54.929577464788736,51.50064988774666,50.483091787439605,0.3108593378795985,80.76923076923077,45.16129032258064,28.57142857142857,"[[21, 4, 1], [13, 14, 4], [8, 2, 4]]",0.43027720988636287,0.12742459747454965,0,0
no_conv,NoConv,tp14_L5_p0p00,timepoint_mask,5.0,0.0,run2,oof_pooled,214,55.140186915887845,55.67060089314071,53.999073567827,0.32356049243664614,67.08860759493672,45.16129032258064,54.761904761904766,"[[53, 16, 10], [30, 42, 21], [15, 4, 23]]",0.44722606284340166,0.1289024421929982,3,591
no_conv,NoConv,tp15_L5_p0p04,timepoint_mask,5.0,0.04,run1,fold01,327,78.2874617737003,77.16256649997763,77.96143583304156,0.6373183053729209,81.34328358208955,76.97368421052632,73.17073170731707,"[[109, 24, 1], [29, 117, 6], [5, 6, 30]]",0.7781525555747232,5.846911576818618,42,8191
no_conv,NoConv,tp15_L5_p0p04,timepoint_mask,5.0,0.04,run1,fold02,326,79.4478527607362,78.45967530767216,78.18502974086948,0.6578675900715941,82.08955223880598,78.28947368421053,75.0,"[[110, 22, 2], [24, 119, 9], [4, 6, 30]]",0.7614206764592375,3.764763287691388,40,7119
no_conv,NoConv,tp15_L5_p0p04,timepoint_mask,5.0,0.04,run1,fold03,326,75.15337423312883,78.40075936108929,74.06388797724539,0.6054259668672445,80.59701492537313,67.10526315789474,87.5,"[[108, 18, 8], [33, 102, 17], [0, 5, 35]]",0.7146655905221255,2.203162605205745,54,9599
no_conv,NoConv,tp15_L5_p0p04,timepoint_mask,5.0,0.04,run1,oof_pooled,979,77.63023493360572,77.99282909794944,76.66171608501706,0.6321520689309067,81.34328358208955,74.12280701754386,78.51239669421489,"[[327, 64, 11], [86, 338, 32], [9, 17, 95]]",0.7514402540437782,3.940228730034886,136,24909
no_conv,NoConv,tp15_L5_p0p04,timepoint_mask,5.0,0.04,run2,fold01,72,55.55555555555556,57.151391022358766,54.93827160493828,0.3353881275042346,55.55555555555556,51.61290322580645,64.28571428571429,"[[15, 6, 6], [8, 16, 7], [4, 1, 9]]",0.45000012495761943,0.1889401558566735,2,400
no_conv,NoConv,tp15_L5_p0p04,timepoint_mask,5.0,0.04,run2,fold02,71,54.929577464788736,58.50762141084722,54.62407862407862,0.33879570552124,65.38461538461539,38.70967741935484,71.42857142857143,"[[17, 6, 3], [9, 12, 10], [3, 1, 10]]",0.46148342723121216,0.07034131761273026,1,195
no_conv,NoConv,tp15_L5_p0p04,timepoint_mask,5.0,0.04,run2,fold03,71,54.929577464788736,51.50064988774666,50.483091787439605,0.3108593378795985,80.76923076923077,45.16129032258064,28.57142857142857,"[[21, 4, 1], [13, 14, 4], [8, 2, 4]]",0.43027720988636287,0.12742459747454965,0,0
no_conv,NoConv,tp15_L5_p0p04,timepoint_mask,5.0,0.04,run2,oof_pooled,214,55.140186915887845,55.67060089314071,53.999073567827,0.32356049243664614,67.08860759493672,45.16129032258064,54.761904761904766,"[[53, 16, 10], [30, 42, 21], [15, 4, 23]]",0.44726642164624497,0.12918257566765126,3,595
no_conv,NoConv,tp16_L5_p0p05,timepoint_mask,5.0,0.05,run1,fold01,327,78.2874617737003,77.16256649997763,77.96143583304156,0.6373183053729209,81.34328358208955,76.97368421052632,73.17073170731707,"[[109, 24, 1], [29, 117, 6], [5, 6, 30]]",0.7783897930219824,5.851459891652113,42,8191
no_conv,NoConv,tp16_L5_p0p05,timepoint_mask,5.0,0.05,run1,fold02,326,79.4478527607362,78.45967530767216,78.18502974086948,0.6578675900715941,82.08955223880598,78.28947368421053,75.0,"[[110, 22, 2], [24, 119, 9], [4, 6, 30]]",0.7621501878120558,3.776370884524944,40,7119
no_conv,NoConv,tp16_L5_p0p05,timepoint_mask,5.0,0.05,run1,fold03,326,75.4601226993865,78.62005760670331,74.45108155899524,0.6092986773651929,80.59701492537313,67.76315789473685,87.5,"[[108, 18, 8], [33, 103, 16], [0, 5, 35]]",0.7150861267378519,2.206576528541881,54,9597
no_conv,NoConv,tp16_L5_p0p05,timepoint_mask,5.0,0.05,run1,oof_pooled,979,77.732379979571,78.06592851315412,76.80320105517357,0.6335675501773074,81.34328358208955,74.3421052631579,78.51239669421489,"[[327, 64, 11], [86, 339, 31], [9, 17, 95]]",0.7519024523610399,3.946749991041906,136,24907
no_conv,NoConv,tp16_L5_p0p05,timepoint_mask,5.0,0.05,run2,fold01,72,55.55555555555556,57.151391022358766,54.93827160493828,0.3353881275042346,55.55555555555556,51.61290322580645,64.28571428571429,"[[15, 6, 6], [8, 16, 7], [4, 1, 9]]",0.4489890066648109,0.18345415014644256,2,400
no_conv,NoConv,tp16_L5_p0p05,timepoint_mask,5.0,0.05,run2,fold02,71,54.929577464788736,58.50762141084722,54.62407862407862,0.33879570552124,65.38461538461539,38.70967741935484,71.42857142857143,"[[17, 6, 3], [9, 12, 10], [3, 1, 10]]",0.4614836747793759,0.07035319656658338,1,196
no_conv,NoConv,tp16_L5_p0p05,timepoint_mask,5.0,0.05,run2,fold03,71,54.929577464788736,51.50064988774666,50.483091787439605,0.3108593378795985,80.76923076923077,45.16129032258064,28.57142857142857,"[[21, 4, 1], [13, 14, 4], [8, 2, 4]]",0.43027720988636287,0.12742459747454965,0,0
no_conv,NoConv,tp16_L5_p0p05,timepoint_mask,5.0,0.05,run2,oof_pooled,214,55.140186915887845,55.67060089314071,53.999073567827,0.32356049243664614,67.08860759493672,45.16129032258064,54.761904761904766,"[[53, 16, 10], [30, 42, 21], [15, 4, 23]]",0.44692631444455067,0.12734075788534724,3,596
no_conv,NoConv,tp17_L5_p0p06,timepoint_mask,5.0,0.06,run1,fold01,327,78.2874617737003,77.16256649997763,77.96143583304156,0.6373183053729209,81.34328358208955,76.97368421052632,73.17073170731707,"[[109, 24, 1], [29, 117, 6], [5, 6, 30]]",0.7779434390571639,5.844087546981803,42,8190
no_conv,NoConv,tp17_L5_p0p06,timepoint_mask,5.0,0.06,run1,fold02,326,79.4478527607362,78.45967530767216,78.18502974086948,0.6578675900715941,82.08955223880598,78.28947368421053,75.0,"[[110, 22, 2], [24, 119, 9], [4, 6, 30]]",0.7619882907960662,3.783024156666104,40,7119
no_conv,NoConv,tp17_L5_p0p06,timepoint_mask,5.0,0.06,run1,fold03,326,75.4601226993865,78.62005760670331,74.45108155899524,0.6092986773651929,80.59701492537313,67.76315789473685,87.5,"[[108, 18, 8], [33, 103, 16], [0, 5, 35]]",0.7154105065015599,2.2047403210236984,54,9595
no_conv,NoConv,tp17_L5_p0p06,timepoint_mask,5.0,0.06,run1,oof_pooled,979,77.732379979571,78.06592851315412,76.80320105517357,0.6335675501773074,81.34328358208955,74.3421052631579,78.51239669421489,"[[327, 64, 11], [86, 339, 31], [9, 17, 95]]",0.7518074693470058,3.9458915705719355,136,24904
no_conv,NoConv,tp17_L5_p0p06,timepoint_mask,5.0,0.06,run2,fold01,72,55.55555555555556,57.151391022358766,54.93827160493828,0.3353881275042346,55.55555555555556,51.61290322580645,64.28571428571429,"[[15, 6, 6], [8, 16, 7], [4, 1, 9]]",0.44931532471026814,0.1851087001656803,2,400
no_conv,NoConv,tp17_L5_p0p06,timepoint_mask,5.0,0.06,run2,fold02,71,54.929577464788736,58.50762141084722,54.62407862407862,0.33879570552124,65.38461538461539,38.70967741935484,71.42857142857143,"[[17, 6, 3], [9, 12, 10], [3, 1, 10]]",0.46148513852988443,0.07042327064128827,1,197
no_conv,NoConv,tp17_L5_p0p06,timepoint_mask,5.0,0.06,run2,fold03,71,54.929577464788736,51.50064988774666,50.483091787439605,0.3108593378795985,80.76923076923077,45.16129032258064,28.57142857142857,"[[21, 4, 1], [13, 14, 4], [8, 2, 4]]",0.43027720988636287,0.12742459747454965,0,0
no_conv,NoConv,tp17_L5_p0p06,timepoint_mask,5.0,0.06,run2,oof_pooled,214,55.140186915887845,55.67060089314071,53.999073567827,0.32356049243664614,67.08860759493672,45.16129032258064,54.761904761904766,"[[53, 16, 10], [30, 42, 21], [15, 4, 23]]",0.44703658933034046,0.12792067779510968,3,597
no_conv,NoConv,tp18_L5_p0p07,timepoint_mask,5.0,0.07,run1,fold01,327,78.2874617737003,77.16256649997763,77.96143583304156,0.6373183053729209,81.34328358208955,76.97368421052632,73.17073170731707,"[[109, 24, 1], [29, 117, 6], [5, 6, 30]]",0.7774703737488025,5.814892821913921,42,8189
no_conv,NoConv,tp18_L5_p0p07,timepoint_mask,5.0,0.07,run1,fold02,326,79.4478527607362,78.45967530767216,78.18502974086948,0.6578675900715941,82.08955223880598,78.28947368421053,75.0,"[[110, 22, 2], [24, 119, 9], [4, 6, 30]]",0.7618342446267251,3.767233448828702,40,7119
no_conv,NoConv,tp18_L5_p0p07,timepoint_mask,5.0,0.07,run1,fold03,326,75.4601226993865,78.62005760670331,74.31094540426054,0.6100014844366356,80.59701492537313,67.76315789473685,87.5,"[[108, 18, 8], [32, 103, 17], [0, 5, 35]]",0.7155221532125464,2.204426228885819,54,9592
no_conv,NoConv,tp18_L5_p0p07,timepoint_mask,5.0,0.07,run1,oof_pooled,979,77.732379979571,78.06592851315412,76.7405680761429,0.6337447944222632,81.34328358208955,74.3421052631579,78.51239669421489,"[[327, 64, 11], [85, 339, 32], [9, 17, 95]]",0.7516353400525648,3.9307773316657673,136,24900
no_conv,NoConv,tp18_L5_p0p07,timepoint_mask,5.0,0.07,run2,fold01,72,55.55555555555556,57.151391022358766,54.93827160493828,0.3353881275042346,55.55555555555556,51.61290322580645,64.28571428571429,"[[15, 6, 6], [8, 16, 7], [4, 1, 9]]",0.4499578569860508,0.18868556537846518,2,400
no_conv,NoConv,tp18_L5_p0p07,timepoint_mask,5.0,0.07,run2,fold02,71,54.929577464788736,58.50762141084722,54.62407862407862,0.33879570552124,65.38461538461539,38.70967741935484,71.42857142857143,"[[17, 6, 3], [9, 12, 10], [3, 1, 10]]",0.46148548537539874,0.070439823102993,1,198
no_conv,NoConv,tp18_L5_p0p07,timepoint_mask,5.0,0.07,run2,fold03,71,54.929577464788736,51.50064988774666,50.483091787439605,0.3108593378795985,80.76923076923077,45.16129032258064,28.57142857142857,"[[21, 4, 1], [13, 14, 4], [8, 2, 4]]",0.43027720988636287,0.12742459747454965,0,0
no_conv,NoConv,tp18_L5_p0p07,timepoint_mask,5.0,0.07,run2,oof_pooled,214,55.140186915887845,55.67060089314071,53.999073567827,0.32356049243664614,67.08860759493672,45.16129032258064,54.761904761904766,"[[53, 16, 10], [30, 42, 21], [15, 4, 23]]",0.447252883488695,0.1291296007862384,3,598
no_conv,NoConv,tp19_L5_p0p08,timepoint_mask,5.0,0.08,run1,fold01,327,77.67584097859327,76.72397000874959,77.50011836033343,0.6275989413717017,81.34328358208955,75.6578947368421,73.17073170731707,"[[109, 24, 1], [31, 115, 6], [5, 6, 30]]",0.7733368895452191,5.7909953680219814,42,8188
no_conv,NoConv,tp19_L5_p0p08,timepoint_mask,5.0,0.08,run1,fold02,326,79.4478527607362,78.45967530767216,78.18502974086948,0.6578675900715941,82.08955223880598,78.28947368421053,75.0,"[[110, 22, 2], [24, 119, 9], [4, 6, 30]]",0.762095707334038,3.770136809725017,40,7119
no_conv,NoConv,tp19_L5_p0p08,timepoint_mask,5.0,0.08,run1,fold03,326,75.15337423312883,78.40075936108929,74.06388797724539,0.6054259668672445,80.59701492537313,67.10526315789474,87.5,"[[108, 18, 8], [33, 102, 17], [0, 5, 35]]",0.7159481250481096,2.2130961847131605,54,9589
no_conv,NoConv,tp19_L5_p0p08,timepoint_mask,5.0,0.08,run1,oof_pooled,979,77.42594484167518,77.84663026754008,76.50392460806579,0.6289730281851577,81.34328358208955,73.68421052631578,78.51239669421489,"[[327, 64, 11], [88, 336, 32], [9, 17, 95]]",0.7504836080059926,3.9266490720429355,136,24896
no_conv,NoConv,tp19_L5_p0p08,timepoint_mask,5.0,0.08,run2,fold01,72,55.55555555555556,57.151391022358766,54.93827160493828,0.3353881275042346,55.55555555555556,51.61290322580645,64.28571428571429,"[[15, 6, 6], [8, 16, 7], [4, 1, 9]]",0.4500718508691837,0.18937603717333534,2,400
no_conv,NoConv,tp19_L5_p0p08,timepoint_mask,5.0,0.08,run2,fold02,71,54.929577464788736,58.50762141084722,54.62407862407862,0.33879570552124,65.38461538461539,38.70967741935484,71.42857142857143,"[[17, 6, 3], [9, 12, 10], [3, 1, 10]]",0.46148581763456514,0.07045565862995636,1,199
no_conv,NoConv,tp19_L5_p0p08,timepoint_mask,5.0,0.08,run2,fold03,71,54.929577464788736,51.50064988774666,50.483091787439605,0.3108593378795985,80.76923076923077,45.16129032258064,28.57142857142857,"[[21, 4, 1], [13, 14, 4], [8, 2, 4]]",0.43027720988636287,0.12742459747454965,0,0
no_conv,NoConv,tp19_L5_p0p08,timepoint_mask,5.0,0.08,run2,oof_pooled,214,55.140186915887845,55.67060089314071,53.999073567827,0.32356049243664614,67.08860759493672,45.16129032258064,54.761904761904766,"[[53, 16, 10], [30, 42, 21], [15, 4, 23]]",0.4472913468063884,0.12936716289672928,3,599
no_conv,NoConv,tp20_L5_p0p12,timepoint_mask,5.0,0.12,run1,fold01,327,77.98165137614679,76.94326825436363,77.7308973678053,0.6324485112126109,81.34328358208955,76.31578947368422,73.17073170731707,"[[109, 24, 1], [30, 116, 6], [5, 6, 30]]",0.7757210784329557,5.776144330791377,42,8185
no_conv,NoConv,tp20_L5_p0p12,timepoint_mask,5.0,0.12,run1,fold02,326,79.75460122699386,78.6789735532862,78.41829529406405,0.6628004462055131,82.08955223880598,78.94736842105263,75.0,"[[110, 22, 2], [23, 120, 9], [4, 6, 30]]",0.765422477468556,3.82403517220215,39,7021
no_conv,NoConv,tp20_L5_p0p12,timepoint_mask,5.0,0.12,run1,fold03,326,75.76687116564416,78.83935585231737,74.55761681568133,0.6145932737825602,80.59701492537313,68.42105263157895,87.5,"[[108, 18, 8], [31, 104, 17], [0, 5, 35]]",0.7177588984228194,2.222738560906217,54,9677
no_conv,NoConv,tp20_L5_p0p12,timepoint_mask,5.0,0.12,run1,oof_pooled,979,77.83452502553627,78.1390279283588,76.81939176916246,0.6353396783316235,81.34328358208955,74.56140350877193,78.51239669421489,"[[327, 64, 11], [84, 340, 32], [9, 17, 95]]",0.7529907264434779,3.9428472248846864,135,24883
no_conv,NoConv,tp20_L5_p0p12,timepoint_mask,5.0,0.12,run2,fold01,72,55.55555555555556,57.151391022358766,54.93827160493828,0.3353881275042346,55.55555555555556,51.61290322580645,64.28571428571429,"[[15, 6, 6], [8, 16, 7], [4, 1, 9]]",0.4500106145472576,0.18900240752716652,2,400
no_conv,NoConv,tp20_L5_p0p12,timepoint_mask,5.0,0.12,run2,fold02,71,54.929577464788736,58.50762141084722,54.62407862407862,0.33879570552124,65.38461538461539,38.70967741935484,71.42857142857143,"[[17, 6, 3], [9, 12, 10], [3, 1, 10]]",0.4614656542909492,0.06946214742328917,1,200
no_conv,NoConv,tp20_L5_p0p12,timepoint_mask,5.0,0.12,run2,fold03,71,54.929577464788736,51.50064988774666,50.483091787439605,0.3108593378795985,80.76923076923077,45.16129032258064,28.57142857142857,"[[21, 4, 1], [13, 14, 4], [8, 2, 4]]",0.43027720988636287,0.12742459747454965,0,0
no_conv,NoConv,tp20_L5_p0p12,timepoint_mask,5.0,0.12,run2,oof_pooled,214,55.140186915887845,55.67060089314071,53.999073567827,0.32356049243664614,67.08860759493672,45.16129032258064,54.761904761904766,"[[53, 16, 10], [30, 42, 21], [15, 4, 23]]",0.4472640542242603,0.1289118328490773,3,600
no_conv,NoConv,tp21_L5_p0p13,timepoint_mask,5.0,0.13,run1,fold01,327,77.98165137614679,76.94326825436363,77.7308973678053,0.6324485112126109,81.34328358208955,76.31578947368422,73.17073170731707,"[[109, 24, 1], [30, 116, 6], [5, 6, 30]]",0.7754456244202083,5.776828341983509,44,8386
no_conv,NoConv,tp21_L5_p0p13,timepoint_mask,5.0,0.13,run1,fold02,326,79.75460122699386,78.6789735532862,78.41829529406405,0.6628004462055131,82.08955223880598,78.94736842105263,75.0,"[[110, 22, 2], [23, 120, 9], [4, 6, 30]]",0.7653708587947823,3.8263937879205208,39,7022
no_conv,NoConv,tp21_L5_p0p13,timepoint_mask,5.0,0.13,run1,fold03,326,75.76687116564416,78.83935585231737,74.55761681568133,0.6145932737825602,80.59701492537313,68.42105263157895,87.5,"[[108, 18, 8], [31, 104, 17], [0, 5, 35]]",0.7174201527337863,2.220591558452033,53,9575
no_conv,NoConv,tp21_L5_p0p13,timepoint_mask,5.0,0.13,run1,oof_pooled,979,77.83452502553627,78.1390279283588,76.81939176916246,0.6353396783316235,81.34328358208955,74.56140350877193,78.51239669421489,"[[327, 64, 11], [84, 340, 32], [9, 17, 95]]",0.7527687323224937,3.943146160108335,136,24983
no_conv,NoConv,tp21_L5_p0p13,timepoint_mask,5.0,0.13,run2,fold01,72,55.55555555555556,57.151391022358766,54.93827160493828,0.3353881275042346,55.55555555555556,51.61290322580645,64.28571428571429,"[[15, 6, 6], [8, 16, 7], [4, 1, 9]]",0.4499088793527335,0.18839244215309414,2,400
no_conv,NoConv,tp21_L5_p0p13,timepoint_mask,5.0,0.13,run2,fold02,71,54.929577464788736,58.50762141084722,54.62407862407862,0.33879570552124,65.38461538461539,38.70967741935484,71.42857142857143,"[[17, 6, 3], [9, 12, 10], [3, 1, 10]]",0.4614597283247586,0.0691568969263577,1,200
no_conv,NoConv,tp21_L5_p0p13,timepoint_mask,5.0,0.13,run2,fold03,71,54.929577464788736,51.50064988774666,50.483091787439605,0.3108593378795985,80.76923076923077,45.16129032258064,28.57142857142857,"[[21, 4, 1], [13, 14, 4], [8, 2, 4]]",0.43027720988636287,0.12742459747454965,0,0
no_conv,NoConv,tp21_L5_p0p13,timepoint_mask,5.0,0.13,run2,oof_pooled,214,55.140186915887845,55.67060089314071,53.999073567827,0.32356049243664614,67.08860759493672,45.16129032258064,54.761904761904766,"[[53, 16, 10], [30, 42, 21], [15, 4, 23]]",0.4472278594690955,0.12860533615648223,3,600
no_conv,NoConv,tp22_L5_p0p33,timepoint_mask,5.0,0.33,run1,fold01,327,77.98165137614679,76.94326825436363,77.50069236424217,0.6328497188115105,81.34328358208955,76.31578947368422,73.17073170731707,"[[109, 24, 1], [29, 116, 7], [5, 6, 30]]",0.7759505578107869,5.809723010235423,46,8487
no_conv,NoConv,tp22_L5_p0p33,timepoint_mask,5.0,0.33,run1,fold02,326,79.4478527607362,78.45967530767216,78.18502974086948,0.6578675900715941,82.08955223880598,78.28947368421053,75.0,"[[110, 22, 2], [24, 119, 9], [4, 6, 30]]",0.7619628314316247,3.7855810963325887,39,7151
no_conv,NoConv,tp22_L5_p0p33,timepoint_mask,5.0,0.33,run1,fold03,326,76.07361963190185,79.0586540979314,74.94264994264994,0.6184915696776249,80.59701492537313,69.07894736842105,87.5,"[[108, 18, 8], [31, 105, 16], [0, 5, 35]]",0.7173376611778616,2.2230728552705306,53,9544
no_conv,NoConv,tp22_L5_p0p33,timepoint_mask,5.0,0.33,run1,oof_pooled,979,77.83452502553627,78.1390279283588,76.81939176916246,0.6353396783316235,81.34328358208955,74.56140350877193,78.51239669421489,"[[327, 64, 11], [84, 340, 32], [9, 17, 95]]",0.75177506945334,3.9413693693254346,138,25182
no_conv,NoConv,tp22_L5_p0p33,timepoint_mask,5.0,0.33,run2,fold01,72,54.166666666666664,54.770438641406386,53.15055315055315,0.3091522899014998,55.55555555555556,51.61290322580645,57.14285714285714,"[[15, 6, 6], [8, 16, 7], [4, 2, 8]]",0.43863865149473075,-0.13701425035510004,4,606
no_conv,NoConv,tp22_L5_p0p33,timepoint_mask,5.0,0.33,run2,fold02,71,53.52112676056338,56.126669029894835,52.9590017825312,0.3115080449876949,65.38461538461539,38.70967741935484,64.28571428571429,"[[17, 6, 3], [9, 12, 10], [3, 2, 9]]",0.4552410917126668,-0.13377202495040608,3,411
no_conv,NoConv,tp22_L5_p0p33,timepoint_mask,5.0,0.33,run2,fold03,71,54.929577464788736,51.50064988774666,50.438443235328364,0.30689344427152976,80.76923076923077,45.16129032258064,28.57142857142857,"[[21, 4, 1], [13, 14, 4], [7, 3, 4]]",0.42837940646142003,0.03474596997683631,1,105
no_conv,NoConv,tp22_L5_p0p33,timepoint_mask,5.0,0.33,run2,oof_pooled,214,54.20560747663551,54.08329930583912,52.69089358437594,0.3048508487879386,67.08860759493672,45.16129032258064,50.0,"[[53, 16, 10], [30, 42, 21], [14, 7, 21]]",0.4407431695232747,-0.07895269125556381,8,1122
no_conv,NoConv,tp23_L5_p0p35,timepoint_mask,5.0,0.35,run1,fold01,327,77.98165137614679,76.94326825436363,77.50069236424217,0.6328497188115105,81.34328358208955,76.31578947368422,73.17073170731707,"[[109, 24, 1], [29, 116, 7], [5, 6, 30]]",0.7751950484195839,5.796426509452887,46,8497
no_conv,NoConv,tp23_L5_p0p35,timepoint_mask,5.0,0.35,run1,fold02,326,79.14110429447852,78.24037706205814,77.74923850699226,0.6534400996959009,82.08955223880598,77.63157894736842,75.0,"[[110, 22, 2], [24, 118, 10], [4, 6, 30]]",0.7595164024366723,3.76353474611565,39,7151
no_conv,NoConv,tp23_L5_p0p35,timepoint_mask,5.0,0.35,run1,fold03,326,76.07361963190185,79.0586540979314,74.94264994264994,0.6184915696776249,80.59701492537313,69.07894736842105,87.5,"[[108, 18, 8], [31, 105, 16], [0, 5, 35]]",0.7171578050765228,2.222197691310037,53,9542
no_conv,NoConv,tp23_L5_p0p35,timepoint_mask,5.0,0.35,run1,oof_pooled,979,77.732379979571,78.06592851315412,76.67874238217203,0.6339241781551892,81.34328358208955,74.3421052631579,78.51239669421489,"[[327, 64, 11], [84, 339, 33], [9, 17, 95]]",0.7506481843539382,3.929295447591285,138,25190
no_conv,NoConv,tp23_L5_p0p35,timepoint_mask,5.0,0.35,run2,fold01,72,54.166666666666664,54.770438641406386,53.15055315055315,0.3091522899014998,55.55555555555556,51.61290322580645,57.14285714285714,"[[15, 6, 6], [8, 16, 7], [4, 2, 8]]",0.43877678336036435,-0.13622250364601818,4,610
no_conv,NoConv,tp23_L5_p0p35,timepoint_mask,5.0,0.35,run2,fold02,71,53.52112676056338,56.126669029894835,52.9590017825312,0.3115080449876949,65.38461538461539,38.70967741935484,64.28571428571429,"[[17, 6, 3], [9, 12, 10], [3, 2, 9]]",0.45530940021399147,-0.1322659650082949,3,415
no_conv,NoConv,tp23_L5_p0p35,timepoint_mask,5.0,0.35,run2,fold03,71,54.929577464788736,51.50064988774666,50.438443235328364,0.30689344427152976,80.76923076923077,45.16129032258064,28.57142857142857,"[[21, 4, 1], [13, 14, 4], [7, 3, 4]]",0.42837940377259504,0.03473125686409922,1,107
no_conv,NoConv,tp23_L5_p0p35,timepoint_mask,5.0,0.35,run2,oof_pooled,214,54.20560747663551,54.08329930583912,52.69089358437594,0.3048508487879386,67.08860759493672,45.16129032258064,50.0,"[[53, 16, 10], [30, 42, 21], [14, 7, 21]]",0.44081230600464427,-0.07819151654556637,8,1132
no_conv,NoConv,tp24_L5_p0p70,timepoint_mask,5.0,0.7,run1,fold01,327,77.67584097859327,76.72397000874959,77.50011836033343,0.6275989413717017,81.34328358208955,75.6578947368421,73.17073170731707,"[[109, 24, 1], [31, 115, 6], [5, 6, 30]]",0.7722906882756086,5.76628586993943,48,9105
no_conv,NoConv,tp24_L5_p0p70,timepoint_mask,5.0,0.7,run1,fold02,326,79.4478527607362,78.45967530767216,77.98340190759767,0.6583537487321933,82.08955223880598,78.28947368421053,75.0,"[[110, 22, 2], [23, 119, 10], [4, 6, 30]]",0.7633448695258906,3.8212137409754416,41,7282
no_conv,NoConv,tp24_L5_p0p70,timepoint_mask,5.0,0.7,run1,fold03,326,75.76687116564416,78.83935585231737,74.99259644833018,0.6125266235160343,80.59701492537313,68.42105263157895,87.5,"[[108, 18, 8], [34, 104, 14], [0, 5, 35]]",0.7172702877992351,2.2287995321847545,48,9027
no_conv,NoConv,tp24_L5_p0p70,timepoint_mask,5.0,0.7,run1,oof_pooled,979,77.63023493360572,77.99282909794944,76.78795313152631,0.6318003346549953,81.34328358208955,74.12280701754386,78.51239669421489,"[[327, 64, 11], [88, 338, 30], [9, 17, 95]]",0.7509903946415885,3.940633101655176,137,25414
no_conv,NoConv,tp24_L5_p0p70,timepoint_mask,5.0,0.7,run2,fold01,72,54.166666666666664,54.770438641406386,53.15055315055315,0.3091522899014998,55.55555555555556,51.61290322580645,57.14285714285714,"[[15, 6, 6], [8, 16, 7], [4, 2, 8]]",0.4387252017869893,-0.13578770680275437,4,669
no_conv,NoConv,tp24_L5_p0p70,timepoint_mask,5.0,0.7,run2,fold02,71,53.52112676056338,56.126669029894835,52.9590017825312,0.3115080449876949,65.38461538461539,38.70967741935484,64.28571428571429,"[[17, 6, 3], [9, 12, 10], [3, 2, 9]]",0.45579981129337516,-0.12719854181238882,3,485
no_conv,NoConv,tp24_L5_p0p70,timepoint_mask,5.0,0.7,run2,fold03,71,53.52112676056338,49.11969750679428,47.59649437205055,0.27900962195085405,80.76923076923077,45.16129032258064,21.428571428571427,"[[21, 4, 1], [13, 14, 4], [7, 4, 3]]",0.42080833427083325,-0.07745127658307238,3,374
no_conv,NoConv,tp24_L5_p0p70,timepoint_mask,5.0,0.7,run2,oof_pooled,214,53.73831775700935,53.28964851218833,52.02273803156336,0.295947031807766,67.08860759493672,45.16129032258064,47.61904761904761,"[[53, 16, 10], [30, 42, 21], [14, 8, 20]]",0.43844576104543004,-0.11358342054147691,10,1528
no_lstm,NoLSTM,clean,clean,,,run1,fold01,327,75.22935779816514,72.98224857739544,74.65929369343549,0.5824277209957041,76.11940298507463,76.97368421052632,65.85365853658537,"[[102, 30, 2], [31, 117, 4], [4, 10, 27]]",0.7253086758464351,4.024886525031008,0,0
no_lstm,NoLSTM,clean,clean,,,run1,fold02,326,74.23312883435584,73.23841319717204,73.4197528076379,0.5692124265740279,75.3731343283582,74.3421052631579,70.0,"[[101, 30, 3], [31, 113, 8], [5, 7, 28]]",0.7126596936156474,2.679053599523392,0,0
no_lstm,NoLSTM,clean,clean,,,run1,fold03,326,77.91411042944786,77.18643623985336,76.36475294195755,0.6335414855138196,77.61194029850746,78.94736842105263,75.0,"[[104, 23, 7], [25, 120, 7], [3, 7, 30]]",0.7632219558115425,5.6901028859114815,0,0
no_lstm,NoLSTM,clean,clean,,,run1,oof_pooled,979,75.79162410623084,74.4568263510633,74.79679148332708,0.5949564188779985,76.3681592039801,76.75438596491229,70.24793388429752,"[[307, 83, 12], [87, 350, 19], [12, 24, 85]]",0.7337215063483639,4.131238925369671,0,0
no_lstm,NoLSTM,clean,clean,,,run2,fold01,72,63.888888888888886,63.762303009614826,62.59259259259259,0.45896250049990833,59.25925925925925,67.74193548387096,64.28571428571429,"[[16, 6, 5], [2, 21, 8], [0, 5, 9]]",0.5315749343159647,0.19467281612257162,0,0
no_lstm,NoLSTM,clean,clean,,,run2,fold02,71,56.33802816901409,53.73980857851826,55.29980107985223,0.2972806093565435,53.84615384615385,64.51612903225806,42.857142857142854,"[[14, 11, 1], [9, 20, 2], [2, 6, 6]]",0.38404891944267383,-0.04929487372446858,0,0
no_lstm,NoLSTM,clean,clean,,,run2,fold03,71,67.6056338028169,63.58265390523455,63.48309568648551,0.4934358082473687,76.92307692307693,70.96774193548387,42.857142857142854,"[[20, 4, 2], [4, 22, 5], [6, 2, 6]]",0.5795971101228466,0.3914571370877011,0,0
no_lstm,NoLSTM,clean,clean,,,run2,oof_pooled,214,62.616822429906534,60.344358241459105,60.31415748674011,0.41329125049232496,63.29113924050633,67.74193548387096,50.0,"[[50, 21, 8], [15, 63, 15], [8, 13, 21]]",0.49856197836402527,0.17901852083932085,0,0
no_lstm,NoLSTM,tp01_L1_m0p69,timepoint_mask,1.0,-0.69,run1,fold01,327,75.22935779816514,72.98224857739544,74.42790363178712,0.5829358557544331,76.11940298507463,76.97368421052632,65.85365853658537,"[[102, 30, 2], [30, 117, 5], [4, 10, 27]]",0.7253198258246024,3.9856319520707935,7,974
no_lstm,NoLSTM,tp01_L1_m0p69,timepoint_mask,1.0,-0.69,run1,fold02,326,73.92638036809815,73.019114951558,73.18979549429429,0.5642592776927028,75.3731343283582,73.68421052631578,70.0,"[[101, 30, 3], [32, 112, 8], [5, 7, 28]]",0.7098164499000599,2.6594737805654667,2,270
no_lstm,NoLSTM,tp01_L1_m0p69,timepoint_mask,1.0,-0.69,run1,fold03,326,77.91411042944786,77.18643623985336,76.36475294195755,0.6335414855138196,77.61194029850746,78.94736842105263,75.0,"[[104, 23, 7], [25, 120, 7], [3, 7, 30]]",0.7641168809866206,5.66794830613821,4,556
no_lstm,NoLSTM,tp01_L1_m0p69,timepoint_mask,1.0,-0.69,run1,oof_pooled,979,75.68947906026557,74.38372693585862,74.65125271925687,0.5934789797661119,76.3681592039801,76.53508771929825,70.24793388429752,"[[307, 83, 12], [87, 349, 20], [12, 24, 85]]",0.7330764544573063,4.104230080278394,13,1800
no_lstm,NoLSTM,tp01_L1_m0p69,timepoint_mask,1.0,-0.69,run2,fold01,72,63.888888888888886,63.762303009614826,62.50056508121023,0.4628344210084855,59.25925925925925,67.74193548387096,64.28571428571429,"[[16, 5, 6], [2, 21, 8], [0, 5, 9]]",0.5340136951644026,0.1726977622214084,10,1765
no_lstm,NoLSTM,tp01_L1_m0p69,timepoint_mask,1.0,-0.69,run2,fold02,71,54.929577464788736,51.35885619756587,52.775840243870945,0.2714189397390067,53.84615384615385,64.51612903225806,35.714285714285715,"[[14, 11, 1], [9, 20, 2], [2, 7, 5]]",0.3841874754764664,-0.07033137304865768,5,905
no_lstm,NoLSTM,tp01_L1_m0p69,timepoint_mask,1.0,-0.69,run2,fold03,71,66.19718309859155,62.507385088030254,62.23316912972086,0.47447110266085507,76.92307692307693,67.74193548387096,42.857142857142854,"[[20, 4, 2], [4, 21, 6], [6, 2, 6]]",0.582270452474609,0.41968982041039515,4,711
no_lstm,NoLSTM,tp01_L1_m0p69,timepoint_mask,1.0,-0.69,run2,oof_pooled,214,61.6822429906542,59.192284508740215,59.12498359564301,0.3996372011327276,63.29113924050633,66.66666666666666,47.61904761904761,"[[50, 20, 9], [15, 62, 16], [8, 14, 20]]",0.5003154155904829,0.17401256375058302,19,3381
no_lstm,NoLSTM,tp02_L1_m0p15,timepoint_mask,1.0,-0.15,run1,fold01,327,75.22935779816514,72.98224857739544,74.65929369343549,0.5824277209957041,76.11940298507463,76.97368421052632,65.85365853658537,"[[102, 30, 2], [31, 117, 4], [4, 10, 27]]",0.7253442040352887,4.027571539656581,2,215
no_lstm,NoLSTM,tp02_L1_m0p15,timepoint_mask,1.0,-0.15,run1,fold02,326,73.92638036809815,73.019114951558,73.18979549429429,0.5642592776927028,75.3731343283582,73.68421052631578,70.0,"[[101, 30, 3], [32, 112, 8], [5, 7, 28]]",0.7100181401221909,2.6629598510960126,1,115
no_lstm,NoLSTM,tp02_L1_m0p15,timepoint_mask,1.0,-0.15,run1,fold03,326,77.91411042944786,77.18643623985336,76.36475294195755,0.6335414855138196,77.61194029850746,78.94736842105263,75.0,"[[104, 23, 7], [25, 120, 7], [3, 7, 30]]",0.7632219558115425,5.6901028859114815,0,0
no_lstm,NoLSTM,tp02_L1_m0p15,timepoint_mask,1.0,-0.15,run1,oof_pooled,979,75.68947906026557,74.38372693585862,74.72040454466057,0.5932895605504673,76.3681592039801,76.53508771929825,70.24793388429752,"[[307, 83, 12], [88, 349, 19], [12, 24, 85]]",0.7328537548456961,4.126776655497594,3,330
no_lstm,NoLSTM,tp02_L1_m0p15,timepoint_mask,1.0,-0.15,run2,fold01,72,63.888888888888886,63.762303009614826,62.59259259259259,0.45896250049990833,59.25925925925925,67.74193548387096,64.28571428571429,"[[16, 6, 5], [2, 21, 8], [0, 5, 9]]",0.5274960185116571,0.13169708039559838,8,1477
no_lstm,NoLSTM,tp02_L1_m0p15,timepoint_mask,1.0,-0.15,run2,fold02,71,56.33802816901409,52.434125014770174,53.81818181818182,0.29444867992713775,53.84615384615385,67.74193548387096,35.714285714285715,"[[14, 11, 1], [8, 21, 2], [2, 7, 5]]",0.38935385896286495,-0.051559999401510605,8,1254
no_lstm,NoLSTM,tp02_L1_m0p15,timepoint_mask,1.0,-0.15,run2,fold03,71,67.6056338028169,63.58265390523455,63.48309568648551,0.4934358082473687,76.92307692307693,70.96774193548387,42.857142857142854,"[[20, 4, 2], [4, 22, 5], [6, 2, 6]]",0.5779934799482132,0.3914133959882696,4,698
no_lstm,NoLSTM,tp02_L1_m0p15,timepoint_mask,1.0,-0.15,run2,oof_pooled,214,62.616822429906534,59.909130386876406,59.983551919664116,0.4121939096142817,63.29113924050633,68.81720430107528,47.61904761904761,"[[50, 21, 8], [14, 64, 15], [8, 14, 20]]",0.49841763736227035,0.15706439694459332,20,3429
no_lstm,NoLSTM,tp03_L2_m0p57,timepoint_mask,2.0,-0.57,run1,fold01,327,69.41896024464832,68.84503988402021,68.58332697176736,0.4947991894243755,76.86567164179104,63.81578947368421,65.85365853658537,"[[103, 29, 2], [43, 97, 12], [4, 10, 27]]",0.676648553182822,3.2665299108958252,60,11216
no_lstm,NoLSTM,tp03_L2_m0p57,timepoint_mask,2.0,-0.57,run1,fold02,326,72.69938650306749,72.14192196910186,71.86190097787826,0.5458613646892074,75.3731343283582,71.05263157894737,70.0,"[[101, 30, 3], [34, 108, 10], [5, 7, 28]]",0.7038225144726714,2.5843018753099845,35,6274
no_lstm,NoLSTM,tp03_L2_m0p57,timepoint_mask,2.0,-0.57,run1,fold03,326,75.76687116564416,75.65134852055513,74.20424125664726,0.6009825698162041,77.61194029850746,74.3421052631579,75.0,"[[104, 23, 7], [29, 113, 10], [3, 7, 30]]",0.7412371120037548,5.178230405705152,37,6978
no_lstm,NoLSTM,tp03_L2_m0p57,timepoint_mask,2.0,-0.57,run1,oof_pooled,979,72.62512768130746,72.20056380414874,71.55628751280925,0.5470496958471316,76.61691542288557,69.73684210526315,70.24793388429752,"[[308, 82, 12], [106, 318, 32], [12, 24, 85]]",0.7072048162636341,3.675935448900786,132,24468
no_lstm,NoLSTM,tp03_L2_m0p57,timepoint_mask,2.0,-0.57,run2,fold01,72,63.888888888888886,63.762303009614826,62.68086268086268,0.46356439467040195,59.25925925925925,67.74193548387096,64.28571428571429,"[[16, 6, 5], [1, 21, 9], [0, 5, 9]]",0.5323698604050959,0.20975759935875735,2,234
no_lstm,NoLSTM,tp03_L2_m0p57,timepoint_mask,2.0,-0.57,run2,fold02,71,54.929577464788736,51.35885619756587,52.775840243870945,0.2714189397390067,53.84615384615385,64.51612903225806,35.714285714285715,"[[14, 11, 1], [9, 20, 2], [2, 7, 5]]",0.3789566510789831,-0.09084127472818528,3,366
no_lstm,NoLSTM,tp03_L2_m0p57,timepoint_mask,2.0,-0.57,run2,fold03,71,67.6056338028169,63.58265390523455,63.48309568648551,0.4934358082473687,76.92307692307693,70.96774193548387,42.857142857142854,"[[20, 4, 2], [4, 22, 5], [6, 2, 6]]",0.5792135623401585,0.3888361613515397,2,265
no_lstm,NoLSTM,tp03_L2_m0p57,timepoint_mask,2.0,-0.57,run2,oof_pooled,214,62.149532710280376,59.550707447808314,59.568459952441735,0.4058133280500379,63.29113924050633,67.74193548387096,47.61904761904761,"[[50, 21, 8], [14, 63, 16], [8, 14, 20]]",0.4970126873921774,0.16944011263592848,7,865
no_lstm,NoLSTM,tp04_L2_m0p39,timepoint_mask,2.0,-0.39,run1,fold01,327,70.33639143730886,69.5029346208623,69.29726313809347,0.5089726041418343,76.86567164179104,65.78947368421053,65.85365853658537,"[[103, 29, 2], [40, 100, 12], [4, 10, 27]]",0.6834359294995672,3.3869722733467773,59,10946
no_lstm,NoLSTM,tp04_L2_m0p39,timepoint_mask,2.0,-0.39,run1,fold02,326,73.31288343558282,72.58051846032993,72.32636788973817,0.5556392501300622,75.3731343283582,72.36842105263158,70.0,"[[101, 30, 3], [32, 110, 10], [5, 7, 28]]",0.7076127518430485,2.5939150348282847,33,6052
no_lstm,NoLSTM,tp04_L2_m0p39,timepoint_mask,2.0,-0.39,run1,fold03,326,76.07361963190185,75.87064676616916,74.61050197484306,0.6052095182385916,77.61194029850746,75.0,75.0,"[[104, 23, 7], [29, 114, 9], [3, 7, 30]]",0.7460870575133655,5.2624691138615365,37,7087
no_lstm,NoLSTM,tp04_L2_m0p39,timepoint_mask,2.0,-0.39,run1,oof_pooled,979,73.23799795709908,72.63916029537683,72.08630217760782,0.5564781385232231,76.61691542288557,71.05263157894737,70.24793388429752,"[[308, 82, 12], [101, 324, 31], [12, 24, 85]]",0.7123490161353928,3.747416921202531,129,24085
no_lstm,NoLSTM,tp04_L2_m0p39,timepoint_mask,2.0,-0.39,run2,fold01,72,63.888888888888886,63.762303009614826,62.59259259259259,0.45896250049990833,59.25925925925925,67.74193548387096,64.28571428571429,"[[16, 6, 5], [2, 21, 8], [0, 5, 9]]",0.5318099769542136,0.19864851960705388,1,102
no_lstm,NoLSTM,tp04_L2_m0p39,timepoint_mask,2.0,-0.39,run2,fold02,71,56.33802816901409,53.73980857851826,55.29980107985223,0.2972806093565435,53.84615384615385,64.51612903225806,42.857142857142854,"[[14, 11, 1], [9, 20, 2], [2, 6, 6]]",0.3829613991186652,-0.05911890980721989,1,123
no_lstm,NoLSTM,tp04_L2_m0p39,timepoint_mask,2.0,-0.39,run2,fold03,71,67.6056338028169,63.58265390523455,63.48309568648551,0.4934358082473687,76.92307692307693,70.96774193548387,42.857142857142854,"[[20, 4, 2], [4, 22, 5], [6, 2, 6]]",0.5786808920263251,0.38064005928979794,2,229
no_lstm,NoLSTM,tp04_L2_m0p39,timepoint_mask,2.0,-0.39,run2,oof_pooled,214,62.616822429906534,60.344358241459105,60.31415748674011,0.41329125049232496,63.29113924050633,67.74193548387096,50.0,"[[50, 21, 8], [15, 63, 15], [8, 13, 21]]",0.4979762664112042,0.1735079206774342,4,454
no_lstm,NoLSTM,tp05_L2_p0p06,timepoint_mask,2.0,0.06,run1,fold01,327,69.41896024464832,68.81558191072877,68.593430321684,0.4940541071283769,76.11940298507463,64.47368421052632,65.85365853658537,"[[102, 30, 2], [42, 98, 12], [4, 10, 27]]",0.6727666667092087,3.181391021575699,59,10862
no_lstm,NoLSTM,tp05_L2_p0p06,timepoint_mask,2.0,0.06,run1,fold02,326,73.61963190184049,72.79981670594395,72.55818261886323,0.560556114845556,75.3731343283582,73.02631578947368,70.0,"[[101, 30, 3], [31, 111, 10], [5, 7, 28]]",0.7071542375721372,2.6033022441312763,29,5543
no_lstm,NoLSTM,tp05_L2_p0p06,timepoint_mask,2.0,0.06,run1,fold03,326,75.4601226993865,75.43205027494109,74.14283542874513,0.5955146991904232,77.61194029850746,73.68421052631578,75.0,"[[104, 23, 7], [31, 112, 9], [3, 7, 30]]",0.7412938499191842,5.189078166332393,39,7399
no_lstm,NoLSTM,tp05_L2_p0p06,timepoint_mask,2.0,0.06,run1,oof_pooled,979,72.829417773238,72.33694331012762,71.77392306095354,0.5498661378966601,76.3681592039801,70.39473684210526,70.24793388429752,"[[307, 83, 12], [104, 321, 31], [12, 24, 85]]",0.7070365439592258,3.6574370560433196,127,23804
no_lstm,NoLSTM,tp05_L2_p0p06,timepoint_mask,2.0,0.06,run2,fold01,72,62.5,62.52773510838027,61.165711165711166,0.441877171527927,55.55555555555556,67.74193548387096,64.28571428571429,"[[15, 6, 6], [2, 21, 8], [0, 5, 9]]",0.5311198169915264,0.1450621640930573,6,910
no_lstm,NoLSTM,tp05_L2_p0p06,timepoint_mask,2.0,0.06,run2,fold02,71,56.33802816901409,53.73980857851826,55.29980107985223,0.2972806093565435,53.84615384615385,64.51612903225806,42.857142857142854,"[[14, 11, 1], [9, 20, 2], [2, 6, 6]]",0.38553355959519536,-0.05830287130575784,5,768
no_lstm,NoLSTM,tp05_L2_p0p06,timepoint_mask,2.0,0.06,run2,fold03,71,67.6056338028169,63.58265390523455,63.48309568648551,0.4934358082473687,76.92307692307693,70.96774193548387,42.857142857142854,"[[20, 4, 2], [4, 22, 5], [6, 2, 6]]",0.5783269925961039,0.38945917989796314,2,298
no_lstm,NoLSTM,tp05_L2_p0p06,timepoint_mask,2.0,0.06,run2,oof_pooled,214,62.149532710280376,59.92241731318906,59.83077126476846,0.4068244945177056,62.0253164556962,67.74193548387096,50.0,"[[49, 21, 9], [15, 63, 15], [8, 13, 21]]",0.49848002817276704,0.158675578153022,13,1976
no_lstm,NoLSTM,tp06_L2_p0p46,timepoint_mask,2.0,0.46,run1,fold01,327,70.9480122324159,69.91207313879895,70.14959601482292,0.5166804302748917,76.11940298507463,67.76315789473685,65.85365853658537,"[[102, 30, 2], [39, 103, 10], [4, 10, 27]]",0.6878824331776047,3.5120931311969046,58,10719
no_lstm,NoLSTM,tp06_L2_p0p46,timepoint_mask,2.0,0.46,run1,fold02,326,73.00613496932516,72.3612202147159,72.09427962597239,0.5507411578313204,75.3731343283582,71.71052631578947,70.0,"[[101, 30, 3], [33, 109, 10], [5, 7, 28]]",0.7049224917866137,2.5756332441147394,26,5007
no_lstm,NoLSTM,tp06_L2_p0p46,timepoint_mask,2.0,0.46,run1,fold03,326,75.76687116564416,75.65134852055513,74.3767929598886,0.600352413632026,77.61194029850746,74.3421052631579,75.0,"[[104, 23, 7], [30, 113, 9], [3, 7, 30]]",0.744888095178507,5.213412283234115,42,7767
no_lstm,NoLSTM,tp06_L2_p0p46,timepoint_mask,2.0,0.46,run1,oof_pooled,979,73.23799795709908,72.62934097094634,72.20973747001759,0.5559002502070768,76.3681592039801,71.27192982456141,70.24793388429752,"[[307, 83, 12], [102, 325, 29], [12, 24, 85]]",0.7125391287024578,3.7667857975660004,126,23493
no_lstm,NoLSTM,tp06_L2_p0p46,timepoint_mask,2.0,0.46,run2,fold01,72,61.111111111111114,61.29316720714569,59.717122263021906,0.4249968100662606,51.85185185185185,67.74193548387096,64.28571428571429,"[[14, 6, 7], [2, 21, 8], [0, 5, 9]]",0.5159921179652479,0.028093946179271596,6,1290
no_lstm,NoLSTM,tp06_L2_p0p46,timepoint_mask,2.0,0.46,run2,fold02,71,56.33802816901409,53.73980857851826,55.29980107985223,0.2972806093565435,53.84615384615385,64.51612903225806,42.857142857142854,"[[14, 11, 1], [9, 20, 2], [2, 6, 6]]",0.38583840177932255,-0.05637069335076171,5,888
no_lstm,NoLSTM,tp06_L2_p0p46,timepoint_mask,2.0,0.46,run2,fold03,71,67.6056338028169,63.58265390523455,63.48309568648551,0.4934358082473687,76.92307692307693,70.96774193548387,42.857142857142854,"[[20, 4, 2], [4, 22, 5], [6, 2, 6]]",0.5782674366424467,0.38833300806057286,2,298
no_lstm,NoLSTM,tp06_L2_p0p46,timepoint_mask,2.0,0.46,run2,oof_pooled,214,61.6822429906542,59.50047638491901,59.34768740031898,0.40039790583976603,60.75949367088608,67.74193548387096,50.0,"[[48, 21, 10], [15, 63, 15], [8, 13, 21]]",0.49347171505347415,0.11958919845469226,13,2476
no_lstm,NoLSTM,tp07_L2_p0p82,timepoint_mask,2.0,0.82,run1,fold01,327,70.9480122324159,69.91207313879895,69.95949003509058,0.5172833268540574,76.11940298507463,67.76315789473685,65.85365853658537,"[[102, 30, 2], [38, 103, 11], [4, 10, 27]]",0.686142135462265,3.37524766991889,55,10184
no_lstm,NoLSTM,tp07_L2_p0p82,timepoint_mask,2.0,0.82,run1,fold02,326,72.69938650306749,72.14192196910186,71.86190097787826,0.5458613646892074,75.3731343283582,71.05263157894737,70.0,"[[101, 30, 3], [34, 108, 10], [5, 7, 28]]",0.7009665629670813,2.529371866162158,25,4835
no_lstm,NoLSTM,tp07_L2_p0p82,timepoint_mask,2.0,0.82,run1,fold03,326,75.15337423312883,75.21275202932705,74.08952071399298,0.5900881753512901,77.61194029850746,73.02631578947368,75.0,"[[104, 23, 7], [33, 111, 8], [3, 7, 30]]",0.7406814802306017,5.230599555346909,45,8098
no_lstm,NoLSTM,tp07_L2_p0p82,timepoint_mask,2.0,0.82,run1,oof_pooled,979,72.93156281920326,72.4100427253323,71.97613764964346,0.5510636642095208,76.3681592039801,70.6140350877193,70.24793388429752,"[[307, 83, 12], [105, 322, 29], [12, 24, 85]]",0.7092397756676255,3.711395987206775,125,23117
no_lstm,NoLSTM,tp07_L2_p0p82,timepoint_mask,2.0,0.82,run2,fold01,72,61.111111111111114,61.29316720714569,59.717122263021906,0.4249968100662606,51.85185185185185,67.74193548387096,64.28571428571429,"[[14, 6, 7], [2, 21, 8], [0, 5, 9]]",0.5108347987944499,-0.06662467742959656,8,1694
no_lstm,NoLSTM,tp07_L2_p0p82,timepoint_mask,2.0,0.82,run2,fold02,71,56.33802816901409,53.73980857851826,55.29980107985223,0.2972806093565435,53.84615384615385,64.51612903225806,42.857142857142854,"[[14, 11, 1], [9, 20, 2], [2, 6, 6]]",0.38617027582417074,-0.05372707928780099,5,953
no_lstm,NoLSTM,tp07_L2_p0p82,timepoint_mask,2.0,0.82,run2,fold03,71,66.19718309859155,62.300602623183266,62.2895622895623,0.4695235837065338,73.07692307692307,70.96774193548387,42.857142857142854,"[[19, 5, 2], [4, 22, 5], [6, 2, 6]]",0.5795620541966983,0.40182908797557926,3,447
no_lstm,NoLSTM,tp07_L2_p0p82,timepoint_mask,2.0,0.82,run2,oof_pooled,214,61.21495327102804,59.07853545664897,58.92770247895165,0.39294907052004496,59.49367088607595,67.74193548387096,50.0,"[[47, 22, 10], [15, 63, 15], [8, 13, 21]]",0.4922761726387014,0.09307600860701543,16,3094
no_lstm,NoLSTM,tp08_L3_m0p08,timepoint_mask,3.0,-0.08,run1,fold01,327,75.22935779816514,72.98224857739544,74.65929369343549,0.5824277209957041,76.11940298507463,76.97368421052632,65.85365853658537,"[[102, 30, 2], [31, 117, 4], [4, 10, 27]]",0.7253086758464351,4.024886525031008,0,0
no_lstm,NoLSTM,tp08_L3_m0p08,timepoint_mask,3.0,-0.08,run1,fold02,326,74.23312883435584,73.23841319717204,73.4197528076379,0.5692124265740279,75.3731343283582,74.3421052631579,70.0,"[[101, 30, 3], [31, 113, 8], [5, 7, 28]]",0.7126596936156474,2.679053599523392,0,0
no_lstm,NoLSTM,tp08_L3_m0p08,timepoint_mask,3.0,-0.08,run1,fold03,326,77.91411042944786,77.18643623985336,76.36475294195755,0.6335414855138196,77.61194029850746,78.94736842105263,75.0,"[[104, 23, 7], [25, 120, 7], [3, 7, 30]]",0.7632219558115425,5.6901028859114815,0,0
no_lstm,NoLSTM,tp08_L3_m0p08,timepoint_mask,3.0,-0.08,run1,oof_pooled,979,75.79162410623084,74.4568263510633,74.79679148332708,0.5949564188779985,76.3681592039801,76.75438596491229,70.24793388429752,"[[307, 83, 12], [87, 350, 19], [12, 24, 85]]",0.7337215063483639,4.131238925369671,0,0
no_lstm,NoLSTM,tp08_L3_m0p08,timepoint_mask,3.0,-0.08,run2,fold01,72,63.888888888888886,63.762303009614826,62.59259259259259,0.45896250049990833,59.25925925925925,67.74193548387096,64.28571428571429,"[[16, 6, 5], [2, 21, 8], [0, 5, 9]]",0.532623856854722,0.19900022674765852,1,200
no_lstm,NoLSTM,tp08_L3_m0p08,timepoint_mask,3.0,-0.08,run2,fold02,71,56.33802816901409,53.73980857851826,55.29980107985223,0.2972806093565435,53.84615384615385,64.51612903225806,42.857142857142854,"[[14, 11, 1], [9, 20, 2], [2, 6, 6]]",0.38366421889251384,-0.05428974815106518,1,138
no_lstm,NoLSTM,tp08_L3_m0p08,timepoint_mask,3.0,-0.08,run2,fold03,71,67.6056338028169,63.58265390523455,63.5016835016835,0.49171810730384663,76.92307692307693,70.96774193548387,42.857142857142854,"[[20, 4, 2], [4, 22, 5], [5, 3, 6]]",0.5779602021275551,0.3130495758123801,1,103
no_lstm,NoLSTM,tp08_L3_m0p08,timepoint_mask,3.0,-0.08,run2,oof_pooled,214,62.616822429906534,60.344358241459105,60.34365375089135,0.4131655166889397,63.29113924050633,67.74193548387096,50.0,"[[50, 21, 8], [15, 63, 15], [7, 14, 21]]",0.49824416628955553,0.15280357051301294,3,441
no_lstm,NoLSTM,tp09_L3_p0p42,timepoint_mask,3.0,0.42,run1,fold01,327,75.22935779816514,72.98224857739544,74.65929369343549,0.5824277209957041,76.11940298507463,76.97368421052632,65.85365853658537,"[[102, 30, 2], [31, 117, 4], [4, 10, 27]]",0.7253086758464351,4.024886525031008,0,0
no_lstm,NoLSTM,tp09_L3_p0p42,timepoint_mask,3.0,0.42,run1,fold02,326,74.23312883435584,73.23841319717204,73.4197528076379,0.5692124265740279,75.3731343283582,74.3421052631579,70.0,"[[101, 30, 3], [31, 113, 8], [5, 7, 28]]",0.7126596936156474,2.679053599523392,0,0
no_lstm,NoLSTM,tp09_L3_p0p42,timepoint_mask,3.0,0.42,run1,fold03,326,77.91411042944786,77.18643623985336,76.36475294195755,0.6335414855138196,77.61194029850746,78.94736842105263,75.0,"[[104, 23, 7], [25, 120, 7], [3, 7, 30]]",0.7632219558115425,5.6901028859114815,0,0
no_lstm,NoLSTM,tp09_L3_p0p42,timepoint_mask,3.0,0.42,run1,oof_pooled,979,75.79162410623084,74.4568263510633,74.79679148332708,0.5949564188779985,76.3681592039801,76.75438596491229,70.24793388429752,"[[307, 83, 12], [87, 350, 19], [12, 24, 85]]",0.7337215063483639,4.131238925369671,0,0
no_lstm,NoLSTM,tp09_L3_p0p42,timepoint_mask,3.0,0.42,run2,fold01,72,63.888888888888886,63.762303009614826,62.59259259259259,0.45896250049990833,59.25925925925925,67.74193548387096,64.28571428571429,"[[16, 6, 5], [2, 21, 8], [0, 5, 9]]",0.5315749343159647,0.19467281612257162,0,0
no_lstm,NoLSTM,tp09_L3_p0p42,timepoint_mask,3.0,0.42,run2,fold02,71,56.33802816901409,53.73980857851826,55.29980107985223,0.2972806093565435,53.84615384615385,64.51612903225806,42.857142857142854,"[[14, 11, 1], [9, 20, 2], [2, 6, 6]]",0.38404891944267383,-0.04929487372446858,0,0
no_lstm,NoLSTM,tp09_L3_p0p42,timepoint_mask,3.0,0.42,run2,fold03,71,67.6056338028169,63.58265390523455,63.48309568648551,0.4934358082473687,76.92307692307693,70.96774193548387,42.857142857142854,"[[20, 4, 2], [4, 22, 5], [6, 2, 6]]",0.5795971101228466,0.3914571370877011,0,0
no_lstm,NoLSTM,tp09_L3_p0p42,timepoint_mask,3.0,0.42,run2,oof_pooled,214,62.616822429906534,60.344358241459105,60.31415748674011,0.41329125049232496,63.29113924050633,67.74193548387096,50.0,"[[50, 21, 8], [15, 63, 15], [8, 13, 21]]",0.49856197836402527,0.17901852083932085,0,0
no_lstm,NoLSTM,tp10_L3_p0p65,timepoint_mask,3.0,0.65,run1,fold01,327,75.22935779816514,72.98224857739544,74.65929369343549,0.5824277209957041,76.11940298507463,76.97368421052632,65.85365853658537,"[[102, 30, 2], [31, 117, 4], [4, 10, 27]]",0.7253086758464351,4.024886525031008,0,0
no_lstm,NoLSTM,tp10_L3_p0p65,timepoint_mask,3.0,0.65,run1,fold02,326,74.23312883435584,73.23841319717204,73.4197528076379,0.5692124265740279,75.3731343283582,74.3421052631579,70.0,"[[101, 30, 3], [31, 113, 8], [5, 7, 28]]",0.7126596936156474,2.679053599523392,0,0
no_lstm,NoLSTM,tp10_L3_p0p65,timepoint_mask,3.0,0.65,run1,fold03,326,77.91411042944786,77.18643623985336,76.36475294195755,0.6335414855138196,77.61194029850746,78.94736842105263,75.0,"[[104, 23, 7], [25, 120, 7], [3, 7, 30]]",0.7632219558115425,5.6901028859114815,0,0
no_lstm,NoLSTM,tp10_L3_p0p65,timepoint_mask,3.0,0.65,run1,oof_pooled,979,75.79162410623084,74.4568263510633,74.79679148332708,0.5949564188779985,76.3681592039801,76.75438596491229,70.24793388429752,"[[307, 83, 12], [87, 350, 19], [12, 24, 85]]",0.7337215063483639,4.131238925369671,0,0
no_lstm,NoLSTM,tp10_L3_p0p65,timepoint_mask,3.0,0.65,run2,fold01,72,63.888888888888886,63.762303009614826,62.59259259259259,0.45896250049990833,59.25925925925925,67.74193548387096,64.28571428571429,"[[16, 6, 5], [2, 21, 8], [0, 5, 9]]",0.5315749343159647,0.19467281612257162,0,0
no_lstm,NoLSTM,tp10_L3_p0p65,timepoint_mask,3.0,0.65,run2,fold02,71,56.33802816901409,53.73980857851826,55.29980107985223,0.2972806093565435,53.84615384615385,64.51612903225806,42.857142857142854,"[[14, 11, 1], [9, 20, 2], [2, 6, 6]]",0.38404891944267383,-0.04929487372446858,0,0
no_lstm,NoLSTM,tp10_L3_p0p65,timepoint_mask,3.0,0.65,run2,fold03,71,67.6056338028169,63.58265390523455,63.48309568648551,0.4934358082473687,76.92307692307693,70.96774193548387,42.857142857142854,"[[20, 4, 2], [4, 22, 5], [6, 2, 6]]",0.5795971101228466,0.3914571370877011,0,0
no_lstm,NoLSTM,tp10_L3_p0p65,timepoint_mask,3.0,0.65,run2,oof_pooled,214,62.616822429906534,60.344358241459105,60.31415748674011,0.41329125049232496,63.29113924050633,67.74193548387096,50.0,"[[50, 21, 8], [15, 63, 15], [8, 13, 21]]",0.49856197836402527,0.17901852083932085,0,0
no_lstm,NoLSTM,tp11_L3_p0p95,timepoint_mask,3.0,0.95,run1,fold01,327,75.22935779816514,72.98224857739544,74.65929369343549,0.5824277209957041,76.11940298507463,76.97368421052632,65.85365853658537,"[[102, 30, 2], [31, 117, 4], [4, 10, 27]]",0.7253086758464351,4.024886525031008,0,0
no_lstm,NoLSTM,tp11_L3_p0p95,timepoint_mask,3.0,0.95,run1,fold02,326,74.23312883435584,73.23841319717204,73.4197528076379,0.5692124265740279,75.3731343283582,74.3421052631579,70.0,"[[101, 30, 3], [31, 113, 8], [5, 7, 28]]",0.7126589026770953,2.679016412258651,1,108
no_lstm,NoLSTM,tp11_L3_p0p95,timepoint_mask,3.0,0.95,run1,fold03,326,77.91411042944786,77.18643623985336,76.36475294195755,0.6335414855138196,77.61194029850746,78.94736842105263,75.0,"[[104, 23, 7], [25, 120, 7], [3, 7, 30]]",0.7632219557791802,5.690102641642139,1,103
no_lstm,NoLSTM,tp11_L3_p0p95,timepoint_mask,3.0,0.95,run1,oof_pooled,979,75.79162410623084,74.4568263510633,74.79679148332708,0.5949564188779985,76.3681592039801,76.75438596491229,70.24793388429752,"[[307, 83, 12], [87, 350, 19], [12, 24, 85]]",0.733721242960705,4.131226460936463,2,211
no_lstm,NoLSTM,tp11_L3_p0p95,timepoint_mask,3.0,0.95,run2,fold01,72,63.888888888888886,63.762303009614826,62.59259259259259,0.45896250049990833,59.25925925925925,67.74193548387096,64.28571428571429,"[[16, 6, 5], [2, 21, 8], [0, 5, 9]]",0.5315749343159647,0.19467281612257162,0,0
no_lstm,NoLSTM,tp11_L3_p0p95,timepoint_mask,3.0,0.95,run2,fold02,71,56.33802816901409,53.73980857851826,55.29980107985223,0.2972806093565435,53.84615384615385,64.51612903225806,42.857142857142854,"[[14, 11, 1], [9, 20, 2], [2, 6, 6]]",0.38404891944267383,-0.04929487372446858,0,0
no_lstm,NoLSTM,tp11_L3_p0p95,timepoint_mask,3.0,0.95,run2,fold03,71,67.6056338028169,63.58265390523455,63.48309568648551,0.4934358082473687,76.92307692307693,70.96774193548387,42.857142857142854,"[[20, 4, 2], [4, 22, 5], [6, 2, 6]]",0.5795971101228466,0.3914571370877011,0,0
no_lstm,NoLSTM,tp11_L3_p0p95,timepoint_mask,3.0,0.95,run2,oof_pooled,214,62.616822429906534,60.344358241459105,60.31415748674011,0.41329125049232496,63.29113924050633,67.74193548387096,50.0,"[[50, 21, 8], [15, 63, 15], [8, 13, 21]]",0.49856197836402527,0.17901852083932085,0,0
no_lstm,NoLSTM,tp12_L4_m0p56,timepoint_mask,4.0,-0.56,run1,fold01,327,72.78287461773701,71.19840463919172,71.53746266718608,0.5456394562816472,75.3731343283582,72.36842105263158,65.85365853658537,"[[101, 30, 3], [33, 110, 9], [4, 10, 27]]",0.7059304920378818,3.6933251311461404,37,6464
no_lstm,NoLSTM,tp12_L4_m0p56,timepoint_mask,4.0,-0.56,run1,fold02,326,73.31288343558282,72.58051846032993,72.31799327250484,0.5558519354417107,75.3731343283582,72.36842105263158,70.0,"[[101, 30, 3], [32, 110, 10], [6, 6, 28]]",0.7015389689673905,2.503235486796,41,7697
no_lstm,NoLSTM,tp12_L4_m0p56,timepoint_mask,4.0,-0.56,run1,fold03,326,76.38036809815951,76.08994501178317,74.35076549998686,0.6120470053429777,77.61194029850746,75.6578947368421,75.0,"[[104, 23, 7], [25, 115, 12], [3, 7, 30]]",0.7466396210542999,5.3620098458625876,32,5591
no_lstm,NoLSTM,tp12_L4_m0p56,timepoint_mask,4.0,-0.56,run1,oof_pooled,979,74.15730337078652,73.27741638335796,72.71860487600583,0.5711438983097967,76.11940298507463,73.46491228070175,70.24793388429752,"[[306, 83, 13], [90, 335, 31], [13, 23, 85]]",0.7180239951414285,3.8526938675500384,110,19752
no_lstm,NoLSTM,tp12_L4_m0p56,timepoint_mask,4.0,-0.56,run2,fold01,72,63.888888888888886,63.762303009614826,62.59259259259259,0.45896250049990833,59.25925925925925,67.74193548387096,64.28571428571429,"[[16, 6, 5], [2, 21, 8], [0, 5, 9]]",0.5315705211922048,0.1946107925226291,1,126
no_lstm,NoLSTM,tp12_L4_m0p56,timepoint_mask,4.0,-0.56,run2,fold02,71,56.33802816901409,53.73980857851826,55.29980107985223,0.2972806093565435,53.84615384615385,64.51612903225806,42.857142857142854,"[[14, 11, 1], [9, 20, 2], [2, 6, 6]]",0.38404891944267383,-0.04929487372446858,0,0
no_lstm,NoLSTM,tp12_L4_m0p56,timepoint_mask,4.0,-0.56,run2,fold03,71,67.6056338028169,63.58265390523455,63.48309568648551,0.4934358082473687,76.92307692307693,70.96774193548387,42.857142857142854,"[[20, 4, 2], [4, 22, 5], [6, 2, 6]]",0.5794263359421422,0.38575253604163584,2,231
no_lstm,NoLSTM,tp12_L4_m0p56,timepoint_mask,4.0,-0.56,run2,oof_pooled,214,62.616822429906534,60.344358241459105,60.31415748674011,0.41329125049232496,63.29113924050633,67.74193548387096,50.0,"[[50, 21, 8], [15, 63, 15], [8, 13, 21]]",0.49850383485121813,0.17710500507545876,3,357
no_lstm,NoLSTM,tp13_L4_m0p55,timepoint_mask,4.0,-0.55,run1,fold01,327,72.78287461773701,71.19840463919172,71.53746266718608,0.5456394562816472,75.3731343283582,72.36842105263158,65.85365853658537,"[[101, 30, 3], [33, 110, 9], [4, 10, 27]]",0.7051238328917647,3.6498324533992816,37,6464
no_lstm,NoLSTM,tp13_L4_m0p55,timepoint_mask,4.0,-0.55,run1,fold02,326,73.00613496932516,72.3612202147159,72.08636786901182,0.550971662917014,75.3731343283582,71.71052631578947,70.0,"[[101, 30, 3], [33, 109, 10], [6, 6, 28]]",0.6999212914921639,2.471484213176132,41,7700
no_lstm,NoLSTM,tp13_L4_m0p55,timepoint_mask,4.0,-0.55,run1,fold03,326,76.38036809815951,76.08994501178317,74.35076549998686,0.6120470053429777,77.61194029850746,75.6578947368421,75.0,"[[104, 23, 7], [25, 115, 12], [3, 7, 30]]",0.7463215800102437,5.337834820065624,32,5586
no_lstm,NoLSTM,tp13_L4_m0p55,timepoint_mask,4.0,-0.55,run1,oof_pooled,979,74.05515832482125,73.20431696815328,72.64100985221674,0.5695107359571687,76.11940298507463,73.24561403508771,70.24793388429752,"[[306, 83, 13], [91, 334, 31], [13, 23, 85]]",0.7171099790249151,3.819543633399773,110,19750
no_lstm,NoLSTM,tp13_L4_m0p55,timepoint_mask,4.0,-0.55,run2,fold01,72,63.888888888888886,63.762303009614826,62.59259259259259,0.45896250049990833,59.25925925925925,67.74193548387096,64.28571428571429,"[[16, 6, 5], [2, 21, 8], [0, 5, 9]]",0.5315725797255355,0.1946388315409422,1,125
no_lstm,NoLSTM,tp13_L4_m0p55,timepoint_mask,4.0,-0.55,run2,fold02,71,56.33802816901409,53.73980857851826,55.29980107985223,0.2972806093565435,53.84615384615385,64.51612903225806,42.857142857142854,"[[14, 11, 1], [9, 20, 2], [2, 6, 6]]",0.38404891944267383,-0.04929487372446858,0,0
no_lstm,NoLSTM,tp13_L4_m0p55,timepoint_mask,4.0,-0.55,run2,fold03,71,67.6056338028169,63.58265390523455,63.48309568648551,0.4934358082473687,76.92307692307693,70.96774193548387,42.857142857142854,"[[20, 4, 2], [4, 22, 5], [6, 2, 6]]",0.5794281845256323,0.38579876070291225,2,229
no_lstm,NoLSTM,tp13_L4_m0p55,timepoint_mask,4.0,-0.55,run2,oof_pooled,214,62.616822429906534,60.344358241459105,60.31415748674011,0.41329125049232496,63.29113924050633,67.74193548387096,50.0,"[[50, 21, 8], [15, 63, 15], [8, 13, 21]]",0.4985051407569546,0.17712977498325858,3,354
no_lstm,NoLSTM,tp14_L5_p0p00,timepoint_mask,5.0,0.0,run1,fold01,327,73.08868501529052,71.44716085809719,71.59703385113319,0.5513539019588829,76.11940298507463,72.36842105263158,65.85365853658537,"[[102, 30, 2], [31, 110, 11], [4, 10, 27]]",0.7107512450886386,3.7746362701593825,39,7896
no_lstm,NoLSTM,tp14_L5_p0p00,timepoint_mask,5.0,0.0,run1,fold02,326,73.61963190184049,72.79981670594395,73.1724998440327,0.5587359980512939,75.3731343283582,73.02631578947368,70.0,"[[101, 30, 3], [34, 111, 7], [5, 7, 28]]",0.7065947618436925,2.6129616339365307,40,7123
no_lstm,NoLSTM,tp14_L5_p0p00,timepoint_mask,5.0,0.0,run1,fold03,326,75.4601226993865,75.43205027494109,73.64320886730141,0.5974507893023522,77.61194029850746,73.68421052631578,75.0,"[[104, 23, 7], [28, 112, 12], [3, 7, 30]]",0.7382065035933266,5.078340796193828,54,9609
no_lstm,NoLSTM,tp14_L5_p0p00,timepoint_mask,5.0,0.0,run1,oof_pooled,979,74.05515832482125,73.21413629258377,72.76957322320227,0.5690925550341979,76.3681592039801,73.02631578947368,70.24793388429752,"[[307, 83, 12], [93, 333, 30], [12, 24, 85]]",0.7185095706603198,3.8219312079311694,133,24628
no_lstm,NoLSTM,tp14_L5_p0p00,timepoint_mask,5.0,0.0,run2,fold01,72,62.5,61.381350628662446,60.816798941798936,0.4336200205931348,59.25925925925925,67.74193548387096,57.14285714285714,"[[16, 6, 5], [2, 21, 8], [0, 6, 8]]",0.5265617801172388,0.17287700787548804,2,400
no_lstm,NoLSTM,tp14_L5_p0p00,timepoint_mask,5.0,0.0,run2,fold02,71,54.929577464788736,51.35885619756587,52.775840243870945,0.2714189397390067,53.84615384615385,64.51612903225806,35.714285714285715,"[[14, 11, 1], [9, 20, 2], [2, 7, 5]]",0.3809566466321408,-0.0724856280721724,1,191
no_lstm,NoLSTM,tp14_L5_p0p00,timepoint_mask,5.0,0.0,run2,fold03,71,67.6056338028169,63.58265390523455,63.48309568648551,0.4934358082473687,76.92307692307693,70.96774193548387,42.857142857142854,"[[20, 4, 2], [4, 22, 5], [6, 2, 6]]",0.5795971101228466,0.3914571370877011,0,0
no_lstm,NoLSTM,tp14_L5_p0p00,timepoint_mask,5.0,0.0,run2,oof_pooled,214,61.6822429906542,58.757056654157516,58.88418964076859,0.39659907627856095,63.29113924050633,67.74193548387096,45.23809523809524,"[[50, 21, 8], [15, 63, 15], [8, 15, 19]]",0.49584936868245466,0.16399122293054988,3,591
no_lstm,NoLSTM,tp15_L5_p0p04,timepoint_mask,5.0,0.04,run1,fold01,327,72.78287461773701,71.22786261248315,71.36397194536728,0.5464327603672862,76.11940298507463,71.71052631578947,65.85365853658537,"[[102, 30, 2], [32, 109, 11], [4, 10, 27]]",0.7074720875240929,3.8146527696383794,42,8191
no_lstm,NoLSTM,tp15_L5_p0p04,timepoint_mask,5.0,0.04,run1,fold02,326,73.92638036809815,73.019114951558,73.40205014623619,0.5636686566618243,75.3731343283582,73.68421052631578,70.0,"[[101, 30, 3], [33, 112, 7], [5, 7, 28]]",0.7078681692069281,2.6403210167630227,40,7119
no_lstm,NoLSTM,tp15_L5_p0p04,timepoint_mask,5.0,0.04,run1,fold03,326,76.07361963190185,75.87064676616916,74.4386547809186,0.605842239322644,77.61194029850746,75.0,75.0,"[[104, 23, 7], [28, 114, 10], [3, 7, 30]]",0.7394147066233787,5.0694147283954125,54,9599
no_lstm,NoLSTM,tp15_L5_p0p04,timepoint_mask,5.0,0.04,run1,oof_pooled,979,74.25944841675178,73.36033512299312,73.04863715858338,0.5719490049735283,76.3681592039801,73.46491228070175,70.24793388429752,"[[307, 83, 12], [93, 335, 28], [12, 24, 85]]",0.7182406436578737,3.8414354531086823,136,24909
no_lstm,NoLSTM,tp15_L5_p0p04,timepoint_mask,5.0,0.04,run2,fold01,72,62.5,61.381350628662446,60.816798941798936,0.4336200205931348,59.25925925925925,67.74193548387096,57.14285714285714,"[[16, 6, 5], [2, 21, 8], [0, 6, 8]]",0.5264715624855145,0.17235993737510094,2,400
no_lstm,NoLSTM,tp15_L5_p0p04,timepoint_mask,5.0,0.04,run2,fold02,71,54.929577464788736,51.35885619756587,52.775840243870945,0.2714189397390067,53.84615384615385,64.51612903225806,35.714285714285715,"[[14, 11, 1], [9, 20, 2], [2, 7, 5]]",0.3809610588449827,-0.07246150917858935,1,195
no_lstm,NoLSTM,tp15_L5_p0p04,timepoint_mask,5.0,0.04,run2,fold03,71,67.6056338028169,63.58265390523455,63.48309568648551,0.4934358082473687,76.92307692307693,70.96774193548387,42.857142857142854,"[[20, 4, 2], [4, 22, 5], [6, 2, 6]]",0.5795971101228466,0.3914571370877011,0,0
no_lstm,NoLSTM,tp15_L5_p0p04,timepoint_mask,5.0,0.04,run2,oof_pooled,214,61.6822429906542,58.757056654157516,58.88418964076859,0.39659907627856095,63.29113924050633,67.74193548387096,45.23809523809524,"[[50, 21, 8], [15, 63, 15], [8, 15, 19]]",0.4958204789517427,0.16382525734838413,3,595
no_lstm,NoLSTM,tp16_L5_p0p05,timepoint_mask,5.0,0.05,run1,fold01,327,72.47706422018348,71.00856436686912,71.13064713064713,0.5415303751750715,76.11940298507463,71.05263157894737,65.85365853658537,"[[102, 30, 2], [33, 108, 11], [4, 10, 27]]",0.705714536309899,3.803943313302227,42,8191
no_lstm,NoLSTM,tp16_L5_p0p05,timepoint_mask,5.0,0.05,run1,fold02,326,73.61963190184049,72.79981670594395,73.1724998440327,0.5587359980512939,75.3731343283582,73.02631578947368,70.0,"[[101, 30, 3], [34, 111, 7], [5, 7, 28]]",0.7068630491810162,2.6420040368702424,40,7119
no_lstm,NoLSTM,tp16_L5_p0p05,timepoint_mask,5.0,0.05,run1,fold03,326,75.76687116564416,75.65134852055513,74.20424125664726,0.6009825698162041,77.61194029850746,74.3421052631579,75.0,"[[104, 23, 7], [29, 113, 10], [3, 7, 30]]",0.7384197069964936,5.085549467957459,54,9597
no_lstm,NoLSTM,tp16_L5_p0p05,timepoint_mask,5.0,0.05,run1,oof_pooled,979,73.95301327885598,73.1410368773791,72.81621132233286,0.5670516409228304,76.3681592039801,72.80701754385966,70.24793388429752,"[[307, 83, 12], [96, 332, 28], [12, 24, 85]]",0.7169875708755926,3.843791528114054,136,24907
no_lstm,NoLSTM,tp16_L5_p0p05,timepoint_mask,5.0,0.05,run2,fold01,72,62.5,61.381350628662446,60.816798941798936,0.4336200205931348,59.25925925925925,67.74193548387096,57.14285714285714,"[[16, 6, 5], [2, 21, 8], [0, 6, 8]]",0.5271285817943863,0.17573079408935477,2,400
no_lstm,NoLSTM,tp16_L5_p0p05,timepoint_mask,5.0,0.05,run2,fold02,71,54.929577464788736,51.35885619756587,52.775840243870945,0.2714189397390067,53.84615384615385,64.51612903225806,35.714285714285715,"[[14, 11, 1], [9, 20, 2], [2, 7, 5]]",0.38095843519123507,-0.0724769106829985,1,196
no_lstm,NoLSTM,tp16_L5_p0p05,timepoint_mask,5.0,0.05,run2,fold03,71,67.6056338028169,63.58265390523455,63.48309568648551,0.4934358082473687,76.92307692307693,70.96774193548387,42.857142857142854,"[[20, 4, 2], [4, 22, 5], [6, 2, 6]]",0.5795971101228466,0.3914571370877011,0,0
no_lstm,NoLSTM,tp16_L5_p0p05,timepoint_mask,5.0,0.05,run2,oof_pooled,214,61.6822429906542,58.757056654157516,58.88418964076859,0.39659907627856095,63.29113924050633,67.74193548387096,45.23809523809524,"[[50, 21, 8], [15, 63, 15], [8, 15, 19]]",0.4960406617125963,0.16495426751947395,3,596
no_lstm,NoLSTM,tp17_L5_p0p06,timepoint_mask,5.0,0.06,run1,fold01,327,72.78287461773701,71.22786261248315,71.36397194536728,0.5464327603672862,76.11940298507463,71.71052631578947,65.85365853658537,"[[102, 30, 2], [32, 109, 11], [4, 10, 27]]",0.7076848735518769,3.826010293651953,42,8190
no_lstm,NoLSTM,tp17_L5_p0p06,timepoint_mask,5.0,0.06,run1,fold02,326,73.92638036809815,73.019114951558,73.40205014623619,0.5636686566618243,75.3731343283582,73.68421052631578,70.0,"[[101, 30, 3], [33, 112, 7], [5, 7, 28]]",0.7078201860658183,2.626184329841903,40,7119
no_lstm,NoLSTM,tp17_L5_p0p06,timepoint_mask,5.0,0.06,run1,fold03,326,76.07361963190185,75.87064676616916,74.4386547809186,0.605842239322644,77.61194029850746,75.0,75.0,"[[104, 23, 7], [28, 114, 10], [3, 7, 30]]",0.7441894199469393,5.162196508694463,54,9595
no_lstm,NoLSTM,tp17_L5_p0p06,timepoint_mask,5.0,0.06,run1,oof_pooled,979,74.25944841675178,73.36033512299312,73.04863715858338,0.5719490049735283,76.3681592039801,73.46491228070175,70.24793388429752,"[[307, 83, 12], [93, 335, 28], [12, 24, 85]]",0.7198856845879701,3.871417282315673,136,24904
no_lstm,NoLSTM,tp17_L5_p0p06,timepoint_mask,5.0,0.06,run2,fold01,72,62.5,61.381350628662446,60.816798941798936,0.4336200205931348,59.25925925925925,67.74193548387096,57.14285714285714,"[[16, 6, 5], [2, 21, 8], [0, 6, 8]]",0.52651682807401,0.17264405491813603,2,400
no_lstm,NoLSTM,tp17_L5_p0p06,timepoint_mask,5.0,0.06,run2,fold02,71,54.929577464788736,51.35885619756587,52.775840243870945,0.2714189397390067,53.84615384615385,64.51612903225806,35.714285714285715,"[[14, 11, 1], [9, 20, 2], [2, 7, 5]]",0.3809566636320571,-0.07249085565136981,1,197
no_lstm,NoLSTM,tp17_L5_p0p06,timepoint_mask,5.0,0.06,run2,fold03,71,67.6056338028169,63.58265390523455,63.48309568648551,0.4934358082473687,76.92307692307693,70.96774193548387,42.857142857142854,"[[20, 4, 2], [4, 22, 5], [6, 2, 6]]",0.5795971101228466,0.3914571370877011,0,0
no_lstm,NoLSTM,tp17_L5_p0p06,timepoint_mask,5.0,0.06,run2,oof_pooled,214,61.6822429906542,58.757056654157516,58.88418964076859,0.39659907627856095,63.29113924050633,67.74193548387096,45.23809523809524,"[[50, 21, 8], [15, 63, 15], [8, 15, 19]]",0.4958342502706864,0.16391111185086596,3,597
no_lstm,NoLSTM,tp18_L5_p0p07,timepoint_mask,5.0,0.07,run1,fold01,327,72.47706422018348,71.00856436686912,71.13064713064713,0.5415303751750715,76.11940298507463,71.05263157894737,65.85365853658537,"[[102, 30, 2], [33, 108, 11], [4, 10, 27]]",0.7058416413789088,3.800600099721952,42,8189
no_lstm,NoLSTM,tp18_L5_p0p07,timepoint_mask,5.0,0.07,run1,fold02,326,73.61963190184049,72.79981670594395,73.1724998440327,0.5587359980512939,75.3731343283582,73.02631578947368,70.0,"[[101, 30, 3], [34, 111, 7], [5, 7, 28]]",0.7047193592453564,2.628627132230147,40,7119
no_lstm,NoLSTM,tp18_L5_p0p07,timepoint_mask,5.0,0.07,run1,fold03,326,76.38036809815951,76.08994501178317,74.67284499365473,0.6107218781509064,77.61194029850746,75.6578947368421,75.0,"[[104, 23, 7], [27, 115, 10], [3, 7, 30]]",0.7460283139948977,5.139630397450339,54,9592
no_lstm,NoLSTM,tp18_L5_p0p07,timepoint_mask,5.0,0.07,run1,oof_pooled,979,74.15730337078652,73.28723570778844,72.97119048298222,0.570314422256385,76.3681592039801,73.24561403508771,70.24793388429752,"[[307, 83, 12], [94, 334, 28], [12, 24, 85]]",0.7188498040931828,3.8562289962052265,136,24900
no_lstm,NoLSTM,tp18_L5_p0p07,timepoint_mask,5.0,0.07,run2,fold01,72,62.5,61.381350628662446,60.816798941798936,0.4336200205931348,59.25925925925925,67.74193548387096,57.14285714285714,"[[16, 6, 5], [2, 21, 8], [0, 6, 8]]",0.5265767535076722,0.172967219298395,2,400
no_lstm,NoLSTM,tp18_L5_p0p07,timepoint_mask,5.0,0.07,run2,fold02,71,54.929577464788736,51.35885619756587,52.775840243870945,0.2714189397390067,53.84615384615385,64.51612903225806,35.714285714285715,"[[14, 11, 1], [9, 20, 2], [2, 7, 5]]",0.3809556392296939,-0.0724985996379294,1,198
no_lstm,NoLSTM,tp18_L5_p0p07,timepoint_mask,5.0,0.07,run2,fold03,71,67.6056338028169,63.58265390523455,63.48309568648551,0.4934358082473687,76.92307692307693,70.96774193548387,42.857142857142854,"[[20, 4, 2], [4, 22, 5], [6, 2, 6]]",0.5795971101228466,0.3914571370877011,0,0
no_lstm,NoLSTM,tp18_L5_p0p07,timepoint_mask,5.0,0.07,run2,oof_pooled,214,61.6822429906542,58.757056654157516,58.88418964076859,0.39659907627856095,63.29113924050633,67.74193548387096,45.23809523809524,"[[50, 21, 8], [15, 63, 15], [8, 15, 19]]",0.4958540722270223,0.16401727078700107,3,598
no_lstm,NoLSTM,tp19_L5_p0p08,timepoint_mask,5.0,0.08,run1,fold01,327,72.78287461773701,71.22786261248315,71.36397194536728,0.5464327603672862,76.11940298507463,71.71052631578947,65.85365853658537,"[[102, 30, 2], [32, 109, 11], [4, 10, 27]]",0.707461178409191,3.811319637627822,42,8188
no_lstm,NoLSTM,tp19_L5_p0p08,timepoint_mask,5.0,0.08,run1,fold02,326,73.61963190184049,72.79981670594395,73.1724998440327,0.5587359980512939,75.3731343283582,73.02631578947368,70.0,"[[101, 30, 3], [34, 111, 7], [5, 7, 28]]",0.7060630405124101,2.6142698544151854,40,7119
no_lstm,NoLSTM,tp19_L5_p0p08,timepoint_mask,5.0,0.08,run1,fold03,326,75.76687116564416,75.65134852055513,74.03846924923101,0.6016305592896941,77.61194029850746,74.3421052631579,75.0,"[[104, 23, 7], [28, 113, 11], [3, 7, 30]]",0.7406656908006269,5.147805927218469,54,9589
no_lstm,NoLSTM,tp19_L5_p0p08,timepoint_mask,5.0,0.08,run1,oof_pooled,979,74.05515832482125,73.21413629258377,72.83123046230489,0.5688863124963367,76.3681592039801,73.02631578947368,70.24793388429752,"[[307, 83, 12], [94, 333, 29], [12, 24, 85]]",0.7180524736954601,3.857750997259315,136,24896
no_lstm,NoLSTM,tp19_L5_p0p08,timepoint_mask,5.0,0.08,run2,fold01,72,62.5,61.381350628662446,60.816798941798936,0.4336200205931348,59.25925925925925,67.74193548387096,57.14285714285714,"[[16, 6, 5], [2, 21, 8], [0, 6, 8]]",0.5278392003731116,0.1790461326955766,2,400
no_lstm,NoLSTM,tp19_L5_p0p08,timepoint_mask,5.0,0.08,run2,fold02,71,54.929577464788736,51.35885619756587,52.775840243870945,0.2714189397390067,53.84615384615385,64.51612903225806,35.714285714285715,"[[14, 11, 1], [9, 20, 2], [2, 7, 5]]",0.38095465218517144,-0.07250609848989358,1,199
no_lstm,NoLSTM,tp19_L5_p0p08,timepoint_mask,5.0,0.08,run2,fold03,71,67.6056338028169,63.58265390523455,63.48309568648551,0.4934358082473687,76.92307692307693,70.96774193548387,42.857142857142854,"[[20, 4, 2], [4, 22, 5], [6, 2, 6]]",0.5795971101228466,0.3914571370877011,0,0
no_lstm,NoLSTM,tp19_L5_p0p08,timepoint_mask,5.0,0.08,run2,oof_pooled,214,61.6822429906542,58.757056654157516,58.88418964076859,0.39659907627856095,63.29113924050633,67.74193548387096,45.23809523809524,"[[50, 21, 8], [15, 63, 15], [8, 15, 19]]",0.49627849322772577,0.166060024740775,3,599
no_lstm,NoLSTM,tp20_L5_p0p12,timepoint_mask,5.0,0.12,run1,fold01,327,72.78287461773701,71.22786261248315,71.36397194536728,0.5464327603672862,76.11940298507463,71.71052631578947,65.85365853658537,"[[102, 30, 2], [32, 109, 11], [4, 10, 27]]",0.7075762976623848,3.7863049684804424,42,8185
no_lstm,NoLSTM,tp20_L5_p0p12,timepoint_mask,5.0,0.12,run1,fold02,326,73.31288343558282,72.58051846032993,72.94267085571433,0.5538222384587292,75.3731343283582,72.36842105263158,70.0,"[[101, 30, 3], [35, 110, 7], [5, 7, 28]]",0.7059113446019428,2.690702099461634,39,7021
no_lstm,NoLSTM,tp20_L5_p0p12,timepoint_mask,5.0,0.12,run1,fold03,326,75.76687116564416,75.65134852055513,74.03846924923101,0.6016305592896941,77.61194029850746,74.3421052631579,75.0,"[[104, 23, 7], [28, 113, 11], [3, 7, 30]]",0.7377643369294091,5.090054231872953,54,9677
no_lstm,NoLSTM,tp20_L5_p0p12,timepoint_mask,5.0,0.12,run1,oof_pooled,979,73.95301327885598,73.1410368773791,72.75365103482267,0.5672558146835777,76.3681592039801,72.80701754385966,70.24793388429752,"[[307, 83, 12], [95, 332, 29], [12, 24, 85]]",0.7170742814247402,3.855616229528274,135,24883
no_lstm,NoLSTM,tp20_L5_p0p12,timepoint_mask,5.0,0.12,run2,fold01,72,62.5,61.381350628662446,60.816798941798936,0.4336200205931348,59.25925925925925,67.74193548387096,57.14285714285714,"[[16, 6, 5], [2, 21, 8], [0, 6, 8]]",0.5265231985273809,0.17265360553089218,2,400
no_lstm,NoLSTM,tp20_L5_p0p12,timepoint_mask,5.0,0.12,run2,fold02,71,54.929577464788736,51.35885619756587,52.775840243870945,0.2714189397390067,53.84615384615385,64.51612903225806,35.714285714285715,"[[14, 11, 1], [9, 20, 2], [2, 7, 5]]",0.380957864539724,-0.07248515207451624,1,200
no_lstm,NoLSTM,tp20_L5_p0p12,timepoint_mask,5.0,0.12,run2,fold03,71,67.6056338028169,63.58265390523455,63.48309568648551,0.4934358082473687,76.92307692307693,70.96774193548387,42.857142857142854,"[[20, 4, 2], [4, 22, 5], [6, 2, 6]]",0.5795971101228466,0.3914571370877011,0,0
no_lstm,NoLSTM,tp20_L5_p0p12,timepoint_mask,5.0,0.12,run2,oof_pooled,214,61.6822429906542,58.757056654157516,58.88418964076859,0.39659907627856095,63.29113924050633,67.74193548387096,45.23809523809524,"[[50, 21, 8], [15, 63, 15], [8, 15, 19]]",0.4958367920327754,0.16391621744934748,3,600
no_lstm,NoLSTM,tp21_L5_p0p13,timepoint_mask,5.0,0.13,run1,fold01,327,72.47706422018348,71.00856436686912,71.31751824817519,0.5409250406192406,76.11940298507463,71.05263157894737,65.85365853658537,"[[102, 30, 2], [34, 108, 10], [4, 10, 27]]",0.7044534778304659,3.7869221781457374,44,8386
no_lstm,NoLSTM,tp21_L5_p0p13,timepoint_mask,5.0,0.13,run1,fold02,326,73.61963190184049,72.79981670594395,73.1724998440327,0.5587359980512939,75.3731343283582,73.02631578947368,70.0,"[[101, 30, 3], [34, 111, 7], [5, 7, 28]]",0.7068561945250372,2.670319819234403,39,7022
no_lstm,NoLSTM,tp21_L5_p0p13,timepoint_mask,5.0,0.13,run1,fold03,326,76.68711656441718,76.30924325739721,74.90682931917144,0.6156219543627627,77.61194029850746,76.31578947368422,75.0,"[[104, 23, 7], [26, 116, 10], [3, 7, 30]]",0.744884692678043,5.1137513539131065,53,9575
no_lstm,NoLSTM,tp21_L5_p0p13,timepoint_mask,5.0,0.13,run1,oof_pooled,979,74.25944841675178,73.36033512299312,73.1118078012628,0.5717462410295293,76.3681592039801,73.46491228070175,70.24793388429752,"[[307, 83, 12], [94, 335, 27], [12, 24, 85]]",0.7187168707648278,3.856926205004846,136,24983
no_lstm,NoLSTM,tp21_L5_p0p13,timepoint_mask,5.0,0.13,run2,fold01,72,62.5,61.381350628662446,60.816798941798936,0.4336200205931348,59.25925925925925,67.74193548387096,57.14285714285714,"[[16, 6, 5], [2, 21, 8], [0, 6, 8]]",0.5265318925270953,0.17272183152898732,2,400
no_lstm,NoLSTM,tp21_L5_p0p13,timepoint_mask,5.0,0.13,run2,fold02,71,54.929577464788736,51.35885619756587,52.775840243870945,0.2714189397390067,53.84615384615385,64.51612903225806,35.714285714285715,"[[14, 11, 1], [9, 20, 2], [2, 7, 5]]",0.38095634441140674,-0.07249263539569269,1,200
no_lstm,NoLSTM,tp21_L5_p0p13,timepoint_mask,5.0,0.13,run2,fold03,71,67.6056338028169,63.58265390523455,63.48309568648551,0.4934358082473687,76.92307692307693,70.96774193548387,42.857142857142854,"[[20, 4, 2], [4, 22, 5], [6, 2, 6]]",0.5795971101228466,0.3914571370877011,0,0
no_lstm,NoLSTM,tp21_L5_p0p13,timepoint_mask,5.0,0.13,run2,oof_pooled,214,61.6822429906542,58.757056654157516,58.88418964076859,0.39659907627856095,63.29113924050633,67.74193548387096,45.23809523809524,"[[50, 21, 8], [15, 63, 15], [8, 15, 19]]",0.4958392127751535,0.16393668920663404,3,600
no_lstm,NoLSTM,tp22_L5_p0p33,timepoint_mask,5.0,0.33,run1,fold01,327,71.86544342507645,70.56996787564105,70.48238429280879,0.5323999607059312,76.11940298507463,69.73684210526315,65.85365853658537,"[[102, 30, 2], [34, 106, 12], [4, 10, 27]]",0.6998176280545911,3.6816564479455445,46,8487
no_lstm,NoLSTM,tp22_L5_p0p33,timepoint_mask,5.0,0.33,run1,fold02,326,73.61963190184049,72.79981670594395,73.1724998440327,0.5587359980512939,75.3731343283582,73.02631578947368,70.0,"[[101, 30, 3], [34, 111, 7], [5, 7, 28]]",0.7050276334017661,2.608490193496955,39,7151
no_lstm,NoLSTM,tp22_L5_p0p33,timepoint_mask,5.0,0.33,run1,fold03,326,76.07361963190185,75.87064676616916,74.27359516911757,0.6064929439200636,77.61194029850746,75.0,75.0,"[[104, 23, 7], [27, 114, 11], [3, 7, 30]]",0.7435590117651758,5.137784655257328,53,9544
no_lstm,NoLSTM,tp22_L5_p0p33,timepoint_mask,5.0,0.33,run1,oof_pooled,979,73.8508682328907,73.06793746217441,72.61423404607567,0.5658333247645873,76.3681592039801,72.58771929824562,70.24793388429752,"[[307, 83, 12], [95, 331, 30], [12, 24, 85]]",0.716118090600893,3.8091800400123486,138,25182
no_lstm,NoLSTM,tp22_L5_p0p33,timepoint_mask,5.0,0.33,run2,fold01,72,62.5,61.381350628662446,60.816798941798936,0.4336200205931348,59.25925925925925,67.74193548387096,57.14285714285714,"[[16, 6, 5], [2, 21, 8], [0, 6, 8]]",0.518673383613835,0.09086565785886101,4,606
no_lstm,NoLSTM,tp22_L5_p0p33,timepoint_mask,5.0,0.33,run2,fold02,71,54.929577464788736,51.35885619756587,52.775840243870945,0.2714189397390067,53.84615384615385,64.51612903225806,35.714285714285715,"[[14, 11, 1], [9, 20, 2], [2, 7, 5]]",0.3779994991253799,-0.10801635196589877,3,411
no_lstm,NoLSTM,tp22_L5_p0p33,timepoint_mask,5.0,0.33,run2,fold03,71,67.6056338028169,63.58265390523455,63.5016835016835,0.49171810730384663,76.92307692307693,70.96774193548387,42.857142857142854,"[[20, 4, 2], [4, 22, 5], [5, 3, 6]]",0.5779602024694226,0.31305017017982373,1,105
no_lstm,NoLSTM,tp22_L5_p0p33,timepoint_mask,5.0,0.33,run2,oof_pooled,214,61.6822429906542,58.757056654157516,58.91607829809112,0.39648724763808385,63.29113924050633,67.74193548387096,45.23809523809524,"[[50, 21, 8], [15, 63, 15], [7, 16, 19]]",0.49167113286648173,0.09859686195806852,8,1122
no_lstm,NoLSTM,tp23_L5_p0p35,timepoint_mask,5.0,0.35,run1,fold01,327,71.86544342507645,70.56996787564105,70.48238429280879,0.5323999607059312,76.11940298507463,69.73684210526315,65.85365853658537,"[[102, 30, 2], [34, 106, 12], [4, 10, 27]]",0.69974721401422,3.6726726544280437,46,8497
no_lstm,NoLSTM,tp23_L5_p0p35,timepoint_mask,5.0,0.35,run1,fold02,326,72.69938650306749,72.14192196910186,72.48211074925877,0.544049510959602,75.3731343283582,71.05263157894737,70.0,"[[101, 30, 3], [37, 108, 7], [5, 7, 28]]",0.7002714328718019,2.5400321724441794,39,7151
no_lstm,NoLSTM,tp23_L5_p0p35,timepoint_mask,5.0,0.35,run1,fold03,326,76.07361963190185,75.87064676616916,74.27359516911757,0.6064929439200636,77.61194029850746,75.0,75.0,"[[104, 23, 7], [27, 114, 11], [3, 7, 30]]",0.7419018828046571,5.112323962894777,53,9542
no_lstm,NoLSTM,tp23_L5_p0p35,timepoint_mask,5.0,0.35,run1,oof_pooled,979,73.54443309499489,72.84863921656037,72.38100078601872,0.5609601123862243,76.3681592039801,71.9298245614035,70.24793388429752,"[[307, 83, 12], [98, 328, 30], [12, 24, 85]]",0.7139589784404246,3.77490506447239,138,25190
no_lstm,NoLSTM,tp23_L5_p0p35,timepoint_mask,5.0,0.35,run2,fold01,72,62.5,61.381350628662446,60.816798941798936,0.4336200205931348,59.25925925925925,67.74193548387096,57.14285714285714,"[[16, 6, 5], [2, 21, 8], [0, 6, 8]]",0.5186512116949112,0.09342145101012043,4,610
no_lstm,NoLSTM,tp23_L5_p0p35,timepoint_mask,5.0,0.35,run2,fold02,71,54.929577464788736,51.35885619756587,52.775840243870945,0.2714189397390067,53.84615384615385,64.51612903225806,35.714285714285715,"[[14, 11, 1], [9, 20, 2], [2, 7, 5]]",0.3780008192948053,-0.10802965975222244,3,415
no_lstm,NoLSTM,tp23_L5_p0p35,timepoint_mask,5.0,0.35,run2,fold03,71,67.6056338028169,63.58265390523455,63.5016835016835,0.49171810730384663,76.92307692307693,70.96774193548387,42.857142857142854,"[[20, 4, 2], [4, 22, 5], [5, 3, 6]]",0.5779602001534135,0.31304574432507365,1,107
no_lstm,NoLSTM,tp23_L5_p0p35,timepoint_mask,5.0,0.35,run2,oof_pooled,214,61.6822429906542,58.757056654157516,58.91607829809112,0.39648724763808385,63.29113924050633,67.74193548387096,45.23809523809524,"[[50, 21, 8], [15, 63, 15], [7, 16, 19]]",0.49166411038718294,0.0994508713897248,8,1132
no_lstm,NoLSTM,tp24_L5_p0p70,timepoint_mask,5.0,0.7,run1,fold01,327,69.72477064220183,69.03488015634281,68.15938139136742,0.5014130227440949,76.11940298507463,65.13157894736842,65.85365853658537,"[[102, 30, 2], [37, 99, 16], [4, 10, 27]]",0.685680547230238,3.581197340539813,48,9105
no_lstm,NoLSTM,tp24_L5_p0p70,timepoint_mask,5.0,0.7,run1,fold02,326,73.61963190184049,72.79981670594395,72.95958331401371,0.5593256277649755,75.3731343283582,73.02631578947368,70.0,"[[101, 30, 3], [33, 111, 8], [5, 7, 28]]",0.7060729765224119,2.6222067604389934,41,7282
no_lstm,NoLSTM,tp24_L5_p0p70,timepoint_mask,5.0,0.7,run1,fold03,326,76.07361963190185,75.87064676616916,74.27359516911757,0.6064929439200636,77.61194029850746,75.0,75.0,"[[104, 23, 7], [27, 114, 11], [3, 7, 30]]",0.7439204652325224,5.164325900135871,48,9027
no_lstm,NoLSTM,tp24_L5_p0p70,timepoint_mask,5.0,0.7,run1,oof_pooled,979,73.13585291113381,72.55624155574166,71.77001432459451,0.5555429004832442,76.3681592039801,71.05263157894737,70.24793388429752,"[[307, 83, 12], [97, 324, 35], [12, 24, 85]]",0.7118645566459617,3.789030825029545,137,25414
no_lstm,NoLSTM,tp24_L5_p0p70,timepoint_mask,5.0,0.7,run2,fold01,72,62.5,61.381350628662446,60.816798941798936,0.4336200205931348,59.25925925925925,67.74193548387096,57.14285714285714,"[[16, 6, 5], [2, 21, 8], [0, 6, 8]]",0.5175253137026125,0.0887322522984404,4,669
no_lstm,NoLSTM,tp24_L5_p0p70,timepoint_mask,5.0,0.7,run2,fold02,71,54.929577464788736,51.35885619756587,52.775840243870945,0.2714189397390067,53.84615384615385,64.51612903225806,35.714285714285715,"[[14, 11, 1], [9, 20, 2], [2, 7, 5]]",0.3780045469462032,-0.10868871670452432,3,485
no_lstm,NoLSTM,tp24_L5_p0p70,timepoint_mask,5.0,0.7,run2,fold03,71,67.6056338028169,63.58265390523455,63.5016835016835,0.49171810730384663,76.92307692307693,70.96774193548387,42.857142857142854,"[[20, 4, 2], [4, 22, 5], [5, 3, 6]]",0.5860721670248406,0.412958957936982,3,374
no_lstm,NoLSTM,tp24_L5_p0p70,timepoint_mask,5.0,0.7,run2,oof_pooled,214,61.6822429906542,58.757056654157516,58.91607829809112,0.39648724763808385,63.29113924050633,67.74193548387096,45.23809523809524,"[[50, 21, 8], [15, 63, 15], [7, 16, 19]]",0.4939778938249168,0.1308033144532346,10,1528
