architecture,architecture_label,condition_id,condition_type,target_label,time_s,stage,scope,true_class,pred_class,count
full,Full,clean,clean,,,run1,fold01,0,0,112
full,Full,clean,clean,,,run1,fold01,0,1,20
full,Full,clean,clean,,,run1,fold01,0,2,2
full,Full,clean,clean,,,run1,fold01,1,0,25
full,Full,clean,clean,,,run1,fold01,1,1,126
full,Full,clean,clean,,,run1,fold01,1,2,1
full,Full,clean,clean,,,run1,fold01,2,0,5
full,Full,clean,clean,,,run1,fold01,2,1,10
full,Full,clean,clean,,,run1,fold01,2,2,26
full,Full,clean,clean,,,run1,fold02,0,0,105
full,Full,clean,clean,,,run1,fold02,0,1,27
full,Full,clean,clean,,,run1,fold02,0,2,2
full,Full,clean,clean,,,run1,fold02,1,0,20
full,Full,clean,clean,,,run1,fold02,1,1,127
full,Full,clean,clean,,,run1,fold02,1,2,5
full,Full,clean,clean,,,run1,fold02,2,0,2
full,Full,clean,clean,,,run1,fold02,2,1,4
full,Full,clean,clean,,,run1,fold02,2,2,34
full,Full,clean,clean,,,run1,fold03,0,0,111
full,Full,clean,clean,,,run1,fold03,0,1,21
full,Full,clean,clean,,,run1,fold03,0,2,2
full,Full,clean,clean,,,run1,fold03,1,0,17
full,Full,clean,clean,,,run1,fold03,1,1,135
full,Full,clean,clean,,,run1,fold03,1,2,0
full,Full,clean,clean,,,run1,fold03,2,0,4
full,Full,clean,clean,,,run1,fold03,2,1,8
full,Full,clean,clean,,,run1,fold03,2,2,28
full,Full,clean,clean,,,run1,oof_pooled,0,0,328
full,Full,clean,clean,,,run1,oof_pooled,0,1,68
full,Full,clean,clean,,,run1,oof_pooled,0,2,6
full,Full,clean,clean,,,run1,oof_pooled,1,0,62
full,Full,clean,clean,,,run1,oof_pooled,1,1,388
full,Full,clean,clean,,,run1,oof_pooled,1,2,6
full,Full,clean,clean,,,run1,oof_pooled,2,0,11
full,Full,clean,clean,,,run1,oof_pooled,2,1,22
full,Full,clean,clean,,,run1,oof_pooled,2,2,88
full,Full,clean,clean,,,run2,fold01,0,0,22
full,Full,clean,clean,,,run2,fold01,0,1,3
full,Full,clean,clean,,,run2,fold01,0,2,2
full,Full,clean,clean,,,run2,fold01,1,0,8
full,Full,clean,clean,,,run2,fold01,1,1,21
full,Full,clean,clean,,,run2,fold01,1,2,2
full,Full,clean,clean,,,run2,fold01,2,0,2
full,Full,clean,clean,,,run2,fold01,2,1,5
full,Full,clean,clean,,,run2,fold01,2,2,7
full,Full,clean,clean,,,run2,fold02,0,0,21
full,Full,clean,clean,,,run2,fold02,0,1,5
full,Full,clean,clean,,,run2,fold02,0,2,0
full,Full,clean,clean,,,run2,fold02,1,0,10
full,Full,clean,clean,,,run2,fold02,1,1,18
full,Full,clean,clean,,,run2,fold02,1,2,3
full,Full,clean,clean,,,run2,fold02,2,0,2
full,Full,clean,clean,,,run2,fold02,2,1,4
full,Full,clean,clean,,,run2,fold02,2,2,8
full,Full,clean,clean,,,run2,fold03,0,0,20
full,Full,clean,clean,,,run2,fold03,0,1,5
full,Full,clean,clean,,,run2,fold03,0,2,1
full,Full,clean,clean,,,run2,fold03,1,0,6
full,Full,clean,clean,,,run2,fold03,1,1,23
full,Full,clean,clean,,,run2,fold03,1,2,2
full,Full,clean,clean,,,run2,fold03,2,0,5
full,Full,clean,clean,,,run2,fold03,2,1,5
full,Full,clean,clean,,,run2,fold03,2,2,4
full,Full,clean,clean,,,run2,oof_pooled,0,0,63
full,Full,clean,clean,,,run2,oof_pooled,0,1,13
full,Full,clean,clean,,,run2,oof_pooled,0,2,3
full,Full,clean,clean,,,run2,oof_pooled,1,0,24
full,Full,clean,clean,,,run2,oof_pooled,1,1,62
full,Full,clean,clean,,,run2,oof_pooled,1,2,7
full,Full,clean,clean,,,run2,oof_pooled,2,0,9
full,Full,clean,clean,,,run2,oof_pooled,2,1,14
full,Full,clean,clean,,,run2,oof_pooled,2,2,19
full,Full,tp01_L1_m0p69,timepoint_mask,1.0,-0.69,run1,fold01,0,0,112
full,Full,tp01_L1_m0p69,timepoint_mask,1.0,-0.69,run1,fold01,0,1,20
full,Full,tp01_L1_m0p69,timepoint_mask,1.0,-0.69,run1,fold01,0,2,2
full,Full,tp01_L1_m0p69,timepoint_mask,1.0,-0.69,run1,fold01,1,0,25
full,Full,tp01_L1_m0p69,timepoint_mask,1.0,-0.69,run1,fold01,1,1,125
full,Full,tp01_L1_m0p69,timepoint_mask,1.0,-0.69,run1,fold01,1,2,2
full,Full,tp01_L1_m0p69,timepoint_mask,1.0,-0.69,run1,fold01,2,0,5
full,Full,tp01_L1_m0p69,timepoint_mask,1.0,-0.69,run1,fold01,2,1,10
full,Full,tp01_L1_m0p69,timepoint_mask,1.0,-0.69,run1,fold01,2,2,26
full,Full,tp01_L1_m0p69,timepoint_mask,1.0,-0.69,run1,fold02,0,0,105
full,Full,tp01_L1_m0p69,timepoint_mask,1.0,-0.69,run1,fold02,0,1,27
full,Full,tp01_L1_m0p69,timepoint_mask,1.0,-0.69,run1,fold02,0,2,2
full,Full,tp01_L1_m0p69,timepoint_mask,1.0,-0.69,run1,fold02,1,0,20
full,Full,tp01_L1_m0p69,timepoint_mask,1.0,-0.69,run1,fold02,1,1,127
full,Full,tp01_L1_m0p69,timepoint_mask,1.0,-0.69,run1,fold02,1,2,5
full,Full,tp01_L1_m0p69,timepoint_mask,1.0,-0.69,run1,fold02,2,0,2
full,Full,tp01_L1_m0p69,timepoint_mask,1.0,-0.69,run1,fold02,2,1,4
full,Full,tp01_L1_m0p69,timepoint_mask,1.0,-0.69,run1,fold02,2,2,34
full,Full,tp01_L1_m0p69,timepoint_mask,1.0,-0.69,run1,fold03,0,0,111
full,Full,tp01_L1_m0p69,timepoint_mask,1.0,-0.69,run1,fold03,0,1,21
full,Full,tp01_L1_m0p69,timepoint_mask,1.0,-0.69,run1,fold03,0,2,2
full,Full,tp01_L1_m0p69,timepoint_mask,1.0,-0.69,run1,fold03,1,0,19
full,Full,tp01_L1_m0p69,timepoint_mask,1.0,-0.69,run1,fold03,1,1,133
full,Full,tp01_L1_m0p69,timepoint_mask,1.0,-0.69,run1,fold03,1,2,0
full,Full,tp01_L1_m0p69,timepoint_mask,1.0,-0.69,run1,fold03,2,0,4
full,Full,tp01_L1_m0p69,timepoint_mask,1.0,-0.69,run1,fold03,2,1,8
full,Full,tp01_L1_m0p69,timepoint_mask,1.0,-0.69,run1,fold03,2,2,28
full,Full,tp01_L1_m0p69,timepoint_mask,1.0,-0.69,run1,oof_pooled,0,0,328
full,Full,tp01_L1_m0p69,timepoint_mask,1.0,-0.69,run1,oof_pooled,0,1,68
full,Full,tp01_L1_m0p69,timepoint_mask,1.0,-0.69,run1,oof_pooled,0,2,6
full,Full,tp01_L1_m0p69,timepoint_mask,1.0,-0.69,run1,oof_pooled,1,0,64
full,Full,tp01_L1_m0p69,timepoint_mask,1.0,-0.69,run1,oof_pooled,1,1,385
full,Full,tp01_L1_m0p69,timepoint_mask,1.0,-0.69,run1,oof_pooled,1,2,7
full,Full,tp01_L1_m0p69,timepoint_mask,1.0,-0.69,run1,oof_pooled,2,0,11
full,Full,tp01_L1_m0p69,timepoint_mask,1.0,-0.69,run1,oof_pooled,2,1,22
full,Full,tp01_L1_m0p69,timepoint_mask,1.0,-0.69,run1,oof_pooled,2,2,88
full,Full,tp01_L1_m0p69,timepoint_mask,1.0,-0.69,run2,fold01,0,0,21
full,Full,tp01_L1_m0p69,timepoint_mask,1.0,-0.69,run2,fold01,0,1,5
full,Full,tp01_L1_m0p69,timepoint_mask,1.0,-0.69,run2,fold01,0,2,1
full,Full,tp01_L1_m0p69,timepoint_mask,1.0,-0.69,run2,fold01,1,0,11
full,Full,tp01_L1_m0p69,timepoint_mask,1.0,-0.69,run2,fold01,1,1,18
full,Full,tp01_L1_m0p69,timepoint_mask,1.0,-0.69,run2,fold01,1,2,2
full,Full,tp01_L1_m0p69,timepoint_mask,1.0,-0.69,run2,fold01,2,0,2
full,Full,tp01_L1_m0p69,timepoint_mask,1.0,-0.69,run2,fold01,2,1,5
full,Full,tp01_L1_m0p69,timepoint_mask,1.0,-0.69,run2,fold01,2,2,7
full,Full,tp01_L1_m0p69,timepoint_mask,1.0,-0.69,run2,fold02,0,0,21
full,Full,tp01_L1_m0p69,timepoint_mask,1.0,-0.69,run2,fold02,0,1,5
full,Full,tp01_L1_m0p69,timepoint_mask,1.0,-0.69,run2,fold02,0,2,0
full,Full,tp01_L1_m0p69,timepoint_mask,1.0,-0.69,run2,fold02,1,0,10
full,Full,tp01_L1_m0p69,timepoint_mask,1.0,-0.69,run2,fold02,1,1,18
full,Full,tp01_L1_m0p69,timepoint_mask,1.0,-0.69,run2,fold02,1,2,3
full,Full,tp01_L1_m0p69,timepoint_mask,1.0,-0.69,run2,fold02,2,0,2
full,Full,tp01_L1_m0p69,timepoint_mask,1.0,-0.69,run2,fold02,2,1,5
full,Full,tp01_L1_m0p69,timepoint_mask,1.0,-0.69,run2,fold02,2,2,7
full,Full,tp01_L1_m0p69,timepoint_mask,1.0,-0.69,run2,fold03,0,0,20
full,Full,tp01_L1_m0p69,timepoint_mask,1.0,-0.69,run2,fold03,0,1,5
full,Full,tp01_L1_m0p69,timepoint_mask,1.0,-0.69,run2,fold03,0,2,1
full,Full,tp01_L1_m0p69,timepoint_mask,1.0,-0.69,run2,fold03,1,0,8
full,Full,tp01_L1_m0p69,timepoint_mask,1.0,-0.69,run2,fold03,1,1,21
full,Full,tp01_L1_m0p69,timepoint_mask,1.0,-0.69,run2,fold03,1,2,2
full,Full,tp01_L1_m0p69,timepoint_mask,1.0,-0.69,run2,fold03,2,0,4
full,Full,tp01_L1_m0p69,timepoint_mask,1.0,-0.69,run2,fold03,2,1,5
full,Full,tp01_L1_m0p69,timepoint_mask,1.0,-0.69,run2,fold03,2,2,5
full,Full,tp01_L1_m0p69,timepoint_mask,1.0,-0.69,run2,oof_pooled,0,0,62
full,Full,tp01_L1_m0p69,timepoint_mask,1.0,-0.69,run2,oof_pooled,0,1,15
full,Full,tp01_L1_m0p69,timepoint_mask,1.0,-0.69,run2,oof_pooled,0,2,2
full,Full,tp01_L1_m0p69,timepoint_mask,1.0,-0.69,run2,oof_pooled,1,0,29
full,Full,tp01_L1_m0p69,timepoint_mask,1.0,-0.69,run2,oof_pooled,1,1,57
full,Full,tp01_L1_m0p69,timepoint_mask,1.0,-0.69,run2,oof_pooled,1,2,7
full,Full,tp01_L1_m0p69,timepoint_mask,1.0,-0.69,run2,oof_pooled,2,0,8
full,Full,tp01_L1_m0p69,timepoint_mask,1.0,-0.69,run2,oof_pooled,2,1,15
full,Full,tp01_L1_m0p69,timepoint_mask,1.0,-0.69,run2,oof_pooled,2,2,19
full,Full,tp02_L1_m0p15,timepoint_mask,1.0,-0.15,run1,fold01,0,0,112
full,Full,tp02_L1_m0p15,timepoint_mask,1.0,-0.15,run1,fold01,0,1,20
full,Full,tp02_L1_m0p15,timepoint_mask,1.0,-0.15,run1,fold01,0,2,2
full,Full,tp02_L1_m0p15,timepoint_mask,1.0,-0.15,run1,fold01,1,0,25
full,Full,tp02_L1_m0p15,timepoint_mask,1.0,-0.15,run1,fold01,1,1,125
full,Full,tp02_L1_m0p15,timepoint_mask,1.0,-0.15,run1,fold01,1,2,2
full,Full,tp02_L1_m0p15,timepoint_mask,1.0,-0.15,run1,fold01,2,0,5
full,Full,tp02_L1_m0p15,timepoint_mask,1.0,-0.15,run1,fold01,2,1,10
full,Full,tp02_L1_m0p15,timepoint_mask,1.0,-0.15,run1,fold01,2,2,26
full,Full,tp02_L1_m0p15,timepoint_mask,1.0,-0.15,run1,fold02,0,0,105
full,Full,tp02_L1_m0p15,timepoint_mask,1.0,-0.15,run1,fold02,0,1,27
full,Full,tp02_L1_m0p15,timepoint_mask,1.0,-0.15,run1,fold02,0,2,2
full,Full,tp02_L1_m0p15,timepoint_mask,1.0,-0.15,run1,fold02,1,0,20
full,Full,tp02_L1_m0p15,timepoint_mask,1.0,-0.15,run1,fold02,1,1,127
full,Full,tp02_L1_m0p15,timepoint_mask,1.0,-0.15,run1,fold02,1,2,5
full,Full,tp02_L1_m0p15,timepoint_mask,1.0,-0.15,run1,fold02,2,0,2
full,Full,tp02_L1_m0p15,timepoint_mask,1.0,-0.15,run1,fold02,2,1,4
full,Full,tp02_L1_m0p15,timepoint_mask,1.0,-0.15,run1,fold02,2,2,34
full,Full,tp02_L1_m0p15,timepoint_mask,1.0,-0.15,run1,fold03,0,0,111
full,Full,tp02_L1_m0p15,timepoint_mask,1.0,-0.15,run1,fold03,0,1,21
full,Full,tp02_L1_m0p15,timepoint_mask,1.0,-0.15,run1,fold03,0,2,2
full,Full,tp02_L1_m0p15,timepoint_mask,1.0,-0.15,run1,fold03,1,0,17
full,Full,tp02_L1_m0p15,timepoint_mask,1.0,-0.15,run1,fold03,1,1,135
full,Full,tp02_L1_m0p15,timepoint_mask,1.0,-0.15,run1,fold03,1,2,0
full,Full,tp02_L1_m0p15,timepoint_mask,1.0,-0.15,run1,fold03,2,0,4
full,Full,tp02_L1_m0p15,timepoint_mask,1.0,-0.15,run1,fold03,2,1,8
full,Full,tp02_L1_m0p15,timepoint_mask,1.0,-0.15,run1,fold03,2,2,28
full,Full,tp02_L1_m0p15,timepoint_mask,1.0,-0.15,run1,oof_pooled,0,0,328
full,Full,tp02_L1_m0p15,timepoint_mask,1.0,-0.15,run1,oof_pooled,0,1,68
full,Full,tp02_L1_m0p15,timepoint_mask,1.0,-0.15,run1,oof_pooled,0,2,6
full,Full,tp02_L1_m0p15,timepoint_mask,1.0,-0.15,run1,oof_pooled,1,0,62
full,Full,tp02_L1_m0p15,timepoint_mask,1.0,-0.15,run1,oof_pooled,1,1,387
full,Full,tp02_L1_m0p15,timepoint_mask,1.0,-0.15,run1,oof_pooled,1,2,7
full,Full,tp02_L1_m0p15,timepoint_mask,1.0,-0.15,run1,oof_pooled,2,0,11
full,Full,tp02_L1_m0p15,timepoint_mask,1.0,-0.15,run1,oof_pooled,2,1,22
full,Full,tp02_L1_m0p15,timepoint_mask,1.0,-0.15,run1,oof_pooled,2,2,88
full,Full,tp02_L1_m0p15,timepoint_mask,1.0,-0.15,run2,fold01,0,0,21
full,Full,tp02_L1_m0p15,timepoint_mask,1.0,-0.15,run2,fold01,0,1,5
full,Full,tp02_L1_m0p15,timepoint_mask,1.0,-0.15,run2,fold01,0,2,1
full,Full,tp02_L1_m0p15,timepoint_mask,1.0,-0.15,run2,fold01,1,0,9
full,Full,tp02_L1_m0p15,timepoint_mask,1.0,-0.15,run2,fold01,1,1,20
full,Full,tp02_L1_m0p15,timepoint_mask,1.0,-0.15,run2,fold01,1,2,2
full,Full,tp02_L1_m0p15,timepoint_mask,1.0,-0.15,run2,fold01,2,0,2
full,Full,tp02_L1_m0p15,timepoint_mask,1.0,-0.15,run2,fold01,2,1,5
full,Full,tp02_L1_m0p15,timepoint_mask,1.0,-0.15,run2,fold01,2,2,7
full,Full,tp02_L1_m0p15,timepoint_mask,1.0,-0.15,run2,fold02,0,0,22
full,Full,tp02_L1_m0p15,timepoint_mask,1.0,-0.15,run2,fold02,0,1,4
full,Full,tp02_L1_m0p15,timepoint_mask,1.0,-0.15,run2,fold02,0,2,0
full,Full,tp02_L1_m0p15,timepoint_mask,1.0,-0.15,run2,fold02,1,0,10
full,Full,tp02_L1_m0p15,timepoint_mask,1.0,-0.15,run2,fold02,1,1,19
full,Full,tp02_L1_m0p15,timepoint_mask,1.0,-0.15,run2,fold02,1,2,2
full,Full,tp02_L1_m0p15,timepoint_mask,1.0,-0.15,run2,fold02,2,0,2
full,Full,tp02_L1_m0p15,timepoint_mask,1.0,-0.15,run2,fold02,2,1,5
full,Full,tp02_L1_m0p15,timepoint_mask,1.0,-0.15,run2,fold02,2,2,7
full,Full,tp02_L1_m0p15,timepoint_mask,1.0,-0.15,run2,fold03,0,0,19
full,Full,tp02_L1_m0p15,timepoint_mask,1.0,-0.15,run2,fold03,0,1,5
full,Full,tp02_L1_m0p15,timepoint_mask,1.0,-0.15,run2,fold03,0,2,2
full,Full,tp02_L1_m0p15,timepoint_mask,1.0,-0.15,run2,fold03,1,0,8
full,Full,tp02_L1_m0p15,timepoint_mask,1.0,-0.15,run2,fold03,1,1,21
full,Full,tp02_L1_m0p15,timepoint_mask,1.0,-0.15,run2,fold03,1,2,2
full,Full,tp02_L1_m0p15,timepoint_mask,1.0,-0.15,run2,fold03,2,0,5
full,Full,tp02_L1_m0p15,timepoint_mask,1.0,-0.15,run2,fold03,2,1,5
full,Full,tp02_L1_m0p15,timepoint_mask,1.0,-0.15,run2,fold03,2,2,4
full,Full,tp02_L1_m0p15,timepoint_mask,1.0,-0.15,run2,oof_pooled,0,0,62
full,Full,tp02_L1_m0p15,timepoint_mask,1.0,-0.15,run2,oof_pooled,0,1,14
full,Full,tp02_L1_m0p15,timepoint_mask,1.0,-0.15,run2,oof_pooled,0,2,3
full,Full,tp02_L1_m0p15,timepoint_mask,1.0,-0.15,run2,oof_pooled,1,0,27
full,Full,tp02_L1_m0p15,timepoint_mask,1.0,-0.15,run2,oof_pooled,1,1,60
full,Full,tp02_L1_m0p15,timepoint_mask,1.0,-0.15,run2,oof_pooled,1,2,6
full,Full,tp02_L1_m0p15,timepoint_mask,1.0,-0.15,run2,oof_pooled,2,0,9
full,Full,tp02_L1_m0p15,timepoint_mask,1.0,-0.15,run2,oof_pooled,2,1,15
full,Full,tp02_L1_m0p15,timepoint_mask,1.0,-0.15,run2,oof_pooled,2,2,18
full,Full,tp03_L2_m0p57,timepoint_mask,2.0,-0.57,run1,fold01,0,0,112
full,Full,tp03_L2_m0p57,timepoint_mask,2.0,-0.57,run1,fold01,0,1,20
full,Full,tp03_L2_m0p57,timepoint_mask,2.0,-0.57,run1,fold01,0,2,2
full,Full,tp03_L2_m0p57,timepoint_mask,2.0,-0.57,run1,fold01,1,0,37
full,Full,tp03_L2_m0p57,timepoint_mask,2.0,-0.57,run1,fold01,1,1,111
full,Full,tp03_L2_m0p57,timepoint_mask,2.0,-0.57,run1,fold01,1,2,4
full,Full,tp03_L2_m0p57,timepoint_mask,2.0,-0.57,run1,fold01,2,0,5
full,Full,tp03_L2_m0p57,timepoint_mask,2.0,-0.57,run1,fold01,2,1,10
full,Full,tp03_L2_m0p57,timepoint_mask,2.0,-0.57,run1,fold01,2,2,26
full,Full,tp03_L2_m0p57,timepoint_mask,2.0,-0.57,run1,fold02,0,0,106
full,Full,tp03_L2_m0p57,timepoint_mask,2.0,-0.57,run1,fold02,0,1,26
full,Full,tp03_L2_m0p57,timepoint_mask,2.0,-0.57,run1,fold02,0,2,2
full,Full,tp03_L2_m0p57,timepoint_mask,2.0,-0.57,run1,fold02,1,0,23
full,Full,tp03_L2_m0p57,timepoint_mask,2.0,-0.57,run1,fold02,1,1,124
full,Full,tp03_L2_m0p57,timepoint_mask,2.0,-0.57,run1,fold02,1,2,5
full,Full,tp03_L2_m0p57,timepoint_mask,2.0,-0.57,run1,fold02,2,0,2
full,Full,tp03_L2_m0p57,timepoint_mask,2.0,-0.57,run1,fold02,2,1,4
full,Full,tp03_L2_m0p57,timepoint_mask,2.0,-0.57,run1,fold02,2,2,34
full,Full,tp03_L2_m0p57,timepoint_mask,2.0,-0.57,run1,fold03,0,0,111
full,Full,tp03_L2_m0p57,timepoint_mask,2.0,-0.57,run1,fold03,0,1,21
full,Full,tp03_L2_m0p57,timepoint_mask,2.0,-0.57,run1,fold03,0,2,2
full,Full,tp03_L2_m0p57,timepoint_mask,2.0,-0.57,run1,fold03,1,0,20
full,Full,tp03_L2_m0p57,timepoint_mask,2.0,-0.57,run1,fold03,1,1,131
full,Full,tp03_L2_m0p57,timepoint_mask,2.0,-0.57,run1,fold03,1,2,1
full,Full,tp03_L2_m0p57,timepoint_mask,2.0,-0.57,run1,fold03,2,0,4
full,Full,tp03_L2_m0p57,timepoint_mask,2.0,-0.57,run1,fold03,2,1,8
full,Full,tp03_L2_m0p57,timepoint_mask,2.0,-0.57,run1,fold03,2,2,28
full,Full,tp03_L2_m0p57,timepoint_mask,2.0,-0.57,run1,oof_pooled,0,0,329
full,Full,tp03_L2_m0p57,timepoint_mask,2.0,-0.57,run1,oof_pooled,0,1,67
full,Full,tp03_L2_m0p57,timepoint_mask,2.0,-0.57,run1,oof_pooled,0,2,6
full,Full,tp03_L2_m0p57,timepoint_mask,2.0,-0.57,run1,oof_pooled,1,0,80
full,Full,tp03_L2_m0p57,timepoint_mask,2.0,-0.57,run1,oof_pooled,1,1,366
full,Full,tp03_L2_m0p57,timepoint_mask,2.0,-0.57,run1,oof_pooled,1,2,10
full,Full,tp03_L2_m0p57,timepoint_mask,2.0,-0.57,run1,oof_pooled,2,0,11
full,Full,tp03_L2_m0p57,timepoint_mask,2.0,-0.57,run1,oof_pooled,2,1,22
full,Full,tp03_L2_m0p57,timepoint_mask,2.0,-0.57,run1,oof_pooled,2,2,88
full,Full,tp03_L2_m0p57,timepoint_mask,2.0,-0.57,run2,fold01,0,0,22
full,Full,tp03_L2_m0p57,timepoint_mask,2.0,-0.57,run2,fold01,0,1,3
full,Full,tp03_L2_m0p57,timepoint_mask,2.0,-0.57,run2,fold01,0,2,2
full,Full,tp03_L2_m0p57,timepoint_mask,2.0,-0.57,run2,fold01,1,0,7
full,Full,tp03_L2_m0p57,timepoint_mask,2.0,-0.57,run2,fold01,1,1,21
full,Full,tp03_L2_m0p57,timepoint_mask,2.0,-0.57,run2,fold01,1,2,3
full,Full,tp03_L2_m0p57,timepoint_mask,2.0,-0.57,run2,fold01,2,0,2
full,Full,tp03_L2_m0p57,timepoint_mask,2.0,-0.57,run2,fold01,2,1,5
full,Full,tp03_L2_m0p57,timepoint_mask,2.0,-0.57,run2,fold01,2,2,7
full,Full,tp03_L2_m0p57,timepoint_mask,2.0,-0.57,run2,fold02,0,0,21
full,Full,tp03_L2_m0p57,timepoint_mask,2.0,-0.57,run2,fold02,0,1,5
full,Full,tp03_L2_m0p57,timepoint_mask,2.0,-0.57,run2,fold02,0,2,0
full,Full,tp03_L2_m0p57,timepoint_mask,2.0,-0.57,run2,fold02,1,0,10
full,Full,tp03_L2_m0p57,timepoint_mask,2.0,-0.57,run2,fold02,1,1,18
full,Full,tp03_L2_m0p57,timepoint_mask,2.0,-0.57,run2,fold02,1,2,3
full,Full,tp03_L2_m0p57,timepoint_mask,2.0,-0.57,run2,fold02,2,0,2
full,Full,tp03_L2_m0p57,timepoint_mask,2.0,-0.57,run2,fold02,2,1,4
full,Full,tp03_L2_m0p57,timepoint_mask,2.0,-0.57,run2,fold02,2,2,8
full,Full,tp03_L2_m0p57,timepoint_mask,2.0,-0.57,run2,fold03,0,0,20
full,Full,tp03_L2_m0p57,timepoint_mask,2.0,-0.57,run2,fold03,0,1,5
full,Full,tp03_L2_m0p57,timepoint_mask,2.0,-0.57,run2,fold03,0,2,1
full,Full,tp03_L2_m0p57,timepoint_mask,2.0,-0.57,run2,fold03,1,0,6
full,Full,tp03_L2_m0p57,timepoint_mask,2.0,-0.57,run2,fold03,1,1,23
full,Full,tp03_L2_m0p57,timepoint_mask,2.0,-0.57,run2,fold03,1,2,2
full,Full,tp03_L2_m0p57,timepoint_mask,2.0,-0.57,run2,fold03,2,0,6
full,Full,tp03_L2_m0p57,timepoint_mask,2.0,-0.57,run2,fold03,2,1,4
full,Full,tp03_L2_m0p57,timepoint_mask,2.0,-0.57,run2,fold03,2,2,4
full,Full,tp03_L2_m0p57,timepoint_mask,2.0,-0.57,run2,oof_pooled,0,0,63
full,Full,tp03_L2_m0p57,timepoint_mask,2.0,-0.57,run2,oof_pooled,0,1,13
full,Full,tp03_L2_m0p57,timepoint_mask,2.0,-0.57,run2,oof_pooled,0,2,3
full,Full,tp03_L2_m0p57,timepoint_mask,2.0,-0.57,run2,oof_pooled,1,0,23
full,Full,tp03_L2_m0p57,timepoint_mask,2.0,-0.57,run2,oof_pooled,1,1,62
full,Full,tp03_L2_m0p57,timepoint_mask,2.0,-0.57,run2,oof_pooled,1,2,8
full,Full,tp03_L2_m0p57,timepoint_mask,2.0,-0.57,run2,oof_pooled,2,0,10
full,Full,tp03_L2_m0p57,timepoint_mask,2.0,-0.57,run2,oof_pooled,2,1,13
full,Full,tp03_L2_m0p57,timepoint_mask,2.0,-0.57,run2,oof_pooled,2,2,19
full,Full,tp04_L2_m0p39,timepoint_mask,2.0,-0.39,run1,fold01,0,0,112
full,Full,tp04_L2_m0p39,timepoint_mask,2.0,-0.39,run1,fold01,0,1,20
full,Full,tp04_L2_m0p39,timepoint_mask,2.0,-0.39,run1,fold01,0,2,2
full,Full,tp04_L2_m0p39,timepoint_mask,2.0,-0.39,run1,fold01,1,0,37
full,Full,tp04_L2_m0p39,timepoint_mask,2.0,-0.39,run1,fold01,1,1,111
full,Full,tp04_L2_m0p39,timepoint_mask,2.0,-0.39,run1,fold01,1,2,4
full,Full,tp04_L2_m0p39,timepoint_mask,2.0,-0.39,run1,fold01,2,0,5
full,Full,tp04_L2_m0p39,timepoint_mask,2.0,-0.39,run1,fold01,2,1,10
full,Full,tp04_L2_m0p39,timepoint_mask,2.0,-0.39,run1,fold01,2,2,26
full,Full,tp04_L2_m0p39,timepoint_mask,2.0,-0.39,run1,fold02,0,0,106
full,Full,tp04_L2_m0p39,timepoint_mask,2.0,-0.39,run1,fold02,0,1,26
full,Full,tp04_L2_m0p39,timepoint_mask,2.0,-0.39,run1,fold02,0,2,2
full,Full,tp04_L2_m0p39,timepoint_mask,2.0,-0.39,run1,fold02,1,0,25
full,Full,tp04_L2_m0p39,timepoint_mask,2.0,-0.39,run1,fold02,1,1,121
full,Full,tp04_L2_m0p39,timepoint_mask,2.0,-0.39,run1,fold02,1,2,6
full,Full,tp04_L2_m0p39,timepoint_mask,2.0,-0.39,run1,fold02,2,0,2
full,Full,tp04_L2_m0p39,timepoint_mask,2.0,-0.39,run1,fold02,2,1,4
full,Full,tp04_L2_m0p39,timepoint_mask,2.0,-0.39,run1,fold02,2,2,34
full,Full,tp04_L2_m0p39,timepoint_mask,2.0,-0.39,run1,fold03,0,0,111
full,Full,tp04_L2_m0p39,timepoint_mask,2.0,-0.39,run1,fold03,0,1,21
full,Full,tp04_L2_m0p39,timepoint_mask,2.0,-0.39,run1,fold03,0,2,2
full,Full,tp04_L2_m0p39,timepoint_mask,2.0,-0.39,run1,fold03,1,0,21
full,Full,tp04_L2_m0p39,timepoint_mask,2.0,-0.39,run1,fold03,1,1,130
full,Full,tp04_L2_m0p39,timepoint_mask,2.0,-0.39,run1,fold03,1,2,1
full,Full,tp04_L2_m0p39,timepoint_mask,2.0,-0.39,run1,fold03,2,0,4
full,Full,tp04_L2_m0p39,timepoint_mask,2.0,-0.39,run1,fold03,2,1,8
full,Full,tp04_L2_m0p39,timepoint_mask,2.0,-0.39,run1,fold03,2,2,28
full,Full,tp04_L2_m0p39,timepoint_mask,2.0,-0.39,run1,oof_pooled,0,0,329
full,Full,tp04_L2_m0p39,timepoint_mask,2.0,-0.39,run1,oof_pooled,0,1,67
full,Full,tp04_L2_m0p39,timepoint_mask,2.0,-0.39,run1,oof_pooled,0,2,6
full,Full,tp04_L2_m0p39,timepoint_mask,2.0,-0.39,run1,oof_pooled,1,0,83
full,Full,tp04_L2_m0p39,timepoint_mask,2.0,-0.39,run1,oof_pooled,1,1,362
full,Full,tp04_L2_m0p39,timepoint_mask,2.0,-0.39,run1,oof_pooled,1,2,11
full,Full,tp04_L2_m0p39,timepoint_mask,2.0,-0.39,run1,oof_pooled,2,0,11
full,Full,tp04_L2_m0p39,timepoint_mask,2.0,-0.39,run1,oof_pooled,2,1,22
full,Full,tp04_L2_m0p39,timepoint_mask,2.0,-0.39,run1,oof_pooled,2,2,88
full,Full,tp04_L2_m0p39,timepoint_mask,2.0,-0.39,run2,fold01,0,0,22
full,Full,tp04_L2_m0p39,timepoint_mask,2.0,-0.39,run2,fold01,0,1,3
full,Full,tp04_L2_m0p39,timepoint_mask,2.0,-0.39,run2,fold01,0,2,2
full,Full,tp04_L2_m0p39,timepoint_mask,2.0,-0.39,run2,fold01,1,0,7
full,Full,tp04_L2_m0p39,timepoint_mask,2.0,-0.39,run2,fold01,1,1,21
full,Full,tp04_L2_m0p39,timepoint_mask,2.0,-0.39,run2,fold01,1,2,3
full,Full,tp04_L2_m0p39,timepoint_mask,2.0,-0.39,run2,fold01,2,0,2
full,Full,tp04_L2_m0p39,timepoint_mask,2.0,-0.39,run2,fold01,2,1,5
full,Full,tp04_L2_m0p39,timepoint_mask,2.0,-0.39,run2,fold01,2,2,7
full,Full,tp04_L2_m0p39,timepoint_mask,2.0,-0.39,run2,fold02,0,0,21
full,Full,tp04_L2_m0p39,timepoint_mask,2.0,-0.39,run2,fold02,0,1,5
full,Full,tp04_L2_m0p39,timepoint_mask,2.0,-0.39,run2,fold02,0,2,0
full,Full,tp04_L2_m0p39,timepoint_mask,2.0,-0.39,run2,fold02,1,0,10
full,Full,tp04_L2_m0p39,timepoint_mask,2.0,-0.39,run2,fold02,1,1,18
full,Full,tp04_L2_m0p39,timepoint_mask,2.0,-0.39,run2,fold02,1,2,3
full,Full,tp04_L2_m0p39,timepoint_mask,2.0,-0.39,run2,fold02,2,0,2
full,Full,tp04_L2_m0p39,timepoint_mask,2.0,-0.39,run2,fold02,2,1,4
full,Full,tp04_L2_m0p39,timepoint_mask,2.0,-0.39,run2,fold02,2,2,8
full,Full,tp04_L2_m0p39,timepoint_mask,2.0,-0.39,run2,fold03,0,0,20
full,Full,tp04_L2_m0p39,timepoint_mask,2.0,-0.39,run2,fold03,0,1,5
full,Full,tp04_L2_m0p39,timepoint_mask,2.0,-0.39,run2,fold03,0,2,1
full,Full,tp04_L2_m0p39,timepoint_mask,2.0,-0.39,run2,fold03,1,0,6
full,Full,tp04_L2_m0p39,timepoint_mask,2.0,-0.39,run2,fold03,1,1,23
full,Full,tp04_L2_m0p39,timepoint_mask,2.0,-0.39,run2,fold03,1,2,2
full,Full,tp04_L2_m0p39,timepoint_mask,2.0,-0.39,run2,fold03,2,0,6
full,Full,tp04_L2_m0p39,timepoint_mask,2.0,-0.39,run2,fold03,2,1,4
full,Full,tp04_L2_m0p39,timepoint_mask,2.0,-0.39,run2,fold03,2,2,4
full,Full,tp04_L2_m0p39,timepoint_mask,2.0,-0.39,run2,oof_pooled,0,0,63
full,Full,tp04_L2_m0p39,timepoint_mask,2.0,-0.39,run2,oof_pooled,0,1,13
full,Full,tp04_L2_m0p39,timepoint_mask,2.0,-0.39,run2,oof_pooled,0,2,3
full,Full,tp04_L2_m0p39,timepoint_mask,2.0,-0.39,run2,oof_pooled,1,0,23
full,Full,tp04_L2_m0p39,timepoint_mask,2.0,-0.39,run2,oof_pooled,1,1,62
full,Full,tp04_L2_m0p39,timepoint_mask,2.0,-0.39,run2,oof_pooled,1,2,8
full,Full,tp04_L2_m0p39,timepoint_mask,2.0,-0.39,run2,oof_pooled,2,0,10
full,Full,tp04_L2_m0p39,timepoint_mask,2.0,-0.39,run2,oof_pooled,2,1,13
full,Full,tp04_L2_m0p39,timepoint_mask,2.0,-0.39,run2,oof_pooled,2,2,19
full,Full,tp05_L2_p0p06,timepoint_mask,2.0,0.06,run1,fold01,0,0,112
full,Full,tp05_L2_p0p06,timepoint_mask,2.0,0.06,run1,fold01,0,1,20
full,Full,tp05_L2_p0p06,timepoint_mask,2.0,0.06,run1,fold01,0,2,2
full,Full,tp05_L2_p0p06,timepoint_mask,2.0,0.06,run1,fold01,1,0,40
full,Full,tp05_L2_p0p06,timepoint_mask,2.0,0.06,run1,fold01,1,1,108
full,Full,tp05_L2_p0p06,timepoint_mask,2.0,0.06,run1,fold01,1,2,4
full,Full,tp05_L2_p0p06,timepoint_mask,2.0,0.06,run1,fold01,2,0,5
full,Full,tp05_L2_p0p06,timepoint_mask,2.0,0.06,run1,fold01,2,1,10
full,Full,tp05_L2_p0p06,timepoint_mask,2.0,0.06,run1,fold01,2,2,26
full,Full,tp05_L2_p0p06,timepoint_mask,2.0,0.06,run1,fold02,0,0,105
full,Full,tp05_L2_p0p06,timepoint_mask,2.0,0.06,run1,fold02,0,1,27
full,Full,tp05_L2_p0p06,timepoint_mask,2.0,0.06,run1,fold02,0,2,2
full,Full,tp05_L2_p0p06,timepoint_mask,2.0,0.06,run1,fold02,1,0,25
full,Full,tp05_L2_p0p06,timepoint_mask,2.0,0.06,run1,fold02,1,1,121
full,Full,tp05_L2_p0p06,timepoint_mask,2.0,0.06,run1,fold02,1,2,6
full,Full,tp05_L2_p0p06,timepoint_mask,2.0,0.06,run1,fold02,2,0,2
full,Full,tp05_L2_p0p06,timepoint_mask,2.0,0.06,run1,fold02,2,1,4
full,Full,tp05_L2_p0p06,timepoint_mask,2.0,0.06,run1,fold02,2,2,34
full,Full,tp05_L2_p0p06,timepoint_mask,2.0,0.06,run1,fold03,0,0,111
full,Full,tp05_L2_p0p06,timepoint_mask,2.0,0.06,run1,fold03,0,1,21
full,Full,tp05_L2_p0p06,timepoint_mask,2.0,0.06,run1,fold03,0,2,2
full,Full,tp05_L2_p0p06,timepoint_mask,2.0,0.06,run1,fold03,1,0,20
full,Full,tp05_L2_p0p06,timepoint_mask,2.0,0.06,run1,fold03,1,1,131
full,Full,tp05_L2_p0p06,timepoint_mask,2.0,0.06,run1,fold03,1,2,1
full,Full,tp05_L2_p0p06,timepoint_mask,2.0,0.06,run1,fold03,2,0,4
full,Full,tp05_L2_p0p06,timepoint_mask,2.0,0.06,run1,fold03,2,1,8
full,Full,tp05_L2_p0p06,timepoint_mask,2.0,0.06,run1,fold03,2,2,28
full,Full,tp05_L2_p0p06,timepoint_mask,2.0,0.06,run1,oof_pooled,0,0,328
full,Full,tp05_L2_p0p06,timepoint_mask,2.0,0.06,run1,oof_pooled,0,1,68
full,Full,tp05_L2_p0p06,timepoint_mask,2.0,0.06,run1,oof_pooled,0,2,6
full,Full,tp05_L2_p0p06,timepoint_mask,2.0,0.06,run1,oof_pooled,1,0,85
full,Full,tp05_L2_p0p06,timepoint_mask,2.0,0.06,run1,oof_pooled,1,1,360
full,Full,tp05_L2_p0p06,timepoint_mask,2.0,0.06,run1,oof_pooled,1,2,11
full,Full,tp05_L2_p0p06,timepoint_mask,2.0,0.06,run1,oof_pooled,2,0,11
full,Full,tp05_L2_p0p06,timepoint_mask,2.0,0.06,run1,oof_pooled,2,1,22
full,Full,tp05_L2_p0p06,timepoint_mask,2.0,0.06,run1,oof_pooled,2,2,88
full,Full,tp05_L2_p0p06,timepoint_mask,2.0,0.06,run2,fold01,0,0,20
full,Full,tp05_L2_p0p06,timepoint_mask,2.0,0.06,run2,fold01,0,1,6
full,Full,tp05_L2_p0p06,timepoint_mask,2.0,0.06,run2,fold01,0,2,1
full,Full,tp05_L2_p0p06,timepoint_mask,2.0,0.06,run2,fold01,1,0,8
full,Full,tp05_L2_p0p06,timepoint_mask,2.0,0.06,run2,fold01,1,1,21
full,Full,tp05_L2_p0p06,timepoint_mask,2.0,0.06,run2,fold01,1,2,2
full,Full,tp05_L2_p0p06,timepoint_mask,2.0,0.06,run2,fold01,2,0,2
full,Full,tp05_L2_p0p06,timepoint_mask,2.0,0.06,run2,fold01,2,1,5
full,Full,tp05_L2_p0p06,timepoint_mask,2.0,0.06,run2,fold01,2,2,7
full,Full,tp05_L2_p0p06,timepoint_mask,2.0,0.06,run2,fold02,0,0,22
full,Full,tp05_L2_p0p06,timepoint_mask,2.0,0.06,run2,fold02,0,1,4
full,Full,tp05_L2_p0p06,timepoint_mask,2.0,0.06,run2,fold02,0,2,0
full,Full,tp05_L2_p0p06,timepoint_mask,2.0,0.06,run2,fold02,1,0,10
full,Full,tp05_L2_p0p06,timepoint_mask,2.0,0.06,run2,fold02,1,1,18
full,Full,tp05_L2_p0p06,timepoint_mask,2.0,0.06,run2,fold02,1,2,3
full,Full,tp05_L2_p0p06,timepoint_mask,2.0,0.06,run2,fold02,2,0,2
full,Full,tp05_L2_p0p06,timepoint_mask,2.0,0.06,run2,fold02,2,1,4
full,Full,tp05_L2_p0p06,timepoint_mask,2.0,0.06,run2,fold02,2,2,8
full,Full,tp05_L2_p0p06,timepoint_mask,2.0,0.06,run2,fold03,0,0,19
full,Full,tp05_L2_p0p06,timepoint_mask,2.0,0.06,run2,fold03,0,1,5
full,Full,tp05_L2_p0p06,timepoint_mask,2.0,0.06,run2,fold03,0,2,2
full,Full,tp05_L2_p0p06,timepoint_mask,2.0,0.06,run2,fold03,1,0,6
full,Full,tp05_L2_p0p06,timepoint_mask,2.0,0.06,run2,fold03,1,1,23
full,Full,tp05_L2_p0p06,timepoint_mask,2.0,0.06,run2,fold03,1,2,2
full,Full,tp05_L2_p0p06,timepoint_mask,2.0,0.06,run2,fold03,2,0,5
full,Full,tp05_L2_p0p06,timepoint_mask,2.0,0.06,run2,fold03,2,1,5
full,Full,tp05_L2_p0p06,timepoint_mask,2.0,0.06,run2,fold03,2,2,4
full,Full,tp05_L2_p0p06,timepoint_mask,2.0,0.06,run2,oof_pooled,0,0,61
full,Full,tp05_L2_p0p06,timepoint_mask,2.0,0.06,run2,oof_pooled,0,1,15
full,Full,tp05_L2_p0p06,timepoint_mask,2.0,0.06,run2,oof_pooled,0,2,3
full,Full,tp05_L2_p0p06,timepoint_mask,2.0,0.06,run2,oof_pooled,1,0,24
full,Full,tp05_L2_p0p06,timepoint_mask,2.0,0.06,run2,oof_pooled,1,1,62
full,Full,tp05_L2_p0p06,timepoint_mask,2.0,0.06,run2,oof_pooled,1,2,7
full,Full,tp05_L2_p0p06,timepoint_mask,2.0,0.06,run2,oof_pooled,2,0,9
full,Full,tp05_L2_p0p06,timepoint_mask,2.0,0.06,run2,oof_pooled,2,1,14
full,Full,tp05_L2_p0p06,timepoint_mask,2.0,0.06,run2,oof_pooled,2,2,19
full,Full,tp06_L2_p0p46,timepoint_mask,2.0,0.46,run1,fold01,0,0,112
full,Full,tp06_L2_p0p46,timepoint_mask,2.0,0.46,run1,fold01,0,1,20
full,Full,tp06_L2_p0p46,timepoint_mask,2.0,0.46,run1,fold01,0,2,2
full,Full,tp06_L2_p0p46,timepoint_mask,2.0,0.46,run1,fold01,1,0,40
full,Full,tp06_L2_p0p46,timepoint_mask,2.0,0.46,run1,fold01,1,1,106
full,Full,tp06_L2_p0p46,timepoint_mask,2.0,0.46,run1,fold01,1,2,6
full,Full,tp06_L2_p0p46,timepoint_mask,2.0,0.46,run1,fold01,2,0,5
full,Full,tp06_L2_p0p46,timepoint_mask,2.0,0.46,run1,fold01,2,1,10
full,Full,tp06_L2_p0p46,timepoint_mask,2.0,0.46,run1,fold01,2,2,26
full,Full,tp06_L2_p0p46,timepoint_mask,2.0,0.46,run1,fold02,0,0,105
full,Full,tp06_L2_p0p46,timepoint_mask,2.0,0.46,run1,fold02,0,1,27
full,Full,tp06_L2_p0p46,timepoint_mask,2.0,0.46,run1,fold02,0,2,2
full,Full,tp06_L2_p0p46,timepoint_mask,2.0,0.46,run1,fold02,1,0,24
full,Full,tp06_L2_p0p46,timepoint_mask,2.0,0.46,run1,fold02,1,1,122
full,Full,tp06_L2_p0p46,timepoint_mask,2.0,0.46,run1,fold02,1,2,6
full,Full,tp06_L2_p0p46,timepoint_mask,2.0,0.46,run1,fold02,2,0,2
full,Full,tp06_L2_p0p46,timepoint_mask,2.0,0.46,run1,fold02,2,1,4
full,Full,tp06_L2_p0p46,timepoint_mask,2.0,0.46,run1,fold02,2,2,34
full,Full,tp06_L2_p0p46,timepoint_mask,2.0,0.46,run1,fold03,0,0,111
full,Full,tp06_L2_p0p46,timepoint_mask,2.0,0.46,run1,fold03,0,1,21
full,Full,tp06_L2_p0p46,timepoint_mask,2.0,0.46,run1,fold03,0,2,2
full,Full,tp06_L2_p0p46,timepoint_mask,2.0,0.46,run1,fold03,1,0,22
full,Full,tp06_L2_p0p46,timepoint_mask,2.0,0.46,run1,fold03,1,1,129
full,Full,tp06_L2_p0p46,timepoint_mask,2.0,0.46,run1,fold03,1,2,1
full,Full,tp06_L2_p0p46,timepoint_mask,2.0,0.46,run1,fold03,2,0,4
full,Full,tp06_L2_p0p46,timepoint_mask,2.0,0.46,run1,fold03,2,1,8
full,Full,tp06_L2_p0p46,timepoint_mask,2.0,0.46,run1,fold03,2,2,28
full,Full,tp06_L2_p0p46,timepoint_mask,2.0,0.46,run1,oof_pooled,0,0,328
full,Full,tp06_L2_p0p46,timepoint_mask,2.0,0.46,run1,oof_pooled,0,1,68
full,Full,tp06_L2_p0p46,timepoint_mask,2.0,0.46,run1,oof_pooled,0,2,6
full,Full,tp06_L2_p0p46,timepoint_mask,2.0,0.46,run1,oof_pooled,1,0,86
full,Full,tp06_L2_p0p46,timepoint_mask,2.0,0.46,run1,oof_pooled,1,1,357
full,Full,tp06_L2_p0p46,timepoint_mask,2.0,0.46,run1,oof_pooled,1,2,13
full,Full,tp06_L2_p0p46,timepoint_mask,2.0,0.46,run1,oof_pooled,2,0,11
full,Full,tp06_L2_p0p46,timepoint_mask,2.0,0.46,run1,oof_pooled,2,1,22
full,Full,tp06_L2_p0p46,timepoint_mask,2.0,0.46,run1,oof_pooled,2,2,88
full,Full,tp06_L2_p0p46,timepoint_mask,2.0,0.46,run2,fold01,0,0,21
full,Full,tp06_L2_p0p46,timepoint_mask,2.0,0.46,run2,fold01,0,1,5
full,Full,tp06_L2_p0p46,timepoint_mask,2.0,0.46,run2,fold01,0,2,1
full,Full,tp06_L2_p0p46,timepoint_mask,2.0,0.46,run2,fold01,1,0,8
full,Full,tp06_L2_p0p46,timepoint_mask,2.0,0.46,run2,fold01,1,1,21
full,Full,tp06_L2_p0p46,timepoint_mask,2.0,0.46,run2,fold01,1,2,2
full,Full,tp06_L2_p0p46,timepoint_mask,2.0,0.46,run2,fold01,2,0,2
full,Full,tp06_L2_p0p46,timepoint_mask,2.0,0.46,run2,fold01,2,1,5
full,Full,tp06_L2_p0p46,timepoint_mask,2.0,0.46,run2,fold01,2,2,7
full,Full,tp06_L2_p0p46,timepoint_mask,2.0,0.46,run2,fold02,0,0,23
full,Full,tp06_L2_p0p46,timepoint_mask,2.0,0.46,run2,fold02,0,1,3
full,Full,tp06_L2_p0p46,timepoint_mask,2.0,0.46,run2,fold02,0,2,0
full,Full,tp06_L2_p0p46,timepoint_mask,2.0,0.46,run2,fold02,1,0,10
full,Full,tp06_L2_p0p46,timepoint_mask,2.0,0.46,run2,fold02,1,1,18
full,Full,tp06_L2_p0p46,timepoint_mask,2.0,0.46,run2,fold02,1,2,3
full,Full,tp06_L2_p0p46,timepoint_mask,2.0,0.46,run2,fold02,2,0,2
full,Full,tp06_L2_p0p46,timepoint_mask,2.0,0.46,run2,fold02,2,1,4
full,Full,tp06_L2_p0p46,timepoint_mask,2.0,0.46,run2,fold02,2,2,8
full,Full,tp06_L2_p0p46,timepoint_mask,2.0,0.46,run2,fold03,0,0,19
full,Full,tp06_L2_p0p46,timepoint_mask,2.0,0.46,run2,fold03,0,1,5
full,Full,tp06_L2_p0p46,timepoint_mask,2.0,0.46,run2,fold03,0,2,2
full,Full,tp06_L2_p0p46,timepoint_mask,2.0,0.46,run2,fold03,1,0,6
full,Full,tp06_L2_p0p46,timepoint_mask,2.0,0.46,run2,fold03,1,1,23
full,Full,tp06_L2_p0p46,timepoint_mask,2.0,0.46,run2,fold03,1,2,2
full,Full,tp06_L2_p0p46,timepoint_mask,2.0,0.46,run2,fold03,2,0,5
full,Full,tp06_L2_p0p46,timepoint_mask,2.0,0.46,run2,fold03,2,1,5
full,Full,tp06_L2_p0p46,timepoint_mask,2.0,0.46,run2,fold03,2,2,4
full,Full,tp06_L2_p0p46,timepoint_mask,2.0,0.46,run2,oof_pooled,0,0,63
full,Full,tp06_L2_p0p46,timepoint_mask,2.0,0.46,run2,oof_pooled,0,1,13
full,Full,tp06_L2_p0p46,timepoint_mask,2.0,0.46,run2,oof_pooled,0,2,3
full,Full,tp06_L2_p0p46,timepoint_mask,2.0,0.46,run2,oof_pooled,1,0,24
full,Full,tp06_L2_p0p46,timepoint_mask,2.0,0.46,run2,oof_pooled,1,1,62
full,Full,tp06_L2_p0p46,timepoint_mask,2.0,0.46,run2,oof_pooled,1,2,7
full,Full,tp06_L2_p0p46,timepoint_mask,2.0,0.46,run2,oof_pooled,2,0,9
full,Full,tp06_L2_p0p46,timepoint_mask,2.0,0.46,run2,oof_pooled,2,1,14
full,Full,tp06_L2_p0p46,timepoint_mask,2.0,0.46,run2,oof_pooled,2,2,19
full,Full,tp07_L2_p0p82,timepoint_mask,2.0,0.82,run1,fold01,0,0,112
full,Full,tp07_L2_p0p82,timepoint_mask,2.0,0.82,run1,fold01,0,1,20
full,Full,tp07_L2_p0p82,timepoint_mask,2.0,0.82,run1,fold01,0,2,2
full,Full,tp07_L2_p0p82,timepoint_mask,2.0,0.82,run1,fold01,1,0,37
full,Full,tp07_L2_p0p82,timepoint_mask,2.0,0.82,run1,fold01,1,1,110
full,Full,tp07_L2_p0p82,timepoint_mask,2.0,0.82,run1,fold01,1,2,5
full,Full,tp07_L2_p0p82,timepoint_mask,2.0,0.82,run1,fold01,2,0,5
full,Full,tp07_L2_p0p82,timepoint_mask,2.0,0.82,run1,fold01,2,1,10
full,Full,tp07_L2_p0p82,timepoint_mask,2.0,0.82,run1,fold01,2,2,26
full,Full,tp07_L2_p0p82,timepoint_mask,2.0,0.82,run1,fold02,0,0,105
full,Full,tp07_L2_p0p82,timepoint_mask,2.0,0.82,run1,fold02,0,1,27
full,Full,tp07_L2_p0p82,timepoint_mask,2.0,0.82,run1,fold02,0,2,2
full,Full,tp07_L2_p0p82,timepoint_mask,2.0,0.82,run1,fold02,1,0,27
full,Full,tp07_L2_p0p82,timepoint_mask,2.0,0.82,run1,fold02,1,1,119
full,Full,tp07_L2_p0p82,timepoint_mask,2.0,0.82,run1,fold02,1,2,6
full,Full,tp07_L2_p0p82,timepoint_mask,2.0,0.82,run1,fold02,2,0,2
full,Full,tp07_L2_p0p82,timepoint_mask,2.0,0.82,run1,fold02,2,1,4
full,Full,tp07_L2_p0p82,timepoint_mask,2.0,0.82,run1,fold02,2,2,34
full,Full,tp07_L2_p0p82,timepoint_mask,2.0,0.82,run1,fold03,0,0,111
full,Full,tp07_L2_p0p82,timepoint_mask,2.0,0.82,run1,fold03,0,1,21
full,Full,tp07_L2_p0p82,timepoint_mask,2.0,0.82,run1,fold03,0,2,2
full,Full,tp07_L2_p0p82,timepoint_mask,2.0,0.82,run1,fold03,1,0,22
full,Full,tp07_L2_p0p82,timepoint_mask,2.0,0.82,run1,fold03,1,1,129
full,Full,tp07_L2_p0p82,timepoint_mask,2.0,0.82,run1,fold03,1,2,1
full,Full,tp07_L2_p0p82,timepoint_mask,2.0,0.82,run1,fold03,2,0,4
full,Full,tp07_L2_p0p82,timepoint_mask,2.0,0.82,run1,fold03,2,1,8
full,Full,tp07_L2_p0p82,timepoint_mask,2.0,0.82,run1,fold03,2,2,28
full,Full,tp07_L2_p0p82,timepoint_mask,2.0,0.82,run1,oof_pooled,0,0,328
full,Full,tp07_L2_p0p82,timepoint_mask,2.0,0.82,run1,oof_pooled,0,1,68
full,Full,tp07_L2_p0p82,timepoint_mask,2.0,0.82,run1,oof_pooled,0,2,6
full,Full,tp07_L2_p0p82,timepoint_mask,2.0,0.82,run1,oof_pooled,1,0,86
full,Full,tp07_L2_p0p82,timepoint_mask,2.0,0.82,run1,oof_pooled,1,1,358
full,Full,tp07_L2_p0p82,timepoint_mask,2.0,0.82,run1,oof_pooled,1,2,12
full,Full,tp07_L2_p0p82,timepoint_mask,2.0,0.82,run1,oof_pooled,2,0,11
full,Full,tp07_L2_p0p82,timepoint_mask,2.0,0.82,run1,oof_pooled,2,1,22
full,Full,tp07_L2_p0p82,timepoint_mask,2.0,0.82,run1,oof_pooled,2,2,88
full,Full,tp07_L2_p0p82,timepoint_mask,2.0,0.82,run2,fold01,0,0,22
full,Full,tp07_L2_p0p82,timepoint_mask,2.0,0.82,run2,fold01,0,1,4
full,Full,tp07_L2_p0p82,timepoint_mask,2.0,0.82,run2,fold01,0,2,1
full,Full,tp07_L2_p0p82,timepoint_mask,2.0,0.82,run2,fold01,1,0,8
full,Full,tp07_L2_p0p82,timepoint_mask,2.0,0.82,run2,fold01,1,1,21
full,Full,tp07_L2_p0p82,timepoint_mask,2.0,0.82,run2,fold01,1,2,2
full,Full,tp07_L2_p0p82,timepoint_mask,2.0,0.82,run2,fold01,2,0,2
full,Full,tp07_L2_p0p82,timepoint_mask,2.0,0.82,run2,fold01,2,1,5
full,Full,tp07_L2_p0p82,timepoint_mask,2.0,0.82,run2,fold01,2,2,7
full,Full,tp07_L2_p0p82,timepoint_mask,2.0,0.82,run2,fold02,0,0,23
full,Full,tp07_L2_p0p82,timepoint_mask,2.0,0.82,run2,fold02,0,1,3
full,Full,tp07_L2_p0p82,timepoint_mask,2.0,0.82,run2,fold02,0,2,0
full,Full,tp07_L2_p0p82,timepoint_mask,2.0,0.82,run2,fold02,1,0,10
full,Full,tp07_L2_p0p82,timepoint_mask,2.0,0.82,run2,fold02,1,1,18
full,Full,tp07_L2_p0p82,timepoint_mask,2.0,0.82,run2,fold02,1,2,3
full,Full,tp07_L2_p0p82,timepoint_mask,2.0,0.82,run2,fold02,2,0,2
full,Full,tp07_L2_p0p82,timepoint_mask,2.0,0.82,run2,fold02,2,1,4
full,Full,tp07_L2_p0p82,timepoint_mask,2.0,0.82,run2,fold02,2,2,8
full,Full,tp07_L2_p0p82,timepoint_mask,2.0,0.82,run2,fold03,0,0,18
full,Full,tp07_L2_p0p82,timepoint_mask,2.0,0.82,run2,fold03,0,1,5
full,Full,tp07_L2_p0p82,timepoint_mask,2.0,0.82,run2,fold03,0,2,3
full,Full,tp07_L2_p0p82,timepoint_mask,2.0,0.82,run2,fold03,1,0,6
full,Full,tp07_L2_p0p82,timepoint_mask,2.0,0.82,run2,fold03,1,1,23
full,Full,tp07_L2_p0p82,timepoint_mask,2.0,0.82,run2,fold03,1,2,2
full,Full,tp07_L2_p0p82,timepoint_mask,2.0,0.82,run2,fold03,2,0,5
full,Full,tp07_L2_p0p82,timepoint_mask,2.0,0.82,run2,fold03,2,1,5
full,Full,tp07_L2_p0p82,timepoint_mask,2.0,0.82,run2,fold03,2,2,4
full,Full,tp07_L2_p0p82,timepoint_mask,2.0,0.82,run2,oof_pooled,0,0,63
full,Full,tp07_L2_p0p82,timepoint_mask,2.0,0.82,run2,oof_pooled,0,1,12
full,Full,tp07_L2_p0p82,timepoint_mask,2.0,0.82,run2,oof_pooled,0,2,4
full,Full,tp07_L2_p0p82,timepoint_mask,2.0,0.82,run2,oof_pooled,1,0,24
full,Full,tp07_L2_p0p82,timepoint_mask,2.0,0.82,run2,oof_pooled,1,1,62
full,Full,tp07_L2_p0p82,timepoint_mask,2.0,0.82,run2,oof_pooled,1,2,7
full,Full,tp07_L2_p0p82,timepoint_mask,2.0,0.82,run2,oof_pooled,2,0,9
full,Full,tp07_L2_p0p82,timepoint_mask,2.0,0.82,run2,oof_pooled,2,1,14
full,Full,tp07_L2_p0p82,timepoint_mask,2.0,0.82,run2,oof_pooled,2,2,19
full,Full,tp08_L3_m0p08,timepoint_mask,3.0,-0.08,run1,fold01,0,0,112
full,Full,tp08_L3_m0p08,timepoint_mask,3.0,-0.08,run1,fold01,0,1,20
full,Full,tp08_L3_m0p08,timepoint_mask,3.0,-0.08,run1,fold01,0,2,2
full,Full,tp08_L3_m0p08,timepoint_mask,3.0,-0.08,run1,fold01,1,0,25
full,Full,tp08_L3_m0p08,timepoint_mask,3.0,-0.08,run1,fold01,1,1,126
full,Full,tp08_L3_m0p08,timepoint_mask,3.0,-0.08,run1,fold01,1,2,1
full,Full,tp08_L3_m0p08,timepoint_mask,3.0,-0.08,run1,fold01,2,0,5
full,Full,tp08_L3_m0p08,timepoint_mask,3.0,-0.08,run1,fold01,2,1,10
full,Full,tp08_L3_m0p08,timepoint_mask,3.0,-0.08,run1,fold01,2,2,26
full,Full,tp08_L3_m0p08,timepoint_mask,3.0,-0.08,run1,fold02,0,0,105
full,Full,tp08_L3_m0p08,timepoint_mask,3.0,-0.08,run1,fold02,0,1,27
full,Full,tp08_L3_m0p08,timepoint_mask,3.0,-0.08,run1,fold02,0,2,2
full,Full,tp08_L3_m0p08,timepoint_mask,3.0,-0.08,run1,fold02,1,0,20
full,Full,tp08_L3_m0p08,timepoint_mask,3.0,-0.08,run1,fold02,1,1,127
full,Full,tp08_L3_m0p08,timepoint_mask,3.0,-0.08,run1,fold02,1,2,5
full,Full,tp08_L3_m0p08,timepoint_mask,3.0,-0.08,run1,fold02,2,0,2
full,Full,tp08_L3_m0p08,timepoint_mask,3.0,-0.08,run1,fold02,2,1,4
full,Full,tp08_L3_m0p08,timepoint_mask,3.0,-0.08,run1,fold02,2,2,34
full,Full,tp08_L3_m0p08,timepoint_mask,3.0,-0.08,run1,fold03,0,0,111
full,Full,tp08_L3_m0p08,timepoint_mask,3.0,-0.08,run1,fold03,0,1,21
full,Full,tp08_L3_m0p08,timepoint_mask,3.0,-0.08,run1,fold03,0,2,2
full,Full,tp08_L3_m0p08,timepoint_mask,3.0,-0.08,run1,fold03,1,0,17
full,Full,tp08_L3_m0p08,timepoint_mask,3.0,-0.08,run1,fold03,1,1,135
full,Full,tp08_L3_m0p08,timepoint_mask,3.0,-0.08,run1,fold03,1,2,0
full,Full,tp08_L3_m0p08,timepoint_mask,3.0,-0.08,run1,fold03,2,0,4
full,Full,tp08_L3_m0p08,timepoint_mask,3.0,-0.08,run1,fold03,2,1,8
full,Full,tp08_L3_m0p08,timepoint_mask,3.0,-0.08,run1,fold03,2,2,28
full,Full,tp08_L3_m0p08,timepoint_mask,3.0,-0.08,run1,oof_pooled,0,0,328
full,Full,tp08_L3_m0p08,timepoint_mask,3.0,-0.08,run1,oof_pooled,0,1,68
full,Full,tp08_L3_m0p08,timepoint_mask,3.0,-0.08,run1,oof_pooled,0,2,6
full,Full,tp08_L3_m0p08,timepoint_mask,3.0,-0.08,run1,oof_pooled,1,0,62
full,Full,tp08_L3_m0p08,timepoint_mask,3.0,-0.08,run1,oof_pooled,1,1,388
full,Full,tp08_L3_m0p08,timepoint_mask,3.0,-0.08,run1,oof_pooled,1,2,6
full,Full,tp08_L3_m0p08,timepoint_mask,3.0,-0.08,run1,oof_pooled,2,0,11
full,Full,tp08_L3_m0p08,timepoint_mask,3.0,-0.08,run1,oof_pooled,2,1,22
full,Full,tp08_L3_m0p08,timepoint_mask,3.0,-0.08,run1,oof_pooled,2,2,88
full,Full,tp08_L3_m0p08,timepoint_mask,3.0,-0.08,run2,fold01,0,0,22
full,Full,tp08_L3_m0p08,timepoint_mask,3.0,-0.08,run2,fold01,0,1,3
full,Full,tp08_L3_m0p08,timepoint_mask,3.0,-0.08,run2,fold01,0,2,2
full,Full,tp08_L3_m0p08,timepoint_mask,3.0,-0.08,run2,fold01,1,0,8
full,Full,tp08_L3_m0p08,timepoint_mask,3.0,-0.08,run2,fold01,1,1,20
full,Full,tp08_L3_m0p08,timepoint_mask,3.0,-0.08,run2,fold01,1,2,3
full,Full,tp08_L3_m0p08,timepoint_mask,3.0,-0.08,run2,fold01,2,0,2
full,Full,tp08_L3_m0p08,timepoint_mask,3.0,-0.08,run2,fold01,2,1,5
full,Full,tp08_L3_m0p08,timepoint_mask,3.0,-0.08,run2,fold01,2,2,7
full,Full,tp08_L3_m0p08,timepoint_mask,3.0,-0.08,run2,fold02,0,0,21
full,Full,tp08_L3_m0p08,timepoint_mask,3.0,-0.08,run2,fold02,0,1,5
full,Full,tp08_L3_m0p08,timepoint_mask,3.0,-0.08,run2,fold02,0,2,0
full,Full,tp08_L3_m0p08,timepoint_mask,3.0,-0.08,run2,fold02,1,0,11
full,Full,tp08_L3_m0p08,timepoint_mask,3.0,-0.08,run2,fold02,1,1,17
full,Full,tp08_L3_m0p08,timepoint_mask,3.0,-0.08,run2,fold02,1,2,3
full,Full,tp08_L3_m0p08,timepoint_mask,3.0,-0.08,run2,fold02,2,0,2
full,Full,tp08_L3_m0p08,timepoint_mask,3.0,-0.08,run2,fold02,2,1,4
full,Full,tp08_L3_m0p08,timepoint_mask,3.0,-0.08,run2,fold02,2,2,8
full,Full,tp08_L3_m0p08,timepoint_mask,3.0,-0.08,run2,fold03,0,0,20
full,Full,tp08_L3_m0p08,timepoint_mask,3.0,-0.08,run2,fold03,0,1,5
full,Full,tp08_L3_m0p08,timepoint_mask,3.0,-0.08,run2,fold03,0,2,1
full,Full,tp08_L3_m0p08,timepoint_mask,3.0,-0.08,run2,fold03,1,0,6
full,Full,tp08_L3_m0p08,timepoint_mask,3.0,-0.08,run2,fold03,1,1,23
full,Full,tp08_L3_m0p08,timepoint_mask,3.0,-0.08,run2,fold03,1,2,2
full,Full,tp08_L3_m0p08,timepoint_mask,3.0,-0.08,run2,fold03,2,0,5
full,Full,tp08_L3_m0p08,timepoint_mask,3.0,-0.08,run2,fold03,2,1,5
full,Full,tp08_L3_m0p08,timepoint_mask,3.0,-0.08,run2,fold03,2,2,4
full,Full,tp08_L3_m0p08,timepoint_mask,3.0,-0.08,run2,oof_pooled,0,0,63
full,Full,tp08_L3_m0p08,timepoint_mask,3.0,-0.08,run2,oof_pooled,0,1,13
full,Full,tp08_L3_m0p08,timepoint_mask,3.0,-0.08,run2,oof_pooled,0,2,3
full,Full,tp08_L3_m0p08,timepoint_mask,3.0,-0.08,run2,oof_pooled,1,0,25
full,Full,tp08_L3_m0p08,timepoint_mask,3.0,-0.08,run2,oof_pooled,1,1,60
full,Full,tp08_L3_m0p08,timepoint_mask,3.0,-0.08,run2,oof_pooled,1,2,8
full,Full,tp08_L3_m0p08,timepoint_mask,3.0,-0.08,run2,oof_pooled,2,0,9
full,Full,tp08_L3_m0p08,timepoint_mask,3.0,-0.08,run2,oof_pooled,2,1,14
full,Full,tp08_L3_m0p08,timepoint_mask,3.0,-0.08,run2,oof_pooled,2,2,19
full,Full,tp09_L3_p0p42,timepoint_mask,3.0,0.42,run1,fold01,0,0,112
full,Full,tp09_L3_p0p42,timepoint_mask,3.0,0.42,run1,fold01,0,1,20
full,Full,tp09_L3_p0p42,timepoint_mask,3.0,0.42,run1,fold01,0,2,2
full,Full,tp09_L3_p0p42,timepoint_mask,3.0,0.42,run1,fold01,1,0,25
full,Full,tp09_L3_p0p42,timepoint_mask,3.0,0.42,run1,fold01,1,1,126
full,Full,tp09_L3_p0p42,timepoint_mask,3.0,0.42,run1,fold01,1,2,1
full,Full,tp09_L3_p0p42,timepoint_mask,3.0,0.42,run1,fold01,2,0,5
full,Full,tp09_L3_p0p42,timepoint_mask,3.0,0.42,run1,fold01,2,1,10
full,Full,tp09_L3_p0p42,timepoint_mask,3.0,0.42,run1,fold01,2,2,26
full,Full,tp09_L3_p0p42,timepoint_mask,3.0,0.42,run1,fold02,0,0,105
full,Full,tp09_L3_p0p42,timepoint_mask,3.0,0.42,run1,fold02,0,1,27
full,Full,tp09_L3_p0p42,timepoint_mask,3.0,0.42,run1,fold02,0,2,2
full,Full,tp09_L3_p0p42,timepoint_mask,3.0,0.42,run1,fold02,1,0,20
full,Full,tp09_L3_p0p42,timepoint_mask,3.0,0.42,run1,fold02,1,1,127
full,Full,tp09_L3_p0p42,timepoint_mask,3.0,0.42,run1,fold02,1,2,5
full,Full,tp09_L3_p0p42,timepoint_mask,3.0,0.42,run1,fold02,2,0,2
full,Full,tp09_L3_p0p42,timepoint_mask,3.0,0.42,run1,fold02,2,1,4
full,Full,tp09_L3_p0p42,timepoint_mask,3.0,0.42,run1,fold02,2,2,34
full,Full,tp09_L3_p0p42,timepoint_mask,3.0,0.42,run1,fold03,0,0,111
full,Full,tp09_L3_p0p42,timepoint_mask,3.0,0.42,run1,fold03,0,1,21
full,Full,tp09_L3_p0p42,timepoint_mask,3.0,0.42,run1,fold03,0,2,2
full,Full,tp09_L3_p0p42,timepoint_mask,3.0,0.42,run1,fold03,1,0,17
full,Full,tp09_L3_p0p42,timepoint_mask,3.0,0.42,run1,fold03,1,1,135
full,Full,tp09_L3_p0p42,timepoint_mask,3.0,0.42,run1,fold03,1,2,0
full,Full,tp09_L3_p0p42,timepoint_mask,3.0,0.42,run1,fold03,2,0,4
full,Full,tp09_L3_p0p42,timepoint_mask,3.0,0.42,run1,fold03,2,1,8
full,Full,tp09_L3_p0p42,timepoint_mask,3.0,0.42,run1,fold03,2,2,28
full,Full,tp09_L3_p0p42,timepoint_mask,3.0,0.42,run1,oof_pooled,0,0,328
full,Full,tp09_L3_p0p42,timepoint_mask,3.0,0.42,run1,oof_pooled,0,1,68
full,Full,tp09_L3_p0p42,timepoint_mask,3.0,0.42,run1,oof_pooled,0,2,6
full,Full,tp09_L3_p0p42,timepoint_mask,3.0,0.42,run1,oof_pooled,1,0,62
full,Full,tp09_L3_p0p42,timepoint_mask,3.0,0.42,run1,oof_pooled,1,1,388
full,Full,tp09_L3_p0p42,timepoint_mask,3.0,0.42,run1,oof_pooled,1,2,6
full,Full,tp09_L3_p0p42,timepoint_mask,3.0,0.42,run1,oof_pooled,2,0,11
full,Full,tp09_L3_p0p42,timepoint_mask,3.0,0.42,run1,oof_pooled,2,1,22
full,Full,tp09_L3_p0p42,timepoint_mask,3.0,0.42,run1,oof_pooled,2,2,88
full,Full,tp09_L3_p0p42,timepoint_mask,3.0,0.42,run2,fold01,0,0,22
full,Full,tp09_L3_p0p42,timepoint_mask,3.0,0.42,run2,fold01,0,1,3
full,Full,tp09_L3_p0p42,timepoint_mask,3.0,0.42,run2,fold01,0,2,2
full,Full,tp09_L3_p0p42,timepoint_mask,3.0,0.42,run2,fold01,1,0,8
full,Full,tp09_L3_p0p42,timepoint_mask,3.0,0.42,run2,fold01,1,1,21
full,Full,tp09_L3_p0p42,timepoint_mask,3.0,0.42,run2,fold01,1,2,2
full,Full,tp09_L3_p0p42,timepoint_mask,3.0,0.42,run2,fold01,2,0,2
full,Full,tp09_L3_p0p42,timepoint_mask,3.0,0.42,run2,fold01,2,1,5
full,Full,tp09_L3_p0p42,timepoint_mask,3.0,0.42,run2,fold01,2,2,7
full,Full,tp09_L3_p0p42,timepoint_mask,3.0,0.42,run2,fold02,0,0,21
full,Full,tp09_L3_p0p42,timepoint_mask,3.0,0.42,run2,fold02,0,1,5
full,Full,tp09_L3_p0p42,timepoint_mask,3.0,0.42,run2,fold02,0,2,0
full,Full,tp09_L3_p0p42,timepoint_mask,3.0,0.42,run2,fold02,1,0,10
full,Full,tp09_L3_p0p42,timepoint_mask,3.0,0.42,run2,fold02,1,1,18
full,Full,tp09_L3_p0p42,timepoint_mask,3.0,0.42,run2,fold02,1,2,3
full,Full,tp09_L3_p0p42,timepoint_mask,3.0,0.42,run2,fold02,2,0,2
full,Full,tp09_L3_p0p42,timepoint_mask,3.0,0.42,run2,fold02,2,1,4
full,Full,tp09_L3_p0p42,timepoint_mask,3.0,0.42,run2,fold02,2,2,8
full,Full,tp09_L3_p0p42,timepoint_mask,3.0,0.42,run2,fold03,0,0,20
full,Full,tp09_L3_p0p42,timepoint_mask,3.0,0.42,run2,fold03,0,1,5
full,Full,tp09_L3_p0p42,timepoint_mask,3.0,0.42,run2,fold03,0,2,1
full,Full,tp09_L3_p0p42,timepoint_mask,3.0,0.42,run2,fold03,1,0,6
full,Full,tp09_L3_p0p42,timepoint_mask,3.0,0.42,run2,fold03,1,1,23
full,Full,tp09_L3_p0p42,timepoint_mask,3.0,0.42,run2,fold03,1,2,2
full,Full,tp09_L3_p0p42,timepoint_mask,3.0,0.42,run2,fold03,2,0,5
full,Full,tp09_L3_p0p42,timepoint_mask,3.0,0.42,run2,fold03,2,1,5
full,Full,tp09_L3_p0p42,timepoint_mask,3.0,0.42,run2,fold03,2,2,4
full,Full,tp09_L3_p0p42,timepoint_mask,3.0,0.42,run2,oof_pooled,0,0,63
full,Full,tp09_L3_p0p42,timepoint_mask,3.0,0.42,run2,oof_pooled,0,1,13
full,Full,tp09_L3_p0p42,timepoint_mask,3.0,0.42,run2,oof_pooled,0,2,3
full,Full,tp09_L3_p0p42,timepoint_mask,3.0,0.42,run2,oof_pooled,1,0,24
full,Full,tp09_L3_p0p42,timepoint_mask,3.0,0.42,run2,oof_pooled,1,1,62
full,Full,tp09_L3_p0p42,timepoint_mask,3.0,0.42,run2,oof_pooled,1,2,7
full,Full,tp09_L3_p0p42,timepoint_mask,3.0,0.42,run2,oof_pooled,2,0,9
full,Full,tp09_L3_p0p42,timepoint_mask,3.0,0.42,run2,oof_pooled,2,1,14
full,Full,tp09_L3_p0p42,timepoint_mask,3.0,0.42,run2,oof_pooled,2,2,19
full,Full,tp10_L3_p0p65,timepoint_mask,3.0,0.65,run1,fold01,0,0,112
full,Full,tp10_L3_p0p65,timepoint_mask,3.0,0.65,run1,fold01,0,1,20
full,Full,tp10_L3_p0p65,timepoint_mask,3.0,0.65,run1,fold01,0,2,2
full,Full,tp10_L3_p0p65,timepoint_mask,3.0,0.65,run1,fold01,1,0,25
full,Full,tp10_L3_p0p65,timepoint_mask,3.0,0.65,run1,fold01,1,1,126
full,Full,tp10_L3_p0p65,timepoint_mask,3.0,0.65,run1,fold01,1,2,1
full,Full,tp10_L3_p0p65,timepoint_mask,3.0,0.65,run1,fold01,2,0,5
full,Full,tp10_L3_p0p65,timepoint_mask,3.0,0.65,run1,fold01,2,1,10
full,Full,tp10_L3_p0p65,timepoint_mask,3.0,0.65,run1,fold01,2,2,26
full,Full,tp10_L3_p0p65,timepoint_mask,3.0,0.65,run1,fold02,0,0,105
full,Full,tp10_L3_p0p65,timepoint_mask,3.0,0.65,run1,fold02,0,1,27
full,Full,tp10_L3_p0p65,timepoint_mask,3.0,0.65,run1,fold02,0,2,2
full,Full,tp10_L3_p0p65,timepoint_mask,3.0,0.65,run1,fold02,1,0,20
full,Full,tp10_L3_p0p65,timepoint_mask,3.0,0.65,run1,fold02,1,1,127
full,Full,tp10_L3_p0p65,timepoint_mask,3.0,0.65,run1,fold02,1,2,5
full,Full,tp10_L3_p0p65,timepoint_mask,3.0,0.65,run1,fold02,2,0,2
full,Full,tp10_L3_p0p65,timepoint_mask,3.0,0.65,run1,fold02,2,1,4
full,Full,tp10_L3_p0p65,timepoint_mask,3.0,0.65,run1,fold02,2,2,34
full,Full,tp10_L3_p0p65,timepoint_mask,3.0,0.65,run1,fold03,0,0,111
full,Full,tp10_L3_p0p65,timepoint_mask,3.0,0.65,run1,fold03,0,1,21
full,Full,tp10_L3_p0p65,timepoint_mask,3.0,0.65,run1,fold03,0,2,2
full,Full,tp10_L3_p0p65,timepoint_mask,3.0,0.65,run1,fold03,1,0,17
full,Full,tp10_L3_p0p65,timepoint_mask,3.0,0.65,run1,fold03,1,1,135
full,Full,tp10_L3_p0p65,timepoint_mask,3.0,0.65,run1,fold03,1,2,0
full,Full,tp10_L3_p0p65,timepoint_mask,3.0,0.65,run1,fold03,2,0,4
full,Full,tp10_L3_p0p65,timepoint_mask,3.0,0.65,run1,fold03,2,1,8
full,Full,tp10_L3_p0p65,timepoint_mask,3.0,0.65,run1,fold03,2,2,28
full,Full,tp10_L3_p0p65,timepoint_mask,3.0,0.65,run1,oof_pooled,0,0,328
full,Full,tp10_L3_p0p65,timepoint_mask,3.0,0.65,run1,oof_pooled,0,1,68
full,Full,tp10_L3_p0p65,timepoint_mask,3.0,0.65,run1,oof_pooled,0,2,6
full,Full,tp10_L3_p0p65,timepoint_mask,3.0,0.65,run1,oof_pooled,1,0,62
full,Full,tp10_L3_p0p65,timepoint_mask,3.0,0.65,run1,oof_pooled,1,1,388
full,Full,tp10_L3_p0p65,timepoint_mask,3.0,0.65,run1,oof_pooled,1,2,6
full,Full,tp10_L3_p0p65,timepoint_mask,3.0,0.65,run1,oof_pooled,2,0,11
full,Full,tp10_L3_p0p65,timepoint_mask,3.0,0.65,run1,oof_pooled,2,1,22
full,Full,tp10_L3_p0p65,timepoint_mask,3.0,0.65,run1,oof_pooled,2,2,88
full,Full,tp10_L3_p0p65,timepoint_mask,3.0,0.65,run2,fold01,0,0,22
full,Full,tp10_L3_p0p65,timepoint_mask,3.0,0.65,run2,fold01,0,1,3
full,Full,tp10_L3_p0p65,timepoint_mask,3.0,0.65,run2,fold01,0,2,2
full,Full,tp10_L3_p0p65,timepoint_mask,3.0,0.65,run2,fold01,1,0,8
full,Full,tp10_L3_p0p65,timepoint_mask,3.0,0.65,run2,fold01,1,1,21
full,Full,tp10_L3_p0p65,timepoint_mask,3.0,0.65,run2,fold01,1,2,2
full,Full,tp10_L3_p0p65,timepoint_mask,3.0,0.65,run2,fold01,2,0,2
full,Full,tp10_L3_p0p65,timepoint_mask,3.0,0.65,run2,fold01,2,1,5
full,Full,tp10_L3_p0p65,timepoint_mask,3.0,0.65,run2,fold01,2,2,7
full,Full,tp10_L3_p0p65,timepoint_mask,3.0,0.65,run2,fold02,0,0,21
full,Full,tp10_L3_p0p65,timepoint_mask,3.0,0.65,run2,fold02,0,1,5
full,Full,tp10_L3_p0p65,timepoint_mask,3.0,0.65,run2,fold02,0,2,0
full,Full,tp10_L3_p0p65,timepoint_mask,3.0,0.65,run2,fold02,1,0,10
full,Full,tp10_L3_p0p65,timepoint_mask,3.0,0.65,run2,fold02,1,1,18
full,Full,tp10_L3_p0p65,timepoint_mask,3.0,0.65,run2,fold02,1,2,3
full,Full,tp10_L3_p0p65,timepoint_mask,3.0,0.65,run2,fold02,2,0,2
full,Full,tp10_L3_p0p65,timepoint_mask,3.0,0.65,run2,fold02,2,1,4
full,Full,tp10_L3_p0p65,timepoint_mask,3.0,0.65,run2,fold02,2,2,8
full,Full,tp10_L3_p0p65,timepoint_mask,3.0,0.65,run2,fold03,0,0,20
full,Full,tp10_L3_p0p65,timepoint_mask,3.0,0.65,run2,fold03,0,1,5
full,Full,tp10_L3_p0p65,timepoint_mask,3.0,0.65,run2,fold03,0,2,1
full,Full,tp10_L3_p0p65,timepoint_mask,3.0,0.65,run2,fold03,1,0,6
full,Full,tp10_L3_p0p65,timepoint_mask,3.0,0.65,run2,fold03,1,1,23
full,Full,tp10_L3_p0p65,timepoint_mask,3.0,0.65,run2,fold03,1,2,2
full,Full,tp10_L3_p0p65,timepoint_mask,3.0,0.65,run2,fold03,2,0,5
full,Full,tp10_L3_p0p65,timepoint_mask,3.0,0.65,run2,fold03,2,1,5
full,Full,tp10_L3_p0p65,timepoint_mask,3.0,0.65,run2,fold03,2,2,4
full,Full,tp10_L3_p0p65,timepoint_mask,3.0,0.65,run2,oof_pooled,0,0,63
full,Full,tp10_L3_p0p65,timepoint_mask,3.0,0.65,run2,oof_pooled,0,1,13
full,Full,tp10_L3_p0p65,timepoint_mask,3.0,0.65,run2,oof_pooled,0,2,3
full,Full,tp10_L3_p0p65,timepoint_mask,3.0,0.65,run2,oof_pooled,1,0,24
full,Full,tp10_L3_p0p65,timepoint_mask,3.0,0.65,run2,oof_pooled,1,1,62
full,Full,tp10_L3_p0p65,timepoint_mask,3.0,0.65,run2,oof_pooled,1,2,7
full,Full,tp10_L3_p0p65,timepoint_mask,3.0,0.65,run2,oof_pooled,2,0,9
full,Full,tp10_L3_p0p65,timepoint_mask,3.0,0.65,run2,oof_pooled,2,1,14
full,Full,tp10_L3_p0p65,timepoint_mask,3.0,0.65,run2,oof_pooled,2,2,19
full,Full,tp11_L3_p0p95,timepoint_mask,3.0,0.95,run1,fold01,0,0,112
full,Full,tp11_L3_p0p95,timepoint_mask,3.0,0.95,run1,fold01,0,1,20
full,Full,tp11_L3_p0p95,timepoint_mask,3.0,0.95,run1,fold01,0,2,2
full,Full,tp11_L3_p0p95,timepoint_mask,3.0,0.95,run1,fold01,1,0,25
full,Full,tp11_L3_p0p95,timepoint_mask,3.0,0.95,run1,fold01,1,1,126
full,Full,tp11_L3_p0p95,timepoint_mask,3.0,0.95,run1,fold01,1,2,1
full,Full,tp11_L3_p0p95,timepoint_mask,3.0,0.95,run1,fold01,2,0,5
full,Full,tp11_L3_p0p95,timepoint_mask,3.0,0.95,run1,fold01,2,1,10
full,Full,tp11_L3_p0p95,timepoint_mask,3.0,0.95,run1,fold01,2,2,26
full,Full,tp11_L3_p0p95,timepoint_mask,3.0,0.95,run1,fold02,0,0,105
full,Full,tp11_L3_p0p95,timepoint_mask,3.0,0.95,run1,fold02,0,1,27
full,Full,tp11_L3_p0p95,timepoint_mask,3.0,0.95,run1,fold02,0,2,2
full,Full,tp11_L3_p0p95,timepoint_mask,3.0,0.95,run1,fold02,1,0,20
full,Full,tp11_L3_p0p95,timepoint_mask,3.0,0.95,run1,fold02,1,1,127
full,Full,tp11_L3_p0p95,timepoint_mask,3.0,0.95,run1,fold02,1,2,5
full,Full,tp11_L3_p0p95,timepoint_mask,3.0,0.95,run1,fold02,2,0,2
full,Full,tp11_L3_p0p95,timepoint_mask,3.0,0.95,run1,fold02,2,1,4
full,Full,tp11_L3_p0p95,timepoint_mask,3.0,0.95,run1,fold02,2,2,34
full,Full,tp11_L3_p0p95,timepoint_mask,3.0,0.95,run1,fold03,0,0,111
full,Full,tp11_L3_p0p95,timepoint_mask,3.0,0.95,run1,fold03,0,1,21
full,Full,tp11_L3_p0p95,timepoint_mask,3.0,0.95,run1,fold03,0,2,2
full,Full,tp11_L3_p0p95,timepoint_mask,3.0,0.95,run1,fold03,1,0,17
full,Full,tp11_L3_p0p95,timepoint_mask,3.0,0.95,run1,fold03,1,1,135
full,Full,tp11_L3_p0p95,timepoint_mask,3.0,0.95,run1,fold03,1,2,0
full,Full,tp11_L3_p0p95,timepoint_mask,3.0,0.95,run1,fold03,2,0,4
full,Full,tp11_L3_p0p95,timepoint_mask,3.0,0.95,run1,fold03,2,1,7
full,Full,tp11_L3_p0p95,timepoint_mask,3.0,0.95,run1,fold03,2,2,29
full,Full,tp11_L3_p0p95,timepoint_mask,3.0,0.95,run1,oof_pooled,0,0,328
full,Full,tp11_L3_p0p95,timepoint_mask,3.0,0.95,run1,oof_pooled,0,1,68
full,Full,tp11_L3_p0p95,timepoint_mask,3.0,0.95,run1,oof_pooled,0,2,6
full,Full,tp11_L3_p0p95,timepoint_mask,3.0,0.95,run1,oof_pooled,1,0,62
full,Full,tp11_L3_p0p95,timepoint_mask,3.0,0.95,run1,oof_pooled,1,1,388
full,Full,tp11_L3_p0p95,timepoint_mask,3.0,0.95,run1,oof_pooled,1,2,6
full,Full,tp11_L3_p0p95,timepoint_mask,3.0,0.95,run1,oof_pooled,2,0,11
full,Full,tp11_L3_p0p95,timepoint_mask,3.0,0.95,run1,oof_pooled,2,1,21
full,Full,tp11_L3_p0p95,timepoint_mask,3.0,0.95,run1,oof_pooled,2,2,89
full,Full,tp11_L3_p0p95,timepoint_mask,3.0,0.95,run2,fold01,0,0,22
full,Full,tp11_L3_p0p95,timepoint_mask,3.0,0.95,run2,fold01,0,1,3
full,Full,tp11_L3_p0p95,timepoint_mask,3.0,0.95,run2,fold01,0,2,2
full,Full,tp11_L3_p0p95,timepoint_mask,3.0,0.95,run2,fold01,1,0,8
full,Full,tp11_L3_p0p95,timepoint_mask,3.0,0.95,run2,fold01,1,1,21
full,Full,tp11_L3_p0p95,timepoint_mask,3.0,0.95,run2,fold01,1,2,2
full,Full,tp11_L3_p0p95,timepoint_mask,3.0,0.95,run2,fold01,2,0,2
full,Full,tp11_L3_p0p95,timepoint_mask,3.0,0.95,run2,fold01,2,1,5
full,Full,tp11_L3_p0p95,timepoint_mask,3.0,0.95,run2,fold01,2,2,7
full,Full,tp11_L3_p0p95,timepoint_mask,3.0,0.95,run2,fold02,0,0,21
full,Full,tp11_L3_p0p95,timepoint_mask,3.0,0.95,run2,fold02,0,1,5
full,Full,tp11_L3_p0p95,timepoint_mask,3.0,0.95,run2,fold02,0,2,0
full,Full,tp11_L3_p0p95,timepoint_mask,3.0,0.95,run2,fold02,1,0,10
full,Full,tp11_L3_p0p95,timepoint_mask,3.0,0.95,run2,fold02,1,1,18
full,Full,tp11_L3_p0p95,timepoint_mask,3.0,0.95,run2,fold02,1,2,3
full,Full,tp11_L3_p0p95,timepoint_mask,3.0,0.95,run2,fold02,2,0,2
full,Full,tp11_L3_p0p95,timepoint_mask,3.0,0.95,run2,fold02,2,1,4
full,Full,tp11_L3_p0p95,timepoint_mask,3.0,0.95,run2,fold02,2,2,8
full,Full,tp11_L3_p0p95,timepoint_mask,3.0,0.95,run2,fold03,0,0,20
full,Full,tp11_L3_p0p95,timepoint_mask,3.0,0.95,run2,fold03,0,1,5
full,Full,tp11_L3_p0p95,timepoint_mask,3.0,0.95,run2,fold03,0,2,1
full,Full,tp11_L3_p0p95,timepoint_mask,3.0,0.95,run2,fold03,1,0,6
full,Full,tp11_L3_p0p95,timepoint_mask,3.0,0.95,run2,fold03,1,1,23
full,Full,tp11_L3_p0p95,timepoint_mask,3.0,0.95,run2,fold03,1,2,2
full,Full,tp11_L3_p0p95,timepoint_mask,3.0,0.95,run2,fold03,2,0,5
full,Full,tp11_L3_p0p95,timepoint_mask,3.0,0.95,run2,fold03,2,1,5
full,Full,tp11_L3_p0p95,timepoint_mask,3.0,0.95,run2,fold03,2,2,4
full,Full,tp11_L3_p0p95,timepoint_mask,3.0,0.95,run2,oof_pooled,0,0,63
full,Full,tp11_L3_p0p95,timepoint_mask,3.0,0.95,run2,oof_pooled,0,1,13
full,Full,tp11_L3_p0p95,timepoint_mask,3.0,0.95,run2,oof_pooled,0,2,3
full,Full,tp11_L3_p0p95,timepoint_mask,3.0,0.95,run2,oof_pooled,1,0,24
full,Full,tp11_L3_p0p95,timepoint_mask,3.0,0.95,run2,oof_pooled,1,1,62
full,Full,tp11_L3_p0p95,timepoint_mask,3.0,0.95,run2,oof_pooled,1,2,7
full,Full,tp11_L3_p0p95,timepoint_mask,3.0,0.95,run2,oof_pooled,2,0,9
full,Full,tp11_L3_p0p95,timepoint_mask,3.0,0.95,run2,oof_pooled,2,1,14
full,Full,tp11_L3_p0p95,timepoint_mask,3.0,0.95,run2,oof_pooled,2,2,19
full,Full,tp12_L4_m0p56,timepoint_mask,4.0,-0.56,run1,fold01,0,0,112
full,Full,tp12_L4_m0p56,timepoint_mask,4.0,-0.56,run1,fold01,0,1,20
full,Full,tp12_L4_m0p56,timepoint_mask,4.0,-0.56,run1,fold01,0,2,2
full,Full,tp12_L4_m0p56,timepoint_mask,4.0,-0.56,run1,fold01,1,0,27
full,Full,tp12_L4_m0p56,timepoint_mask,4.0,-0.56,run1,fold01,1,1,121
full,Full,tp12_L4_m0p56,timepoint_mask,4.0,-0.56,run1,fold01,1,2,4
full,Full,tp12_L4_m0p56,timepoint_mask,4.0,-0.56,run1,fold01,2,0,5
full,Full,tp12_L4_m0p56,timepoint_mask,4.0,-0.56,run1,fold01,2,1,10
full,Full,tp12_L4_m0p56,timepoint_mask,4.0,-0.56,run1,fold01,2,2,26
full,Full,tp12_L4_m0p56,timepoint_mask,4.0,-0.56,run1,fold02,0,0,105
full,Full,tp12_L4_m0p56,timepoint_mask,4.0,-0.56,run1,fold02,0,1,27
full,Full,tp12_L4_m0p56,timepoint_mask,4.0,-0.56,run1,fold02,0,2,2
full,Full,tp12_L4_m0p56,timepoint_mask,4.0,-0.56,run1,fold02,1,0,28
full,Full,tp12_L4_m0p56,timepoint_mask,4.0,-0.56,run1,fold02,1,1,119
full,Full,tp12_L4_m0p56,timepoint_mask,4.0,-0.56,run1,fold02,1,2,5
full,Full,tp12_L4_m0p56,timepoint_mask,4.0,-0.56,run1,fold02,2,0,2
full,Full,tp12_L4_m0p56,timepoint_mask,4.0,-0.56,run1,fold02,2,1,4
full,Full,tp12_L4_m0p56,timepoint_mask,4.0,-0.56,run1,fold02,2,2,34
full,Full,tp12_L4_m0p56,timepoint_mask,4.0,-0.56,run1,fold03,0,0,111
full,Full,tp12_L4_m0p56,timepoint_mask,4.0,-0.56,run1,fold03,0,1,21
full,Full,tp12_L4_m0p56,timepoint_mask,4.0,-0.56,run1,fold03,0,2,2
full,Full,tp12_L4_m0p56,timepoint_mask,4.0,-0.56,run1,fold03,1,0,20
full,Full,tp12_L4_m0p56,timepoint_mask,4.0,-0.56,run1,fold03,1,1,132
full,Full,tp12_L4_m0p56,timepoint_mask,4.0,-0.56,run1,fold03,1,2,0
full,Full,tp12_L4_m0p56,timepoint_mask,4.0,-0.56,run1,fold03,2,0,4
full,Full,tp12_L4_m0p56,timepoint_mask,4.0,-0.56,run1,fold03,2,1,8
full,Full,tp12_L4_m0p56,timepoint_mask,4.0,-0.56,run1,fold03,2,2,28
full,Full,tp12_L4_m0p56,timepoint_mask,4.0,-0.56,run1,oof_pooled,0,0,328
full,Full,tp12_L4_m0p56,timepoint_mask,4.0,-0.56,run1,oof_pooled,0,1,68
full,Full,tp12_L4_m0p56,timepoint_mask,4.0,-0.56,run1,oof_pooled,0,2,6
full,Full,tp12_L4_m0p56,timepoint_mask,4.0,-0.56,run1,oof_pooled,1,0,75
full,Full,tp12_L4_m0p56,timepoint_mask,4.0,-0.56,run1,oof_pooled,1,1,372
full,Full,tp12_L4_m0p56,timepoint_mask,4.0,-0.56,run1,oof_pooled,1,2,9
full,Full,tp12_L4_m0p56,timepoint_mask,4.0,-0.56,run1,oof_pooled,2,0,11
full,Full,tp12_L4_m0p56,timepoint_mask,4.0,-0.56,run1,oof_pooled,2,1,22
full,Full,tp12_L4_m0p56,timepoint_mask,4.0,-0.56,run1,oof_pooled,2,2,88
full,Full,tp12_L4_m0p56,timepoint_mask,4.0,-0.56,run2,fold01,0,0,23
full,Full,tp12_L4_m0p56,timepoint_mask,4.0,-0.56,run2,fold01,0,1,2
full,Full,tp12_L4_m0p56,timepoint_mask,4.0,-0.56,run2,fold01,0,2,2
full,Full,tp12_L4_m0p56,timepoint_mask,4.0,-0.56,run2,fold01,1,0,8
full,Full,tp12_L4_m0p56,timepoint_mask,4.0,-0.56,run2,fold01,1,1,21
full,Full,tp12_L4_m0p56,timepoint_mask,4.0,-0.56,run2,fold01,1,2,2
full,Full,tp12_L4_m0p56,timepoint_mask,4.0,-0.56,run2,fold01,2,0,2
full,Full,tp12_L4_m0p56,timepoint_mask,4.0,-0.56,run2,fold01,2,1,5
full,Full,tp12_L4_m0p56,timepoint_mask,4.0,-0.56,run2,fold01,2,2,7
full,Full,tp12_L4_m0p56,timepoint_mask,4.0,-0.56,run2,fold02,0,0,21
full,Full,tp12_L4_m0p56,timepoint_mask,4.0,-0.56,run2,fold02,0,1,5
full,Full,tp12_L4_m0p56,timepoint_mask,4.0,-0.56,run2,fold02,0,2,0
full,Full,tp12_L4_m0p56,timepoint_mask,4.0,-0.56,run2,fold02,1,0,10
full,Full,tp12_L4_m0p56,timepoint_mask,4.0,-0.56,run2,fold02,1,1,18
full,Full,tp12_L4_m0p56,timepoint_mask,4.0,-0.56,run2,fold02,1,2,3
full,Full,tp12_L4_m0p56,timepoint_mask,4.0,-0.56,run2,fold02,2,0,2
full,Full,tp12_L4_m0p56,timepoint_mask,4.0,-0.56,run2,fold02,2,1,4
full,Full,tp12_L4_m0p56,timepoint_mask,4.0,-0.56,run2,fold02,2,2,8
full,Full,tp12_L4_m0p56,timepoint_mask,4.0,-0.56,run2,fold03,0,0,20
full,Full,tp12_L4_m0p56,timepoint_mask,4.0,-0.56,run2,fold03,0,1,4
full,Full,tp12_L4_m0p56,timepoint_mask,4.0,-0.56,run2,fold03,0,2,2
full,Full,tp12_L4_m0p56,timepoint_mask,4.0,-0.56,run2,fold03,1,0,6
full,Full,tp12_L4_m0p56,timepoint_mask,4.0,-0.56,run2,fold03,1,1,23
full,Full,tp12_L4_m0p56,timepoint_mask,4.0,-0.56,run2,fold03,1,2,2
full,Full,tp12_L4_m0p56,timepoint_mask,4.0,-0.56,run2,fold03,2,0,5
full,Full,tp12_L4_m0p56,timepoint_mask,4.0,-0.56,run2,fold03,2,1,5
full,Full,tp12_L4_m0p56,timepoint_mask,4.0,-0.56,run2,fold03,2,2,4
full,Full,tp12_L4_m0p56,timepoint_mask,4.0,-0.56,run2,oof_pooled,0,0,64
full,Full,tp12_L4_m0p56,timepoint_mask,4.0,-0.56,run2,oof_pooled,0,1,11
full,Full,tp12_L4_m0p56,timepoint_mask,4.0,-0.56,run2,oof_pooled,0,2,4
full,Full,tp12_L4_m0p56,timepoint_mask,4.0,-0.56,run2,oof_pooled,1,0,24
full,Full,tp12_L4_m0p56,timepoint_mask,4.0,-0.56,run2,oof_pooled,1,1,62
full,Full,tp12_L4_m0p56,timepoint_mask,4.0,-0.56,run2,oof_pooled,1,2,7
full,Full,tp12_L4_m0p56,timepoint_mask,4.0,-0.56,run2,oof_pooled,2,0,9
full,Full,tp12_L4_m0p56,timepoint_mask,4.0,-0.56,run2,oof_pooled,2,1,14
full,Full,tp12_L4_m0p56,timepoint_mask,4.0,-0.56,run2,oof_pooled,2,2,19
full,Full,tp13_L4_m0p55,timepoint_mask,4.0,-0.55,run1,fold01,0,0,112
full,Full,tp13_L4_m0p55,timepoint_mask,4.0,-0.55,run1,fold01,0,1,20
full,Full,tp13_L4_m0p55,timepoint_mask,4.0,-0.55,run1,fold01,0,2,2
full,Full,tp13_L4_m0p55,timepoint_mask,4.0,-0.55,run1,fold01,1,0,27
full,Full,tp13_L4_m0p55,timepoint_mask,4.0,-0.55,run1,fold01,1,1,122
full,Full,tp13_L4_m0p55,timepoint_mask,4.0,-0.55,run1,fold01,1,2,3
full,Full,tp13_L4_m0p55,timepoint_mask,4.0,-0.55,run1,fold01,2,0,5
full,Full,tp13_L4_m0p55,timepoint_mask,4.0,-0.55,run1,fold01,2,1,10
full,Full,tp13_L4_m0p55,timepoint_mask,4.0,-0.55,run1,fold01,2,2,26
full,Full,tp13_L4_m0p55,timepoint_mask,4.0,-0.55,run1,fold02,0,0,105
full,Full,tp13_L4_m0p55,timepoint_mask,4.0,-0.55,run1,fold02,0,1,27
full,Full,tp13_L4_m0p55,timepoint_mask,4.0,-0.55,run1,fold02,0,2,2
full,Full,tp13_L4_m0p55,timepoint_mask,4.0,-0.55,run1,fold02,1,0,27
full,Full,tp13_L4_m0p55,timepoint_mask,4.0,-0.55,run1,fold02,1,1,120
full,Full,tp13_L4_m0p55,timepoint_mask,4.0,-0.55,run1,fold02,1,2,5
full,Full,tp13_L4_m0p55,timepoint_mask,4.0,-0.55,run1,fold02,2,0,2
full,Full,tp13_L4_m0p55,timepoint_mask,4.0,-0.55,run1,fold02,2,1,4
full,Full,tp13_L4_m0p55,timepoint_mask,4.0,-0.55,run1,fold02,2,2,34
full,Full,tp13_L4_m0p55,timepoint_mask,4.0,-0.55,run1,fold03,0,0,111
full,Full,tp13_L4_m0p55,timepoint_mask,4.0,-0.55,run1,fold03,0,1,21
full,Full,tp13_L4_m0p55,timepoint_mask,4.0,-0.55,run1,fold03,0,2,2
full,Full,tp13_L4_m0p55,timepoint_mask,4.0,-0.55,run1,fold03,1,0,20
full,Full,tp13_L4_m0p55,timepoint_mask,4.0,-0.55,run1,fold03,1,1,132
full,Full,tp13_L4_m0p55,timepoint_mask,4.0,-0.55,run1,fold03,1,2,0
full,Full,tp13_L4_m0p55,timepoint_mask,4.0,-0.55,run1,fold03,2,0,4
full,Full,tp13_L4_m0p55,timepoint_mask,4.0,-0.55,run1,fold03,2,1,8
full,Full,tp13_L4_m0p55,timepoint_mask,4.0,-0.55,run1,fold03,2,2,28
full,Full,tp13_L4_m0p55,timepoint_mask,4.0,-0.55,run1,oof_pooled,0,0,328
full,Full,tp13_L4_m0p55,timepoint_mask,4.0,-0.55,run1,oof_pooled,0,1,68
full,Full,tp13_L4_m0p55,timepoint_mask,4.0,-0.55,run1,oof_pooled,0,2,6
full,Full,tp13_L4_m0p55,timepoint_mask,4.0,-0.55,run1,oof_pooled,1,0,74
full,Full,tp13_L4_m0p55,timepoint_mask,4.0,-0.55,run1,oof_pooled,1,1,374
full,Full,tp13_L4_m0p55,timepoint_mask,4.0,-0.55,run1,oof_pooled,1,2,8
full,Full,tp13_L4_m0p55,timepoint_mask,4.0,-0.55,run1,oof_pooled,2,0,11
full,Full,tp13_L4_m0p55,timepoint_mask,4.0,-0.55,run1,oof_pooled,2,1,22
full,Full,tp13_L4_m0p55,timepoint_mask,4.0,-0.55,run1,oof_pooled,2,2,88
full,Full,tp13_L4_m0p55,timepoint_mask,4.0,-0.55,run2,fold01,0,0,23
full,Full,tp13_L4_m0p55,timepoint_mask,4.0,-0.55,run2,fold01,0,1,2
full,Full,tp13_L4_m0p55,timepoint_mask,4.0,-0.55,run2,fold01,0,2,2
full,Full,tp13_L4_m0p55,timepoint_mask,4.0,-0.55,run2,fold01,1,0,8
full,Full,tp13_L4_m0p55,timepoint_mask,4.0,-0.55,run2,fold01,1,1,21
full,Full,tp13_L4_m0p55,timepoint_mask,4.0,-0.55,run2,fold01,1,2,2
full,Full,tp13_L4_m0p55,timepoint_mask,4.0,-0.55,run2,fold01,2,0,2
full,Full,tp13_L4_m0p55,timepoint_mask,4.0,-0.55,run2,fold01,2,1,5
full,Full,tp13_L4_m0p55,timepoint_mask,4.0,-0.55,run2,fold01,2,2,7
full,Full,tp13_L4_m0p55,timepoint_mask,4.0,-0.55,run2,fold02,0,0,21
full,Full,tp13_L4_m0p55,timepoint_mask,4.0,-0.55,run2,fold02,0,1,5
full,Full,tp13_L4_m0p55,timepoint_mask,4.0,-0.55,run2,fold02,0,2,0
full,Full,tp13_L4_m0p55,timepoint_mask,4.0,-0.55,run2,fold02,1,0,10
full,Full,tp13_L4_m0p55,timepoint_mask,4.0,-0.55,run2,fold02,1,1,18
full,Full,tp13_L4_m0p55,timepoint_mask,4.0,-0.55,run2,fold02,1,2,3
full,Full,tp13_L4_m0p55,timepoint_mask,4.0,-0.55,run2,fold02,2,0,2
full,Full,tp13_L4_m0p55,timepoint_mask,4.0,-0.55,run2,fold02,2,1,4
full,Full,tp13_L4_m0p55,timepoint_mask,4.0,-0.55,run2,fold02,2,2,8
full,Full,tp13_L4_m0p55,timepoint_mask,4.0,-0.55,run2,fold03,0,0,20
full,Full,tp13_L4_m0p55,timepoint_mask,4.0,-0.55,run2,fold03,0,1,4
full,Full,tp13_L4_m0p55,timepoint_mask,4.0,-0.55,run2,fold03,0,2,2
full,Full,tp13_L4_m0p55,timepoint_mask,4.0,-0.55,run2,fold03,1,0,6
full,Full,tp13_L4_m0p55,timepoint_mask,4.0,-0.55,run2,fold03,1,1,23
full,Full,tp13_L4_m0p55,timepoint_mask,4.0,-0.55,run2,fold03,1,2,2
full,Full,tp13_L4_m0p55,timepoint_mask,4.0,-0.55,run2,fold03,2,0,5
full,Full,tp13_L4_m0p55,timepoint_mask,4.0,-0.55,run2,fold03,2,1,5
full,Full,tp13_L4_m0p55,timepoint_mask,4.0,-0.55,run2,fold03,2,2,4
full,Full,tp13_L4_m0p55,timepoint_mask,4.0,-0.55,run2,oof_pooled,0,0,64
full,Full,tp13_L4_m0p55,timepoint_mask,4.0,-0.55,run2,oof_pooled,0,1,11
full,Full,tp13_L4_m0p55,timepoint_mask,4.0,-0.55,run2,oof_pooled,0,2,4
full,Full,tp13_L4_m0p55,timepoint_mask,4.0,-0.55,run2,oof_pooled,1,0,24
full,Full,tp13_L4_m0p55,timepoint_mask,4.0,-0.55,run2,oof_pooled,1,1,62
full,Full,tp13_L4_m0p55,timepoint_mask,4.0,-0.55,run2,oof_pooled,1,2,7
full,Full,tp13_L4_m0p55,timepoint_mask,4.0,-0.55,run2,oof_pooled,2,0,9
full,Full,tp13_L4_m0p55,timepoint_mask,4.0,-0.55,run2,oof_pooled,2,1,14
full,Full,tp13_L4_m0p55,timepoint_mask,4.0,-0.55,run2,oof_pooled,2,2,19
full,Full,tp14_L5_p0p00,timepoint_mask,5.0,0.0,run1,fold01,0,0,112
full,Full,tp14_L5_p0p00,timepoint_mask,5.0,0.0,run1,fold01,0,1,20
full,Full,tp14_L5_p0p00,timepoint_mask,5.0,0.0,run1,fold01,0,2,2
full,Full,tp14_L5_p0p00,timepoint_mask,5.0,0.0,run1,fold01,1,0,30
full,Full,tp14_L5_p0p00,timepoint_mask,5.0,0.0,run1,fold01,1,1,118
full,Full,tp14_L5_p0p00,timepoint_mask,5.0,0.0,run1,fold01,1,2,4
full,Full,tp14_L5_p0p00,timepoint_mask,5.0,0.0,run1,fold01,2,0,5
full,Full,tp14_L5_p0p00,timepoint_mask,5.0,0.0,run1,fold01,2,1,10
full,Full,tp14_L5_p0p00,timepoint_mask,5.0,0.0,run1,fold01,2,2,26
full,Full,tp14_L5_p0p00,timepoint_mask,5.0,0.0,run1,fold02,0,0,105
full,Full,tp14_L5_p0p00,timepoint_mask,5.0,0.0,run1,fold02,0,1,27
full,Full,tp14_L5_p0p00,timepoint_mask,5.0,0.0,run1,fold02,0,2,2
full,Full,tp14_L5_p0p00,timepoint_mask,5.0,0.0,run1,fold02,1,0,21
full,Full,tp14_L5_p0p00,timepoint_mask,5.0,0.0,run1,fold02,1,1,124
full,Full,tp14_L5_p0p00,timepoint_mask,5.0,0.0,run1,fold02,1,2,7
full,Full,tp14_L5_p0p00,timepoint_mask,5.0,0.0,run1,fold02,2,0,2
full,Full,tp14_L5_p0p00,timepoint_mask,5.0,0.0,run1,fold02,2,1,4
full,Full,tp14_L5_p0p00,timepoint_mask,5.0,0.0,run1,fold02,2,2,34
full,Full,tp14_L5_p0p00,timepoint_mask,5.0,0.0,run1,fold03,0,0,111
full,Full,tp14_L5_p0p00,timepoint_mask,5.0,0.0,run1,fold03,0,1,21
full,Full,tp14_L5_p0p00,timepoint_mask,5.0,0.0,run1,fold03,0,2,2
full,Full,tp14_L5_p0p00,timepoint_mask,5.0,0.0,run1,fold03,1,0,23
full,Full,tp14_L5_p0p00,timepoint_mask,5.0,0.0,run1,fold03,1,1,129
full,Full,tp14_L5_p0p00,timepoint_mask,5.0,0.0,run1,fold03,1,2,0
full,Full,tp14_L5_p0p00,timepoint_mask,5.0,0.0,run1,fold03,2,0,4
full,Full,tp14_L5_p0p00,timepoint_mask,5.0,0.0,run1,fold03,2,1,8
full,Full,tp14_L5_p0p00,timepoint_mask,5.0,0.0,run1,fold03,2,2,28
full,Full,tp14_L5_p0p00,timepoint_mask,5.0,0.0,run1,oof_pooled,0,0,328
full,Full,tp14_L5_p0p00,timepoint_mask,5.0,0.0,run1,oof_pooled,0,1,68
full,Full,tp14_L5_p0p00,timepoint_mask,5.0,0.0,run1,oof_pooled,0,2,6
full,Full,tp14_L5_p0p00,timepoint_mask,5.0,0.0,run1,oof_pooled,1,0,74
full,Full,tp14_L5_p0p00,timepoint_mask,5.0,0.0,run1,oof_pooled,1,1,371
full,Full,tp14_L5_p0p00,timepoint_mask,5.0,0.0,run1,oof_pooled,1,2,11
full,Full,tp14_L5_p0p00,timepoint_mask,5.0,0.0,run1,oof_pooled,2,0,11
full,Full,tp14_L5_p0p00,timepoint_mask,5.0,0.0,run1,oof_pooled,2,1,22
full,Full,tp14_L5_p0p00,timepoint_mask,5.0,0.0,run1,oof_pooled,2,2,88
full,Full,tp14_L5_p0p00,timepoint_mask,5.0,0.0,run2,fold01,0,0,22
full,Full,tp14_L5_p0p00,timepoint_mask,5.0,0.0,run2,fold01,0,1,3
full,Full,tp14_L5_p0p00,timepoint_mask,5.0,0.0,run2,fold01,0,2,2
full,Full,tp14_L5_p0p00,timepoint_mask,5.0,0.0,run2,fold01,1,0,8
full,Full,tp14_L5_p0p00,timepoint_mask,5.0,0.0,run2,fold01,1,1,21
full,Full,tp14_L5_p0p00,timepoint_mask,5.0,0.0,run2,fold01,1,2,2
full,Full,tp14_L5_p0p00,timepoint_mask,5.0,0.0,run2,fold01,2,0,2
full,Full,tp14_L5_p0p00,timepoint_mask,5.0,0.0,run2,fold01,2,1,5
full,Full,tp14_L5_p0p00,timepoint_mask,5.0,0.0,run2,fold01,2,2,7
full,Full,tp14_L5_p0p00,timepoint_mask,5.0,0.0,run2,fold02,0,0,21
full,Full,tp14_L5_p0p00,timepoint_mask,5.0,0.0,run2,fold02,0,1,5
full,Full,tp14_L5_p0p00,timepoint_mask,5.0,0.0,run2,fold02,0,2,0
full,Full,tp14_L5_p0p00,timepoint_mask,5.0,0.0,run2,fold02,1,0,10
full,Full,tp14_L5_p0p00,timepoint_mask,5.0,0.0,run2,fold02,1,1,18
full,Full,tp14_L5_p0p00,timepoint_mask,5.0,0.0,run2,fold02,1,2,3
full,Full,tp14_L5_p0p00,timepoint_mask,5.0,0.0,run2,fold02,2,0,2
full,Full,tp14_L5_p0p00,timepoint_mask,5.0,0.0,run2,fold02,2,1,5
full,Full,tp14_L5_p0p00,timepoint_mask,5.0,0.0,run2,fold02,2,2,7
full,Full,tp14_L5_p0p00,timepoint_mask,5.0,0.0,run2,fold03,0,0,20
full,Full,tp14_L5_p0p00,timepoint_mask,5.0,0.0,run2,fold03,0,1,5
full,Full,tp14_L5_p0p00,timepoint_mask,5.0,0.0,run2,fold03,0,2,1
full,Full,tp14_L5_p0p00,timepoint_mask,5.0,0.0,run2,fold03,1,0,6
full,Full,tp14_L5_p0p00,timepoint_mask,5.0,0.0,run2,fold03,1,1,23
full,Full,tp14_L5_p0p00,timepoint_mask,5.0,0.0,run2,fold03,1,2,2
full,Full,tp14_L5_p0p00,timepoint_mask,5.0,0.0,run2,fold03,2,0,5
full,Full,tp14_L5_p0p00,timepoint_mask,5.0,0.0,run2,fold03,2,1,5
full,Full,tp14_L5_p0p00,timepoint_mask,5.0,0.0,run2,fold03,2,2,4
full,Full,tp14_L5_p0p00,timepoint_mask,5.0,0.0,run2,oof_pooled,0,0,63
full,Full,tp14_L5_p0p00,timepoint_mask,5.0,0.0,run2,oof_pooled,0,1,13
full,Full,tp14_L5_p0p00,timepoint_mask,5.0,0.0,run2,oof_pooled,0,2,3
full,Full,tp14_L5_p0p00,timepoint_mask,5.0,0.0,run2,oof_pooled,1,0,24
full,Full,tp14_L5_p0p00,timepoint_mask,5.0,0.0,run2,oof_pooled,1,1,62
full,Full,tp14_L5_p0p00,timepoint_mask,5.0,0.0,run2,oof_pooled,1,2,7
full,Full,tp14_L5_p0p00,timepoint_mask,5.0,0.0,run2,oof_pooled,2,0,9
full,Full,tp14_L5_p0p00,timepoint_mask,5.0,0.0,run2,oof_pooled,2,1,15
full,Full,tp14_L5_p0p00,timepoint_mask,5.0,0.0,run2,oof_pooled,2,2,18
full,Full,tp15_L5_p0p04,timepoint_mask,5.0,0.04,run1,fold01,0,0,112
full,Full,tp15_L5_p0p04,timepoint_mask,5.0,0.04,run1,fold01,0,1,20
full,Full,tp15_L5_p0p04,timepoint_mask,5.0,0.04,run1,fold01,0,2,2
full,Full,tp15_L5_p0p04,timepoint_mask,5.0,0.04,run1,fold01,1,0,29
full,Full,tp15_L5_p0p04,timepoint_mask,5.0,0.04,run1,fold01,1,1,119
full,Full,tp15_L5_p0p04,timepoint_mask,5.0,0.04,run1,fold01,1,2,4
full,Full,tp15_L5_p0p04,timepoint_mask,5.0,0.04,run1,fold01,2,0,5
full,Full,tp15_L5_p0p04,timepoint_mask,5.0,0.04,run1,fold01,2,1,10
full,Full,tp15_L5_p0p04,timepoint_mask,5.0,0.04,run1,fold01,2,2,26
full,Full,tp15_L5_p0p04,timepoint_mask,5.0,0.04,run1,fold02,0,0,105
full,Full,tp15_L5_p0p04,timepoint_mask,5.0,0.04,run1,fold02,0,1,27
full,Full,tp15_L5_p0p04,timepoint_mask,5.0,0.04,run1,fold02,0,2,2
full,Full,tp15_L5_p0p04,timepoint_mask,5.0,0.04,run1,fold02,1,0,21
full,Full,tp15_L5_p0p04,timepoint_mask,5.0,0.04,run1,fold02,1,1,124
full,Full,tp15_L5_p0p04,timepoint_mask,5.0,0.04,run1,fold02,1,2,7
full,Full,tp15_L5_p0p04,timepoint_mask,5.0,0.04,run1,fold02,2,0,2
full,Full,tp15_L5_p0p04,timepoint_mask,5.0,0.04,run1,fold02,2,1,4
full,Full,tp15_L5_p0p04,timepoint_mask,5.0,0.04,run1,fold02,2,2,34
full,Full,tp15_L5_p0p04,timepoint_mask,5.0,0.04,run1,fold03,0,0,111
full,Full,tp15_L5_p0p04,timepoint_mask,5.0,0.04,run1,fold03,0,1,21
full,Full,tp15_L5_p0p04,timepoint_mask,5.0,0.04,run1,fold03,0,2,2
full,Full,tp15_L5_p0p04,timepoint_mask,5.0,0.04,run1,fold03,1,0,24
full,Full,tp15_L5_p0p04,timepoint_mask,5.0,0.04,run1,fold03,1,1,128
full,Full,tp15_L5_p0p04,timepoint_mask,5.0,0.04,run1,fold03,1,2,0
full,Full,tp15_L5_p0p04,timepoint_mask,5.0,0.04,run1,fold03,2,0,4
full,Full,tp15_L5_p0p04,timepoint_mask,5.0,0.04,run1,fold03,2,1,8
full,Full,tp15_L5_p0p04,timepoint_mask,5.0,0.04,run1,fold03,2,2,28
full,Full,tp15_L5_p0p04,timepoint_mask,5.0,0.04,run1,oof_pooled,0,0,328
full,Full,tp15_L5_p0p04,timepoint_mask,5.0,0.04,run1,oof_pooled,0,1,68
full,Full,tp15_L5_p0p04,timepoint_mask,5.0,0.04,run1,oof_pooled,0,2,6
full,Full,tp15_L5_p0p04,timepoint_mask,5.0,0.04,run1,oof_pooled,1,0,74
full,Full,tp15_L5_p0p04,timepoint_mask,5.0,0.04,run1,oof_pooled,1,1,371
full,Full,tp15_L5_p0p04,timepoint_mask,5.0,0.04,run1,oof_pooled,1,2,11
full,Full,tp15_L5_p0p04,timepoint_mask,5.0,0.04,run1,oof_pooled,2,0,11
full,Full,tp15_L5_p0p04,timepoint_mask,5.0,0.04,run1,oof_pooled,2,1,22
full,Full,tp15_L5_p0p04,timepoint_mask,5.0,0.04,run1,oof_pooled,2,2,88
full,Full,tp15_L5_p0p04,timepoint_mask,5.0,0.04,run2,fold01,0,0,22
full,Full,tp15_L5_p0p04,timepoint_mask,5.0,0.04,run2,fold01,0,1,3
full,Full,tp15_L5_p0p04,timepoint_mask,5.0,0.04,run2,fold01,0,2,2
full,Full,tp15_L5_p0p04,timepoint_mask,5.0,0.04,run2,fold01,1,0,8
full,Full,tp15_L5_p0p04,timepoint_mask,5.0,0.04,run2,fold01,1,1,21
full,Full,tp15_L5_p0p04,timepoint_mask,5.0,0.04,run2,fold01,1,2,2
full,Full,tp15_L5_p0p04,timepoint_mask,5.0,0.04,run2,fold01,2,0,2
full,Full,tp15_L5_p0p04,timepoint_mask,5.0,0.04,run2,fold01,2,1,5
full,Full,tp15_L5_p0p04,timepoint_mask,5.0,0.04,run2,fold01,2,2,7
full,Full,tp15_L5_p0p04,timepoint_mask,5.0,0.04,run2,fold02,0,0,21
full,Full,tp15_L5_p0p04,timepoint_mask,5.0,0.04,run2,fold02,0,1,5
full,Full,tp15_L5_p0p04,timepoint_mask,5.0,0.04,run2,fold02,0,2,0
full,Full,tp15_L5_p0p04,timepoint_mask,5.0,0.04,run2,fold02,1,0,10
full,Full,tp15_L5_p0p04,timepoint_mask,5.0,0.04,run2,fold02,1,1,18
full,Full,tp15_L5_p0p04,timepoint_mask,5.0,0.04,run2,fold02,1,2,3
full,Full,tp15_L5_p0p04,timepoint_mask,5.0,0.04,run2,fold02,2,0,2
full,Full,tp15_L5_p0p04,timepoint_mask,5.0,0.04,run2,fold02,2,1,5
full,Full,tp15_L5_p0p04,timepoint_mask,5.0,0.04,run2,fold02,2,2,7
full,Full,tp15_L5_p0p04,timepoint_mask,5.0,0.04,run2,fold03,0,0,20
full,Full,tp15_L5_p0p04,timepoint_mask,5.0,0.04,run2,fold03,0,1,5
full,Full,tp15_L5_p0p04,timepoint_mask,5.0,0.04,run2,fold03,0,2,1
full,Full,tp15_L5_p0p04,timepoint_mask,5.0,0.04,run2,fold03,1,0,6
full,Full,tp15_L5_p0p04,timepoint_mask,5.0,0.04,run2,fold03,1,1,23
full,Full,tp15_L5_p0p04,timepoint_mask,5.0,0.04,run2,fold03,1,2,2
full,Full,tp15_L5_p0p04,timepoint_mask,5.0,0.04,run2,fold03,2,0,5
full,Full,tp15_L5_p0p04,timepoint_mask,5.0,0.04,run2,fold03,2,1,5
full,Full,tp15_L5_p0p04,timepoint_mask,5.0,0.04,run2,fold03,2,2,4
full,Full,tp15_L5_p0p04,timepoint_mask,5.0,0.04,run2,oof_pooled,0,0,63
full,Full,tp15_L5_p0p04,timepoint_mask,5.0,0.04,run2,oof_pooled,0,1,13
full,Full,tp15_L5_p0p04,timepoint_mask,5.0,0.04,run2,oof_pooled,0,2,3
full,Full,tp15_L5_p0p04,timepoint_mask,5.0,0.04,run2,oof_pooled,1,0,24
full,Full,tp15_L5_p0p04,timepoint_mask,5.0,0.04,run2,oof_pooled,1,1,62
full,Full,tp15_L5_p0p04,timepoint_mask,5.0,0.04,run2,oof_pooled,1,2,7
full,Full,tp15_L5_p0p04,timepoint_mask,5.0,0.04,run2,oof_pooled,2,0,9
full,Full,tp15_L5_p0p04,timepoint_mask,5.0,0.04,run2,oof_pooled,2,1,15
full,Full,tp15_L5_p0p04,timepoint_mask,5.0,0.04,run2,oof_pooled,2,2,18
full,Full,tp16_L5_p0p05,timepoint_mask,5.0,0.05,run1,fold01,0,0,112
full,Full,tp16_L5_p0p05,timepoint_mask,5.0,0.05,run1,fold01,0,1,20
full,Full,tp16_L5_p0p05,timepoint_mask,5.0,0.05,run1,fold01,0,2,2
full,Full,tp16_L5_p0p05,timepoint_mask,5.0,0.05,run1,fold01,1,0,29
full,Full,tp16_L5_p0p05,timepoint_mask,5.0,0.05,run1,fold01,1,1,119
full,Full,tp16_L5_p0p05,timepoint_mask,5.0,0.05,run1,fold01,1,2,4
full,Full,tp16_L5_p0p05,timepoint_mask,5.0,0.05,run1,fold01,2,0,5
full,Full,tp16_L5_p0p05,timepoint_mask,5.0,0.05,run1,fold01,2,1,10
full,Full,tp16_L5_p0p05,timepoint_mask,5.0,0.05,run1,fold01,2,2,26
full,Full,tp16_L5_p0p05,timepoint_mask,5.0,0.05,run1,fold02,0,0,105
full,Full,tp16_L5_p0p05,timepoint_mask,5.0,0.05,run1,fold02,0,1,27
full,Full,tp16_L5_p0p05,timepoint_mask,5.0,0.05,run1,fold02,0,2,2
full,Full,tp16_L5_p0p05,timepoint_mask,5.0,0.05,run1,fold02,1,0,22
full,Full,tp16_L5_p0p05,timepoint_mask,5.0,0.05,run1,fold02,1,1,123
full,Full,tp16_L5_p0p05,timepoint_mask,5.0,0.05,run1,fold02,1,2,7
full,Full,tp16_L5_p0p05,timepoint_mask,5.0,0.05,run1,fold02,2,0,2
full,Full,tp16_L5_p0p05,timepoint_mask,5.0,0.05,run1,fold02,2,1,4
full,Full,tp16_L5_p0p05,timepoint_mask,5.0,0.05,run1,fold02,2,2,34
full,Full,tp16_L5_p0p05,timepoint_mask,5.0,0.05,run1,fold03,0,0,111
full,Full,tp16_L5_p0p05,timepoint_mask,5.0,0.05,run1,fold03,0,1,21
full,Full,tp16_L5_p0p05,timepoint_mask,5.0,0.05,run1,fold03,0,2,2
full,Full,tp16_L5_p0p05,timepoint_mask,5.0,0.05,run1,fold03,1,0,24
full,Full,tp16_L5_p0p05,timepoint_mask,5.0,0.05,run1,fold03,1,1,128
full,Full,tp16_L5_p0p05,timepoint_mask,5.0,0.05,run1,fold03,1,2,0
full,Full,tp16_L5_p0p05,timepoint_mask,5.0,0.05,run1,fold03,2,0,4
full,Full,tp16_L5_p0p05,timepoint_mask,5.0,0.05,run1,fold03,2,1,8
full,Full,tp16_L5_p0p05,timepoint_mask,5.0,0.05,run1,fold03,2,2,28
full,Full,tp16_L5_p0p05,timepoint_mask,5.0,0.05,run1,oof_pooled,0,0,328
full,Full,tp16_L5_p0p05,timepoint_mask,5.0,0.05,run1,oof_pooled,0,1,68
full,Full,tp16_L5_p0p05,timepoint_mask,5.0,0.05,run1,oof_pooled,0,2,6
full,Full,tp16_L5_p0p05,timepoint_mask,5.0,0.05,run1,oof_pooled,1,0,75
full,Full,tp16_L5_p0p05,timepoint_mask,5.0,0.05,run1,oof_pooled,1,1,370
full,Full,tp16_L5_p0p05,timepoint_mask,5.0,0.05,run1,oof_pooled,1,2,11
full,Full,tp16_L5_p0p05,timepoint_mask,5.0,0.05,run1,oof_pooled,2,0,11
full,Full,tp16_L5_p0p05,timepoint_mask,5.0,0.05,run1,oof_pooled,2,1,22
full,Full,tp16_L5_p0p05,timepoint_mask,5.0,0.05,run1,oof_pooled,2,2,88
full,Full,tp16_L5_p0p05,timepoint_mask,5.0,0.05,run2,fold01,0,0,22
full,Full,tp16_L5_p0p05,timepoint_mask,5.0,0.05,run2,fold01,0,1,3
full,Full,tp16_L5_p0p05,timepoint_mask,5.0,0.05,run2,fold01,0,2,2
full,Full,tp16_L5_p0p05,timepoint_mask,5.0,0.05,run2,fold01,1,0,8
full,Full,tp16_L5_p0p05,timepoint_mask,5.0,0.05,run2,fold01,1,1,21
full,Full,tp16_L5_p0p05,timepoint_mask,5.0,0.05,run2,fold01,1,2,2
full,Full,tp16_L5_p0p05,timepoint_mask,5.0,0.05,run2,fold01,2,0,2
full,Full,tp16_L5_p0p05,timepoint_mask,5.0,0.05,run2,fold01,2,1,5
full,Full,tp16_L5_p0p05,timepoint_mask,5.0,0.05,run2,fold01,2,2,7
full,Full,tp16_L5_p0p05,timepoint_mask,5.0,0.05,run2,fold02,0,0,21
full,Full,tp16_L5_p0p05,timepoint_mask,5.0,0.05,run2,fold02,0,1,5
full,Full,tp16_L5_p0p05,timepoint_mask,5.0,0.05,run2,fold02,0,2,0
full,Full,tp16_L5_p0p05,timepoint_mask,5.0,0.05,run2,fold02,1,0,10
full,Full,tp16_L5_p0p05,timepoint_mask,5.0,0.05,run2,fold02,1,1,18
full,Full,tp16_L5_p0p05,timepoint_mask,5.0,0.05,run2,fold02,1,2,3
full,Full,tp16_L5_p0p05,timepoint_mask,5.0,0.05,run2,fold02,2,0,2
full,Full,tp16_L5_p0p05,timepoint_mask,5.0,0.05,run2,fold02,2,1,5
full,Full,tp16_L5_p0p05,timepoint_mask,5.0,0.05,run2,fold02,2,2,7
full,Full,tp16_L5_p0p05,timepoint_mask,5.0,0.05,run2,fold03,0,0,20
full,Full,tp16_L5_p0p05,timepoint_mask,5.0,0.05,run2,fold03,0,1,5
full,Full,tp16_L5_p0p05,timepoint_mask,5.0,0.05,run2,fold03,0,2,1
full,Full,tp16_L5_p0p05,timepoint_mask,5.0,0.05,run2,fold03,1,0,6
full,Full,tp16_L5_p0p05,timepoint_mask,5.0,0.05,run2,fold03,1,1,23
full,Full,tp16_L5_p0p05,timepoint_mask,5.0,0.05,run2,fold03,1,2,2
full,Full,tp16_L5_p0p05,timepoint_mask,5.0,0.05,run2,fold03,2,0,5
full,Full,tp16_L5_p0p05,timepoint_mask,5.0,0.05,run2,fold03,2,1,5
full,Full,tp16_L5_p0p05,timepoint_mask,5.0,0.05,run2,fold03,2,2,4
full,Full,tp16_L5_p0p05,timepoint_mask,5.0,0.05,run2,oof_pooled,0,0,63
full,Full,tp16_L5_p0p05,timepoint_mask,5.0,0.05,run2,oof_pooled,0,1,13
full,Full,tp16_L5_p0p05,timepoint_mask,5.0,0.05,run2,oof_pooled,0,2,3
full,Full,tp16_L5_p0p05,timepoint_mask,5.0,0.05,run2,oof_pooled,1,0,24
full,Full,tp16_L5_p0p05,timepoint_mask,5.0,0.05,run2,oof_pooled,1,1,62
full,Full,tp16_L5_p0p05,timepoint_mask,5.0,0.05,run2,oof_pooled,1,2,7
full,Full,tp16_L5_p0p05,timepoint_mask,5.0,0.05,run2,oof_pooled,2,0,9
full,Full,tp16_L5_p0p05,timepoint_mask,5.0,0.05,run2,oof_pooled,2,1,15
full,Full,tp16_L5_p0p05,timepoint_mask,5.0,0.05,run2,oof_pooled,2,2,18
full,Full,tp17_L5_p0p06,timepoint_mask,5.0,0.06,run1,fold01,0,0,112
full,Full,tp17_L5_p0p06,timepoint_mask,5.0,0.06,run1,fold01,0,1,20
full,Full,tp17_L5_p0p06,timepoint_mask,5.0,0.06,run1,fold01,0,2,2
full,Full,tp17_L5_p0p06,timepoint_mask,5.0,0.06,run1,fold01,1,0,30
full,Full,tp17_L5_p0p06,timepoint_mask,5.0,0.06,run1,fold01,1,1,118
full,Full,tp17_L5_p0p06,timepoint_mask,5.0,0.06,run1,fold01,1,2,4
full,Full,tp17_L5_p0p06,timepoint_mask,5.0,0.06,run1,fold01,2,0,5
full,Full,tp17_L5_p0p06,timepoint_mask,5.0,0.06,run1,fold01,2,1,10
full,Full,tp17_L5_p0p06,timepoint_mask,5.0,0.06,run1,fold01,2,2,26
full,Full,tp17_L5_p0p06,timepoint_mask,5.0,0.06,run1,fold02,0,0,105
full,Full,tp17_L5_p0p06,timepoint_mask,5.0,0.06,run1,fold02,0,1,27
full,Full,tp17_L5_p0p06,timepoint_mask,5.0,0.06,run1,fold02,0,2,2
full,Full,tp17_L5_p0p06,timepoint_mask,5.0,0.06,run1,fold02,1,0,22
full,Full,tp17_L5_p0p06,timepoint_mask,5.0,0.06,run1,fold02,1,1,123
full,Full,tp17_L5_p0p06,timepoint_mask,5.0,0.06,run1,fold02,1,2,7
full,Full,tp17_L5_p0p06,timepoint_mask,5.0,0.06,run1,fold02,2,0,2
full,Full,tp17_L5_p0p06,timepoint_mask,5.0,0.06,run1,fold02,2,1,4
full,Full,tp17_L5_p0p06,timepoint_mask,5.0,0.06,run1,fold02,2,2,34
full,Full,tp17_L5_p0p06,timepoint_mask,5.0,0.06,run1,fold03,0,0,111
full,Full,tp17_L5_p0p06,timepoint_mask,5.0,0.06,run1,fold03,0,1,21
full,Full,tp17_L5_p0p06,timepoint_mask,5.0,0.06,run1,fold03,0,2,2
full,Full,tp17_L5_p0p06,timepoint_mask,5.0,0.06,run1,fold03,1,0,22
full,Full,tp17_L5_p0p06,timepoint_mask,5.0,0.06,run1,fold03,1,1,130
full,Full,tp17_L5_p0p06,timepoint_mask,5.0,0.06,run1,fold03,1,2,0
full,Full,tp17_L5_p0p06,timepoint_mask,5.0,0.06,run1,fold03,2,0,4
full,Full,tp17_L5_p0p06,timepoint_mask,5.0,0.06,run1,fold03,2,1,8
full,Full,tp17_L5_p0p06,timepoint_mask,5.0,0.06,run1,fold03,2,2,28
full,Full,tp17_L5_p0p06,timepoint_mask,5.0,0.06,run1,oof_pooled,0,0,328
full,Full,tp17_L5_p0p06,timepoint_mask,5.0,0.06,run1,oof_pooled,0,1,68
full,Full,tp17_L5_p0p06,timepoint_mask,5.0,0.06,run1,oof_pooled,0,2,6
full,Full,tp17_L5_p0p06,timepoint_mask,5.0,0.06,run1,oof_pooled,1,0,74
full,Full,tp17_L5_p0p06,timepoint_mask,5.0,0.06,run1,oof_pooled,1,1,371
full,Full,tp17_L5_p0p06,timepoint_mask,5.0,0.06,run1,oof_pooled,1,2,11
full,Full,tp17_L5_p0p06,timepoint_mask,5.0,0.06,run1,oof_pooled,2,0,11
full,Full,tp17_L5_p0p06,timepoint_mask,5.0,0.06,run1,oof_pooled,2,1,22
full,Full,tp17_L5_p0p06,timepoint_mask,5.0,0.06,run1,oof_pooled,2,2,88
full,Full,tp17_L5_p0p06,timepoint_mask,5.0,0.06,run2,fold01,0,0,22
full,Full,tp17_L5_p0p06,timepoint_mask,5.0,0.06,run2,fold01,0,1,3
full,Full,tp17_L5_p0p06,timepoint_mask,5.0,0.06,run2,fold01,0,2,2
full,Full,tp17_L5_p0p06,timepoint_mask,5.0,0.06,run2,fold01,1,0,8
full,Full,tp17_L5_p0p06,timepoint_mask,5.0,0.06,run2,fold01,1,1,21
full,Full,tp17_L5_p0p06,timepoint_mask,5.0,0.06,run2,fold01,1,2,2
full,Full,tp17_L5_p0p06,timepoint_mask,5.0,0.06,run2,fold01,2,0,2
full,Full,tp17_L5_p0p06,timepoint_mask,5.0,0.06,run2,fold01,2,1,5
full,Full,tp17_L5_p0p06,timepoint_mask,5.0,0.06,run2,fold01,2,2,7
full,Full,tp17_L5_p0p06,timepoint_mask,5.0,0.06,run2,fold02,0,0,21
full,Full,tp17_L5_p0p06,timepoint_mask,5.0,0.06,run2,fold02,0,1,5
full,Full,tp17_L5_p0p06,timepoint_mask,5.0,0.06,run2,fold02,0,2,0
full,Full,tp17_L5_p0p06,timepoint_mask,5.0,0.06,run2,fold02,1,0,10
full,Full,tp17_L5_p0p06,timepoint_mask,5.0,0.06,run2,fold02,1,1,18
full,Full,tp17_L5_p0p06,timepoint_mask,5.0,0.06,run2,fold02,1,2,3
full,Full,tp17_L5_p0p06,timepoint_mask,5.0,0.06,run2,fold02,2,0,2
full,Full,tp17_L5_p0p06,timepoint_mask,5.0,0.06,run2,fold02,2,1,5
full,Full,tp17_L5_p0p06,timepoint_mask,5.0,0.06,run2,fold02,2,2,7
full,Full,tp17_L5_p0p06,timepoint_mask,5.0,0.06,run2,fold03,0,0,20
full,Full,tp17_L5_p0p06,timepoint_mask,5.0,0.06,run2,fold03,0,1,5
full,Full,tp17_L5_p0p06,timepoint_mask,5.0,0.06,run2,fold03,0,2,1
full,Full,tp17_L5_p0p06,timepoint_mask,5.0,0.06,run2,fold03,1,0,6
full,Full,tp17_L5_p0p06,timepoint_mask,5.0,0.06,run2,fold03,1,1,23
full,Full,tp17_L5_p0p06,timepoint_mask,5.0,0.06,run2,fold03,1,2,2
full,Full,tp17_L5_p0p06,timepoint_mask,5.0,0.06,run2,fold03,2,0,5
full,Full,tp17_L5_p0p06,timepoint_mask,5.0,0.06,run2,fold03,2,1,5
full,Full,tp17_L5_p0p06,timepoint_mask,5.0,0.06,run2,fold03,2,2,4
full,Full,tp17_L5_p0p06,timepoint_mask,5.0,0.06,run2,oof_pooled,0,0,63
full,Full,tp17_L5_p0p06,timepoint_mask,5.0,0.06,run2,oof_pooled,0,1,13
full,Full,tp17_L5_p0p06,timepoint_mask,5.0,0.06,run2,oof_pooled,0,2,3
full,Full,tp17_L5_p0p06,timepoint_mask,5.0,0.06,run2,oof_pooled,1,0,24
full,Full,tp17_L5_p0p06,timepoint_mask,5.0,0.06,run2,oof_pooled,1,1,62
full,Full,tp17_L5_p0p06,timepoint_mask,5.0,0.06,run2,oof_pooled,1,2,7
full,Full,tp17_L5_p0p06,timepoint_mask,5.0,0.06,run2,oof_pooled,2,0,9
full,Full,tp17_L5_p0p06,timepoint_mask,5.0,0.06,run2,oof_pooled,2,1,15
full,Full,tp17_L5_p0p06,timepoint_mask,5.0,0.06,run2,oof_pooled,2,2,18
full,Full,tp18_L5_p0p07,timepoint_mask,5.0,0.07,run1,fold01,0,0,112
full,Full,tp18_L5_p0p07,timepoint_mask,5.0,0.07,run1,fold01,0,1,20
full,Full,tp18_L5_p0p07,timepoint_mask,5.0,0.07,run1,fold01,0,2,2
full,Full,tp18_L5_p0p07,timepoint_mask,5.0,0.07,run1,fold01,1,0,29
full,Full,tp18_L5_p0p07,timepoint_mask,5.0,0.07,run1,fold01,1,1,119
full,Full,tp18_L5_p0p07,timepoint_mask,5.0,0.07,run1,fold01,1,2,4
full,Full,tp18_L5_p0p07,timepoint_mask,5.0,0.07,run1,fold01,2,0,5
full,Full,tp18_L5_p0p07,timepoint_mask,5.0,0.07,run1,fold01,2,1,10
full,Full,tp18_L5_p0p07,timepoint_mask,5.0,0.07,run1,fold01,2,2,26
full,Full,tp18_L5_p0p07,timepoint_mask,5.0,0.07,run1,fold02,0,0,105
full,Full,tp18_L5_p0p07,timepoint_mask,5.0,0.07,run1,fold02,0,1,27
full,Full,tp18_L5_p0p07,timepoint_mask,5.0,0.07,run1,fold02,0,2,2
full,Full,tp18_L5_p0p07,timepoint_mask,5.0,0.07,run1,fold02,1,0,22
full,Full,tp18_L5_p0p07,timepoint_mask,5.0,0.07,run1,fold02,1,1,123
full,Full,tp18_L5_p0p07,timepoint_mask,5.0,0.07,run1,fold02,1,2,7
full,Full,tp18_L5_p0p07,timepoint_mask,5.0,0.07,run1,fold02,2,0,2
full,Full,tp18_L5_p0p07,timepoint_mask,5.0,0.07,run1,fold02,2,1,4
full,Full,tp18_L5_p0p07,timepoint_mask,5.0,0.07,run1,fold02,2,2,34
full,Full,tp18_L5_p0p07,timepoint_mask,5.0,0.07,run1,fold03,0,0,111
full,Full,tp18_L5_p0p07,timepoint_mask,5.0,0.07,run1,fold03,0,1,21
full,Full,tp18_L5_p0p07,timepoint_mask,5.0,0.07,run1,fold03,0,2,2
full,Full,tp18_L5_p0p07,timepoint_mask,5.0,0.07,run1,fold03,1,0,22
full,Full,tp18_L5_p0p07,timepoint_mask,5.0,0.07,run1,fold03,1,1,130
full,Full,tp18_L5_p0p07,timepoint_mask,5.0,0.07,run1,fold03,1,2,0
full,Full,tp18_L5_p0p07,timepoint_mask,5.0,0.07,run1,fold03,2,0,4
full,Full,tp18_L5_p0p07,timepoint_mask,5.0,0.07,run1,fold03,2,1,8
full,Full,tp18_L5_p0p07,timepoint_mask,5.0,0.07,run1,fold03,2,2,28
full,Full,tp18_L5_p0p07,timepoint_mask,5.0,0.07,run1,oof_pooled,0,0,328
full,Full,tp18_L5_p0p07,timepoint_mask,5.0,0.07,run1,oof_pooled,0,1,68
full,Full,tp18_L5_p0p07,timepoint_mask,5.0,0.07,run1,oof_pooled,0,2,6
full,Full,tp18_L5_p0p07,timepoint_mask,5.0,0.07,run1,oof_pooled,1,0,73
full,Full,tp18_L5_p0p07,timepoint_mask,5.0,0.07,run1,oof_pooled,1,1,372
full,Full,tp18_L5_p0p07,timepoint_mask,5.0,0.07,run1,oof_pooled,1,2,11
full,Full,tp18_L5_p0p07,timepoint_mask,5.0,0.07,run1,oof_pooled,2,0,11
full,Full,tp18_L5_p0p07,timepoint_mask,5.0,0.07,run1,oof_pooled,2,1,22
full,Full,tp18_L5_p0p07,timepoint_mask,5.0,0.07,run1,oof_pooled,2,2,88
full,Full,tp18_L5_p0p07,timepoint_mask,5.0,0.07,run2,fold01,0,0,22
full,Full,tp18_L5_p0p07,timepoint_mask,5.0,0.07,run2,fold01,0,1,3
full,Full,tp18_L5_p0p07,timepoint_mask,5.0,0.07,run2,fold01,0,2,2
full,Full,tp18_L5_p0p07,timepoint_mask,5.0,0.07,run2,fold01,1,0,8
full,Full,tp18_L5_p0p07,timepoint_mask,5.0,0.07,run2,fold01,1,1,21
full,Full,tp18_L5_p0p07,timepoint_mask,5.0,0.07,run2,fold01,1,2,2
full,Full,tp18_L5_p0p07,timepoint_mask,5.0,0.07,run2,fold01,2,0,2
full,Full,tp18_L5_p0p07,timepoint_mask,5.0,0.07,run2,fold01,2,1,5
full,Full,tp18_L5_p0p07,timepoint_mask,5.0,0.07,run2,fold01,2,2,7
full,Full,tp18_L5_p0p07,timepoint_mask,5.0,0.07,run2,fold02,0,0,21
full,Full,tp18_L5_p0p07,timepoint_mask,5.0,0.07,run2,fold02,0,1,5
full,Full,tp18_L5_p0p07,timepoint_mask,5.0,0.07,run2,fold02,0,2,0
full,Full,tp18_L5_p0p07,timepoint_mask,5.0,0.07,run2,fold02,1,0,10
full,Full,tp18_L5_p0p07,timepoint_mask,5.0,0.07,run2,fold02,1,1,18
full,Full,tp18_L5_p0p07,timepoint_mask,5.0,0.07,run2,fold02,1,2,3
full,Full,tp18_L5_p0p07,timepoint_mask,5.0,0.07,run2,fold02,2,0,2
full,Full,tp18_L5_p0p07,timepoint_mask,5.0,0.07,run2,fold02,2,1,5
full,Full,tp18_L5_p0p07,timepoint_mask,5.0,0.07,run2,fold02,2,2,7
full,Full,tp18_L5_p0p07,timepoint_mask,5.0,0.07,run2,fold03,0,0,20
full,Full,tp18_L5_p0p07,timepoint_mask,5.0,0.07,run2,fold03,0,1,5
full,Full,tp18_L5_p0p07,timepoint_mask,5.0,0.07,run2,fold03,0,2,1
full,Full,tp18_L5_p0p07,timepoint_mask,5.0,0.07,run2,fold03,1,0,6
full,Full,tp18_L5_p0p07,timepoint_mask,5.0,0.07,run2,fold03,1,1,23
full,Full,tp18_L5_p0p07,timepoint_mask,5.0,0.07,run2,fold03,1,2,2
full,Full,tp18_L5_p0p07,timepoint_mask,5.0,0.07,run2,fold03,2,0,5
full,Full,tp18_L5_p0p07,timepoint_mask,5.0,0.07,run2,fold03,2,1,5
full,Full,tp18_L5_p0p07,timepoint_mask,5.0,0.07,run2,fold03,2,2,4
full,Full,tp18_L5_p0p07,timepoint_mask,5.0,0.07,run2,oof_pooled,0,0,63
full,Full,tp18_L5_p0p07,timepoint_mask,5.0,0.07,run2,oof_pooled,0,1,13
full,Full,tp18_L5_p0p07,timepoint_mask,5.0,0.07,run2,oof_pooled,0,2,3
full,Full,tp18_L5_p0p07,timepoint_mask,5.0,0.07,run2,oof_pooled,1,0,24
full,Full,tp18_L5_p0p07,timepoint_mask,5.0,0.07,run2,oof_pooled,1,1,62
full,Full,tp18_L5_p0p07,timepoint_mask,5.0,0.07,run2,oof_pooled,1,2,7
full,Full,tp18_L5_p0p07,timepoint_mask,5.0,0.07,run2,oof_pooled,2,0,9
full,Full,tp18_L5_p0p07,timepoint_mask,5.0,0.07,run2,oof_pooled,2,1,15
full,Full,tp18_L5_p0p07,timepoint_mask,5.0,0.07,run2,oof_pooled,2,2,18
full,Full,tp19_L5_p0p08,timepoint_mask,5.0,0.08,run1,fold01,0,0,112
full,Full,tp19_L5_p0p08,timepoint_mask,5.0,0.08,run1,fold01,0,1,20
full,Full,tp19_L5_p0p08,timepoint_mask,5.0,0.08,run1,fold01,0,2,2
full,Full,tp19_L5_p0p08,timepoint_mask,5.0,0.08,run1,fold01,1,0,29
full,Full,tp19_L5_p0p08,timepoint_mask,5.0,0.08,run1,fold01,1,1,119
full,Full,tp19_L5_p0p08,timepoint_mask,5.0,0.08,run1,fold01,1,2,4
full,Full,tp19_L5_p0p08,timepoint_mask,5.0,0.08,run1,fold01,2,0,5
full,Full,tp19_L5_p0p08,timepoint_mask,5.0,0.08,run1,fold01,2,1,10
full,Full,tp19_L5_p0p08,timepoint_mask,5.0,0.08,run1,fold01,2,2,26
full,Full,tp19_L5_p0p08,timepoint_mask,5.0,0.08,run1,fold02,0,0,105
full,Full,tp19_L5_p0p08,timepoint_mask,5.0,0.08,run1,fold02,0,1,27
full,Full,tp19_L5_p0p08,timepoint_mask,5.0,0.08,run1,fold02,0,2,2
full,Full,tp19_L5_p0p08,timepoint_mask,5.0,0.08,run1,fold02,1,0,22
full,Full,tp19_L5_p0p08,timepoint_mask,5.0,0.08,run1,fold02,1,1,123
full,Full,tp19_L5_p0p08,timepoint_mask,5.0,0.08,run1,fold02,1,2,7
full,Full,tp19_L5_p0p08,timepoint_mask,5.0,0.08,run1,fold02,2,0,2
full,Full,tp19_L5_p0p08,timepoint_mask,5.0,0.08,run1,fold02,2,1,4
full,Full,tp19_L5_p0p08,timepoint_mask,5.0,0.08,run1,fold02,2,2,34
full,Full,tp19_L5_p0p08,timepoint_mask,5.0,0.08,run1,fold03,0,0,111
full,Full,tp19_L5_p0p08,timepoint_mask,5.0,0.08,run1,fold03,0,1,21
full,Full,tp19_L5_p0p08,timepoint_mask,5.0,0.08,run1,fold03,0,2,2
full,Full,tp19_L5_p0p08,timepoint_mask,5.0,0.08,run1,fold03,1,0,20
full,Full,tp19_L5_p0p08,timepoint_mask,5.0,0.08,run1,fold03,1,1,132
full,Full,tp19_L5_p0p08,timepoint_mask,5.0,0.08,run1,fold03,1,2,0
full,Full,tp19_L5_p0p08,timepoint_mask,5.0,0.08,run1,fold03,2,0,4
full,Full,tp19_L5_p0p08,timepoint_mask,5.0,0.08,run1,fold03,2,1,8
full,Full,tp19_L5_p0p08,timepoint_mask,5.0,0.08,run1,fold03,2,2,28
full,Full,tp19_L5_p0p08,timepoint_mask,5.0,0.08,run1,oof_pooled,0,0,328
full,Full,tp19_L5_p0p08,timepoint_mask,5.0,0.08,run1,oof_pooled,0,1,68
full,Full,tp19_L5_p0p08,timepoint_mask,5.0,0.08,run1,oof_pooled,0,2,6
full,Full,tp19_L5_p0p08,timepoint_mask,5.0,0.08,run1,oof_pooled,1,0,71
full,Full,tp19_L5_p0p08,timepoint_mask,5.0,0.08,run1,oof_pooled,1,1,374
full,Full,tp19_L5_p0p08,timepoint_mask,5.0,0.08,run1,oof_pooled,1,2,11
full,Full,tp19_L5_p0p08,timepoint_mask,5.0,0.08,run1,oof_pooled,2,0,11
full,Full,tp19_L5_p0p08,timepoint_mask,5.0,0.08,run1,oof_pooled,2,1,22
full,Full,tp19_L5_p0p08,timepoint_mask,5.0,0.08,run1,oof_pooled,2,2,88
full,Full,tp19_L5_p0p08,timepoint_mask,5.0,0.08,run2,fold01,0,0,22
full,Full,tp19_L5_p0p08,timepoint_mask,5.0,0.08,run2,fold01,0,1,3
full,Full,tp19_L5_p0p08,timepoint_mask,5.0,0.08,run2,fold01,0,2,2
full,Full,tp19_L5_p0p08,timepoint_mask,5.0,0.08,run2,fold01,1,0,8
full,Full,tp19_L5_p0p08,timepoint_mask,5.0,0.08,run2,fold01,1,1,21
full,Full,tp19_L5_p0p08,timepoint_mask,5.0,0.08,run2,fold01,1,2,2
full,Full,tp19_L5_p0p08,timepoint_mask,5.0,0.08,run2,fold01,2,0,2
full,Full,tp19_L5_p0p08,timepoint_mask,5.0,0.08,run2,fold01,2,1,5
full,Full,tp19_L5_p0p08,timepoint_mask,5.0,0.08,run2,fold01,2,2,7
full,Full,tp19_L5_p0p08,timepoint_mask,5.0,0.08,run2,fold02,0,0,21
full,Full,tp19_L5_p0p08,timepoint_mask,5.0,0.08,run2,fold02,0,1,5
full,Full,tp19_L5_p0p08,timepoint_mask,5.0,0.08,run2,fold02,0,2,0
full,Full,tp19_L5_p0p08,timepoint_mask,5.0,0.08,run2,fold02,1,0,10
full,Full,tp19_L5_p0p08,timepoint_mask,5.0,0.08,run2,fold02,1,1,18
full,Full,tp19_L5_p0p08,timepoint_mask,5.0,0.08,run2,fold02,1,2,3
full,Full,tp19_L5_p0p08,timepoint_mask,5.0,0.08,run2,fold02,2,0,2
full,Full,tp19_L5_p0p08,timepoint_mask,5.0,0.08,run2,fold02,2,1,5
full,Full,tp19_L5_p0p08,timepoint_mask,5.0,0.08,run2,fold02,2,2,7
full,Full,tp19_L5_p0p08,timepoint_mask,5.0,0.08,run2,fold03,0,0,20
full,Full,tp19_L5_p0p08,timepoint_mask,5.0,0.08,run2,fold03,0,1,5
full,Full,tp19_L5_p0p08,timepoint_mask,5.0,0.08,run2,fold03,0,2,1
full,Full,tp19_L5_p0p08,timepoint_mask,5.0,0.08,run2,fold03,1,0,6
full,Full,tp19_L5_p0p08,timepoint_mask,5.0,0.08,run2,fold03,1,1,23
full,Full,tp19_L5_p0p08,timepoint_mask,5.0,0.08,run2,fold03,1,2,2
full,Full,tp19_L5_p0p08,timepoint_mask,5.0,0.08,run2,fold03,2,0,5
full,Full,tp19_L5_p0p08,timepoint_mask,5.0,0.08,run2,fold03,2,1,5
full,Full,tp19_L5_p0p08,timepoint_mask,5.0,0.08,run2,fold03,2,2,4
full,Full,tp19_L5_p0p08,timepoint_mask,5.0,0.08,run2,oof_pooled,0,0,63
full,Full,tp19_L5_p0p08,timepoint_mask,5.0,0.08,run2,oof_pooled,0,1,13
full,Full,tp19_L5_p0p08,timepoint_mask,5.0,0.08,run2,oof_pooled,0,2,3
full,Full,tp19_L5_p0p08,timepoint_mask,5.0,0.08,run2,oof_pooled,1,0,24
full,Full,tp19_L5_p0p08,timepoint_mask,5.0,0.08,run2,oof_pooled,1,1,62
full,Full,tp19_L5_p0p08,timepoint_mask,5.0,0.08,run2,oof_pooled,1,2,7
full,Full,tp19_L5_p0p08,timepoint_mask,5.0,0.08,run2,oof_pooled,2,0,9
full,Full,tp19_L5_p0p08,timepoint_mask,5.0,0.08,run2,oof_pooled,2,1,15
full,Full,tp19_L5_p0p08,timepoint_mask,5.0,0.08,run2,oof_pooled,2,2,18
full,Full,tp20_L5_p0p12,timepoint_mask,5.0,0.12,run1,fold01,0,0,112
full,Full,tp20_L5_p0p12,timepoint_mask,5.0,0.12,run1,fold01,0,1,20
full,Full,tp20_L5_p0p12,timepoint_mask,5.0,0.12,run1,fold01,0,2,2
full,Full,tp20_L5_p0p12,timepoint_mask,5.0,0.12,run1,fold01,1,0,27
full,Full,tp20_L5_p0p12,timepoint_mask,5.0,0.12,run1,fold01,1,1,121
full,Full,tp20_L5_p0p12,timepoint_mask,5.0,0.12,run1,fold01,1,2,4
full,Full,tp20_L5_p0p12,timepoint_mask,5.0,0.12,run1,fold01,2,0,5
full,Full,tp20_L5_p0p12,timepoint_mask,5.0,0.12,run1,fold01,2,1,10
full,Full,tp20_L5_p0p12,timepoint_mask,5.0,0.12,run1,fold01,2,2,26
full,Full,tp20_L5_p0p12,timepoint_mask,5.0,0.12,run1,fold02,0,0,105
full,Full,tp20_L5_p0p12,timepoint_mask,5.0,0.12,run1,fold02,0,1,27
full,Full,tp20_L5_p0p12,timepoint_mask,5.0,0.12,run1,fold02,0,2,2
full,Full,tp20_L5_p0p12,timepoint_mask,5.0,0.12,run1,fold02,1,0,22
full,Full,tp20_L5_p0p12,timepoint_mask,5.0,0.12,run1,fold02,1,1,122
full,Full,tp20_L5_p0p12,timepoint_mask,5.0,0.12,run1,fold02,1,2,8
full,Full,tp20_L5_p0p12,timepoint_mask,5.0,0.12,run1,fold02,2,0,2
full,Full,tp20_L5_p0p12,timepoint_mask,5.0,0.12,run1,fold02,2,1,4
full,Full,tp20_L5_p0p12,timepoint_mask,5.0,0.12,run1,fold02,2,2,34
full,Full,tp20_L5_p0p12,timepoint_mask,5.0,0.12,run1,fold03,0,0,111
full,Full,tp20_L5_p0p12,timepoint_mask,5.0,0.12,run1,fold03,0,1,21
full,Full,tp20_L5_p0p12,timepoint_mask,5.0,0.12,run1,fold03,0,2,2
full,Full,tp20_L5_p0p12,timepoint_mask,5.0,0.12,run1,fold03,1,0,23
full,Full,tp20_L5_p0p12,timepoint_mask,5.0,0.12,run1,fold03,1,1,129
full,Full,tp20_L5_p0p12,timepoint_mask,5.0,0.12,run1,fold03,1,2,0
full,Full,tp20_L5_p0p12,timepoint_mask,5.0,0.12,run1,fold03,2,0,4
full,Full,tp20_L5_p0p12,timepoint_mask,5.0,0.12,run1,fold03,2,1,8
full,Full,tp20_L5_p0p12,timepoint_mask,5.0,0.12,run1,fold03,2,2,28
full,Full,tp20_L5_p0p12,timepoint_mask,5.0,0.12,run1,oof_pooled,0,0,328
full,Full,tp20_L5_p0p12,timepoint_mask,5.0,0.12,run1,oof_pooled,0,1,68
full,Full,tp20_L5_p0p12,timepoint_mask,5.0,0.12,run1,oof_pooled,0,2,6
full,Full,tp20_L5_p0p12,timepoint_mask,5.0,0.12,run1,oof_pooled,1,0,72
full,Full,tp20_L5_p0p12,timepoint_mask,5.0,0.12,run1,oof_pooled,1,1,372
full,Full,tp20_L5_p0p12,timepoint_mask,5.0,0.12,run1,oof_pooled,1,2,12
full,Full,tp20_L5_p0p12,timepoint_mask,5.0,0.12,run1,oof_pooled,2,0,11
full,Full,tp20_L5_p0p12,timepoint_mask,5.0,0.12,run1,oof_pooled,2,1,22
full,Full,tp20_L5_p0p12,timepoint_mask,5.0,0.12,run1,oof_pooled,2,2,88
full,Full,tp20_L5_p0p12,timepoint_mask,5.0,0.12,run2,fold01,0,0,22
full,Full,tp20_L5_p0p12,timepoint_mask,5.0,0.12,run2,fold01,0,1,3
full,Full,tp20_L5_p0p12,timepoint_mask,5.0,0.12,run2,fold01,0,2,2
full,Full,tp20_L5_p0p12,timepoint_mask,5.0,0.12,run2,fold01,1,0,8
full,Full,tp20_L5_p0p12,timepoint_mask,5.0,0.12,run2,fold01,1,1,21
full,Full,tp20_L5_p0p12,timepoint_mask,5.0,0.12,run2,fold01,1,2,2
full,Full,tp20_L5_p0p12,timepoint_mask,5.0,0.12,run2,fold01,2,0,2
full,Full,tp20_L5_p0p12,timepoint_mask,5.0,0.12,run2,fold01,2,1,5
full,Full,tp20_L5_p0p12,timepoint_mask,5.0,0.12,run2,fold01,2,2,7
full,Full,tp20_L5_p0p12,timepoint_mask,5.0,0.12,run2,fold02,0,0,21
full,Full,tp20_L5_p0p12,timepoint_mask,5.0,0.12,run2,fold02,0,1,5
full,Full,tp20_L5_p0p12,timepoint_mask,5.0,0.12,run2,fold02,0,2,0
full,Full,tp20_L5_p0p12,timepoint_mask,5.0,0.12,run2,fold02,1,0,10
full,Full,tp20_L5_p0p12,timepoint_mask,5.0,0.12,run2,fold02,1,1,18
full,Full,tp20_L5_p0p12,timepoint_mask,5.0,0.12,run2,fold02,1,2,3
full,Full,tp20_L5_p0p12,timepoint_mask,5.0,0.12,run2,fold02,2,0,2
full,Full,tp20_L5_p0p12,timepoint_mask,5.0,0.12,run2,fold02,2,1,5
full,Full,tp20_L5_p0p12,timepoint_mask,5.0,0.12,run2,fold02,2,2,7
full,Full,tp20_L5_p0p12,timepoint_mask,5.0,0.12,run2,fold03,0,0,20
full,Full,tp20_L5_p0p12,timepoint_mask,5.0,0.12,run2,fold03,0,1,5
full,Full,tp20_L5_p0p12,timepoint_mask,5.0,0.12,run2,fold03,0,2,1
full,Full,tp20_L5_p0p12,timepoint_mask,5.0,0.12,run2,fold03,1,0,6
full,Full,tp20_L5_p0p12,timepoint_mask,5.0,0.12,run2,fold03,1,1,23
full,Full,tp20_L5_p0p12,timepoint_mask,5.0,0.12,run2,fold03,1,2,2
full,Full,tp20_L5_p0p12,timepoint_mask,5.0,0.12,run2,fold03,2,0,5
full,Full,tp20_L5_p0p12,timepoint_mask,5.0,0.12,run2,fold03,2,1,5
full,Full,tp20_L5_p0p12,timepoint_mask,5.0,0.12,run2,fold03,2,2,4
full,Full,tp20_L5_p0p12,timepoint_mask,5.0,0.12,run2,oof_pooled,0,0,63
full,Full,tp20_L5_p0p12,timepoint_mask,5.0,0.12,run2,oof_pooled,0,1,13
full,Full,tp20_L5_p0p12,timepoint_mask,5.0,0.12,run2,oof_pooled,0,2,3
full,Full,tp20_L5_p0p12,timepoint_mask,5.0,0.12,run2,oof_pooled,1,0,24
full,Full,tp20_L5_p0p12,timepoint_mask,5.0,0.12,run2,oof_pooled,1,1,62
full,Full,tp20_L5_p0p12,timepoint_mask,5.0,0.12,run2,oof_pooled,1,2,7
full,Full,tp20_L5_p0p12,timepoint_mask,5.0,0.12,run2,oof_pooled,2,0,9
full,Full,tp20_L5_p0p12,timepoint_mask,5.0,0.12,run2,oof_pooled,2,1,15
full,Full,tp20_L5_p0p12,timepoint_mask,5.0,0.12,run2,oof_pooled,2,2,18
full,Full,tp21_L5_p0p13,timepoint_mask,5.0,0.13,run1,fold01,0,0,112
full,Full,tp21_L5_p0p13,timepoint_mask,5.0,0.13,run1,fold01,0,1,20
full,Full,tp21_L5_p0p13,timepoint_mask,5.0,0.13,run1,fold01,0,2,2
full,Full,tp21_L5_p0p13,timepoint_mask,5.0,0.13,run1,fold01,1,0,27
full,Full,tp21_L5_p0p13,timepoint_mask,5.0,0.13,run1,fold01,1,1,121
full,Full,tp21_L5_p0p13,timepoint_mask,5.0,0.13,run1,fold01,1,2,4
full,Full,tp21_L5_p0p13,timepoint_mask,5.0,0.13,run1,fold01,2,0,5
full,Full,tp21_L5_p0p13,timepoint_mask,5.0,0.13,run1,fold01,2,1,10
full,Full,tp21_L5_p0p13,timepoint_mask,5.0,0.13,run1,fold01,2,2,26
full,Full,tp21_L5_p0p13,timepoint_mask,5.0,0.13,run1,fold02,0,0,105
full,Full,tp21_L5_p0p13,timepoint_mask,5.0,0.13,run1,fold02,0,1,27
full,Full,tp21_L5_p0p13,timepoint_mask,5.0,0.13,run1,fold02,0,2,2
full,Full,tp21_L5_p0p13,timepoint_mask,5.0,0.13,run1,fold02,1,0,22
full,Full,tp21_L5_p0p13,timepoint_mask,5.0,0.13,run1,fold02,1,1,122
full,Full,tp21_L5_p0p13,timepoint_mask,5.0,0.13,run1,fold02,1,2,8
full,Full,tp21_L5_p0p13,timepoint_mask,5.0,0.13,run1,fold02,2,0,2
full,Full,tp21_L5_p0p13,timepoint_mask,5.0,0.13,run1,fold02,2,1,4
full,Full,tp21_L5_p0p13,timepoint_mask,5.0,0.13,run1,fold02,2,2,34
full,Full,tp21_L5_p0p13,timepoint_mask,5.0,0.13,run1,fold03,0,0,111
full,Full,tp21_L5_p0p13,timepoint_mask,5.0,0.13,run1,fold03,0,1,21
full,Full,tp21_L5_p0p13,timepoint_mask,5.0,0.13,run1,fold03,0,2,2
full,Full,tp21_L5_p0p13,timepoint_mask,5.0,0.13,run1,fold03,1,0,22
full,Full,tp21_L5_p0p13,timepoint_mask,5.0,0.13,run1,fold03,1,1,130
full,Full,tp21_L5_p0p13,timepoint_mask,5.0,0.13,run1,fold03,1,2,0
full,Full,tp21_L5_p0p13,timepoint_mask,5.0,0.13,run1,fold03,2,0,4
full,Full,tp21_L5_p0p13,timepoint_mask,5.0,0.13,run1,fold03,2,1,8
full,Full,tp21_L5_p0p13,timepoint_mask,5.0,0.13,run1,fold03,2,2,28
full,Full,tp21_L5_p0p13,timepoint_mask,5.0,0.13,run1,oof_pooled,0,0,328
full,Full,tp21_L5_p0p13,timepoint_mask,5.0,0.13,run1,oof_pooled,0,1,68
full,Full,tp21_L5_p0p13,timepoint_mask,5.0,0.13,run1,oof_pooled,0,2,6
full,Full,tp21_L5_p0p13,timepoint_mask,5.0,0.13,run1,oof_pooled,1,0,71
full,Full,tp21_L5_p0p13,timepoint_mask,5.0,0.13,run1,oof_pooled,1,1,373
full,Full,tp21_L5_p0p13,timepoint_mask,5.0,0.13,run1,oof_pooled,1,2,12
full,Full,tp21_L5_p0p13,timepoint_mask,5.0,0.13,run1,oof_pooled,2,0,11
full,Full,tp21_L5_p0p13,timepoint_mask,5.0,0.13,run1,oof_pooled,2,1,22
full,Full,tp21_L5_p0p13,timepoint_mask,5.0,0.13,run1,oof_pooled,2,2,88
full,Full,tp21_L5_p0p13,timepoint_mask,5.0,0.13,run2,fold01,0,0,22
full,Full,tp21_L5_p0p13,timepoint_mask,5.0,0.13,run2,fold01,0,1,3
full,Full,tp21_L5_p0p13,timepoint_mask,5.0,0.13,run2,fold01,0,2,2
full,Full,tp21_L5_p0p13,timepoint_mask,5.0,0.13,run2,fold01,1,0,8
full,Full,tp21_L5_p0p13,timepoint_mask,5.0,0.13,run2,fold01,1,1,21
full,Full,tp21_L5_p0p13,timepoint_mask,5.0,0.13,run2,fold01,1,2,2
full,Full,tp21_L5_p0p13,timepoint_mask,5.0,0.13,run2,fold01,2,0,2
full,Full,tp21_L5_p0p13,timepoint_mask,5.0,0.13,run2,fold01,2,1,5
full,Full,tp21_L5_p0p13,timepoint_mask,5.0,0.13,run2,fold01,2,2,7
full,Full,tp21_L5_p0p13,timepoint_mask,5.0,0.13,run2,fold02,0,0,21
full,Full,tp21_L5_p0p13,timepoint_mask,5.0,0.13,run2,fold02,0,1,5
full,Full,tp21_L5_p0p13,timepoint_mask,5.0,0.13,run2,fold02,0,2,0
full,Full,tp21_L5_p0p13,timepoint_mask,5.0,0.13,run2,fold02,1,0,10
full,Full,tp21_L5_p0p13,timepoint_mask,5.0,0.13,run2,fold02,1,1,18
full,Full,tp21_L5_p0p13,timepoint_mask,5.0,0.13,run2,fold02,1,2,3
full,Full,tp21_L5_p0p13,timepoint_mask,5.0,0.13,run2,fold02,2,0,2
full,Full,tp21_L5_p0p13,timepoint_mask,5.0,0.13,run2,fold02,2,1,5
full,Full,tp21_L5_p0p13,timepoint_mask,5.0,0.13,run2,fold02,2,2,7
full,Full,tp21_L5_p0p13,timepoint_mask,5.0,0.13,run2,fold03,0,0,20
full,Full,tp21_L5_p0p13,timepoint_mask,5.0,0.13,run2,fold03,0,1,5
full,Full,tp21_L5_p0p13,timepoint_mask,5.0,0.13,run2,fold03,0,2,1
full,Full,tp21_L5_p0p13,timepoint_mask,5.0,0.13,run2,fold03,1,0,6
full,Full,tp21_L5_p0p13,timepoint_mask,5.0,0.13,run2,fold03,1,1,23
full,Full,tp21_L5_p0p13,timepoint_mask,5.0,0.13,run2,fold03,1,2,2
full,Full,tp21_L5_p0p13,timepoint_mask,5.0,0.13,run2,fold03,2,0,5
full,Full,tp21_L5_p0p13,timepoint_mask,5.0,0.13,run2,fold03,2,1,5
full,Full,tp21_L5_p0p13,timepoint_mask,5.0,0.13,run2,fold03,2,2,4
full,Full,tp21_L5_p0p13,timepoint_mask,5.0,0.13,run2,oof_pooled,0,0,63
full,Full,tp21_L5_p0p13,timepoint_mask,5.0,0.13,run2,oof_pooled,0,1,13
full,Full,tp21_L5_p0p13,timepoint_mask,5.0,0.13,run2,oof_pooled,0,2,3
full,Full,tp21_L5_p0p13,timepoint_mask,5.0,0.13,run2,oof_pooled,1,0,24
full,Full,tp21_L5_p0p13,timepoint_mask,5.0,0.13,run2,oof_pooled,1,1,62
full,Full,tp21_L5_p0p13,timepoint_mask,5.0,0.13,run2,oof_pooled,1,2,7
full,Full,tp21_L5_p0p13,timepoint_mask,5.0,0.13,run2,oof_pooled,2,0,9
full,Full,tp21_L5_p0p13,timepoint_mask,5.0,0.13,run2,oof_pooled,2,1,15
full,Full,tp21_L5_p0p13,timepoint_mask,5.0,0.13,run2,oof_pooled,2,2,18
full,Full,tp22_L5_p0p33,timepoint_mask,5.0,0.33,run1,fold01,0,0,112
full,Full,tp22_L5_p0p33,timepoint_mask,5.0,0.33,run1,fold01,0,1,20
full,Full,tp22_L5_p0p33,timepoint_mask,5.0,0.33,run1,fold01,0,2,2
full,Full,tp22_L5_p0p33,timepoint_mask,5.0,0.33,run1,fold01,1,0,27
full,Full,tp22_L5_p0p33,timepoint_mask,5.0,0.33,run1,fold01,1,1,120
full,Full,tp22_L5_p0p33,timepoint_mask,5.0,0.33,run1,fold01,1,2,5
full,Full,tp22_L5_p0p33,timepoint_mask,5.0,0.33,run1,fold01,2,0,5
full,Full,tp22_L5_p0p33,timepoint_mask,5.0,0.33,run1,fold01,2,1,10
full,Full,tp22_L5_p0p33,timepoint_mask,5.0,0.33,run1,fold01,2,2,26
full,Full,tp22_L5_p0p33,timepoint_mask,5.0,0.33,run1,fold02,0,0,105
full,Full,tp22_L5_p0p33,timepoint_mask,5.0,0.33,run1,fold02,0,1,27
full,Full,tp22_L5_p0p33,timepoint_mask,5.0,0.33,run1,fold02,0,2,2
full,Full,tp22_L5_p0p33,timepoint_mask,5.0,0.33,run1,fold02,1,0,23
full,Full,tp22_L5_p0p33,timepoint_mask,5.0,0.33,run1,fold02,1,1,123
full,Full,tp22_L5_p0p33,timepoint_mask,5.0,0.33,run1,fold02,1,2,6
full,Full,tp22_L5_p0p33,timepoint_mask,5.0,0.33,run1,fold02,2,0,2
full,Full,tp22_L5_p0p33,timepoint_mask,5.0,0.33,run1,fold02,2,1,4
full,Full,tp22_L5_p0p33,timepoint_mask,5.0,0.33,run1,fold02,2,2,34
full,Full,tp22_L5_p0p33,timepoint_mask,5.0,0.33,run1,fold03,0,0,111
full,Full,tp22_L5_p0p33,timepoint_mask,5.0,0.33,run1,fold03,0,1,21
full,Full,tp22_L5_p0p33,timepoint_mask,5.0,0.33,run1,fold03,0,2,2
full,Full,tp22_L5_p0p33,timepoint_mask,5.0,0.33,run1,fold03,1,0,21
full,Full,tp22_L5_p0p33,timepoint_mask,5.0,0.33,run1,fold03,1,1,130
full,Full,tp22_L5_p0p33,timepoint_mask,5.0,0.33,run1,fold03,1,2,1
full,Full,tp22_L5_p0p33,timepoint_mask,5.0,0.33,run1,fold03,2,0,4
full,Full,tp22_L5_p0p33,timepoint_mask,5.0,0.33,run1,fold03,2,1,8
full,Full,tp22_L5_p0p33,timepoint_mask,5.0,0.33,run1,fold03,2,2,28
full,Full,tp22_L5_p0p33,timepoint_mask,5.0,0.33,run1,oof_pooled,0,0,328
full,Full,tp22_L5_p0p33,timepoint_mask,5.0,0.33,run1,oof_pooled,0,1,68
full,Full,tp22_L5_p0p33,timepoint_mask,5.0,0.33,run1,oof_pooled,0,2,6
full,Full,tp22_L5_p0p33,timepoint_mask,5.0,0.33,run1,oof_pooled,1,0,71
full,Full,tp22_L5_p0p33,timepoint_mask,5.0,0.33,run1,oof_pooled,1,1,373
full,Full,tp22_L5_p0p33,timepoint_mask,5.0,0.33,run1,oof_pooled,1,2,12
full,Full,tp22_L5_p0p33,timepoint_mask,5.0,0.33,run1,oof_pooled,2,0,11
full,Full,tp22_L5_p0p33,timepoint_mask,5.0,0.33,run1,oof_pooled,2,1,22
full,Full,tp22_L5_p0p33,timepoint_mask,5.0,0.33,run1,oof_pooled,2,2,88
full,Full,tp22_L5_p0p33,timepoint_mask,5.0,0.33,run2,fold01,0,0,22
full,Full,tp22_L5_p0p33,timepoint_mask,5.0,0.33,run2,fold01,0,1,3
full,Full,tp22_L5_p0p33,timepoint_mask,5.0,0.33,run2,fold01,0,2,2
full,Full,tp22_L5_p0p33,timepoint_mask,5.0,0.33,run2,fold01,1,0,8
full,Full,tp22_L5_p0p33,timepoint_mask,5.0,0.33,run2,fold01,1,1,21
full,Full,tp22_L5_p0p33,timepoint_mask,5.0,0.33,run2,fold01,1,2,2
full,Full,tp22_L5_p0p33,timepoint_mask,5.0,0.33,run2,fold01,2,0,3
full,Full,tp22_L5_p0p33,timepoint_mask,5.0,0.33,run2,fold01,2,1,5
full,Full,tp22_L5_p0p33,timepoint_mask,5.0,0.33,run2,fold01,2,2,6
full,Full,tp22_L5_p0p33,timepoint_mask,5.0,0.33,run2,fold02,0,0,21
full,Full,tp22_L5_p0p33,timepoint_mask,5.0,0.33,run2,fold02,0,1,5
full,Full,tp22_L5_p0p33,timepoint_mask,5.0,0.33,run2,fold02,0,2,0
full,Full,tp22_L5_p0p33,timepoint_mask,5.0,0.33,run2,fold02,1,0,10
full,Full,tp22_L5_p0p33,timepoint_mask,5.0,0.33,run2,fold02,1,1,18
full,Full,tp22_L5_p0p33,timepoint_mask,5.0,0.33,run2,fold02,1,2,3
full,Full,tp22_L5_p0p33,timepoint_mask,5.0,0.33,run2,fold02,2,0,2
full,Full,tp22_L5_p0p33,timepoint_mask,5.0,0.33,run2,fold02,2,1,6
full,Full,tp22_L5_p0p33,timepoint_mask,5.0,0.33,run2,fold02,2,2,6
full,Full,tp22_L5_p0p33,timepoint_mask,5.0,0.33,run2,fold03,0,0,20
full,Full,tp22_L5_p0p33,timepoint_mask,5.0,0.33,run2,fold03,0,1,5
full,Full,tp22_L5_p0p33,timepoint_mask,5.0,0.33,run2,fold03,0,2,1
full,Full,tp22_L5_p0p33,timepoint_mask,5.0,0.33,run2,fold03,1,0,6
full,Full,tp22_L5_p0p33,timepoint_mask,5.0,0.33,run2,fold03,1,1,23
full,Full,tp22_L5_p0p33,timepoint_mask,5.0,0.33,run2,fold03,1,2,2
full,Full,tp22_L5_p0p33,timepoint_mask,5.0,0.33,run2,fold03,2,0,5
full,Full,tp22_L5_p0p33,timepoint_mask,5.0,0.33,run2,fold03,2,1,5
full,Full,tp22_L5_p0p33,timepoint_mask,5.0,0.33,run2,fold03,2,2,4
full,Full,tp22_L5_p0p33,timepoint_mask,5.0,0.33,run2,oof_pooled,0,0,63
full,Full,tp22_L5_p0p33,timepoint_mask,5.0,0.33,run2,oof_pooled,0,1,13
full,Full,tp22_L5_p0p33,timepoint_mask,5.0,0.33,run2,oof_pooled,0,2,3
full,Full,tp22_L5_p0p33,timepoint_mask,5.0,0.33,run2,oof_pooled,1,0,24
full,Full,tp22_L5_p0p33,timepoint_mask,5.0,0.33,run2,oof_pooled,1,1,62
full,Full,tp22_L5_p0p33,timepoint_mask,5.0,0.33,run2,oof_pooled,1,2,7
full,Full,tp22_L5_p0p33,timepoint_mask,5.0,0.33,run2,oof_pooled,2,0,10
full,Full,tp22_L5_p0p33,timepoint_mask,5.0,0.33,run2,oof_pooled,2,1,16
full,Full,tp22_L5_p0p33,timepoint_mask,5.0,0.33,run2,oof_pooled,2,2,16
full,Full,tp23_L5_p0p35,timepoint_mask,5.0,0.35,run1,fold01,0,0,112
full,Full,tp23_L5_p0p35,timepoint_mask,5.0,0.35,run1,fold01,0,1,20
full,Full,tp23_L5_p0p35,timepoint_mask,5.0,0.35,run1,fold01,0,2,2
full,Full,tp23_L5_p0p35,timepoint_mask,5.0,0.35,run1,fold01,1,0,27
full,Full,tp23_L5_p0p35,timepoint_mask,5.0,0.35,run1,fold01,1,1,120
full,Full,tp23_L5_p0p35,timepoint_mask,5.0,0.35,run1,fold01,1,2,5
full,Full,tp23_L5_p0p35,timepoint_mask,5.0,0.35,run1,fold01,2,0,5
full,Full,tp23_L5_p0p35,timepoint_mask,5.0,0.35,run1,fold01,2,1,10
full,Full,tp23_L5_p0p35,timepoint_mask,5.0,0.35,run1,fold01,2,2,26
full,Full,tp23_L5_p0p35,timepoint_mask,5.0,0.35,run1,fold02,0,0,105
full,Full,tp23_L5_p0p35,timepoint_mask,5.0,0.35,run1,fold02,0,1,27
full,Full,tp23_L5_p0p35,timepoint_mask,5.0,0.35,run1,fold02,0,2,2
full,Full,tp23_L5_p0p35,timepoint_mask,5.0,0.35,run1,fold02,1,0,23
full,Full,tp23_L5_p0p35,timepoint_mask,5.0,0.35,run1,fold02,1,1,123
full,Full,tp23_L5_p0p35,timepoint_mask,5.0,0.35,run1,fold02,1,2,6
full,Full,tp23_L5_p0p35,timepoint_mask,5.0,0.35,run1,fold02,2,0,2
full,Full,tp23_L5_p0p35,timepoint_mask,5.0,0.35,run1,fold02,2,1,4
full,Full,tp23_L5_p0p35,timepoint_mask,5.0,0.35,run1,fold02,2,2,34
full,Full,tp23_L5_p0p35,timepoint_mask,5.0,0.35,run1,fold03,0,0,111
full,Full,tp23_L5_p0p35,timepoint_mask,5.0,0.35,run1,fold03,0,1,21
full,Full,tp23_L5_p0p35,timepoint_mask,5.0,0.35,run1,fold03,0,2,2
full,Full,tp23_L5_p0p35,timepoint_mask,5.0,0.35,run1,fold03,1,0,23
full,Full,tp23_L5_p0p35,timepoint_mask,5.0,0.35,run1,fold03,1,1,128
full,Full,tp23_L5_p0p35,timepoint_mask,5.0,0.35,run1,fold03,1,2,1
full,Full,tp23_L5_p0p35,timepoint_mask,5.0,0.35,run1,fold03,2,0,4
full,Full,tp23_L5_p0p35,timepoint_mask,5.0,0.35,run1,fold03,2,1,8
full,Full,tp23_L5_p0p35,timepoint_mask,5.0,0.35,run1,fold03,2,2,28
full,Full,tp23_L5_p0p35,timepoint_mask,5.0,0.35,run1,oof_pooled,0,0,328
full,Full,tp23_L5_p0p35,timepoint_mask,5.0,0.35,run1,oof_pooled,0,1,68
full,Full,tp23_L5_p0p35,timepoint_mask,5.0,0.35,run1,oof_pooled,0,2,6
full,Full,tp23_L5_p0p35,timepoint_mask,5.0,0.35,run1,oof_pooled,1,0,73
full,Full,tp23_L5_p0p35,timepoint_mask,5.0,0.35,run1,oof_pooled,1,1,371
full,Full,tp23_L5_p0p35,timepoint_mask,5.0,0.35,run1,oof_pooled,1,2,12
full,Full,tp23_L5_p0p35,timepoint_mask,5.0,0.35,run1,oof_pooled,2,0,11
full,Full,tp23_L5_p0p35,timepoint_mask,5.0,0.35,run1,oof_pooled,2,1,22
full,Full,tp23_L5_p0p35,timepoint_mask,5.0,0.35,run1,oof_pooled,2,2,88
full,Full,tp23_L5_p0p35,timepoint_mask,5.0,0.35,run2,fold01,0,0,22
full,Full,tp23_L5_p0p35,timepoint_mask,5.0,0.35,run2,fold01,0,1,3
full,Full,tp23_L5_p0p35,timepoint_mask,5.0,0.35,run2,fold01,0,2,2
full,Full,tp23_L5_p0p35,timepoint_mask,5.0,0.35,run2,fold01,1,0,8
full,Full,tp23_L5_p0p35,timepoint_mask,5.0,0.35,run2,fold01,1,1,21
full,Full,tp23_L5_p0p35,timepoint_mask,5.0,0.35,run2,fold01,1,2,2
full,Full,tp23_L5_p0p35,timepoint_mask,5.0,0.35,run2,fold01,2,0,3
full,Full,tp23_L5_p0p35,timepoint_mask,5.0,0.35,run2,fold01,2,1,5
full,Full,tp23_L5_p0p35,timepoint_mask,5.0,0.35,run2,fold01,2,2,6
full,Full,tp23_L5_p0p35,timepoint_mask,5.0,0.35,run2,fold02,0,0,21
full,Full,tp23_L5_p0p35,timepoint_mask,5.0,0.35,run2,fold02,0,1,5
full,Full,tp23_L5_p0p35,timepoint_mask,5.0,0.35,run2,fold02,0,2,0
full,Full,tp23_L5_p0p35,timepoint_mask,5.0,0.35,run2,fold02,1,0,10
full,Full,tp23_L5_p0p35,timepoint_mask,5.0,0.35,run2,fold02,1,1,18
full,Full,tp23_L5_p0p35,timepoint_mask,5.0,0.35,run2,fold02,1,2,3
full,Full,tp23_L5_p0p35,timepoint_mask,5.0,0.35,run2,fold02,2,0,2
full,Full,tp23_L5_p0p35,timepoint_mask,5.0,0.35,run2,fold02,2,1,6
full,Full,tp23_L5_p0p35,timepoint_mask,5.0,0.35,run2,fold02,2,2,6
full,Full,tp23_L5_p0p35,timepoint_mask,5.0,0.35,run2,fold03,0,0,20
full,Full,tp23_L5_p0p35,timepoint_mask,5.0,0.35,run2,fold03,0,1,5
full,Full,tp23_L5_p0p35,timepoint_mask,5.0,0.35,run2,fold03,0,2,1
full,Full,tp23_L5_p0p35,timepoint_mask,5.0,0.35,run2,fold03,1,0,6
full,Full,tp23_L5_p0p35,timepoint_mask,5.0,0.35,run2,fold03,1,1,23
full,Full,tp23_L5_p0p35,timepoint_mask,5.0,0.35,run2,fold03,1,2,2
full,Full,tp23_L5_p0p35,timepoint_mask,5.0,0.35,run2,fold03,2,0,5
full,Full,tp23_L5_p0p35,timepoint_mask,5.0,0.35,run2,fold03,2,1,5
full,Full,tp23_L5_p0p35,timepoint_mask,5.0,0.35,run2,fold03,2,2,4
full,Full,tp23_L5_p0p35,timepoint_mask,5.0,0.35,run2,oof_pooled,0,0,63
full,Full,tp23_L5_p0p35,timepoint_mask,5.0,0.35,run2,oof_pooled,0,1,13
full,Full,tp23_L5_p0p35,timepoint_mask,5.0,0.35,run2,oof_pooled,0,2,3
full,Full,tp23_L5_p0p35,timepoint_mask,5.0,0.35,run2,oof_pooled,1,0,24
full,Full,tp23_L5_p0p35,timepoint_mask,5.0,0.35,run2,oof_pooled,1,1,62
full,Full,tp23_L5_p0p35,timepoint_mask,5.0,0.35,run2,oof_pooled,1,2,7
full,Full,tp23_L5_p0p35,timepoint_mask,5.0,0.35,run2,oof_pooled,2,0,10
full,Full,tp23_L5_p0p35,timepoint_mask,5.0,0.35,run2,oof_pooled,2,1,16
full,Full,tp23_L5_p0p35,timepoint_mask,5.0,0.35,run2,oof_pooled,2,2,16
full,Full,tp24_L5_p0p70,timepoint_mask,5.0,0.7,run1,fold01,0,0,112
full,Full,tp24_L5_p0p70,timepoint_mask,5.0,0.7,run1,fold01,0,1,20
full,Full,tp24_L5_p0p70,timepoint_mask,5.0,0.7,run1,fold01,0,2,2
full,Full,tp24_L5_p0p70,timepoint_mask,5.0,0.7,run1,fold01,1,0,30
full,Full,tp24_L5_p0p70,timepoint_mask,5.0,0.7,run1,fold01,1,1,115
full,Full,tp24_L5_p0p70,timepoint_mask,5.0,0.7,run1,fold01,1,2,7
full,Full,tp24_L5_p0p70,timepoint_mask,5.0,0.7,run1,fold01,2,0,5
full,Full,tp24_L5_p0p70,timepoint_mask,5.0,0.7,run1,fold01,2,1,10
full,Full,tp24_L5_p0p70,timepoint_mask,5.0,0.7,run1,fold01,2,2,26
full,Full,tp24_L5_p0p70,timepoint_mask,5.0,0.7,run1,fold02,0,0,105
full,Full,tp24_L5_p0p70,timepoint_mask,5.0,0.7,run1,fold02,0,1,27
full,Full,tp24_L5_p0p70,timepoint_mask,5.0,0.7,run1,fold02,0,2,2
full,Full,tp24_L5_p0p70,timepoint_mask,5.0,0.7,run1,fold02,1,0,23
full,Full,tp24_L5_p0p70,timepoint_mask,5.0,0.7,run1,fold02,1,1,122
full,Full,tp24_L5_p0p70,timepoint_mask,5.0,0.7,run1,fold02,1,2,7
full,Full,tp24_L5_p0p70,timepoint_mask,5.0,0.7,run1,fold02,2,0,2
full,Full,tp24_L5_p0p70,timepoint_mask,5.0,0.7,run1,fold02,2,1,4
full,Full,tp24_L5_p0p70,timepoint_mask,5.0,0.7,run1,fold02,2,2,34
full,Full,tp24_L5_p0p70,timepoint_mask,5.0,0.7,run1,fold03,0,0,111
full,Full,tp24_L5_p0p70,timepoint_mask,5.0,0.7,run1,fold03,0,1,21
full,Full,tp24_L5_p0p70,timepoint_mask,5.0,0.7,run1,fold03,0,2,2
full,Full,tp24_L5_p0p70,timepoint_mask,5.0,0.7,run1,fold03,1,0,24
full,Full,tp24_L5_p0p70,timepoint_mask,5.0,0.7,run1,fold03,1,1,126
full,Full,tp24_L5_p0p70,timepoint_mask,5.0,0.7,run1,fold03,1,2,2
full,Full,tp24_L5_p0p70,timepoint_mask,5.0,0.7,run1,fold03,2,0,4
full,Full,tp24_L5_p0p70,timepoint_mask,5.0,0.7,run1,fold03,2,1,8
full,Full,tp24_L5_p0p70,timepoint_mask,5.0,0.7,run1,fold03,2,2,28
full,Full,tp24_L5_p0p70,timepoint_mask,5.0,0.7,run1,oof_pooled,0,0,328
full,Full,tp24_L5_p0p70,timepoint_mask,5.0,0.7,run1,oof_pooled,0,1,68
full,Full,tp24_L5_p0p70,timepoint_mask,5.0,0.7,run1,oof_pooled,0,2,6
full,Full,tp24_L5_p0p70,timepoint_mask,5.0,0.7,run1,oof_pooled,1,0,77
full,Full,tp24_L5_p0p70,timepoint_mask,5.0,0.7,run1,oof_pooled,1,1,363
full,Full,tp24_L5_p0p70,timepoint_mask,5.0,0.7,run1,oof_pooled,1,2,16
full,Full,tp24_L5_p0p70,timepoint_mask,5.0,0.7,run1,oof_pooled,2,0,11
full,Full,tp24_L5_p0p70,timepoint_mask,5.0,0.7,run1,oof_pooled,2,1,22
full,Full,tp24_L5_p0p70,timepoint_mask,5.0,0.7,run1,oof_pooled,2,2,88
full,Full,tp24_L5_p0p70,timepoint_mask,5.0,0.7,run2,fold01,0,0,22
full,Full,tp24_L5_p0p70,timepoint_mask,5.0,0.7,run2,fold01,0,1,3
full,Full,tp24_L5_p0p70,timepoint_mask,5.0,0.7,run2,fold01,0,2,2
full,Full,tp24_L5_p0p70,timepoint_mask,5.0,0.7,run2,fold01,1,0,8
full,Full,tp24_L5_p0p70,timepoint_mask,5.0,0.7,run2,fold01,1,1,21
full,Full,tp24_L5_p0p70,timepoint_mask,5.0,0.7,run2,fold01,1,2,2
full,Full,tp24_L5_p0p70,timepoint_mask,5.0,0.7,run2,fold01,2,0,3
full,Full,tp24_L5_p0p70,timepoint_mask,5.0,0.7,run2,fold01,2,1,5
full,Full,tp24_L5_p0p70,timepoint_mask,5.0,0.7,run2,fold01,2,2,6
full,Full,tp24_L5_p0p70,timepoint_mask,5.0,0.7,run2,fold02,0,0,21
full,Full,tp24_L5_p0p70,timepoint_mask,5.0,0.7,run2,fold02,0,1,5
full,Full,tp24_L5_p0p70,timepoint_mask,5.0,0.7,run2,fold02,0,2,0
full,Full,tp24_L5_p0p70,timepoint_mask,5.0,0.7,run2,fold02,1,0,10
full,Full,tp24_L5_p0p70,timepoint_mask,5.0,0.7,run2,fold02,1,1,18
full,Full,tp24_L5_p0p70,timepoint_mask,5.0,0.7,run2,fold02,1,2,3
full,Full,tp24_L5_p0p70,timepoint_mask,5.0,0.7,run2,fold02,2,0,2
full,Full,tp24_L5_p0p70,timepoint_mask,5.0,0.7,run2,fold02,2,1,6
full,Full,tp24_L5_p0p70,timepoint_mask,5.0,0.7,run2,fold02,2,2,6
full,Full,tp24_L5_p0p70,timepoint_mask,5.0,0.7,run2,fold03,0,0,20
full,Full,tp24_L5_p0p70,timepoint_mask,5.0,0.7,run2,fold03,0,1,5
full,Full,tp24_L5_p0p70,timepoint_mask,5.0,0.7,run2,fold03,0,2,1
full,Full,tp24_L5_p0p70,timepoint_mask,5.0,0.7,run2,fold03,1,0,6
full,Full,tp24_L5_p0p70,timepoint_mask,5.0,0.7,run2,fold03,1,1,23
full,Full,tp24_L5_p0p70,timepoint_mask,5.0,0.7,run2,fold03,1,2,2
full,Full,tp24_L5_p0p70,timepoint_mask,5.0,0.7,run2,fold03,2,0,6
full,Full,tp24_L5_p0p70,timepoint_mask,5.0,0.7,run2,fold03,2,1,4
full,Full,tp24_L5_p0p70,timepoint_mask,5.0,0.7,run2,fold03,2,2,4
full,Full,tp24_L5_p0p70,timepoint_mask,5.0,0.7,run2,oof_pooled,0,0,63
full,Full,tp24_L5_p0p70,timepoint_mask,5.0,0.7,run2,oof_pooled,0,1,13
full,Full,tp24_L5_p0p70,timepoint_mask,5.0,0.7,run2,oof_pooled,0,2,3
full,Full,tp24_L5_p0p70,timepoint_mask,5.0,0.7,run2,oof_pooled,1,0,24
full,Full,tp24_L5_p0p70,timepoint_mask,5.0,0.7,run2,oof_pooled,1,1,62
full,Full,tp24_L5_p0p70,timepoint_mask,5.0,0.7,run2,oof_pooled,1,2,7
full,Full,tp24_L5_p0p70,timepoint_mask,5.0,0.7,run2,oof_pooled,2,0,11
full,Full,tp24_L5_p0p70,timepoint_mask,5.0,0.7,run2,oof_pooled,2,1,15
full,Full,tp24_L5_p0p70,timepoint_mask,5.0,0.7,run2,oof_pooled,2,2,16
no_attention,NoAttention,clean,clean,,,run1,fold01,0,0,113
no_attention,NoAttention,clean,clean,,,run1,fold01,0,1,19
no_attention,NoAttention,clean,clean,,,run1,fold01,0,2,2
no_attention,NoAttention,clean,clean,,,run1,fold01,1,0,27
no_attention,NoAttention,clean,clean,,,run1,fold01,1,1,125
no_attention,NoAttention,clean,clean,,,run1,fold01,1,2,0
no_attention,NoAttention,clean,clean,,,run1,fold01,2,0,2
no_attention,NoAttention,clean,clean,,,run1,fold01,2,1,9
no_attention,NoAttention,clean,clean,,,run1,fold01,2,2,30
no_attention,NoAttention,clean,clean,,,run1,fold02,0,0,107
no_attention,NoAttention,clean,clean,,,run1,fold02,0,1,24
no_attention,NoAttention,clean,clean,,,run1,fold02,0,2,3
no_attention,NoAttention,clean,clean,,,run1,fold02,1,0,17
no_attention,NoAttention,clean,clean,,,run1,fold02,1,1,131
no_attention,NoAttention,clean,clean,,,run1,fold02,1,2,4
no_attention,NoAttention,clean,clean,,,run1,fold02,2,0,4
no_attention,NoAttention,clean,clean,,,run1,fold02,2,1,7
no_attention,NoAttention,clean,clean,,,run1,fold02,2,2,29
no_attention,NoAttention,clean,clean,,,run1,fold03,0,0,113
no_attention,NoAttention,clean,clean,,,run1,fold03,0,1,20
no_attention,NoAttention,clean,clean,,,run1,fold03,0,2,1
no_attention,NoAttention,clean,clean,,,run1,fold03,1,0,16
no_attention,NoAttention,clean,clean,,,run1,fold03,1,1,129
no_attention,NoAttention,clean,clean,,,run1,fold03,1,2,7
no_attention,NoAttention,clean,clean,,,run1,fold03,2,0,4
no_attention,NoAttention,clean,clean,,,run1,fold03,2,1,3
no_attention,NoAttention,clean,clean,,,run1,fold03,2,2,33
no_attention,NoAttention,clean,clean,,,run1,oof_pooled,0,0,333
no_attention,NoAttention,clean,clean,,,run1,oof_pooled,0,1,63
no_attention,NoAttention,clean,clean,,,run1,oof_pooled,0,2,6
no_attention,NoAttention,clean,clean,,,run1,oof_pooled,1,0,60
no_attention,NoAttention,clean,clean,,,run1,oof_pooled,1,1,385
no_attention,NoAttention,clean,clean,,,run1,oof_pooled,1,2,11
no_attention,NoAttention,clean,clean,,,run1,oof_pooled,2,0,10
no_attention,NoAttention,clean,clean,,,run1,oof_pooled,2,1,19
no_attention,NoAttention,clean,clean,,,run1,oof_pooled,2,2,92
no_attention,NoAttention,clean,clean,,,run2,fold01,0,0,15
no_attention,NoAttention,clean,clean,,,run2,fold01,0,1,9
no_attention,NoAttention,clean,clean,,,run2,fold01,0,2,3
no_attention,NoAttention,clean,clean,,,run2,fold01,1,0,5
no_attention,NoAttention,clean,clean,,,run2,fold01,1,1,21
no_attention,NoAttention,clean,clean,,,run2,fold01,1,2,5
no_attention,NoAttention,clean,clean,,,run2,fold01,2,0,1
no_attention,NoAttention,clean,clean,,,run2,fold01,2,1,7
no_attention,NoAttention,clean,clean,,,run2,fold01,2,2,6
no_attention,NoAttention,clean,clean,,,run2,fold02,0,0,16
no_attention,NoAttention,clean,clean,,,run2,fold02,0,1,6
no_attention,NoAttention,clean,clean,,,run2,fold02,0,2,4
no_attention,NoAttention,clean,clean,,,run2,fold02,1,0,7
no_attention,NoAttention,clean,clean,,,run2,fold02,1,1,16
no_attention,NoAttention,clean,clean,,,run2,fold02,1,2,8
no_attention,NoAttention,clean,clean,,,run2,fold02,2,0,1
no_attention,NoAttention,clean,clean,,,run2,fold02,2,1,0
no_attention,NoAttention,clean,clean,,,run2,fold02,2,2,13
no_attention,NoAttention,clean,clean,,,run2,fold03,0,0,17
no_attention,NoAttention,clean,clean,,,run2,fold03,0,1,7
no_attention,NoAttention,clean,clean,,,run2,fold03,0,2,2
no_attention,NoAttention,clean,clean,,,run2,fold03,1,0,6
no_attention,NoAttention,clean,clean,,,run2,fold03,1,1,19
no_attention,NoAttention,clean,clean,,,run2,fold03,1,2,6
no_attention,NoAttention,clean,clean,,,run2,fold03,2,0,4
no_attention,NoAttention,clean,clean,,,run2,fold03,2,1,6
no_attention,NoAttention,clean,clean,,,run2,fold03,2,2,4
no_attention,NoAttention,clean,clean,,,run2,oof_pooled,0,0,48
no_attention,NoAttention,clean,clean,,,run2,oof_pooled,0,1,22
no_attention,NoAttention,clean,clean,,,run2,oof_pooled,0,2,9
no_attention,NoAttention,clean,clean,,,run2,oof_pooled,1,0,18
no_attention,NoAttention,clean,clean,,,run2,oof_pooled,1,1,56
no_attention,NoAttention,clean,clean,,,run2,oof_pooled,1,2,19
no_attention,NoAttention,clean,clean,,,run2,oof_pooled,2,0,6
no_attention,NoAttention,clean,clean,,,run2,oof_pooled,2,1,13
no_attention,NoAttention,clean,clean,,,run2,oof_pooled,2,2,23
no_attention,NoAttention,tp01_L1_m0p69,timepoint_mask,1.0,-0.69,run1,fold01,0,0,113
no_attention,NoAttention,tp01_L1_m0p69,timepoint_mask,1.0,-0.69,run1,fold01,0,1,19
no_attention,NoAttention,tp01_L1_m0p69,timepoint_mask,1.0,-0.69,run1,fold01,0,2,2
no_attention,NoAttention,tp01_L1_m0p69,timepoint_mask,1.0,-0.69,run1,fold01,1,0,27
no_attention,NoAttention,tp01_L1_m0p69,timepoint_mask,1.0,-0.69,run1,fold01,1,1,124
no_attention,NoAttention,tp01_L1_m0p69,timepoint_mask,1.0,-0.69,run1,fold01,1,2,1
no_attention,NoAttention,tp01_L1_m0p69,timepoint_mask,1.0,-0.69,run1,fold01,2,0,2
no_attention,NoAttention,tp01_L1_m0p69,timepoint_mask,1.0,-0.69,run1,fold01,2,1,9
no_attention,NoAttention,tp01_L1_m0p69,timepoint_mask,1.0,-0.69,run1,fold01,2,2,30
no_attention,NoAttention,tp01_L1_m0p69,timepoint_mask,1.0,-0.69,run1,fold02,0,0,107
no_attention,NoAttention,tp01_L1_m0p69,timepoint_mask,1.0,-0.69,run1,fold02,0,1,24
no_attention,NoAttention,tp01_L1_m0p69,timepoint_mask,1.0,-0.69,run1,fold02,0,2,3
no_attention,NoAttention,tp01_L1_m0p69,timepoint_mask,1.0,-0.69,run1,fold02,1,0,17
no_attention,NoAttention,tp01_L1_m0p69,timepoint_mask,1.0,-0.69,run1,fold02,1,1,131
no_attention,NoAttention,tp01_L1_m0p69,timepoint_mask,1.0,-0.69,run1,fold02,1,2,4
no_attention,NoAttention,tp01_L1_m0p69,timepoint_mask,1.0,-0.69,run1,fold02,2,0,4
no_attention,NoAttention,tp01_L1_m0p69,timepoint_mask,1.0,-0.69,run1,fold02,2,1,7
no_attention,NoAttention,tp01_L1_m0p69,timepoint_mask,1.0,-0.69,run1,fold02,2,2,29
no_attention,NoAttention,tp01_L1_m0p69,timepoint_mask,1.0,-0.69,run1,fold03,0,0,113
no_attention,NoAttention,tp01_L1_m0p69,timepoint_mask,1.0,-0.69,run1,fold03,0,1,20
no_attention,NoAttention,tp01_L1_m0p69,timepoint_mask,1.0,-0.69,run1,fold03,0,2,1
no_attention,NoAttention,tp01_L1_m0p69,timepoint_mask,1.0,-0.69,run1,fold03,1,0,16
no_attention,NoAttention,tp01_L1_m0p69,timepoint_mask,1.0,-0.69,run1,fold03,1,1,129
no_attention,NoAttention,tp01_L1_m0p69,timepoint_mask,1.0,-0.69,run1,fold03,1,2,7
no_attention,NoAttention,tp01_L1_m0p69,timepoint_mask,1.0,-0.69,run1,fold03,2,0,4
no_attention,NoAttention,tp01_L1_m0p69,timepoint_mask,1.0,-0.69,run1,fold03,2,1,3
no_attention,NoAttention,tp01_L1_m0p69,timepoint_mask,1.0,-0.69,run1,fold03,2,2,33
no_attention,NoAttention,tp01_L1_m0p69,timepoint_mask,1.0,-0.69,run1,oof_pooled,0,0,333
no_attention,NoAttention,tp01_L1_m0p69,timepoint_mask,1.0,-0.69,run1,oof_pooled,0,1,63
no_attention,NoAttention,tp01_L1_m0p69,timepoint_mask,1.0,-0.69,run1,oof_pooled,0,2,6
no_attention,NoAttention,tp01_L1_m0p69,timepoint_mask,1.0,-0.69,run1,oof_pooled,1,0,60
no_attention,NoAttention,tp01_L1_m0p69,timepoint_mask,1.0,-0.69,run1,oof_pooled,1,1,384
no_attention,NoAttention,tp01_L1_m0p69,timepoint_mask,1.0,-0.69,run1,oof_pooled,1,2,12
no_attention,NoAttention,tp01_L1_m0p69,timepoint_mask,1.0,-0.69,run1,oof_pooled,2,0,10
no_attention,NoAttention,tp01_L1_m0p69,timepoint_mask,1.0,-0.69,run1,oof_pooled,2,1,19
no_attention,NoAttention,tp01_L1_m0p69,timepoint_mask,1.0,-0.69,run1,oof_pooled,2,2,92
no_attention,NoAttention,tp01_L1_m0p69,timepoint_mask,1.0,-0.69,run2,fold01,0,0,14
no_attention,NoAttention,tp01_L1_m0p69,timepoint_mask,1.0,-0.69,run2,fold01,0,1,8
no_attention,NoAttention,tp01_L1_m0p69,timepoint_mask,1.0,-0.69,run2,fold01,0,2,5
no_attention,NoAttention,tp01_L1_m0p69,timepoint_mask,1.0,-0.69,run2,fold01,1,0,7
no_attention,NoAttention,tp01_L1_m0p69,timepoint_mask,1.0,-0.69,run2,fold01,1,1,19
no_attention,NoAttention,tp01_L1_m0p69,timepoint_mask,1.0,-0.69,run2,fold01,1,2,5
no_attention,NoAttention,tp01_L1_m0p69,timepoint_mask,1.0,-0.69,run2,fold01,2,0,1
no_attention,NoAttention,tp01_L1_m0p69,timepoint_mask,1.0,-0.69,run2,fold01,2,1,7
no_attention,NoAttention,tp01_L1_m0p69,timepoint_mask,1.0,-0.69,run2,fold01,2,2,6
no_attention,NoAttention,tp01_L1_m0p69,timepoint_mask,1.0,-0.69,run2,fold02,0,0,15
no_attention,NoAttention,tp01_L1_m0p69,timepoint_mask,1.0,-0.69,run2,fold02,0,1,7
no_attention,NoAttention,tp01_L1_m0p69,timepoint_mask,1.0,-0.69,run2,fold02,0,2,4
no_attention,NoAttention,tp01_L1_m0p69,timepoint_mask,1.0,-0.69,run2,fold02,1,0,7
no_attention,NoAttention,tp01_L1_m0p69,timepoint_mask,1.0,-0.69,run2,fold02,1,1,16
no_attention,NoAttention,tp01_L1_m0p69,timepoint_mask,1.0,-0.69,run2,fold02,1,2,8
no_attention,NoAttention,tp01_L1_m0p69,timepoint_mask,1.0,-0.69,run2,fold02,2,0,1
no_attention,NoAttention,tp01_L1_m0p69,timepoint_mask,1.0,-0.69,run2,fold02,2,1,1
no_attention,NoAttention,tp01_L1_m0p69,timepoint_mask,1.0,-0.69,run2,fold02,2,2,12
no_attention,NoAttention,tp01_L1_m0p69,timepoint_mask,1.0,-0.69,run2,fold03,0,0,17
no_attention,NoAttention,tp01_L1_m0p69,timepoint_mask,1.0,-0.69,run2,fold03,0,1,7
no_attention,NoAttention,tp01_L1_m0p69,timepoint_mask,1.0,-0.69,run2,fold03,0,2,2
no_attention,NoAttention,tp01_L1_m0p69,timepoint_mask,1.0,-0.69,run2,fold03,1,0,5
no_attention,NoAttention,tp01_L1_m0p69,timepoint_mask,1.0,-0.69,run2,fold03,1,1,20
no_attention,NoAttention,tp01_L1_m0p69,timepoint_mask,1.0,-0.69,run2,fold03,1,2,6
no_attention,NoAttention,tp01_L1_m0p69,timepoint_mask,1.0,-0.69,run2,fold03,2,0,4
no_attention,NoAttention,tp01_L1_m0p69,timepoint_mask,1.0,-0.69,run2,fold03,2,1,6
no_attention,NoAttention,tp01_L1_m0p69,timepoint_mask,1.0,-0.69,run2,fold03,2,2,4
no_attention,NoAttention,tp01_L1_m0p69,timepoint_mask,1.0,-0.69,run2,oof_pooled,0,0,46
no_attention,NoAttention,tp01_L1_m0p69,timepoint_mask,1.0,-0.69,run2,oof_pooled,0,1,22
no_attention,NoAttention,tp01_L1_m0p69,timepoint_mask,1.0,-0.69,run2,oof_pooled,0,2,11
no_attention,NoAttention,tp01_L1_m0p69,timepoint_mask,1.0,-0.69,run2,oof_pooled,1,0,19
no_attention,NoAttention,tp01_L1_m0p69,timepoint_mask,1.0,-0.69,run2,oof_pooled,1,1,55
no_attention,NoAttention,tp01_L1_m0p69,timepoint_mask,1.0,-0.69,run2,oof_pooled,1,2,19
no_attention,NoAttention,tp01_L1_m0p69,timepoint_mask,1.0,-0.69,run2,oof_pooled,2,0,6
no_attention,NoAttention,tp01_L1_m0p69,timepoint_mask,1.0,-0.69,run2,oof_pooled,2,1,14
no_attention,NoAttention,tp01_L1_m0p69,timepoint_mask,1.0,-0.69,run2,oof_pooled,2,2,22
no_attention,NoAttention,tp02_L1_m0p15,timepoint_mask,1.0,-0.15,run1,fold01,0,0,113
no_attention,NoAttention,tp02_L1_m0p15,timepoint_mask,1.0,-0.15,run1,fold01,0,1,19
no_attention,NoAttention,tp02_L1_m0p15,timepoint_mask,1.0,-0.15,run1,fold01,0,2,2
no_attention,NoAttention,tp02_L1_m0p15,timepoint_mask,1.0,-0.15,run1,fold01,1,0,27
no_attention,NoAttention,tp02_L1_m0p15,timepoint_mask,1.0,-0.15,run1,fold01,1,1,125
no_attention,NoAttention,tp02_L1_m0p15,timepoint_mask,1.0,-0.15,run1,fold01,1,2,0
no_attention,NoAttention,tp02_L1_m0p15,timepoint_mask,1.0,-0.15,run1,fold01,2,0,2
no_attention,NoAttention,tp02_L1_m0p15,timepoint_mask,1.0,-0.15,run1,fold01,2,1,9
no_attention,NoAttention,tp02_L1_m0p15,timepoint_mask,1.0,-0.15,run1,fold01,2,2,30
no_attention,NoAttention,tp02_L1_m0p15,timepoint_mask,1.0,-0.15,run1,fold02,0,0,107
no_attention,NoAttention,tp02_L1_m0p15,timepoint_mask,1.0,-0.15,run1,fold02,0,1,24
no_attention,NoAttention,tp02_L1_m0p15,timepoint_mask,1.0,-0.15,run1,fold02,0,2,3
no_attention,NoAttention,tp02_L1_m0p15,timepoint_mask,1.0,-0.15,run1,fold02,1,0,17
no_attention,NoAttention,tp02_L1_m0p15,timepoint_mask,1.0,-0.15,run1,fold02,1,1,131
no_attention,NoAttention,tp02_L1_m0p15,timepoint_mask,1.0,-0.15,run1,fold02,1,2,4
no_attention,NoAttention,tp02_L1_m0p15,timepoint_mask,1.0,-0.15,run1,fold02,2,0,4
no_attention,NoAttention,tp02_L1_m0p15,timepoint_mask,1.0,-0.15,run1,fold02,2,1,7
no_attention,NoAttention,tp02_L1_m0p15,timepoint_mask,1.0,-0.15,run1,fold02,2,2,29
no_attention,NoAttention,tp02_L1_m0p15,timepoint_mask,1.0,-0.15,run1,fold03,0,0,113
no_attention,NoAttention,tp02_L1_m0p15,timepoint_mask,1.0,-0.15,run1,fold03,0,1,20
no_attention,NoAttention,tp02_L1_m0p15,timepoint_mask,1.0,-0.15,run1,fold03,0,2,1
no_attention,NoAttention,tp02_L1_m0p15,timepoint_mask,1.0,-0.15,run1,fold03,1,0,16
no_attention,NoAttention,tp02_L1_m0p15,timepoint_mask,1.0,-0.15,run1,fold03,1,1,129
no_attention,NoAttention,tp02_L1_m0p15,timepoint_mask,1.0,-0.15,run1,fold03,1,2,7
no_attention,NoAttention,tp02_L1_m0p15,timepoint_mask,1.0,-0.15,run1,fold03,2,0,4
no_attention,NoAttention,tp02_L1_m0p15,timepoint_mask,1.0,-0.15,run1,fold03,2,1,3
no_attention,NoAttention,tp02_L1_m0p15,timepoint_mask,1.0,-0.15,run1,fold03,2,2,33
no_attention,NoAttention,tp02_L1_m0p15,timepoint_mask,1.0,-0.15,run1,oof_pooled,0,0,333
no_attention,NoAttention,tp02_L1_m0p15,timepoint_mask,1.0,-0.15,run1,oof_pooled,0,1,63
no_attention,NoAttention,tp02_L1_m0p15,timepoint_mask,1.0,-0.15,run1,oof_pooled,0,2,6
no_attention,NoAttention,tp02_L1_m0p15,timepoint_mask,1.0,-0.15,run1,oof_pooled,1,0,60
no_attention,NoAttention,tp02_L1_m0p15,timepoint_mask,1.0,-0.15,run1,oof_pooled,1,1,385
no_attention,NoAttention,tp02_L1_m0p15,timepoint_mask,1.0,-0.15,run1,oof_pooled,1,2,11
no_attention,NoAttention,tp02_L1_m0p15,timepoint_mask,1.0,-0.15,run1,oof_pooled,2,0,10
no_attention,NoAttention,tp02_L1_m0p15,timepoint_mask,1.0,-0.15,run1,oof_pooled,2,1,19
no_attention,NoAttention,tp02_L1_m0p15,timepoint_mask,1.0,-0.15,run1,oof_pooled,2,2,92
no_attention,NoAttention,tp02_L1_m0p15,timepoint_mask,1.0,-0.15,run2,fold01,0,0,14
no_attention,NoAttention,tp02_L1_m0p15,timepoint_mask,1.0,-0.15,run2,fold01,0,1,9
no_attention,NoAttention,tp02_L1_m0p15,timepoint_mask,1.0,-0.15,run2,fold01,0,2,4
no_attention,NoAttention,tp02_L1_m0p15,timepoint_mask,1.0,-0.15,run2,fold01,1,0,7
no_attention,NoAttention,tp02_L1_m0p15,timepoint_mask,1.0,-0.15,run2,fold01,1,1,19
no_attention,NoAttention,tp02_L1_m0p15,timepoint_mask,1.0,-0.15,run2,fold01,1,2,5
no_attention,NoAttention,tp02_L1_m0p15,timepoint_mask,1.0,-0.15,run2,fold01,2,0,1
no_attention,NoAttention,tp02_L1_m0p15,timepoint_mask,1.0,-0.15,run2,fold01,2,1,7
no_attention,NoAttention,tp02_L1_m0p15,timepoint_mask,1.0,-0.15,run2,fold01,2,2,6
no_attention,NoAttention,tp02_L1_m0p15,timepoint_mask,1.0,-0.15,run2,fold02,0,0,15
no_attention,NoAttention,tp02_L1_m0p15,timepoint_mask,1.0,-0.15,run2,fold02,0,1,7
no_attention,NoAttention,tp02_L1_m0p15,timepoint_mask,1.0,-0.15,run2,fold02,0,2,4
no_attention,NoAttention,tp02_L1_m0p15,timepoint_mask,1.0,-0.15,run2,fold02,1,0,7
no_attention,NoAttention,tp02_L1_m0p15,timepoint_mask,1.0,-0.15,run2,fold02,1,1,17
no_attention,NoAttention,tp02_L1_m0p15,timepoint_mask,1.0,-0.15,run2,fold02,1,2,7
no_attention,NoAttention,tp02_L1_m0p15,timepoint_mask,1.0,-0.15,run2,fold02,2,0,1
no_attention,NoAttention,tp02_L1_m0p15,timepoint_mask,1.0,-0.15,run2,fold02,2,1,1
no_attention,NoAttention,tp02_L1_m0p15,timepoint_mask,1.0,-0.15,run2,fold02,2,2,12
no_attention,NoAttention,tp02_L1_m0p15,timepoint_mask,1.0,-0.15,run2,fold03,0,0,16
no_attention,NoAttention,tp02_L1_m0p15,timepoint_mask,1.0,-0.15,run2,fold03,0,1,7
no_attention,NoAttention,tp02_L1_m0p15,timepoint_mask,1.0,-0.15,run2,fold03,0,2,3
no_attention,NoAttention,tp02_L1_m0p15,timepoint_mask,1.0,-0.15,run2,fold03,1,0,5
no_attention,NoAttention,tp02_L1_m0p15,timepoint_mask,1.0,-0.15,run2,fold03,1,1,20
no_attention,NoAttention,tp02_L1_m0p15,timepoint_mask,1.0,-0.15,run2,fold03,1,2,6
no_attention,NoAttention,tp02_L1_m0p15,timepoint_mask,1.0,-0.15,run2,fold03,2,0,4
no_attention,NoAttention,tp02_L1_m0p15,timepoint_mask,1.0,-0.15,run2,fold03,2,1,6
no_attention,NoAttention,tp02_L1_m0p15,timepoint_mask,1.0,-0.15,run2,fold03,2,2,4
no_attention,NoAttention,tp02_L1_m0p15,timepoint_mask,1.0,-0.15,run2,oof_pooled,0,0,45
no_attention,NoAttention,tp02_L1_m0p15,timepoint_mask,1.0,-0.15,run2,oof_pooled,0,1,23
no_attention,NoAttention,tp02_L1_m0p15,timepoint_mask,1.0,-0.15,run2,oof_pooled,0,2,11
no_attention,NoAttention,tp02_L1_m0p15,timepoint_mask,1.0,-0.15,run2,oof_pooled,1,0,19
no_attention,NoAttention,tp02_L1_m0p15,timepoint_mask,1.0,-0.15,run2,oof_pooled,1,1,56
no_attention,NoAttention,tp02_L1_m0p15,timepoint_mask,1.0,-0.15,run2,oof_pooled,1,2,18
no_attention,NoAttention,tp02_L1_m0p15,timepoint_mask,1.0,-0.15,run2,oof_pooled,2,0,6
no_attention,NoAttention,tp02_L1_m0p15,timepoint_mask,1.0,-0.15,run2,oof_pooled,2,1,14
no_attention,NoAttention,tp02_L1_m0p15,timepoint_mask,1.0,-0.15,run2,oof_pooled,2,2,22
no_attention,NoAttention,tp03_L2_m0p57,timepoint_mask,2.0,-0.57,run1,fold01,0,0,112
no_attention,NoAttention,tp03_L2_m0p57,timepoint_mask,2.0,-0.57,run1,fold01,0,1,20
no_attention,NoAttention,tp03_L2_m0p57,timepoint_mask,2.0,-0.57,run1,fold01,0,2,2
no_attention,NoAttention,tp03_L2_m0p57,timepoint_mask,2.0,-0.57,run1,fold01,1,0,32
no_attention,NoAttention,tp03_L2_m0p57,timepoint_mask,2.0,-0.57,run1,fold01,1,1,106
no_attention,NoAttention,tp03_L2_m0p57,timepoint_mask,2.0,-0.57,run1,fold01,1,2,14
no_attention,NoAttention,tp03_L2_m0p57,timepoint_mask,2.0,-0.57,run1,fold01,2,0,2
no_attention,NoAttention,tp03_L2_m0p57,timepoint_mask,2.0,-0.57,run1,fold01,2,1,9
no_attention,NoAttention,tp03_L2_m0p57,timepoint_mask,2.0,-0.57,run1,fold01,2,2,30
no_attention,NoAttention,tp03_L2_m0p57,timepoint_mask,2.0,-0.57,run1,fold02,0,0,107
no_attention,NoAttention,tp03_L2_m0p57,timepoint_mask,2.0,-0.57,run1,fold02,0,1,24
no_attention,NoAttention,tp03_L2_m0p57,timepoint_mask,2.0,-0.57,run1,fold02,0,2,3
no_attention,NoAttention,tp03_L2_m0p57,timepoint_mask,2.0,-0.57,run1,fold02,1,0,24
no_attention,NoAttention,tp03_L2_m0p57,timepoint_mask,2.0,-0.57,run1,fold02,1,1,120
no_attention,NoAttention,tp03_L2_m0p57,timepoint_mask,2.0,-0.57,run1,fold02,1,2,8
no_attention,NoAttention,tp03_L2_m0p57,timepoint_mask,2.0,-0.57,run1,fold02,2,0,4
no_attention,NoAttention,tp03_L2_m0p57,timepoint_mask,2.0,-0.57,run1,fold02,2,1,7
no_attention,NoAttention,tp03_L2_m0p57,timepoint_mask,2.0,-0.57,run1,fold02,2,2,29
no_attention,NoAttention,tp03_L2_m0p57,timepoint_mask,2.0,-0.57,run1,fold03,0,0,113
no_attention,NoAttention,tp03_L2_m0p57,timepoint_mask,2.0,-0.57,run1,fold03,0,1,20
no_attention,NoAttention,tp03_L2_m0p57,timepoint_mask,2.0,-0.57,run1,fold03,0,2,1
no_attention,NoAttention,tp03_L2_m0p57,timepoint_mask,2.0,-0.57,run1,fold03,1,0,26
no_attention,NoAttention,tp03_L2_m0p57,timepoint_mask,2.0,-0.57,run1,fold03,1,1,118
no_attention,NoAttention,tp03_L2_m0p57,timepoint_mask,2.0,-0.57,run1,fold03,1,2,8
no_attention,NoAttention,tp03_L2_m0p57,timepoint_mask,2.0,-0.57,run1,fold03,2,0,4
no_attention,NoAttention,tp03_L2_m0p57,timepoint_mask,2.0,-0.57,run1,fold03,2,1,3
no_attention,NoAttention,tp03_L2_m0p57,timepoint_mask,2.0,-0.57,run1,fold03,2,2,33
no_attention,NoAttention,tp03_L2_m0p57,timepoint_mask,2.0,-0.57,run1,oof_pooled,0,0,332
no_attention,NoAttention,tp03_L2_m0p57,timepoint_mask,2.0,-0.57,run1,oof_pooled,0,1,64
no_attention,NoAttention,tp03_L2_m0p57,timepoint_mask,2.0,-0.57,run1,oof_pooled,0,2,6
no_attention,NoAttention,tp03_L2_m0p57,timepoint_mask,2.0,-0.57,run1,oof_pooled,1,0,82
no_attention,NoAttention,tp03_L2_m0p57,timepoint_mask,2.0,-0.57,run1,oof_pooled,1,1,344
no_attention,NoAttention,tp03_L2_m0p57,timepoint_mask,2.0,-0.57,run1,oof_pooled,1,2,30
no_attention,NoAttention,tp03_L2_m0p57,timepoint_mask,2.0,-0.57,run1,oof_pooled,2,0,10
no_attention,NoAttention,tp03_L2_m0p57,timepoint_mask,2.0,-0.57,run1,oof_pooled,2,1,19
no_attention,NoAttention,tp03_L2_m0p57,timepoint_mask,2.0,-0.57,run1,oof_pooled,2,2,92
no_attention,NoAttention,tp03_L2_m0p57,timepoint_mask,2.0,-0.57,run2,fold01,0,0,15
no_attention,NoAttention,tp03_L2_m0p57,timepoint_mask,2.0,-0.57,run2,fold01,0,1,9
no_attention,NoAttention,tp03_L2_m0p57,timepoint_mask,2.0,-0.57,run2,fold01,0,2,3
no_attention,NoAttention,tp03_L2_m0p57,timepoint_mask,2.0,-0.57,run2,fold01,1,0,5
no_attention,NoAttention,tp03_L2_m0p57,timepoint_mask,2.0,-0.57,run2,fold01,1,1,22
no_attention,NoAttention,tp03_L2_m0p57,timepoint_mask,2.0,-0.57,run2,fold01,1,2,4
no_attention,NoAttention,tp03_L2_m0p57,timepoint_mask,2.0,-0.57,run2,fold01,2,0,1
no_attention,NoAttention,tp03_L2_m0p57,timepoint_mask,2.0,-0.57,run2,fold01,2,1,7
no_attention,NoAttention,tp03_L2_m0p57,timepoint_mask,2.0,-0.57,run2,fold01,2,2,6
no_attention,NoAttention,tp03_L2_m0p57,timepoint_mask,2.0,-0.57,run2,fold02,0,0,16
no_attention,NoAttention,tp03_L2_m0p57,timepoint_mask,2.0,-0.57,run2,fold02,0,1,6
no_attention,NoAttention,tp03_L2_m0p57,timepoint_mask,2.0,-0.57,run2,fold02,0,2,4
no_attention,NoAttention,tp03_L2_m0p57,timepoint_mask,2.0,-0.57,run2,fold02,1,0,7
no_attention,NoAttention,tp03_L2_m0p57,timepoint_mask,2.0,-0.57,run2,fold02,1,1,16
no_attention,NoAttention,tp03_L2_m0p57,timepoint_mask,2.0,-0.57,run2,fold02,1,2,8
no_attention,NoAttention,tp03_L2_m0p57,timepoint_mask,2.0,-0.57,run2,fold02,2,0,1
no_attention,NoAttention,tp03_L2_m0p57,timepoint_mask,2.0,-0.57,run2,fold02,2,1,1
no_attention,NoAttention,tp03_L2_m0p57,timepoint_mask,2.0,-0.57,run2,fold02,2,2,12
no_attention,NoAttention,tp03_L2_m0p57,timepoint_mask,2.0,-0.57,run2,fold03,0,0,17
no_attention,NoAttention,tp03_L2_m0p57,timepoint_mask,2.0,-0.57,run2,fold03,0,1,7
no_attention,NoAttention,tp03_L2_m0p57,timepoint_mask,2.0,-0.57,run2,fold03,0,2,2
no_attention,NoAttention,tp03_L2_m0p57,timepoint_mask,2.0,-0.57,run2,fold03,1,0,6
no_attention,NoAttention,tp03_L2_m0p57,timepoint_mask,2.0,-0.57,run2,fold03,1,1,19
no_attention,NoAttention,tp03_L2_m0p57,timepoint_mask,2.0,-0.57,run2,fold03,1,2,6
no_attention,NoAttention,tp03_L2_m0p57,timepoint_mask,2.0,-0.57,run2,fold03,2,0,4
no_attention,NoAttention,tp03_L2_m0p57,timepoint_mask,2.0,-0.57,run2,fold03,2,1,6
no_attention,NoAttention,tp03_L2_m0p57,timepoint_mask,2.0,-0.57,run2,fold03,2,2,4
no_attention,NoAttention,tp03_L2_m0p57,timepoint_mask,2.0,-0.57,run2,oof_pooled,0,0,48
no_attention,NoAttention,tp03_L2_m0p57,timepoint_mask,2.0,-0.57,run2,oof_pooled,0,1,22
no_attention,NoAttention,tp03_L2_m0p57,timepoint_mask,2.0,-0.57,run2,oof_pooled,0,2,9
no_attention,NoAttention,tp03_L2_m0p57,timepoint_mask,2.0,-0.57,run2,oof_pooled,1,0,18
no_attention,NoAttention,tp03_L2_m0p57,timepoint_mask,2.0,-0.57,run2,oof_pooled,1,1,57
no_attention,NoAttention,tp03_L2_m0p57,timepoint_mask,2.0,-0.57,run2,oof_pooled,1,2,18
no_attention,NoAttention,tp03_L2_m0p57,timepoint_mask,2.0,-0.57,run2,oof_pooled,2,0,6
no_attention,NoAttention,tp03_L2_m0p57,timepoint_mask,2.0,-0.57,run2,oof_pooled,2,1,14
no_attention,NoAttention,tp03_L2_m0p57,timepoint_mask,2.0,-0.57,run2,oof_pooled,2,2,22
no_attention,NoAttention,tp04_L2_m0p39,timepoint_mask,2.0,-0.39,run1,fold01,0,0,112
no_attention,NoAttention,tp04_L2_m0p39,timepoint_mask,2.0,-0.39,run1,fold01,0,1,20
no_attention,NoAttention,tp04_L2_m0p39,timepoint_mask,2.0,-0.39,run1,fold01,0,2,2
no_attention,NoAttention,tp04_L2_m0p39,timepoint_mask,2.0,-0.39,run1,fold01,1,0,28
no_attention,NoAttention,tp04_L2_m0p39,timepoint_mask,2.0,-0.39,run1,fold01,1,1,110
no_attention,NoAttention,tp04_L2_m0p39,timepoint_mask,2.0,-0.39,run1,fold01,1,2,14
no_attention,NoAttention,tp04_L2_m0p39,timepoint_mask,2.0,-0.39,run1,fold01,2,0,2
no_attention,NoAttention,tp04_L2_m0p39,timepoint_mask,2.0,-0.39,run1,fold01,2,1,9
no_attention,NoAttention,tp04_L2_m0p39,timepoint_mask,2.0,-0.39,run1,fold01,2,2,30
no_attention,NoAttention,tp04_L2_m0p39,timepoint_mask,2.0,-0.39,run1,fold02,0,0,107
no_attention,NoAttention,tp04_L2_m0p39,timepoint_mask,2.0,-0.39,run1,fold02,0,1,24
no_attention,NoAttention,tp04_L2_m0p39,timepoint_mask,2.0,-0.39,run1,fold02,0,2,3
no_attention,NoAttention,tp04_L2_m0p39,timepoint_mask,2.0,-0.39,run1,fold02,1,0,24
no_attention,NoAttention,tp04_L2_m0p39,timepoint_mask,2.0,-0.39,run1,fold02,1,1,120
no_attention,NoAttention,tp04_L2_m0p39,timepoint_mask,2.0,-0.39,run1,fold02,1,2,8
no_attention,NoAttention,tp04_L2_m0p39,timepoint_mask,2.0,-0.39,run1,fold02,2,0,4
no_attention,NoAttention,tp04_L2_m0p39,timepoint_mask,2.0,-0.39,run1,fold02,2,1,7
no_attention,NoAttention,tp04_L2_m0p39,timepoint_mask,2.0,-0.39,run1,fold02,2,2,29
no_attention,NoAttention,tp04_L2_m0p39,timepoint_mask,2.0,-0.39,run1,fold03,0,0,113
no_attention,NoAttention,tp04_L2_m0p39,timepoint_mask,2.0,-0.39,run1,fold03,0,1,20
no_attention,NoAttention,tp04_L2_m0p39,timepoint_mask,2.0,-0.39,run1,fold03,0,2,1
no_attention,NoAttention,tp04_L2_m0p39,timepoint_mask,2.0,-0.39,run1,fold03,1,0,24
no_attention,NoAttention,tp04_L2_m0p39,timepoint_mask,2.0,-0.39,run1,fold03,1,1,120
no_attention,NoAttention,tp04_L2_m0p39,timepoint_mask,2.0,-0.39,run1,fold03,1,2,8
no_attention,NoAttention,tp04_L2_m0p39,timepoint_mask,2.0,-0.39,run1,fold03,2,0,4
no_attention,NoAttention,tp04_L2_m0p39,timepoint_mask,2.0,-0.39,run1,fold03,2,1,3
no_attention,NoAttention,tp04_L2_m0p39,timepoint_mask,2.0,-0.39,run1,fold03,2,2,33
no_attention,NoAttention,tp04_L2_m0p39,timepoint_mask,2.0,-0.39,run1,oof_pooled,0,0,332
no_attention,NoAttention,tp04_L2_m0p39,timepoint_mask,2.0,-0.39,run1,oof_pooled,0,1,64
no_attention,NoAttention,tp04_L2_m0p39,timepoint_mask,2.0,-0.39,run1,oof_pooled,0,2,6
no_attention,NoAttention,tp04_L2_m0p39,timepoint_mask,2.0,-0.39,run1,oof_pooled,1,0,76
no_attention,NoAttention,tp04_L2_m0p39,timepoint_mask,2.0,-0.39,run1,oof_pooled,1,1,350
no_attention,NoAttention,tp04_L2_m0p39,timepoint_mask,2.0,-0.39,run1,oof_pooled,1,2,30
no_attention,NoAttention,tp04_L2_m0p39,timepoint_mask,2.0,-0.39,run1,oof_pooled,2,0,10
no_attention,NoAttention,tp04_L2_m0p39,timepoint_mask,2.0,-0.39,run1,oof_pooled,2,1,19
no_attention,NoAttention,tp04_L2_m0p39,timepoint_mask,2.0,-0.39,run1,oof_pooled,2,2,92
no_attention,NoAttention,tp04_L2_m0p39,timepoint_mask,2.0,-0.39,run2,fold01,0,0,15
no_attention,NoAttention,tp04_L2_m0p39,timepoint_mask,2.0,-0.39,run2,fold01,0,1,9
no_attention,NoAttention,tp04_L2_m0p39,timepoint_mask,2.0,-0.39,run2,fold01,0,2,3
no_attention,NoAttention,tp04_L2_m0p39,timepoint_mask,2.0,-0.39,run2,fold01,1,0,5
no_attention,NoAttention,tp04_L2_m0p39,timepoint_mask,2.0,-0.39,run2,fold01,1,1,22
no_attention,NoAttention,tp04_L2_m0p39,timepoint_mask,2.0,-0.39,run2,fold01,1,2,4
no_attention,NoAttention,tp04_L2_m0p39,timepoint_mask,2.0,-0.39,run2,fold01,2,0,1
no_attention,NoAttention,tp04_L2_m0p39,timepoint_mask,2.0,-0.39,run2,fold01,2,1,7
no_attention,NoAttention,tp04_L2_m0p39,timepoint_mask,2.0,-0.39,run2,fold01,2,2,6
no_attention,NoAttention,tp04_L2_m0p39,timepoint_mask,2.0,-0.39,run2,fold02,0,0,16
no_attention,NoAttention,tp04_L2_m0p39,timepoint_mask,2.0,-0.39,run2,fold02,0,1,6
no_attention,NoAttention,tp04_L2_m0p39,timepoint_mask,2.0,-0.39,run2,fold02,0,2,4
no_attention,NoAttention,tp04_L2_m0p39,timepoint_mask,2.0,-0.39,run2,fold02,1,0,7
no_attention,NoAttention,tp04_L2_m0p39,timepoint_mask,2.0,-0.39,run2,fold02,1,1,16
no_attention,NoAttention,tp04_L2_m0p39,timepoint_mask,2.0,-0.39,run2,fold02,1,2,8
no_attention,NoAttention,tp04_L2_m0p39,timepoint_mask,2.0,-0.39,run2,fold02,2,0,1
no_attention,NoAttention,tp04_L2_m0p39,timepoint_mask,2.0,-0.39,run2,fold02,2,1,0
no_attention,NoAttention,tp04_L2_m0p39,timepoint_mask,2.0,-0.39,run2,fold02,2,2,13
no_attention,NoAttention,tp04_L2_m0p39,timepoint_mask,2.0,-0.39,run2,fold03,0,0,17
no_attention,NoAttention,tp04_L2_m0p39,timepoint_mask,2.0,-0.39,run2,fold03,0,1,7
no_attention,NoAttention,tp04_L2_m0p39,timepoint_mask,2.0,-0.39,run2,fold03,0,2,2
no_attention,NoAttention,tp04_L2_m0p39,timepoint_mask,2.0,-0.39,run2,fold03,1,0,6
no_attention,NoAttention,tp04_L2_m0p39,timepoint_mask,2.0,-0.39,run2,fold03,1,1,19
no_attention,NoAttention,tp04_L2_m0p39,timepoint_mask,2.0,-0.39,run2,fold03,1,2,6
no_attention,NoAttention,tp04_L2_m0p39,timepoint_mask,2.0,-0.39,run2,fold03,2,0,4
no_attention,NoAttention,tp04_L2_m0p39,timepoint_mask,2.0,-0.39,run2,fold03,2,1,6
no_attention,NoAttention,tp04_L2_m0p39,timepoint_mask,2.0,-0.39,run2,fold03,2,2,4
no_attention,NoAttention,tp04_L2_m0p39,timepoint_mask,2.0,-0.39,run2,oof_pooled,0,0,48
no_attention,NoAttention,tp04_L2_m0p39,timepoint_mask,2.0,-0.39,run2,oof_pooled,0,1,22
no_attention,NoAttention,tp04_L2_m0p39,timepoint_mask,2.0,-0.39,run2,oof_pooled,0,2,9
no_attention,NoAttention,tp04_L2_m0p39,timepoint_mask,2.0,-0.39,run2,oof_pooled,1,0,18
no_attention,NoAttention,tp04_L2_m0p39,timepoint_mask,2.0,-0.39,run2,oof_pooled,1,1,57
no_attention,NoAttention,tp04_L2_m0p39,timepoint_mask,2.0,-0.39,run2,oof_pooled,1,2,18
no_attention,NoAttention,tp04_L2_m0p39,timepoint_mask,2.0,-0.39,run2,oof_pooled,2,0,6
no_attention,NoAttention,tp04_L2_m0p39,timepoint_mask,2.0,-0.39,run2,oof_pooled,2,1,13
no_attention,NoAttention,tp04_L2_m0p39,timepoint_mask,2.0,-0.39,run2,oof_pooled,2,2,23
no_attention,NoAttention,tp05_L2_p0p06,timepoint_mask,2.0,0.06,run1,fold01,0,0,113
no_attention,NoAttention,tp05_L2_p0p06,timepoint_mask,2.0,0.06,run1,fold01,0,1,19
no_attention,NoAttention,tp05_L2_p0p06,timepoint_mask,2.0,0.06,run1,fold01,0,2,2
no_attention,NoAttention,tp05_L2_p0p06,timepoint_mask,2.0,0.06,run1,fold01,1,0,29
no_attention,NoAttention,tp05_L2_p0p06,timepoint_mask,2.0,0.06,run1,fold01,1,1,106
no_attention,NoAttention,tp05_L2_p0p06,timepoint_mask,2.0,0.06,run1,fold01,1,2,17
no_attention,NoAttention,tp05_L2_p0p06,timepoint_mask,2.0,0.06,run1,fold01,2,0,2
no_attention,NoAttention,tp05_L2_p0p06,timepoint_mask,2.0,0.06,run1,fold01,2,1,9
no_attention,NoAttention,tp05_L2_p0p06,timepoint_mask,2.0,0.06,run1,fold01,2,2,30
no_attention,NoAttention,tp05_L2_p0p06,timepoint_mask,2.0,0.06,run1,fold02,0,0,107
no_attention,NoAttention,tp05_L2_p0p06,timepoint_mask,2.0,0.06,run1,fold02,0,1,24
no_attention,NoAttention,tp05_L2_p0p06,timepoint_mask,2.0,0.06,run1,fold02,0,2,3
no_attention,NoAttention,tp05_L2_p0p06,timepoint_mask,2.0,0.06,run1,fold02,1,0,23
no_attention,NoAttention,tp05_L2_p0p06,timepoint_mask,2.0,0.06,run1,fold02,1,1,122
no_attention,NoAttention,tp05_L2_p0p06,timepoint_mask,2.0,0.06,run1,fold02,1,2,7
no_attention,NoAttention,tp05_L2_p0p06,timepoint_mask,2.0,0.06,run1,fold02,2,0,4
no_attention,NoAttention,tp05_L2_p0p06,timepoint_mask,2.0,0.06,run1,fold02,2,1,7
no_attention,NoAttention,tp05_L2_p0p06,timepoint_mask,2.0,0.06,run1,fold02,2,2,29
no_attention,NoAttention,tp05_L2_p0p06,timepoint_mask,2.0,0.06,run1,fold03,0,0,113
no_attention,NoAttention,tp05_L2_p0p06,timepoint_mask,2.0,0.06,run1,fold03,0,1,20
no_attention,NoAttention,tp05_L2_p0p06,timepoint_mask,2.0,0.06,run1,fold03,0,2,1
no_attention,NoAttention,tp05_L2_p0p06,timepoint_mask,2.0,0.06,run1,fold03,1,0,23
no_attention,NoAttention,tp05_L2_p0p06,timepoint_mask,2.0,0.06,run1,fold03,1,1,121
no_attention,NoAttention,tp05_L2_p0p06,timepoint_mask,2.0,0.06,run1,fold03,1,2,8
no_attention,NoAttention,tp05_L2_p0p06,timepoint_mask,2.0,0.06,run1,fold03,2,0,4
no_attention,NoAttention,tp05_L2_p0p06,timepoint_mask,2.0,0.06,run1,fold03,2,1,3
no_attention,NoAttention,tp05_L2_p0p06,timepoint_mask,2.0,0.06,run1,fold03,2,2,33
no_attention,NoAttention,tp05_L2_p0p06,timepoint_mask,2.0,0.06,run1,oof_pooled,0,0,333
no_attention,NoAttention,tp05_L2_p0p06,timepoint_mask,2.0,0.06,run1,oof_pooled,0,1,63
no_attention,NoAttention,tp05_L2_p0p06,timepoint_mask,2.0,0.06,run1,oof_pooled,0,2,6
no_attention,NoAttention,tp05_L2_p0p06,timepoint_mask,2.0,0.06,run1,oof_pooled,1,0,75
no_attention,NoAttention,tp05_L2_p0p06,timepoint_mask,2.0,0.06,run1,oof_pooled,1,1,349
no_attention,NoAttention,tp05_L2_p0p06,timepoint_mask,2.0,0.06,run1,oof_pooled,1,2,32
no_attention,NoAttention,tp05_L2_p0p06,timepoint_mask,2.0,0.06,run1,oof_pooled,2,0,10
no_attention,NoAttention,tp05_L2_p0p06,timepoint_mask,2.0,0.06,run1,oof_pooled,2,1,19
no_attention,NoAttention,tp05_L2_p0p06,timepoint_mask,2.0,0.06,run1,oof_pooled,2,2,92
no_attention,NoAttention,tp05_L2_p0p06,timepoint_mask,2.0,0.06,run2,fold01,0,0,14
no_attention,NoAttention,tp05_L2_p0p06,timepoint_mask,2.0,0.06,run2,fold01,0,1,9
no_attention,NoAttention,tp05_L2_p0p06,timepoint_mask,2.0,0.06,run2,fold01,0,2,4
no_attention,NoAttention,tp05_L2_p0p06,timepoint_mask,2.0,0.06,run2,fold01,1,0,5
no_attention,NoAttention,tp05_L2_p0p06,timepoint_mask,2.0,0.06,run2,fold01,1,1,21
no_attention,NoAttention,tp05_L2_p0p06,timepoint_mask,2.0,0.06,run2,fold01,1,2,5
no_attention,NoAttention,tp05_L2_p0p06,timepoint_mask,2.0,0.06,run2,fold01,2,0,1
no_attention,NoAttention,tp05_L2_p0p06,timepoint_mask,2.0,0.06,run2,fold01,2,1,7
no_attention,NoAttention,tp05_L2_p0p06,timepoint_mask,2.0,0.06,run2,fold01,2,2,6
no_attention,NoAttention,tp05_L2_p0p06,timepoint_mask,2.0,0.06,run2,fold02,0,0,15
no_attention,NoAttention,tp05_L2_p0p06,timepoint_mask,2.0,0.06,run2,fold02,0,1,7
no_attention,NoAttention,tp05_L2_p0p06,timepoint_mask,2.0,0.06,run2,fold02,0,2,4
no_attention,NoAttention,tp05_L2_p0p06,timepoint_mask,2.0,0.06,run2,fold02,1,0,7
no_attention,NoAttention,tp05_L2_p0p06,timepoint_mask,2.0,0.06,run2,fold02,1,1,16
no_attention,NoAttention,tp05_L2_p0p06,timepoint_mask,2.0,0.06,run2,fold02,1,2,8
no_attention,NoAttention,tp05_L2_p0p06,timepoint_mask,2.0,0.06,run2,fold02,2,0,1
no_attention,NoAttention,tp05_L2_p0p06,timepoint_mask,2.0,0.06,run2,fold02,2,1,0
no_attention,NoAttention,tp05_L2_p0p06,timepoint_mask,2.0,0.06,run2,fold02,2,2,13
no_attention,NoAttention,tp05_L2_p0p06,timepoint_mask,2.0,0.06,run2,fold03,0,0,16
no_attention,NoAttention,tp05_L2_p0p06,timepoint_mask,2.0,0.06,run2,fold03,0,1,7
no_attention,NoAttention,tp05_L2_p0p06,timepoint_mask,2.0,0.06,run2,fold03,0,2,3
no_attention,NoAttention,tp05_L2_p0p06,timepoint_mask,2.0,0.06,run2,fold03,1,0,6
no_attention,NoAttention,tp05_L2_p0p06,timepoint_mask,2.0,0.06,run2,fold03,1,1,19
no_attention,NoAttention,tp05_L2_p0p06,timepoint_mask,2.0,0.06,run2,fold03,1,2,6
no_attention,NoAttention,tp05_L2_p0p06,timepoint_mask,2.0,0.06,run2,fold03,2,0,4
no_attention,NoAttention,tp05_L2_p0p06,timepoint_mask,2.0,0.06,run2,fold03,2,1,6
no_attention,NoAttention,tp05_L2_p0p06,timepoint_mask,2.0,0.06,run2,fold03,2,2,4
no_attention,NoAttention,tp05_L2_p0p06,timepoint_mask,2.0,0.06,run2,oof_pooled,0,0,45
no_attention,NoAttention,tp05_L2_p0p06,timepoint_mask,2.0,0.06,run2,oof_pooled,0,1,23
no_attention,NoAttention,tp05_L2_p0p06,timepoint_mask,2.0,0.06,run2,oof_pooled,0,2,11
no_attention,NoAttention,tp05_L2_p0p06,timepoint_mask,2.0,0.06,run2,oof_pooled,1,0,18
no_attention,NoAttention,tp05_L2_p0p06,timepoint_mask,2.0,0.06,run2,oof_pooled,1,1,56
no_attention,NoAttention,tp05_L2_p0p06,timepoint_mask,2.0,0.06,run2,oof_pooled,1,2,19
no_attention,NoAttention,tp05_L2_p0p06,timepoint_mask,2.0,0.06,run2,oof_pooled,2,0,6
no_attention,NoAttention,tp05_L2_p0p06,timepoint_mask,2.0,0.06,run2,oof_pooled,2,1,13
no_attention,NoAttention,tp05_L2_p0p06,timepoint_mask,2.0,0.06,run2,oof_pooled,2,2,23
no_attention,NoAttention,tp06_L2_p0p46,timepoint_mask,2.0,0.46,run1,fold01,0,0,113
no_attention,NoAttention,tp06_L2_p0p46,timepoint_mask,2.0,0.46,run1,fold01,0,1,19
no_attention,NoAttention,tp06_L2_p0p46,timepoint_mask,2.0,0.46,run1,fold01,0,2,2
no_attention,NoAttention,tp06_L2_p0p46,timepoint_mask,2.0,0.46,run1,fold01,1,0,30
no_attention,NoAttention,tp06_L2_p0p46,timepoint_mask,2.0,0.46,run1,fold01,1,1,106
no_attention,NoAttention,tp06_L2_p0p46,timepoint_mask,2.0,0.46,run1,fold01,1,2,16
no_attention,NoAttention,tp06_L2_p0p46,timepoint_mask,2.0,0.46,run1,fold01,2,0,2
no_attention,NoAttention,tp06_L2_p0p46,timepoint_mask,2.0,0.46,run1,fold01,2,1,9
no_attention,NoAttention,tp06_L2_p0p46,timepoint_mask,2.0,0.46,run1,fold01,2,2,30
no_attention,NoAttention,tp06_L2_p0p46,timepoint_mask,2.0,0.46,run1,fold02,0,0,107
no_attention,NoAttention,tp06_L2_p0p46,timepoint_mask,2.0,0.46,run1,fold02,0,1,24
no_attention,NoAttention,tp06_L2_p0p46,timepoint_mask,2.0,0.46,run1,fold02,0,2,3
no_attention,NoAttention,tp06_L2_p0p46,timepoint_mask,2.0,0.46,run1,fold02,1,0,22
no_attention,NoAttention,tp06_L2_p0p46,timepoint_mask,2.0,0.46,run1,fold02,1,1,124
no_attention,NoAttention,tp06_L2_p0p46,timepoint_mask,2.0,0.46,run1,fold02,1,2,6
no_attention,NoAttention,tp06_L2_p0p46,timepoint_mask,2.0,0.46,run1,fold02,2,0,4
no_attention,NoAttention,tp06_L2_p0p46,timepoint_mask,2.0,0.46,run1,fold02,2,1,7
no_attention,NoAttention,tp06_L2_p0p46,timepoint_mask,2.0,0.46,run1,fold02,2,2,29
no_attention,NoAttention,tp06_L2_p0p46,timepoint_mask,2.0,0.46,run1,fold03,0,0,113
no_attention,NoAttention,tp06_L2_p0p46,timepoint_mask,2.0,0.46,run1,fold03,0,1,20
no_attention,NoAttention,tp06_L2_p0p46,timepoint_mask,2.0,0.46,run1,fold03,0,2,1
no_attention,NoAttention,tp06_L2_p0p46,timepoint_mask,2.0,0.46,run1,fold03,1,0,25
no_attention,NoAttention,tp06_L2_p0p46,timepoint_mask,2.0,0.46,run1,fold03,1,1,120
no_attention,NoAttention,tp06_L2_p0p46,timepoint_mask,2.0,0.46,run1,fold03,1,2,7
no_attention,NoAttention,tp06_L2_p0p46,timepoint_mask,2.0,0.46,run1,fold03,2,0,4
no_attention,NoAttention,tp06_L2_p0p46,timepoint_mask,2.0,0.46,run1,fold03,2,1,3
no_attention,NoAttention,tp06_L2_p0p46,timepoint_mask,2.0,0.46,run1,fold03,2,2,33
no_attention,NoAttention,tp06_L2_p0p46,timepoint_mask,2.0,0.46,run1,oof_pooled,0,0,333
no_attention,NoAttention,tp06_L2_p0p46,timepoint_mask,2.0,0.46,run1,oof_pooled,0,1,63
no_attention,NoAttention,tp06_L2_p0p46,timepoint_mask,2.0,0.46,run1,oof_pooled,0,2,6
no_attention,NoAttention,tp06_L2_p0p46,timepoint_mask,2.0,0.46,run1,oof_pooled,1,0,77
no_attention,NoAttention,tp06_L2_p0p46,timepoint_mask,2.0,0.46,run1,oof_pooled,1,1,350
no_attention,NoAttention,tp06_L2_p0p46,timepoint_mask,2.0,0.46,run1,oof_pooled,1,2,29
no_attention,NoAttention,tp06_L2_p0p46,timepoint_mask,2.0,0.46,run1,oof_pooled,2,0,10
no_attention,NoAttention,tp06_L2_p0p46,timepoint_mask,2.0,0.46,run1,oof_pooled,2,1,19
no_attention,NoAttention,tp06_L2_p0p46,timepoint_mask,2.0,0.46,run1,oof_pooled,2,2,92
no_attention,NoAttention,tp06_L2_p0p46,timepoint_mask,2.0,0.46,run2,fold01,0,0,13
no_attention,NoAttention,tp06_L2_p0p46,timepoint_mask,2.0,0.46,run2,fold01,0,1,9
no_attention,NoAttention,tp06_L2_p0p46,timepoint_mask,2.0,0.46,run2,fold01,0,2,5
no_attention,NoAttention,tp06_L2_p0p46,timepoint_mask,2.0,0.46,run2,fold01,1,0,5
no_attention,NoAttention,tp06_L2_p0p46,timepoint_mask,2.0,0.46,run2,fold01,1,1,21
no_attention,NoAttention,tp06_L2_p0p46,timepoint_mask,2.0,0.46,run2,fold01,1,2,5
no_attention,NoAttention,tp06_L2_p0p46,timepoint_mask,2.0,0.46,run2,fold01,2,0,1
no_attention,NoAttention,tp06_L2_p0p46,timepoint_mask,2.0,0.46,run2,fold01,2,1,7
no_attention,NoAttention,tp06_L2_p0p46,timepoint_mask,2.0,0.46,run2,fold01,2,2,6
no_attention,NoAttention,tp06_L2_p0p46,timepoint_mask,2.0,0.46,run2,fold02,0,0,15
no_attention,NoAttention,tp06_L2_p0p46,timepoint_mask,2.0,0.46,run2,fold02,0,1,7
no_attention,NoAttention,tp06_L2_p0p46,timepoint_mask,2.0,0.46,run2,fold02,0,2,4
no_attention,NoAttention,tp06_L2_p0p46,timepoint_mask,2.0,0.46,run2,fold02,1,0,7
no_attention,NoAttention,tp06_L2_p0p46,timepoint_mask,2.0,0.46,run2,fold02,1,1,16
no_attention,NoAttention,tp06_L2_p0p46,timepoint_mask,2.0,0.46,run2,fold02,1,2,8
no_attention,NoAttention,tp06_L2_p0p46,timepoint_mask,2.0,0.46,run2,fold02,2,0,1
no_attention,NoAttention,tp06_L2_p0p46,timepoint_mask,2.0,0.46,run2,fold02,2,1,0
no_attention,NoAttention,tp06_L2_p0p46,timepoint_mask,2.0,0.46,run2,fold02,2,2,13
no_attention,NoAttention,tp06_L2_p0p46,timepoint_mask,2.0,0.46,run2,fold03,0,0,16
no_attention,NoAttention,tp06_L2_p0p46,timepoint_mask,2.0,0.46,run2,fold03,0,1,7
no_attention,NoAttention,tp06_L2_p0p46,timepoint_mask,2.0,0.46,run2,fold03,0,2,3
no_attention,NoAttention,tp06_L2_p0p46,timepoint_mask,2.0,0.46,run2,fold03,1,0,6
no_attention,NoAttention,tp06_L2_p0p46,timepoint_mask,2.0,0.46,run2,fold03,1,1,19
no_attention,NoAttention,tp06_L2_p0p46,timepoint_mask,2.0,0.46,run2,fold03,1,2,6
no_attention,NoAttention,tp06_L2_p0p46,timepoint_mask,2.0,0.46,run2,fold03,2,0,4
no_attention,NoAttention,tp06_L2_p0p46,timepoint_mask,2.0,0.46,run2,fold03,2,1,6
no_attention,NoAttention,tp06_L2_p0p46,timepoint_mask,2.0,0.46,run2,fold03,2,2,4
no_attention,NoAttention,tp06_L2_p0p46,timepoint_mask,2.0,0.46,run2,oof_pooled,0,0,44
no_attention,NoAttention,tp06_L2_p0p46,timepoint_mask,2.0,0.46,run2,oof_pooled,0,1,23
no_attention,NoAttention,tp06_L2_p0p46,timepoint_mask,2.0,0.46,run2,oof_pooled,0,2,12
no_attention,NoAttention,tp06_L2_p0p46,timepoint_mask,2.0,0.46,run2,oof_pooled,1,0,18
no_attention,NoAttention,tp06_L2_p0p46,timepoint_mask,2.0,0.46,run2,oof_pooled,1,1,56
no_attention,NoAttention,tp06_L2_p0p46,timepoint_mask,2.0,0.46,run2,oof_pooled,1,2,19
no_attention,NoAttention,tp06_L2_p0p46,timepoint_mask,2.0,0.46,run2,oof_pooled,2,0,6
no_attention,NoAttention,tp06_L2_p0p46,timepoint_mask,2.0,0.46,run2,oof_pooled,2,1,13
no_attention,NoAttention,tp06_L2_p0p46,timepoint_mask,2.0,0.46,run2,oof_pooled,2,2,23
no_attention,NoAttention,tp07_L2_p0p82,timepoint_mask,2.0,0.82,run1,fold01,0,0,113
no_attention,NoAttention,tp07_L2_p0p82,timepoint_mask,2.0,0.82,run1,fold01,0,1,19
no_attention,NoAttention,tp07_L2_p0p82,timepoint_mask,2.0,0.82,run1,fold01,0,2,2
no_attention,NoAttention,tp07_L2_p0p82,timepoint_mask,2.0,0.82,run1,fold01,1,0,30
no_attention,NoAttention,tp07_L2_p0p82,timepoint_mask,2.0,0.82,run1,fold01,1,1,106
no_attention,NoAttention,tp07_L2_p0p82,timepoint_mask,2.0,0.82,run1,fold01,1,2,16
no_attention,NoAttention,tp07_L2_p0p82,timepoint_mask,2.0,0.82,run1,fold01,2,0,2
no_attention,NoAttention,tp07_L2_p0p82,timepoint_mask,2.0,0.82,run1,fold01,2,1,9
no_attention,NoAttention,tp07_L2_p0p82,timepoint_mask,2.0,0.82,run1,fold01,2,2,30
no_attention,NoAttention,tp07_L2_p0p82,timepoint_mask,2.0,0.82,run1,fold02,0,0,107
no_attention,NoAttention,tp07_L2_p0p82,timepoint_mask,2.0,0.82,run1,fold02,0,1,24
no_attention,NoAttention,tp07_L2_p0p82,timepoint_mask,2.0,0.82,run1,fold02,0,2,3
no_attention,NoAttention,tp07_L2_p0p82,timepoint_mask,2.0,0.82,run1,fold02,1,0,22
no_attention,NoAttention,tp07_L2_p0p82,timepoint_mask,2.0,0.82,run1,fold02,1,1,124
no_attention,NoAttention,tp07_L2_p0p82,timepoint_mask,2.0,0.82,run1,fold02,1,2,6
no_attention,NoAttention,tp07_L2_p0p82,timepoint_mask,2.0,0.82,run1,fold02,2,0,4
no_attention,NoAttention,tp07_L2_p0p82,timepoint_mask,2.0,0.82,run1,fold02,2,1,7
no_attention,NoAttention,tp07_L2_p0p82,timepoint_mask,2.0,0.82,run1,fold02,2,2,29
no_attention,NoAttention,tp07_L2_p0p82,timepoint_mask,2.0,0.82,run1,fold03,0,0,113
no_attention,NoAttention,tp07_L2_p0p82,timepoint_mask,2.0,0.82,run1,fold03,0,1,20
no_attention,NoAttention,tp07_L2_p0p82,timepoint_mask,2.0,0.82,run1,fold03,0,2,1
no_attention,NoAttention,tp07_L2_p0p82,timepoint_mask,2.0,0.82,run1,fold03,1,0,22
no_attention,NoAttention,tp07_L2_p0p82,timepoint_mask,2.0,0.82,run1,fold03,1,1,123
no_attention,NoAttention,tp07_L2_p0p82,timepoint_mask,2.0,0.82,run1,fold03,1,2,7
no_attention,NoAttention,tp07_L2_p0p82,timepoint_mask,2.0,0.82,run1,fold03,2,0,4
no_attention,NoAttention,tp07_L2_p0p82,timepoint_mask,2.0,0.82,run1,fold03,2,1,3
no_attention,NoAttention,tp07_L2_p0p82,timepoint_mask,2.0,0.82,run1,fold03,2,2,33
no_attention,NoAttention,tp07_L2_p0p82,timepoint_mask,2.0,0.82,run1,oof_pooled,0,0,333
no_attention,NoAttention,tp07_L2_p0p82,timepoint_mask,2.0,0.82,run1,oof_pooled,0,1,63
no_attention,NoAttention,tp07_L2_p0p82,timepoint_mask,2.0,0.82,run1,oof_pooled,0,2,6
no_attention,NoAttention,tp07_L2_p0p82,timepoint_mask,2.0,0.82,run1,oof_pooled,1,0,74
no_attention,NoAttention,tp07_L2_p0p82,timepoint_mask,2.0,0.82,run1,oof_pooled,1,1,353
no_attention,NoAttention,tp07_L2_p0p82,timepoint_mask,2.0,0.82,run1,oof_pooled,1,2,29
no_attention,NoAttention,tp07_L2_p0p82,timepoint_mask,2.0,0.82,run1,oof_pooled,2,0,10
no_attention,NoAttention,tp07_L2_p0p82,timepoint_mask,2.0,0.82,run1,oof_pooled,2,1,19
no_attention,NoAttention,tp07_L2_p0p82,timepoint_mask,2.0,0.82,run1,oof_pooled,2,2,92
no_attention,NoAttention,tp07_L2_p0p82,timepoint_mask,2.0,0.82,run2,fold01,0,0,12
no_attention,NoAttention,tp07_L2_p0p82,timepoint_mask,2.0,0.82,run2,fold01,0,1,11
no_attention,NoAttention,tp07_L2_p0p82,timepoint_mask,2.0,0.82,run2,fold01,0,2,4
no_attention,NoAttention,tp07_L2_p0p82,timepoint_mask,2.0,0.82,run2,fold01,1,0,5
no_attention,NoAttention,tp07_L2_p0p82,timepoint_mask,2.0,0.82,run2,fold01,1,1,21
no_attention,NoAttention,tp07_L2_p0p82,timepoint_mask,2.0,0.82,run2,fold01,1,2,5
no_attention,NoAttention,tp07_L2_p0p82,timepoint_mask,2.0,0.82,run2,fold01,2,0,1
no_attention,NoAttention,tp07_L2_p0p82,timepoint_mask,2.0,0.82,run2,fold01,2,1,7
no_attention,NoAttention,tp07_L2_p0p82,timepoint_mask,2.0,0.82,run2,fold01,2,2,6
no_attention,NoAttention,tp07_L2_p0p82,timepoint_mask,2.0,0.82,run2,fold02,0,0,15
no_attention,NoAttention,tp07_L2_p0p82,timepoint_mask,2.0,0.82,run2,fold02,0,1,7
no_attention,NoAttention,tp07_L2_p0p82,timepoint_mask,2.0,0.82,run2,fold02,0,2,4
no_attention,NoAttention,tp07_L2_p0p82,timepoint_mask,2.0,0.82,run2,fold02,1,0,7
no_attention,NoAttention,tp07_L2_p0p82,timepoint_mask,2.0,0.82,run2,fold02,1,1,16
no_attention,NoAttention,tp07_L2_p0p82,timepoint_mask,2.0,0.82,run2,fold02,1,2,8
no_attention,NoAttention,tp07_L2_p0p82,timepoint_mask,2.0,0.82,run2,fold02,2,0,1
no_attention,NoAttention,tp07_L2_p0p82,timepoint_mask,2.0,0.82,run2,fold02,2,1,0
no_attention,NoAttention,tp07_L2_p0p82,timepoint_mask,2.0,0.82,run2,fold02,2,2,13
no_attention,NoAttention,tp07_L2_p0p82,timepoint_mask,2.0,0.82,run2,fold03,0,0,16
no_attention,NoAttention,tp07_L2_p0p82,timepoint_mask,2.0,0.82,run2,fold03,0,1,7
no_attention,NoAttention,tp07_L2_p0p82,timepoint_mask,2.0,0.82,run2,fold03,0,2,3
no_attention,NoAttention,tp07_L2_p0p82,timepoint_mask,2.0,0.82,run2,fold03,1,0,6
no_attention,NoAttention,tp07_L2_p0p82,timepoint_mask,2.0,0.82,run2,fold03,1,1,19
no_attention,NoAttention,tp07_L2_p0p82,timepoint_mask,2.0,0.82,run2,fold03,1,2,6
no_attention,NoAttention,tp07_L2_p0p82,timepoint_mask,2.0,0.82,run2,fold03,2,0,4
no_attention,NoAttention,tp07_L2_p0p82,timepoint_mask,2.0,0.82,run2,fold03,2,1,6
no_attention,NoAttention,tp07_L2_p0p82,timepoint_mask,2.0,0.82,run2,fold03,2,2,4
no_attention,NoAttention,tp07_L2_p0p82,timepoint_mask,2.0,0.82,run2,oof_pooled,0,0,43
no_attention,NoAttention,tp07_L2_p0p82,timepoint_mask,2.0,0.82,run2,oof_pooled,0,1,25
no_attention,NoAttention,tp07_L2_p0p82,timepoint_mask,2.0,0.82,run2,oof_pooled,0,2,11
no_attention,NoAttention,tp07_L2_p0p82,timepoint_mask,2.0,0.82,run2,oof_pooled,1,0,18
no_attention,NoAttention,tp07_L2_p0p82,timepoint_mask,2.0,0.82,run2,oof_pooled,1,1,56
no_attention,NoAttention,tp07_L2_p0p82,timepoint_mask,2.0,0.82,run2,oof_pooled,1,2,19
no_attention,NoAttention,tp07_L2_p0p82,timepoint_mask,2.0,0.82,run2,oof_pooled,2,0,6
no_attention,NoAttention,tp07_L2_p0p82,timepoint_mask,2.0,0.82,run2,oof_pooled,2,1,13
no_attention,NoAttention,tp07_L2_p0p82,timepoint_mask,2.0,0.82,run2,oof_pooled,2,2,23
no_attention,NoAttention,tp08_L3_m0p08,timepoint_mask,3.0,-0.08,run1,fold01,0,0,113
no_attention,NoAttention,tp08_L3_m0p08,timepoint_mask,3.0,-0.08,run1,fold01,0,1,19
no_attention,NoAttention,tp08_L3_m0p08,timepoint_mask,3.0,-0.08,run1,fold01,0,2,2
no_attention,NoAttention,tp08_L3_m0p08,timepoint_mask,3.0,-0.08,run1,fold01,1,0,27
no_attention,NoAttention,tp08_L3_m0p08,timepoint_mask,3.0,-0.08,run1,fold01,1,1,125
no_attention,NoAttention,tp08_L3_m0p08,timepoint_mask,3.0,-0.08,run1,fold01,1,2,0
no_attention,NoAttention,tp08_L3_m0p08,timepoint_mask,3.0,-0.08,run1,fold01,2,0,2
no_attention,NoAttention,tp08_L3_m0p08,timepoint_mask,3.0,-0.08,run1,fold01,2,1,9
no_attention,NoAttention,tp08_L3_m0p08,timepoint_mask,3.0,-0.08,run1,fold01,2,2,30
no_attention,NoAttention,tp08_L3_m0p08,timepoint_mask,3.0,-0.08,run1,fold02,0,0,107
no_attention,NoAttention,tp08_L3_m0p08,timepoint_mask,3.0,-0.08,run1,fold02,0,1,24
no_attention,NoAttention,tp08_L3_m0p08,timepoint_mask,3.0,-0.08,run1,fold02,0,2,3
no_attention,NoAttention,tp08_L3_m0p08,timepoint_mask,3.0,-0.08,run1,fold02,1,0,17
no_attention,NoAttention,tp08_L3_m0p08,timepoint_mask,3.0,-0.08,run1,fold02,1,1,131
no_attention,NoAttention,tp08_L3_m0p08,timepoint_mask,3.0,-0.08,run1,fold02,1,2,4
no_attention,NoAttention,tp08_L3_m0p08,timepoint_mask,3.0,-0.08,run1,fold02,2,0,4
no_attention,NoAttention,tp08_L3_m0p08,timepoint_mask,3.0,-0.08,run1,fold02,2,1,7
no_attention,NoAttention,tp08_L3_m0p08,timepoint_mask,3.0,-0.08,run1,fold02,2,2,29
no_attention,NoAttention,tp08_L3_m0p08,timepoint_mask,3.0,-0.08,run1,fold03,0,0,113
no_attention,NoAttention,tp08_L3_m0p08,timepoint_mask,3.0,-0.08,run1,fold03,0,1,20
no_attention,NoAttention,tp08_L3_m0p08,timepoint_mask,3.0,-0.08,run1,fold03,0,2,1
no_attention,NoAttention,tp08_L3_m0p08,timepoint_mask,3.0,-0.08,run1,fold03,1,0,16
no_attention,NoAttention,tp08_L3_m0p08,timepoint_mask,3.0,-0.08,run1,fold03,1,1,129
no_attention,NoAttention,tp08_L3_m0p08,timepoint_mask,3.0,-0.08,run1,fold03,1,2,7
no_attention,NoAttention,tp08_L3_m0p08,timepoint_mask,3.0,-0.08,run1,fold03,2,0,4
no_attention,NoAttention,tp08_L3_m0p08,timepoint_mask,3.0,-0.08,run1,fold03,2,1,3
no_attention,NoAttention,tp08_L3_m0p08,timepoint_mask,3.0,-0.08,run1,fold03,2,2,33
no_attention,NoAttention,tp08_L3_m0p08,timepoint_mask,3.0,-0.08,run1,oof_pooled,0,0,333
no_attention,NoAttention,tp08_L3_m0p08,timepoint_mask,3.0,-0.08,run1,oof_pooled,0,1,63
no_attention,NoAttention,tp08_L3_m0p08,timepoint_mask,3.0,-0.08,run1,oof_pooled,0,2,6
no_attention,NoAttention,tp08_L3_m0p08,timepoint_mask,3.0,-0.08,run1,oof_pooled,1,0,60
no_attention,NoAttention,tp08_L3_m0p08,timepoint_mask,3.0,-0.08,run1,oof_pooled,1,1,385
no_attention,NoAttention,tp08_L3_m0p08,timepoint_mask,3.0,-0.08,run1,oof_pooled,1,2,11
no_attention,NoAttention,tp08_L3_m0p08,timepoint_mask,3.0,-0.08,run1,oof_pooled,2,0,10
no_attention,NoAttention,tp08_L3_m0p08,timepoint_mask,3.0,-0.08,run1,oof_pooled,2,1,19
no_attention,NoAttention,tp08_L3_m0p08,timepoint_mask,3.0,-0.08,run1,oof_pooled,2,2,92
no_attention,NoAttention,tp08_L3_m0p08,timepoint_mask,3.0,-0.08,run2,fold01,0,0,15
no_attention,NoAttention,tp08_L3_m0p08,timepoint_mask,3.0,-0.08,run2,fold01,0,1,9
no_attention,NoAttention,tp08_L3_m0p08,timepoint_mask,3.0,-0.08,run2,fold01,0,2,3
no_attention,NoAttention,tp08_L3_m0p08,timepoint_mask,3.0,-0.08,run2,fold01,1,0,5
no_attention,NoAttention,tp08_L3_m0p08,timepoint_mask,3.0,-0.08,run2,fold01,1,1,22
no_attention,NoAttention,tp08_L3_m0p08,timepoint_mask,3.0,-0.08,run2,fold01,1,2,4
no_attention,NoAttention,tp08_L3_m0p08,timepoint_mask,3.0,-0.08,run2,fold01,2,0,1
no_attention,NoAttention,tp08_L3_m0p08,timepoint_mask,3.0,-0.08,run2,fold01,2,1,7
no_attention,NoAttention,tp08_L3_m0p08,timepoint_mask,3.0,-0.08,run2,fold01,2,2,6
no_attention,NoAttention,tp08_L3_m0p08,timepoint_mask,3.0,-0.08,run2,fold02,0,0,16
no_attention,NoAttention,tp08_L3_m0p08,timepoint_mask,3.0,-0.08,run2,fold02,0,1,6
no_attention,NoAttention,tp08_L3_m0p08,timepoint_mask,3.0,-0.08,run2,fold02,0,2,4
no_attention,NoAttention,tp08_L3_m0p08,timepoint_mask,3.0,-0.08,run2,fold02,1,0,8
no_attention,NoAttention,tp08_L3_m0p08,timepoint_mask,3.0,-0.08,run2,fold02,1,1,16
no_attention,NoAttention,tp08_L3_m0p08,timepoint_mask,3.0,-0.08,run2,fold02,1,2,7
no_attention,NoAttention,tp08_L3_m0p08,timepoint_mask,3.0,-0.08,run2,fold02,2,0,1
no_attention,NoAttention,tp08_L3_m0p08,timepoint_mask,3.0,-0.08,run2,fold02,2,1,0
no_attention,NoAttention,tp08_L3_m0p08,timepoint_mask,3.0,-0.08,run2,fold02,2,2,13
no_attention,NoAttention,tp08_L3_m0p08,timepoint_mask,3.0,-0.08,run2,fold03,0,0,17
no_attention,NoAttention,tp08_L3_m0p08,timepoint_mask,3.0,-0.08,run2,fold03,0,1,7
no_attention,NoAttention,tp08_L3_m0p08,timepoint_mask,3.0,-0.08,run2,fold03,0,2,2
no_attention,NoAttention,tp08_L3_m0p08,timepoint_mask,3.0,-0.08,run2,fold03,1,0,6
no_attention,NoAttention,tp08_L3_m0p08,timepoint_mask,3.0,-0.08,run2,fold03,1,1,19
no_attention,NoAttention,tp08_L3_m0p08,timepoint_mask,3.0,-0.08,run2,fold03,1,2,6
no_attention,NoAttention,tp08_L3_m0p08,timepoint_mask,3.0,-0.08,run2,fold03,2,0,4
no_attention,NoAttention,tp08_L3_m0p08,timepoint_mask,3.0,-0.08,run2,fold03,2,1,6
no_attention,NoAttention,tp08_L3_m0p08,timepoint_mask,3.0,-0.08,run2,fold03,2,2,4
no_attention,NoAttention,tp08_L3_m0p08,timepoint_mask,3.0,-0.08,run2,oof_pooled,0,0,48
no_attention,NoAttention,tp08_L3_m0p08,timepoint_mask,3.0,-0.08,run2,oof_pooled,0,1,22
no_attention,NoAttention,tp08_L3_m0p08,timepoint_mask,3.0,-0.08,run2,oof_pooled,0,2,9
no_attention,NoAttention,tp08_L3_m0p08,timepoint_mask,3.0,-0.08,run2,oof_pooled,1,0,19
no_attention,NoAttention,tp08_L3_m0p08,timepoint_mask,3.0,-0.08,run2,oof_pooled,1,1,57
no_attention,NoAttention,tp08_L3_m0p08,timepoint_mask,3.0,-0.08,run2,oof_pooled,1,2,17
no_attention,NoAttention,tp08_L3_m0p08,timepoint_mask,3.0,-0.08,run2,oof_pooled,2,0,6
no_attention,NoAttention,tp08_L3_m0p08,timepoint_mask,3.0,-0.08,run2,oof_pooled,2,1,13
no_attention,NoAttention,tp08_L3_m0p08,timepoint_mask,3.0,-0.08,run2,oof_pooled,2,2,23
no_attention,NoAttention,tp09_L3_p0p42,timepoint_mask,3.0,0.42,run1,fold01,0,0,113
no_attention,NoAttention,tp09_L3_p0p42,timepoint_mask,3.0,0.42,run1,fold01,0,1,19
no_attention,NoAttention,tp09_L3_p0p42,timepoint_mask,3.0,0.42,run1,fold01,0,2,2
no_attention,NoAttention,tp09_L3_p0p42,timepoint_mask,3.0,0.42,run1,fold01,1,0,27
no_attention,NoAttention,tp09_L3_p0p42,timepoint_mask,3.0,0.42,run1,fold01,1,1,125
no_attention,NoAttention,tp09_L3_p0p42,timepoint_mask,3.0,0.42,run1,fold01,1,2,0
no_attention,NoAttention,tp09_L3_p0p42,timepoint_mask,3.0,0.42,run1,fold01,2,0,2
no_attention,NoAttention,tp09_L3_p0p42,timepoint_mask,3.0,0.42,run1,fold01,2,1,9
no_attention,NoAttention,tp09_L3_p0p42,timepoint_mask,3.0,0.42,run1,fold01,2,2,30
no_attention,NoAttention,tp09_L3_p0p42,timepoint_mask,3.0,0.42,run1,fold02,0,0,107
no_attention,NoAttention,tp09_L3_p0p42,timepoint_mask,3.0,0.42,run1,fold02,0,1,24
no_attention,NoAttention,tp09_L3_p0p42,timepoint_mask,3.0,0.42,run1,fold02,0,2,3
no_attention,NoAttention,tp09_L3_p0p42,timepoint_mask,3.0,0.42,run1,fold02,1,0,17
no_attention,NoAttention,tp09_L3_p0p42,timepoint_mask,3.0,0.42,run1,fold02,1,1,131
no_attention,NoAttention,tp09_L3_p0p42,timepoint_mask,3.0,0.42,run1,fold02,1,2,4
no_attention,NoAttention,tp09_L3_p0p42,timepoint_mask,3.0,0.42,run1,fold02,2,0,4
no_attention,NoAttention,tp09_L3_p0p42,timepoint_mask,3.0,0.42,run1,fold02,2,1,7
no_attention,NoAttention,tp09_L3_p0p42,timepoint_mask,3.0,0.42,run1,fold02,2,2,29
no_attention,NoAttention,tp09_L3_p0p42,timepoint_mask,3.0,0.42,run1,fold03,0,0,113
no_attention,NoAttention,tp09_L3_p0p42,timepoint_mask,3.0,0.42,run1,fold03,0,1,20
no_attention,NoAttention,tp09_L3_p0p42,timepoint_mask,3.0,0.42,run1,fold03,0,2,1
no_attention,NoAttention,tp09_L3_p0p42,timepoint_mask,3.0,0.42,run1,fold03,1,0,16
no_attention,NoAttention,tp09_L3_p0p42,timepoint_mask,3.0,0.42,run1,fold03,1,1,129
no_attention,NoAttention,tp09_L3_p0p42,timepoint_mask,3.0,0.42,run1,fold03,1,2,7
no_attention,NoAttention,tp09_L3_p0p42,timepoint_mask,3.0,0.42,run1,fold03,2,0,4
no_attention,NoAttention,tp09_L3_p0p42,timepoint_mask,3.0,0.42,run1,fold03,2,1,3
no_attention,NoAttention,tp09_L3_p0p42,timepoint_mask,3.0,0.42,run1,fold03,2,2,33
no_attention,NoAttention,tp09_L3_p0p42,timepoint_mask,3.0,0.42,run1,oof_pooled,0,0,333
no_attention,NoAttention,tp09_L3_p0p42,timepoint_mask,3.0,0.42,run1,oof_pooled,0,1,63
no_attention,NoAttention,tp09_L3_p0p42,timepoint_mask,3.0,0.42,run1,oof_pooled,0,2,6
no_attention,NoAttention,tp09_L3_p0p42,timepoint_mask,3.0,0.42,run1,oof_pooled,1,0,60
no_attention,NoAttention,tp09_L3_p0p42,timepoint_mask,3.0,0.42,run1,oof_pooled,1,1,385
no_attention,NoAttention,tp09_L3_p0p42,timepoint_mask,3.0,0.42,run1,oof_pooled,1,2,11
no_attention,NoAttention,tp09_L3_p0p42,timepoint_mask,3.0,0.42,run1,oof_pooled,2,0,10
no_attention,NoAttention,tp09_L3_p0p42,timepoint_mask,3.0,0.42,run1,oof_pooled,2,1,19
no_attention,NoAttention,tp09_L3_p0p42,timepoint_mask,3.0,0.42,run1,oof_pooled,2,2,92
no_attention,NoAttention,tp09_L3_p0p42,timepoint_mask,3.0,0.42,run2,fold01,0,0,15
no_attention,NoAttention,tp09_L3_p0p42,timepoint_mask,3.0,0.42,run2,fold01,0,1,9
no_attention,NoAttention,tp09_L3_p0p42,timepoint_mask,3.0,0.42,run2,fold01,0,2,3
no_attention,NoAttention,tp09_L3_p0p42,timepoint_mask,3.0,0.42,run2,fold01,1,0,5
no_attention,NoAttention,tp09_L3_p0p42,timepoint_mask,3.0,0.42,run2,fold01,1,1,21
no_attention,NoAttention,tp09_L3_p0p42,timepoint_mask,3.0,0.42,run2,fold01,1,2,5
no_attention,NoAttention,tp09_L3_p0p42,timepoint_mask,3.0,0.42,run2,fold01,2,0,1
no_attention,NoAttention,tp09_L3_p0p42,timepoint_mask,3.0,0.42,run2,fold01,2,1,7
no_attention,NoAttention,tp09_L3_p0p42,timepoint_mask,3.0,0.42,run2,fold01,2,2,6
no_attention,NoAttention,tp09_L3_p0p42,timepoint_mask,3.0,0.42,run2,fold02,0,0,16
no_attention,NoAttention,tp09_L3_p0p42,timepoint_mask,3.0,0.42,run2,fold02,0,1,6
no_attention,NoAttention,tp09_L3_p0p42,timepoint_mask,3.0,0.42,run2,fold02,0,2,4
no_attention,NoAttention,tp09_L3_p0p42,timepoint_mask,3.0,0.42,run2,fold02,1,0,7
no_attention,NoAttention,tp09_L3_p0p42,timepoint_mask,3.0,0.42,run2,fold02,1,1,16
no_attention,NoAttention,tp09_L3_p0p42,timepoint_mask,3.0,0.42,run2,fold02,1,2,8
no_attention,NoAttention,tp09_L3_p0p42,timepoint_mask,3.0,0.42,run2,fold02,2,0,1
no_attention,NoAttention,tp09_L3_p0p42,timepoint_mask,3.0,0.42,run2,fold02,2,1,0
no_attention,NoAttention,tp09_L3_p0p42,timepoint_mask,3.0,0.42,run2,fold02,2,2,13
no_attention,NoAttention,tp09_L3_p0p42,timepoint_mask,3.0,0.42,run2,fold03,0,0,17
no_attention,NoAttention,tp09_L3_p0p42,timepoint_mask,3.0,0.42,run2,fold03,0,1,7
no_attention,NoAttention,tp09_L3_p0p42,timepoint_mask,3.0,0.42,run2,fold03,0,2,2
no_attention,NoAttention,tp09_L3_p0p42,timepoint_mask,3.0,0.42,run2,fold03,1,0,6
no_attention,NoAttention,tp09_L3_p0p42,timepoint_mask,3.0,0.42,run2,fold03,1,1,19
no_attention,NoAttention,tp09_L3_p0p42,timepoint_mask,3.0,0.42,run2,fold03,1,2,6
no_attention,NoAttention,tp09_L3_p0p42,timepoint_mask,3.0,0.42,run2,fold03,2,0,4
no_attention,NoAttention,tp09_L3_p0p42,timepoint_mask,3.0,0.42,run2,fold03,2,1,6
no_attention,NoAttention,tp09_L3_p0p42,timepoint_mask,3.0,0.42,run2,fold03,2,2,4
no_attention,NoAttention,tp09_L3_p0p42,timepoint_mask,3.0,0.42,run2,oof_pooled,0,0,48
no_attention,NoAttention,tp09_L3_p0p42,timepoint_mask,3.0,0.42,run2,oof_pooled,0,1,22
no_attention,NoAttention,tp09_L3_p0p42,timepoint_mask,3.0,0.42,run2,oof_pooled,0,2,9
no_attention,NoAttention,tp09_L3_p0p42,timepoint_mask,3.0,0.42,run2,oof_pooled,1,0,18
no_attention,NoAttention,tp09_L3_p0p42,timepoint_mask,3.0,0.42,run2,oof_pooled,1,1,56
no_attention,NoAttention,tp09_L3_p0p42,timepoint_mask,3.0,0.42,run2,oof_pooled,1,2,19
no_attention,NoAttention,tp09_L3_p0p42,timepoint_mask,3.0,0.42,run2,oof_pooled,2,0,6
no_attention,NoAttention,tp09_L3_p0p42,timepoint_mask,3.0,0.42,run2,oof_pooled,2,1,13
no_attention,NoAttention,tp09_L3_p0p42,timepoint_mask,3.0,0.42,run2,oof_pooled,2,2,23
no_attention,NoAttention,tp10_L3_p0p65,timepoint_mask,3.0,0.65,run1,fold01,0,0,113
no_attention,NoAttention,tp10_L3_p0p65,timepoint_mask,3.0,0.65,run1,fold01,0,1,19
no_attention,NoAttention,tp10_L3_p0p65,timepoint_mask,3.0,0.65,run1,fold01,0,2,2
no_attention,NoAttention,tp10_L3_p0p65,timepoint_mask,3.0,0.65,run1,fold01,1,0,27
no_attention,NoAttention,tp10_L3_p0p65,timepoint_mask,3.0,0.65,run1,fold01,1,1,125
no_attention,NoAttention,tp10_L3_p0p65,timepoint_mask,3.0,0.65,run1,fold01,1,2,0
no_attention,NoAttention,tp10_L3_p0p65,timepoint_mask,3.0,0.65,run1,fold01,2,0,2
no_attention,NoAttention,tp10_L3_p0p65,timepoint_mask,3.0,0.65,run1,fold01,2,1,9
no_attention,NoAttention,tp10_L3_p0p65,timepoint_mask,3.0,0.65,run1,fold01,2,2,30
no_attention,NoAttention,tp10_L3_p0p65,timepoint_mask,3.0,0.65,run1,fold02,0,0,107
no_attention,NoAttention,tp10_L3_p0p65,timepoint_mask,3.0,0.65,run1,fold02,0,1,24
no_attention,NoAttention,tp10_L3_p0p65,timepoint_mask,3.0,0.65,run1,fold02,0,2,3
no_attention,NoAttention,tp10_L3_p0p65,timepoint_mask,3.0,0.65,run1,fold02,1,0,17
no_attention,NoAttention,tp10_L3_p0p65,timepoint_mask,3.0,0.65,run1,fold02,1,1,131
no_attention,NoAttention,tp10_L3_p0p65,timepoint_mask,3.0,0.65,run1,fold02,1,2,4
no_attention,NoAttention,tp10_L3_p0p65,timepoint_mask,3.0,0.65,run1,fold02,2,0,4
no_attention,NoAttention,tp10_L3_p0p65,timepoint_mask,3.0,0.65,run1,fold02,2,1,7
no_attention,NoAttention,tp10_L3_p0p65,timepoint_mask,3.0,0.65,run1,fold02,2,2,29
no_attention,NoAttention,tp10_L3_p0p65,timepoint_mask,3.0,0.65,run1,fold03,0,0,113
no_attention,NoAttention,tp10_L3_p0p65,timepoint_mask,3.0,0.65,run1,fold03,0,1,20
no_attention,NoAttention,tp10_L3_p0p65,timepoint_mask,3.0,0.65,run1,fold03,0,2,1
no_attention,NoAttention,tp10_L3_p0p65,timepoint_mask,3.0,0.65,run1,fold03,1,0,16
no_attention,NoAttention,tp10_L3_p0p65,timepoint_mask,3.0,0.65,run1,fold03,1,1,129
no_attention,NoAttention,tp10_L3_p0p65,timepoint_mask,3.0,0.65,run1,fold03,1,2,7
no_attention,NoAttention,tp10_L3_p0p65,timepoint_mask,3.0,0.65,run1,fold03,2,0,4
no_attention,NoAttention,tp10_L3_p0p65,timepoint_mask,3.0,0.65,run1,fold03,2,1,3
no_attention,NoAttention,tp10_L3_p0p65,timepoint_mask,3.0,0.65,run1,fold03,2,2,33
no_attention,NoAttention,tp10_L3_p0p65,timepoint_mask,3.0,0.65,run1,oof_pooled,0,0,333
no_attention,NoAttention,tp10_L3_p0p65,timepoint_mask,3.0,0.65,run1,oof_pooled,0,1,63
no_attention,NoAttention,tp10_L3_p0p65,timepoint_mask,3.0,0.65,run1,oof_pooled,0,2,6
no_attention,NoAttention,tp10_L3_p0p65,timepoint_mask,3.0,0.65,run1,oof_pooled,1,0,60
no_attention,NoAttention,tp10_L3_p0p65,timepoint_mask,3.0,0.65,run1,oof_pooled,1,1,385
no_attention,NoAttention,tp10_L3_p0p65,timepoint_mask,3.0,0.65,run1,oof_pooled,1,2,11
no_attention,NoAttention,tp10_L3_p0p65,timepoint_mask,3.0,0.65,run1,oof_pooled,2,0,10
no_attention,NoAttention,tp10_L3_p0p65,timepoint_mask,3.0,0.65,run1,oof_pooled,2,1,19
no_attention,NoAttention,tp10_L3_p0p65,timepoint_mask,3.0,0.65,run1,oof_pooled,2,2,92
no_attention,NoAttention,tp10_L3_p0p65,timepoint_mask,3.0,0.65,run2,fold01,0,0,15
no_attention,NoAttention,tp10_L3_p0p65,timepoint_mask,3.0,0.65,run2,fold01,0,1,9
no_attention,NoAttention,tp10_L3_p0p65,timepoint_mask,3.0,0.65,run2,fold01,0,2,3
no_attention,NoAttention,tp10_L3_p0p65,timepoint_mask,3.0,0.65,run2,fold01,1,0,5
no_attention,NoAttention,tp10_L3_p0p65,timepoint_mask,3.0,0.65,run2,fold01,1,1,21
no_attention,NoAttention,tp10_L3_p0p65,timepoint_mask,3.0,0.65,run2,fold01,1,2,5
no_attention,NoAttention,tp10_L3_p0p65,timepoint_mask,3.0,0.65,run2,fold01,2,0,1
no_attention,NoAttention,tp10_L3_p0p65,timepoint_mask,3.0,0.65,run2,fold01,2,1,7
no_attention,NoAttention,tp10_L3_p0p65,timepoint_mask,3.0,0.65,run2,fold01,2,2,6
no_attention,NoAttention,tp10_L3_p0p65,timepoint_mask,3.0,0.65,run2,fold02,0,0,16
no_attention,NoAttention,tp10_L3_p0p65,timepoint_mask,3.0,0.65,run2,fold02,0,1,6
no_attention,NoAttention,tp10_L3_p0p65,timepoint_mask,3.0,0.65,run2,fold02,0,2,4
no_attention,NoAttention,tp10_L3_p0p65,timepoint_mask,3.0,0.65,run2,fold02,1,0,7
no_attention,NoAttention,tp10_L3_p0p65,timepoint_mask,3.0,0.65,run2,fold02,1,1,16
no_attention,NoAttention,tp10_L3_p0p65,timepoint_mask,3.0,0.65,run2,fold02,1,2,8
no_attention,NoAttention,tp10_L3_p0p65,timepoint_mask,3.0,0.65,run2,fold02,2,0,1
no_attention,NoAttention,tp10_L3_p0p65,timepoint_mask,3.0,0.65,run2,fold02,2,1,0
no_attention,NoAttention,tp10_L3_p0p65,timepoint_mask,3.0,0.65,run2,fold02,2,2,13
no_attention,NoAttention,tp10_L3_p0p65,timepoint_mask,3.0,0.65,run2,fold03,0,0,17
no_attention,NoAttention,tp10_L3_p0p65,timepoint_mask,3.0,0.65,run2,fold03,0,1,7
no_attention,NoAttention,tp10_L3_p0p65,timepoint_mask,3.0,0.65,run2,fold03,0,2,2
no_attention,NoAttention,tp10_L3_p0p65,timepoint_mask,3.0,0.65,run2,fold03,1,0,6
no_attention,NoAttention,tp10_L3_p0p65,timepoint_mask,3.0,0.65,run2,fold03,1,1,19
no_attention,NoAttention,tp10_L3_p0p65,timepoint_mask,3.0,0.65,run2,fold03,1,2,6
no_attention,NoAttention,tp10_L3_p0p65,timepoint_mask,3.0,0.65,run2,fold03,2,0,4
no_attention,NoAttention,tp10_L3_p0p65,timepoint_mask,3.0,0.65,run2,fold03,2,1,6
no_attention,NoAttention,tp10_L3_p0p65,timepoint_mask,3.0,0.65,run2,fold03,2,2,4
no_attention,NoAttention,tp10_L3_p0p65,timepoint_mask,3.0,0.65,run2,oof_pooled,0,0,48
no_attention,NoAttention,tp10_L3_p0p65,timepoint_mask,3.0,0.65,run2,oof_pooled,0,1,22
no_attention,NoAttention,tp10_L3_p0p65,timepoint_mask,3.0,0.65,run2,oof_pooled,0,2,9
no_attention,NoAttention,tp10_L3_p0p65,timepoint_mask,3.0,0.65,run2,oof_pooled,1,0,18
no_attention,NoAttention,tp10_L3_p0p65,timepoint_mask,3.0,0.65,run2,oof_pooled,1,1,56
no_attention,NoAttention,tp10_L3_p0p65,timepoint_mask,3.0,0.65,run2,oof_pooled,1,2,19
no_attention,NoAttention,tp10_L3_p0p65,timepoint_mask,3.0,0.65,run2,oof_pooled,2,0,6
no_attention,NoAttention,tp10_L3_p0p65,timepoint_mask,3.0,0.65,run2,oof_pooled,2,1,13
no_attention,NoAttention,tp10_L3_p0p65,timepoint_mask,3.0,0.65,run2,oof_pooled,2,2,23
no_attention,NoAttention,tp11_L3_p0p95,timepoint_mask,3.0,0.95,run1,fold01,0,0,113
no_attention,NoAttention,tp11_L3_p0p95,timepoint_mask,3.0,0.95,run1,fold01,0,1,19
no_attention,NoAttention,tp11_L3_p0p95,timepoint_mask,3.0,0.95,run1,fold01,0,2,2
no_attention,NoAttention,tp11_L3_p0p95,timepoint_mask,3.0,0.95,run1,fold01,1,0,27
no_attention,NoAttention,tp11_L3_p0p95,timepoint_mask,3.0,0.95,run1,fold01,1,1,125
no_attention,NoAttention,tp11_L3_p0p95,timepoint_mask,3.0,0.95,run1,fold01,1,2,0
no_attention,NoAttention,tp11_L3_p0p95,timepoint_mask,3.0,0.95,run1,fold01,2,0,2
no_attention,NoAttention,tp11_L3_p0p95,timepoint_mask,3.0,0.95,run1,fold01,2,1,9
no_attention,NoAttention,tp11_L3_p0p95,timepoint_mask,3.0,0.95,run1,fold01,2,2,30
no_attention,NoAttention,tp11_L3_p0p95,timepoint_mask,3.0,0.95,run1,fold02,0,0,107
no_attention,NoAttention,tp11_L3_p0p95,timepoint_mask,3.0,0.95,run1,fold02,0,1,24
no_attention,NoAttention,tp11_L3_p0p95,timepoint_mask,3.0,0.95,run1,fold02,0,2,3
no_attention,NoAttention,tp11_L3_p0p95,timepoint_mask,3.0,0.95,run1,fold02,1,0,17
no_attention,NoAttention,tp11_L3_p0p95,timepoint_mask,3.0,0.95,run1,fold02,1,1,131
no_attention,NoAttention,tp11_L3_p0p95,timepoint_mask,3.0,0.95,run1,fold02,1,2,4
no_attention,NoAttention,tp11_L3_p0p95,timepoint_mask,3.0,0.95,run1,fold02,2,0,5
no_attention,NoAttention,tp11_L3_p0p95,timepoint_mask,3.0,0.95,run1,fold02,2,1,6
no_attention,NoAttention,tp11_L3_p0p95,timepoint_mask,3.0,0.95,run1,fold02,2,2,29
no_attention,NoAttention,tp11_L3_p0p95,timepoint_mask,3.0,0.95,run1,fold03,0,0,113
no_attention,NoAttention,tp11_L3_p0p95,timepoint_mask,3.0,0.95,run1,fold03,0,1,20
no_attention,NoAttention,tp11_L3_p0p95,timepoint_mask,3.0,0.95,run1,fold03,0,2,1
no_attention,NoAttention,tp11_L3_p0p95,timepoint_mask,3.0,0.95,run1,fold03,1,0,16
no_attention,NoAttention,tp11_L3_p0p95,timepoint_mask,3.0,0.95,run1,fold03,1,1,129
no_attention,NoAttention,tp11_L3_p0p95,timepoint_mask,3.0,0.95,run1,fold03,1,2,7
no_attention,NoAttention,tp11_L3_p0p95,timepoint_mask,3.0,0.95,run1,fold03,2,0,4
no_attention,NoAttention,tp11_L3_p0p95,timepoint_mask,3.0,0.95,run1,fold03,2,1,3
no_attention,NoAttention,tp11_L3_p0p95,timepoint_mask,3.0,0.95,run1,fold03,2,2,33
no_attention,NoAttention,tp11_L3_p0p95,timepoint_mask,3.0,0.95,run1,oof_pooled,0,0,333
no_attention,NoAttention,tp11_L3_p0p95,timepoint_mask,3.0,0.95,run1,oof_pooled,0,1,63
no_attention,NoAttention,tp11_L3_p0p95,timepoint_mask,3.0,0.95,run1,oof_pooled,0,2,6
no_attention,NoAttention,tp11_L3_p0p95,timepoint_mask,3.0,0.95,run1,oof_pooled,1,0,60
no_attention,NoAttention,tp11_L3_p0p95,timepoint_mask,3.0,0.95,run1,oof_pooled,1,1,385
no_attention,NoAttention,tp11_L3_p0p95,timepoint_mask,3.0,0.95,run1,oof_pooled,1,2,11
no_attention,NoAttention,tp11_L3_p0p95,timepoint_mask,3.0,0.95,run1,oof_pooled,2,0,11
no_attention,NoAttention,tp11_L3_p0p95,timepoint_mask,3.0,0.95,run1,oof_pooled,2,1,18
no_attention,NoAttention,tp11_L3_p0p95,timepoint_mask,3.0,0.95,run1,oof_pooled,2,2,92
no_attention,NoAttention,tp11_L3_p0p95,timepoint_mask,3.0,0.95,run2,fold01,0,0,15
no_attention,NoAttention,tp11_L3_p0p95,timepoint_mask,3.0,0.95,run2,fold01,0,1,9
no_attention,NoAttention,tp11_L3_p0p95,timepoint_mask,3.0,0.95,run2,fold01,0,2,3
no_attention,NoAttention,tp11_L3_p0p95,timepoint_mask,3.0,0.95,run2,fold01,1,0,5
no_attention,NoAttention,tp11_L3_p0p95,timepoint_mask,3.0,0.95,run2,fold01,1,1,21
no_attention,NoAttention,tp11_L3_p0p95,timepoint_mask,3.0,0.95,run2,fold01,1,2,5
no_attention,NoAttention,tp11_L3_p0p95,timepoint_mask,3.0,0.95,run2,fold01,2,0,1
no_attention,NoAttention,tp11_L3_p0p95,timepoint_mask,3.0,0.95,run2,fold01,2,1,7
no_attention,NoAttention,tp11_L3_p0p95,timepoint_mask,3.0,0.95,run2,fold01,2,2,6
no_attention,NoAttention,tp11_L3_p0p95,timepoint_mask,3.0,0.95,run2,fold02,0,0,16
no_attention,NoAttention,tp11_L3_p0p95,timepoint_mask,3.0,0.95,run2,fold02,0,1,6
no_attention,NoAttention,tp11_L3_p0p95,timepoint_mask,3.0,0.95,run2,fold02,0,2,4
no_attention,NoAttention,tp11_L3_p0p95,timepoint_mask,3.0,0.95,run2,fold02,1,0,7
no_attention,NoAttention,tp11_L3_p0p95,timepoint_mask,3.0,0.95,run2,fold02,1,1,16
no_attention,NoAttention,tp11_L3_p0p95,timepoint_mask,3.0,0.95,run2,fold02,1,2,8
no_attention,NoAttention,tp11_L3_p0p95,timepoint_mask,3.0,0.95,run2,fold02,2,0,1
no_attention,NoAttention,tp11_L3_p0p95,timepoint_mask,3.0,0.95,run2,fold02,2,1,0
no_attention,NoAttention,tp11_L3_p0p95,timepoint_mask,3.0,0.95,run2,fold02,2,2,13
no_attention,NoAttention,tp11_L3_p0p95,timepoint_mask,3.0,0.95,run2,fold03,0,0,17
no_attention,NoAttention,tp11_L3_p0p95,timepoint_mask,3.0,0.95,run2,fold03,0,1,7
no_attention,NoAttention,tp11_L3_p0p95,timepoint_mask,3.0,0.95,run2,fold03,0,2,2
no_attention,NoAttention,tp11_L3_p0p95,timepoint_mask,3.0,0.95,run2,fold03,1,0,6
no_attention,NoAttention,tp11_L3_p0p95,timepoint_mask,3.0,0.95,run2,fold03,1,1,19
no_attention,NoAttention,tp11_L3_p0p95,timepoint_mask,3.0,0.95,run2,fold03,1,2,6
no_attention,NoAttention,tp11_L3_p0p95,timepoint_mask,3.0,0.95,run2,fold03,2,0,4
no_attention,NoAttention,tp11_L3_p0p95,timepoint_mask,3.0,0.95,run2,fold03,2,1,6
no_attention,NoAttention,tp11_L3_p0p95,timepoint_mask,3.0,0.95,run2,fold03,2,2,4
no_attention,NoAttention,tp11_L3_p0p95,timepoint_mask,3.0,0.95,run2,oof_pooled,0,0,48
no_attention,NoAttention,tp11_L3_p0p95,timepoint_mask,3.0,0.95,run2,oof_pooled,0,1,22
no_attention,NoAttention,tp11_L3_p0p95,timepoint_mask,3.0,0.95,run2,oof_pooled,0,2,9
no_attention,NoAttention,tp11_L3_p0p95,timepoint_mask,3.0,0.95,run2,oof_pooled,1,0,18
no_attention,NoAttention,tp11_L3_p0p95,timepoint_mask,3.0,0.95,run2,oof_pooled,1,1,56
no_attention,NoAttention,tp11_L3_p0p95,timepoint_mask,3.0,0.95,run2,oof_pooled,1,2,19
no_attention,NoAttention,tp11_L3_p0p95,timepoint_mask,3.0,0.95,run2,oof_pooled,2,0,6
no_attention,NoAttention,tp11_L3_p0p95,timepoint_mask,3.0,0.95,run2,oof_pooled,2,1,13
no_attention,NoAttention,tp11_L3_p0p95,timepoint_mask,3.0,0.95,run2,oof_pooled,2,2,23
no_attention,NoAttention,tp12_L4_m0p56,timepoint_mask,4.0,-0.56,run1,fold01,0,0,113
no_attention,NoAttention,tp12_L4_m0p56,timepoint_mask,4.0,-0.56,run1,fold01,0,1,19
no_attention,NoAttention,tp12_L4_m0p56,timepoint_mask,4.0,-0.56,run1,fold01,0,2,2
no_attention,NoAttention,tp12_L4_m0p56,timepoint_mask,4.0,-0.56,run1,fold01,1,0,26
no_attention,NoAttention,tp12_L4_m0p56,timepoint_mask,4.0,-0.56,run1,fold01,1,1,115
no_attention,NoAttention,tp12_L4_m0p56,timepoint_mask,4.0,-0.56,run1,fold01,1,2,11
no_attention,NoAttention,tp12_L4_m0p56,timepoint_mask,4.0,-0.56,run1,fold01,2,0,2
no_attention,NoAttention,tp12_L4_m0p56,timepoint_mask,4.0,-0.56,run1,fold01,2,1,9
no_attention,NoAttention,tp12_L4_m0p56,timepoint_mask,4.0,-0.56,run1,fold01,2,2,30
no_attention,NoAttention,tp12_L4_m0p56,timepoint_mask,4.0,-0.56,run1,fold02,0,0,107
no_attention,NoAttention,tp12_L4_m0p56,timepoint_mask,4.0,-0.56,run1,fold02,0,1,24
no_attention,NoAttention,tp12_L4_m0p56,timepoint_mask,4.0,-0.56,run1,fold02,0,2,3
no_attention,NoAttention,tp12_L4_m0p56,timepoint_mask,4.0,-0.56,run1,fold02,1,0,29
no_attention,NoAttention,tp12_L4_m0p56,timepoint_mask,4.0,-0.56,run1,fold02,1,1,118
no_attention,NoAttention,tp12_L4_m0p56,timepoint_mask,4.0,-0.56,run1,fold02,1,2,5
no_attention,NoAttention,tp12_L4_m0p56,timepoint_mask,4.0,-0.56,run1,fold02,2,0,4
no_attention,NoAttention,tp12_L4_m0p56,timepoint_mask,4.0,-0.56,run1,fold02,2,1,7
no_attention,NoAttention,tp12_L4_m0p56,timepoint_mask,4.0,-0.56,run1,fold02,2,2,29
no_attention,NoAttention,tp12_L4_m0p56,timepoint_mask,4.0,-0.56,run1,fold03,0,0,112
no_attention,NoAttention,tp12_L4_m0p56,timepoint_mask,4.0,-0.56,run1,fold03,0,1,21
no_attention,NoAttention,tp12_L4_m0p56,timepoint_mask,4.0,-0.56,run1,fold03,0,2,1
no_attention,NoAttention,tp12_L4_m0p56,timepoint_mask,4.0,-0.56,run1,fold03,1,0,22
no_attention,NoAttention,tp12_L4_m0p56,timepoint_mask,4.0,-0.56,run1,fold03,1,1,120
no_attention,NoAttention,tp12_L4_m0p56,timepoint_mask,4.0,-0.56,run1,fold03,1,2,10
no_attention,NoAttention,tp12_L4_m0p56,timepoint_mask,4.0,-0.56,run1,fold03,2,0,4
no_attention,NoAttention,tp12_L4_m0p56,timepoint_mask,4.0,-0.56,run1,fold03,2,1,3
no_attention,NoAttention,tp12_L4_m0p56,timepoint_mask,4.0,-0.56,run1,fold03,2,2,33
no_attention,NoAttention,tp12_L4_m0p56,timepoint_mask,4.0,-0.56,run1,oof_pooled,0,0,332
no_attention,NoAttention,tp12_L4_m0p56,timepoint_mask,4.0,-0.56,run1,oof_pooled,0,1,64
no_attention,NoAttention,tp12_L4_m0p56,timepoint_mask,4.0,-0.56,run1,oof_pooled,0,2,6
no_attention,NoAttention,tp12_L4_m0p56,timepoint_mask,4.0,-0.56,run1,oof_pooled,1,0,77
no_attention,NoAttention,tp12_L4_m0p56,timepoint_mask,4.0,-0.56,run1,oof_pooled,1,1,353
no_attention,NoAttention,tp12_L4_m0p56,timepoint_mask,4.0,-0.56,run1,oof_pooled,1,2,26
no_attention,NoAttention,tp12_L4_m0p56,timepoint_mask,4.0,-0.56,run1,oof_pooled,2,0,10
no_attention,NoAttention,tp12_L4_m0p56,timepoint_mask,4.0,-0.56,run1,oof_pooled,2,1,19
no_attention,NoAttention,tp12_L4_m0p56,timepoint_mask,4.0,-0.56,run1,oof_pooled,2,2,92
no_attention,NoAttention,tp12_L4_m0p56,timepoint_mask,4.0,-0.56,run2,fold01,0,0,15
no_attention,NoAttention,tp12_L4_m0p56,timepoint_mask,4.0,-0.56,run2,fold01,0,1,9
no_attention,NoAttention,tp12_L4_m0p56,timepoint_mask,4.0,-0.56,run2,fold01,0,2,3
no_attention,NoAttention,tp12_L4_m0p56,timepoint_mask,4.0,-0.56,run2,fold01,1,0,5
no_attention,NoAttention,tp12_L4_m0p56,timepoint_mask,4.0,-0.56,run2,fold01,1,1,21
no_attention,NoAttention,tp12_L4_m0p56,timepoint_mask,4.0,-0.56,run2,fold01,1,2,5
no_attention,NoAttention,tp12_L4_m0p56,timepoint_mask,4.0,-0.56,run2,fold01,2,0,1
no_attention,NoAttention,tp12_L4_m0p56,timepoint_mask,4.0,-0.56,run2,fold01,2,1,7
no_attention,NoAttention,tp12_L4_m0p56,timepoint_mask,4.0,-0.56,run2,fold01,2,2,6
no_attention,NoAttention,tp12_L4_m0p56,timepoint_mask,4.0,-0.56,run2,fold02,0,0,16
no_attention,NoAttention,tp12_L4_m0p56,timepoint_mask,4.0,-0.56,run2,fold02,0,1,6
no_attention,NoAttention,tp12_L4_m0p56,timepoint_mask,4.0,-0.56,run2,fold02,0,2,4
no_attention,NoAttention,tp12_L4_m0p56,timepoint_mask,4.0,-0.56,run2,fold02,1,0,7
no_attention,NoAttention,tp12_L4_m0p56,timepoint_mask,4.0,-0.56,run2,fold02,1,1,16
no_attention,NoAttention,tp12_L4_m0p56,timepoint_mask,4.0,-0.56,run2,fold02,1,2,8
no_attention,NoAttention,tp12_L4_m0p56,timepoint_mask,4.0,-0.56,run2,fold02,2,0,1
no_attention,NoAttention,tp12_L4_m0p56,timepoint_mask,4.0,-0.56,run2,fold02,2,1,0
no_attention,NoAttention,tp12_L4_m0p56,timepoint_mask,4.0,-0.56,run2,fold02,2,2,13
no_attention,NoAttention,tp12_L4_m0p56,timepoint_mask,4.0,-0.56,run2,fold03,0,0,16
no_attention,NoAttention,tp12_L4_m0p56,timepoint_mask,4.0,-0.56,run2,fold03,0,1,8
no_attention,NoAttention,tp12_L4_m0p56,timepoint_mask,4.0,-0.56,run2,fold03,0,2,2
no_attention,NoAttention,tp12_L4_m0p56,timepoint_mask,4.0,-0.56,run2,fold03,1,0,6
no_attention,NoAttention,tp12_L4_m0p56,timepoint_mask,4.0,-0.56,run2,fold03,1,1,19
no_attention,NoAttention,tp12_L4_m0p56,timepoint_mask,4.0,-0.56,run2,fold03,1,2,6
no_attention,NoAttention,tp12_L4_m0p56,timepoint_mask,4.0,-0.56,run2,fold03,2,0,4
no_attention,NoAttention,tp12_L4_m0p56,timepoint_mask,4.0,-0.56,run2,fold03,2,1,6
no_attention,NoAttention,tp12_L4_m0p56,timepoint_mask,4.0,-0.56,run2,fold03,2,2,4
no_attention,NoAttention,tp12_L4_m0p56,timepoint_mask,4.0,-0.56,run2,oof_pooled,0,0,47
no_attention,NoAttention,tp12_L4_m0p56,timepoint_mask,4.0,-0.56,run2,oof_pooled,0,1,23
no_attention,NoAttention,tp12_L4_m0p56,timepoint_mask,4.0,-0.56,run2,oof_pooled,0,2,9
no_attention,NoAttention,tp12_L4_m0p56,timepoint_mask,4.0,-0.56,run2,oof_pooled,1,0,18
no_attention,NoAttention,tp12_L4_m0p56,timepoint_mask,4.0,-0.56,run2,oof_pooled,1,1,56
no_attention,NoAttention,tp12_L4_m0p56,timepoint_mask,4.0,-0.56,run2,oof_pooled,1,2,19
no_attention,NoAttention,tp12_L4_m0p56,timepoint_mask,4.0,-0.56,run2,oof_pooled,2,0,6
no_attention,NoAttention,tp12_L4_m0p56,timepoint_mask,4.0,-0.56,run2,oof_pooled,2,1,13
no_attention,NoAttention,tp12_L4_m0p56,timepoint_mask,4.0,-0.56,run2,oof_pooled,2,2,23
no_attention,NoAttention,tp13_L4_m0p55,timepoint_mask,4.0,-0.55,run1,fold01,0,0,113
no_attention,NoAttention,tp13_L4_m0p55,timepoint_mask,4.0,-0.55,run1,fold01,0,1,19
no_attention,NoAttention,tp13_L4_m0p55,timepoint_mask,4.0,-0.55,run1,fold01,0,2,2
no_attention,NoAttention,tp13_L4_m0p55,timepoint_mask,4.0,-0.55,run1,fold01,1,0,26
no_attention,NoAttention,tp13_L4_m0p55,timepoint_mask,4.0,-0.55,run1,fold01,1,1,115
no_attention,NoAttention,tp13_L4_m0p55,timepoint_mask,4.0,-0.55,run1,fold01,1,2,11
no_attention,NoAttention,tp13_L4_m0p55,timepoint_mask,4.0,-0.55,run1,fold01,2,0,2
no_attention,NoAttention,tp13_L4_m0p55,timepoint_mask,4.0,-0.55,run1,fold01,2,1,9
no_attention,NoAttention,tp13_L4_m0p55,timepoint_mask,4.0,-0.55,run1,fold01,2,2,30
no_attention,NoAttention,tp13_L4_m0p55,timepoint_mask,4.0,-0.55,run1,fold02,0,0,107
no_attention,NoAttention,tp13_L4_m0p55,timepoint_mask,4.0,-0.55,run1,fold02,0,1,24
no_attention,NoAttention,tp13_L4_m0p55,timepoint_mask,4.0,-0.55,run1,fold02,0,2,3
no_attention,NoAttention,tp13_L4_m0p55,timepoint_mask,4.0,-0.55,run1,fold02,1,0,29
no_attention,NoAttention,tp13_L4_m0p55,timepoint_mask,4.0,-0.55,run1,fold02,1,1,118
no_attention,NoAttention,tp13_L4_m0p55,timepoint_mask,4.0,-0.55,run1,fold02,1,2,5
no_attention,NoAttention,tp13_L4_m0p55,timepoint_mask,4.0,-0.55,run1,fold02,2,0,4
no_attention,NoAttention,tp13_L4_m0p55,timepoint_mask,4.0,-0.55,run1,fold02,2,1,7
no_attention,NoAttention,tp13_L4_m0p55,timepoint_mask,4.0,-0.55,run1,fold02,2,2,29
no_attention,NoAttention,tp13_L4_m0p55,timepoint_mask,4.0,-0.55,run1,fold03,0,0,112
no_attention,NoAttention,tp13_L4_m0p55,timepoint_mask,4.0,-0.55,run1,fold03,0,1,21
no_attention,NoAttention,tp13_L4_m0p55,timepoint_mask,4.0,-0.55,run1,fold03,0,2,1
no_attention,NoAttention,tp13_L4_m0p55,timepoint_mask,4.0,-0.55,run1,fold03,1,0,22
no_attention,NoAttention,tp13_L4_m0p55,timepoint_mask,4.0,-0.55,run1,fold03,1,1,120
no_attention,NoAttention,tp13_L4_m0p55,timepoint_mask,4.0,-0.55,run1,fold03,1,2,10
no_attention,NoAttention,tp13_L4_m0p55,timepoint_mask,4.0,-0.55,run1,fold03,2,0,4
no_attention,NoAttention,tp13_L4_m0p55,timepoint_mask,4.0,-0.55,run1,fold03,2,1,3
no_attention,NoAttention,tp13_L4_m0p55,timepoint_mask,4.0,-0.55,run1,fold03,2,2,33
no_attention,NoAttention,tp13_L4_m0p55,timepoint_mask,4.0,-0.55,run1,oof_pooled,0,0,332
no_attention,NoAttention,tp13_L4_m0p55,timepoint_mask,4.0,-0.55,run1,oof_pooled,0,1,64
no_attention,NoAttention,tp13_L4_m0p55,timepoint_mask,4.0,-0.55,run1,oof_pooled,0,2,6
no_attention,NoAttention,tp13_L4_m0p55,timepoint_mask,4.0,-0.55,run1,oof_pooled,1,0,77
no_attention,NoAttention,tp13_L4_m0p55,timepoint_mask,4.0,-0.55,run1,oof_pooled,1,1,353
no_attention,NoAttention,tp13_L4_m0p55,timepoint_mask,4.0,-0.55,run1,oof_pooled,1,2,26
no_attention,NoAttention,tp13_L4_m0p55,timepoint_mask,4.0,-0.55,run1,oof_pooled,2,0,10
no_attention,NoAttention,tp13_L4_m0p55,timepoint_mask,4.0,-0.55,run1,oof_pooled,2,1,19
no_attention,NoAttention,tp13_L4_m0p55,timepoint_mask,4.0,-0.55,run1,oof_pooled,2,2,92
no_attention,NoAttention,tp13_L4_m0p55,timepoint_mask,4.0,-0.55,run2,fold01,0,0,15
no_attention,NoAttention,tp13_L4_m0p55,timepoint_mask,4.0,-0.55,run2,fold01,0,1,9
no_attention,NoAttention,tp13_L4_m0p55,timepoint_mask,4.0,-0.55,run2,fold01,0,2,3
no_attention,NoAttention,tp13_L4_m0p55,timepoint_mask,4.0,-0.55,run2,fold01,1,0,5
no_attention,NoAttention,tp13_L4_m0p55,timepoint_mask,4.0,-0.55,run2,fold01,1,1,21
no_attention,NoAttention,tp13_L4_m0p55,timepoint_mask,4.0,-0.55,run2,fold01,1,2,5
no_attention,NoAttention,tp13_L4_m0p55,timepoint_mask,4.0,-0.55,run2,fold01,2,0,1
no_attention,NoAttention,tp13_L4_m0p55,timepoint_mask,4.0,-0.55,run2,fold01,2,1,7
no_attention,NoAttention,tp13_L4_m0p55,timepoint_mask,4.0,-0.55,run2,fold01,2,2,6
no_attention,NoAttention,tp13_L4_m0p55,timepoint_mask,4.0,-0.55,run2,fold02,0,0,16
no_attention,NoAttention,tp13_L4_m0p55,timepoint_mask,4.0,-0.55,run2,fold02,0,1,6
no_attention,NoAttention,tp13_L4_m0p55,timepoint_mask,4.0,-0.55,run2,fold02,0,2,4
no_attention,NoAttention,tp13_L4_m0p55,timepoint_mask,4.0,-0.55,run2,fold02,1,0,7
no_attention,NoAttention,tp13_L4_m0p55,timepoint_mask,4.0,-0.55,run2,fold02,1,1,16
no_attention,NoAttention,tp13_L4_m0p55,timepoint_mask,4.0,-0.55,run2,fold02,1,2,8
no_attention,NoAttention,tp13_L4_m0p55,timepoint_mask,4.0,-0.55,run2,fold02,2,0,1
no_attention,NoAttention,tp13_L4_m0p55,timepoint_mask,4.0,-0.55,run2,fold02,2,1,0
no_attention,NoAttention,tp13_L4_m0p55,timepoint_mask,4.0,-0.55,run2,fold02,2,2,13
no_attention,NoAttention,tp13_L4_m0p55,timepoint_mask,4.0,-0.55,run2,fold03,0,0,16
no_attention,NoAttention,tp13_L4_m0p55,timepoint_mask,4.0,-0.55,run2,fold03,0,1,8
no_attention,NoAttention,tp13_L4_m0p55,timepoint_mask,4.0,-0.55,run2,fold03,0,2,2
no_attention,NoAttention,tp13_L4_m0p55,timepoint_mask,4.0,-0.55,run2,fold03,1,0,6
no_attention,NoAttention,tp13_L4_m0p55,timepoint_mask,4.0,-0.55,run2,fold03,1,1,19
no_attention,NoAttention,tp13_L4_m0p55,timepoint_mask,4.0,-0.55,run2,fold03,1,2,6
no_attention,NoAttention,tp13_L4_m0p55,timepoint_mask,4.0,-0.55,run2,fold03,2,0,4
no_attention,NoAttention,tp13_L4_m0p55,timepoint_mask,4.0,-0.55,run2,fold03,2,1,6
no_attention,NoAttention,tp13_L4_m0p55,timepoint_mask,4.0,-0.55,run2,fold03,2,2,4
no_attention,NoAttention,tp13_L4_m0p55,timepoint_mask,4.0,-0.55,run2,oof_pooled,0,0,47
no_attention,NoAttention,tp13_L4_m0p55,timepoint_mask,4.0,-0.55,run2,oof_pooled,0,1,23
no_attention,NoAttention,tp13_L4_m0p55,timepoint_mask,4.0,-0.55,run2,oof_pooled,0,2,9
no_attention,NoAttention,tp13_L4_m0p55,timepoint_mask,4.0,-0.55,run2,oof_pooled,1,0,18
no_attention,NoAttention,tp13_L4_m0p55,timepoint_mask,4.0,-0.55,run2,oof_pooled,1,1,56
no_attention,NoAttention,tp13_L4_m0p55,timepoint_mask,4.0,-0.55,run2,oof_pooled,1,2,19
no_attention,NoAttention,tp13_L4_m0p55,timepoint_mask,4.0,-0.55,run2,oof_pooled,2,0,6
no_attention,NoAttention,tp13_L4_m0p55,timepoint_mask,4.0,-0.55,run2,oof_pooled,2,1,13
no_attention,NoAttention,tp13_L4_m0p55,timepoint_mask,4.0,-0.55,run2,oof_pooled,2,2,23
no_attention,NoAttention,tp14_L5_p0p00,timepoint_mask,5.0,0.0,run1,fold01,0,0,113
no_attention,NoAttention,tp14_L5_p0p00,timepoint_mask,5.0,0.0,run1,fold01,0,1,19
no_attention,NoAttention,tp14_L5_p0p00,timepoint_mask,5.0,0.0,run1,fold01,0,2,2
no_attention,NoAttention,tp14_L5_p0p00,timepoint_mask,5.0,0.0,run1,fold01,1,0,28
no_attention,NoAttention,tp14_L5_p0p00,timepoint_mask,5.0,0.0,run1,fold01,1,1,112
no_attention,NoAttention,tp14_L5_p0p00,timepoint_mask,5.0,0.0,run1,fold01,1,2,12
no_attention,NoAttention,tp14_L5_p0p00,timepoint_mask,5.0,0.0,run1,fold01,2,0,2
no_attention,NoAttention,tp14_L5_p0p00,timepoint_mask,5.0,0.0,run1,fold01,2,1,9
no_attention,NoAttention,tp14_L5_p0p00,timepoint_mask,5.0,0.0,run1,fold01,2,2,30
no_attention,NoAttention,tp14_L5_p0p00,timepoint_mask,5.0,0.0,run1,fold02,0,0,107
no_attention,NoAttention,tp14_L5_p0p00,timepoint_mask,5.0,0.0,run1,fold02,0,1,24
no_attention,NoAttention,tp14_L5_p0p00,timepoint_mask,5.0,0.0,run1,fold02,0,2,3
no_attention,NoAttention,tp14_L5_p0p00,timepoint_mask,5.0,0.0,run1,fold02,1,0,26
no_attention,NoAttention,tp14_L5_p0p00,timepoint_mask,5.0,0.0,run1,fold02,1,1,119
no_attention,NoAttention,tp14_L5_p0p00,timepoint_mask,5.0,0.0,run1,fold02,1,2,7
no_attention,NoAttention,tp14_L5_p0p00,timepoint_mask,5.0,0.0,run1,fold02,2,0,4
no_attention,NoAttention,tp14_L5_p0p00,timepoint_mask,5.0,0.0,run1,fold02,2,1,7
no_attention,NoAttention,tp14_L5_p0p00,timepoint_mask,5.0,0.0,run1,fold02,2,2,29
no_attention,NoAttention,tp14_L5_p0p00,timepoint_mask,5.0,0.0,run1,fold03,0,0,113
no_attention,NoAttention,tp14_L5_p0p00,timepoint_mask,5.0,0.0,run1,fold03,0,1,20
no_attention,NoAttention,tp14_L5_p0p00,timepoint_mask,5.0,0.0,run1,fold03,0,2,1
no_attention,NoAttention,tp14_L5_p0p00,timepoint_mask,5.0,0.0,run1,fold03,1,0,25
no_attention,NoAttention,tp14_L5_p0p00,timepoint_mask,5.0,0.0,run1,fold03,1,1,116
no_attention,NoAttention,tp14_L5_p0p00,timepoint_mask,5.0,0.0,run1,fold03,1,2,11
no_attention,NoAttention,tp14_L5_p0p00,timepoint_mask,5.0,0.0,run1,fold03,2,0,4
no_attention,NoAttention,tp14_L5_p0p00,timepoint_mask,5.0,0.0,run1,fold03,2,1,3
no_attention,NoAttention,tp14_L5_p0p00,timepoint_mask,5.0,0.0,run1,fold03,2,2,33
no_attention,NoAttention,tp14_L5_p0p00,timepoint_mask,5.0,0.0,run1,oof_pooled,0,0,333
no_attention,NoAttention,tp14_L5_p0p00,timepoint_mask,5.0,0.0,run1,oof_pooled,0,1,63
no_attention,NoAttention,tp14_L5_p0p00,timepoint_mask,5.0,0.0,run1,oof_pooled,0,2,6
no_attention,NoAttention,tp14_L5_p0p00,timepoint_mask,5.0,0.0,run1,oof_pooled,1,0,79
no_attention,NoAttention,tp14_L5_p0p00,timepoint_mask,5.0,0.0,run1,oof_pooled,1,1,347
no_attention,NoAttention,tp14_L5_p0p00,timepoint_mask,5.0,0.0,run1,oof_pooled,1,2,30
no_attention,NoAttention,tp14_L5_p0p00,timepoint_mask,5.0,0.0,run1,oof_pooled,2,0,10
no_attention,NoAttention,tp14_L5_p0p00,timepoint_mask,5.0,0.0,run1,oof_pooled,2,1,19
no_attention,NoAttention,tp14_L5_p0p00,timepoint_mask,5.0,0.0,run1,oof_pooled,2,2,92
no_attention,NoAttention,tp14_L5_p0p00,timepoint_mask,5.0,0.0,run2,fold01,0,0,15
no_attention,NoAttention,tp14_L5_p0p00,timepoint_mask,5.0,0.0,run2,fold01,0,1,9
no_attention,NoAttention,tp14_L5_p0p00,timepoint_mask,5.0,0.0,run2,fold01,0,2,3
no_attention,NoAttention,tp14_L5_p0p00,timepoint_mask,5.0,0.0,run2,fold01,1,0,5
no_attention,NoAttention,tp14_L5_p0p00,timepoint_mask,5.0,0.0,run2,fold01,1,1,21
no_attention,NoAttention,tp14_L5_p0p00,timepoint_mask,5.0,0.0,run2,fold01,1,2,5
no_attention,NoAttention,tp14_L5_p0p00,timepoint_mask,5.0,0.0,run2,fold01,2,0,1
no_attention,NoAttention,tp14_L5_p0p00,timepoint_mask,5.0,0.0,run2,fold01,2,1,8
no_attention,NoAttention,tp14_L5_p0p00,timepoint_mask,5.0,0.0,run2,fold01,2,2,5
no_attention,NoAttention,tp14_L5_p0p00,timepoint_mask,5.0,0.0,run2,fold02,0,0,16
no_attention,NoAttention,tp14_L5_p0p00,timepoint_mask,5.0,0.0,run2,fold02,0,1,6
no_attention,NoAttention,tp14_L5_p0p00,timepoint_mask,5.0,0.0,run2,fold02,0,2,4
no_attention,NoAttention,tp14_L5_p0p00,timepoint_mask,5.0,0.0,run2,fold02,1,0,7
no_attention,NoAttention,tp14_L5_p0p00,timepoint_mask,5.0,0.0,run2,fold02,1,1,16
no_attention,NoAttention,tp14_L5_p0p00,timepoint_mask,5.0,0.0,run2,fold02,1,2,8
no_attention,NoAttention,tp14_L5_p0p00,timepoint_mask,5.0,0.0,run2,fold02,2,0,1
no_attention,NoAttention,tp14_L5_p0p00,timepoint_mask,5.0,0.0,run2,fold02,2,1,1
no_attention,NoAttention,tp14_L5_p0p00,timepoint_mask,5.0,0.0,run2,fold02,2,2,12
no_attention,NoAttention,tp14_L5_p0p00,timepoint_mask,5.0,0.0,run2,fold03,0,0,17
no_attention,NoAttention,tp14_L5_p0p00,timepoint_mask,5.0,0.0,run2,fold03,0,1,7
no_attention,NoAttention,tp14_L5_p0p00,timepoint_mask,5.0,0.0,run2,fold03,0,2,2
no_attention,NoAttention,tp14_L5_p0p00,timepoint_mask,5.0,0.0,run2,fold03,1,0,6
no_attention,NoAttention,tp14_L5_p0p00,timepoint_mask,5.0,0.0,run2,fold03,1,1,19
no_attention,NoAttention,tp14_L5_p0p00,timepoint_mask,5.0,0.0,run2,fold03,1,2,6
no_attention,NoAttention,tp14_L5_p0p00,timepoint_mask,5.0,0.0,run2,fold03,2,0,4
no_attention,NoAttention,tp14_L5_p0p00,timepoint_mask,5.0,0.0,run2,fold03,2,1,6
no_attention,NoAttention,tp14_L5_p0p00,timepoint_mask,5.0,0.0,run2,fold03,2,2,4
no_attention,NoAttention,tp14_L5_p0p00,timepoint_mask,5.0,0.0,run2,oof_pooled,0,0,48
no_attention,NoAttention,tp14_L5_p0p00,timepoint_mask,5.0,0.0,run2,oof_pooled,0,1,22
no_attention,NoAttention,tp14_L5_p0p00,timepoint_mask,5.0,0.0,run2,oof_pooled,0,2,9
no_attention,NoAttention,tp14_L5_p0p00,timepoint_mask,5.0,0.0,run2,oof_pooled,1,0,18
no_attention,NoAttention,tp14_L5_p0p00,timepoint_mask,5.0,0.0,run2,oof_pooled,1,1,56
no_attention,NoAttention,tp14_L5_p0p00,timepoint_mask,5.0,0.0,run2,oof_pooled,1,2,19
no_attention,NoAttention,tp14_L5_p0p00,timepoint_mask,5.0,0.0,run2,oof_pooled,2,0,6
no_attention,NoAttention,tp14_L5_p0p00,timepoint_mask,5.0,0.0,run2,oof_pooled,2,1,15
no_attention,NoAttention,tp14_L5_p0p00,timepoint_mask,5.0,0.0,run2,oof_pooled,2,2,21
no_attention,NoAttention,tp15_L5_p0p04,timepoint_mask,5.0,0.04,run1,fold01,0,0,113
no_attention,NoAttention,tp15_L5_p0p04,timepoint_mask,5.0,0.04,run1,fold01,0,1,19
no_attention,NoAttention,tp15_L5_p0p04,timepoint_mask,5.0,0.04,run1,fold01,0,2,2
no_attention,NoAttention,tp15_L5_p0p04,timepoint_mask,5.0,0.04,run1,fold01,1,0,29
no_attention,NoAttention,tp15_L5_p0p04,timepoint_mask,5.0,0.04,run1,fold01,1,1,112
no_attention,NoAttention,tp15_L5_p0p04,timepoint_mask,5.0,0.04,run1,fold01,1,2,11
no_attention,NoAttention,tp15_L5_p0p04,timepoint_mask,5.0,0.04,run1,fold01,2,0,2
no_attention,NoAttention,tp15_L5_p0p04,timepoint_mask,5.0,0.04,run1,fold01,2,1,9
no_attention,NoAttention,tp15_L5_p0p04,timepoint_mask,5.0,0.04,run1,fold01,2,2,30
no_attention,NoAttention,tp15_L5_p0p04,timepoint_mask,5.0,0.04,run1,fold02,0,0,107
no_attention,NoAttention,tp15_L5_p0p04,timepoint_mask,5.0,0.04,run1,fold02,0,1,24
no_attention,NoAttention,tp15_L5_p0p04,timepoint_mask,5.0,0.04,run1,fold02,0,2,3
no_attention,NoAttention,tp15_L5_p0p04,timepoint_mask,5.0,0.04,run1,fold02,1,0,25
no_attention,NoAttention,tp15_L5_p0p04,timepoint_mask,5.0,0.04,run1,fold02,1,1,119
no_attention,NoAttention,tp15_L5_p0p04,timepoint_mask,5.0,0.04,run1,fold02,1,2,8
no_attention,NoAttention,tp15_L5_p0p04,timepoint_mask,5.0,0.04,run1,fold02,2,0,4
no_attention,NoAttention,tp15_L5_p0p04,timepoint_mask,5.0,0.04,run1,fold02,2,1,7
no_attention,NoAttention,tp15_L5_p0p04,timepoint_mask,5.0,0.04,run1,fold02,2,2,29
no_attention,NoAttention,tp15_L5_p0p04,timepoint_mask,5.0,0.04,run1,fold03,0,0,113
no_attention,NoAttention,tp15_L5_p0p04,timepoint_mask,5.0,0.04,run1,fold03,0,1,20
no_attention,NoAttention,tp15_L5_p0p04,timepoint_mask,5.0,0.04,run1,fold03,0,2,1
no_attention,NoAttention,tp15_L5_p0p04,timepoint_mask,5.0,0.04,run1,fold03,1,0,27
no_attention,NoAttention,tp15_L5_p0p04,timepoint_mask,5.0,0.04,run1,fold03,1,1,115
no_attention,NoAttention,tp15_L5_p0p04,timepoint_mask,5.0,0.04,run1,fold03,1,2,10
no_attention,NoAttention,tp15_L5_p0p04,timepoint_mask,5.0,0.04,run1,fold03,2,0,4
no_attention,NoAttention,tp15_L5_p0p04,timepoint_mask,5.0,0.04,run1,fold03,2,1,3
no_attention,NoAttention,tp15_L5_p0p04,timepoint_mask,5.0,0.04,run1,fold03,2,2,33
no_attention,NoAttention,tp15_L5_p0p04,timepoint_mask,5.0,0.04,run1,oof_pooled,0,0,333
no_attention,NoAttention,tp15_L5_p0p04,timepoint_mask,5.0,0.04,run1,oof_pooled,0,1,63
no_attention,NoAttention,tp15_L5_p0p04,timepoint_mask,5.0,0.04,run1,oof_pooled,0,2,6
no_attention,NoAttention,tp15_L5_p0p04,timepoint_mask,5.0,0.04,run1,oof_pooled,1,0,81
no_attention,NoAttention,tp15_L5_p0p04,timepoint_mask,5.0,0.04,run1,oof_pooled,1,1,346
no_attention,NoAttention,tp15_L5_p0p04,timepoint_mask,5.0,0.04,run1,oof_pooled,1,2,29
no_attention,NoAttention,tp15_L5_p0p04,timepoint_mask,5.0,0.04,run1,oof_pooled,2,0,10
no_attention,NoAttention,tp15_L5_p0p04,timepoint_mask,5.0,0.04,run1,oof_pooled,2,1,19
no_attention,NoAttention,tp15_L5_p0p04,timepoint_mask,5.0,0.04,run1,oof_pooled,2,2,92
no_attention,NoAttention,tp15_L5_p0p04,timepoint_mask,5.0,0.04,run2,fold01,0,0,15
no_attention,NoAttention,tp15_L5_p0p04,timepoint_mask,5.0,0.04,run2,fold01,0,1,9
no_attention,NoAttention,tp15_L5_p0p04,timepoint_mask,5.0,0.04,run2,fold01,0,2,3
no_attention,NoAttention,tp15_L5_p0p04,timepoint_mask,5.0,0.04,run2,fold01,1,0,5
no_attention,NoAttention,tp15_L5_p0p04,timepoint_mask,5.0,0.04,run2,fold01,1,1,21
no_attention,NoAttention,tp15_L5_p0p04,timepoint_mask,5.0,0.04,run2,fold01,1,2,5
no_attention,NoAttention,tp15_L5_p0p04,timepoint_mask,5.0,0.04,run2,fold01,2,0,1
no_attention,NoAttention,tp15_L5_p0p04,timepoint_mask,5.0,0.04,run2,fold01,2,1,8
no_attention,NoAttention,tp15_L5_p0p04,timepoint_mask,5.0,0.04,run2,fold01,2,2,5
no_attention,NoAttention,tp15_L5_p0p04,timepoint_mask,5.0,0.04,run2,fold02,0,0,16
no_attention,NoAttention,tp15_L5_p0p04,timepoint_mask,5.0,0.04,run2,fold02,0,1,6
no_attention,NoAttention,tp15_L5_p0p04,timepoint_mask,5.0,0.04,run2,fold02,0,2,4
no_attention,NoAttention,tp15_L5_p0p04,timepoint_mask,5.0,0.04,run2,fold02,1,0,7
no_attention,NoAttention,tp15_L5_p0p04,timepoint_mask,5.0,0.04,run2,fold02,1,1,16
no_attention,NoAttention,tp15_L5_p0p04,timepoint_mask,5.0,0.04,run2,fold02,1,2,8
no_attention,NoAttention,tp15_L5_p0p04,timepoint_mask,5.0,0.04,run2,fold02,2,0,1
no_attention,NoAttention,tp15_L5_p0p04,timepoint_mask,5.0,0.04,run2,fold02,2,1,1
no_attention,NoAttention,tp15_L5_p0p04,timepoint_mask,5.0,0.04,run2,fold02,2,2,12
no_attention,NoAttention,tp15_L5_p0p04,timepoint_mask,5.0,0.04,run2,fold03,0,0,17
no_attention,NoAttention,tp15_L5_p0p04,timepoint_mask,5.0,0.04,run2,fold03,0,1,7
no_attention,NoAttention,tp15_L5_p0p04,timepoint_mask,5.0,0.04,run2,fold03,0,2,2
no_attention,NoAttention,tp15_L5_p0p04,timepoint_mask,5.0,0.04,run2,fold03,1,0,6
no_attention,NoAttention,tp15_L5_p0p04,timepoint_mask,5.0,0.04,run2,fold03,1,1,19
no_attention,NoAttention,tp15_L5_p0p04,timepoint_mask,5.0,0.04,run2,fold03,1,2,6
no_attention,NoAttention,tp15_L5_p0p04,timepoint_mask,5.0,0.04,run2,fold03,2,0,4
no_attention,NoAttention,tp15_L5_p0p04,timepoint_mask,5.0,0.04,run2,fold03,2,1,6
no_attention,NoAttention,tp15_L5_p0p04,timepoint_mask,5.0,0.04,run2,fold03,2,2,4
no_attention,NoAttention,tp15_L5_p0p04,timepoint_mask,5.0,0.04,run2,oof_pooled,0,0,48
no_attention,NoAttention,tp15_L5_p0p04,timepoint_mask,5.0,0.04,run2,oof_pooled,0,1,22
no_attention,NoAttention,tp15_L5_p0p04,timepoint_mask,5.0,0.04,run2,oof_pooled,0,2,9
no_attention,NoAttention,tp15_L5_p0p04,timepoint_mask,5.0,0.04,run2,oof_pooled,1,0,18
no_attention,NoAttention,tp15_L5_p0p04,timepoint_mask,5.0,0.04,run2,oof_pooled,1,1,56
no_attention,NoAttention,tp15_L5_p0p04,timepoint_mask,5.0,0.04,run2,oof_pooled,1,2,19
no_attention,NoAttention,tp15_L5_p0p04,timepoint_mask,5.0,0.04,run2,oof_pooled,2,0,6
no_attention,NoAttention,tp15_L5_p0p04,timepoint_mask,5.0,0.04,run2,oof_pooled,2,1,15
no_attention,NoAttention,tp15_L5_p0p04,timepoint_mask,5.0,0.04,run2,oof_pooled,2,2,21
no_attention,NoAttention,tp16_L5_p0p05,timepoint_mask,5.0,0.05,run1,fold01,0,0,113
no_attention,NoAttention,tp16_L5_p0p05,timepoint_mask,5.0,0.05,run1,fold01,0,1,19
no_attention,NoAttention,tp16_L5_p0p05,timepoint_mask,5.0,0.05,run1,fold01,0,2,2
no_attention,NoAttention,tp16_L5_p0p05,timepoint_mask,5.0,0.05,run1,fold01,1,0,28
no_attention,NoAttention,tp16_L5_p0p05,timepoint_mask,5.0,0.05,run1,fold01,1,1,112
no_attention,NoAttention,tp16_L5_p0p05,timepoint_mask,5.0,0.05,run1,fold01,1,2,12
no_attention,NoAttention,tp16_L5_p0p05,timepoint_mask,5.0,0.05,run1,fold01,2,0,2
no_attention,NoAttention,tp16_L5_p0p05,timepoint_mask,5.0,0.05,run1,fold01,2,1,9
no_attention,NoAttention,tp16_L5_p0p05,timepoint_mask,5.0,0.05,run1,fold01,2,2,30
no_attention,NoAttention,tp16_L5_p0p05,timepoint_mask,5.0,0.05,run1,fold02,0,0,107
no_attention,NoAttention,tp16_L5_p0p05,timepoint_mask,5.0,0.05,run1,fold02,0,1,24
no_attention,NoAttention,tp16_L5_p0p05,timepoint_mask,5.0,0.05,run1,fold02,0,2,3
no_attention,NoAttention,tp16_L5_p0p05,timepoint_mask,5.0,0.05,run1,fold02,1,0,25
no_attention,NoAttention,tp16_L5_p0p05,timepoint_mask,5.0,0.05,run1,fold02,1,1,119
no_attention,NoAttention,tp16_L5_p0p05,timepoint_mask,5.0,0.05,run1,fold02,1,2,8
no_attention,NoAttention,tp16_L5_p0p05,timepoint_mask,5.0,0.05,run1,fold02,2,0,4
no_attention,NoAttention,tp16_L5_p0p05,timepoint_mask,5.0,0.05,run1,fold02,2,1,7
no_attention,NoAttention,tp16_L5_p0p05,timepoint_mask,5.0,0.05,run1,fold02,2,2,29
no_attention,NoAttention,tp16_L5_p0p05,timepoint_mask,5.0,0.05,run1,fold03,0,0,113
no_attention,NoAttention,tp16_L5_p0p05,timepoint_mask,5.0,0.05,run1,fold03,0,1,20
no_attention,NoAttention,tp16_L5_p0p05,timepoint_mask,5.0,0.05,run1,fold03,0,2,1
no_attention,NoAttention,tp16_L5_p0p05,timepoint_mask,5.0,0.05,run1,fold03,1,0,27
no_attention,NoAttention,tp16_L5_p0p05,timepoint_mask,5.0,0.05,run1,fold03,1,1,115
no_attention,NoAttention,tp16_L5_p0p05,timepoint_mask,5.0,0.05,run1,fold03,1,2,10
no_attention,NoAttention,tp16_L5_p0p05,timepoint_mask,5.0,0.05,run1,fold03,2,0,4
no_attention,NoAttention,tp16_L5_p0p05,timepoint_mask,5.0,0.05,run1,fold03,2,1,3
no_attention,NoAttention,tp16_L5_p0p05,timepoint_mask,5.0,0.05,run1,fold03,2,2,33
no_attention,NoAttention,tp16_L5_p0p05,timepoint_mask,5.0,0.05,run1,oof_pooled,0,0,333
no_attention,NoAttention,tp16_L5_p0p05,timepoint_mask,5.0,0.05,run1,oof_pooled,0,1,63
no_attention,NoAttention,tp16_L5_p0p05,timepoint_mask,5.0,0.05,run1,oof_pooled,0,2,6
no_attention,NoAttention,tp16_L5_p0p05,timepoint_mask,5.0,0.05,run1,oof_pooled,1,0,80
no_attention,NoAttention,tp16_L5_p0p05,timepoint_mask,5.0,0.05,run1,oof_pooled,1,1,346
no_attention,NoAttention,tp16_L5_p0p05,timepoint_mask,5.0,0.05,run1,oof_pooled,1,2,30
no_attention,NoAttention,tp16_L5_p0p05,timepoint_mask,5.0,0.05,run1,oof_pooled,2,0,10
no_attention,NoAttention,tp16_L5_p0p05,timepoint_mask,5.0,0.05,run1,oof_pooled,2,1,19
no_attention,NoAttention,tp16_L5_p0p05,timepoint_mask,5.0,0.05,run1,oof_pooled,2,2,92
no_attention,NoAttention,tp16_L5_p0p05,timepoint_mask,5.0,0.05,run2,fold01,0,0,15
no_attention,NoAttention,tp16_L5_p0p05,timepoint_mask,5.0,0.05,run2,fold01,0,1,9
no_attention,NoAttention,tp16_L5_p0p05,timepoint_mask,5.0,0.05,run2,fold01,0,2,3
no_attention,NoAttention,tp16_L5_p0p05,timepoint_mask,5.0,0.05,run2,fold01,1,0,5
no_attention,NoAttention,tp16_L5_p0p05,timepoint_mask,5.0,0.05,run2,fold01,1,1,21
no_attention,NoAttention,tp16_L5_p0p05,timepoint_mask,5.0,0.05,run2,fold01,1,2,5
no_attention,NoAttention,tp16_L5_p0p05,timepoint_mask,5.0,0.05,run2,fold01,2,0,1
no_attention,NoAttention,tp16_L5_p0p05,timepoint_mask,5.0,0.05,run2,fold01,2,1,8
no_attention,NoAttention,tp16_L5_p0p05,timepoint_mask,5.0,0.05,run2,fold01,2,2,5
no_attention,NoAttention,tp16_L5_p0p05,timepoint_mask,5.0,0.05,run2,fold02,0,0,16
no_attention,NoAttention,tp16_L5_p0p05,timepoint_mask,5.0,0.05,run2,fold02,0,1,6
no_attention,NoAttention,tp16_L5_p0p05,timepoint_mask,5.0,0.05,run2,fold02,0,2,4
no_attention,NoAttention,tp16_L5_p0p05,timepoint_mask,5.0,0.05,run2,fold02,1,0,7
no_attention,NoAttention,tp16_L5_p0p05,timepoint_mask,5.0,0.05,run2,fold02,1,1,16
no_attention,NoAttention,tp16_L5_p0p05,timepoint_mask,5.0,0.05,run2,fold02,1,2,8
no_attention,NoAttention,tp16_L5_p0p05,timepoint_mask,5.0,0.05,run2,fold02,2,0,1
no_attention,NoAttention,tp16_L5_p0p05,timepoint_mask,5.0,0.05,run2,fold02,2,1,1
no_attention,NoAttention,tp16_L5_p0p05,timepoint_mask,5.0,0.05,run2,fold02,2,2,12
no_attention,NoAttention,tp16_L5_p0p05,timepoint_mask,5.0,0.05,run2,fold03,0,0,17
no_attention,NoAttention,tp16_L5_p0p05,timepoint_mask,5.0,0.05,run2,fold03,0,1,7
no_attention,NoAttention,tp16_L5_p0p05,timepoint_mask,5.0,0.05,run2,fold03,0,2,2
no_attention,NoAttention,tp16_L5_p0p05,timepoint_mask,5.0,0.05,run2,fold03,1,0,6
no_attention,NoAttention,tp16_L5_p0p05,timepoint_mask,5.0,0.05,run2,fold03,1,1,19
no_attention,NoAttention,tp16_L5_p0p05,timepoint_mask,5.0,0.05,run2,fold03,1,2,6
no_attention,NoAttention,tp16_L5_p0p05,timepoint_mask,5.0,0.05,run2,fold03,2,0,4
no_attention,NoAttention,tp16_L5_p0p05,timepoint_mask,5.0,0.05,run2,fold03,2,1,6
no_attention,NoAttention,tp16_L5_p0p05,timepoint_mask,5.0,0.05,run2,fold03,2,2,4
no_attention,NoAttention,tp16_L5_p0p05,timepoint_mask,5.0,0.05,run2,oof_pooled,0,0,48
no_attention,NoAttention,tp16_L5_p0p05,timepoint_mask,5.0,0.05,run2,oof_pooled,0,1,22
no_attention,NoAttention,tp16_L5_p0p05,timepoint_mask,5.0,0.05,run2,oof_pooled,0,2,9
no_attention,NoAttention,tp16_L5_p0p05,timepoint_mask,5.0,0.05,run2,oof_pooled,1,0,18
no_attention,NoAttention,tp16_L5_p0p05,timepoint_mask,5.0,0.05,run2,oof_pooled,1,1,56
no_attention,NoAttention,tp16_L5_p0p05,timepoint_mask,5.0,0.05,run2,oof_pooled,1,2,19
no_attention,NoAttention,tp16_L5_p0p05,timepoint_mask,5.0,0.05,run2,oof_pooled,2,0,6
no_attention,NoAttention,tp16_L5_p0p05,timepoint_mask,5.0,0.05,run2,oof_pooled,2,1,15
no_attention,NoAttention,tp16_L5_p0p05,timepoint_mask,5.0,0.05,run2,oof_pooled,2,2,21
no_attention,NoAttention,tp17_L5_p0p06,timepoint_mask,5.0,0.06,run1,fold01,0,0,113
no_attention,NoAttention,tp17_L5_p0p06,timepoint_mask,5.0,0.06,run1,fold01,0,1,19
no_attention,NoAttention,tp17_L5_p0p06,timepoint_mask,5.0,0.06,run1,fold01,0,2,2
no_attention,NoAttention,tp17_L5_p0p06,timepoint_mask,5.0,0.06,run1,fold01,1,0,28
no_attention,NoAttention,tp17_L5_p0p06,timepoint_mask,5.0,0.06,run1,fold01,1,1,112
no_attention,NoAttention,tp17_L5_p0p06,timepoint_mask,5.0,0.06,run1,fold01,1,2,12
no_attention,NoAttention,tp17_L5_p0p06,timepoint_mask,5.0,0.06,run1,fold01,2,0,2
no_attention,NoAttention,tp17_L5_p0p06,timepoint_mask,5.0,0.06,run1,fold01,2,1,9
no_attention,NoAttention,tp17_L5_p0p06,timepoint_mask,5.0,0.06,run1,fold01,2,2,30
no_attention,NoAttention,tp17_L5_p0p06,timepoint_mask,5.0,0.06,run1,fold02,0,0,107
no_attention,NoAttention,tp17_L5_p0p06,timepoint_mask,5.0,0.06,run1,fold02,0,1,24
no_attention,NoAttention,tp17_L5_p0p06,timepoint_mask,5.0,0.06,run1,fold02,0,2,3
no_attention,NoAttention,tp17_L5_p0p06,timepoint_mask,5.0,0.06,run1,fold02,1,0,27
no_attention,NoAttention,tp17_L5_p0p06,timepoint_mask,5.0,0.06,run1,fold02,1,1,118
no_attention,NoAttention,tp17_L5_p0p06,timepoint_mask,5.0,0.06,run1,fold02,1,2,7
no_attention,NoAttention,tp17_L5_p0p06,timepoint_mask,5.0,0.06,run1,fold02,2,0,4
no_attention,NoAttention,tp17_L5_p0p06,timepoint_mask,5.0,0.06,run1,fold02,2,1,7
no_attention,NoAttention,tp17_L5_p0p06,timepoint_mask,5.0,0.06,run1,fold02,2,2,29
no_attention,NoAttention,tp17_L5_p0p06,timepoint_mask,5.0,0.06,run1,fold03,0,0,113
no_attention,NoAttention,tp17_L5_p0p06,timepoint_mask,5.0,0.06,run1,fold03,0,1,20
no_attention,NoAttention,tp17_L5_p0p06,timepoint_mask,5.0,0.06,run1,fold03,0,2,1
no_attention,NoAttention,tp17_L5_p0p06,timepoint_mask,5.0,0.06,run1,fold03,1,0,26
no_attention,NoAttention,tp17_L5_p0p06,timepoint_mask,5.0,0.06,run1,fold03,1,1,116
no_attention,NoAttention,tp17_L5_p0p06,timepoint_mask,5.0,0.06,run1,fold03,1,2,10
no_attention,NoAttention,tp17_L5_p0p06,timepoint_mask,5.0,0.06,run1,fold03,2,0,4
no_attention,NoAttention,tp17_L5_p0p06,timepoint_mask,5.0,0.06,run1,fold03,2,1,3
no_attention,NoAttention,tp17_L5_p0p06,timepoint_mask,5.0,0.06,run1,fold03,2,2,33
no_attention,NoAttention,tp17_L5_p0p06,timepoint_mask,5.0,0.06,run1,oof_pooled,0,0,333
no_attention,NoAttention,tp17_L5_p0p06,timepoint_mask,5.0,0.06,run1,oof_pooled,0,1,63
no_attention,NoAttention,tp17_L5_p0p06,timepoint_mask,5.0,0.06,run1,oof_pooled,0,2,6
no_attention,NoAttention,tp17_L5_p0p06,timepoint_mask,5.0,0.06,run1,oof_pooled,1,0,81
no_attention,NoAttention,tp17_L5_p0p06,timepoint_mask,5.0,0.06,run1,oof_pooled,1,1,346
no_attention,NoAttention,tp17_L5_p0p06,timepoint_mask,5.0,0.06,run1,oof_pooled,1,2,29
no_attention,NoAttention,tp17_L5_p0p06,timepoint_mask,5.0,0.06,run1,oof_pooled,2,0,10
no_attention,NoAttention,tp17_L5_p0p06,timepoint_mask,5.0,0.06,run1,oof_pooled,2,1,19
no_attention,NoAttention,tp17_L5_p0p06,timepoint_mask,5.0,0.06,run1,oof_pooled,2,2,92
no_attention,NoAttention,tp17_L5_p0p06,timepoint_mask,5.0,0.06,run2,fold01,0,0,15
no_attention,NoAttention,tp17_L5_p0p06,timepoint_mask,5.0,0.06,run2,fold01,0,1,9
no_attention,NoAttention,tp17_L5_p0p06,timepoint_mask,5.0,0.06,run2,fold01,0,2,3
no_attention,NoAttention,tp17_L5_p0p06,timepoint_mask,5.0,0.06,run2,fold01,1,0,5
no_attention,NoAttention,tp17_L5_p0p06,timepoint_mask,5.0,0.06,run2,fold01,1,1,21
no_attention,NoAttention,tp17_L5_p0p06,timepoint_mask,5.0,0.06,run2,fold01,1,2,5
no_attention,NoAttention,tp17_L5_p0p06,timepoint_mask,5.0,0.06,run2,fold01,2,0,1
no_attention,NoAttention,tp17_L5_p0p06,timepoint_mask,5.0,0.06,run2,fold01,2,1,8
no_attention,NoAttention,tp17_L5_p0p06,timepoint_mask,5.0,0.06,run2,fold01,2,2,5
no_attention,NoAttention,tp17_L5_p0p06,timepoint_mask,5.0,0.06,run2,fold02,0,0,16
no_attention,NoAttention,tp17_L5_p0p06,timepoint_mask,5.0,0.06,run2,fold02,0,1,6
no_attention,NoAttention,tp17_L5_p0p06,timepoint_mask,5.0,0.06,run2,fold02,0,2,4
no_attention,NoAttention,tp17_L5_p0p06,timepoint_mask,5.0,0.06,run2,fold02,1,0,7
no_attention,NoAttention,tp17_L5_p0p06,timepoint_mask,5.0,0.06,run2,fold02,1,1,16
no_attention,NoAttention,tp17_L5_p0p06,timepoint_mask,5.0,0.06,run2,fold02,1,2,8
no_attention,NoAttention,tp17_L5_p0p06,timepoint_mask,5.0,0.06,run2,fold02,2,0,1
no_attention,NoAttention,tp17_L5_p0p06,timepoint_mask,5.0,0.06,run2,fold02,2,1,1
no_attention,NoAttention,tp17_L5_p0p06,timepoint_mask,5.0,0.06,run2,fold02,2,2,12
no_attention,NoAttention,tp17_L5_p0p06,timepoint_mask,5.0,0.06,run2,fold03,0,0,17
no_attention,NoAttention,tp17_L5_p0p06,timepoint_mask,5.0,0.06,run2,fold03,0,1,7
no_attention,NoAttention,tp17_L5_p0p06,timepoint_mask,5.0,0.06,run2,fold03,0,2,2
no_attention,NoAttention,tp17_L5_p0p06,timepoint_mask,5.0,0.06,run2,fold03,1,0,6
no_attention,NoAttention,tp17_L5_p0p06,timepoint_mask,5.0,0.06,run2,fold03,1,1,19
no_attention,NoAttention,tp17_L5_p0p06,timepoint_mask,5.0,0.06,run2,fold03,1,2,6
no_attention,NoAttention,tp17_L5_p0p06,timepoint_mask,5.0,0.06,run2,fold03,2,0,4
no_attention,NoAttention,tp17_L5_p0p06,timepoint_mask,5.0,0.06,run2,fold03,2,1,6
no_attention,NoAttention,tp17_L5_p0p06,timepoint_mask,5.0,0.06,run2,fold03,2,2,4
no_attention,NoAttention,tp17_L5_p0p06,timepoint_mask,5.0,0.06,run2,oof_pooled,0,0,48
no_attention,NoAttention,tp17_L5_p0p06,timepoint_mask,5.0,0.06,run2,oof_pooled,0,1,22
no_attention,NoAttention,tp17_L5_p0p06,timepoint_mask,5.0,0.06,run2,oof_pooled,0,2,9
no_attention,NoAttention,tp17_L5_p0p06,timepoint_mask,5.0,0.06,run2,oof_pooled,1,0,18
no_attention,NoAttention,tp17_L5_p0p06,timepoint_mask,5.0,0.06,run2,oof_pooled,1,1,56
no_attention,NoAttention,tp17_L5_p0p06,timepoint_mask,5.0,0.06,run2,oof_pooled,1,2,19
no_attention,NoAttention,tp17_L5_p0p06,timepoint_mask,5.0,0.06,run2,oof_pooled,2,0,6
no_attention,NoAttention,tp17_L5_p0p06,timepoint_mask,5.0,0.06,run2,oof_pooled,2,1,15
no_attention,NoAttention,tp17_L5_p0p06,timepoint_mask,5.0,0.06,run2,oof_pooled,2,2,21
no_attention,NoAttention,tp18_L5_p0p07,timepoint_mask,5.0,0.07,run1,fold01,0,0,113
no_attention,NoAttention,tp18_L5_p0p07,timepoint_mask,5.0,0.07,run1,fold01,0,1,19
no_attention,NoAttention,tp18_L5_p0p07,timepoint_mask,5.0,0.07,run1,fold01,0,2,2
no_attention,NoAttention,tp18_L5_p0p07,timepoint_mask,5.0,0.07,run1,fold01,1,0,28
no_attention,NoAttention,tp18_L5_p0p07,timepoint_mask,5.0,0.07,run1,fold01,1,1,112
no_attention,NoAttention,tp18_L5_p0p07,timepoint_mask,5.0,0.07,run1,fold01,1,2,12
no_attention,NoAttention,tp18_L5_p0p07,timepoint_mask,5.0,0.07,run1,fold01,2,0,2
no_attention,NoAttention,tp18_L5_p0p07,timepoint_mask,5.0,0.07,run1,fold01,2,1,9
no_attention,NoAttention,tp18_L5_p0p07,timepoint_mask,5.0,0.07,run1,fold01,2,2,30
no_attention,NoAttention,tp18_L5_p0p07,timepoint_mask,5.0,0.07,run1,fold02,0,0,107
no_attention,NoAttention,tp18_L5_p0p07,timepoint_mask,5.0,0.07,run1,fold02,0,1,24
no_attention,NoAttention,tp18_L5_p0p07,timepoint_mask,5.0,0.07,run1,fold02,0,2,3
no_attention,NoAttention,tp18_L5_p0p07,timepoint_mask,5.0,0.07,run1,fold02,1,0,27
no_attention,NoAttention,tp18_L5_p0p07,timepoint_mask,5.0,0.07,run1,fold02,1,1,118
no_attention,NoAttention,tp18_L5_p0p07,timepoint_mask,5.0,0.07,run1,fold02,1,2,7
no_attention,NoAttention,tp18_L5_p0p07,timepoint_mask,5.0,0.07,run1,fold02,2,0,4
no_attention,NoAttention,tp18_L5_p0p07,timepoint_mask,5.0,0.07,run1,fold02,2,1,7
no_attention,NoAttention,tp18_L5_p0p07,timepoint_mask,5.0,0.07,run1,fold02,2,2,29
no_attention,NoAttention,tp18_L5_p0p07,timepoint_mask,5.0,0.07,run1,fold03,0,0,113
no_attention,NoAttention,tp18_L5_p0p07,timepoint_mask,5.0,0.07,run1,fold03,0,1,20
no_attention,NoAttention,tp18_L5_p0p07,timepoint_mask,5.0,0.07,run1,fold03,0,2,1
no_attention,NoAttention,tp18_L5_p0p07,timepoint_mask,5.0,0.07,run1,fold03,1,0,28
no_attention,NoAttention,tp18_L5_p0p07,timepoint_mask,5.0,0.07,run1,fold03,1,1,114
no_attention,NoAttention,tp18_L5_p0p07,timepoint_mask,5.0,0.07,run1,fold03,1,2,10
no_attention,NoAttention,tp18_L5_p0p07,timepoint_mask,5.0,0.07,run1,fold03,2,0,4
no_attention,NoAttention,tp18_L5_p0p07,timepoint_mask,5.0,0.07,run1,fold03,2,1,3
no_attention,NoAttention,tp18_L5_p0p07,timepoint_mask,5.0,0.07,run1,fold03,2,2,33
no_attention,NoAttention,tp18_L5_p0p07,timepoint_mask,5.0,0.07,run1,oof_pooled,0,0,333
no_attention,NoAttention,tp18_L5_p0p07,timepoint_mask,5.0,0.07,run1,oof_pooled,0,1,63
no_attention,NoAttention,tp18_L5_p0p07,timepoint_mask,5.0,0.07,run1,oof_pooled,0,2,6
no_attention,NoAttention,tp18_L5_p0p07,timepoint_mask,5.0,0.07,run1,oof_pooled,1,0,83
no_attention,NoAttention,tp18_L5_p0p07,timepoint_mask,5.0,0.07,run1,oof_pooled,1,1,344
no_attention,NoAttention,tp18_L5_p0p07,timepoint_mask,5.0,0.07,run1,oof_pooled,1,2,29
no_attention,NoAttention,tp18_L5_p0p07,timepoint_mask,5.0,0.07,run1,oof_pooled,2,0,10
no_attention,NoAttention,tp18_L5_p0p07,timepoint_mask,5.0,0.07,run1,oof_pooled,2,1,19
no_attention,NoAttention,tp18_L5_p0p07,timepoint_mask,5.0,0.07,run1,oof_pooled,2,2,92
no_attention,NoAttention,tp18_L5_p0p07,timepoint_mask,5.0,0.07,run2,fold01,0,0,15
no_attention,NoAttention,tp18_L5_p0p07,timepoint_mask,5.0,0.07,run2,fold01,0,1,9
no_attention,NoAttention,tp18_L5_p0p07,timepoint_mask,5.0,0.07,run2,fold01,0,2,3
no_attention,NoAttention,tp18_L5_p0p07,timepoint_mask,5.0,0.07,run2,fold01,1,0,5
no_attention,NoAttention,tp18_L5_p0p07,timepoint_mask,5.0,0.07,run2,fold01,1,1,21
no_attention,NoAttention,tp18_L5_p0p07,timepoint_mask,5.0,0.07,run2,fold01,1,2,5
no_attention,NoAttention,tp18_L5_p0p07,timepoint_mask,5.0,0.07,run2,fold01,2,0,1
no_attention,NoAttention,tp18_L5_p0p07,timepoint_mask,5.0,0.07,run2,fold01,2,1,8
no_attention,NoAttention,tp18_L5_p0p07,timepoint_mask,5.0,0.07,run2,fold01,2,2,5
no_attention,NoAttention,tp18_L5_p0p07,timepoint_mask,5.0,0.07,run2,fold02,0,0,16
no_attention,NoAttention,tp18_L5_p0p07,timepoint_mask,5.0,0.07,run2,fold02,0,1,6
no_attention,NoAttention,tp18_L5_p0p07,timepoint_mask,5.0,0.07,run2,fold02,0,2,4
no_attention,NoAttention,tp18_L5_p0p07,timepoint_mask,5.0,0.07,run2,fold02,1,0,7
no_attention,NoAttention,tp18_L5_p0p07,timepoint_mask,5.0,0.07,run2,fold02,1,1,16
no_attention,NoAttention,tp18_L5_p0p07,timepoint_mask,5.0,0.07,run2,fold02,1,2,8
no_attention,NoAttention,tp18_L5_p0p07,timepoint_mask,5.0,0.07,run2,fold02,2,0,1
no_attention,NoAttention,tp18_L5_p0p07,timepoint_mask,5.0,0.07,run2,fold02,2,1,1
no_attention,NoAttention,tp18_L5_p0p07,timepoint_mask,5.0,0.07,run2,fold02,2,2,12
no_attention,NoAttention,tp18_L5_p0p07,timepoint_mask,5.0,0.07,run2,fold03,0,0,17
no_attention,NoAttention,tp18_L5_p0p07,timepoint_mask,5.0,0.07,run2,fold03,0,1,7
no_attention,NoAttention,tp18_L5_p0p07,timepoint_mask,5.0,0.07,run2,fold03,0,2,2
no_attention,NoAttention,tp18_L5_p0p07,timepoint_mask,5.0,0.07,run2,fold03,1,0,6
no_attention,NoAttention,tp18_L5_p0p07,timepoint_mask,5.0,0.07,run2,fold03,1,1,19
no_attention,NoAttention,tp18_L5_p0p07,timepoint_mask,5.0,0.07,run2,fold03,1,2,6
no_attention,NoAttention,tp18_L5_p0p07,timepoint_mask,5.0,0.07,run2,fold03,2,0,4
no_attention,NoAttention,tp18_L5_p0p07,timepoint_mask,5.0,0.07,run2,fold03,2,1,6
no_attention,NoAttention,tp18_L5_p0p07,timepoint_mask,5.0,0.07,run2,fold03,2,2,4
no_attention,NoAttention,tp18_L5_p0p07,timepoint_mask,5.0,0.07,run2,oof_pooled,0,0,48
no_attention,NoAttention,tp18_L5_p0p07,timepoint_mask,5.0,0.07,run2,oof_pooled,0,1,22
no_attention,NoAttention,tp18_L5_p0p07,timepoint_mask,5.0,0.07,run2,oof_pooled,0,2,9
no_attention,NoAttention,tp18_L5_p0p07,timepoint_mask,5.0,0.07,run2,oof_pooled,1,0,18
no_attention,NoAttention,tp18_L5_p0p07,timepoint_mask,5.0,0.07,run2,oof_pooled,1,1,56
no_attention,NoAttention,tp18_L5_p0p07,timepoint_mask,5.0,0.07,run2,oof_pooled,1,2,19
no_attention,NoAttention,tp18_L5_p0p07,timepoint_mask,5.0,0.07,run2,oof_pooled,2,0,6
no_attention,NoAttention,tp18_L5_p0p07,timepoint_mask,5.0,0.07,run2,oof_pooled,2,1,15
no_attention,NoAttention,tp18_L5_p0p07,timepoint_mask,5.0,0.07,run2,oof_pooled,2,2,21
no_attention,NoAttention,tp19_L5_p0p08,timepoint_mask,5.0,0.08,run1,fold01,0,0,113
no_attention,NoAttention,tp19_L5_p0p08,timepoint_mask,5.0,0.08,run1,fold01,0,1,19
no_attention,NoAttention,tp19_L5_p0p08,timepoint_mask,5.0,0.08,run1,fold01,0,2,2
no_attention,NoAttention,tp19_L5_p0p08,timepoint_mask,5.0,0.08,run1,fold01,1,0,29
no_attention,NoAttention,tp19_L5_p0p08,timepoint_mask,5.0,0.08,run1,fold01,1,1,111
no_attention,NoAttention,tp19_L5_p0p08,timepoint_mask,5.0,0.08,run1,fold01,1,2,12
no_attention,NoAttention,tp19_L5_p0p08,timepoint_mask,5.0,0.08,run1,fold01,2,0,2
no_attention,NoAttention,tp19_L5_p0p08,timepoint_mask,5.0,0.08,run1,fold01,2,1,9
no_attention,NoAttention,tp19_L5_p0p08,timepoint_mask,5.0,0.08,run1,fold01,2,2,30
no_attention,NoAttention,tp19_L5_p0p08,timepoint_mask,5.0,0.08,run1,fold02,0,0,107
no_attention,NoAttention,tp19_L5_p0p08,timepoint_mask,5.0,0.08,run1,fold02,0,1,24
no_attention,NoAttention,tp19_L5_p0p08,timepoint_mask,5.0,0.08,run1,fold02,0,2,3
no_attention,NoAttention,tp19_L5_p0p08,timepoint_mask,5.0,0.08,run1,fold02,1,0,25
no_attention,NoAttention,tp19_L5_p0p08,timepoint_mask,5.0,0.08,run1,fold02,1,1,119
no_attention,NoAttention,tp19_L5_p0p08,timepoint_mask,5.0,0.08,run1,fold02,1,2,8
no_attention,NoAttention,tp19_L5_p0p08,timepoint_mask,5.0,0.08,run1,fold02,2,0,4
no_attention,NoAttention,tp19_L5_p0p08,timepoint_mask,5.0,0.08,run1,fold02,2,1,7
no_attention,NoAttention,tp19_L5_p0p08,timepoint_mask,5.0,0.08,run1,fold02,2,2,29
no_attention,NoAttention,tp19_L5_p0p08,timepoint_mask,5.0,0.08,run1,fold03,0,0,113
no_attention,NoAttention,tp19_L5_p0p08,timepoint_mask,5.0,0.08,run1,fold03,0,1,20
no_attention,NoAttention,tp19_L5_p0p08,timepoint_mask,5.0,0.08,run1,fold03,0,2,1
no_attention,NoAttention,tp19_L5_p0p08,timepoint_mask,5.0,0.08,run1,fold03,1,0,29
no_attention,NoAttention,tp19_L5_p0p08,timepoint_mask,5.0,0.08,run1,fold03,1,1,113
no_attention,NoAttention,tp19_L5_p0p08,timepoint_mask,5.0,0.08,run1,fold03,1,2,10
no_attention,NoAttention,tp19_L5_p0p08,timepoint_mask,5.0,0.08,run1,fold03,2,0,4
no_attention,NoAttention,tp19_L5_p0p08,timepoint_mask,5.0,0.08,run1,fold03,2,1,3
no_attention,NoAttention,tp19_L5_p0p08,timepoint_mask,5.0,0.08,run1,fold03,2,2,33
no_attention,NoAttention,tp19_L5_p0p08,timepoint_mask,5.0,0.08,run1,oof_pooled,0,0,333
no_attention,NoAttention,tp19_L5_p0p08,timepoint_mask,5.0,0.08,run1,oof_pooled,0,1,63
no_attention,NoAttention,tp19_L5_p0p08,timepoint_mask,5.0,0.08,run1,oof_pooled,0,2,6
no_attention,NoAttention,tp19_L5_p0p08,timepoint_mask,5.0,0.08,run1,oof_pooled,1,0,83
no_attention,NoAttention,tp19_L5_p0p08,timepoint_mask,5.0,0.08,run1,oof_pooled,1,1,343
no_attention,NoAttention,tp19_L5_p0p08,timepoint_mask,5.0,0.08,run1,oof_pooled,1,2,30
no_attention,NoAttention,tp19_L5_p0p08,timepoint_mask,5.0,0.08,run1,oof_pooled,2,0,10
no_attention,NoAttention,tp19_L5_p0p08,timepoint_mask,5.0,0.08,run1,oof_pooled,2,1,19
no_attention,NoAttention,tp19_L5_p0p08,timepoint_mask,5.0,0.08,run1,oof_pooled,2,2,92
no_attention,NoAttention,tp19_L5_p0p08,timepoint_mask,5.0,0.08,run2,fold01,0,0,15
no_attention,NoAttention,tp19_L5_p0p08,timepoint_mask,5.0,0.08,run2,fold01,0,1,9
no_attention,NoAttention,tp19_L5_p0p08,timepoint_mask,5.0,0.08,run2,fold01,0,2,3
no_attention,NoAttention,tp19_L5_p0p08,timepoint_mask,5.0,0.08,run2,fold01,1,0,5
no_attention,NoAttention,tp19_L5_p0p08,timepoint_mask,5.0,0.08,run2,fold01,1,1,21
no_attention,NoAttention,tp19_L5_p0p08,timepoint_mask,5.0,0.08,run2,fold01,1,2,5
no_attention,NoAttention,tp19_L5_p0p08,timepoint_mask,5.0,0.08,run2,fold01,2,0,1
no_attention,NoAttention,tp19_L5_p0p08,timepoint_mask,5.0,0.08,run2,fold01,2,1,8
no_attention,NoAttention,tp19_L5_p0p08,timepoint_mask,5.0,0.08,run2,fold01,2,2,5
no_attention,NoAttention,tp19_L5_p0p08,timepoint_mask,5.0,0.08,run2,fold02,0,0,16
no_attention,NoAttention,tp19_L5_p0p08,timepoint_mask,5.0,0.08,run2,fold02,0,1,6
no_attention,NoAttention,tp19_L5_p0p08,timepoint_mask,5.0,0.08,run2,fold02,0,2,4
no_attention,NoAttention,tp19_L5_p0p08,timepoint_mask,5.0,0.08,run2,fold02,1,0,7
no_attention,NoAttention,tp19_L5_p0p08,timepoint_mask,5.0,0.08,run2,fold02,1,1,16
no_attention,NoAttention,tp19_L5_p0p08,timepoint_mask,5.0,0.08,run2,fold02,1,2,8
no_attention,NoAttention,tp19_L5_p0p08,timepoint_mask,5.0,0.08,run2,fold02,2,0,1
no_attention,NoAttention,tp19_L5_p0p08,timepoint_mask,5.0,0.08,run2,fold02,2,1,1
no_attention,NoAttention,tp19_L5_p0p08,timepoint_mask,5.0,0.08,run2,fold02,2,2,12
no_attention,NoAttention,tp19_L5_p0p08,timepoint_mask,5.0,0.08,run2,fold03,0,0,17
no_attention,NoAttention,tp19_L5_p0p08,timepoint_mask,5.0,0.08,run2,fold03,0,1,7
no_attention,NoAttention,tp19_L5_p0p08,timepoint_mask,5.0,0.08,run2,fold03,0,2,2
no_attention,NoAttention,tp19_L5_p0p08,timepoint_mask,5.0,0.08,run2,fold03,1,0,6
no_attention,NoAttention,tp19_L5_p0p08,timepoint_mask,5.0,0.08,run2,fold03,1,1,19
no_attention,NoAttention,tp19_L5_p0p08,timepoint_mask,5.0,0.08,run2,fold03,1,2,6
no_attention,NoAttention,tp19_L5_p0p08,timepoint_mask,5.0,0.08,run2,fold03,2,0,4
no_attention,NoAttention,tp19_L5_p0p08,timepoint_mask,5.0,0.08,run2,fold03,2,1,6
no_attention,NoAttention,tp19_L5_p0p08,timepoint_mask,5.0,0.08,run2,fold03,2,2,4
no_attention,NoAttention,tp19_L5_p0p08,timepoint_mask,5.0,0.08,run2,oof_pooled,0,0,48
no_attention,NoAttention,tp19_L5_p0p08,timepoint_mask,5.0,0.08,run2,oof_pooled,0,1,22
no_attention,NoAttention,tp19_L5_p0p08,timepoint_mask,5.0,0.08,run2,oof_pooled,0,2,9
no_attention,NoAttention,tp19_L5_p0p08,timepoint_mask,5.0,0.08,run2,oof_pooled,1,0,18
no_attention,NoAttention,tp19_L5_p0p08,timepoint_mask,5.0,0.08,run2,oof_pooled,1,1,56
no_attention,NoAttention,tp19_L5_p0p08,timepoint_mask,5.0,0.08,run2,oof_pooled,1,2,19
no_attention,NoAttention,tp19_L5_p0p08,timepoint_mask,5.0,0.08,run2,oof_pooled,2,0,6
no_attention,NoAttention,tp19_L5_p0p08,timepoint_mask,5.0,0.08,run2,oof_pooled,2,1,15
no_attention,NoAttention,tp19_L5_p0p08,timepoint_mask,5.0,0.08,run2,oof_pooled,2,2,21
no_attention,NoAttention,tp20_L5_p0p12,timepoint_mask,5.0,0.12,run1,fold01,0,0,113
no_attention,NoAttention,tp20_L5_p0p12,timepoint_mask,5.0,0.12,run1,fold01,0,1,19
no_attention,NoAttention,tp20_L5_p0p12,timepoint_mask,5.0,0.12,run1,fold01,0,2,2
no_attention,NoAttention,tp20_L5_p0p12,timepoint_mask,5.0,0.12,run1,fold01,1,0,29
no_attention,NoAttention,tp20_L5_p0p12,timepoint_mask,5.0,0.12,run1,fold01,1,1,111
no_attention,NoAttention,tp20_L5_p0p12,timepoint_mask,5.0,0.12,run1,fold01,1,2,12
no_attention,NoAttention,tp20_L5_p0p12,timepoint_mask,5.0,0.12,run1,fold01,2,0,2
no_attention,NoAttention,tp20_L5_p0p12,timepoint_mask,5.0,0.12,run1,fold01,2,1,9
no_attention,NoAttention,tp20_L5_p0p12,timepoint_mask,5.0,0.12,run1,fold01,2,2,30
no_attention,NoAttention,tp20_L5_p0p12,timepoint_mask,5.0,0.12,run1,fold02,0,0,107
no_attention,NoAttention,tp20_L5_p0p12,timepoint_mask,5.0,0.12,run1,fold02,0,1,24
no_attention,NoAttention,tp20_L5_p0p12,timepoint_mask,5.0,0.12,run1,fold02,0,2,3
no_attention,NoAttention,tp20_L5_p0p12,timepoint_mask,5.0,0.12,run1,fold02,1,0,27
no_attention,NoAttention,tp20_L5_p0p12,timepoint_mask,5.0,0.12,run1,fold02,1,1,119
no_attention,NoAttention,tp20_L5_p0p12,timepoint_mask,5.0,0.12,run1,fold02,1,2,6
no_attention,NoAttention,tp20_L5_p0p12,timepoint_mask,5.0,0.12,run1,fold02,2,0,4
no_attention,NoAttention,tp20_L5_p0p12,timepoint_mask,5.0,0.12,run1,fold02,2,1,7
no_attention,NoAttention,tp20_L5_p0p12,timepoint_mask,5.0,0.12,run1,fold02,2,2,29
no_attention,NoAttention,tp20_L5_p0p12,timepoint_mask,5.0,0.12,run1,fold03,0,0,113
no_attention,NoAttention,tp20_L5_p0p12,timepoint_mask,5.0,0.12,run1,fold03,0,1,20
no_attention,NoAttention,tp20_L5_p0p12,timepoint_mask,5.0,0.12,run1,fold03,0,2,1
no_attention,NoAttention,tp20_L5_p0p12,timepoint_mask,5.0,0.12,run1,fold03,1,0,30
no_attention,NoAttention,tp20_L5_p0p12,timepoint_mask,5.0,0.12,run1,fold03,1,1,112
no_attention,NoAttention,tp20_L5_p0p12,timepoint_mask,5.0,0.12,run1,fold03,1,2,10
no_attention,NoAttention,tp20_L5_p0p12,timepoint_mask,5.0,0.12,run1,fold03,2,0,4
no_attention,NoAttention,tp20_L5_p0p12,timepoint_mask,5.0,0.12,run1,fold03,2,1,3
no_attention,NoAttention,tp20_L5_p0p12,timepoint_mask,5.0,0.12,run1,fold03,2,2,33
no_attention,NoAttention,tp20_L5_p0p12,timepoint_mask,5.0,0.12,run1,oof_pooled,0,0,333
no_attention,NoAttention,tp20_L5_p0p12,timepoint_mask,5.0,0.12,run1,oof_pooled,0,1,63
no_attention,NoAttention,tp20_L5_p0p12,timepoint_mask,5.0,0.12,run1,oof_pooled,0,2,6
no_attention,NoAttention,tp20_L5_p0p12,timepoint_mask,5.0,0.12,run1,oof_pooled,1,0,86
no_attention,NoAttention,tp20_L5_p0p12,timepoint_mask,5.0,0.12,run1,oof_pooled,1,1,342
no_attention,NoAttention,tp20_L5_p0p12,timepoint_mask,5.0,0.12,run1,oof_pooled,1,2,28
no_attention,NoAttention,tp20_L5_p0p12,timepoint_mask,5.0,0.12,run1,oof_pooled,2,0,10
no_attention,NoAttention,tp20_L5_p0p12,timepoint_mask,5.0,0.12,run1,oof_pooled,2,1,19
no_attention,NoAttention,tp20_L5_p0p12,timepoint_mask,5.0,0.12,run1,oof_pooled,2,2,92
no_attention,NoAttention,tp20_L5_p0p12,timepoint_mask,5.0,0.12,run2,fold01,0,0,15
no_attention,NoAttention,tp20_L5_p0p12,timepoint_mask,5.0,0.12,run2,fold01,0,1,9
no_attention,NoAttention,tp20_L5_p0p12,timepoint_mask,5.0,0.12,run2,fold01,0,2,3
no_attention,NoAttention,tp20_L5_p0p12,timepoint_mask,5.0,0.12,run2,fold01,1,0,5
no_attention,NoAttention,tp20_L5_p0p12,timepoint_mask,5.0,0.12,run2,fold01,1,1,21
no_attention,NoAttention,tp20_L5_p0p12,timepoint_mask,5.0,0.12,run2,fold01,1,2,5
no_attention,NoAttention,tp20_L5_p0p12,timepoint_mask,5.0,0.12,run2,fold01,2,0,1
no_attention,NoAttention,tp20_L5_p0p12,timepoint_mask,5.0,0.12,run2,fold01,2,1,8
no_attention,NoAttention,tp20_L5_p0p12,timepoint_mask,5.0,0.12,run2,fold01,2,2,5
no_attention,NoAttention,tp20_L5_p0p12,timepoint_mask,5.0,0.12,run2,fold02,0,0,16
no_attention,NoAttention,tp20_L5_p0p12,timepoint_mask,5.0,0.12,run2,fold02,0,1,6
no_attention,NoAttention,tp20_L5_p0p12,timepoint_mask,5.0,0.12,run2,fold02,0,2,4
no_attention,NoAttention,tp20_L5_p0p12,timepoint_mask,5.0,0.12,run2,fold02,1,0,7
no_attention,NoAttention,tp20_L5_p0p12,timepoint_mask,5.0,0.12,run2,fold02,1,1,16
no_attention,NoAttention,tp20_L5_p0p12,timepoint_mask,5.0,0.12,run2,fold02,1,2,8
no_attention,NoAttention,tp20_L5_p0p12,timepoint_mask,5.0,0.12,run2,fold02,2,0,1
no_attention,NoAttention,tp20_L5_p0p12,timepoint_mask,5.0,0.12,run2,fold02,2,1,1
no_attention,NoAttention,tp20_L5_p0p12,timepoint_mask,5.0,0.12,run2,fold02,2,2,12
no_attention,NoAttention,tp20_L5_p0p12,timepoint_mask,5.0,0.12,run2,fold03,0,0,17
no_attention,NoAttention,tp20_L5_p0p12,timepoint_mask,5.0,0.12,run2,fold03,0,1,7
no_attention,NoAttention,tp20_L5_p0p12,timepoint_mask,5.0,0.12,run2,fold03,0,2,2
no_attention,NoAttention,tp20_L5_p0p12,timepoint_mask,5.0,0.12,run2,fold03,1,0,6
no_attention,NoAttention,tp20_L5_p0p12,timepoint_mask,5.0,0.12,run2,fold03,1,1,19
no_attention,NoAttention,tp20_L5_p0p12,timepoint_mask,5.0,0.12,run2,fold03,1,2,6
no_attention,NoAttention,tp20_L5_p0p12,timepoint_mask,5.0,0.12,run2,fold03,2,0,4
no_attention,NoAttention,tp20_L5_p0p12,timepoint_mask,5.0,0.12,run2,fold03,2,1,6
no_attention,NoAttention,tp20_L5_p0p12,timepoint_mask,5.0,0.12,run2,fold03,2,2,4
no_attention,NoAttention,tp20_L5_p0p12,timepoint_mask,5.0,0.12,run2,oof_pooled,0,0,48
no_attention,NoAttention,tp20_L5_p0p12,timepoint_mask,5.0,0.12,run2,oof_pooled,0,1,22
no_attention,NoAttention,tp20_L5_p0p12,timepoint_mask,5.0,0.12,run2,oof_pooled,0,2,9
no_attention,NoAttention,tp20_L5_p0p12,timepoint_mask,5.0,0.12,run2,oof_pooled,1,0,18
no_attention,NoAttention,tp20_L5_p0p12,timepoint_mask,5.0,0.12,run2,oof_pooled,1,1,56
no_attention,NoAttention,tp20_L5_p0p12,timepoint_mask,5.0,0.12,run2,oof_pooled,1,2,19
no_attention,NoAttention,tp20_L5_p0p12,timepoint_mask,5.0,0.12,run2,oof_pooled,2,0,6
no_attention,NoAttention,tp20_L5_p0p12,timepoint_mask,5.0,0.12,run2,oof_pooled,2,1,15
no_attention,NoAttention,tp20_L5_p0p12,timepoint_mask,5.0,0.12,run2,oof_pooled,2,2,21
no_attention,NoAttention,tp21_L5_p0p13,timepoint_mask,5.0,0.13,run1,fold01,0,0,113
no_attention,NoAttention,tp21_L5_p0p13,timepoint_mask,5.0,0.13,run1,fold01,0,1,19
no_attention,NoAttention,tp21_L5_p0p13,timepoint_mask,5.0,0.13,run1,fold01,0,2,2
no_attention,NoAttention,tp21_L5_p0p13,timepoint_mask,5.0,0.13,run1,fold01,1,0,29
no_attention,NoAttention,tp21_L5_p0p13,timepoint_mask,5.0,0.13,run1,fold01,1,1,109
no_attention,NoAttention,tp21_L5_p0p13,timepoint_mask,5.0,0.13,run1,fold01,1,2,14
no_attention,NoAttention,tp21_L5_p0p13,timepoint_mask,5.0,0.13,run1,fold01,2,0,2
no_attention,NoAttention,tp21_L5_p0p13,timepoint_mask,5.0,0.13,run1,fold01,2,1,9
no_attention,NoAttention,tp21_L5_p0p13,timepoint_mask,5.0,0.13,run1,fold01,2,2,30
no_attention,NoAttention,tp21_L5_p0p13,timepoint_mask,5.0,0.13,run1,fold02,0,0,107
no_attention,NoAttention,tp21_L5_p0p13,timepoint_mask,5.0,0.13,run1,fold02,0,1,24
no_attention,NoAttention,tp21_L5_p0p13,timepoint_mask,5.0,0.13,run1,fold02,0,2,3
no_attention,NoAttention,tp21_L5_p0p13,timepoint_mask,5.0,0.13,run1,fold02,1,0,26
no_attention,NoAttention,tp21_L5_p0p13,timepoint_mask,5.0,0.13,run1,fold02,1,1,119
no_attention,NoAttention,tp21_L5_p0p13,timepoint_mask,5.0,0.13,run1,fold02,1,2,7
no_attention,NoAttention,tp21_L5_p0p13,timepoint_mask,5.0,0.13,run1,fold02,2,0,4
no_attention,NoAttention,tp21_L5_p0p13,timepoint_mask,5.0,0.13,run1,fold02,2,1,7
no_attention,NoAttention,tp21_L5_p0p13,timepoint_mask,5.0,0.13,run1,fold02,2,2,29
no_attention,NoAttention,tp21_L5_p0p13,timepoint_mask,5.0,0.13,run1,fold03,0,0,113
no_attention,NoAttention,tp21_L5_p0p13,timepoint_mask,5.0,0.13,run1,fold03,0,1,20
no_attention,NoAttention,tp21_L5_p0p13,timepoint_mask,5.0,0.13,run1,fold03,0,2,1
no_attention,NoAttention,tp21_L5_p0p13,timepoint_mask,5.0,0.13,run1,fold03,1,0,28
no_attention,NoAttention,tp21_L5_p0p13,timepoint_mask,5.0,0.13,run1,fold03,1,1,114
no_attention,NoAttention,tp21_L5_p0p13,timepoint_mask,5.0,0.13,run1,fold03,1,2,10
no_attention,NoAttention,tp21_L5_p0p13,timepoint_mask,5.0,0.13,run1,fold03,2,0,4
no_attention,NoAttention,tp21_L5_p0p13,timepoint_mask,5.0,0.13,run1,fold03,2,1,3
no_attention,NoAttention,tp21_L5_p0p13,timepoint_mask,5.0,0.13,run1,fold03,2,2,33
no_attention,NoAttention,tp21_L5_p0p13,timepoint_mask,5.0,0.13,run1,oof_pooled,0,0,333
no_attention,NoAttention,tp21_L5_p0p13,timepoint_mask,5.0,0.13,run1,oof_pooled,0,1,63
no_attention,NoAttention,tp21_L5_p0p13,timepoint_mask,5.0,0.13,run1,oof_pooled,0,2,6
no_attention,NoAttention,tp21_L5_p0p13,timepoint_mask,5.0,0.13,run1,oof_pooled,1,0,83
no_attention,NoAttention,tp21_L5_p0p13,timepoint_mask,5.0,0.13,run1,oof_pooled,1,1,342
no_attention,NoAttention,tp21_L5_p0p13,timepoint_mask,5.0,0.13,run1,oof_pooled,1,2,31
no_attention,NoAttention,tp21_L5_p0p13,timepoint_mask,5.0,0.13,run1,oof_pooled,2,0,10
no_attention,NoAttention,tp21_L5_p0p13,timepoint_mask,5.0,0.13,run1,oof_pooled,2,1,19
no_attention,NoAttention,tp21_L5_p0p13,timepoint_mask,5.0,0.13,run1,oof_pooled,2,2,92
no_attention,NoAttention,tp21_L5_p0p13,timepoint_mask,5.0,0.13,run2,fold01,0,0,15
no_attention,NoAttention,tp21_L5_p0p13,timepoint_mask,5.0,0.13,run2,fold01,0,1,9
no_attention,NoAttention,tp21_L5_p0p13,timepoint_mask,5.0,0.13,run2,fold01,0,2,3
no_attention,NoAttention,tp21_L5_p0p13,timepoint_mask,5.0,0.13,run2,fold01,1,0,5
no_attention,NoAttention,tp21_L5_p0p13,timepoint_mask,5.0,0.13,run2,fold01,1,1,21
no_attention,NoAttention,tp21_L5_p0p13,timepoint_mask,5.0,0.13,run2,fold01,1,2,5
no_attention,NoAttention,tp21_L5_p0p13,timepoint_mask,5.0,0.13,run2,fold01,2,0,1
no_attention,NoAttention,tp21_L5_p0p13,timepoint_mask,5.0,0.13,run2,fold01,2,1,8
no_attention,NoAttention,tp21_L5_p0p13,timepoint_mask,5.0,0.13,run2,fold01,2,2,5
no_attention,NoAttention,tp21_L5_p0p13,timepoint_mask,5.0,0.13,run2,fold02,0,0,16
no_attention,NoAttention,tp21_L5_p0p13,timepoint_mask,5.0,0.13,run2,fold02,0,1,6
no_attention,NoAttention,tp21_L5_p0p13,timepoint_mask,5.0,0.13,run2,fold02,0,2,4
no_attention,NoAttention,tp21_L5_p0p13,timepoint_mask,5.0,0.13,run2,fold02,1,0,7
no_attention,NoAttention,tp21_L5_p0p13,timepoint_mask,5.0,0.13,run2,fold02,1,1,16
no_attention,NoAttention,tp21_L5_p0p13,timepoint_mask,5.0,0.13,run2,fold02,1,2,8
no_attention,NoAttention,tp21_L5_p0p13,timepoint_mask,5.0,0.13,run2,fold02,2,0,1
no_attention,NoAttention,tp21_L5_p0p13,timepoint_mask,5.0,0.13,run2,fold02,2,1,1
no_attention,NoAttention,tp21_L5_p0p13,timepoint_mask,5.0,0.13,run2,fold02,2,2,12
no_attention,NoAttention,tp21_L5_p0p13,timepoint_mask,5.0,0.13,run2,fold03,0,0,17
no_attention,NoAttention,tp21_L5_p0p13,timepoint_mask,5.0,0.13,run2,fold03,0,1,7
no_attention,NoAttention,tp21_L5_p0p13,timepoint_mask,5.0,0.13,run2,fold03,0,2,2
no_attention,NoAttention,tp21_L5_p0p13,timepoint_mask,5.0,0.13,run2,fold03,1,0,6
no_attention,NoAttention,tp21_L5_p0p13,timepoint_mask,5.0,0.13,run2,fold03,1,1,19
no_attention,NoAttention,tp21_L5_p0p13,timepoint_mask,5.0,0.13,run2,fold03,1,2,6
no_attention,NoAttention,tp21_L5_p0p13,timepoint_mask,5.0,0.13,run2,fold03,2,0,4
no_attention,NoAttention,tp21_L5_p0p13,timepoint_mask,5.0,0.13,run2,fold03,2,1,6
no_attention,NoAttention,tp21_L5_p0p13,timepoint_mask,5.0,0.13,run2,fold03,2,2,4
no_attention,NoAttention,tp21_L5_p0p13,timepoint_mask,5.0,0.13,run2,oof_pooled,0,0,48
no_attention,NoAttention,tp21_L5_p0p13,timepoint_mask,5.0,0.13,run2,oof_pooled,0,1,22
no_attention,NoAttention,tp21_L5_p0p13,timepoint_mask,5.0,0.13,run2,oof_pooled,0,2,9
no_attention,NoAttention,tp21_L5_p0p13,timepoint_mask,5.0,0.13,run2,oof_pooled,1,0,18
no_attention,NoAttention,tp21_L5_p0p13,timepoint_mask,5.0,0.13,run2,oof_pooled,1,1,56
no_attention,NoAttention,tp21_L5_p0p13,timepoint_mask,5.0,0.13,run2,oof_pooled,1,2,19
no_attention,NoAttention,tp21_L5_p0p13,timepoint_mask,5.0,0.13,run2,oof_pooled,2,0,6
no_attention,NoAttention,tp21_L5_p0p13,timepoint_mask,5.0,0.13,run2,oof_pooled,2,1,15
no_attention,NoAttention,tp21_L5_p0p13,timepoint_mask,5.0,0.13,run2,oof_pooled,2,2,21
no_attention,NoAttention,tp22_L5_p0p33,timepoint_mask,5.0,0.33,run1,fold01,0,0,113
no_attention,NoAttention,tp22_L5_p0p33,timepoint_mask,5.0,0.33,run1,fold01,0,1,19
no_attention,NoAttention,tp22_L5_p0p33,timepoint_mask,5.0,0.33,run1,fold01,0,2,2
no_attention,NoAttention,tp22_L5_p0p33,timepoint_mask,5.0,0.33,run1,fold01,1,0,28
no_attention,NoAttention,tp22_L5_p0p33,timepoint_mask,5.0,0.33,run1,fold01,1,1,109
no_attention,NoAttention,tp22_L5_p0p33,timepoint_mask,5.0,0.33,run1,fold01,1,2,15
no_attention,NoAttention,tp22_L5_p0p33,timepoint_mask,5.0,0.33,run1,fold01,2,0,2
no_attention,NoAttention,tp22_L5_p0p33,timepoint_mask,5.0,0.33,run1,fold01,2,1,9
no_attention,NoAttention,tp22_L5_p0p33,timepoint_mask,5.0,0.33,run1,fold01,2,2,30
no_attention,NoAttention,tp22_L5_p0p33,timepoint_mask,5.0,0.33,run1,fold02,0,0,107
no_attention,NoAttention,tp22_L5_p0p33,timepoint_mask,5.0,0.33,run1,fold02,0,1,24
no_attention,NoAttention,tp22_L5_p0p33,timepoint_mask,5.0,0.33,run1,fold02,0,2,3
no_attention,NoAttention,tp22_L5_p0p33,timepoint_mask,5.0,0.33,run1,fold02,1,0,27
no_attention,NoAttention,tp22_L5_p0p33,timepoint_mask,5.0,0.33,run1,fold02,1,1,116
no_attention,NoAttention,tp22_L5_p0p33,timepoint_mask,5.0,0.33,run1,fold02,1,2,9
no_attention,NoAttention,tp22_L5_p0p33,timepoint_mask,5.0,0.33,run1,fold02,2,0,4
no_attention,NoAttention,tp22_L5_p0p33,timepoint_mask,5.0,0.33,run1,fold02,2,1,7
no_attention,NoAttention,tp22_L5_p0p33,timepoint_mask,5.0,0.33,run1,fold02,2,2,29
no_attention,NoAttention,tp22_L5_p0p33,timepoint_mask,5.0,0.33,run1,fold03,0,0,113
no_attention,NoAttention,tp22_L5_p0p33,timepoint_mask,5.0,0.33,run1,fold03,0,1,20
no_attention,NoAttention,tp22_L5_p0p33,timepoint_mask,5.0,0.33,run1,fold03,0,2,1
no_attention,NoAttention,tp22_L5_p0p33,timepoint_mask,5.0,0.33,run1,fold03,1,0,24
no_attention,NoAttention,tp22_L5_p0p33,timepoint_mask,5.0,0.33,run1,fold03,1,1,117
no_attention,NoAttention,tp22_L5_p0p33,timepoint_mask,5.0,0.33,run1,fold03,1,2,11
no_attention,NoAttention,tp22_L5_p0p33,timepoint_mask,5.0,0.33,run1,fold03,2,0,4
no_attention,NoAttention,tp22_L5_p0p33,timepoint_mask,5.0,0.33,run1,fold03,2,1,3
no_attention,NoAttention,tp22_L5_p0p33,timepoint_mask,5.0,0.33,run1,fold03,2,2,33
no_attention,NoAttention,tp22_L5_p0p33,timepoint_mask,5.0,0.33,run1,oof_pooled,0,0,333
no_attention,NoAttention,tp22_L5_p0p33,timepoint_mask,5.0,0.33,run1,oof_pooled,0,1,63
no_attention,NoAttention,tp22_L5_p0p33,timepoint_mask,5.0,0.33,run1,oof_pooled,0,2,6
no_attention,NoAttention,tp22_L5_p0p33,timepoint_mask,5.0,0.33,run1,oof_pooled,1,0,79
no_attention,NoAttention,tp22_L5_p0p33,timepoint_mask,5.0,0.33,run1,oof_pooled,1,1,342
no_attention,NoAttention,tp22_L5_p0p33,timepoint_mask,5.0,0.33,run1,oof_pooled,1,2,35
no_attention,NoAttention,tp22_L5_p0p33,timepoint_mask,5.0,0.33,run1,oof_pooled,2,0,10
no_attention,NoAttention,tp22_L5_p0p33,timepoint_mask,5.0,0.33,run1,oof_pooled,2,1,19
no_attention,NoAttention,tp22_L5_p0p33,timepoint_mask,5.0,0.33,run1,oof_pooled,2,2,92
no_attention,NoAttention,tp22_L5_p0p33,timepoint_mask,5.0,0.33,run2,fold01,0,0,15
no_attention,NoAttention,tp22_L5_p0p33,timepoint_mask,5.0,0.33,run2,fold01,0,1,9
no_attention,NoAttention,tp22_L5_p0p33,timepoint_mask,5.0,0.33,run2,fold01,0,2,3
no_attention,NoAttention,tp22_L5_p0p33,timepoint_mask,5.0,0.33,run2,fold01,1,0,5
no_attention,NoAttention,tp22_L5_p0p33,timepoint_mask,5.0,0.33,run2,fold01,1,1,21
no_attention,NoAttention,tp22_L5_p0p33,timepoint_mask,5.0,0.33,run2,fold01,1,2,5
no_attention,NoAttention,tp22_L5_p0p33,timepoint_mask,5.0,0.33,run2,fold01,2,0,1
no_attention,NoAttention,tp22_L5_p0p33,timepoint_mask,5.0,0.33,run2,fold01,2,1,8
no_attention,NoAttention,tp22_L5_p0p33,timepoint_mask,5.0,0.33,run2,fold01,2,2,5
no_attention,NoAttention,tp22_L5_p0p33,timepoint_mask,5.0,0.33,run2,fold02,0,0,16
no_attention,NoAttention,tp22_L5_p0p33,timepoint_mask,5.0,0.33,run2,fold02,0,1,6
no_attention,NoAttention,tp22_L5_p0p33,timepoint_mask,5.0,0.33,run2,fold02,0,2,4
no_attention,NoAttention,tp22_L5_p0p33,timepoint_mask,5.0,0.33,run2,fold02,1,0,7
no_attention,NoAttention,tp22_L5_p0p33,timepoint_mask,5.0,0.33,run2,fold02,1,1,16
no_attention,NoAttention,tp22_L5_p0p33,timepoint_mask,5.0,0.33,run2,fold02,1,2,8
no_attention,NoAttention,tp22_L5_p0p33,timepoint_mask,5.0,0.33,run2,fold02,2,0,1
no_attention,NoAttention,tp22_L5_p0p33,timepoint_mask,5.0,0.33,run2,fold02,2,1,2
no_attention,NoAttention,tp22_L5_p0p33,timepoint_mask,5.0,0.33,run2,fold02,2,2,11
no_attention,NoAttention,tp22_L5_p0p33,timepoint_mask,5.0,0.33,run2,fold03,0,0,17
no_attention,NoAttention,tp22_L5_p0p33,timepoint_mask,5.0,0.33,run2,fold03,0,1,7
no_attention,NoAttention,tp22_L5_p0p33,timepoint_mask,5.0,0.33,run2,fold03,0,2,2
no_attention,NoAttention,tp22_L5_p0p33,timepoint_mask,5.0,0.33,run2,fold03,1,0,6
no_attention,NoAttention,tp22_L5_p0p33,timepoint_mask,5.0,0.33,run2,fold03,1,1,19
no_attention,NoAttention,tp22_L5_p0p33,timepoint_mask,5.0,0.33,run2,fold03,1,2,6
no_attention,NoAttention,tp22_L5_p0p33,timepoint_mask,5.0,0.33,run2,fold03,2,0,4
no_attention,NoAttention,tp22_L5_p0p33,timepoint_mask,5.0,0.33,run2,fold03,2,1,6
no_attention,NoAttention,tp22_L5_p0p33,timepoint_mask,5.0,0.33,run2,fold03,2,2,4
no_attention,NoAttention,tp22_L5_p0p33,timepoint_mask,5.0,0.33,run2,oof_pooled,0,0,48
no_attention,NoAttention,tp22_L5_p0p33,timepoint_mask,5.0,0.33,run2,oof_pooled,0,1,22
no_attention,NoAttention,tp22_L5_p0p33,timepoint_mask,5.0,0.33,run2,oof_pooled,0,2,9
no_attention,NoAttention,tp22_L5_p0p33,timepoint_mask,5.0,0.33,run2,oof_pooled,1,0,18
no_attention,NoAttention,tp22_L5_p0p33,timepoint_mask,5.0,0.33,run2,oof_pooled,1,1,56
no_attention,NoAttention,tp22_L5_p0p33,timepoint_mask,5.0,0.33,run2,oof_pooled,1,2,19
no_attention,NoAttention,tp22_L5_p0p33,timepoint_mask,5.0,0.33,run2,oof_pooled,2,0,6
no_attention,NoAttention,tp22_L5_p0p33,timepoint_mask,5.0,0.33,run2,oof_pooled,2,1,16
no_attention,NoAttention,tp22_L5_p0p33,timepoint_mask,5.0,0.33,run2,oof_pooled,2,2,20
no_attention,NoAttention,tp23_L5_p0p35,timepoint_mask,5.0,0.35,run1,fold01,0,0,113
no_attention,NoAttention,tp23_L5_p0p35,timepoint_mask,5.0,0.35,run1,fold01,0,1,19
no_attention,NoAttention,tp23_L5_p0p35,timepoint_mask,5.0,0.35,run1,fold01,0,2,2
no_attention,NoAttention,tp23_L5_p0p35,timepoint_mask,5.0,0.35,run1,fold01,1,0,30
no_attention,NoAttention,tp23_L5_p0p35,timepoint_mask,5.0,0.35,run1,fold01,1,1,109
no_attention,NoAttention,tp23_L5_p0p35,timepoint_mask,5.0,0.35,run1,fold01,1,2,13
no_attention,NoAttention,tp23_L5_p0p35,timepoint_mask,5.0,0.35,run1,fold01,2,0,2
no_attention,NoAttention,tp23_L5_p0p35,timepoint_mask,5.0,0.35,run1,fold01,2,1,9
no_attention,NoAttention,tp23_L5_p0p35,timepoint_mask,5.0,0.35,run1,fold01,2,2,30
no_attention,NoAttention,tp23_L5_p0p35,timepoint_mask,5.0,0.35,run1,fold02,0,0,107
no_attention,NoAttention,tp23_L5_p0p35,timepoint_mask,5.0,0.35,run1,fold02,0,1,24
no_attention,NoAttention,tp23_L5_p0p35,timepoint_mask,5.0,0.35,run1,fold02,0,2,3
no_attention,NoAttention,tp23_L5_p0p35,timepoint_mask,5.0,0.35,run1,fold02,1,0,26
no_attention,NoAttention,tp23_L5_p0p35,timepoint_mask,5.0,0.35,run1,fold02,1,1,117
no_attention,NoAttention,tp23_L5_p0p35,timepoint_mask,5.0,0.35,run1,fold02,1,2,9
no_attention,NoAttention,tp23_L5_p0p35,timepoint_mask,5.0,0.35,run1,fold02,2,0,4
no_attention,NoAttention,tp23_L5_p0p35,timepoint_mask,5.0,0.35,run1,fold02,2,1,7
no_attention,NoAttention,tp23_L5_p0p35,timepoint_mask,5.0,0.35,run1,fold02,2,2,29
no_attention,NoAttention,tp23_L5_p0p35,timepoint_mask,5.0,0.35,run1,fold03,0,0,113
no_attention,NoAttention,tp23_L5_p0p35,timepoint_mask,5.0,0.35,run1,fold03,0,1,20
no_attention,NoAttention,tp23_L5_p0p35,timepoint_mask,5.0,0.35,run1,fold03,0,2,1
no_attention,NoAttention,tp23_L5_p0p35,timepoint_mask,5.0,0.35,run1,fold03,1,0,25
no_attention,NoAttention,tp23_L5_p0p35,timepoint_mask,5.0,0.35,run1,fold03,1,1,116
no_attention,NoAttention,tp23_L5_p0p35,timepoint_mask,5.0,0.35,run1,fold03,1,2,11
no_attention,NoAttention,tp23_L5_p0p35,timepoint_mask,5.0,0.35,run1,fold03,2,0,4
no_attention,NoAttention,tp23_L5_p0p35,timepoint_mask,5.0,0.35,run1,fold03,2,1,3
no_attention,NoAttention,tp23_L5_p0p35,timepoint_mask,5.0,0.35,run1,fold03,2,2,33
no_attention,NoAttention,tp23_L5_p0p35,timepoint_mask,5.0,0.35,run1,oof_pooled,0,0,333
no_attention,NoAttention,tp23_L5_p0p35,timepoint_mask,5.0,0.35,run1,oof_pooled,0,1,63
no_attention,NoAttention,tp23_L5_p0p35,timepoint_mask,5.0,0.35,run1,oof_pooled,0,2,6
no_attention,NoAttention,tp23_L5_p0p35,timepoint_mask,5.0,0.35,run1,oof_pooled,1,0,81
no_attention,NoAttention,tp23_L5_p0p35,timepoint_mask,5.0,0.35,run1,oof_pooled,1,1,342
no_attention,NoAttention,tp23_L5_p0p35,timepoint_mask,5.0,0.35,run1,oof_pooled,1,2,33
no_attention,NoAttention,tp23_L5_p0p35,timepoint_mask,5.0,0.35,run1,oof_pooled,2,0,10
no_attention,NoAttention,tp23_L5_p0p35,timepoint_mask,5.0,0.35,run1,oof_pooled,2,1,19
no_attention,NoAttention,tp23_L5_p0p35,timepoint_mask,5.0,0.35,run1,oof_pooled,2,2,92
no_attention,NoAttention,tp23_L5_p0p35,timepoint_mask,5.0,0.35,run2,fold01,0,0,15
no_attention,NoAttention,tp23_L5_p0p35,timepoint_mask,5.0,0.35,run2,fold01,0,1,9
no_attention,NoAttention,tp23_L5_p0p35,timepoint_mask,5.0,0.35,run2,fold01,0,2,3
no_attention,NoAttention,tp23_L5_p0p35,timepoint_mask,5.0,0.35,run2,fold01,1,0,5
no_attention,NoAttention,tp23_L5_p0p35,timepoint_mask,5.0,0.35,run2,fold01,1,1,21
no_attention,NoAttention,tp23_L5_p0p35,timepoint_mask,5.0,0.35,run2,fold01,1,2,5
no_attention,NoAttention,tp23_L5_p0p35,timepoint_mask,5.0,0.35,run2,fold01,2,0,1
no_attention,NoAttention,tp23_L5_p0p35,timepoint_mask,5.0,0.35,run2,fold01,2,1,8
no_attention,NoAttention,tp23_L5_p0p35,timepoint_mask,5.0,0.35,run2,fold01,2,2,5
no_attention,NoAttention,tp23_L5_p0p35,timepoint_mask,5.0,0.35,run2,fold02,0,0,16
no_attention,NoAttention,tp23_L5_p0p35,timepoint_mask,5.0,0.35,run2,fold02,0,1,6
no_attention,NoAttention,tp23_L5_p0p35,timepoint_mask,5.0,0.35,run2,fold02,0,2,4
no_attention,NoAttention,tp23_L5_p0p35,timepoint_mask,5.0,0.35,run2,fold02,1,0,7
no_attention,NoAttention,tp23_L5_p0p35,timepoint_mask,5.0,0.35,run2,fold02,1,1,16
no_attention,NoAttention,tp23_L5_p0p35,timepoint_mask,5.0,0.35,run2,fold02,1,2,8
no_attention,NoAttention,tp23_L5_p0p35,timepoint_mask,5.0,0.35,run2,fold02,2,0,1
no_attention,NoAttention,tp23_L5_p0p35,timepoint_mask,5.0,0.35,run2,fold02,2,1,2
no_attention,NoAttention,tp23_L5_p0p35,timepoint_mask,5.0,0.35,run2,fold02,2,2,11
no_attention,NoAttention,tp23_L5_p0p35,timepoint_mask,5.0,0.35,run2,fold03,0,0,17
no_attention,NoAttention,tp23_L5_p0p35,timepoint_mask,5.0,0.35,run2,fold03,0,1,7
no_attention,NoAttention,tp23_L5_p0p35,timepoint_mask,5.0,0.35,run2,fold03,0,2,2
no_attention,NoAttention,tp23_L5_p0p35,timepoint_mask,5.0,0.35,run2,fold03,1,0,6
no_attention,NoAttention,tp23_L5_p0p35,timepoint_mask,5.0,0.35,run2,fold03,1,1,19
no_attention,NoAttention,tp23_L5_p0p35,timepoint_mask,5.0,0.35,run2,fold03,1,2,6
no_attention,NoAttention,tp23_L5_p0p35,timepoint_mask,5.0,0.35,run2,fold03,2,0,4
no_attention,NoAttention,tp23_L5_p0p35,timepoint_mask,5.0,0.35,run2,fold03,2,1,6
no_attention,NoAttention,tp23_L5_p0p35,timepoint_mask,5.0,0.35,run2,fold03,2,2,4
no_attention,NoAttention,tp23_L5_p0p35,timepoint_mask,5.0,0.35,run2,oof_pooled,0,0,48
no_attention,NoAttention,tp23_L5_p0p35,timepoint_mask,5.0,0.35,run2,oof_pooled,0,1,22
no_attention,NoAttention,tp23_L5_p0p35,timepoint_mask,5.0,0.35,run2,oof_pooled,0,2,9
no_attention,NoAttention,tp23_L5_p0p35,timepoint_mask,5.0,0.35,run2,oof_pooled,1,0,18
no_attention,NoAttention,tp23_L5_p0p35,timepoint_mask,5.0,0.35,run2,oof_pooled,1,1,56
no_attention,NoAttention,tp23_L5_p0p35,timepoint_mask,5.0,0.35,run2,oof_pooled,1,2,19
no_attention,NoAttention,tp23_L5_p0p35,timepoint_mask,5.0,0.35,run2,oof_pooled,2,0,6
no_attention,NoAttention,tp23_L5_p0p35,timepoint_mask,5.0,0.35,run2,oof_pooled,2,1,16
no_attention,NoAttention,tp23_L5_p0p35,timepoint_mask,5.0,0.35,run2,oof_pooled,2,2,20
no_attention,NoAttention,tp24_L5_p0p70,timepoint_mask,5.0,0.7,run1,fold01,0,0,113
no_attention,NoAttention,tp24_L5_p0p70,timepoint_mask,5.0,0.7,run1,fold01,0,1,19
no_attention,NoAttention,tp24_L5_p0p70,timepoint_mask,5.0,0.7,run1,fold01,0,2,2
no_attention,NoAttention,tp24_L5_p0p70,timepoint_mask,5.0,0.7,run1,fold01,1,0,30
no_attention,NoAttention,tp24_L5_p0p70,timepoint_mask,5.0,0.7,run1,fold01,1,1,108
no_attention,NoAttention,tp24_L5_p0p70,timepoint_mask,5.0,0.7,run1,fold01,1,2,14
no_attention,NoAttention,tp24_L5_p0p70,timepoint_mask,5.0,0.7,run1,fold01,2,0,2
no_attention,NoAttention,tp24_L5_p0p70,timepoint_mask,5.0,0.7,run1,fold01,2,1,9
no_attention,NoAttention,tp24_L5_p0p70,timepoint_mask,5.0,0.7,run1,fold01,2,2,30
no_attention,NoAttention,tp24_L5_p0p70,timepoint_mask,5.0,0.7,run1,fold02,0,0,107
no_attention,NoAttention,tp24_L5_p0p70,timepoint_mask,5.0,0.7,run1,fold02,0,1,24
no_attention,NoAttention,tp24_L5_p0p70,timepoint_mask,5.0,0.7,run1,fold02,0,2,3
no_attention,NoAttention,tp24_L5_p0p70,timepoint_mask,5.0,0.7,run1,fold02,1,0,28
no_attention,NoAttention,tp24_L5_p0p70,timepoint_mask,5.0,0.7,run1,fold02,1,1,118
no_attention,NoAttention,tp24_L5_p0p70,timepoint_mask,5.0,0.7,run1,fold02,1,2,6
no_attention,NoAttention,tp24_L5_p0p70,timepoint_mask,5.0,0.7,run1,fold02,2,0,4
no_attention,NoAttention,tp24_L5_p0p70,timepoint_mask,5.0,0.7,run1,fold02,2,1,7
no_attention,NoAttention,tp24_L5_p0p70,timepoint_mask,5.0,0.7,run1,fold02,2,2,29
no_attention,NoAttention,tp24_L5_p0p70,timepoint_mask,5.0,0.7,run1,fold03,0,0,113
no_attention,NoAttention,tp24_L5_p0p70,timepoint_mask,5.0,0.7,run1,fold03,0,1,20
no_attention,NoAttention,tp24_L5_p0p70,timepoint_mask,5.0,0.7,run1,fold03,0,2,1
no_attention,NoAttention,tp24_L5_p0p70,timepoint_mask,5.0,0.7,run1,fold03,1,0,26
no_attention,NoAttention,tp24_L5_p0p70,timepoint_mask,5.0,0.7,run1,fold03,1,1,117
no_attention,NoAttention,tp24_L5_p0p70,timepoint_mask,5.0,0.7,run1,fold03,1,2,9
no_attention,NoAttention,tp24_L5_p0p70,timepoint_mask,5.0,0.7,run1,fold03,2,0,4
no_attention,NoAttention,tp24_L5_p0p70,timepoint_mask,5.0,0.7,run1,fold03,2,1,3
no_attention,NoAttention,tp24_L5_p0p70,timepoint_mask,5.0,0.7,run1,fold03,2,2,33
no_attention,NoAttention,tp24_L5_p0p70,timepoint_mask,5.0,0.7,run1,oof_pooled,0,0,333
no_attention,NoAttention,tp24_L5_p0p70,timepoint_mask,5.0,0.7,run1,oof_pooled,0,1,63
no_attention,NoAttention,tp24_L5_p0p70,timepoint_mask,5.0,0.7,run1,oof_pooled,0,2,6
no_attention,NoAttention,tp24_L5_p0p70,timepoint_mask,5.0,0.7,run1,oof_pooled,1,0,84
no_attention,NoAttention,tp24_L5_p0p70,timepoint_mask,5.0,0.7,run1,oof_pooled,1,1,343
no_attention,NoAttention,tp24_L5_p0p70,timepoint_mask,5.0,0.7,run1,oof_pooled,1,2,29
no_attention,NoAttention,tp24_L5_p0p70,timepoint_mask,5.0,0.7,run1,oof_pooled,2,0,10
no_attention,NoAttention,tp24_L5_p0p70,timepoint_mask,5.0,0.7,run1,oof_pooled,2,1,19
no_attention,NoAttention,tp24_L5_p0p70,timepoint_mask,5.0,0.7,run1,oof_pooled,2,2,92
no_attention,NoAttention,tp24_L5_p0p70,timepoint_mask,5.0,0.7,run2,fold01,0,0,15
no_attention,NoAttention,tp24_L5_p0p70,timepoint_mask,5.0,0.7,run2,fold01,0,1,9
no_attention,NoAttention,tp24_L5_p0p70,timepoint_mask,5.0,0.7,run2,fold01,0,2,3
no_attention,NoAttention,tp24_L5_p0p70,timepoint_mask,5.0,0.7,run2,fold01,1,0,5
no_attention,NoAttention,tp24_L5_p0p70,timepoint_mask,5.0,0.7,run2,fold01,1,1,21
no_attention,NoAttention,tp24_L5_p0p70,timepoint_mask,5.0,0.7,run2,fold01,1,2,5
no_attention,NoAttention,tp24_L5_p0p70,timepoint_mask,5.0,0.7,run2,fold01,2,0,1
no_attention,NoAttention,tp24_L5_p0p70,timepoint_mask,5.0,0.7,run2,fold01,2,1,8
no_attention,NoAttention,tp24_L5_p0p70,timepoint_mask,5.0,0.7,run2,fold01,2,2,5
no_attention,NoAttention,tp24_L5_p0p70,timepoint_mask,5.0,0.7,run2,fold02,0,0,16
no_attention,NoAttention,tp24_L5_p0p70,timepoint_mask,5.0,0.7,run2,fold02,0,1,6
no_attention,NoAttention,tp24_L5_p0p70,timepoint_mask,5.0,0.7,run2,fold02,0,2,4
no_attention,NoAttention,tp24_L5_p0p70,timepoint_mask,5.0,0.7,run2,fold02,1,0,7
no_attention,NoAttention,tp24_L5_p0p70,timepoint_mask,5.0,0.7,run2,fold02,1,1,16
no_attention,NoAttention,tp24_L5_p0p70,timepoint_mask,5.0,0.7,run2,fold02,1,2,8
no_attention,NoAttention,tp24_L5_p0p70,timepoint_mask,5.0,0.7,run2,fold02,2,0,1
no_attention,NoAttention,tp24_L5_p0p70,timepoint_mask,5.0,0.7,run2,fold02,2,1,2
no_attention,NoAttention,tp24_L5_p0p70,timepoint_mask,5.0,0.7,run2,fold02,2,2,11
no_attention,NoAttention,tp24_L5_p0p70,timepoint_mask,5.0,0.7,run2,fold03,0,0,17
no_attention,NoAttention,tp24_L5_p0p70,timepoint_mask,5.0,0.7,run2,fold03,0,1,7
no_attention,NoAttention,tp24_L5_p0p70,timepoint_mask,5.0,0.7,run2,fold03,0,2,2
no_attention,NoAttention,tp24_L5_p0p70,timepoint_mask,5.0,0.7,run2,fold03,1,0,6
no_attention,NoAttention,tp24_L5_p0p70,timepoint_mask,5.0,0.7,run2,fold03,1,1,19
no_attention,NoAttention,tp24_L5_p0p70,timepoint_mask,5.0,0.7,run2,fold03,1,2,6
no_attention,NoAttention,tp24_L5_p0p70,timepoint_mask,5.0,0.7,run2,fold03,2,0,5
no_attention,NoAttention,tp24_L5_p0p70,timepoint_mask,5.0,0.7,run2,fold03,2,1,5
no_attention,NoAttention,tp24_L5_p0p70,timepoint_mask,5.0,0.7,run2,fold03,2,2,4
no_attention,NoAttention,tp24_L5_p0p70,timepoint_mask,5.0,0.7,run2,oof_pooled,0,0,48
no_attention,NoAttention,tp24_L5_p0p70,timepoint_mask,5.0,0.7,run2,oof_pooled,0,1,22
no_attention,NoAttention,tp24_L5_p0p70,timepoint_mask,5.0,0.7,run2,oof_pooled,0,2,9
no_attention,NoAttention,tp24_L5_p0p70,timepoint_mask,5.0,0.7,run2,oof_pooled,1,0,18
no_attention,NoAttention,tp24_L5_p0p70,timepoint_mask,5.0,0.7,run2,oof_pooled,1,1,56
no_attention,NoAttention,tp24_L5_p0p70,timepoint_mask,5.0,0.7,run2,oof_pooled,1,2,19
no_attention,NoAttention,tp24_L5_p0p70,timepoint_mask,5.0,0.7,run2,oof_pooled,2,0,7
no_attention,NoAttention,tp24_L5_p0p70,timepoint_mask,5.0,0.7,run2,oof_pooled,2,1,15
no_attention,NoAttention,tp24_L5_p0p70,timepoint_mask,5.0,0.7,run2,oof_pooled,2,2,20
no_conv,NoConv,clean,clean,,,run1,fold01,0,0,109
no_conv,NoConv,clean,clean,,,run1,fold01,0,1,24
no_conv,NoConv,clean,clean,,,run1,fold01,0,2,1
no_conv,NoConv,clean,clean,,,run1,fold01,1,0,29
no_conv,NoConv,clean,clean,,,run1,fold01,1,1,120
no_conv,NoConv,clean,clean,,,run1,fold01,1,2,3
no_conv,NoConv,clean,clean,,,run1,fold01,2,0,5
no_conv,NoConv,clean,clean,,,run1,fold01,2,1,6
no_conv,NoConv,clean,clean,,,run1,fold01,2,2,30
no_conv,NoConv,clean,clean,,,run1,fold02,0,0,110
no_conv,NoConv,clean,clean,,,run1,fold02,0,1,22
no_conv,NoConv,clean,clean,,,run1,fold02,0,2,2
no_conv,NoConv,clean,clean,,,run1,fold02,1,0,22
no_conv,NoConv,clean,clean,,,run1,fold02,1,1,121
no_conv,NoConv,clean,clean,,,run1,fold02,1,2,9
no_conv,NoConv,clean,clean,,,run1,fold02,2,0,4
no_conv,NoConv,clean,clean,,,run1,fold02,2,1,6
no_conv,NoConv,clean,clean,,,run1,fold02,2,2,30
no_conv,NoConv,clean,clean,,,run1,fold03,0,0,108
no_conv,NoConv,clean,clean,,,run1,fold03,0,1,18
no_conv,NoConv,clean,clean,,,run1,fold03,0,2,8
no_conv,NoConv,clean,clean,,,run1,fold03,1,0,28
no_conv,NoConv,clean,clean,,,run1,fold03,1,1,110
no_conv,NoConv,clean,clean,,,run1,fold03,1,2,14
no_conv,NoConv,clean,clean,,,run1,fold03,2,0,0
no_conv,NoConv,clean,clean,,,run1,fold03,2,1,5
no_conv,NoConv,clean,clean,,,run1,fold03,2,2,35
no_conv,NoConv,clean,clean,,,run1,oof_pooled,0,0,327
no_conv,NoConv,clean,clean,,,run1,oof_pooled,0,1,64
no_conv,NoConv,clean,clean,,,run1,oof_pooled,0,2,11
no_conv,NoConv,clean,clean,,,run1,oof_pooled,1,0,79
no_conv,NoConv,clean,clean,,,run1,oof_pooled,1,1,351
no_conv,NoConv,clean,clean,,,run1,oof_pooled,1,2,26
no_conv,NoConv,clean,clean,,,run1,oof_pooled,2,0,9
no_conv,NoConv,clean,clean,,,run1,oof_pooled,2,1,17
no_conv,NoConv,clean,clean,,,run1,oof_pooled,2,2,95
no_conv,NoConv,clean,clean,,,run2,fold01,0,0,15
no_conv,NoConv,clean,clean,,,run2,fold01,0,1,6
no_conv,NoConv,clean,clean,,,run2,fold01,0,2,6
no_conv,NoConv,clean,clean,,,run2,fold01,1,0,8
no_conv,NoConv,clean,clean,,,run2,fold01,1,1,16
no_conv,NoConv,clean,clean,,,run2,fold01,1,2,7
no_conv,NoConv,clean,clean,,,run2,fold01,2,0,4
no_conv,NoConv,clean,clean,,,run2,fold01,2,1,1
no_conv,NoConv,clean,clean,,,run2,fold01,2,2,9
no_conv,NoConv,clean,clean,,,run2,fold02,0,0,17
no_conv,NoConv,clean,clean,,,run2,fold02,0,1,6
no_conv,NoConv,clean,clean,,,run2,fold02,0,2,3
no_conv,NoConv,clean,clean,,,run2,fold02,1,0,9
no_conv,NoConv,clean,clean,,,run2,fold02,1,1,12
no_conv,NoConv,clean,clean,,,run2,fold02,1,2,10
no_conv,NoConv,clean,clean,,,run2,fold02,2,0,3
no_conv,NoConv,clean,clean,,,run2,fold02,2,1,0
no_conv,NoConv,clean,clean,,,run2,fold02,2,2,11
no_conv,NoConv,clean,clean,,,run2,fold03,0,0,21
no_conv,NoConv,clean,clean,,,run2,fold03,0,1,4
no_conv,NoConv,clean,clean,,,run2,fold03,0,2,1
no_conv,NoConv,clean,clean,,,run2,fold03,1,0,13
no_conv,NoConv,clean,clean,,,run2,fold03,1,1,14
no_conv,NoConv,clean,clean,,,run2,fold03,1,2,4
no_conv,NoConv,clean,clean,,,run2,fold03,2,0,8
no_conv,NoConv,clean,clean,,,run2,fold03,2,1,2
no_conv,NoConv,clean,clean,,,run2,fold03,2,2,4
no_conv,NoConv,clean,clean,,,run2,oof_pooled,0,0,53
no_conv,NoConv,clean,clean,,,run2,oof_pooled,0,1,16
no_conv,NoConv,clean,clean,,,run2,oof_pooled,0,2,10
no_conv,NoConv,clean,clean,,,run2,oof_pooled,1,0,30
no_conv,NoConv,clean,clean,,,run2,oof_pooled,1,1,42
no_conv,NoConv,clean,clean,,,run2,oof_pooled,1,2,21
no_conv,NoConv,clean,clean,,,run2,oof_pooled,2,0,15
no_conv,NoConv,clean,clean,,,run2,oof_pooled,2,1,3
no_conv,NoConv,clean,clean,,,run2,oof_pooled,2,2,24
no_conv,NoConv,tp01_L1_m0p69,timepoint_mask,1.0,-0.69,run1,fold01,0,0,109
no_conv,NoConv,tp01_L1_m0p69,timepoint_mask,1.0,-0.69,run1,fold01,0,1,24
no_conv,NoConv,tp01_L1_m0p69,timepoint_mask,1.0,-0.69,run1,fold01,0,2,1
no_conv,NoConv,tp01_L1_m0p69,timepoint_mask,1.0,-0.69,run1,fold01,1,0,29
no_conv,NoConv,tp01_L1_m0p69,timepoint_mask,1.0,-0.69,run1,fold01,1,1,119
no_conv,NoConv,tp01_L1_m0p69,timepoint_mask,1.0,-0.69,run1,fold01,1,2,4
no_conv,NoConv,tp01_L1_m0p69,timepoint_mask,1.0,-0.69,run1,fold01,2,0,5
no_conv,NoConv,tp01_L1_m0p69,timepoint_mask,1.0,-0.69,run1,fold01,2,1,6
no_conv,NoConv,tp01_L1_m0p69,timepoint_mask,1.0,-0.69,run1,fold01,2,2,30
no_conv,NoConv,tp01_L1_m0p69,timepoint_mask,1.0,-0.69,run1,fold02,0,0,110
no_conv,NoConv,tp01_L1_m0p69,timepoint_mask,1.0,-0.69,run1,fold02,0,1,22
no_conv,NoConv,tp01_L1_m0p69,timepoint_mask,1.0,-0.69,run1,fold02,0,2,2
no_conv,NoConv,tp01_L1_m0p69,timepoint_mask,1.0,-0.69,run1,fold02,1,0,23
no_conv,NoConv,tp01_L1_m0p69,timepoint_mask,1.0,-0.69,run1,fold02,1,1,120
no_conv,NoConv,tp01_L1_m0p69,timepoint_mask,1.0,-0.69,run1,fold02,1,2,9
no_conv,NoConv,tp01_L1_m0p69,timepoint_mask,1.0,-0.69,run1,fold02,2,0,4
no_conv,NoConv,tp01_L1_m0p69,timepoint_mask,1.0,-0.69,run1,fold02,2,1,6
no_conv,NoConv,tp01_L1_m0p69,timepoint_mask,1.0,-0.69,run1,fold02,2,2,30
no_conv,NoConv,tp01_L1_m0p69,timepoint_mask,1.0,-0.69,run1,fold03,0,0,108
no_conv,NoConv,tp01_L1_m0p69,timepoint_mask,1.0,-0.69,run1,fold03,0,1,18
no_conv,NoConv,tp01_L1_m0p69,timepoint_mask,1.0,-0.69,run1,fold03,0,2,8
no_conv,NoConv,tp01_L1_m0p69,timepoint_mask,1.0,-0.69,run1,fold03,1,0,28
no_conv,NoConv,tp01_L1_m0p69,timepoint_mask,1.0,-0.69,run1,fold03,1,1,110
no_conv,NoConv,tp01_L1_m0p69,timepoint_mask,1.0,-0.69,run1,fold03,1,2,14
no_conv,NoConv,tp01_L1_m0p69,timepoint_mask,1.0,-0.69,run1,fold03,2,0,0
no_conv,NoConv,tp01_L1_m0p69,timepoint_mask,1.0,-0.69,run1,fold03,2,1,5
no_conv,NoConv,tp01_L1_m0p69,timepoint_mask,1.0,-0.69,run1,fold03,2,2,35
no_conv,NoConv,tp01_L1_m0p69,timepoint_mask,1.0,-0.69,run1,oof_pooled,0,0,327
no_conv,NoConv,tp01_L1_m0p69,timepoint_mask,1.0,-0.69,run1,oof_pooled,0,1,64
no_conv,NoConv,tp01_L1_m0p69,timepoint_mask,1.0,-0.69,run1,oof_pooled,0,2,11
no_conv,NoConv,tp01_L1_m0p69,timepoint_mask,1.0,-0.69,run1,oof_pooled,1,0,80
no_conv,NoConv,tp01_L1_m0p69,timepoint_mask,1.0,-0.69,run1,oof_pooled,1,1,349
no_conv,NoConv,tp01_L1_m0p69,timepoint_mask,1.0,-0.69,run1,oof_pooled,1,2,27
no_conv,NoConv,tp01_L1_m0p69,timepoint_mask,1.0,-0.69,run1,oof_pooled,2,0,9
no_conv,NoConv,tp01_L1_m0p69,timepoint_mask,1.0,-0.69,run1,oof_pooled,2,1,17
no_conv,NoConv,tp01_L1_m0p69,timepoint_mask,1.0,-0.69,run1,oof_pooled,2,2,95
no_conv,NoConv,tp01_L1_m0p69,timepoint_mask,1.0,-0.69,run2,fold01,0,0,15
no_conv,NoConv,tp01_L1_m0p69,timepoint_mask,1.0,-0.69,run2,fold01,0,1,6
no_conv,NoConv,tp01_L1_m0p69,timepoint_mask,1.0,-0.69,run2,fold01,0,2,6
no_conv,NoConv,tp01_L1_m0p69,timepoint_mask,1.0,-0.69,run2,fold01,1,0,8
no_conv,NoConv,tp01_L1_m0p69,timepoint_mask,1.0,-0.69,run2,fold01,1,1,16
no_conv,NoConv,tp01_L1_m0p69,timepoint_mask,1.0,-0.69,run2,fold01,1,2,7
no_conv,NoConv,tp01_L1_m0p69,timepoint_mask,1.0,-0.69,run2,fold01,2,0,4
no_conv,NoConv,tp01_L1_m0p69,timepoint_mask,1.0,-0.69,run2,fold01,2,1,1
no_conv,NoConv,tp01_L1_m0p69,timepoint_mask,1.0,-0.69,run2,fold01,2,2,9
no_conv,NoConv,tp01_L1_m0p69,timepoint_mask,1.0,-0.69,run2,fold02,0,0,17
no_conv,NoConv,tp01_L1_m0p69,timepoint_mask,1.0,-0.69,run2,fold02,0,1,6
no_conv,NoConv,tp01_L1_m0p69,timepoint_mask,1.0,-0.69,run2,fold02,0,2,3
no_conv,NoConv,tp01_L1_m0p69,timepoint_mask,1.0,-0.69,run2,fold02,1,0,10
no_conv,NoConv,tp01_L1_m0p69,timepoint_mask,1.0,-0.69,run2,fold02,1,1,11
no_conv,NoConv,tp01_L1_m0p69,timepoint_mask,1.0,-0.69,run2,fold02,1,2,10
no_conv,NoConv,tp01_L1_m0p69,timepoint_mask,1.0,-0.69,run2,fold02,2,0,3
no_conv,NoConv,tp01_L1_m0p69,timepoint_mask,1.0,-0.69,run2,fold02,2,1,1
no_conv,NoConv,tp01_L1_m0p69,timepoint_mask,1.0,-0.69,run2,fold02,2,2,10
no_conv,NoConv,tp01_L1_m0p69,timepoint_mask,1.0,-0.69,run2,fold03,0,0,21
no_conv,NoConv,tp01_L1_m0p69,timepoint_mask,1.0,-0.69,run2,fold03,0,1,4
no_conv,NoConv,tp01_L1_m0p69,timepoint_mask,1.0,-0.69,run2,fold03,0,2,1
no_conv,NoConv,tp01_L1_m0p69,timepoint_mask,1.0,-0.69,run2,fold03,1,0,14
no_conv,NoConv,tp01_L1_m0p69,timepoint_mask,1.0,-0.69,run2,fold03,1,1,13
no_conv,NoConv,tp01_L1_m0p69,timepoint_mask,1.0,-0.69,run2,fold03,1,2,4
no_conv,NoConv,tp01_L1_m0p69,timepoint_mask,1.0,-0.69,run2,fold03,2,0,8
no_conv,NoConv,tp01_L1_m0p69,timepoint_mask,1.0,-0.69,run2,fold03,2,1,2
no_conv,NoConv,tp01_L1_m0p69,timepoint_mask,1.0,-0.69,run2,fold03,2,2,4
no_conv,NoConv,tp01_L1_m0p69,timepoint_mask,1.0,-0.69,run2,oof_pooled,0,0,53
no_conv,NoConv,tp01_L1_m0p69,timepoint_mask,1.0,-0.69,run2,oof_pooled,0,1,16
no_conv,NoConv,tp01_L1_m0p69,timepoint_mask,1.0,-0.69,run2,oof_pooled,0,2,10
no_conv,NoConv,tp01_L1_m0p69,timepoint_mask,1.0,-0.69,run2,oof_pooled,1,0,32
no_conv,NoConv,tp01_L1_m0p69,timepoint_mask,1.0,-0.69,run2,oof_pooled,1,1,40
no_conv,NoConv,tp01_L1_m0p69,timepoint_mask,1.0,-0.69,run2,oof_pooled,1,2,21
no_conv,NoConv,tp01_L1_m0p69,timepoint_mask,1.0,-0.69,run2,oof_pooled,2,0,15
no_conv,NoConv,tp01_L1_m0p69,timepoint_mask,1.0,-0.69,run2,oof_pooled,2,1,4
no_conv,NoConv,tp01_L1_m0p69,timepoint_mask,1.0,-0.69,run2,oof_pooled,2,2,23
no_conv,NoConv,tp02_L1_m0p15,timepoint_mask,1.0,-0.15,run1,fold01,0,0,109
no_conv,NoConv,tp02_L1_m0p15,timepoint_mask,1.0,-0.15,run1,fold01,0,1,24
no_conv,NoConv,tp02_L1_m0p15,timepoint_mask,1.0,-0.15,run1,fold01,0,2,1
no_conv,NoConv,tp02_L1_m0p15,timepoint_mask,1.0,-0.15,run1,fold01,1,0,29
no_conv,NoConv,tp02_L1_m0p15,timepoint_mask,1.0,-0.15,run1,fold01,1,1,119
no_conv,NoConv,tp02_L1_m0p15,timepoint_mask,1.0,-0.15,run1,fold01,1,2,4
no_conv,NoConv,tp02_L1_m0p15,timepoint_mask,1.0,-0.15,run1,fold01,2,0,5
no_conv,NoConv,tp02_L1_m0p15,timepoint_mask,1.0,-0.15,run1,fold01,2,1,6
no_conv,NoConv,tp02_L1_m0p15,timepoint_mask,1.0,-0.15,run1,fold01,2,2,30
no_conv,NoConv,tp02_L1_m0p15,timepoint_mask,1.0,-0.15,run1,fold02,0,0,110
no_conv,NoConv,tp02_L1_m0p15,timepoint_mask,1.0,-0.15,run1,fold02,0,1,22
no_conv,NoConv,tp02_L1_m0p15,timepoint_mask,1.0,-0.15,run1,fold02,0,2,2
no_conv,NoConv,tp02_L1_m0p15,timepoint_mask,1.0,-0.15,run1,fold02,1,0,23
no_conv,NoConv,tp02_L1_m0p15,timepoint_mask,1.0,-0.15,run1,fold02,1,1,120
no_conv,NoConv,tp02_L1_m0p15,timepoint_mask,1.0,-0.15,run1,fold02,1,2,9
no_conv,NoConv,tp02_L1_m0p15,timepoint_mask,1.0,-0.15,run1,fold02,2,0,4
no_conv,NoConv,tp02_L1_m0p15,timepoint_mask,1.0,-0.15,run1,fold02,2,1,6
no_conv,NoConv,tp02_L1_m0p15,timepoint_mask,1.0,-0.15,run1,fold02,2,2,30
no_conv,NoConv,tp02_L1_m0p15,timepoint_mask,1.0,-0.15,run1,fold03,0,0,108
no_conv,NoConv,tp02_L1_m0p15,timepoint_mask,1.0,-0.15,run1,fold03,0,1,18
no_conv,NoConv,tp02_L1_m0p15,timepoint_mask,1.0,-0.15,run1,fold03,0,2,8
no_conv,NoConv,tp02_L1_m0p15,timepoint_mask,1.0,-0.15,run1,fold03,1,0,28
no_conv,NoConv,tp02_L1_m0p15,timepoint_mask,1.0,-0.15,run1,fold03,1,1,110
no_conv,NoConv,tp02_L1_m0p15,timepoint_mask,1.0,-0.15,run1,fold03,1,2,14
no_conv,NoConv,tp02_L1_m0p15,timepoint_mask,1.0,-0.15,run1,fold03,2,0,0
no_conv,NoConv,tp02_L1_m0p15,timepoint_mask,1.0,-0.15,run1,fold03,2,1,5
no_conv,NoConv,tp02_L1_m0p15,timepoint_mask,1.0,-0.15,run1,fold03,2,2,35
no_conv,NoConv,tp02_L1_m0p15,timepoint_mask,1.0,-0.15,run1,oof_pooled,0,0,327
no_conv,NoConv,tp02_L1_m0p15,timepoint_mask,1.0,-0.15,run1,oof_pooled,0,1,64
no_conv,NoConv,tp02_L1_m0p15,timepoint_mask,1.0,-0.15,run1,oof_pooled,0,2,11
no_conv,NoConv,tp02_L1_m0p15,timepoint_mask,1.0,-0.15,run1,oof_pooled,1,0,80
no_conv,NoConv,tp02_L1_m0p15,timepoint_mask,1.0,-0.15,run1,oof_pooled,1,1,349
no_conv,NoConv,tp02_L1_m0p15,timepoint_mask,1.0,-0.15,run1,oof_pooled,1,2,27
no_conv,NoConv,tp02_L1_m0p15,timepoint_mask,1.0,-0.15,run1,oof_pooled,2,0,9
no_conv,NoConv,tp02_L1_m0p15,timepoint_mask,1.0,-0.15,run1,oof_pooled,2,1,17
no_conv,NoConv,tp02_L1_m0p15,timepoint_mask,1.0,-0.15,run1,oof_pooled,2,2,95
no_conv,NoConv,tp02_L1_m0p15,timepoint_mask,1.0,-0.15,run2,fold01,0,0,15
no_conv,NoConv,tp02_L1_m0p15,timepoint_mask,1.0,-0.15,run2,fold01,0,1,6
no_conv,NoConv,tp02_L1_m0p15,timepoint_mask,1.0,-0.15,run2,fold01,0,2,6
no_conv,NoConv,tp02_L1_m0p15,timepoint_mask,1.0,-0.15,run2,fold01,1,0,8
no_conv,NoConv,tp02_L1_m0p15,timepoint_mask,1.0,-0.15,run2,fold01,1,1,16
no_conv,NoConv,tp02_L1_m0p15,timepoint_mask,1.0,-0.15,run2,fold01,1,2,7
no_conv,NoConv,tp02_L1_m0p15,timepoint_mask,1.0,-0.15,run2,fold01,2,0,4
no_conv,NoConv,tp02_L1_m0p15,timepoint_mask,1.0,-0.15,run2,fold01,2,1,1
no_conv,NoConv,tp02_L1_m0p15,timepoint_mask,1.0,-0.15,run2,fold01,2,2,9
no_conv,NoConv,tp02_L1_m0p15,timepoint_mask,1.0,-0.15,run2,fold02,0,0,17
no_conv,NoConv,tp02_L1_m0p15,timepoint_mask,1.0,-0.15,run2,fold02,0,1,6
no_conv,NoConv,tp02_L1_m0p15,timepoint_mask,1.0,-0.15,run2,fold02,0,2,3
no_conv,NoConv,tp02_L1_m0p15,timepoint_mask,1.0,-0.15,run2,fold02,1,0,9
no_conv,NoConv,tp02_L1_m0p15,timepoint_mask,1.0,-0.15,run2,fold02,1,1,13
no_conv,NoConv,tp02_L1_m0p15,timepoint_mask,1.0,-0.15,run2,fold02,1,2,9
no_conv,NoConv,tp02_L1_m0p15,timepoint_mask,1.0,-0.15,run2,fold02,2,0,3
no_conv,NoConv,tp02_L1_m0p15,timepoint_mask,1.0,-0.15,run2,fold02,2,1,1
no_conv,NoConv,tp02_L1_m0p15,timepoint_mask,1.0,-0.15,run2,fold02,2,2,10
no_conv,NoConv,tp02_L1_m0p15,timepoint_mask,1.0,-0.15,run2,fold03,0,0,21
no_conv,NoConv,tp02_L1_m0p15,timepoint_mask,1.0,-0.15,run2,fold03,0,1,4
no_conv,NoConv,tp02_L1_m0p15,timepoint_mask,1.0,-0.15,run2,fold03,0,2,1
no_conv,NoConv,tp02_L1_m0p15,timepoint_mask,1.0,-0.15,run2,fold03,1,0,14
no_conv,NoConv,tp02_L1_m0p15,timepoint_mask,1.0,-0.15,run2,fold03,1,1,13
no_conv,NoConv,tp02_L1_m0p15,timepoint_mask,1.0,-0.15,run2,fold03,1,2,4
no_conv,NoConv,tp02_L1_m0p15,timepoint_mask,1.0,-0.15,run2,fold03,2,0,8
no_conv,NoConv,tp02_L1_m0p15,timepoint_mask,1.0,-0.15,run2,fold03,2,1,2
no_conv,NoConv,tp02_L1_m0p15,timepoint_mask,1.0,-0.15,run2,fold03,2,2,4
no_conv,NoConv,tp02_L1_m0p15,timepoint_mask,1.0,-0.15,run2,oof_pooled,0,0,53
no_conv,NoConv,tp02_L1_m0p15,timepoint_mask,1.0,-0.15,run2,oof_pooled,0,1,16
no_conv,NoConv,tp02_L1_m0p15,timepoint_mask,1.0,-0.15,run2,oof_pooled,0,2,10
no_conv,NoConv,tp02_L1_m0p15,timepoint_mask,1.0,-0.15,run2,oof_pooled,1,0,31
no_conv,NoConv,tp02_L1_m0p15,timepoint_mask,1.0,-0.15,run2,oof_pooled,1,1,42
no_conv,NoConv,tp02_L1_m0p15,timepoint_mask,1.0,-0.15,run2,oof_pooled,1,2,20
no_conv,NoConv,tp02_L1_m0p15,timepoint_mask,1.0,-0.15,run2,oof_pooled,2,0,15
no_conv,NoConv,tp02_L1_m0p15,timepoint_mask,1.0,-0.15,run2,oof_pooled,2,1,4
no_conv,NoConv,tp02_L1_m0p15,timepoint_mask,1.0,-0.15,run2,oof_pooled,2,2,23
no_conv,NoConv,tp03_L2_m0p57,timepoint_mask,2.0,-0.57,run1,fold01,0,0,108
no_conv,NoConv,tp03_L2_m0p57,timepoint_mask,2.0,-0.57,run1,fold01,0,1,25
no_conv,NoConv,tp03_L2_m0p57,timepoint_mask,2.0,-0.57,run1,fold01,0,2,1
no_conv,NoConv,tp03_L2_m0p57,timepoint_mask,2.0,-0.57,run1,fold01,1,0,39
no_conv,NoConv,tp03_L2_m0p57,timepoint_mask,2.0,-0.57,run1,fold01,1,1,105
no_conv,NoConv,tp03_L2_m0p57,timepoint_mask,2.0,-0.57,run1,fold01,1,2,8
no_conv,NoConv,tp03_L2_m0p57,timepoint_mask,2.0,-0.57,run1,fold01,2,0,5
no_conv,NoConv,tp03_L2_m0p57,timepoint_mask,2.0,-0.57,run1,fold01,2,1,6
no_conv,NoConv,tp03_L2_m0p57,timepoint_mask,2.0,-0.57,run1,fold01,2,2,30
no_conv,NoConv,tp03_L2_m0p57,timepoint_mask,2.0,-0.57,run1,fold02,0,0,110
no_conv,NoConv,tp03_L2_m0p57,timepoint_mask,2.0,-0.57,run1,fold02,0,1,22
no_conv,NoConv,tp03_L2_m0p57,timepoint_mask,2.0,-0.57,run1,fold02,0,2,2
no_conv,NoConv,tp03_L2_m0p57,timepoint_mask,2.0,-0.57,run1,fold02,1,0,27
no_conv,NoConv,tp03_L2_m0p57,timepoint_mask,2.0,-0.57,run1,fold02,1,1,112
no_conv,NoConv,tp03_L2_m0p57,timepoint_mask,2.0,-0.57,run1,fold02,1,2,13
no_conv,NoConv,tp03_L2_m0p57,timepoint_mask,2.0,-0.57,run1,fold02,2,0,4
no_conv,NoConv,tp03_L2_m0p57,timepoint_mask,2.0,-0.57,run1,fold02,2,1,6
no_conv,NoConv,tp03_L2_m0p57,timepoint_mask,2.0,-0.57,run1,fold02,2,2,30
no_conv,NoConv,tp03_L2_m0p57,timepoint_mask,2.0,-0.57,run1,fold03,0,0,108
no_conv,NoConv,tp03_L2_m0p57,timepoint_mask,2.0,-0.57,run1,fold03,0,1,18
no_conv,NoConv,tp03_L2_m0p57,timepoint_mask,2.0,-0.57,run1,fold03,0,2,8
no_conv,NoConv,tp03_L2_m0p57,timepoint_mask,2.0,-0.57,run1,fold03,1,0,32
no_conv,NoConv,tp03_L2_m0p57,timepoint_mask,2.0,-0.57,run1,fold03,1,1,104
no_conv,NoConv,tp03_L2_m0p57,timepoint_mask,2.0,-0.57,run1,fold03,1,2,16
no_conv,NoConv,tp03_L2_m0p57,timepoint_mask,2.0,-0.57,run1,fold03,2,0,0
no_conv,NoConv,tp03_L2_m0p57,timepoint_mask,2.0,-0.57,run1,fold03,2,1,5
no_conv,NoConv,tp03_L2_m0p57,timepoint_mask,2.0,-0.57,run1,fold03,2,2,35
no_conv,NoConv,tp03_L2_m0p57,timepoint_mask,2.0,-0.57,run1,oof_pooled,0,0,326
no_conv,NoConv,tp03_L2_m0p57,timepoint_mask,2.0,-0.57,run1,oof_pooled,0,1,65
no_conv,NoConv,tp03_L2_m0p57,timepoint_mask,2.0,-0.57,run1,oof_pooled,0,2,11
no_conv,NoConv,tp03_L2_m0p57,timepoint_mask,2.0,-0.57,run1,oof_pooled,1,0,98
no_conv,NoConv,tp03_L2_m0p57,timepoint_mask,2.0,-0.57,run1,oof_pooled,1,1,321
no_conv,NoConv,tp03_L2_m0p57,timepoint_mask,2.0,-0.57,run1,oof_pooled,1,2,37
no_conv,NoConv,tp03_L2_m0p57,timepoint_mask,2.0,-0.57,run1,oof_pooled,2,0,9
no_conv,NoConv,tp03_L2_m0p57,timepoint_mask,2.0,-0.57,run1,oof_pooled,2,1,17
no_conv,NoConv,tp03_L2_m0p57,timepoint_mask,2.0,-0.57,run1,oof_pooled,2,2,95
no_conv,NoConv,tp03_L2_m0p57,timepoint_mask,2.0,-0.57,run2,fold01,0,0,15
no_conv,NoConv,tp03_L2_m0p57,timepoint_mask,2.0,-0.57,run2,fold01,0,1,6
no_conv,NoConv,tp03_L2_m0p57,timepoint_mask,2.0,-0.57,run2,fold01,0,2,6
no_conv,NoConv,tp03_L2_m0p57,timepoint_mask,2.0,-0.57,run2,fold01,1,0,9
no_conv,NoConv,tp03_L2_m0p57,timepoint_mask,2.0,-0.57,run2,fold01,1,1,15
no_conv,NoConv,tp03_L2_m0p57,timepoint_mask,2.0,-0.57,run2,fold01,1,2,7
no_conv,NoConv,tp03_L2_m0p57,timepoint_mask,2.0,-0.57,run2,fold01,2,0,4
no_conv,NoConv,tp03_L2_m0p57,timepoint_mask,2.0,-0.57,run2,fold01,2,1,1
no_conv,NoConv,tp03_L2_m0p57,timepoint_mask,2.0,-0.57,run2,fold01,2,2,9
no_conv,NoConv,tp03_L2_m0p57,timepoint_mask,2.0,-0.57,run2,fold02,0,0,17
no_conv,NoConv,tp03_L2_m0p57,timepoint_mask,2.0,-0.57,run2,fold02,0,1,6
no_conv,NoConv,tp03_L2_m0p57,timepoint_mask,2.0,-0.57,run2,fold02,0,2,3
no_conv,NoConv,tp03_L2_m0p57,timepoint_mask,2.0,-0.57,run2,fold02,1,0,9
no_conv,NoConv,tp03_L2_m0p57,timepoint_mask,2.0,-0.57,run2,fold02,1,1,12
no_conv,NoConv,tp03_L2_m0p57,timepoint_mask,2.0,-0.57,run2,fold02,1,2,10
no_conv,NoConv,tp03_L2_m0p57,timepoint_mask,2.0,-0.57,run2,fold02,2,0,3
no_conv,NoConv,tp03_L2_m0p57,timepoint_mask,2.0,-0.57,run2,fold02,2,1,0
no_conv,NoConv,tp03_L2_m0p57,timepoint_mask,2.0,-0.57,run2,fold02,2,2,11
no_conv,NoConv,tp03_L2_m0p57,timepoint_mask,2.0,-0.57,run2,fold03,0,0,21
no_conv,NoConv,tp03_L2_m0p57,timepoint_mask,2.0,-0.57,run2,fold03,0,1,4
no_conv,NoConv,tp03_L2_m0p57,timepoint_mask,2.0,-0.57,run2,fold03,0,2,1
no_conv,NoConv,tp03_L2_m0p57,timepoint_mask,2.0,-0.57,run2,fold03,1,0,13
no_conv,NoConv,tp03_L2_m0p57,timepoint_mask,2.0,-0.57,run2,fold03,1,1,14
no_conv,NoConv,tp03_L2_m0p57,timepoint_mask,2.0,-0.57,run2,fold03,1,2,4
no_conv,NoConv,tp03_L2_m0p57,timepoint_mask,2.0,-0.57,run2,fold03,2,0,9
no_conv,NoConv,tp03_L2_m0p57,timepoint_mask,2.0,-0.57,run2,fold03,2,1,1
no_conv,NoConv,tp03_L2_m0p57,timepoint_mask,2.0,-0.57,run2,fold03,2,2,4
no_conv,NoConv,tp03_L2_m0p57,timepoint_mask,2.0,-0.57,run2,oof_pooled,0,0,53
no_conv,NoConv,tp03_L2_m0p57,timepoint_mask,2.0,-0.57,run2,oof_pooled,0,1,16
no_conv,NoConv,tp03_L2_m0p57,timepoint_mask,2.0,-0.57,run2,oof_pooled,0,2,10
no_conv,NoConv,tp03_L2_m0p57,timepoint_mask,2.0,-0.57,run2,oof_pooled,1,0,31
no_conv,NoConv,tp03_L2_m0p57,timepoint_mask,2.0,-0.57,run2,oof_pooled,1,1,41
no_conv,NoConv,tp03_L2_m0p57,timepoint_mask,2.0,-0.57,run2,oof_pooled,1,2,21
no_conv,NoConv,tp03_L2_m0p57,timepoint_mask,2.0,-0.57,run2,oof_pooled,2,0,16
no_conv,NoConv,tp03_L2_m0p57,timepoint_mask,2.0,-0.57,run2,oof_pooled,2,1,2
no_conv,NoConv,tp03_L2_m0p57,timepoint_mask,2.0,-0.57,run2,oof_pooled,2,2,24
no_conv,NoConv,tp04_L2_m0p39,timepoint_mask,2.0,-0.39,run1,fold01,0,0,108
no_conv,NoConv,tp04_L2_m0p39,timepoint_mask,2.0,-0.39,run1,fold01,0,1,25
no_conv,NoConv,tp04_L2_m0p39,timepoint_mask,2.0,-0.39,run1,fold01,0,2,1
no_conv,NoConv,tp04_L2_m0p39,timepoint_mask,2.0,-0.39,run1,fold01,1,0,40
no_conv,NoConv,tp04_L2_m0p39,timepoint_mask,2.0,-0.39,run1,fold01,1,1,105
no_conv,NoConv,tp04_L2_m0p39,timepoint_mask,2.0,-0.39,run1,fold01,1,2,7
no_conv,NoConv,tp04_L2_m0p39,timepoint_mask,2.0,-0.39,run1,fold01,2,0,5
no_conv,NoConv,tp04_L2_m0p39,timepoint_mask,2.0,-0.39,run1,fold01,2,1,6
no_conv,NoConv,tp04_L2_m0p39,timepoint_mask,2.0,-0.39,run1,fold01,2,2,30
no_conv,NoConv,tp04_L2_m0p39,timepoint_mask,2.0,-0.39,run1,fold02,0,0,110
no_conv,NoConv,tp04_L2_m0p39,timepoint_mask,2.0,-0.39,run1,fold02,0,1,22
no_conv,NoConv,tp04_L2_m0p39,timepoint_mask,2.0,-0.39,run1,fold02,0,2,2
no_conv,NoConv,tp04_L2_m0p39,timepoint_mask,2.0,-0.39,run1,fold02,1,0,27
no_conv,NoConv,tp04_L2_m0p39,timepoint_mask,2.0,-0.39,run1,fold02,1,1,112
no_conv,NoConv,tp04_L2_m0p39,timepoint_mask,2.0,-0.39,run1,fold02,1,2,13
no_conv,NoConv,tp04_L2_m0p39,timepoint_mask,2.0,-0.39,run1,fold02,2,0,4
no_conv,NoConv,tp04_L2_m0p39,timepoint_mask,2.0,-0.39,run1,fold02,2,1,6
no_conv,NoConv,tp04_L2_m0p39,timepoint_mask,2.0,-0.39,run1,fold02,2,2,30
no_conv,NoConv,tp04_L2_m0p39,timepoint_mask,2.0,-0.39,run1,fold03,0,0,108
no_conv,NoConv,tp04_L2_m0p39,timepoint_mask,2.0,-0.39,run1,fold03,0,1,18
no_conv,NoConv,tp04_L2_m0p39,timepoint_mask,2.0,-0.39,run1,fold03,0,2,8
no_conv,NoConv,tp04_L2_m0p39,timepoint_mask,2.0,-0.39,run1,fold03,1,0,32
no_conv,NoConv,tp04_L2_m0p39,timepoint_mask,2.0,-0.39,run1,fold03,1,1,104
no_conv,NoConv,tp04_L2_m0p39,timepoint_mask,2.0,-0.39,run1,fold03,1,2,16
no_conv,NoConv,tp04_L2_m0p39,timepoint_mask,2.0,-0.39,run1,fold03,2,0,0
no_conv,NoConv,tp04_L2_m0p39,timepoint_mask,2.0,-0.39,run1,fold03,2,1,5
no_conv,NoConv,tp04_L2_m0p39,timepoint_mask,2.0,-0.39,run1,fold03,2,2,35
no_conv,NoConv,tp04_L2_m0p39,timepoint_mask,2.0,-0.39,run1,oof_pooled,0,0,326
no_conv,NoConv,tp04_L2_m0p39,timepoint_mask,2.0,-0.39,run1,oof_pooled,0,1,65
no_conv,NoConv,tp04_L2_m0p39,timepoint_mask,2.0,-0.39,run1,oof_pooled,0,2,11
no_conv,NoConv,tp04_L2_m0p39,timepoint_mask,2.0,-0.39,run1,oof_pooled,1,0,99
no_conv,NoConv,tp04_L2_m0p39,timepoint_mask,2.0,-0.39,run1,oof_pooled,1,1,321
no_conv,NoConv,tp04_L2_m0p39,timepoint_mask,2.0,-0.39,run1,oof_pooled,1,2,36
no_conv,NoConv,tp04_L2_m0p39,timepoint_mask,2.0,-0.39,run1,oof_pooled,2,0,9
no_conv,NoConv,tp04_L2_m0p39,timepoint_mask,2.0,-0.39,run1,oof_pooled,2,1,17
no_conv,NoConv,tp04_L2_m0p39,timepoint_mask,2.0,-0.39,run1,oof_pooled,2,2,95
no_conv,NoConv,tp04_L2_m0p39,timepoint_mask,2.0,-0.39,run2,fold01,0,0,15
no_conv,NoConv,tp04_L2_m0p39,timepoint_mask,2.0,-0.39,run2,fold01,0,1,6
no_conv,NoConv,tp04_L2_m0p39,timepoint_mask,2.0,-0.39,run2,fold01,0,2,6
no_conv,NoConv,tp04_L2_m0p39,timepoint_mask,2.0,-0.39,run2,fold01,1,0,8
no_conv,NoConv,tp04_L2_m0p39,timepoint_mask,2.0,-0.39,run2,fold01,1,1,16
no_conv,NoConv,tp04_L2_m0p39,timepoint_mask,2.0,-0.39,run2,fold01,1,2,7
no_conv,NoConv,tp04_L2_m0p39,timepoint_mask,2.0,-0.39,run2,fold01,2,0,4
no_conv,NoConv,tp04_L2_m0p39,timepoint_mask,2.0,-0.39,run2,fold01,2,1,1
no_conv,NoConv,tp04_L2_m0p39,timepoint_mask,2.0,-0.39,run2,fold01,2,2,9
no_conv,NoConv,tp04_L2_m0p39,timepoint_mask,2.0,-0.39,run2,fold02,0,0,17
no_conv,NoConv,tp04_L2_m0p39,timepoint_mask,2.0,-0.39,run2,fold02,0,1,6
no_conv,NoConv,tp04_L2_m0p39,timepoint_mask,2.0,-0.39,run2,fold02,0,2,3
no_conv,NoConv,tp04_L2_m0p39,timepoint_mask,2.0,-0.39,run2,fold02,1,0,9
no_conv,NoConv,tp04_L2_m0p39,timepoint_mask,2.0,-0.39,run2,fold02,1,1,12
no_conv,NoConv,tp04_L2_m0p39,timepoint_mask,2.0,-0.39,run2,fold02,1,2,10
no_conv,NoConv,tp04_L2_m0p39,timepoint_mask,2.0,-0.39,run2,fold02,2,0,3
no_conv,NoConv,tp04_L2_m0p39,timepoint_mask,2.0,-0.39,run2,fold02,2,1,0
no_conv,NoConv,tp04_L2_m0p39,timepoint_mask,2.0,-0.39,run2,fold02,2,2,11
no_conv,NoConv,tp04_L2_m0p39,timepoint_mask,2.0,-0.39,run2,fold03,0,0,21
no_conv,NoConv,tp04_L2_m0p39,timepoint_mask,2.0,-0.39,run2,fold03,0,1,4
no_conv,NoConv,tp04_L2_m0p39,timepoint_mask,2.0,-0.39,run2,fold03,0,2,1
no_conv,NoConv,tp04_L2_m0p39,timepoint_mask,2.0,-0.39,run2,fold03,1,0,13
no_conv,NoConv,tp04_L2_m0p39,timepoint_mask,2.0,-0.39,run2,fold03,1,1,14
no_conv,NoConv,tp04_L2_m0p39,timepoint_mask,2.0,-0.39,run2,fold03,1,2,4
no_conv,NoConv,tp04_L2_m0p39,timepoint_mask,2.0,-0.39,run2,fold03,2,0,9
no_conv,NoConv,tp04_L2_m0p39,timepoint_mask,2.0,-0.39,run2,fold03,2,1,1
no_conv,NoConv,tp04_L2_m0p39,timepoint_mask,2.0,-0.39,run2,fold03,2,2,4
no_conv,NoConv,tp04_L2_m0p39,timepoint_mask,2.0,-0.39,run2,oof_pooled,0,0,53
no_conv,NoConv,tp04_L2_m0p39,timepoint_mask,2.0,-0.39,run2,oof_pooled,0,1,16
no_conv,NoConv,tp04_L2_m0p39,timepoint_mask,2.0,-0.39,run2,oof_pooled,0,2,10
no_conv,NoConv,tp04_L2_m0p39,timepoint_mask,2.0,-0.39,run2,oof_pooled,1,0,30
no_conv,NoConv,tp04_L2_m0p39,timepoint_mask,2.0,-0.39,run2,oof_pooled,1,1,42
no_conv,NoConv,tp04_L2_m0p39,timepoint_mask,2.0,-0.39,run2,oof_pooled,1,2,21
no_conv,NoConv,tp04_L2_m0p39,timepoint_mask,2.0,-0.39,run2,oof_pooled,2,0,16
no_conv,NoConv,tp04_L2_m0p39,timepoint_mask,2.0,-0.39,run2,oof_pooled,2,1,2
no_conv,NoConv,tp04_L2_m0p39,timepoint_mask,2.0,-0.39,run2,oof_pooled,2,2,24
no_conv,NoConv,tp05_L2_p0p06,timepoint_mask,2.0,0.06,run1,fold01,0,0,109
no_conv,NoConv,tp05_L2_p0p06,timepoint_mask,2.0,0.06,run1,fold01,0,1,24
no_conv,NoConv,tp05_L2_p0p06,timepoint_mask,2.0,0.06,run1,fold01,0,2,1
no_conv,NoConv,tp05_L2_p0p06,timepoint_mask,2.0,0.06,run1,fold01,1,0,42
no_conv,NoConv,tp05_L2_p0p06,timepoint_mask,2.0,0.06,run1,fold01,1,1,102
no_conv,NoConv,tp05_L2_p0p06,timepoint_mask,2.0,0.06,run1,fold01,1,2,8
no_conv,NoConv,tp05_L2_p0p06,timepoint_mask,2.0,0.06,run1,fold01,2,0,5
no_conv,NoConv,tp05_L2_p0p06,timepoint_mask,2.0,0.06,run1,fold01,2,1,6
no_conv,NoConv,tp05_L2_p0p06,timepoint_mask,2.0,0.06,run1,fold01,2,2,30
no_conv,NoConv,tp05_L2_p0p06,timepoint_mask,2.0,0.06,run1,fold02,0,0,110
no_conv,NoConv,tp05_L2_p0p06,timepoint_mask,2.0,0.06,run1,fold02,0,1,22
no_conv,NoConv,tp05_L2_p0p06,timepoint_mask,2.0,0.06,run1,fold02,0,2,2
no_conv,NoConv,tp05_L2_p0p06,timepoint_mask,2.0,0.06,run1,fold02,1,0,26
no_conv,NoConv,tp05_L2_p0p06,timepoint_mask,2.0,0.06,run1,fold02,1,1,112
no_conv,NoConv,tp05_L2_p0p06,timepoint_mask,2.0,0.06,run1,fold02,1,2,14
no_conv,NoConv,tp05_L2_p0p06,timepoint_mask,2.0,0.06,run1,fold02,2,0,4
no_conv,NoConv,tp05_L2_p0p06,timepoint_mask,2.0,0.06,run1,fold02,2,1,6
no_conv,NoConv,tp05_L2_p0p06,timepoint_mask,2.0,0.06,run1,fold02,2,2,30
no_conv,NoConv,tp05_L2_p0p06,timepoint_mask,2.0,0.06,run1,fold03,0,0,108
no_conv,NoConv,tp05_L2_p0p06,timepoint_mask,2.0,0.06,run1,fold03,0,1,18
no_conv,NoConv,tp05_L2_p0p06,timepoint_mask,2.0,0.06,run1,fold03,0,2,8
no_conv,NoConv,tp05_L2_p0p06,timepoint_mask,2.0,0.06,run1,fold03,1,0,35
no_conv,NoConv,tp05_L2_p0p06,timepoint_mask,2.0,0.06,run1,fold03,1,1,102
no_conv,NoConv,tp05_L2_p0p06,timepoint_mask,2.0,0.06,run1,fold03,1,2,15
no_conv,NoConv,tp05_L2_p0p06,timepoint_mask,2.0,0.06,run1,fold03,2,0,0
no_conv,NoConv,tp05_L2_p0p06,timepoint_mask,2.0,0.06,run1,fold03,2,1,5
no_conv,NoConv,tp05_L2_p0p06,timepoint_mask,2.0,0.06,run1,fold03,2,2,35
no_conv,NoConv,tp05_L2_p0p06,timepoint_mask,2.0,0.06,run1,oof_pooled,0,0,327
no_conv,NoConv,tp05_L2_p0p06,timepoint_mask,2.0,0.06,run1,oof_pooled,0,1,64
no_conv,NoConv,tp05_L2_p0p06,timepoint_mask,2.0,0.06,run1,oof_pooled,0,2,11
no_conv,NoConv,tp05_L2_p0p06,timepoint_mask,2.0,0.06,run1,oof_pooled,1,0,103
no_conv,NoConv,tp05_L2_p0p06,timepoint_mask,2.0,0.06,run1,oof_pooled,1,1,316
no_conv,NoConv,tp05_L2_p0p06,timepoint_mask,2.0,0.06,run1,oof_pooled,1,2,37
no_conv,NoConv,tp05_L2_p0p06,timepoint_mask,2.0,0.06,run1,oof_pooled,2,0,9
no_conv,NoConv,tp05_L2_p0p06,timepoint_mask,2.0,0.06,run1,oof_pooled,2,1,17
no_conv,NoConv,tp05_L2_p0p06,timepoint_mask,2.0,0.06,run1,oof_pooled,2,2,95
no_conv,NoConv,tp05_L2_p0p06,timepoint_mask,2.0,0.06,run2,fold01,0,0,15
no_conv,NoConv,tp05_L2_p0p06,timepoint_mask,2.0,0.06,run2,fold01,0,1,6
no_conv,NoConv,tp05_L2_p0p06,timepoint_mask,2.0,0.06,run2,fold01,0,2,6
no_conv,NoConv,tp05_L2_p0p06,timepoint_mask,2.0,0.06,run2,fold01,1,0,8
no_conv,NoConv,tp05_L2_p0p06,timepoint_mask,2.0,0.06,run2,fold01,1,1,16
no_conv,NoConv,tp05_L2_p0p06,timepoint_mask,2.0,0.06,run2,fold01,1,2,7
no_conv,NoConv,tp05_L2_p0p06,timepoint_mask,2.0,0.06,run2,fold01,2,0,4
no_conv,NoConv,tp05_L2_p0p06,timepoint_mask,2.0,0.06,run2,fold01,2,1,1
no_conv,NoConv,tp05_L2_p0p06,timepoint_mask,2.0,0.06,run2,fold01,2,2,9
no_conv,NoConv,tp05_L2_p0p06,timepoint_mask,2.0,0.06,run2,fold02,0,0,17
no_conv,NoConv,tp05_L2_p0p06,timepoint_mask,2.0,0.06,run2,fold02,0,1,6
no_conv,NoConv,tp05_L2_p0p06,timepoint_mask,2.0,0.06,run2,fold02,0,2,3
no_conv,NoConv,tp05_L2_p0p06,timepoint_mask,2.0,0.06,run2,fold02,1,0,9
no_conv,NoConv,tp05_L2_p0p06,timepoint_mask,2.0,0.06,run2,fold02,1,1,12
no_conv,NoConv,tp05_L2_p0p06,timepoint_mask,2.0,0.06,run2,fold02,1,2,10
no_conv,NoConv,tp05_L2_p0p06,timepoint_mask,2.0,0.06,run2,fold02,2,0,3
no_conv,NoConv,tp05_L2_p0p06,timepoint_mask,2.0,0.06,run2,fold02,2,1,0
no_conv,NoConv,tp05_L2_p0p06,timepoint_mask,2.0,0.06,run2,fold02,2,2,11
no_conv,NoConv,tp05_L2_p0p06,timepoint_mask,2.0,0.06,run2,fold03,0,0,21
no_conv,NoConv,tp05_L2_p0p06,timepoint_mask,2.0,0.06,run2,fold03,0,1,4
no_conv,NoConv,tp05_L2_p0p06,timepoint_mask,2.0,0.06,run2,fold03,0,2,1
no_conv,NoConv,tp05_L2_p0p06,timepoint_mask,2.0,0.06,run2,fold03,1,0,13
no_conv,NoConv,tp05_L2_p0p06,timepoint_mask,2.0,0.06,run2,fold03,1,1,14
no_conv,NoConv,tp05_L2_p0p06,timepoint_mask,2.0,0.06,run2,fold03,1,2,4
no_conv,NoConv,tp05_L2_p0p06,timepoint_mask,2.0,0.06,run2,fold03,2,0,8
no_conv,NoConv,tp05_L2_p0p06,timepoint_mask,2.0,0.06,run2,fold03,2,1,2
no_conv,NoConv,tp05_L2_p0p06,timepoint_mask,2.0,0.06,run2,fold03,2,2,4
no_conv,NoConv,tp05_L2_p0p06,timepoint_mask,2.0,0.06,run2,oof_pooled,0,0,53
no_conv,NoConv,tp05_L2_p0p06,timepoint_mask,2.0,0.06,run2,oof_pooled,0,1,16
no_conv,NoConv,tp05_L2_p0p06,timepoint_mask,2.0,0.06,run2,oof_pooled,0,2,10
no_conv,NoConv,tp05_L2_p0p06,timepoint_mask,2.0,0.06,run2,oof_pooled,1,0,30
no_conv,NoConv,tp05_L2_p0p06,timepoint_mask,2.0,0.06,run2,oof_pooled,1,1,42
no_conv,NoConv,tp05_L2_p0p06,timepoint_mask,2.0,0.06,run2,oof_pooled,1,2,21
no_conv,NoConv,tp05_L2_p0p06,timepoint_mask,2.0,0.06,run2,oof_pooled,2,0,15
no_conv,NoConv,tp05_L2_p0p06,timepoint_mask,2.0,0.06,run2,oof_pooled,2,1,3
no_conv,NoConv,tp05_L2_p0p06,timepoint_mask,2.0,0.06,run2,oof_pooled,2,2,24
no_conv,NoConv,tp06_L2_p0p46,timepoint_mask,2.0,0.46,run1,fold01,0,0,109
no_conv,NoConv,tp06_L2_p0p46,timepoint_mask,2.0,0.46,run1,fold01,0,1,24
no_conv,NoConv,tp06_L2_p0p46,timepoint_mask,2.0,0.46,run1,fold01,0,2,1
no_conv,NoConv,tp06_L2_p0p46,timepoint_mask,2.0,0.46,run1,fold01,1,0,41
no_conv,NoConv,tp06_L2_p0p46,timepoint_mask,2.0,0.46,run1,fold01,1,1,101
no_conv,NoConv,tp06_L2_p0p46,timepoint_mask,2.0,0.46,run1,fold01,1,2,10
no_conv,NoConv,tp06_L2_p0p46,timepoint_mask,2.0,0.46,run1,fold01,2,0,5
no_conv,NoConv,tp06_L2_p0p46,timepoint_mask,2.0,0.46,run1,fold01,2,1,6
no_conv,NoConv,tp06_L2_p0p46,timepoint_mask,2.0,0.46,run1,fold01,2,2,30
no_conv,NoConv,tp06_L2_p0p46,timepoint_mask,2.0,0.46,run1,fold02,0,0,110
no_conv,NoConv,tp06_L2_p0p46,timepoint_mask,2.0,0.46,run1,fold02,0,1,22
no_conv,NoConv,tp06_L2_p0p46,timepoint_mask,2.0,0.46,run1,fold02,0,2,2
no_conv,NoConv,tp06_L2_p0p46,timepoint_mask,2.0,0.46,run1,fold02,1,0,28
no_conv,NoConv,tp06_L2_p0p46,timepoint_mask,2.0,0.46,run1,fold02,1,1,112
no_conv,NoConv,tp06_L2_p0p46,timepoint_mask,2.0,0.46,run1,fold02,1,2,12
no_conv,NoConv,tp06_L2_p0p46,timepoint_mask,2.0,0.46,run1,fold02,2,0,4
no_conv,NoConv,tp06_L2_p0p46,timepoint_mask,2.0,0.46,run1,fold02,2,1,6
no_conv,NoConv,tp06_L2_p0p46,timepoint_mask,2.0,0.46,run1,fold02,2,2,30
no_conv,NoConv,tp06_L2_p0p46,timepoint_mask,2.0,0.46,run1,fold03,0,0,108
no_conv,NoConv,tp06_L2_p0p46,timepoint_mask,2.0,0.46,run1,fold03,0,1,18
no_conv,NoConv,tp06_L2_p0p46,timepoint_mask,2.0,0.46,run1,fold03,0,2,8
no_conv,NoConv,tp06_L2_p0p46,timepoint_mask,2.0,0.46,run1,fold03,1,0,33
no_conv,NoConv,tp06_L2_p0p46,timepoint_mask,2.0,0.46,run1,fold03,1,1,104
no_conv,NoConv,tp06_L2_p0p46,timepoint_mask,2.0,0.46,run1,fold03,1,2,15
no_conv,NoConv,tp06_L2_p0p46,timepoint_mask,2.0,0.46,run1,fold03,2,0,0
no_conv,NoConv,tp06_L2_p0p46,timepoint_mask,2.0,0.46,run1,fold03,2,1,5
no_conv,NoConv,tp06_L2_p0p46,timepoint_mask,2.0,0.46,run1,fold03,2,2,35
no_conv,NoConv,tp06_L2_p0p46,timepoint_mask,2.0,0.46,run1,oof_pooled,0,0,327
no_conv,NoConv,tp06_L2_p0p46,timepoint_mask,2.0,0.46,run1,oof_pooled,0,1,64
no_conv,NoConv,tp06_L2_p0p46,timepoint_mask,2.0,0.46,run1,oof_pooled,0,2,11
no_conv,NoConv,tp06_L2_p0p46,timepoint_mask,2.0,0.46,run1,oof_pooled,1,0,102
no_conv,NoConv,tp06_L2_p0p46,timepoint_mask,2.0,0.46,run1,oof_pooled,1,1,317
no_conv,NoConv,tp06_L2_p0p46,timepoint_mask,2.0,0.46,run1,oof_pooled,1,2,37
no_conv,NoConv,tp06_L2_p0p46,timepoint_mask,2.0,0.46,run1,oof_pooled,2,0,9
no_conv,NoConv,tp06_L2_p0p46,timepoint_mask,2.0,0.46,run1,oof_pooled,2,1,17
no_conv,NoConv,tp06_L2_p0p46,timepoint_mask,2.0,0.46,run1,oof_pooled,2,2,95
no_conv,NoConv,tp06_L2_p0p46,timepoint_mask,2.0,0.46,run2,fold01,0,0,15
no_conv,NoConv,tp06_L2_p0p46,timepoint_mask,2.0,0.46,run2,fold01,0,1,6
no_conv,NoConv,tp06_L2_p0p46,timepoint_mask,2.0,0.46,run2,fold01,0,2,6
no_conv,NoConv,tp06_L2_p0p46,timepoint_mask,2.0,0.46,run2,fold01,1,0,8
no_conv,NoConv,tp06_L2_p0p46,timepoint_mask,2.0,0.46,run2,fold01,1,1,16
no_conv,NoConv,tp06_L2_p0p46,timepoint_mask,2.0,0.46,run2,fold01,1,2,7
no_conv,NoConv,tp06_L2_p0p46,timepoint_mask,2.0,0.46,run2,fold01,2,0,4
no_conv,NoConv,tp06_L2_p0p46,timepoint_mask,2.0,0.46,run2,fold01,2,1,1
no_conv,NoConv,tp06_L2_p0p46,timepoint_mask,2.0,0.46,run2,fold01,2,2,9
no_conv,NoConv,tp06_L2_p0p46,timepoint_mask,2.0,0.46,run2,fold02,0,0,17
no_conv,NoConv,tp06_L2_p0p46,timepoint_mask,2.0,0.46,run2,fold02,0,1,6
no_conv,NoConv,tp06_L2_p0p46,timepoint_mask,2.0,0.46,run2,fold02,0,2,3
no_conv,NoConv,tp06_L2_p0p46,timepoint_mask,2.0,0.46,run2,fold02,1,0,9
no_conv,NoConv,tp06_L2_p0p46,timepoint_mask,2.0,0.46,run2,fold02,1,1,12
no_conv,NoConv,tp06_L2_p0p46,timepoint_mask,2.0,0.46,run2,fold02,1,2,10
no_conv,NoConv,tp06_L2_p0p46,timepoint_mask,2.0,0.46,run2,fold02,2,0,3
no_conv,NoConv,tp06_L2_p0p46,timepoint_mask,2.0,0.46,run2,fold02,2,1,0
no_conv,NoConv,tp06_L2_p0p46,timepoint_mask,2.0,0.46,run2,fold02,2,2,11
no_conv,NoConv,tp06_L2_p0p46,timepoint_mask,2.0,0.46,run2,fold03,0,0,21
no_conv,NoConv,tp06_L2_p0p46,timepoint_mask,2.0,0.46,run2,fold03,0,1,4
no_conv,NoConv,tp06_L2_p0p46,timepoint_mask,2.0,0.46,run2,fold03,0,2,1
no_conv,NoConv,tp06_L2_p0p46,timepoint_mask,2.0,0.46,run2,fold03,1,0,13
no_conv,NoConv,tp06_L2_p0p46,timepoint_mask,2.0,0.46,run2,fold03,1,1,14
no_conv,NoConv,tp06_L2_p0p46,timepoint_mask,2.0,0.46,run2,fold03,1,2,4
no_conv,NoConv,tp06_L2_p0p46,timepoint_mask,2.0,0.46,run2,fold03,2,0,8
no_conv,NoConv,tp06_L2_p0p46,timepoint_mask,2.0,0.46,run2,fold03,2,1,2
no_conv,NoConv,tp06_L2_p0p46,timepoint_mask,2.0,0.46,run2,fold03,2,2,4
no_conv,NoConv,tp06_L2_p0p46,timepoint_mask,2.0,0.46,run2,oof_pooled,0,0,53
no_conv,NoConv,tp06_L2_p0p46,timepoint_mask,2.0,0.46,run2,oof_pooled,0,1,16
no_conv,NoConv,tp06_L2_p0p46,timepoint_mask,2.0,0.46,run2,oof_pooled,0,2,10
no_conv,NoConv,tp06_L2_p0p46,timepoint_mask,2.0,0.46,run2,oof_pooled,1,0,30
no_conv,NoConv,tp06_L2_p0p46,timepoint_mask,2.0,0.46,run2,oof_pooled,1,1,42
no_conv,NoConv,tp06_L2_p0p46,timepoint_mask,2.0,0.46,run2,oof_pooled,1,2,21
no_conv,NoConv,tp06_L2_p0p46,timepoint_mask,2.0,0.46,run2,oof_pooled,2,0,15
no_conv,NoConv,tp06_L2_p0p46,timepoint_mask,2.0,0.46,run2,oof_pooled,2,1,3
no_conv,NoConv,tp06_L2_p0p46,timepoint_mask,2.0,0.46,run2,oof_pooled,2,2,24
no_conv,NoConv,tp07_L2_p0p82,timepoint_mask,2.0,0.82,run1,fold01,0,0,109
no_conv,NoConv,tp07_L2_p0p82,timepoint_mask,2.0,0.82,run1,fold01,0,1,24
no_conv,NoConv,tp07_L2_p0p82,timepoint_mask,2.0,0.82,run1,fold01,0,2,1
no_conv,NoConv,tp07_L2_p0p82,timepoint_mask,2.0,0.82,run1,fold01,1,0,40
no_conv,NoConv,tp07_L2_p0p82,timepoint_mask,2.0,0.82,run1,fold01,1,1,102
no_conv,NoConv,tp07_L2_p0p82,timepoint_mask,2.0,0.82,run1,fold01,1,2,10
no_conv,NoConv,tp07_L2_p0p82,timepoint_mask,2.0,0.82,run1,fold01,2,0,5
no_conv,NoConv,tp07_L2_p0p82,timepoint_mask,2.0,0.82,run1,fold01,2,1,6
no_conv,NoConv,tp07_L2_p0p82,timepoint_mask,2.0,0.82,run1,fold01,2,2,30
no_conv,NoConv,tp07_L2_p0p82,timepoint_mask,2.0,0.82,run1,fold02,0,0,110
no_conv,NoConv,tp07_L2_p0p82,timepoint_mask,2.0,0.82,run1,fold02,0,1,22
no_conv,NoConv,tp07_L2_p0p82,timepoint_mask,2.0,0.82,run1,fold02,0,2,2
no_conv,NoConv,tp07_L2_p0p82,timepoint_mask,2.0,0.82,run1,fold02,1,0,29
no_conv,NoConv,tp07_L2_p0p82,timepoint_mask,2.0,0.82,run1,fold02,1,1,112
no_conv,NoConv,tp07_L2_p0p82,timepoint_mask,2.0,0.82,run1,fold02,1,2,11
no_conv,NoConv,tp07_L2_p0p82,timepoint_mask,2.0,0.82,run1,fold02,2,0,4
no_conv,NoConv,tp07_L2_p0p82,timepoint_mask,2.0,0.82,run1,fold02,2,1,6
no_conv,NoConv,tp07_L2_p0p82,timepoint_mask,2.0,0.82,run1,fold02,2,2,30
no_conv,NoConv,tp07_L2_p0p82,timepoint_mask,2.0,0.82,run1,fold03,0,0,108
no_conv,NoConv,tp07_L2_p0p82,timepoint_mask,2.0,0.82,run1,fold03,0,1,18
no_conv,NoConv,tp07_L2_p0p82,timepoint_mask,2.0,0.82,run1,fold03,0,2,8
no_conv,NoConv,tp07_L2_p0p82,timepoint_mask,2.0,0.82,run1,fold03,1,0,37
no_conv,NoConv,tp07_L2_p0p82,timepoint_mask,2.0,0.82,run1,fold03,1,1,102
no_conv,NoConv,tp07_L2_p0p82,timepoint_mask,2.0,0.82,run1,fold03,1,2,13
no_conv,NoConv,tp07_L2_p0p82,timepoint_mask,2.0,0.82,run1,fold03,2,0,0
no_conv,NoConv,tp07_L2_p0p82,timepoint_mask,2.0,0.82,run1,fold03,2,1,5
no_conv,NoConv,tp07_L2_p0p82,timepoint_mask,2.0,0.82,run1,fold03,2,2,35
no_conv,NoConv,tp07_L2_p0p82,timepoint_mask,2.0,0.82,run1,oof_pooled,0,0,327
no_conv,NoConv,tp07_L2_p0p82,timepoint_mask,2.0,0.82,run1,oof_pooled,0,1,64
no_conv,NoConv,tp07_L2_p0p82,timepoint_mask,2.0,0.82,run1,oof_pooled,0,2,11
no_conv,NoConv,tp07_L2_p0p82,timepoint_mask,2.0,0.82,run1,oof_pooled,1,0,106
no_conv,NoConv,tp07_L2_p0p82,timepoint_mask,2.0,0.82,run1,oof_pooled,1,1,316
no_conv,NoConv,tp07_L2_p0p82,timepoint_mask,2.0,0.82,run1,oof_pooled,1,2,34
no_conv,NoConv,tp07_L2_p0p82,timepoint_mask,2.0,0.82,run1,oof_pooled,2,0,9
no_conv,NoConv,tp07_L2_p0p82,timepoint_mask,2.0,0.82,run1,oof_pooled,2,1,17
no_conv,NoConv,tp07_L2_p0p82,timepoint_mask,2.0,0.82,run1,oof_pooled,2,2,95
no_conv,NoConv,tp07_L2_p0p82,timepoint_mask,2.0,0.82,run2,fold01,0,0,15
no_conv,NoConv,tp07_L2_p0p82,timepoint_mask,2.0,0.82,run2,fold01,0,1,6
no_conv,NoConv,tp07_L2_p0p82,timepoint_mask,2.0,0.82,run2,fold01,0,2,6
no_conv,NoConv,tp07_L2_p0p82,timepoint_mask,2.0,0.82,run2,fold01,1,0,8
no_conv,NoConv,tp07_L2_p0p82,timepoint_mask,2.0,0.82,run2,fold01,1,1,16
no_conv,NoConv,tp07_L2_p0p82,timepoint_mask,2.0,0.82,run2,fold01,1,2,7
no_conv,NoConv,tp07_L2_p0p82,timepoint_mask,2.0,0.82,run2,fold01,2,0,4
no_conv,NoConv,tp07_L2_p0p82,timepoint_mask,2.0,0.82,run2,fold01,2,1,1
no_conv,NoConv,tp07_L2_p0p82,timepoint_mask,2.0,0.82,run2,fold01,2,2,9
no_conv,NoConv,tp07_L2_p0p82,timepoint_mask,2.0,0.82,run2,fold02,0,0,17
no_conv,NoConv,tp07_L2_p0p82,timepoint_mask,2.0,0.82,run2,fold02,0,1,6
no_conv,NoConv,tp07_L2_p0p82,timepoint_mask,2.0,0.82,run2,fold02,0,2,3
no_conv,NoConv,tp07_L2_p0p82,timepoint_mask,2.0,0.82,run2,fold02,1,0,9
no_conv,NoConv,tp07_L2_p0p82,timepoint_mask,2.0,0.82,run2,fold02,1,1,12
no_conv,NoConv,tp07_L2_p0p82,timepoint_mask,2.0,0.82,run2,fold02,1,2,10
no_conv,NoConv,tp07_L2_p0p82,timepoint_mask,2.0,0.82,run2,fold02,2,0,3
no_conv,NoConv,tp07_L2_p0p82,timepoint_mask,2.0,0.82,run2,fold02,2,1,0
no_conv,NoConv,tp07_L2_p0p82,timepoint_mask,2.0,0.82,run2,fold02,2,2,11
no_conv,NoConv,tp07_L2_p0p82,timepoint_mask,2.0,0.82,run2,fold03,0,0,21
no_conv,NoConv,tp07_L2_p0p82,timepoint_mask,2.0,0.82,run2,fold03,0,1,4
no_conv,NoConv,tp07_L2_p0p82,timepoint_mask,2.0,0.82,run2,fold03,0,2,1
no_conv,NoConv,tp07_L2_p0p82,timepoint_mask,2.0,0.82,run2,fold03,1,0,13
no_conv,NoConv,tp07_L2_p0p82,timepoint_mask,2.0,0.82,run2,fold03,1,1,14
no_conv,NoConv,tp07_L2_p0p82,timepoint_mask,2.0,0.82,run2,fold03,1,2,4
no_conv,NoConv,tp07_L2_p0p82,timepoint_mask,2.0,0.82,run2,fold03,2,0,8
no_conv,NoConv,tp07_L2_p0p82,timepoint_mask,2.0,0.82,run2,fold03,2,1,2
no_conv,NoConv,tp07_L2_p0p82,timepoint_mask,2.0,0.82,run2,fold03,2,2,4
no_conv,NoConv,tp07_L2_p0p82,timepoint_mask,2.0,0.82,run2,oof_pooled,0,0,53
no_conv,NoConv,tp07_L2_p0p82,timepoint_mask,2.0,0.82,run2,oof_pooled,0,1,16
no_conv,NoConv,tp07_L2_p0p82,timepoint_mask,2.0,0.82,run2,oof_pooled,0,2,10
no_conv,NoConv,tp07_L2_p0p82,timepoint_mask,2.0,0.82,run2,oof_pooled,1,0,30
no_conv,NoConv,tp07_L2_p0p82,timepoint_mask,2.0,0.82,run2,oof_pooled,1,1,42
no_conv,NoConv,tp07_L2_p0p82,timepoint_mask,2.0,0.82,run2,oof_pooled,1,2,21
no_conv,NoConv,tp07_L2_p0p82,timepoint_mask,2.0,0.82,run2,oof_pooled,2,0,15
no_conv,NoConv,tp07_L2_p0p82,timepoint_mask,2.0,0.82,run2,oof_pooled,2,1,3
no_conv,NoConv,tp07_L2_p0p82,timepoint_mask,2.0,0.82,run2,oof_pooled,2,2,24
no_conv,NoConv,tp08_L3_m0p08,timepoint_mask,3.0,-0.08,run1,fold01,0,0,109
no_conv,NoConv,tp08_L3_m0p08,timepoint_mask,3.0,-0.08,run1,fold01,0,1,24
no_conv,NoConv,tp08_L3_m0p08,timepoint_mask,3.0,-0.08,run1,fold01,0,2,1
no_conv,NoConv,tp08_L3_m0p08,timepoint_mask,3.0,-0.08,run1,fold01,1,0,29
no_conv,NoConv,tp08_L3_m0p08,timepoint_mask,3.0,-0.08,run1,fold01,1,1,120
no_conv,NoConv,tp08_L3_m0p08,timepoint_mask,3.0,-0.08,run1,fold01,1,2,3
no_conv,NoConv,tp08_L3_m0p08,timepoint_mask,3.0,-0.08,run1,fold01,2,0,5
no_conv,NoConv,tp08_L3_m0p08,timepoint_mask,3.0,-0.08,run1,fold01,2,1,6
no_conv,NoConv,tp08_L3_m0p08,timepoint_mask,3.0,-0.08,run1,fold01,2,2,30
no_conv,NoConv,tp08_L3_m0p08,timepoint_mask,3.0,-0.08,run1,fold02,0,0,110
no_conv,NoConv,tp08_L3_m0p08,timepoint_mask,3.0,-0.08,run1,fold02,0,1,22
no_conv,NoConv,tp08_L3_m0p08,timepoint_mask,3.0,-0.08,run1,fold02,0,2,2
no_conv,NoConv,tp08_L3_m0p08,timepoint_mask,3.0,-0.08,run1,fold02,1,0,22
no_conv,NoConv,tp08_L3_m0p08,timepoint_mask,3.0,-0.08,run1,fold02,1,1,121
no_conv,NoConv,tp08_L3_m0p08,timepoint_mask,3.0,-0.08,run1,fold02,1,2,9
no_conv,NoConv,tp08_L3_m0p08,timepoint_mask,3.0,-0.08,run1,fold02,2,0,4
no_conv,NoConv,tp08_L3_m0p08,timepoint_mask,3.0,-0.08,run1,fold02,2,1,6
no_conv,NoConv,tp08_L3_m0p08,timepoint_mask,3.0,-0.08,run1,fold02,2,2,30
no_conv,NoConv,tp08_L3_m0p08,timepoint_mask,3.0,-0.08,run1,fold03,0,0,108
no_conv,NoConv,tp08_L3_m0p08,timepoint_mask,3.0,-0.08,run1,fold03,0,1,18
no_conv,NoConv,tp08_L3_m0p08,timepoint_mask,3.0,-0.08,run1,fold03,0,2,8
no_conv,NoConv,tp08_L3_m0p08,timepoint_mask,3.0,-0.08,run1,fold03,1,0,28
no_conv,NoConv,tp08_L3_m0p08,timepoint_mask,3.0,-0.08,run1,fold03,1,1,110
no_conv,NoConv,tp08_L3_m0p08,timepoint_mask,3.0,-0.08,run1,fold03,1,2,14
no_conv,NoConv,tp08_L3_m0p08,timepoint_mask,3.0,-0.08,run1,fold03,2,0,0
no_conv,NoConv,tp08_L3_m0p08,timepoint_mask,3.0,-0.08,run1,fold03,2,1,5
no_conv,NoConv,tp08_L3_m0p08,timepoint_mask,3.0,-0.08,run1,fold03,2,2,35
no_conv,NoConv,tp08_L3_m0p08,timepoint_mask,3.0,-0.08,run1,oof_pooled,0,0,327
no_conv,NoConv,tp08_L3_m0p08,timepoint_mask,3.0,-0.08,run1,oof_pooled,0,1,64
no_conv,NoConv,tp08_L3_m0p08,timepoint_mask,3.0,-0.08,run1,oof_pooled,0,2,11
no_conv,NoConv,tp08_L3_m0p08,timepoint_mask,3.0,-0.08,run1,oof_pooled,1,0,79
no_conv,NoConv,tp08_L3_m0p08,timepoint_mask,3.0,-0.08,run1,oof_pooled,1,1,351
no_conv,NoConv,tp08_L3_m0p08,timepoint_mask,3.0,-0.08,run1,oof_pooled,1,2,26
no_conv,NoConv,tp08_L3_m0p08,timepoint_mask,3.0,-0.08,run1,oof_pooled,2,0,9
no_conv,NoConv,tp08_L3_m0p08,timepoint_mask,3.0,-0.08,run1,oof_pooled,2,1,17
no_conv,NoConv,tp08_L3_m0p08,timepoint_mask,3.0,-0.08,run1,oof_pooled,2,2,95
no_conv,NoConv,tp08_L3_m0p08,timepoint_mask,3.0,-0.08,run2,fold01,0,0,15
no_conv,NoConv,tp08_L3_m0p08,timepoint_mask,3.0,-0.08,run2,fold01,0,1,6
no_conv,NoConv,tp08_L3_m0p08,timepoint_mask,3.0,-0.08,run2,fold01,0,2,6
no_conv,NoConv,tp08_L3_m0p08,timepoint_mask,3.0,-0.08,run2,fold01,1,0,8
no_conv,NoConv,tp08_L3_m0p08,timepoint_mask,3.0,-0.08,run2,fold01,1,1,16
no_conv,NoConv,tp08_L3_m0p08,timepoint_mask,3.0,-0.08,run2,fold01,1,2,7
no_conv,NoConv,tp08_L3_m0p08,timepoint_mask,3.0,-0.08,run2,fold01,2,0,4
no_conv,NoConv,tp08_L3_m0p08,timepoint_mask,3.0,-0.08,run2,fold01,2,1,1
no_conv,NoConv,tp08_L3_m0p08,timepoint_mask,3.0,-0.08,run2,fold01,2,2,9
no_conv,NoConv,tp08_L3_m0p08,timepoint_mask,3.0,-0.08,run2,fold02,0,0,17
no_conv,NoConv,tp08_L3_m0p08,timepoint_mask,3.0,-0.08,run2,fold02,0,1,6
no_conv,NoConv,tp08_L3_m0p08,timepoint_mask,3.0,-0.08,run2,fold02,0,2,3
no_conv,NoConv,tp08_L3_m0p08,timepoint_mask,3.0,-0.08,run2,fold02,1,0,9
no_conv,NoConv,tp08_L3_m0p08,timepoint_mask,3.0,-0.08,run2,fold02,1,1,13
no_conv,NoConv,tp08_L3_m0p08,timepoint_mask,3.0,-0.08,run2,fold02,1,2,9
no_conv,NoConv,tp08_L3_m0p08,timepoint_mask,3.0,-0.08,run2,fold02,2,0,3
no_conv,NoConv,tp08_L3_m0p08,timepoint_mask,3.0,-0.08,run2,fold02,2,1,0
no_conv,NoConv,tp08_L3_m0p08,timepoint_mask,3.0,-0.08,run2,fold02,2,2,11
no_conv,NoConv,tp08_L3_m0p08,timepoint_mask,3.0,-0.08,run2,fold03,0,0,21
no_conv,NoConv,tp08_L3_m0p08,timepoint_mask,3.0,-0.08,run2,fold03,0,1,4
no_conv,NoConv,tp08_L3_m0p08,timepoint_mask,3.0,-0.08,run2,fold03,0,2,1
no_conv,NoConv,tp08_L3_m0p08,timepoint_mask,3.0,-0.08,run2,fold03,1,0,13
no_conv,NoConv,tp08_L3_m0p08,timepoint_mask,3.0,-0.08,run2,fold03,1,1,14
no_conv,NoConv,tp08_L3_m0p08,timepoint_mask,3.0,-0.08,run2,fold03,1,2,4
no_conv,NoConv,tp08_L3_m0p08,timepoint_mask,3.0,-0.08,run2,fold03,2,0,7
no_conv,NoConv,tp08_L3_m0p08,timepoint_mask,3.0,-0.08,run2,fold03,2,1,3
no_conv,NoConv,tp08_L3_m0p08,timepoint_mask,3.0,-0.08,run2,fold03,2,2,4
no_conv,NoConv,tp08_L3_m0p08,timepoint_mask,3.0,-0.08,run2,oof_pooled,0,0,53
no_conv,NoConv,tp08_L3_m0p08,timepoint_mask,3.0,-0.08,run2,oof_pooled,0,1,16
no_conv,NoConv,tp08_L3_m0p08,timepoint_mask,3.0,-0.08,run2,oof_pooled,0,2,10
no_conv,NoConv,tp08_L3_m0p08,timepoint_mask,3.0,-0.08,run2,oof_pooled,1,0,30
no_conv,NoConv,tp08_L3_m0p08,timepoint_mask,3.0,-0.08,run2,oof_pooled,1,1,43
no_conv,NoConv,tp08_L3_m0p08,timepoint_mask,3.0,-0.08,run2,oof_pooled,1,2,20
no_conv,NoConv,tp08_L3_m0p08,timepoint_mask,3.0,-0.08,run2,oof_pooled,2,0,14
no_conv,NoConv,tp08_L3_m0p08,timepoint_mask,3.0,-0.08,run2,oof_pooled,2,1,4
no_conv,NoConv,tp08_L3_m0p08,timepoint_mask,3.0,-0.08,run2,oof_pooled,2,2,24
no_conv,NoConv,tp09_L3_p0p42,timepoint_mask,3.0,0.42,run1,fold01,0,0,109
no_conv,NoConv,tp09_L3_p0p42,timepoint_mask,3.0,0.42,run1,fold01,0,1,24
no_conv,NoConv,tp09_L3_p0p42,timepoint_mask,3.0,0.42,run1,fold01,0,2,1
no_conv,NoConv,tp09_L3_p0p42,timepoint_mask,3.0,0.42,run1,fold01,1,0,29
no_conv,NoConv,tp09_L3_p0p42,timepoint_mask,3.0,0.42,run1,fold01,1,1,120
no_conv,NoConv,tp09_L3_p0p42,timepoint_mask,3.0,0.42,run1,fold01,1,2,3
no_conv,NoConv,tp09_L3_p0p42,timepoint_mask,3.0,0.42,run1,fold01,2,0,5
no_conv,NoConv,tp09_L3_p0p42,timepoint_mask,3.0,0.42,run1,fold01,2,1,6
no_conv,NoConv,tp09_L3_p0p42,timepoint_mask,3.0,0.42,run1,fold01,2,2,30
no_conv,NoConv,tp09_L3_p0p42,timepoint_mask,3.0,0.42,run1,fold02,0,0,110
no_conv,NoConv,tp09_L3_p0p42,timepoint_mask,3.0,0.42,run1,fold02,0,1,22
no_conv,NoConv,tp09_L3_p0p42,timepoint_mask,3.0,0.42,run1,fold02,0,2,2
no_conv,NoConv,tp09_L3_p0p42,timepoint_mask,3.0,0.42,run1,fold02,1,0,22
no_conv,NoConv,tp09_L3_p0p42,timepoint_mask,3.0,0.42,run1,fold02,1,1,121
no_conv,NoConv,tp09_L3_p0p42,timepoint_mask,3.0,0.42,run1,fold02,1,2,9
no_conv,NoConv,tp09_L3_p0p42,timepoint_mask,3.0,0.42,run1,fold02,2,0,4
no_conv,NoConv,tp09_L3_p0p42,timepoint_mask,3.0,0.42,run1,fold02,2,1,6
no_conv,NoConv,tp09_L3_p0p42,timepoint_mask,3.0,0.42,run1,fold02,2,2,30
no_conv,NoConv,tp09_L3_p0p42,timepoint_mask,3.0,0.42,run1,fold03,0,0,108
no_conv,NoConv,tp09_L3_p0p42,timepoint_mask,3.0,0.42,run1,fold03,0,1,18
no_conv,NoConv,tp09_L3_p0p42,timepoint_mask,3.0,0.42,run1,fold03,0,2,8
no_conv,NoConv,tp09_L3_p0p42,timepoint_mask,3.0,0.42,run1,fold03,1,0,28
no_conv,NoConv,tp09_L3_p0p42,timepoint_mask,3.0,0.42,run1,fold03,1,1,110
no_conv,NoConv,tp09_L3_p0p42,timepoint_mask,3.0,0.42,run1,fold03,1,2,14
no_conv,NoConv,tp09_L3_p0p42,timepoint_mask,3.0,0.42,run1,fold03,2,0,0
no_conv,NoConv,tp09_L3_p0p42,timepoint_mask,3.0,0.42,run1,fold03,2,1,5
no_conv,NoConv,tp09_L3_p0p42,timepoint_mask,3.0,0.42,run1,fold03,2,2,35
no_conv,NoConv,tp09_L3_p0p42,timepoint_mask,3.0,0.42,run1,oof_pooled,0,0,327
no_conv,NoConv,tp09_L3_p0p42,timepoint_mask,3.0,0.42,run1,oof_pooled,0,1,64
no_conv,NoConv,tp09_L3_p0p42,timepoint_mask,3.0,0.42,run1,oof_pooled,0,2,11
no_conv,NoConv,tp09_L3_p0p42,timepoint_mask,3.0,0.42,run1,oof_pooled,1,0,79
no_conv,NoConv,tp09_L3_p0p42,timepoint_mask,3.0,0.42,run1,oof_pooled,1,1,351
no_conv,NoConv,tp09_L3_p0p42,timepoint_mask,3.0,0.42,run1,oof_pooled,1,2,26
no_conv,NoConv,tp09_L3_p0p42,timepoint_mask,3.0,0.42,run1,oof_pooled,2,0,9
no_conv,NoConv,tp09_L3_p0p42,timepoint_mask,3.0,0.42,run1,oof_pooled,2,1,17
no_conv,NoConv,tp09_L3_p0p42,timepoint_mask,3.0,0.42,run1,oof_pooled,2,2,95
no_conv,NoConv,tp09_L3_p0p42,timepoint_mask,3.0,0.42,run2,fold01,0,0,15
no_conv,NoConv,tp09_L3_p0p42,timepoint_mask,3.0,0.42,run2,fold01,0,1,6
no_conv,NoConv,tp09_L3_p0p42,timepoint_mask,3.0,0.42,run2,fold01,0,2,6
no_conv,NoConv,tp09_L3_p0p42,timepoint_mask,3.0,0.42,run2,fold01,1,0,8
no_conv,NoConv,tp09_L3_p0p42,timepoint_mask,3.0,0.42,run2,fold01,1,1,16
no_conv,NoConv,tp09_L3_p0p42,timepoint_mask,3.0,0.42,run2,fold01,1,2,7
no_conv,NoConv,tp09_L3_p0p42,timepoint_mask,3.0,0.42,run2,fold01,2,0,4
no_conv,NoConv,tp09_L3_p0p42,timepoint_mask,3.0,0.42,run2,fold01,2,1,1
no_conv,NoConv,tp09_L3_p0p42,timepoint_mask,3.0,0.42,run2,fold01,2,2,9
no_conv,NoConv,tp09_L3_p0p42,timepoint_mask,3.0,0.42,run2,fold02,0,0,17
no_conv,NoConv,tp09_L3_p0p42,timepoint_mask,3.0,0.42,run2,fold02,0,1,6
no_conv,NoConv,tp09_L3_p0p42,timepoint_mask,3.0,0.42,run2,fold02,0,2,3
no_conv,NoConv,tp09_L3_p0p42,timepoint_mask,3.0,0.42,run2,fold02,1,0,9
no_conv,NoConv,tp09_L3_p0p42,timepoint_mask,3.0,0.42,run2,fold02,1,1,12
no_conv,NoConv,tp09_L3_p0p42,timepoint_mask,3.0,0.42,run2,fold02,1,2,10
no_conv,NoConv,tp09_L3_p0p42,timepoint_mask,3.0,0.42,run2,fold02,2,0,3
no_conv,NoConv,tp09_L3_p0p42,timepoint_mask,3.0,0.42,run2,fold02,2,1,0
no_conv,NoConv,tp09_L3_p0p42,timepoint_mask,3.0,0.42,run2,fold02,2,2,11
no_conv,NoConv,tp09_L3_p0p42,timepoint_mask,3.0,0.42,run2,fold03,0,0,21
no_conv,NoConv,tp09_L3_p0p42,timepoint_mask,3.0,0.42,run2,fold03,0,1,4
no_conv,NoConv,tp09_L3_p0p42,timepoint_mask,3.0,0.42,run2,fold03,0,2,1
no_conv,NoConv,tp09_L3_p0p42,timepoint_mask,3.0,0.42,run2,fold03,1,0,13
no_conv,NoConv,tp09_L3_p0p42,timepoint_mask,3.0,0.42,run2,fold03,1,1,14
no_conv,NoConv,tp09_L3_p0p42,timepoint_mask,3.0,0.42,run2,fold03,1,2,4
no_conv,NoConv,tp09_L3_p0p42,timepoint_mask,3.0,0.42,run2,fold03,2,0,8
no_conv,NoConv,tp09_L3_p0p42,timepoint_mask,3.0,0.42,run2,fold03,2,1,2
no_conv,NoConv,tp09_L3_p0p42,timepoint_mask,3.0,0.42,run2,fold03,2,2,4
no_conv,NoConv,tp09_L3_p0p42,timepoint_mask,3.0,0.42,run2,oof_pooled,0,0,53
no_conv,NoConv,tp09_L3_p0p42,timepoint_mask,3.0,0.42,run2,oof_pooled,0,1,16
no_conv,NoConv,tp09_L3_p0p42,timepoint_mask,3.0,0.42,run2,oof_pooled,0,2,10
no_conv,NoConv,tp09_L3_p0p42,timepoint_mask,3.0,0.42,run2,oof_pooled,1,0,30
no_conv,NoConv,tp09_L3_p0p42,timepoint_mask,3.0,0.42,run2,oof_pooled,1,1,42
no_conv,NoConv,tp09_L3_p0p42,timepoint_mask,3.0,0.42,run2,oof_pooled,1,2,21
no_conv,NoConv,tp09_L3_p0p42,timepoint_mask,3.0,0.42,run2,oof_pooled,2,0,15
no_conv,NoConv,tp09_L3_p0p42,timepoint_mask,3.0,0.42,run2,oof_pooled,2,1,3
no_conv,NoConv,tp09_L3_p0p42,timepoint_mask,3.0,0.42,run2,oof_pooled,2,2,24
no_conv,NoConv,tp10_L3_p0p65,timepoint_mask,3.0,0.65,run1,fold01,0,0,109
no_conv,NoConv,tp10_L3_p0p65,timepoint_mask,3.0,0.65,run1,fold01,0,1,24
no_conv,NoConv,tp10_L3_p0p65,timepoint_mask,3.0,0.65,run1,fold01,0,2,1
no_conv,NoConv,tp10_L3_p0p65,timepoint_mask,3.0,0.65,run1,fold01,1,0,29
no_conv,NoConv,tp10_L3_p0p65,timepoint_mask,3.0,0.65,run1,fold01,1,1,120
no_conv,NoConv,tp10_L3_p0p65,timepoint_mask,3.0,0.65,run1,fold01,1,2,3
no_conv,NoConv,tp10_L3_p0p65,timepoint_mask,3.0,0.65,run1,fold01,2,0,5
no_conv,NoConv,tp10_L3_p0p65,timepoint_mask,3.0,0.65,run1,fold01,2,1,6
no_conv,NoConv,tp10_L3_p0p65,timepoint_mask,3.0,0.65,run1,fold01,2,2,30
no_conv,NoConv,tp10_L3_p0p65,timepoint_mask,3.0,0.65,run1,fold02,0,0,110
no_conv,NoConv,tp10_L3_p0p65,timepoint_mask,3.0,0.65,run1,fold02,0,1,22
no_conv,NoConv,tp10_L3_p0p65,timepoint_mask,3.0,0.65,run1,fold02,0,2,2
no_conv,NoConv,tp10_L3_p0p65,timepoint_mask,3.0,0.65,run1,fold02,1,0,22
no_conv,NoConv,tp10_L3_p0p65,timepoint_mask,3.0,0.65,run1,fold02,1,1,121
no_conv,NoConv,tp10_L3_p0p65,timepoint_mask,3.0,0.65,run1,fold02,1,2,9
no_conv,NoConv,tp10_L3_p0p65,timepoint_mask,3.0,0.65,run1,fold02,2,0,4
no_conv,NoConv,tp10_L3_p0p65,timepoint_mask,3.0,0.65,run1,fold02,2,1,6
no_conv,NoConv,tp10_L3_p0p65,timepoint_mask,3.0,0.65,run1,fold02,2,2,30
no_conv,NoConv,tp10_L3_p0p65,timepoint_mask,3.0,0.65,run1,fold03,0,0,108
no_conv,NoConv,tp10_L3_p0p65,timepoint_mask,3.0,0.65,run1,fold03,0,1,18
no_conv,NoConv,tp10_L3_p0p65,timepoint_mask,3.0,0.65,run1,fold03,0,2,8
no_conv,NoConv,tp10_L3_p0p65,timepoint_mask,3.0,0.65,run1,fold03,1,0,28
no_conv,NoConv,tp10_L3_p0p65,timepoint_mask,3.0,0.65,run1,fold03,1,1,110
no_conv,NoConv,tp10_L3_p0p65,timepoint_mask,3.0,0.65,run1,fold03,1,2,14
no_conv,NoConv,tp10_L3_p0p65,timepoint_mask,3.0,0.65,run1,fold03,2,0,0
no_conv,NoConv,tp10_L3_p0p65,timepoint_mask,3.0,0.65,run1,fold03,2,1,5
no_conv,NoConv,tp10_L3_p0p65,timepoint_mask,3.0,0.65,run1,fold03,2,2,35
no_conv,NoConv,tp10_L3_p0p65,timepoint_mask,3.0,0.65,run1,oof_pooled,0,0,327
no_conv,NoConv,tp10_L3_p0p65,timepoint_mask,3.0,0.65,run1,oof_pooled,0,1,64
no_conv,NoConv,tp10_L3_p0p65,timepoint_mask,3.0,0.65,run1,oof_pooled,0,2,11
no_conv,NoConv,tp10_L3_p0p65,timepoint_mask,3.0,0.65,run1,oof_pooled,1,0,79
no_conv,NoConv,tp10_L3_p0p65,timepoint_mask,3.0,0.65,run1,oof_pooled,1,1,351
no_conv,NoConv,tp10_L3_p0p65,timepoint_mask,3.0,0.65,run1,oof_pooled,1,2,26
no_conv,NoConv,tp10_L3_p0p65,timepoint_mask,3.0,0.65,run1,oof_pooled,2,0,9
no_conv,NoConv,tp10_L3_p0p65,timepoint_mask,3.0,0.65,run1,oof_pooled,2,1,17
no_conv,NoConv,tp10_L3_p0p65,timepoint_mask,3.0,0.65,run1,oof_pooled,2,2,95
no_conv,NoConv,tp10_L3_p0p65,timepoint_mask,3.0,0.65,run2,fold01,0,0,15
no_conv,NoConv,tp10_L3_p0p65,timepoint_mask,3.0,0.65,run2,fold01,0,1,6
no_conv,NoConv,tp10_L3_p0p65,timepoint_mask,3.0,0.65,run2,fold01,0,2,6
no_conv,NoConv,tp10_L3_p0p65,timepoint_mask,3.0,0.65,run2,fold01,1,0,8
no_conv,NoConv,tp10_L3_p0p65,timepoint_mask,3.0,0.65,run2,fold01,1,1,16
no_conv,NoConv,tp10_L3_p0p65,timepoint_mask,3.0,0.65,run2,fold01,1,2,7
no_conv,NoConv,tp10_L3_p0p65,timepoint_mask,3.0,0.65,run2,fold01,2,0,4
no_conv,NoConv,tp10_L3_p0p65,timepoint_mask,3.0,0.65,run2,fold01,2,1,1
no_conv,NoConv,tp10_L3_p0p65,timepoint_mask,3.0,0.65,run2,fold01,2,2,9
no_conv,NoConv,tp10_L3_p0p65,timepoint_mask,3.0,0.65,run2,fold02,0,0,17
no_conv,NoConv,tp10_L3_p0p65,timepoint_mask,3.0,0.65,run2,fold02,0,1,6
no_conv,NoConv,tp10_L3_p0p65,timepoint_mask,3.0,0.65,run2,fold02,0,2,3
no_conv,NoConv,tp10_L3_p0p65,timepoint_mask,3.0,0.65,run2,fold02,1,0,9
no_conv,NoConv,tp10_L3_p0p65,timepoint_mask,3.0,0.65,run2,fold02,1,1,12
no_conv,NoConv,tp10_L3_p0p65,timepoint_mask,3.0,0.65,run2,fold02,1,2,10
no_conv,NoConv,tp10_L3_p0p65,timepoint_mask,3.0,0.65,run2,fold02,2,0,3
no_conv,NoConv,tp10_L3_p0p65,timepoint_mask,3.0,0.65,run2,fold02,2,1,0
no_conv,NoConv,tp10_L3_p0p65,timepoint_mask,3.0,0.65,run2,fold02,2,2,11
no_conv,NoConv,tp10_L3_p0p65,timepoint_mask,3.0,0.65,run2,fold03,0,0,21
no_conv,NoConv,tp10_L3_p0p65,timepoint_mask,3.0,0.65,run2,fold03,0,1,4
no_conv,NoConv,tp10_L3_p0p65,timepoint_mask,3.0,0.65,run2,fold03,0,2,1
no_conv,NoConv,tp10_L3_p0p65,timepoint_mask,3.0,0.65,run2,fold03,1,0,13
no_conv,NoConv,tp10_L3_p0p65,timepoint_mask,3.0,0.65,run2,fold03,1,1,14
no_conv,NoConv,tp10_L3_p0p65,timepoint_mask,3.0,0.65,run2,fold03,1,2,4
no_conv,NoConv,tp10_L3_p0p65,timepoint_mask,3.0,0.65,run2,fold03,2,0,8
no_conv,NoConv,tp10_L3_p0p65,timepoint_mask,3.0,0.65,run2,fold03,2,1,2
no_conv,NoConv,tp10_L3_p0p65,timepoint_mask,3.0,0.65,run2,fold03,2,2,4
no_conv,NoConv,tp10_L3_p0p65,timepoint_mask,3.0,0.65,run2,oof_pooled,0,0,53
no_conv,NoConv,tp10_L3_p0p65,timepoint_mask,3.0,0.65,run2,oof_pooled,0,1,16
no_conv,NoConv,tp10_L3_p0p65,timepoint_mask,3.0,0.65,run2,oof_pooled,0,2,10
no_conv,NoConv,tp10_L3_p0p65,timepoint_mask,3.0,0.65,run2,oof_pooled,1,0,30
no_conv,NoConv,tp10_L3_p0p65,timepoint_mask,3.0,0.65,run2,oof_pooled,1,1,42
no_conv,NoConv,tp10_L3_p0p65,timepoint_mask,3.0,0.65,run2,oof_pooled,1,2,21
no_conv,NoConv,tp10_L3_p0p65,timepoint_mask,3.0,0.65,run2,oof_pooled,2,0,15
no_conv,NoConv,tp10_L3_p0p65,timepoint_mask,3.0,0.65,run2,oof_pooled,2,1,3
no_conv,NoConv,tp10_L3_p0p65,timepoint_mask,3.0,0.65,run2,oof_pooled,2,2,24
no_conv,NoConv,tp11_L3_p0p95,timepoint_mask,3.0,0.95,run1,fold01,0,0,109
no_conv,NoConv,tp11_L3_p0p95,timepoint_mask,3.0,0.95,run1,fold01,0,1,24
no_conv,NoConv,tp11_L3_p0p95,timepoint_mask,3.0,0.95,run1,fold01,0,2,1
no_conv,NoConv,tp11_L3_p0p95,timepoint_mask,3.0,0.95,run1,fold01,1,0,29
no_conv,NoConv,tp11_L3_p0p95,timepoint_mask,3.0,0.95,run1,fold01,1,1,120
no_conv,NoConv,tp11_L3_p0p95,timepoint_mask,3.0,0.95,run1,fold01,1,2,3
no_conv,NoConv,tp11_L3_p0p95,timepoint_mask,3.0,0.95,run1,fold01,2,0,5
no_conv,NoConv,tp11_L3_p0p95,timepoint_mask,3.0,0.95,run1,fold01,2,1,6
no_conv,NoConv,tp11_L3_p0p95,timepoint_mask,3.0,0.95,run1,fold01,2,2,30
no_conv,NoConv,tp11_L3_p0p95,timepoint_mask,3.0,0.95,run1,fold02,0,0,110
no_conv,NoConv,tp11_L3_p0p95,timepoint_mask,3.0,0.95,run1,fold02,0,1,22
no_conv,NoConv,tp11_L3_p0p95,timepoint_mask,3.0,0.95,run1,fold02,0,2,2
no_conv,NoConv,tp11_L3_p0p95,timepoint_mask,3.0,0.95,run1,fold02,1,0,22
no_conv,NoConv,tp11_L3_p0p95,timepoint_mask,3.0,0.95,run1,fold02,1,1,121
no_conv,NoConv,tp11_L3_p0p95,timepoint_mask,3.0,0.95,run1,fold02,1,2,9
no_conv,NoConv,tp11_L3_p0p95,timepoint_mask,3.0,0.95,run1,fold02,2,0,4
no_conv,NoConv,tp11_L3_p0p95,timepoint_mask,3.0,0.95,run1,fold02,2,1,6
no_conv,NoConv,tp11_L3_p0p95,timepoint_mask,3.0,0.95,run1,fold02,2,2,30
no_conv,NoConv,tp11_L3_p0p95,timepoint_mask,3.0,0.95,run1,fold03,0,0,108
no_conv,NoConv,tp11_L3_p0p95,timepoint_mask,3.0,0.95,run1,fold03,0,1,18
no_conv,NoConv,tp11_L3_p0p95,timepoint_mask,3.0,0.95,run1,fold03,0,2,8
no_conv,NoConv,tp11_L3_p0p95,timepoint_mask,3.0,0.95,run1,fold03,1,0,28
no_conv,NoConv,tp11_L3_p0p95,timepoint_mask,3.0,0.95,run1,fold03,1,1,110
no_conv,NoConv,tp11_L3_p0p95,timepoint_mask,3.0,0.95,run1,fold03,1,2,14
no_conv,NoConv,tp11_L3_p0p95,timepoint_mask,3.0,0.95,run1,fold03,2,0,0
no_conv,NoConv,tp11_L3_p0p95,timepoint_mask,3.0,0.95,run1,fold03,2,1,4
no_conv,NoConv,tp11_L3_p0p95,timepoint_mask,3.0,0.95,run1,fold03,2,2,36
no_conv,NoConv,tp11_L3_p0p95,timepoint_mask,3.0,0.95,run1,oof_pooled,0,0,327
no_conv,NoConv,tp11_L3_p0p95,timepoint_mask,3.0,0.95,run1,oof_pooled,0,1,64
no_conv,NoConv,tp11_L3_p0p95,timepoint_mask,3.0,0.95,run1,oof_pooled,0,2,11
no_conv,NoConv,tp11_L3_p0p95,timepoint_mask,3.0,0.95,run1,oof_pooled,1,0,79
no_conv,NoConv,tp11_L3_p0p95,timepoint_mask,3.0,0.95,run1,oof_pooled,1,1,351
no_conv,NoConv,tp11_L3_p0p95,timepoint_mask,3.0,0.95,run1,oof_pooled,1,2,26
no_conv,NoConv,tp11_L3_p0p95,timepoint_mask,3.0,0.95,run1,oof_pooled,2,0,9
no_conv,NoConv,tp11_L3_p0p95,timepoint_mask,3.0,0.95,run1,oof_pooled,2,1,16
no_conv,NoConv,tp11_L3_p0p95,timepoint_mask,3.0,0.95,run1,oof_pooled,2,2,96
no_conv,NoConv,tp11_L3_p0p95,timepoint_mask,3.0,0.95,run2,fold01,0,0,15
no_conv,NoConv,tp11_L3_p0p95,timepoint_mask,3.0,0.95,run2,fold01,0,1,6
no_conv,NoConv,tp11_L3_p0p95,timepoint_mask,3.0,0.95,run2,fold01,0,2,6
no_conv,NoConv,tp11_L3_p0p95,timepoint_mask,3.0,0.95,run2,fold01,1,0,8
no_conv,NoConv,tp11_L3_p0p95,timepoint_mask,3.0,0.95,run2,fold01,1,1,16
no_conv,NoConv,tp11_L3_p0p95,timepoint_mask,3.0,0.95,run2,fold01,1,2,7
no_conv,NoConv,tp11_L3_p0p95,timepoint_mask,3.0,0.95,run2,fold01,2,0,4
no_conv,NoConv,tp11_L3_p0p95,timepoint_mask,3.0,0.95,run2,fold01,2,1,1
no_conv,NoConv,tp11_L3_p0p95,timepoint_mask,3.0,0.95,run2,fold01,2,2,9
no_conv,NoConv,tp11_L3_p0p95,timepoint_mask,3.0,0.95,run2,fold02,0,0,17
no_conv,NoConv,tp11_L3_p0p95,timepoint_mask,3.0,0.95,run2,fold02,0,1,6
no_conv,NoConv,tp11_L3_p0p95,timepoint_mask,3.0,0.95,run2,fold02,0,2,3
no_conv,NoConv,tp11_L3_p0p95,timepoint_mask,3.0,0.95,run2,fold02,1,0,9
no_conv,NoConv,tp11_L3_p0p95,timepoint_mask,3.0,0.95,run2,fold02,1,1,12
no_conv,NoConv,tp11_L3_p0p95,timepoint_mask,3.0,0.95,run2,fold02,1,2,10
no_conv,NoConv,tp11_L3_p0p95,timepoint_mask,3.0,0.95,run2,fold02,2,0,3
no_conv,NoConv,tp11_L3_p0p95,timepoint_mask,3.0,0.95,run2,fold02,2,1,0
no_conv,NoConv,tp11_L3_p0p95,timepoint_mask,3.0,0.95,run2,fold02,2,2,11
no_conv,NoConv,tp11_L3_p0p95,timepoint_mask,3.0,0.95,run2,fold03,0,0,21
no_conv,NoConv,tp11_L3_p0p95,timepoint_mask,3.0,0.95,run2,fold03,0,1,4
no_conv,NoConv,tp11_L3_p0p95,timepoint_mask,3.0,0.95,run2,fold03,0,2,1
no_conv,NoConv,tp11_L3_p0p95,timepoint_mask,3.0,0.95,run2,fold03,1,0,13
no_conv,NoConv,tp11_L3_p0p95,timepoint_mask,3.0,0.95,run2,fold03,1,1,14
no_conv,NoConv,tp11_L3_p0p95,timepoint_mask,3.0,0.95,run2,fold03,1,2,4
no_conv,NoConv,tp11_L3_p0p95,timepoint_mask,3.0,0.95,run2,fold03,2,0,8
no_conv,NoConv,tp11_L3_p0p95,timepoint_mask,3.0,0.95,run2,fold03,2,1,2
no_conv,NoConv,tp11_L3_p0p95,timepoint_mask,3.0,0.95,run2,fold03,2,2,4
no_conv,NoConv,tp11_L3_p0p95,timepoint_mask,3.0,0.95,run2,oof_pooled,0,0,53
no_conv,NoConv,tp11_L3_p0p95,timepoint_mask,3.0,0.95,run2,oof_pooled,0,1,16
no_conv,NoConv,tp11_L3_p0p95,timepoint_mask,3.0,0.95,run2,oof_pooled,0,2,10
no_conv,NoConv,tp11_L3_p0p95,timepoint_mask,3.0,0.95,run2,oof_pooled,1,0,30
no_conv,NoConv,tp11_L3_p0p95,timepoint_mask,3.0,0.95,run2,oof_pooled,1,1,42
no_conv,NoConv,tp11_L3_p0p95,timepoint_mask,3.0,0.95,run2,oof_pooled,1,2,21
no_conv,NoConv,tp11_L3_p0p95,timepoint_mask,3.0,0.95,run2,oof_pooled,2,0,15
no_conv,NoConv,tp11_L3_p0p95,timepoint_mask,3.0,0.95,run2,oof_pooled,2,1,3
no_conv,NoConv,tp11_L3_p0p95,timepoint_mask,3.0,0.95,run2,oof_pooled,2,2,24
no_conv,NoConv,tp12_L4_m0p56,timepoint_mask,4.0,-0.56,run1,fold01,0,0,109
no_conv,NoConv,tp12_L4_m0p56,timepoint_mask,4.0,-0.56,run1,fold01,0,1,24
no_conv,NoConv,tp12_L4_m0p56,timepoint_mask,4.0,-0.56,run1,fold01,0,2,1
no_conv,NoConv,tp12_L4_m0p56,timepoint_mask,4.0,-0.56,run1,fold01,1,0,29
no_conv,NoConv,tp12_L4_m0p56,timepoint_mask,4.0,-0.56,run1,fold01,1,1,115
no_conv,NoConv,tp12_L4_m0p56,timepoint_mask,4.0,-0.56,run1,fold01,1,2,8
no_conv,NoConv,tp12_L4_m0p56,timepoint_mask,4.0,-0.56,run1,fold01,2,0,4
no_conv,NoConv,tp12_L4_m0p56,timepoint_mask,4.0,-0.56,run1,fold01,2,1,7
no_conv,NoConv,tp12_L4_m0p56,timepoint_mask,4.0,-0.56,run1,fold01,2,2,30
no_conv,NoConv,tp12_L4_m0p56,timepoint_mask,4.0,-0.56,run1,fold02,0,0,110
no_conv,NoConv,tp12_L4_m0p56,timepoint_mask,4.0,-0.56,run1,fold02,0,1,22
no_conv,NoConv,tp12_L4_m0p56,timepoint_mask,4.0,-0.56,run1,fold02,0,2,2
no_conv,NoConv,tp12_L4_m0p56,timepoint_mask,4.0,-0.56,run1,fold02,1,0,30
no_conv,NoConv,tp12_L4_m0p56,timepoint_mask,4.0,-0.56,run1,fold02,1,1,112
no_conv,NoConv,tp12_L4_m0p56,timepoint_mask,4.0,-0.56,run1,fold02,1,2,10
no_conv,NoConv,tp12_L4_m0p56,timepoint_mask,4.0,-0.56,run1,fold02,2,0,4
no_conv,NoConv,tp12_L4_m0p56,timepoint_mask,4.0,-0.56,run1,fold02,2,1,6
no_conv,NoConv,tp12_L4_m0p56,timepoint_mask,4.0,-0.56,run1,fold02,2,2,30
no_conv,NoConv,tp12_L4_m0p56,timepoint_mask,4.0,-0.56,run1,fold03,0,0,108
no_conv,NoConv,tp12_L4_m0p56,timepoint_mask,4.0,-0.56,run1,fold03,0,1,18
no_conv,NoConv,tp12_L4_m0p56,timepoint_mask,4.0,-0.56,run1,fold03,0,2,8
no_conv,NoConv,tp12_L4_m0p56,timepoint_mask,4.0,-0.56,run1,fold03,1,0,37
no_conv,NoConv,tp12_L4_m0p56,timepoint_mask,4.0,-0.56,run1,fold03,1,1,99
no_conv,NoConv,tp12_L4_m0p56,timepoint_mask,4.0,-0.56,run1,fold03,1,2,16
no_conv,NoConv,tp12_L4_m0p56,timepoint_mask,4.0,-0.56,run1,fold03,2,0,0
no_conv,NoConv,tp12_L4_m0p56,timepoint_mask,4.0,-0.56,run1,fold03,2,1,5
no_conv,NoConv,tp12_L4_m0p56,timepoint_mask,4.0,-0.56,run1,fold03,2,2,35
no_conv,NoConv,tp12_L4_m0p56,timepoint_mask,4.0,-0.56,run1,oof_pooled,0,0,327
no_conv,NoConv,tp12_L4_m0p56,timepoint_mask,4.0,-0.56,run1,oof_pooled,0,1,64
no_conv,NoConv,tp12_L4_m0p56,timepoint_mask,4.0,-0.56,run1,oof_pooled,0,2,11
no_conv,NoConv,tp12_L4_m0p56,timepoint_mask,4.0,-0.56,run1,oof_pooled,1,0,96
no_conv,NoConv,tp12_L4_m0p56,timepoint_mask,4.0,-0.56,run1,oof_pooled,1,1,326
no_conv,NoConv,tp12_L4_m0p56,timepoint_mask,4.0,-0.56,run1,oof_pooled,1,2,34
no_conv,NoConv,tp12_L4_m0p56,timepoint_mask,4.0,-0.56,run1,oof_pooled,2,0,8
no_conv,NoConv,tp12_L4_m0p56,timepoint_mask,4.0,-0.56,run1,oof_pooled,2,1,18
no_conv,NoConv,tp12_L4_m0p56,timepoint_mask,4.0,-0.56,run1,oof_pooled,2,2,95
no_conv,NoConv,tp12_L4_m0p56,timepoint_mask,4.0,-0.56,run2,fold01,0,0,16
no_conv,NoConv,tp12_L4_m0p56,timepoint_mask,4.0,-0.56,run2,fold01,0,1,5
no_conv,NoConv,tp12_L4_m0p56,timepoint_mask,4.0,-0.56,run2,fold01,0,2,6
no_conv,NoConv,tp12_L4_m0p56,timepoint_mask,4.0,-0.56,run2,fold01,1,0,8
no_conv,NoConv,tp12_L4_m0p56,timepoint_mask,4.0,-0.56,run2,fold01,1,1,16
no_conv,NoConv,tp12_L4_m0p56,timepoint_mask,4.0,-0.56,run2,fold01,1,2,7
no_conv,NoConv,tp12_L4_m0p56,timepoint_mask,4.0,-0.56,run2,fold01,2,0,4
no_conv,NoConv,tp12_L4_m0p56,timepoint_mask,4.0,-0.56,run2,fold01,2,1,1
no_conv,NoConv,tp12_L4_m0p56,timepoint_mask,4.0,-0.56,run2,fold01,2,2,9
no_conv,NoConv,tp12_L4_m0p56,timepoint_mask,4.0,-0.56,run2,fold02,0,0,17
no_conv,NoConv,tp12_L4_m0p56,timepoint_mask,4.0,-0.56,run2,fold02,0,1,6
no_conv,NoConv,tp12_L4_m0p56,timepoint_mask,4.0,-0.56,run2,fold02,0,2,3
no_conv,NoConv,tp12_L4_m0p56,timepoint_mask,4.0,-0.56,run2,fold02,1,0,9
no_conv,NoConv,tp12_L4_m0p56,timepoint_mask,4.0,-0.56,run2,fold02,1,1,12
no_conv,NoConv,tp12_L4_m0p56,timepoint_mask,4.0,-0.56,run2,fold02,1,2,10
no_conv,NoConv,tp12_L4_m0p56,timepoint_mask,4.0,-0.56,run2,fold02,2,0,3
no_conv,NoConv,tp12_L4_m0p56,timepoint_mask,4.0,-0.56,run2,fold02,2,1,0
no_conv,NoConv,tp12_L4_m0p56,timepoint_mask,4.0,-0.56,run2,fold02,2,2,11
no_conv,NoConv,tp12_L4_m0p56,timepoint_mask,4.0,-0.56,run2,fold03,0,0,22
no_conv,NoConv,tp12_L4_m0p56,timepoint_mask,4.0,-0.56,run2,fold03,0,1,3
no_conv,NoConv,tp12_L4_m0p56,timepoint_mask,4.0,-0.56,run2,fold03,0,2,1
no_conv,NoConv,tp12_L4_m0p56,timepoint_mask,4.0,-0.56,run2,fold03,1,0,13
no_conv,NoConv,tp12_L4_m0p56,timepoint_mask,4.0,-0.56,run2,fold03,1,1,14
no_conv,NoConv,tp12_L4_m0p56,timepoint_mask,4.0,-0.56,run2,fold03,1,2,4
no_conv,NoConv,tp12_L4_m0p56,timepoint_mask,4.0,-0.56,run2,fold03,2,0,8
no_conv,NoConv,tp12_L4_m0p56,timepoint_mask,4.0,-0.56,run2,fold03,2,1,2
no_conv,NoConv,tp12_L4_m0p56,timepoint_mask,4.0,-0.56,run2,fold03,2,2,4
no_conv,NoConv,tp12_L4_m0p56,timepoint_mask,4.0,-0.56,run2,oof_pooled,0,0,55
no_conv,NoConv,tp12_L4_m0p56,timepoint_mask,4.0,-0.56,run2,oof_pooled,0,1,14
no_conv,NoConv,tp12_L4_m0p56,timepoint_mask,4.0,-0.56,run2,oof_pooled,0,2,10
no_conv,NoConv,tp12_L4_m0p56,timepoint_mask,4.0,-0.56,run2,oof_pooled,1,0,30
no_conv,NoConv,tp12_L4_m0p56,timepoint_mask,4.0,-0.56,run2,oof_pooled,1,1,42
no_conv,NoConv,tp12_L4_m0p56,timepoint_mask,4.0,-0.56,run2,oof_pooled,1,2,21
no_conv,NoConv,tp12_L4_m0p56,timepoint_mask,4.0,-0.56,run2,oof_pooled,2,0,15
no_conv,NoConv,tp12_L4_m0p56,timepoint_mask,4.0,-0.56,run2,oof_pooled,2,1,3
no_conv,NoConv,tp12_L4_m0p56,timepoint_mask,4.0,-0.56,run2,oof_pooled,2,2,24
no_conv,NoConv,tp13_L4_m0p55,timepoint_mask,4.0,-0.55,run1,fold01,0,0,109
no_conv,NoConv,tp13_L4_m0p55,timepoint_mask,4.0,-0.55,run1,fold01,0,1,24
no_conv,NoConv,tp13_L4_m0p55,timepoint_mask,4.0,-0.55,run1,fold01,0,2,1
no_conv,NoConv,tp13_L4_m0p55,timepoint_mask,4.0,-0.55,run1,fold01,1,0,30
no_conv,NoConv,tp13_L4_m0p55,timepoint_mask,4.0,-0.55,run1,fold01,1,1,114
no_conv,NoConv,tp13_L4_m0p55,timepoint_mask,4.0,-0.55,run1,fold01,1,2,8
no_conv,NoConv,tp13_L4_m0p55,timepoint_mask,4.0,-0.55,run1,fold01,2,0,4
no_conv,NoConv,tp13_L4_m0p55,timepoint_mask,4.0,-0.55,run1,fold01,2,1,7
no_conv,NoConv,tp13_L4_m0p55,timepoint_mask,4.0,-0.55,run1,fold01,2,2,30
no_conv,NoConv,tp13_L4_m0p55,timepoint_mask,4.0,-0.55,run1,fold02,0,0,110
no_conv,NoConv,tp13_L4_m0p55,timepoint_mask,4.0,-0.55,run1,fold02,0,1,22
no_conv,NoConv,tp13_L4_m0p55,timepoint_mask,4.0,-0.55,run1,fold02,0,2,2
no_conv,NoConv,tp13_L4_m0p55,timepoint_mask,4.0,-0.55,run1,fold02,1,0,31
no_conv,NoConv,tp13_L4_m0p55,timepoint_mask,4.0,-0.55,run1,fold02,1,1,112
no_conv,NoConv,tp13_L4_m0p55,timepoint_mask,4.0,-0.55,run1,fold02,1,2,9
no_conv,NoConv,tp13_L4_m0p55,timepoint_mask,4.0,-0.55,run1,fold02,2,0,4
no_conv,NoConv,tp13_L4_m0p55,timepoint_mask,4.0,-0.55,run1,fold02,2,1,6
no_conv,NoConv,tp13_L4_m0p55,timepoint_mask,4.0,-0.55,run1,fold02,2,2,30
no_conv,NoConv,tp13_L4_m0p55,timepoint_mask,4.0,-0.55,run1,fold03,0,0,108
no_conv,NoConv,tp13_L4_m0p55,timepoint_mask,4.0,-0.55,run1,fold03,0,1,18
no_conv,NoConv,tp13_L4_m0p55,timepoint_mask,4.0,-0.55,run1,fold03,0,2,8
no_conv,NoConv,tp13_L4_m0p55,timepoint_mask,4.0,-0.55,run1,fold03,1,0,37
no_conv,NoConv,tp13_L4_m0p55,timepoint_mask,4.0,-0.55,run1,fold03,1,1,99
no_conv,NoConv,tp13_L4_m0p55,timepoint_mask,4.0,-0.55,run1,fold03,1,2,16
no_conv,NoConv,tp13_L4_m0p55,timepoint_mask,4.0,-0.55,run1,fold03,2,0,0
no_conv,NoConv,tp13_L4_m0p55,timepoint_mask,4.0,-0.55,run1,fold03,2,1,5
no_conv,NoConv,tp13_L4_m0p55,timepoint_mask,4.0,-0.55,run1,fold03,2,2,35
no_conv,NoConv,tp13_L4_m0p55,timepoint_mask,4.0,-0.55,run1,oof_pooled,0,0,327
no_conv,NoConv,tp13_L4_m0p55,timepoint_mask,4.0,-0.55,run1,oof_pooled,0,1,64
no_conv,NoConv,tp13_L4_m0p55,timepoint_mask,4.0,-0.55,run1,oof_pooled,0,2,11
no_conv,NoConv,tp13_L4_m0p55,timepoint_mask,4.0,-0.55,run1,oof_pooled,1,0,98
no_conv,NoConv,tp13_L4_m0p55,timepoint_mask,4.0,-0.55,run1,oof_pooled,1,1,325
no_conv,NoConv,tp13_L4_m0p55,timepoint_mask,4.0,-0.55,run1,oof_pooled,1,2,33
no_conv,NoConv,tp13_L4_m0p55,timepoint_mask,4.0,-0.55,run1,oof_pooled,2,0,8
no_conv,NoConv,tp13_L4_m0p55,timepoint_mask,4.0,-0.55,run1,oof_pooled,2,1,18
no_conv,NoConv,tp13_L4_m0p55,timepoint_mask,4.0,-0.55,run1,oof_pooled,2,2,95
no_conv,NoConv,tp13_L4_m0p55,timepoint_mask,4.0,-0.55,run2,fold01,0,0,16
no_conv,NoConv,tp13_L4_m0p55,timepoint_mask,4.0,-0.55,run2,fold01,0,1,5
no_conv,NoConv,tp13_L4_m0p55,timepoint_mask,4.0,-0.55,run2,fold01,0,2,6
no_conv,NoConv,tp13_L4_m0p55,timepoint_mask,4.0,-0.55,run2,fold01,1,0,8
no_conv,NoConv,tp13_L4_m0p55,timepoint_mask,4.0,-0.55,run2,fold01,1,1,16
no_conv,NoConv,tp13_L4_m0p55,timepoint_mask,4.0,-0.55,run2,fold01,1,2,7
no_conv,NoConv,tp13_L4_m0p55,timepoint_mask,4.0,-0.55,run2,fold01,2,0,4
no_conv,NoConv,tp13_L4_m0p55,timepoint_mask,4.0,-0.55,run2,fold01,2,1,1
no_conv,NoConv,tp13_L4_m0p55,timepoint_mask,4.0,-0.55,run2,fold01,2,2,9
no_conv,NoConv,tp13_L4_m0p55,timepoint_mask,4.0,-0.55,run2,fold02,0,0,17
no_conv,NoConv,tp13_L4_m0p55,timepoint_mask,4.0,-0.55,run2,fold02,0,1,6
no_conv,NoConv,tp13_L4_m0p55,timepoint_mask,4.0,-0.55,run2,fold02,0,2,3
no_conv,NoConv,tp13_L4_m0p55,timepoint_mask,4.0,-0.55,run2,fold02,1,0,9
no_conv,NoConv,tp13_L4_m0p55,timepoint_mask,4.0,-0.55,run2,fold02,1,1,12
no_conv,NoConv,tp13_L4_m0p55,timepoint_mask,4.0,-0.55,run2,fold02,1,2,10
no_conv,NoConv,tp13_L4_m0p55,timepoint_mask,4.0,-0.55,run2,fold02,2,0,3
no_conv,NoConv,tp13_L4_m0p55,timepoint_mask,4.0,-0.55,run2,fold02,2,1,0
no_conv,NoConv,tp13_L4_m0p55,timepoint_mask,4.0,-0.55,run2,fold02,2,2,11
no_conv,NoConv,tp13_L4_m0p55,timepoint_mask,4.0,-0.55,run2,fold03,0,0,22
no_conv,NoConv,tp13_L4_m0p55,timepoint_mask,4.0,-0.55,run2,fold03,0,1,3
no_conv,NoConv,tp13_L4_m0p55,timepoint_mask,4.0,-0.55,run2,fold03,0,2,1
no_conv,NoConv,tp13_L4_m0p55,timepoint_mask,4.0,-0.55,run2,fold03,1,0,13
no_conv,NoConv,tp13_L4_m0p55,timepoint_mask,4.0,-0.55,run2,fold03,1,1,14
no_conv,NoConv,tp13_L4_m0p55,timepoint_mask,4.0,-0.55,run2,fold03,1,2,4
no_conv,NoConv,tp13_L4_m0p55,timepoint_mask,4.0,-0.55,run2,fold03,2,0,8
no_conv,NoConv,tp13_L4_m0p55,timepoint_mask,4.0,-0.55,run2,fold03,2,1,2
no_conv,NoConv,tp13_L4_m0p55,timepoint_mask,4.0,-0.55,run2,fold03,2,2,4
no_conv,NoConv,tp13_L4_m0p55,timepoint_mask,4.0,-0.55,run2,oof_pooled,0,0,55
no_conv,NoConv,tp13_L4_m0p55,timepoint_mask,4.0,-0.55,run2,oof_pooled,0,1,14
no_conv,NoConv,tp13_L4_m0p55,timepoint_mask,4.0,-0.55,run2,oof_pooled,0,2,10
no_conv,NoConv,tp13_L4_m0p55,timepoint_mask,4.0,-0.55,run2,oof_pooled,1,0,30
no_conv,NoConv,tp13_L4_m0p55,timepoint_mask,4.0,-0.55,run2,oof_pooled,1,1,42
no_conv,NoConv,tp13_L4_m0p55,timepoint_mask,4.0,-0.55,run2,oof_pooled,1,2,21
no_conv,NoConv,tp13_L4_m0p55,timepoint_mask,4.0,-0.55,run2,oof_pooled,2,0,15
no_conv,NoConv,tp13_L4_m0p55,timepoint_mask,4.0,-0.55,run2,oof_pooled,2,1,3
no_conv,NoConv,tp13_L4_m0p55,timepoint_mask,4.0,-0.55,run2,oof_pooled,2,2,24
no_conv,NoConv,tp14_L5_p0p00,timepoint_mask,5.0,0.0,run1,fold01,0,0,109
no_conv,NoConv,tp14_L5_p0p00,timepoint_mask,5.0,0.0,run1,fold01,0,1,24
no_conv,NoConv,tp14_L5_p0p00,timepoint_mask,5.0,0.0,run1,fold01,0,2,1
no_conv,NoConv,tp14_L5_p0p00,timepoint_mask,5.0,0.0,run1,fold01,1,0,29
no_conv,NoConv,tp14_L5_p0p00,timepoint_mask,5.0,0.0,run1,fold01,1,1,117
no_conv,NoConv,tp14_L5_p0p00,timepoint_mask,5.0,0.0,run1,fold01,1,2,6
no_conv,NoConv,tp14_L5_p0p00,timepoint_mask,5.0,0.0,run1,fold01,2,0,5
no_conv,NoConv,tp14_L5_p0p00,timepoint_mask,5.0,0.0,run1,fold01,2,1,6
no_conv,NoConv,tp14_L5_p0p00,timepoint_mask,5.0,0.0,run1,fold01,2,2,30
no_conv,NoConv,tp14_L5_p0p00,timepoint_mask,5.0,0.0,run1,fold02,0,0,110
no_conv,NoConv,tp14_L5_p0p00,timepoint_mask,5.0,0.0,run1,fold02,0,1,22
no_conv,NoConv,tp14_L5_p0p00,timepoint_mask,5.0,0.0,run1,fold02,0,2,2
no_conv,NoConv,tp14_L5_p0p00,timepoint_mask,5.0,0.0,run1,fold02,1,0,23
no_conv,NoConv,tp14_L5_p0p00,timepoint_mask,5.0,0.0,run1,fold02,1,1,120
no_conv,NoConv,tp14_L5_p0p00,timepoint_mask,5.0,0.0,run1,fold02,1,2,9
no_conv,NoConv,tp14_L5_p0p00,timepoint_mask,5.0,0.0,run1,fold02,2,0,4
no_conv,NoConv,tp14_L5_p0p00,timepoint_mask,5.0,0.0,run1,fold02,2,1,6
no_conv,NoConv,tp14_L5_p0p00,timepoint_mask,5.0,0.0,run1,fold02,2,2,30
no_conv,NoConv,tp14_L5_p0p00,timepoint_mask,5.0,0.0,run1,fold03,0,0,108
no_conv,NoConv,tp14_L5_p0p00,timepoint_mask,5.0,0.0,run1,fold03,0,1,18
no_conv,NoConv,tp14_L5_p0p00,timepoint_mask,5.0,0.0,run1,fold03,0,2,8
no_conv,NoConv,tp14_L5_p0p00,timepoint_mask,5.0,0.0,run1,fold03,1,0,33
no_conv,NoConv,tp14_L5_p0p00,timepoint_mask,5.0,0.0,run1,fold03,1,1,102
no_conv,NoConv,tp14_L5_p0p00,timepoint_mask,5.0,0.0,run1,fold03,1,2,17
no_conv,NoConv,tp14_L5_p0p00,timepoint_mask,5.0,0.0,run1,fold03,2,0,0
no_conv,NoConv,tp14_L5_p0p00,timepoint_mask,5.0,0.0,run1,fold03,2,1,5
no_conv,NoConv,tp14_L5_p0p00,timepoint_mask,5.0,0.0,run1,fold03,2,2,35
no_conv,NoConv,tp14_L5_p0p00,timepoint_mask,5.0,0.0,run1,oof_pooled,0,0,327
no_conv,NoConv,tp14_L5_p0p00,timepoint_mask,5.0,0.0,run1,oof_pooled,0,1,64
no_conv,NoConv,tp14_L5_p0p00,timepoint_mask,5.0,0.0,run1,oof_pooled,0,2,11
no_conv,NoConv,tp14_L5_p0p00,timepoint_mask,5.0,0.0,run1,oof_pooled,1,0,85
no_conv,NoConv,tp14_L5_p0p00,timepoint_mask,5.0,0.0,run1,oof_pooled,1,1,339
no_conv,NoConv,tp14_L5_p0p00,timepoint_mask,5.0,0.0,run1,oof_pooled,1,2,32
no_conv,NoConv,tp14_L5_p0p00,timepoint_mask,5.0,0.0,run1,oof_pooled,2,0,9
no_conv,NoConv,tp14_L5_p0p00,timepoint_mask,5.0,0.0,run1,oof_pooled,2,1,17
no_conv,NoConv,tp14_L5_p0p00,timepoint_mask,5.0,0.0,run1,oof_pooled,2,2,95
no_conv,NoConv,tp14_L5_p0p00,timepoint_mask,5.0,0.0,run2,fold01,0,0,15
no_conv,NoConv,tp14_L5_p0p00,timepoint_mask,5.0,0.0,run2,fold01,0,1,6
no_conv,NoConv,tp14_L5_p0p00,timepoint_mask,5.0,0.0,run2,fold01,0,2,6
no_conv,NoConv,tp14_L5_p0p00,timepoint_mask,5.0,0.0,run2,fold01,1,0,8
no_conv,NoConv,tp14_L5_p0p00,timepoint_mask,5.0,0.0,run2,fold01,1,1,16
no_conv,NoConv,tp14_L5_p0p00,timepoint_mask,5.0,0.0,run2,fold01,1,2,7
no_conv,NoConv,tp14_L5_p0p00,timepoint_mask,5.0,0.0,run2,fold01,2,0,4
no_conv,NoConv,tp14_L5_p0p00,timepoint_mask,5.0,0.0,run2,fold01,2,1,1
no_conv,NoConv,tp14_L5_p0p00,timepoint_mask,5.0,0.0,run2,fold01,2,2,9
no_conv,NoConv,tp14_L5_p0p00,timepoint_mask,5.0,0.0,run2,fold02,0,0,17
no_conv,NoConv,tp14_L5_p0p00,timepoint_mask,5.0,0.0,run2,fold02,0,1,6
no_conv,NoConv,tp14_L5_p0p00,timepoint_mask,5.0,0.0,run2,fold02,0,2,3
no_conv,NoConv,tp14_L5_p0p00,timepoint_mask,5.0,0.0,run2,fold02,1,0,9
no_conv,NoConv,tp14_L5_p0p00,timepoint_mask,5.0,0.0,run2,fold02,1,1,12
no_conv,NoConv,tp14_L5_p0p00,timepoint_mask,5.0,0.0,run2,fold02,1,2,10
no_conv,NoConv,tp14_L5_p0p00,timepoint_mask,5.0,0.0,run2,fold02,2,0,3
no_conv,NoConv,tp14_L5_p0p00,timepoint_mask,5.0,0.0,run2,fold02,2,1,1
no_conv,NoConv,tp14_L5_p0p00,timepoint_mask,5.0,0.0,run2,fold02,2,2,10
no_conv,NoConv,tp14_L5_p0p00,timepoint_mask,5.0,0.0,run2,fold03,0,0,21
no_conv,NoConv,tp14_L5_p0p00,timepoint_mask,5.0,0.0,run2,fold03,0,1,4
no_conv,NoConv,tp14_L5_p0p00,timepoint_mask,5.0,0.0,run2,fold03,0,2,1
no_conv,NoConv,tp14_L5_p0p00,timepoint_mask,5.0,0.0,run2,fold03,1,0,13
no_conv,NoConv,tp14_L5_p0p00,timepoint_mask,5.0,0.0,run2,fold03,1,1,14
no_conv,NoConv,tp14_L5_p0p00,timepoint_mask,5.0,0.0,run2,fold03,1,2,4
no_conv,NoConv,tp14_L5_p0p00,timepoint_mask,5.0,0.0,run2,fold03,2,0,8
no_conv,NoConv,tp14_L5_p0p00,timepoint_mask,5.0,0.0,run2,fold03,2,1,2
no_conv,NoConv,tp14_L5_p0p00,timepoint_mask,5.0,0.0,run2,fold03,2,2,4
no_conv,NoConv,tp14_L5_p0p00,timepoint_mask,5.0,0.0,run2,oof_pooled,0,0,53
no_conv,NoConv,tp14_L5_p0p00,timepoint_mask,5.0,0.0,run2,oof_pooled,0,1,16
no_conv,NoConv,tp14_L5_p0p00,timepoint_mask,5.0,0.0,run2,oof_pooled,0,2,10
no_conv,NoConv,tp14_L5_p0p00,timepoint_mask,5.0,0.0,run2,oof_pooled,1,0,30
no_conv,NoConv,tp14_L5_p0p00,timepoint_mask,5.0,0.0,run2,oof_pooled,1,1,42
no_conv,NoConv,tp14_L5_p0p00,timepoint_mask,5.0,0.0,run2,oof_pooled,1,2,21
no_conv,NoConv,tp14_L5_p0p00,timepoint_mask,5.0,0.0,run2,oof_pooled,2,0,15
no_conv,NoConv,tp14_L5_p0p00,timepoint_mask,5.0,0.0,run2,oof_pooled,2,1,4
no_conv,NoConv,tp14_L5_p0p00,timepoint_mask,5.0,0.0,run2,oof_pooled,2,2,23
no_conv,NoConv,tp15_L5_p0p04,timepoint_mask,5.0,0.04,run1,fold01,0,0,109
no_conv,NoConv,tp15_L5_p0p04,timepoint_mask,5.0,0.04,run1,fold01,0,1,24
no_conv,NoConv,tp15_L5_p0p04,timepoint_mask,5.0,0.04,run1,fold01,0,2,1
no_conv,NoConv,tp15_L5_p0p04,timepoint_mask,5.0,0.04,run1,fold01,1,0,29
no_conv,NoConv,tp15_L5_p0p04,timepoint_mask,5.0,0.04,run1,fold01,1,1,117
no_conv,NoConv,tp15_L5_p0p04,timepoint_mask,5.0,0.04,run1,fold01,1,2,6
no_conv,NoConv,tp15_L5_p0p04,timepoint_mask,5.0,0.04,run1,fold01,2,0,5
no_conv,NoConv,tp15_L5_p0p04,timepoint_mask,5.0,0.04,run1,fold01,2,1,6
no_conv,NoConv,tp15_L5_p0p04,timepoint_mask,5.0,0.04,run1,fold01,2,2,30
no_conv,NoConv,tp15_L5_p0p04,timepoint_mask,5.0,0.04,run1,fold02,0,0,110
no_conv,NoConv,tp15_L5_p0p04,timepoint_mask,5.0,0.04,run1,fold02,0,1,22
no_conv,NoConv,tp15_L5_p0p04,timepoint_mask,5.0,0.04,run1,fold02,0,2,2
no_conv,NoConv,tp15_L5_p0p04,timepoint_mask,5.0,0.04,run1,fold02,1,0,24
no_conv,NoConv,tp15_L5_p0p04,timepoint_mask,5.0,0.04,run1,fold02,1,1,119
no_conv,NoConv,tp15_L5_p0p04,timepoint_mask,5.0,0.04,run1,fold02,1,2,9
no_conv,NoConv,tp15_L5_p0p04,timepoint_mask,5.0,0.04,run1,fold02,2,0,4
no_conv,NoConv,tp15_L5_p0p04,timepoint_mask,5.0,0.04,run1,fold02,2,1,6
no_conv,NoConv,tp15_L5_p0p04,timepoint_mask,5.0,0.04,run1,fold02,2,2,30
no_conv,NoConv,tp15_L5_p0p04,timepoint_mask,5.0,0.04,run1,fold03,0,0,108
no_conv,NoConv,tp15_L5_p0p04,timepoint_mask,5.0,0.04,run1,fold03,0,1,18
no_conv,NoConv,tp15_L5_p0p04,timepoint_mask,5.0,0.04,run1,fold03,0,2,8
no_conv,NoConv,tp15_L5_p0p04,timepoint_mask,5.0,0.04,run1,fold03,1,0,33
no_conv,NoConv,tp15_L5_p0p04,timepoint_mask,5.0,0.04,run1,fold03,1,1,102
no_conv,NoConv,tp15_L5_p0p04,timepoint_mask,5.0,0.04,run1,fold03,1,2,17
no_conv,NoConv,tp15_L5_p0p04,timepoint_mask,5.0,0.04,run1,fold03,2,0,0
no_conv,NoConv,tp15_L5_p0p04,timepoint_mask,5.0,0.04,run1,fold03,2,1,5
no_conv,NoConv,tp15_L5_p0p04,timepoint_mask,5.0,0.04,run1,fold03,2,2,35
no_conv,NoConv,tp15_L5_p0p04,timepoint_mask,5.0,0.04,run1,oof_pooled,0,0,327
no_conv,NoConv,tp15_L5_p0p04,timepoint_mask,5.0,0.04,run1,oof_pooled,0,1,64
no_conv,NoConv,tp15_L5_p0p04,timepoint_mask,5.0,0.04,run1,oof_pooled,0,2,11
no_conv,NoConv,tp15_L5_p0p04,timepoint_mask,5.0,0.04,run1,oof_pooled,1,0,86
no_conv,NoConv,tp15_L5_p0p04,timepoint_mask,5.0,0.04,run1,oof_pooled,1,1,338
no_conv,NoConv,tp15_L5_p0p04,timepoint_mask,5.0,0.04,run1,oof_pooled,1,2,32
no_conv,NoConv,tp15_L5_p0p04,timepoint_mask,5.0,0.04,run1,oof_pooled,2,0,9
no_conv,NoConv,tp15_L5_p0p04,timepoint_mask,5.0,0.04,run1,oof_pooled,2,1,17
no_conv,NoConv,tp15_L5_p0p04,timepoint_mask,5.0,0.04,run1,oof_pooled,2,2,95
no_conv,NoConv,tp15_L5_p0p04,timepoint_mask,5.0,0.04,run2,fold01,0,0,15
no_conv,NoConv,tp15_L5_p0p04,timepoint_mask,5.0,0.04,run2,fold01,0,1,6
no_conv,NoConv,tp15_L5_p0p04,timepoint_mask,5.0,0.04,run2,fold01,0,2,6
no_conv,NoConv,tp15_L5_p0p04,timepoint_mask,5.0,0.04,run2,fold01,1,0,8
no_conv,NoConv,tp15_L5_p0p04,timepoint_mask,5.0,0.04,run2,fold01,1,1,16
no_conv,NoConv,tp15_L5_p0p04,timepoint_mask,5.0,0.04,run2,fold01,1,2,7
no_conv,NoConv,tp15_L5_p0p04,timepoint_mask,5.0,0.04,run2,fold01,2,0,4
no_conv,NoConv,tp15_L5_p0p04,timepoint_mask,5.0,0.04,run2,fold01,2,1,1
no_conv,NoConv,tp15_L5_p0p04,timepoint_mask,5.0,0.04,run2,fold01,2,2,9
no_conv,NoConv,tp15_L5_p0p04,timepoint_mask,5.0,0.04,run2,fold02,0,0,17
no_conv,NoConv,tp15_L5_p0p04,timepoint_mask,5.0,0.04,run2,fold02,0,1,6
no_conv,NoConv,tp15_L5_p0p04,timepoint_mask,5.0,0.04,run2,fold02,0,2,3
no_conv,NoConv,tp15_L5_p0p04,timepoint_mask,5.0,0.04,run2,fold02,1,0,9
no_conv,NoConv,tp15_L5_p0p04,timepoint_mask,5.0,0.04,run2,fold02,1,1,12
no_conv,NoConv,tp15_L5_p0p04,timepoint_mask,5.0,0.04,run2,fold02,1,2,10
no_conv,NoConv,tp15_L5_p0p04,timepoint_mask,5.0,0.04,run2,fold02,2,0,3
no_conv,NoConv,tp15_L5_p0p04,timepoint_mask,5.0,0.04,run2,fold02,2,1,1
no_conv,NoConv,tp15_L5_p0p04,timepoint_mask,5.0,0.04,run2,fold02,2,2,10
no_conv,NoConv,tp15_L5_p0p04,timepoint_mask,5.0,0.04,run2,fold03,0,0,21
no_conv,NoConv,tp15_L5_p0p04,timepoint_mask,5.0,0.04,run2,fold03,0,1,4
no_conv,NoConv,tp15_L5_p0p04,timepoint_mask,5.0,0.04,run2,fold03,0,2,1
no_conv,NoConv,tp15_L5_p0p04,timepoint_mask,5.0,0.04,run2,fold03,1,0,13
no_conv,NoConv,tp15_L5_p0p04,timepoint_mask,5.0,0.04,run2,fold03,1,1,14
no_conv,NoConv,tp15_L5_p0p04,timepoint_mask,5.0,0.04,run2,fold03,1,2,4
no_conv,NoConv,tp15_L5_p0p04,timepoint_mask,5.0,0.04,run2,fold03,2,0,8
no_conv,NoConv,tp15_L5_p0p04,timepoint_mask,5.0,0.04,run2,fold03,2,1,2
no_conv,NoConv,tp15_L5_p0p04,timepoint_mask,5.0,0.04,run2,fold03,2,2,4
no_conv,NoConv,tp15_L5_p0p04,timepoint_mask,5.0,0.04,run2,oof_pooled,0,0,53
no_conv,NoConv,tp15_L5_p0p04,timepoint_mask,5.0,0.04,run2,oof_pooled,0,1,16
no_conv,NoConv,tp15_L5_p0p04,timepoint_mask,5.0,0.04,run2,oof_pooled,0,2,10
no_conv,NoConv,tp15_L5_p0p04,timepoint_mask,5.0,0.04,run2,oof_pooled,1,0,30
no_conv,NoConv,tp15_L5_p0p04,timepoint_mask,5.0,0.04,run2,oof_pooled,1,1,42
no_conv,NoConv,tp15_L5_p0p04,timepoint_mask,5.0,0.04,run2,oof_pooled,1,2,21
no_conv,NoConv,tp15_L5_p0p04,timepoint_mask,5.0,0.04,run2,oof_pooled,2,0,15
no_conv,NoConv,tp15_L5_p0p04,timepoint_mask,5.0,0.04,run2,oof_pooled,2,1,4
no_conv,NoConv,tp15_L5_p0p04,timepoint_mask,5.0,0.04,run2,oof_pooled,2,2,23
no_conv,NoConv,tp16_L5_p0p05,timepoint_mask,5.0,0.05,run1,fold01,0,0,109
no_conv,NoConv,tp16_L5_p0p05,timepoint_mask,5.0,0.05,run1,fold01,0,1,24
no_conv,NoConv,tp16_L5_p0p05,timepoint_mask,5.0,0.05,run1,fold01,0,2,1
no_conv,NoConv,tp16_L5_p0p05,timepoint_mask,5.0,0.05,run1,fold01,1,0,29
no_conv,NoConv,tp16_L5_p0p05,timepoint_mask,5.0,0.05,run1,fold01,1,1,117
no_conv,NoConv,tp16_L5_p0p05,timepoint_mask,5.0,0.05,run1,fold01,1,2,6
no_conv,NoConv,tp16_L5_p0p05,timepoint_mask,5.0,0.05,run1,fold01,2,0,5
no_conv,NoConv,tp16_L5_p0p05,timepoint_mask,5.0,0.05,run1,fold01,2,1,6
no_conv,NoConv,tp16_L5_p0p05,timepoint_mask,5.0,0.05,run1,fold01,2,2,30
no_conv,NoConv,tp16_L5_p0p05,timepoint_mask,5.0,0.05,run1,fold02,0,0,110
no_conv,NoConv,tp16_L5_p0p05,timepoint_mask,5.0,0.05,run1,fold02,0,1,22
no_conv,NoConv,tp16_L5_p0p05,timepoint_mask,5.0,0.05,run1,fold02,0,2,2
no_conv,NoConv,tp16_L5_p0p05,timepoint_mask,5.0,0.05,run1,fold02,1,0,24
no_conv,NoConv,tp16_L5_p0p05,timepoint_mask,5.0,0.05,run1,fold02,1,1,119
no_conv,NoConv,tp16_L5_p0p05,timepoint_mask,5.0,0.05,run1,fold02,1,2,9
no_conv,NoConv,tp16_L5_p0p05,timepoint_mask,5.0,0.05,run1,fold02,2,0,4
no_conv,NoConv,tp16_L5_p0p05,timepoint_mask,5.0,0.05,run1,fold02,2,1,6
no_conv,NoConv,tp16_L5_p0p05,timepoint_mask,5.0,0.05,run1,fold02,2,2,30
no_conv,NoConv,tp16_L5_p0p05,timepoint_mask,5.0,0.05,run1,fold03,0,0,108
no_conv,NoConv,tp16_L5_p0p05,timepoint_mask,5.0,0.05,run1,fold03,0,1,18
no_conv,NoConv,tp16_L5_p0p05,timepoint_mask,5.0,0.05,run1,fold03,0,2,8
no_conv,NoConv,tp16_L5_p0p05,timepoint_mask,5.0,0.05,run1,fold03,1,0,33
no_conv,NoConv,tp16_L5_p0p05,timepoint_mask,5.0,0.05,run1,fold03,1,1,103
no_conv,NoConv,tp16_L5_p0p05,timepoint_mask,5.0,0.05,run1,fold03,1,2,16
no_conv,NoConv,tp16_L5_p0p05,timepoint_mask,5.0,0.05,run1,fold03,2,0,0
no_conv,NoConv,tp16_L5_p0p05,timepoint_mask,5.0,0.05,run1,fold03,2,1,5
no_conv,NoConv,tp16_L5_p0p05,timepoint_mask,5.0,0.05,run1,fold03,2,2,35
no_conv,NoConv,tp16_L5_p0p05,timepoint_mask,5.0,0.05,run1,oof_pooled,0,0,327
no_conv,NoConv,tp16_L5_p0p05,timepoint_mask,5.0,0.05,run1,oof_pooled,0,1,64
no_conv,NoConv,tp16_L5_p0p05,timepoint_mask,5.0,0.05,run1,oof_pooled,0,2,11
no_conv,NoConv,tp16_L5_p0p05,timepoint_mask,5.0,0.05,run1,oof_pooled,1,0,86
no_conv,NoConv,tp16_L5_p0p05,timepoint_mask,5.0,0.05,run1,oof_pooled,1,1,339
no_conv,NoConv,tp16_L5_p0p05,timepoint_mask,5.0,0.05,run1,oof_pooled,1,2,31
no_conv,NoConv,tp16_L5_p0p05,timepoint_mask,5.0,0.05,run1,oof_pooled,2,0,9
no_conv,NoConv,tp16_L5_p0p05,timepoint_mask,5.0,0.05,run1,oof_pooled,2,1,17
no_conv,NoConv,tp16_L5_p0p05,timepoint_mask,5.0,0.05,run1,oof_pooled,2,2,95
no_conv,NoConv,tp16_L5_p0p05,timepoint_mask,5.0,0.05,run2,fold01,0,0,15
no_conv,NoConv,tp16_L5_p0p05,timepoint_mask,5.0,0.05,run2,fold01,0,1,6
no_conv,NoConv,tp16_L5_p0p05,timepoint_mask,5.0,0.05,run2,fold01,0,2,6
no_conv,NoConv,tp16_L5_p0p05,timepoint_mask,5.0,0.05,run2,fold01,1,0,8
no_conv,NoConv,tp16_L5_p0p05,timepoint_mask,5.0,0.05,run2,fold01,1,1,16
no_conv,NoConv,tp16_L5_p0p05,timepoint_mask,5.0,0.05,run2,fold01,1,2,7
no_conv,NoConv,tp16_L5_p0p05,timepoint_mask,5.0,0.05,run2,fold01,2,0,4
no_conv,NoConv,tp16_L5_p0p05,timepoint_mask,5.0,0.05,run2,fold01,2,1,1
no_conv,NoConv,tp16_L5_p0p05,timepoint_mask,5.0,0.05,run2,fold01,2,2,9
no_conv,NoConv,tp16_L5_p0p05,timepoint_mask,5.0,0.05,run2,fold02,0,0,17
no_conv,NoConv,tp16_L5_p0p05,timepoint_mask,5.0,0.05,run2,fold02,0,1,6
no_conv,NoConv,tp16_L5_p0p05,timepoint_mask,5.0,0.05,run2,fold02,0,2,3
no_conv,NoConv,tp16_L5_p0p05,timepoint_mask,5.0,0.05,run2,fold02,1,0,9
no_conv,NoConv,tp16_L5_p0p05,timepoint_mask,5.0,0.05,run2,fold02,1,1,12
no_conv,NoConv,tp16_L5_p0p05,timepoint_mask,5.0,0.05,run2,fold02,1,2,10
no_conv,NoConv,tp16_L5_p0p05,timepoint_mask,5.0,0.05,run2,fold02,2,0,3
no_conv,NoConv,tp16_L5_p0p05,timepoint_mask,5.0,0.05,run2,fold02,2,1,1
no_conv,NoConv,tp16_L5_p0p05,timepoint_mask,5.0,0.05,run2,fold02,2,2,10
no_conv,NoConv,tp16_L5_p0p05,timepoint_mask,5.0,0.05,run2,fold03,0,0,21
no_conv,NoConv,tp16_L5_p0p05,timepoint_mask,5.0,0.05,run2,fold03,0,1,4
no_conv,NoConv,tp16_L5_p0p05,timepoint_mask,5.0,0.05,run2,fold03,0,2,1
no_conv,NoConv,tp16_L5_p0p05,timepoint_mask,5.0,0.05,run2,fold03,1,0,13
no_conv,NoConv,tp16_L5_p0p05,timepoint_mask,5.0,0.05,run2,fold03,1,1,14
no_conv,NoConv,tp16_L5_p0p05,timepoint_mask,5.0,0.05,run2,fold03,1,2,4
no_conv,NoConv,tp16_L5_p0p05,timepoint_mask,5.0,0.05,run2,fold03,2,0,8
no_conv,NoConv,tp16_L5_p0p05,timepoint_mask,5.0,0.05,run2,fold03,2,1,2
no_conv,NoConv,tp16_L5_p0p05,timepoint_mask,5.0,0.05,run2,fold03,2,2,4
no_conv,NoConv,tp16_L5_p0p05,timepoint_mask,5.0,0.05,run2,oof_pooled,0,0,53
no_conv,NoConv,tp16_L5_p0p05,timepoint_mask,5.0,0.05,run2,oof_pooled,0,1,16
no_conv,NoConv,tp16_L5_p0p05,timepoint_mask,5.0,0.05,run2,oof_pooled,0,2,10
no_conv,NoConv,tp16_L5_p0p05,timepoint_mask,5.0,0.05,run2,oof_pooled,1,0,30
no_conv,NoConv,tp16_L5_p0p05,timepoint_mask,5.0,0.05,run2,oof_pooled,1,1,42
no_conv,NoConv,tp16_L5_p0p05,timepoint_mask,5.0,0.05,run2,oof_pooled,1,2,21
no_conv,NoConv,tp16_L5_p0p05,timepoint_mask,5.0,0.05,run2,oof_pooled,2,0,15
no_conv,NoConv,tp16_L5_p0p05,timepoint_mask,5.0,0.05,run2,oof_pooled,2,1,4
no_conv,NoConv,tp16_L5_p0p05,timepoint_mask,5.0,0.05,run2,oof_pooled,2,2,23
no_conv,NoConv,tp17_L5_p0p06,timepoint_mask,5.0,0.06,run1,fold01,0,0,109
no_conv,NoConv,tp17_L5_p0p06,timepoint_mask,5.0,0.06,run1,fold01,0,1,24
no_conv,NoConv,tp17_L5_p0p06,timepoint_mask,5.0,0.06,run1,fold01,0,2,1
no_conv,NoConv,tp17_L5_p0p06,timepoint_mask,5.0,0.06,run1,fold01,1,0,29
no_conv,NoConv,tp17_L5_p0p06,timepoint_mask,5.0,0.06,run1,fold01,1,1,117
no_conv,NoConv,tp17_L5_p0p06,timepoint_mask,5.0,0.06,run1,fold01,1,2,6
no_conv,NoConv,tp17_L5_p0p06,timepoint_mask,5.0,0.06,run1,fold01,2,0,5
no_conv,NoConv,tp17_L5_p0p06,timepoint_mask,5.0,0.06,run1,fold01,2,1,6
no_conv,NoConv,tp17_L5_p0p06,timepoint_mask,5.0,0.06,run1,fold01,2,2,30
no_conv,NoConv,tp17_L5_p0p06,timepoint_mask,5.0,0.06,run1,fold02,0,0,110
no_conv,NoConv,tp17_L5_p0p06,timepoint_mask,5.0,0.06,run1,fold02,0,1,22
no_conv,NoConv,tp17_L5_p0p06,timepoint_mask,5.0,0.06,run1,fold02,0,2,2
no_conv,NoConv,tp17_L5_p0p06,timepoint_mask,5.0,0.06,run1,fold02,1,0,24
no_conv,NoConv,tp17_L5_p0p06,timepoint_mask,5.0,0.06,run1,fold02,1,1,119
no_conv,NoConv,tp17_L5_p0p06,timepoint_mask,5.0,0.06,run1,fold02,1,2,9
no_conv,NoConv,tp17_L5_p0p06,timepoint_mask,5.0,0.06,run1,fold02,2,0,4
no_conv,NoConv,tp17_L5_p0p06,timepoint_mask,5.0,0.06,run1,fold02,2,1,6
no_conv,NoConv,tp17_L5_p0p06,timepoint_mask,5.0,0.06,run1,fold02,2,2,30
no_conv,NoConv,tp17_L5_p0p06,timepoint_mask,5.0,0.06,run1,fold03,0,0,108
no_conv,NoConv,tp17_L5_p0p06,timepoint_mask,5.0,0.06,run1,fold03,0,1,18
no_conv,NoConv,tp17_L5_p0p06,timepoint_mask,5.0,0.06,run1,fold03,0,2,8
no_conv,NoConv,tp17_L5_p0p06,timepoint_mask,5.0,0.06,run1,fold03,1,0,33
no_conv,NoConv,tp17_L5_p0p06,timepoint_mask,5.0,0.06,run1,fold03,1,1,103
no_conv,NoConv,tp17_L5_p0p06,timepoint_mask,5.0,0.06,run1,fold03,1,2,16
no_conv,NoConv,tp17_L5_p0p06,timepoint_mask,5.0,0.06,run1,fold03,2,0,0
no_conv,NoConv,tp17_L5_p0p06,timepoint_mask,5.0,0.06,run1,fold03,2,1,5
no_conv,NoConv,tp17_L5_p0p06,timepoint_mask,5.0,0.06,run1,fold03,2,2,35
no_conv,NoConv,tp17_L5_p0p06,timepoint_mask,5.0,0.06,run1,oof_pooled,0,0,327
no_conv,NoConv,tp17_L5_p0p06,timepoint_mask,5.0,0.06,run1,oof_pooled,0,1,64
no_conv,NoConv,tp17_L5_p0p06,timepoint_mask,5.0,0.06,run1,oof_pooled,0,2,11
no_conv,NoConv,tp17_L5_p0p06,timepoint_mask,5.0,0.06,run1,oof_pooled,1,0,86
no_conv,NoConv,tp17_L5_p0p06,timepoint_mask,5.0,0.06,run1,oof_pooled,1,1,339
no_conv,NoConv,tp17_L5_p0p06,timepoint_mask,5.0,0.06,run1,oof_pooled,1,2,31
no_conv,NoConv,tp17_L5_p0p06,timepoint_mask,5.0,0.06,run1,oof_pooled,2,0,9
no_conv,NoConv,tp17_L5_p0p06,timepoint_mask,5.0,0.06,run1,oof_pooled,2,1,17
no_conv,NoConv,tp17_L5_p0p06,timepoint_mask,5.0,0.06,run1,oof_pooled,2,2,95
no_conv,NoConv,tp17_L5_p0p06,timepoint_mask,5.0,0.06,run2,fold01,0,0,15
no_conv,NoConv,tp17_L5_p0p06,timepoint_mask,5.0,0.06,run2,fold01,0,1,6
no_conv,NoConv,tp17_L5_p0p06,timepoint_mask,5.0,0.06,run2,fold01,0,2,6
no_conv,NoConv,tp17_L5_p0p06,timepoint_mask,5.0,0.06,run2,fold01,1,0,8
no_conv,NoConv,tp17_L5_p0p06,timepoint_mask,5.0,0.06,run2,fold01,1,1,16
no_conv,NoConv,tp17_L5_p0p06,timepoint_mask,5.0,0.06,run2,fold01,1,2,7
no_conv,NoConv,tp17_L5_p0p06,timepoint_mask,5.0,0.06,run2,fold01,2,0,4
no_conv,NoConv,tp17_L5_p0p06,timepoint_mask,5.0,0.06,run2,fold01,2,1,1
no_conv,NoConv,tp17_L5_p0p06,timepoint_mask,5.0,0.06,run2,fold01,2,2,9
no_conv,NoConv,tp17_L5_p0p06,timepoint_mask,5.0,0.06,run2,fold02,0,0,17
no_conv,NoConv,tp17_L5_p0p06,timepoint_mask,5.0,0.06,run2,fold02,0,1,6
no_conv,NoConv,tp17_L5_p0p06,timepoint_mask,5.0,0.06,run2,fold02,0,2,3
no_conv,NoConv,tp17_L5_p0p06,timepoint_mask,5.0,0.06,run2,fold02,1,0,9
no_conv,NoConv,tp17_L5_p0p06,timepoint_mask,5.0,0.06,run2,fold02,1,1,12
no_conv,NoConv,tp17_L5_p0p06,timepoint_mask,5.0,0.06,run2,fold02,1,2,10
no_conv,NoConv,tp17_L5_p0p06,timepoint_mask,5.0,0.06,run2,fold02,2,0,3
no_conv,NoConv,tp17_L5_p0p06,timepoint_mask,5.0,0.06,run2,fold02,2,1,1
no_conv,NoConv,tp17_L5_p0p06,timepoint_mask,5.0,0.06,run2,fold02,2,2,10
no_conv,NoConv,tp17_L5_p0p06,timepoint_mask,5.0,0.06,run2,fold03,0,0,21
no_conv,NoConv,tp17_L5_p0p06,timepoint_mask,5.0,0.06,run2,fold03,0,1,4
no_conv,NoConv,tp17_L5_p0p06,timepoint_mask,5.0,0.06,run2,fold03,0,2,1
no_conv,NoConv,tp17_L5_p0p06,timepoint_mask,5.0,0.06,run2,fold03,1,0,13
no_conv,NoConv,tp17_L5_p0p06,timepoint_mask,5.0,0.06,run2,fold03,1,1,14
no_conv,NoConv,tp17_L5_p0p06,timepoint_mask,5.0,0.06,run2,fold03,1,2,4
no_conv,NoConv,tp17_L5_p0p06,timepoint_mask,5.0,0.06,run2,fold03,2,0,8
no_conv,NoConv,tp17_L5_p0p06,timepoint_mask,5.0,0.06,run2,fold03,2,1,2
no_conv,NoConv,tp17_L5_p0p06,timepoint_mask,5.0,0.06,run2,fold03,2,2,4
no_conv,NoConv,tp17_L5_p0p06,timepoint_mask,5.0,0.06,run2,oof_pooled,0,0,53
no_conv,NoConv,tp17_L5_p0p06,timepoint_mask,5.0,0.06,run2,oof_pooled,0,1,16
no_conv,NoConv,tp17_L5_p0p06,timepoint_mask,5.0,0.06,run2,oof_pooled,0,2,10
no_conv,NoConv,tp17_L5_p0p06,timepoint_mask,5.0,0.06,run2,oof_pooled,1,0,30
no_conv,NoConv,tp17_L5_p0p06,timepoint_mask,5.0,0.06,run2,oof_pooled,1,1,42
no_conv,NoConv,tp17_L5_p0p06,timepoint_mask,5.0,0.06,run2,oof_pooled,1,2,21
no_conv,NoConv,tp17_L5_p0p06,timepoint_mask,5.0,0.06,run2,oof_pooled,2,0,15
no_conv,NoConv,tp17_L5_p0p06,timepoint_mask,5.0,0.06,run2,oof_pooled,2,1,4
no_conv,NoConv,tp17_L5_p0p06,timepoint_mask,5.0,0.06,run2,oof_pooled,2,2,23
no_conv,NoConv,tp18_L5_p0p07,timepoint_mask,5.0,0.07,run1,fold01,0,0,109
no_conv,NoConv,tp18_L5_p0p07,timepoint_mask,5.0,0.07,run1,fold01,0,1,24
no_conv,NoConv,tp18_L5_p0p07,timepoint_mask,5.0,0.07,run1,fold01,0,2,1
no_conv,NoConv,tp18_L5_p0p07,timepoint_mask,5.0,0.07,run1,fold01,1,0,29
no_conv,NoConv,tp18_L5_p0p07,timepoint_mask,5.0,0.07,run1,fold01,1,1,117
no_conv,NoConv,tp18_L5_p0p07,timepoint_mask,5.0,0.07,run1,fold01,1,2,6
no_conv,NoConv,tp18_L5_p0p07,timepoint_mask,5.0,0.07,run1,fold01,2,0,5
no_conv,NoConv,tp18_L5_p0p07,timepoint_mask,5.0,0.07,run1,fold01,2,1,6
no_conv,NoConv,tp18_L5_p0p07,timepoint_mask,5.0,0.07,run1,fold01,2,2,30
no_conv,NoConv,tp18_L5_p0p07,timepoint_mask,5.0,0.07,run1,fold02,0,0,110
no_conv,NoConv,tp18_L5_p0p07,timepoint_mask,5.0,0.07,run1,fold02,0,1,22
no_conv,NoConv,tp18_L5_p0p07,timepoint_mask,5.0,0.07,run1,fold02,0,2,2
no_conv,NoConv,tp18_L5_p0p07,timepoint_mask,5.0,0.07,run1,fold02,1,0,24
no_conv,NoConv,tp18_L5_p0p07,timepoint_mask,5.0,0.07,run1,fold02,1,1,119
no_conv,NoConv,tp18_L5_p0p07,timepoint_mask,5.0,0.07,run1,fold02,1,2,9
no_conv,NoConv,tp18_L5_p0p07,timepoint_mask,5.0,0.07,run1,fold02,2,0,4
no_conv,NoConv,tp18_L5_p0p07,timepoint_mask,5.0,0.07,run1,fold02,2,1,6
no_conv,NoConv,tp18_L5_p0p07,timepoint_mask,5.0,0.07,run1,fold02,2,2,30
no_conv,NoConv,tp18_L5_p0p07,timepoint_mask,5.0,0.07,run1,fold03,0,0,108
no_conv,NoConv,tp18_L5_p0p07,timepoint_mask,5.0,0.07,run1,fold03,0,1,18
no_conv,NoConv,tp18_L5_p0p07,timepoint_mask,5.0,0.07,run1,fold03,0,2,8
no_conv,NoConv,tp18_L5_p0p07,timepoint_mask,5.0,0.07,run1,fold03,1,0,32
no_conv,NoConv,tp18_L5_p0p07,timepoint_mask,5.0,0.07,run1,fold03,1,1,103
no_conv,NoConv,tp18_L5_p0p07,timepoint_mask,5.0,0.07,run1,fold03,1,2,17
no_conv,NoConv,tp18_L5_p0p07,timepoint_mask,5.0,0.07,run1,fold03,2,0,0
no_conv,NoConv,tp18_L5_p0p07,timepoint_mask,5.0,0.07,run1,fold03,2,1,5
no_conv,NoConv,tp18_L5_p0p07,timepoint_mask,5.0,0.07,run1,fold03,2,2,35
no_conv,NoConv,tp18_L5_p0p07,timepoint_mask,5.0,0.07,run1,oof_pooled,0,0,327
no_conv,NoConv,tp18_L5_p0p07,timepoint_mask,5.0,0.07,run1,oof_pooled,0,1,64
no_conv,NoConv,tp18_L5_p0p07,timepoint_mask,5.0,0.07,run1,oof_pooled,0,2,11
no_conv,NoConv,tp18_L5_p0p07,timepoint_mask,5.0,0.07,run1,oof_pooled,1,0,85
no_conv,NoConv,tp18_L5_p0p07,timepoint_mask,5.0,0.07,run1,oof_pooled,1,1,339
no_conv,NoConv,tp18_L5_p0p07,timepoint_mask,5.0,0.07,run1,oof_pooled,1,2,32
no_conv,NoConv,tp18_L5_p0p07,timepoint_mask,5.0,0.07,run1,oof_pooled,2,0,9
no_conv,NoConv,tp18_L5_p0p07,timepoint_mask,5.0,0.07,run1,oof_pooled,2,1,17
no_conv,NoConv,tp18_L5_p0p07,timepoint_mask,5.0,0.07,run1,oof_pooled,2,2,95
no_conv,NoConv,tp18_L5_p0p07,timepoint_mask,5.0,0.07,run2,fold01,0,0,15
no_conv,NoConv,tp18_L5_p0p07,timepoint_mask,5.0,0.07,run2,fold01,0,1,6
no_conv,NoConv,tp18_L5_p0p07,timepoint_mask,5.0,0.07,run2,fold01,0,2,6
no_conv,NoConv,tp18_L5_p0p07,timepoint_mask,5.0,0.07,run2,fold01,1,0,8
no_conv,NoConv,tp18_L5_p0p07,timepoint_mask,5.0,0.07,run2,fold01,1,1,16
no_conv,NoConv,tp18_L5_p0p07,timepoint_mask,5.0,0.07,run2,fold01,1,2,7
no_conv,NoConv,tp18_L5_p0p07,timepoint_mask,5.0,0.07,run2,fold01,2,0,4
no_conv,NoConv,tp18_L5_p0p07,timepoint_mask,5.0,0.07,run2,fold01,2,1,1
no_conv,NoConv,tp18_L5_p0p07,timepoint_mask,5.0,0.07,run2,fold01,2,2,9
no_conv,NoConv,tp18_L5_p0p07,timepoint_mask,5.0,0.07,run2,fold02,0,0,17
no_conv,NoConv,tp18_L5_p0p07,timepoint_mask,5.0,0.07,run2,fold02,0,1,6
no_conv,NoConv,tp18_L5_p0p07,timepoint_mask,5.0,0.07,run2,fold02,0,2,3
no_conv,NoConv,tp18_L5_p0p07,timepoint_mask,5.0,0.07,run2,fold02,1,0,9
no_conv,NoConv,tp18_L5_p0p07,timepoint_mask,5.0,0.07,run2,fold02,1,1,12
no_conv,NoConv,tp18_L5_p0p07,timepoint_mask,5.0,0.07,run2,fold02,1,2,10
no_conv,NoConv,tp18_L5_p0p07,timepoint_mask,5.0,0.07,run2,fold02,2,0,3
no_conv,NoConv,tp18_L5_p0p07,timepoint_mask,5.0,0.07,run2,fold02,2,1,1
no_conv,NoConv,tp18_L5_p0p07,timepoint_mask,5.0,0.07,run2,fold02,2,2,10
no_conv,NoConv,tp18_L5_p0p07,timepoint_mask,5.0,0.07,run2,fold03,0,0,21
no_conv,NoConv,tp18_L5_p0p07,timepoint_mask,5.0,0.07,run2,fold03,0,1,4
no_conv,NoConv,tp18_L5_p0p07,timepoint_mask,5.0,0.07,run2,fold03,0,2,1
no_conv,NoConv,tp18_L5_p0p07,timepoint_mask,5.0,0.07,run2,fold03,1,0,13
no_conv,NoConv,tp18_L5_p0p07,timepoint_mask,5.0,0.07,run2,fold03,1,1,14
no_conv,NoConv,tp18_L5_p0p07,timepoint_mask,5.0,0.07,run2,fold03,1,2,4
no_conv,NoConv,tp18_L5_p0p07,timepoint_mask,5.0,0.07,run2,fold03,2,0,8
no_conv,NoConv,tp18_L5_p0p07,timepoint_mask,5.0,0.07,run2,fold03,2,1,2
no_conv,NoConv,tp18_L5_p0p07,timepoint_mask,5.0,0.07,run2,fold03,2,2,4
no_conv,NoConv,tp18_L5_p0p07,timepoint_mask,5.0,0.07,run2,oof_pooled,0,0,53
no_conv,NoConv,tp18_L5_p0p07,timepoint_mask,5.0,0.07,run2,oof_pooled,0,1,16
no_conv,NoConv,tp18_L5_p0p07,timepoint_mask,5.0,0.07,run2,oof_pooled,0,2,10
no_conv,NoConv,tp18_L5_p0p07,timepoint_mask,5.0,0.07,run2,oof_pooled,1,0,30
no_conv,NoConv,tp18_L5_p0p07,timepoint_mask,5.0,0.07,run2,oof_pooled,1,1,42
no_conv,NoConv,tp18_L5_p0p07,timepoint_mask,5.0,0.07,run2,oof_pooled,1,2,21
no_conv,NoConv,tp18_L5_p0p07,timepoint_mask,5.0,0.07,run2,oof_pooled,2,0,15
no_conv,NoConv,tp18_L5_p0p07,timepoint_mask,5.0,0.07,run2,oof_pooled,2,1,4
no_conv,NoConv,tp18_L5_p0p07,timepoint_mask,5.0,0.07,run2,oof_pooled,2,2,23
no_conv,NoConv,tp19_L5_p0p08,timepoint_mask,5.0,0.08,run1,fold01,0,0,109
no_conv,NoConv,tp19_L5_p0p08,timepoint_mask,5.0,0.08,run1,fold01,0,1,24
no_conv,NoConv,tp19_L5_p0p08,timepoint_mask,5.0,0.08,run1,fold01,0,2,1
no_conv,NoConv,tp19_L5_p0p08,timepoint_mask,5.0,0.08,run1,fold01,1,0,31
no_conv,NoConv,tp19_L5_p0p08,timepoint_mask,5.0,0.08,run1,fold01,1,1,115
no_conv,NoConv,tp19_L5_p0p08,timepoint_mask,5.0,0.08,run1,fold01,1,2,6
no_conv,NoConv,tp19_L5_p0p08,timepoint_mask,5.0,0.08,run1,fold01,2,0,5
no_conv,NoConv,tp19_L5_p0p08,timepoint_mask,5.0,0.08,run1,fold01,2,1,6
no_conv,NoConv,tp19_L5_p0p08,timepoint_mask,5.0,0.08,run1,fold01,2,2,30
no_conv,NoConv,tp19_L5_p0p08,timepoint_mask,5.0,0.08,run1,fold02,0,0,110
no_conv,NoConv,tp19_L5_p0p08,timepoint_mask,5.0,0.08,run1,fold02,0,1,22
no_conv,NoConv,tp19_L5_p0p08,timepoint_mask,5.0,0.08,run1,fold02,0,2,2
no_conv,NoConv,tp19_L5_p0p08,timepoint_mask,5.0,0.08,run1,fold02,1,0,24
no_conv,NoConv,tp19_L5_p0p08,timepoint_mask,5.0,0.08,run1,fold02,1,1,119
no_conv,NoConv,tp19_L5_p0p08,timepoint_mask,5.0,0.08,run1,fold02,1,2,9
no_conv,NoConv,tp19_L5_p0p08,timepoint_mask,5.0,0.08,run1,fold02,2,0,4
no_conv,NoConv,tp19_L5_p0p08,timepoint_mask,5.0,0.08,run1,fold02,2,1,6
no_conv,NoConv,tp19_L5_p0p08,timepoint_mask,5.0,0.08,run1,fold02,2,2,30
no_conv,NoConv,tp19_L5_p0p08,timepoint_mask,5.0,0.08,run1,fold03,0,0,108
no_conv,NoConv,tp19_L5_p0p08,timepoint_mask,5.0,0.08,run1,fold03,0,1,18
no_conv,NoConv,tp19_L5_p0p08,timepoint_mask,5.0,0.08,run1,fold03,0,2,8
no_conv,NoConv,tp19_L5_p0p08,timepoint_mask,5.0,0.08,run1,fold03,1,0,33
no_conv,NoConv,tp19_L5_p0p08,timepoint_mask,5.0,0.08,run1,fold03,1,1,102
no_conv,NoConv,tp19_L5_p0p08,timepoint_mask,5.0,0.08,run1,fold03,1,2,17
no_conv,NoConv,tp19_L5_p0p08,timepoint_mask,5.0,0.08,run1,fold03,2,0,0
no_conv,NoConv,tp19_L5_p0p08,timepoint_mask,5.0,0.08,run1,fold03,2,1,5
no_conv,NoConv,tp19_L5_p0p08,timepoint_mask,5.0,0.08,run1,fold03,2,2,35
no_conv,NoConv,tp19_L5_p0p08,timepoint_mask,5.0,0.08,run1,oof_pooled,0,0,327
no_conv,NoConv,tp19_L5_p0p08,timepoint_mask,5.0,0.08,run1,oof_pooled,0,1,64
no_conv,NoConv,tp19_L5_p0p08,timepoint_mask,5.0,0.08,run1,oof_pooled,0,2,11
no_conv,NoConv,tp19_L5_p0p08,timepoint_mask,5.0,0.08,run1,oof_pooled,1,0,88
no_conv,NoConv,tp19_L5_p0p08,timepoint_mask,5.0,0.08,run1,oof_pooled,1,1,336
no_conv,NoConv,tp19_L5_p0p08,timepoint_mask,5.0,0.08,run1,oof_pooled,1,2,32
no_conv,NoConv,tp19_L5_p0p08,timepoint_mask,5.0,0.08,run1,oof_pooled,2,0,9
no_conv,NoConv,tp19_L5_p0p08,timepoint_mask,5.0,0.08,run1,oof_pooled,2,1,17
no_conv,NoConv,tp19_L5_p0p08,timepoint_mask,5.0,0.08,run1,oof_pooled,2,2,95
no_conv,NoConv,tp19_L5_p0p08,timepoint_mask,5.0,0.08,run2,fold01,0,0,15
no_conv,NoConv,tp19_L5_p0p08,timepoint_mask,5.0,0.08,run2,fold01,0,1,6
no_conv,NoConv,tp19_L5_p0p08,timepoint_mask,5.0,0.08,run2,fold01,0,2,6
no_conv,NoConv,tp19_L5_p0p08,timepoint_mask,5.0,0.08,run2,fold01,1,0,8
no_conv,NoConv,tp19_L5_p0p08,timepoint_mask,5.0,0.08,run2,fold01,1,1,16
no_conv,NoConv,tp19_L5_p0p08,timepoint_mask,5.0,0.08,run2,fold01,1,2,7
no_conv,NoConv,tp19_L5_p0p08,timepoint_mask,5.0,0.08,run2,fold01,2,0,4
no_conv,NoConv,tp19_L5_p0p08,timepoint_mask,5.0,0.08,run2,fold01,2,1,1
no_conv,NoConv,tp19_L5_p0p08,timepoint_mask,5.0,0.08,run2,fold01,2,2,9
no_conv,NoConv,tp19_L5_p0p08,timepoint_mask,5.0,0.08,run2,fold02,0,0,17
no_conv,NoConv,tp19_L5_p0p08,timepoint_mask,5.0,0.08,run2,fold02,0,1,6
no_conv,NoConv,tp19_L5_p0p08,timepoint_mask,5.0,0.08,run2,fold02,0,2,3
no_conv,NoConv,tp19_L5_p0p08,timepoint_mask,5.0,0.08,run2,fold02,1,0,9
no_conv,NoConv,tp19_L5_p0p08,timepoint_mask,5.0,0.08,run2,fold02,1,1,12
no_conv,NoConv,tp19_L5_p0p08,timepoint_mask,5.0,0.08,run2,fold02,1,2,10
no_conv,NoConv,tp19_L5_p0p08,timepoint_mask,5.0,0.08,run2,fold02,2,0,3
no_conv,NoConv,tp19_L5_p0p08,timepoint_mask,5.0,0.08,run2,fold02,2,1,1
no_conv,NoConv,tp19_L5_p0p08,timepoint_mask,5.0,0.08,run2,fold02,2,2,10
no_conv,NoConv,tp19_L5_p0p08,timepoint_mask,5.0,0.08,run2,fold03,0,0,21
no_conv,NoConv,tp19_L5_p0p08,timepoint_mask,5.0,0.08,run2,fold03,0,1,4
no_conv,NoConv,tp19_L5_p0p08,timepoint_mask,5.0,0.08,run2,fold03,0,2,1
no_conv,NoConv,tp19_L5_p0p08,timepoint_mask,5.0,0.08,run2,fold03,1,0,13
no_conv,NoConv,tp19_L5_p0p08,timepoint_mask,5.0,0.08,run2,fold03,1,1,14
no_conv,NoConv,tp19_L5_p0p08,timepoint_mask,5.0,0.08,run2,fold03,1,2,4
no_conv,NoConv,tp19_L5_p0p08,timepoint_mask,5.0,0.08,run2,fold03,2,0,8
no_conv,NoConv,tp19_L5_p0p08,timepoint_mask,5.0,0.08,run2,fold03,2,1,2
no_conv,NoConv,tp19_L5_p0p08,timepoint_mask,5.0,0.08,run2,fold03,2,2,4
no_conv,NoConv,tp19_L5_p0p08,timepoint_mask,5.0,0.08,run2,oof_pooled,0,0,53
no_conv,NoConv,tp19_L5_p0p08,timepoint_mask,5.0,0.08,run2,oof_pooled,0,1,16
no_conv,NoConv,tp19_L5_p0p08,timepoint_mask,5.0,0.08,run2,oof_pooled,0,2,10
no_conv,NoConv,tp19_L5_p0p08,timepoint_mask,5.0,0.08,run2,oof_pooled,1,0,30
no_conv,NoConv,tp19_L5_p0p08,timepoint_mask,5.0,0.08,run2,oof_pooled,1,1,42
no_conv,NoConv,tp19_L5_p0p08,timepoint_mask,5.0,0.08,run2,oof_pooled,1,2,21
no_conv,NoConv,tp19_L5_p0p08,timepoint_mask,5.0,0.08,run2,oof_pooled,2,0,15
no_conv,NoConv,tp19_L5_p0p08,timepoint_mask,5.0,0.08,run2,oof_pooled,2,1,4
no_conv,NoConv,tp19_L5_p0p08,timepoint_mask,5.0,0.08,run2,oof_pooled,2,2,23
no_conv,NoConv,tp20_L5_p0p12,timepoint_mask,5.0,0.12,run1,fold01,0,0,109
no_conv,NoConv,tp20_L5_p0p12,timepoint_mask,5.0,0.12,run1,fold01,0,1,24
no_conv,NoConv,tp20_L5_p0p12,timepoint_mask,5.0,0.12,run1,fold01,0,2,1
no_conv,NoConv,tp20_L5_p0p12,timepoint_mask,5.0,0.12,run1,fold01,1,0,30
no_conv,NoConv,tp20_L5_p0p12,timepoint_mask,5.0,0.12,run1,fold01,1,1,116
no_conv,NoConv,tp20_L5_p0p12,timepoint_mask,5.0,0.12,run1,fold01,1,2,6
no_conv,NoConv,tp20_L5_p0p12,timepoint_mask,5.0,0.12,run1,fold01,2,0,5
no_conv,NoConv,tp20_L5_p0p12,timepoint_mask,5.0,0.12,run1,fold01,2,1,6
no_conv,NoConv,tp20_L5_p0p12,timepoint_mask,5.0,0.12,run1,fold01,2,2,30
no_conv,NoConv,tp20_L5_p0p12,timepoint_mask,5.0,0.12,run1,fold02,0,0,110
no_conv,NoConv,tp20_L5_p0p12,timepoint_mask,5.0,0.12,run1,fold02,0,1,22
no_conv,NoConv,tp20_L5_p0p12,timepoint_mask,5.0,0.12,run1,fold02,0,2,2
no_conv,NoConv,tp20_L5_p0p12,timepoint_mask,5.0,0.12,run1,fold02,1,0,23
no_conv,NoConv,tp20_L5_p0p12,timepoint_mask,5.0,0.12,run1,fold02,1,1,120
no_conv,NoConv,tp20_L5_p0p12,timepoint_mask,5.0,0.12,run1,fold02,1,2,9
no_conv,NoConv,tp20_L5_p0p12,timepoint_mask,5.0,0.12,run1,fold02,2,0,4
no_conv,NoConv,tp20_L5_p0p12,timepoint_mask,5.0,0.12,run1,fold02,2,1,6
no_conv,NoConv,tp20_L5_p0p12,timepoint_mask,5.0,0.12,run1,fold02,2,2,30
no_conv,NoConv,tp20_L5_p0p12,timepoint_mask,5.0,0.12,run1,fold03,0,0,108
no_conv,NoConv,tp20_L5_p0p12,timepoint_mask,5.0,0.12,run1,fold03,0,1,18
no_conv,NoConv,tp20_L5_p0p12,timepoint_mask,5.0,0.12,run1,fold03,0,2,8
no_conv,NoConv,tp20_L5_p0p12,timepoint_mask,5.0,0.12,run1,fold03,1,0,31
no_conv,NoConv,tp20_L5_p0p12,timepoint_mask,5.0,0.12,run1,fold03,1,1,104
no_conv,NoConv,tp20_L5_p0p12,timepoint_mask,5.0,0.12,run1,fold03,1,2,17
no_conv,NoConv,tp20_L5_p0p12,timepoint_mask,5.0,0.12,run1,fold03,2,0,0
no_conv,NoConv,tp20_L5_p0p12,timepoint_mask,5.0,0.12,run1,fold03,2,1,5
no_conv,NoConv,tp20_L5_p0p12,timepoint_mask,5.0,0.12,run1,fold03,2,2,35
no_conv,NoConv,tp20_L5_p0p12,timepoint_mask,5.0,0.12,run1,oof_pooled,0,0,327
no_conv,NoConv,tp20_L5_p0p12,timepoint_mask,5.0,0.12,run1,oof_pooled,0,1,64
no_conv,NoConv,tp20_L5_p0p12,timepoint_mask,5.0,0.12,run1,oof_pooled,0,2,11
no_conv,NoConv,tp20_L5_p0p12,timepoint_mask,5.0,0.12,run1,oof_pooled,1,0,84
no_conv,NoConv,tp20_L5_p0p12,timepoint_mask,5.0,0.12,run1,oof_pooled,1,1,340
no_conv,NoConv,tp20_L5_p0p12,timepoint_mask,5.0,0.12,run1,oof_pooled,1,2,32
no_conv,NoConv,tp20_L5_p0p12,timepoint_mask,5.0,0.12,run1,oof_pooled,2,0,9
no_conv,NoConv,tp20_L5_p0p12,timepoint_mask,5.0,0.12,run1,oof_pooled,2,1,17
no_conv,NoConv,tp20_L5_p0p12,timepoint_mask,5.0,0.12,run1,oof_pooled,2,2,95
no_conv,NoConv,tp20_L5_p0p12,timepoint_mask,5.0,0.12,run2,fold01,0,0,15
no_conv,NoConv,tp20_L5_p0p12,timepoint_mask,5.0,0.12,run2,fold01,0,1,6
no_conv,NoConv,tp20_L5_p0p12,timepoint_mask,5.0,0.12,run2,fold01,0,2,6
no_conv,NoConv,tp20_L5_p0p12,timepoint_mask,5.0,0.12,run2,fold01,1,0,8
no_conv,NoConv,tp20_L5_p0p12,timepoint_mask,5.0,0.12,run2,fold01,1,1,16
no_conv,NoConv,tp20_L5_p0p12,timepoint_mask,5.0,0.12,run2,fold01,1,2,7
no_conv,NoConv,tp20_L5_p0p12,timepoint_mask,5.0,0.12,run2,fold01,2,0,4
no_conv,NoConv,tp20_L5_p0p12,timepoint_mask,5.0,0.12,run2,fold01,2,1,1
no_conv,NoConv,tp20_L5_p0p12,timepoint_mask,5.0,0.12,run2,fold01,2,2,9
no_conv,NoConv,tp20_L5_p0p12,timepoint_mask,5.0,0.12,run2,fold02,0,0,17
no_conv,NoConv,tp20_L5_p0p12,timepoint_mask,5.0,0.12,run2,fold02,0,1,6
no_conv,NoConv,tp20_L5_p0p12,timepoint_mask,5.0,0.12,run2,fold02,0,2,3
no_conv,NoConv,tp20_L5_p0p12,timepoint_mask,5.0,0.12,run2,fold02,1,0,9
no_conv,NoConv,tp20_L5_p0p12,timepoint_mask,5.0,0.12,run2,fold02,1,1,12
no_conv,NoConv,tp20_L5_p0p12,timepoint_mask,5.0,0.12,run2,fold02,1,2,10
no_conv,NoConv,tp20_L5_p0p12,timepoint_mask,5.0,0.12,run2,fold02,2,0,3
no_conv,NoConv,tp20_L5_p0p12,timepoint_mask,5.0,0.12,run2,fold02,2,1,1
no_conv,NoConv,tp20_L5_p0p12,timepoint_mask,5.0,0.12,run2,fold02,2,2,10
no_conv,NoConv,tp20_L5_p0p12,timepoint_mask,5.0,0.12,run2,fold03,0,0,21
no_conv,NoConv,tp20_L5_p0p12,timepoint_mask,5.0,0.12,run2,fold03,0,1,4
no_conv,NoConv,tp20_L5_p0p12,timepoint_mask,5.0,0.12,run2,fold03,0,2,1
no_conv,NoConv,tp20_L5_p0p12,timepoint_mask,5.0,0.12,run2,fold03,1,0,13
no_conv,NoConv,tp20_L5_p0p12,timepoint_mask,5.0,0.12,run2,fold03,1,1,14
no_conv,NoConv,tp20_L5_p0p12,timepoint_mask,5.0,0.12,run2,fold03,1,2,4
no_conv,NoConv,tp20_L5_p0p12,timepoint_mask,5.0,0.12,run2,fold03,2,0,8
no_conv,NoConv,tp20_L5_p0p12,timepoint_mask,5.0,0.12,run2,fold03,2,1,2
no_conv,NoConv,tp20_L5_p0p12,timepoint_mask,5.0,0.12,run2,fold03,2,2,4
no_conv,NoConv,tp20_L5_p0p12,timepoint_mask,5.0,0.12,run2,oof_pooled,0,0,53
no_conv,NoConv,tp20_L5_p0p12,timepoint_mask,5.0,0.12,run2,oof_pooled,0,1,16
no_conv,NoConv,tp20_L5_p0p12,timepoint_mask,5.0,0.12,run2,oof_pooled,0,2,10
no_conv,NoConv,tp20_L5_p0p12,timepoint_mask,5.0,0.12,run2,oof_pooled,1,0,30
no_conv,NoConv,tp20_L5_p0p12,timepoint_mask,5.0,0.12,run2,oof_pooled,1,1,42
no_conv,NoConv,tp20_L5_p0p12,timepoint_mask,5.0,0.12,run2,oof_pooled,1,2,21
no_conv,NoConv,tp20_L5_p0p12,timepoint_mask,5.0,0.12,run2,oof_pooled,2,0,15
no_conv,NoConv,tp20_L5_p0p12,timepoint_mask,5.0,0.12,run2,oof_pooled,2,1,4
no_conv,NoConv,tp20_L5_p0p12,timepoint_mask,5.0,0.12,run2,oof_pooled,2,2,23
no_conv,NoConv,tp21_L5_p0p13,timepoint_mask,5.0,0.13,run1,fold01,0,0,109
no_conv,NoConv,tp21_L5_p0p13,timepoint_mask,5.0,0.13,run1,fold01,0,1,24
no_conv,NoConv,tp21_L5_p0p13,timepoint_mask,5.0,0.13,run1,fold01,0,2,1
no_conv,NoConv,tp21_L5_p0p13,timepoint_mask,5.0,0.13,run1,fold01,1,0,30
no_conv,NoConv,tp21_L5_p0p13,timepoint_mask,5.0,0.13,run1,fold01,1,1,116
no_conv,NoConv,tp21_L5_p0p13,timepoint_mask,5.0,0.13,run1,fold01,1,2,6
no_conv,NoConv,tp21_L5_p0p13,timepoint_mask,5.0,0.13,run1,fold01,2,0,5
no_conv,NoConv,tp21_L5_p0p13,timepoint_mask,5.0,0.13,run1,fold01,2,1,6
no_conv,NoConv,tp21_L5_p0p13,timepoint_mask,5.0,0.13,run1,fold01,2,2,30
no_conv,NoConv,tp21_L5_p0p13,timepoint_mask,5.0,0.13,run1,fold02,0,0,110
no_conv,NoConv,tp21_L5_p0p13,timepoint_mask,5.0,0.13,run1,fold02,0,1,22
no_conv,NoConv,tp21_L5_p0p13,timepoint_mask,5.0,0.13,run1,fold02,0,2,2
no_conv,NoConv,tp21_L5_p0p13,timepoint_mask,5.0,0.13,run1,fold02,1,0,23
no_conv,NoConv,tp21_L5_p0p13,timepoint_mask,5.0,0.13,run1,fold02,1,1,120
no_conv,NoConv,tp21_L5_p0p13,timepoint_mask,5.0,0.13,run1,fold02,1,2,9
no_conv,NoConv,tp21_L5_p0p13,timepoint_mask,5.0,0.13,run1,fold02,2,0,4
no_conv,NoConv,tp21_L5_p0p13,timepoint_mask,5.0,0.13,run1,fold02,2,1,6
no_conv,NoConv,tp21_L5_p0p13,timepoint_mask,5.0,0.13,run1,fold02,2,2,30
no_conv,NoConv,tp21_L5_p0p13,timepoint_mask,5.0,0.13,run1,fold03,0,0,108
no_conv,NoConv,tp21_L5_p0p13,timepoint_mask,5.0,0.13,run1,fold03,0,1,18
no_conv,NoConv,tp21_L5_p0p13,timepoint_mask,5.0,0.13,run1,fold03,0,2,8
no_conv,NoConv,tp21_L5_p0p13,timepoint_mask,5.0,0.13,run1,fold03,1,0,31
no_conv,NoConv,tp21_L5_p0p13,timepoint_mask,5.0,0.13,run1,fold03,1,1,104
no_conv,NoConv,tp21_L5_p0p13,timepoint_mask,5.0,0.13,run1,fold03,1,2,17
no_conv,NoConv,tp21_L5_p0p13,timepoint_mask,5.0,0.13,run1,fold03,2,0,0
no_conv,NoConv,tp21_L5_p0p13,timepoint_mask,5.0,0.13,run1,fold03,2,1,5
no_conv,NoConv,tp21_L5_p0p13,timepoint_mask,5.0,0.13,run1,fold03,2,2,35
no_conv,NoConv,tp21_L5_p0p13,timepoint_mask,5.0,0.13,run1,oof_pooled,0,0,327
no_conv,NoConv,tp21_L5_p0p13,timepoint_mask,5.0,0.13,run1,oof_pooled,0,1,64
no_conv,NoConv,tp21_L5_p0p13,timepoint_mask,5.0,0.13,run1,oof_pooled,0,2,11
no_conv,NoConv,tp21_L5_p0p13,timepoint_mask,5.0,0.13,run1,oof_pooled,1,0,84
no_conv,NoConv,tp21_L5_p0p13,timepoint_mask,5.0,0.13,run1,oof_pooled,1,1,340
no_conv,NoConv,tp21_L5_p0p13,timepoint_mask,5.0,0.13,run1,oof_pooled,1,2,32
no_conv,NoConv,tp21_L5_p0p13,timepoint_mask,5.0,0.13,run1,oof_pooled,2,0,9
no_conv,NoConv,tp21_L5_p0p13,timepoint_mask,5.0,0.13,run1,oof_pooled,2,1,17
no_conv,NoConv,tp21_L5_p0p13,timepoint_mask,5.0,0.13,run1,oof_pooled,2,2,95
no_conv,NoConv,tp21_L5_p0p13,timepoint_mask,5.0,0.13,run2,fold01,0,0,15
no_conv,NoConv,tp21_L5_p0p13,timepoint_mask,5.0,0.13,run2,fold01,0,1,6
no_conv,NoConv,tp21_L5_p0p13,timepoint_mask,5.0,0.13,run2,fold01,0,2,6
no_conv,NoConv,tp21_L5_p0p13,timepoint_mask,5.0,0.13,run2,fold01,1,0,8
no_conv,NoConv,tp21_L5_p0p13,timepoint_mask,5.0,0.13,run2,fold01,1,1,16
no_conv,NoConv,tp21_L5_p0p13,timepoint_mask,5.0,0.13,run2,fold01,1,2,7
no_conv,NoConv,tp21_L5_p0p13,timepoint_mask,5.0,0.13,run2,fold01,2,0,4
no_conv,NoConv,tp21_L5_p0p13,timepoint_mask,5.0,0.13,run2,fold01,2,1,1
no_conv,NoConv,tp21_L5_p0p13,timepoint_mask,5.0,0.13,run2,fold01,2,2,9
no_conv,NoConv,tp21_L5_p0p13,timepoint_mask,5.0,0.13,run2,fold02,0,0,17
no_conv,NoConv,tp21_L5_p0p13,timepoint_mask,5.0,0.13,run2,fold02,0,1,6
no_conv,NoConv,tp21_L5_p0p13,timepoint_mask,5.0,0.13,run2,fold02,0,2,3
no_conv,NoConv,tp21_L5_p0p13,timepoint_mask,5.0,0.13,run2,fold02,1,0,9
no_conv,NoConv,tp21_L5_p0p13,timepoint_mask,5.0,0.13,run2,fold02,1,1,12
no_conv,NoConv,tp21_L5_p0p13,timepoint_mask,5.0,0.13,run2,fold02,1,2,10
no_conv,NoConv,tp21_L5_p0p13,timepoint_mask,5.0,0.13,run2,fold02,2,0,3
no_conv,NoConv,tp21_L5_p0p13,timepoint_mask,5.0,0.13,run2,fold02,2,1,1
no_conv,NoConv,tp21_L5_p0p13,timepoint_mask,5.0,0.13,run2,fold02,2,2,10
no_conv,NoConv,tp21_L5_p0p13,timepoint_mask,5.0,0.13,run2,fold03,0,0,21
no_conv,NoConv,tp21_L5_p0p13,timepoint_mask,5.0,0.13,run2,fold03,0,1,4
no_conv,NoConv,tp21_L5_p0p13,timepoint_mask,5.0,0.13,run2,fold03,0,2,1
no_conv,NoConv,tp21_L5_p0p13,timepoint_mask,5.0,0.13,run2,fold03,1,0,13
no_conv,NoConv,tp21_L5_p0p13,timepoint_mask,5.0,0.13,run2,fold03,1,1,14
no_conv,NoConv,tp21_L5_p0p13,timepoint_mask,5.0,0.13,run2,fold03,1,2,4
no_conv,NoConv,tp21_L5_p0p13,timepoint_mask,5.0,0.13,run2,fold03,2,0,8
no_conv,NoConv,tp21_L5_p0p13,timepoint_mask,5.0,0.13,run2,fold03,2,1,2
no_conv,NoConv,tp21_L5_p0p13,timepoint_mask,5.0,0.13,run2,fold03,2,2,4
no_conv,NoConv,tp21_L5_p0p13,timepoint_mask,5.0,0.13,run2,oof_pooled,0,0,53
no_conv,NoConv,tp21_L5_p0p13,timepoint_mask,5.0,0.13,run2,oof_pooled,0,1,16
no_conv,NoConv,tp21_L5_p0p13,timepoint_mask,5.0,0.13,run2,oof_pooled,0,2,10
no_conv,NoConv,tp21_L5_p0p13,timepoint_mask,5.0,0.13,run2,oof_pooled,1,0,30
no_conv,NoConv,tp21_L5_p0p13,timepoint_mask,5.0,0.13,run2,oof_pooled,1,1,42
no_conv,NoConv,tp21_L5_p0p13,timepoint_mask,5.0,0.13,run2,oof_pooled,1,2,21
no_conv,NoConv,tp21_L5_p0p13,timepoint_mask,5.0,0.13,run2,oof_pooled,2,0,15
no_conv,NoConv,tp21_L5_p0p13,timepoint_mask,5.0,0.13,run2,oof_pooled,2,1,4
no_conv,NoConv,tp21_L5_p0p13,timepoint_mask,5.0,0.13,run2,oof_pooled,2,2,23
no_conv,NoConv,tp22_L5_p0p33,timepoint_mask,5.0,0.33,run1,fold01,0,0,109
no_conv,NoConv,tp22_L5_p0p33,timepoint_mask,5.0,0.33,run1,fold01,0,1,24
no_conv,NoConv,tp22_L5_p0p33,timepoint_mask,5.0,0.33,run1,fold01,0,2,1
no_conv,NoConv,tp22_L5_p0p33,timepoint_mask,5.0,0.33,run1,fold01,1,0,29
no_conv,NoConv,tp22_L5_p0p33,timepoint_mask,5.0,0.33,run1,fold01,1,1,116
no_conv,NoConv,tp22_L5_p0p33,timepoint_mask,5.0,0.33,run1,fold01,1,2,7
no_conv,NoConv,tp22_L5_p0p33,timepoint_mask,5.0,0.33,run1,fold01,2,0,5
no_conv,NoConv,tp22_L5_p0p33,timepoint_mask,5.0,0.33,run1,fold01,2,1,6
no_conv,NoConv,tp22_L5_p0p33,timepoint_mask,5.0,0.33,run1,fold01,2,2,30
no_conv,NoConv,tp22_L5_p0p33,timepoint_mask,5.0,0.33,run1,fold02,0,0,110
no_conv,NoConv,tp22_L5_p0p33,timepoint_mask,5.0,0.33,run1,fold02,0,1,22
no_conv,NoConv,tp22_L5_p0p33,timepoint_mask,5.0,0.33,run1,fold02,0,2,2
no_conv,NoConv,tp22_L5_p0p33,timepoint_mask,5.0,0.33,run1,fold02,1,0,24
no_conv,NoConv,tp22_L5_p0p33,timepoint_mask,5.0,0.33,run1,fold02,1,1,119
no_conv,NoConv,tp22_L5_p0p33,timepoint_mask,5.0,0.33,run1,fold02,1,2,9
no_conv,NoConv,tp22_L5_p0p33,timepoint_mask,5.0,0.33,run1,fold02,2,0,4
no_conv,NoConv,tp22_L5_p0p33,timepoint_mask,5.0,0.33,run1,fold02,2,1,6
no_conv,NoConv,tp22_L5_p0p33,timepoint_mask,5.0,0.33,run1,fold02,2,2,30
no_conv,NoConv,tp22_L5_p0p33,timepoint_mask,5.0,0.33,run1,fold03,0,0,108
no_conv,NoConv,tp22_L5_p0p33,timepoint_mask,5.0,0.33,run1,fold03,0,1,18
no_conv,NoConv,tp22_L5_p0p33,timepoint_mask,5.0,0.33,run1,fold03,0,2,8
no_conv,NoConv,tp22_L5_p0p33,timepoint_mask,5.0,0.33,run1,fold03,1,0,31
no_conv,NoConv,tp22_L5_p0p33,timepoint_mask,5.0,0.33,run1,fold03,1,1,105
no_conv,NoConv,tp22_L5_p0p33,timepoint_mask,5.0,0.33,run1,fold03,1,2,16
no_conv,NoConv,tp22_L5_p0p33,timepoint_mask,5.0,0.33,run1,fold03,2,0,0
no_conv,NoConv,tp22_L5_p0p33,timepoint_mask,5.0,0.33,run1,fold03,2,1,5
no_conv,NoConv,tp22_L5_p0p33,timepoint_mask,5.0,0.33,run1,fold03,2,2,35
no_conv,NoConv,tp22_L5_p0p33,timepoint_mask,5.0,0.33,run1,oof_pooled,0,0,327
no_conv,NoConv,tp22_L5_p0p33,timepoint_mask,5.0,0.33,run1,oof_pooled,0,1,64
no_conv,NoConv,tp22_L5_p0p33,timepoint_mask,5.0,0.33,run1,oof_pooled,0,2,11
no_conv,NoConv,tp22_L5_p0p33,timepoint_mask,5.0,0.33,run1,oof_pooled,1,0,84
no_conv,NoConv,tp22_L5_p0p33,timepoint_mask,5.0,0.33,run1,oof_pooled,1,1,340
no_conv,NoConv,tp22_L5_p0p33,timepoint_mask,5.0,0.33,run1,oof_pooled,1,2,32
no_conv,NoConv,tp22_L5_p0p33,timepoint_mask,5.0,0.33,run1,oof_pooled,2,0,9
no_conv,NoConv,tp22_L5_p0p33,timepoint_mask,5.0,0.33,run1,oof_pooled,2,1,17
no_conv,NoConv,tp22_L5_p0p33,timepoint_mask,5.0,0.33,run1,oof_pooled,2,2,95
no_conv,NoConv,tp22_L5_p0p33,timepoint_mask,5.0,0.33,run2,fold01,0,0,15
no_conv,NoConv,tp22_L5_p0p33,timepoint_mask,5.0,0.33,run2,fold01,0,1,6
no_conv,NoConv,tp22_L5_p0p33,timepoint_mask,5.0,0.33,run2,fold01,0,2,6
no_conv,NoConv,tp22_L5_p0p33,timepoint_mask,5.0,0.33,run2,fold01,1,0,8
no_conv,NoConv,tp22_L5_p0p33,timepoint_mask,5.0,0.33,run2,fold01,1,1,16
no_conv,NoConv,tp22_L5_p0p33,timepoint_mask,5.0,0.33,run2,fold01,1,2,7
no_conv,NoConv,tp22_L5_p0p33,timepoint_mask,5.0,0.33,run2,fold01,2,0,4
no_conv,NoConv,tp22_L5_p0p33,timepoint_mask,5.0,0.33,run2,fold01,2,1,2
no_conv,NoConv,tp22_L5_p0p33,timepoint_mask,5.0,0.33,run2,fold01,2,2,8
no_conv,NoConv,tp22_L5_p0p33,timepoint_mask,5.0,0.33,run2,fold02,0,0,17
no_conv,NoConv,tp22_L5_p0p33,timepoint_mask,5.0,0.33,run2,fold02,0,1,6
no_conv,NoConv,tp22_L5_p0p33,timepoint_mask,5.0,0.33,run2,fold02,0,2,3
no_conv,NoConv,tp22_L5_p0p33,timepoint_mask,5.0,0.33,run2,fold02,1,0,9
no_conv,NoConv,tp22_L5_p0p33,timepoint_mask,5.0,0.33,run2,fold02,1,1,12
no_conv,NoConv,tp22_L5_p0p33,timepoint_mask,5.0,0.33,run2,fold02,1,2,10
no_conv,NoConv,tp22_L5_p0p33,timepoint_mask,5.0,0.33,run2,fold02,2,0,3
no_conv,NoConv,tp22_L5_p0p33,timepoint_mask,5.0,0.33,run2,fold02,2,1,2
no_conv,NoConv,tp22_L5_p0p33,timepoint_mask,5.0,0.33,run2,fold02,2,2,9
no_conv,NoConv,tp22_L5_p0p33,timepoint_mask,5.0,0.33,run2,fold03,0,0,21
no_conv,NoConv,tp22_L5_p0p33,timepoint_mask,5.0,0.33,run2,fold03,0,1,4
no_conv,NoConv,tp22_L5_p0p33,timepoint_mask,5.0,0.33,run2,fold03,0,2,1
no_conv,NoConv,tp22_L5_p0p33,timepoint_mask,5.0,0.33,run2,fold03,1,0,13
no_conv,NoConv,tp22_L5_p0p33,timepoint_mask,5.0,0.33,run2,fold03,1,1,14
no_conv,NoConv,tp22_L5_p0p33,timepoint_mask,5.0,0.33,run2,fold03,1,2,4
no_conv,NoConv,tp22_L5_p0p33,timepoint_mask,5.0,0.33,run2,fold03,2,0,7
no_conv,NoConv,tp22_L5_p0p33,timepoint_mask,5.0,0.33,run2,fold03,2,1,3
no_conv,NoConv,tp22_L5_p0p33,timepoint_mask,5.0,0.33,run2,fold03,2,2,4
no_conv,NoConv,tp22_L5_p0p33,timepoint_mask,5.0,0.33,run2,oof_pooled,0,0,53
no_conv,NoConv,tp22_L5_p0p33,timepoint_mask,5.0,0.33,run2,oof_pooled,0,1,16
no_conv,NoConv,tp22_L5_p0p33,timepoint_mask,5.0,0.33,run2,oof_pooled,0,2,10
no_conv,NoConv,tp22_L5_p0p33,timepoint_mask,5.0,0.33,run2,oof_pooled,1,0,30
no_conv,NoConv,tp22_L5_p0p33,timepoint_mask,5.0,0.33,run2,oof_pooled,1,1,42
no_conv,NoConv,tp22_L5_p0p33,timepoint_mask,5.0,0.33,run2,oof_pooled,1,2,21
no_conv,NoConv,tp22_L5_p0p33,timepoint_mask,5.0,0.33,run2,oof_pooled,2,0,14
no_conv,NoConv,tp22_L5_p0p33,timepoint_mask,5.0,0.33,run2,oof_pooled,2,1,7
no_conv,NoConv,tp22_L5_p0p33,timepoint_mask,5.0,0.33,run2,oof_pooled,2,2,21
no_conv,NoConv,tp23_L5_p0p35,timepoint_mask,5.0,0.35,run1,fold01,0,0,109
no_conv,NoConv,tp23_L5_p0p35,timepoint_mask,5.0,0.35,run1,fold01,0,1,24
no_conv,NoConv,tp23_L5_p0p35,timepoint_mask,5.0,0.35,run1,fold01,0,2,1
no_conv,NoConv,tp23_L5_p0p35,timepoint_mask,5.0,0.35,run1,fold01,1,0,29
no_conv,NoConv,tp23_L5_p0p35,timepoint_mask,5.0,0.35,run1,fold01,1,1,116
no_conv,NoConv,tp23_L5_p0p35,timepoint_mask,5.0,0.35,run1,fold01,1,2,7
no_conv,NoConv,tp23_L5_p0p35,timepoint_mask,5.0,0.35,run1,fold01,2,0,5
no_conv,NoConv,tp23_L5_p0p35,timepoint_mask,5.0,0.35,run1,fold01,2,1,6
no_conv,NoConv,tp23_L5_p0p35,timepoint_mask,5.0,0.35,run1,fold01,2,2,30
no_conv,NoConv,tp23_L5_p0p35,timepoint_mask,5.0,0.35,run1,fold02,0,0,110
no_conv,NoConv,tp23_L5_p0p35,timepoint_mask,5.0,0.35,run1,fold02,0,1,22
no_conv,NoConv,tp23_L5_p0p35,timepoint_mask,5.0,0.35,run1,fold02,0,2,2
no_conv,NoConv,tp23_L5_p0p35,timepoint_mask,5.0,0.35,run1,fold02,1,0,24
no_conv,NoConv,tp23_L5_p0p35,timepoint_mask,5.0,0.35,run1,fold02,1,1,118
no_conv,NoConv,tp23_L5_p0p35,timepoint_mask,5.0,0.35,run1,fold02,1,2,10
no_conv,NoConv,tp23_L5_p0p35,timepoint_mask,5.0,0.35,run1,fold02,2,0,4
no_conv,NoConv,tp23_L5_p0p35,timepoint_mask,5.0,0.35,run1,fold02,2,1,6
no_conv,NoConv,tp23_L5_p0p35,timepoint_mask,5.0,0.35,run1,fold02,2,2,30
no_conv,NoConv,tp23_L5_p0p35,timepoint_mask,5.0,0.35,run1,fold03,0,0,108
no_conv,NoConv,tp23_L5_p0p35,timepoint_mask,5.0,0.35,run1,fold03,0,1,18
no_conv,NoConv,tp23_L5_p0p35,timepoint_mask,5.0,0.35,run1,fold03,0,2,8
no_conv,NoConv,tp23_L5_p0p35,timepoint_mask,5.0,0.35,run1,fold03,1,0,31
no_conv,NoConv,tp23_L5_p0p35,timepoint_mask,5.0,0.35,run1,fold03,1,1,105
no_conv,NoConv,tp23_L5_p0p35,timepoint_mask,5.0,0.35,run1,fold03,1,2,16
no_conv,NoConv,tp23_L5_p0p35,timepoint_mask,5.0,0.35,run1,fold03,2,0,0
no_conv,NoConv,tp23_L5_p0p35,timepoint_mask,5.0,0.35,run1,fold03,2,1,5
no_conv,NoConv,tp23_L5_p0p35,timepoint_mask,5.0,0.35,run1,fold03,2,2,35
no_conv,NoConv,tp23_L5_p0p35,timepoint_mask,5.0,0.35,run1,oof_pooled,0,0,327
no_conv,NoConv,tp23_L5_p0p35,timepoint_mask,5.0,0.35,run1,oof_pooled,0,1,64
no_conv,NoConv,tp23_L5_p0p35,timepoint_mask,5.0,0.35,run1,oof_pooled,0,2,11
no_conv,NoConv,tp23_L5_p0p35,timepoint_mask,5.0,0.35,run1,oof_pooled,1,0,84
no_conv,NoConv,tp23_L5_p0p35,timepoint_mask,5.0,0.35,run1,oof_pooled,1,1,339
no_conv,NoConv,tp23_L5_p0p35,timepoint_mask,5.0,0.35,run1,oof_pooled,1,2,33
no_conv,NoConv,tp23_L5_p0p35,timepoint_mask,5.0,0.35,run1,oof_pooled,2,0,9
no_conv,NoConv,tp23_L5_p0p35,timepoint_mask,5.0,0.35,run1,oof_pooled,2,1,17
no_conv,NoConv,tp23_L5_p0p35,timepoint_mask,5.0,0.35,run1,oof_pooled,2,2,95
no_conv,NoConv,tp23_L5_p0p35,timepoint_mask,5.0,0.35,run2,fold01,0,0,15
no_conv,NoConv,tp23_L5_p0p35,timepoint_mask,5.0,0.35,run2,fold01,0,1,6
no_conv,NoConv,tp23_L5_p0p35,timepoint_mask,5.0,0.35,run2,fold01,0,2,6
no_conv,NoConv,tp23_L5_p0p35,timepoint_mask,5.0,0.35,run2,fold01,1,0,8
no_conv,NoConv,tp23_L5_p0p35,timepoint_mask,5.0,0.35,run2,fold01,1,1,16
no_conv,NoConv,tp23_L5_p0p35,timepoint_mask,5.0,0.35,run2,fold01,1,2,7
no_conv,NoConv,tp23_L5_p0p35,timepoint_mask,5.0,0.35,run2,fold01,2,0,4
no_conv,NoConv,tp23_L5_p0p35,timepoint_mask,5.0,0.35,run2,fold01,2,1,2
no_conv,NoConv,tp23_L5_p0p35,timepoint_mask,5.0,0.35,run2,fold01,2,2,8
no_conv,NoConv,tp23_L5_p0p35,timepoint_mask,5.0,0.35,run2,fold02,0,0,17
no_conv,NoConv,tp23_L5_p0p35,timepoint_mask,5.0,0.35,run2,fold02,0,1,6
no_conv,NoConv,tp23_L5_p0p35,timepoint_mask,5.0,0.35,run2,fold02,0,2,3
no_conv,NoConv,tp23_L5_p0p35,timepoint_mask,5.0,0.35,run2,fold02,1,0,9
no_conv,NoConv,tp23_L5_p0p35,timepoint_mask,5.0,0.35,run2,fold02,1,1,12
no_conv,NoConv,tp23_L5_p0p35,timepoint_mask,5.0,0.35,run2,fold02,1,2,10
no_conv,NoConv,tp23_L5_p0p35,timepoint_mask,5.0,0.35,run2,fold02,2,0,3
no_conv,NoConv,tp23_L5_p0p35,timepoint_mask,5.0,0.35,run2,fold02,2,1,2
no_conv,NoConv,tp23_L5_p0p35,timepoint_mask,5.0,0.35,run2,fold02,2,2,9
no_conv,NoConv,tp23_L5_p0p35,timepoint_mask,5.0,0.35,run2,fold03,0,0,21
no_conv,NoConv,tp23_L5_p0p35,timepoint_mask,5.0,0.35,run2,fold03,0,1,4
no_conv,NoConv,tp23_L5_p0p35,timepoint_mask,5.0,0.35,run2,fold03,0,2,1
no_conv,NoConv,tp23_L5_p0p35,timepoint_mask,5.0,0.35,run2,fold03,1,0,13
no_conv,NoConv,tp23_L5_p0p35,timepoint_mask,5.0,0.35,run2,fold03,1,1,14
no_conv,NoConv,tp23_L5_p0p35,timepoint_mask,5.0,0.35,run2,fold03,1,2,4
no_conv,NoConv,tp23_L5_p0p35,timepoint_mask,5.0,0.35,run2,fold03,2,0,7
no_conv,NoConv,tp23_L5_p0p35,timepoint_mask,5.0,0.35,run2,fold03,2,1,3
no_conv,NoConv,tp23_L5_p0p35,timepoint_mask,5.0,0.35,run2,fold03,2,2,4
no_conv,NoConv,tp23_L5_p0p35,timepoint_mask,5.0,0.35,run2,oof_pooled,0,0,53
no_conv,NoConv,tp23_L5_p0p35,timepoint_mask,5.0,0.35,run2,oof_pooled,0,1,16
no_conv,NoConv,tp23_L5_p0p35,timepoint_mask,5.0,0.35,run2,oof_pooled,0,2,10
no_conv,NoConv,tp23_L5_p0p35,timepoint_mask,5.0,0.35,run2,oof_pooled,1,0,30
no_conv,NoConv,tp23_L5_p0p35,timepoint_mask,5.0,0.35,run2,oof_pooled,1,1,42
no_conv,NoConv,tp23_L5_p0p35,timepoint_mask,5.0,0.35,run2,oof_pooled,1,2,21
no_conv,NoConv,tp23_L5_p0p35,timepoint_mask,5.0,0.35,run2,oof_pooled,2,0,14
no_conv,NoConv,tp23_L5_p0p35,timepoint_mask,5.0,0.35,run2,oof_pooled,2,1,7
no_conv,NoConv,tp23_L5_p0p35,timepoint_mask,5.0,0.35,run2,oof_pooled,2,2,21
no_conv,NoConv,tp24_L5_p0p70,timepoint_mask,5.0,0.7,run1,fold01,0,0,109
no_conv,NoConv,tp24_L5_p0p70,timepoint_mask,5.0,0.7,run1,fold01,0,1,24
no_conv,NoConv,tp24_L5_p0p70,timepoint_mask,5.0,0.7,run1,fold01,0,2,1
no_conv,NoConv,tp24_L5_p0p70,timepoint_mask,5.0,0.7,run1,fold01,1,0,31
no_conv,NoConv,tp24_L5_p0p70,timepoint_mask,5.0,0.7,run1,fold01,1,1,115
no_conv,NoConv,tp24_L5_p0p70,timepoint_mask,5.0,0.7,run1,fold01,1,2,6
no_conv,NoConv,tp24_L5_p0p70,timepoint_mask,5.0,0.7,run1,fold01,2,0,5
no_conv,NoConv,tp24_L5_p0p70,timepoint_mask,5.0,0.7,run1,fold01,2,1,6
no_conv,NoConv,tp24_L5_p0p70,timepoint_mask,5.0,0.7,run1,fold01,2,2,30
no_conv,NoConv,tp24_L5_p0p70,timepoint_mask,5.0,0.7,run1,fold02,0,0,110
no_conv,NoConv,tp24_L5_p0p70,timepoint_mask,5.0,0.7,run1,fold02,0,1,22
no_conv,NoConv,tp24_L5_p0p70,timepoint_mask,5.0,0.7,run1,fold02,0,2,2
no_conv,NoConv,tp24_L5_p0p70,timepoint_mask,5.0,0.7,run1,fold02,1,0,23
no_conv,NoConv,tp24_L5_p0p70,timepoint_mask,5.0,0.7,run1,fold02,1,1,119
no_conv,NoConv,tp24_L5_p0p70,timepoint_mask,5.0,0.7,run1,fold02,1,2,10
no_conv,NoConv,tp24_L5_p0p70,timepoint_mask,5.0,0.7,run1,fold02,2,0,4
no_conv,NoConv,tp24_L5_p0p70,timepoint_mask,5.0,0.7,run1,fold02,2,1,6
no_conv,NoConv,tp24_L5_p0p70,timepoint_mask,5.0,0.7,run1,fold02,2,2,30
no_conv,NoConv,tp24_L5_p0p70,timepoint_mask,5.0,0.7,run1,fold03,0,0,108
no_conv,NoConv,tp24_L5_p0p70,timepoint_mask,5.0,0.7,run1,fold03,0,1,18
no_conv,NoConv,tp24_L5_p0p70,timepoint_mask,5.0,0.7,run1,fold03,0,2,8
no_conv,NoConv,tp24_L5_p0p70,timepoint_mask,5.0,0.7,run1,fold03,1,0,34
no_conv,NoConv,tp24_L5_p0p70,timepoint_mask,5.0,0.7,run1,fold03,1,1,104
no_conv,NoConv,tp24_L5_p0p70,timepoint_mask,5.0,0.7,run1,fold03,1,2,14
no_conv,NoConv,tp24_L5_p0p70,timepoint_mask,5.0,0.7,run1,fold03,2,0,0
no_conv,NoConv,tp24_L5_p0p70,timepoint_mask,5.0,0.7,run1,fold03,2,1,5
no_conv,NoConv,tp24_L5_p0p70,timepoint_mask,5.0,0.7,run1,fold03,2,2,35
no_conv,NoConv,tp24_L5_p0p70,timepoint_mask,5.0,0.7,run1,oof_pooled,0,0,327
no_conv,NoConv,tp24_L5_p0p70,timepoint_mask,5.0,0.7,run1,oof_pooled,0,1,64
no_conv,NoConv,tp24_L5_p0p70,timepoint_mask,5.0,0.7,run1,oof_pooled,0,2,11
no_conv,NoConv,tp24_L5_p0p70,timepoint_mask,5.0,0.7,run1,oof_pooled,1,0,88
no_conv,NoConv,tp24_L5_p0p70,timepoint_mask,5.0,0.7,run1,oof_pooled,1,1,338
no_conv,NoConv,tp24_L5_p0p70,timepoint_mask,5.0,0.7,run1,oof_pooled,1,2,30
no_conv,NoConv,tp24_L5_p0p70,timepoint_mask,5.0,0.7,run1,oof_pooled,2,0,9
no_conv,NoConv,tp24_L5_p0p70,timepoint_mask,5.0,0.7,run1,oof_pooled,2,1,17
no_conv,NoConv,tp24_L5_p0p70,timepoint_mask,5.0,0.7,run1,oof_pooled,2,2,95
no_conv,NoConv,tp24_L5_p0p70,timepoint_mask,5.0,0.7,run2,fold01,0,0,15
no_conv,NoConv,tp24_L5_p0p70,timepoint_mask,5.0,0.7,run2,fold01,0,1,6
no_conv,NoConv,tp24_L5_p0p70,timepoint_mask,5.0,0.7,run2,fold01,0,2,6
no_conv,NoConv,tp24_L5_p0p70,timepoint_mask,5.0,0.7,run2,fold01,1,0,8
no_conv,NoConv,tp24_L5_p0p70,timepoint_mask,5.0,0.7,run2,fold01,1,1,16
no_conv,NoConv,tp24_L5_p0p70,timepoint_mask,5.0,0.7,run2,fold01,1,2,7
no_conv,NoConv,tp24_L5_p0p70,timepoint_mask,5.0,0.7,run2,fold01,2,0,4
no_conv,NoConv,tp24_L5_p0p70,timepoint_mask,5.0,0.7,run2,fold01,2,1,2
no_conv,NoConv,tp24_L5_p0p70,timepoint_mask,5.0,0.7,run2,fold01,2,2,8
no_conv,NoConv,tp24_L5_p0p70,timepoint_mask,5.0,0.7,run2,fold02,0,0,17
no_conv,NoConv,tp24_L5_p0p70,timepoint_mask,5.0,0.7,run2,fold02,0,1,6
no_conv,NoConv,tp24_L5_p0p70,timepoint_mask,5.0,0.7,run2,fold02,0,2,3
no_conv,NoConv,tp24_L5_p0p70,timepoint_mask,5.0,0.7,run2,fold02,1,0,9
no_conv,NoConv,tp24_L5_p0p70,timepoint_mask,5.0,0.7,run2,fold02,1,1,12
no_conv,NoConv,tp24_L5_p0p70,timepoint_mask,5.0,0.7,run2,fold02,1,2,10
no_conv,NoConv,tp24_L5_p0p70,timepoint_mask,5.0,0.7,run2,fold02,2,0,3
no_conv,NoConv,tp24_L5_p0p70,timepoint_mask,5.0,0.7,run2,fold02,2,1,2
no_conv,NoConv,tp24_L5_p0p70,timepoint_mask,5.0,0.7,run2,fold02,2,2,9
no_conv,NoConv,tp24_L5_p0p70,timepoint_mask,5.0,0.7,run2,fold03,0,0,21
no_conv,NoConv,tp24_L5_p0p70,timepoint_mask,5.0,0.7,run2,fold03,0,1,4
no_conv,NoConv,tp24_L5_p0p70,timepoint_mask,5.0,0.7,run2,fold03,0,2,1
no_conv,NoConv,tp24_L5_p0p70,timepoint_mask,5.0,0.7,run2,fold03,1,0,13
no_conv,NoConv,tp24_L5_p0p70,timepoint_mask,5.0,0.7,run2,fold03,1,1,14
no_conv,NoConv,tp24_L5_p0p70,timepoint_mask,5.0,0.7,run2,fold03,1,2,4
no_conv,NoConv,tp24_L5_p0p70,timepoint_mask,5.0,0.7,run2,fold03,2,0,7
no_conv,NoConv,tp24_L5_p0p70,timepoint_mask,5.0,0.7,run2,fold03,2,1,4
no_conv,NoConv,tp24_L5_p0p70,timepoint_mask,5.0,0.7,run2,fold03,2,2,3
no_conv,NoConv,tp24_L5_p0p70,timepoint_mask,5.0,0.7,run2,oof_pooled,0,0,53
no_conv,NoConv,tp24_L5_p0p70,timepoint_mask,5.0,0.7,run2,oof_pooled,0,1,16
no_conv,NoConv,tp24_L5_p0p70,timepoint_mask,5.0,0.7,run2,oof_pooled,0,2,10
no_conv,NoConv,tp24_L5_p0p70,timepoint_mask,5.0,0.7,run2,oof_pooled,1,0,30
no_conv,NoConv,tp24_L5_p0p70,timepoint_mask,5.0,0.7,run2,oof_pooled,1,1,42
no_conv,NoConv,tp24_L5_p0p70,timepoint_mask,5.0,0.7,run2,oof_pooled,1,2,21
no_conv,NoConv,tp24_L5_p0p70,timepoint_mask,5.0,0.7,run2,oof_pooled,2,0,14
no_conv,NoConv,tp24_L5_p0p70,timepoint_mask,5.0,0.7,run2,oof_pooled,2,1,8
no_conv,NoConv,tp24_L5_p0p70,timepoint_mask,5.0,0.7,run2,oof_pooled,2,2,20
no_lstm,NoLSTM,clean,clean,,,run1,fold01,0,0,102
no_lstm,NoLSTM,clean,clean,,,run1,fold01,0,1,30
no_lstm,NoLSTM,clean,clean,,,run1,fold01,0,2,2
no_lstm,NoLSTM,clean,clean,,,run1,fold01,1,0,31
no_lstm,NoLSTM,clean,clean,,,run1,fold01,1,1,117
no_lstm,NoLSTM,clean,clean,,,run1,fold01,1,2,4
no_lstm,NoLSTM,clean,clean,,,run1,fold01,2,0,4
no_lstm,NoLSTM,clean,clean,,,run1,fold01,2,1,10
no_lstm,NoLSTM,clean,clean,,,run1,fold01,2,2,27
no_lstm,NoLSTM,clean,clean,,,run1,fold02,0,0,101
no_lstm,NoLSTM,clean,clean,,,run1,fold02,0,1,30
no_lstm,NoLSTM,clean,clean,,,run1,fold02,0,2,3
no_lstm,NoLSTM,clean,clean,,,run1,fold02,1,0,31
no_lstm,NoLSTM,clean,clean,,,run1,fold02,1,1,113
no_lstm,NoLSTM,clean,clean,,,run1,fold02,1,2,8
no_lstm,NoLSTM,clean,clean,,,run1,fold02,2,0,5
no_lstm,NoLSTM,clean,clean,,,run1,fold02,2,1,7
no_lstm,NoLSTM,clean,clean,,,run1,fold02,2,2,28
no_lstm,NoLSTM,clean,clean,,,run1,fold03,0,0,104
no_lstm,NoLSTM,clean,clean,,,run1,fold03,0,1,23
no_lstm,NoLSTM,clean,clean,,,run1,fold03,0,2,7
no_lstm,NoLSTM,clean,clean,,,run1,fold03,1,0,25
no_lstm,NoLSTM,clean,clean,,,run1,fold03,1,1,120
no_lstm,NoLSTM,clean,clean,,,run1,fold03,1,2,7
no_lstm,NoLSTM,clean,clean,,,run1,fold03,2,0,3
no_lstm,NoLSTM,clean,clean,,,run1,fold03,2,1,7
no_lstm,NoLSTM,clean,clean,,,run1,fold03,2,2,30
no_lstm,NoLSTM,clean,clean,,,run1,oof_pooled,0,0,307
no_lstm,NoLSTM,clean,clean,,,run1,oof_pooled,0,1,83
no_lstm,NoLSTM,clean,clean,,,run1,oof_pooled,0,2,12
no_lstm,NoLSTM,clean,clean,,,run1,oof_pooled,1,0,87
no_lstm,NoLSTM,clean,clean,,,run1,oof_pooled,1,1,350
no_lstm,NoLSTM,clean,clean,,,run1,oof_pooled,1,2,19
no_lstm,NoLSTM,clean,clean,,,run1,oof_pooled,2,0,12
no_lstm,NoLSTM,clean,clean,,,run1,oof_pooled,2,1,24
no_lstm,NoLSTM,clean,clean,,,run1,oof_pooled,2,2,85
no_lstm,NoLSTM,clean,clean,,,run2,fold01,0,0,16
no_lstm,NoLSTM,clean,clean,,,run2,fold01,0,1,6
no_lstm,NoLSTM,clean,clean,,,run2,fold01,0,2,5
no_lstm,NoLSTM,clean,clean,,,run2,fold01,1,0,2
no_lstm,NoLSTM,clean,clean,,,run2,fold01,1,1,21
no_lstm,NoLSTM,clean,clean,,,run2,fold01,1,2,8
no_lstm,NoLSTM,clean,clean,,,run2,fold01,2,0,0
no_lstm,NoLSTM,clean,clean,,,run2,fold01,2,1,5
no_lstm,NoLSTM,clean,clean,,,run2,fold01,2,2,9
no_lstm,NoLSTM,clean,clean,,,run2,fold02,0,0,14
no_lstm,NoLSTM,clean,clean,,,run2,fold02,0,1,11
no_lstm,NoLSTM,clean,clean,,,run2,fold02,0,2,1
no_lstm,NoLSTM,clean,clean,,,run2,fold02,1,0,9
no_lstm,NoLSTM,clean,clean,,,run2,fold02,1,1,20
no_lstm,NoLSTM,clean,clean,,,run2,fold02,1,2,2
no_lstm,NoLSTM,clean,clean,,,run2,fold02,2,0,2
no_lstm,NoLSTM,clean,clean,,,run2,fold02,2,1,6
no_lstm,NoLSTM,clean,clean,,,run2,fold02,2,2,6
no_lstm,NoLSTM,clean,clean,,,run2,fold03,0,0,20
no_lstm,NoLSTM,clean,clean,,,run2,fold03,0,1,4
no_lstm,NoLSTM,clean,clean,,,run2,fold03,0,2,2
no_lstm,NoLSTM,clean,clean,,,run2,fold03,1,0,4
no_lstm,NoLSTM,clean,clean,,,run2,fold03,1,1,22
no_lstm,NoLSTM,clean,clean,,,run2,fold03,1,2,5
no_lstm,NoLSTM,clean,clean,,,run2,fold03,2,0,6
no_lstm,NoLSTM,clean,clean,,,run2,fold03,2,1,2
no_lstm,NoLSTM,clean,clean,,,run2,fold03,2,2,6
no_lstm,NoLSTM,clean,clean,,,run2,oof_pooled,0,0,50
no_lstm,NoLSTM,clean,clean,,,run2,oof_pooled,0,1,21
no_lstm,NoLSTM,clean,clean,,,run2,oof_pooled,0,2,8
no_lstm,NoLSTM,clean,clean,,,run2,oof_pooled,1,0,15
no_lstm,NoLSTM,clean,clean,,,run2,oof_pooled,1,1,63
no_lstm,NoLSTM,clean,clean,,,run2,oof_pooled,1,2,15
no_lstm,NoLSTM,clean,clean,,,run2,oof_pooled,2,0,8
no_lstm,NoLSTM,clean,clean,,,run2,oof_pooled,2,1,13
no_lstm,NoLSTM,clean,clean,,,run2,oof_pooled,2,2,21
no_lstm,NoLSTM,tp01_L1_m0p69,timepoint_mask,1.0,-0.69,run1,fold01,0,0,102
no_lstm,NoLSTM,tp01_L1_m0p69,timepoint_mask,1.0,-0.69,run1,fold01,0,1,30
no_lstm,NoLSTM,tp01_L1_m0p69,timepoint_mask,1.0,-0.69,run1,fold01,0,2,2
no_lstm,NoLSTM,tp01_L1_m0p69,timepoint_mask,1.0,-0.69,run1,fold01,1,0,30
no_lstm,NoLSTM,tp01_L1_m0p69,timepoint_mask,1.0,-0.69,run1,fold01,1,1,117
no_lstm,NoLSTM,tp01_L1_m0p69,timepoint_mask,1.0,-0.69,run1,fold01,1,2,5
no_lstm,NoLSTM,tp01_L1_m0p69,timepoint_mask,1.0,-0.69,run1,fold01,2,0,4
no_lstm,NoLSTM,tp01_L1_m0p69,timepoint_mask,1.0,-0.69,run1,fold01,2,1,10
no_lstm,NoLSTM,tp01_L1_m0p69,timepoint_mask,1.0,-0.69,run1,fold01,2,2,27
no_lstm,NoLSTM,tp01_L1_m0p69,timepoint_mask,1.0,-0.69,run1,fold02,0,0,101
no_lstm,NoLSTM,tp01_L1_m0p69,timepoint_mask,1.0,-0.69,run1,fold02,0,1,30
no_lstm,NoLSTM,tp01_L1_m0p69,timepoint_mask,1.0,-0.69,run1,fold02,0,2,3
no_lstm,NoLSTM,tp01_L1_m0p69,timepoint_mask,1.0,-0.69,run1,fold02,1,0,32
no_lstm,NoLSTM,tp01_L1_m0p69,timepoint_mask,1.0,-0.69,run1,fold02,1,1,112
no_lstm,NoLSTM,tp01_L1_m0p69,timepoint_mask,1.0,-0.69,run1,fold02,1,2,8
no_lstm,NoLSTM,tp01_L1_m0p69,timepoint_mask,1.0,-0.69,run1,fold02,2,0,5
no_lstm,NoLSTM,tp01_L1_m0p69,timepoint_mask,1.0,-0.69,run1,fold02,2,1,7
no_lstm,NoLSTM,tp01_L1_m0p69,timepoint_mask,1.0,-0.69,run1,fold02,2,2,28
no_lstm,NoLSTM,tp01_L1_m0p69,timepoint_mask,1.0,-0.69,run1,fold03,0,0,104
no_lstm,NoLSTM,tp01_L1_m0p69,timepoint_mask,1.0,-0.69,run1,fold03,0,1,23
no_lstm,NoLSTM,tp01_L1_m0p69,timepoint_mask,1.0,-0.69,run1,fold03,0,2,7
no_lstm,NoLSTM,tp01_L1_m0p69,timepoint_mask,1.0,-0.69,run1,fold03,1,0,25
no_lstm,NoLSTM,tp01_L1_m0p69,timepoint_mask,1.0,-0.69,run1,fold03,1,1,120
no_lstm,NoLSTM,tp01_L1_m0p69,timepoint_mask,1.0,-0.69,run1,fold03,1,2,7
no_lstm,NoLSTM,tp01_L1_m0p69,timepoint_mask,1.0,-0.69,run1,fold03,2,0,3
no_lstm,NoLSTM,tp01_L1_m0p69,timepoint_mask,1.0,-0.69,run1,fold03,2,1,7
no_lstm,NoLSTM,tp01_L1_m0p69,timepoint_mask,1.0,-0.69,run1,fold03,2,2,30
no_lstm,NoLSTM,tp01_L1_m0p69,timepoint_mask,1.0,-0.69,run1,oof_pooled,0,0,307
no_lstm,NoLSTM,tp01_L1_m0p69,timepoint_mask,1.0,-0.69,run1,oof_pooled,0,1,83
no_lstm,NoLSTM,tp01_L1_m0p69,timepoint_mask,1.0,-0.69,run1,oof_pooled,0,2,12
no_lstm,NoLSTM,tp01_L1_m0p69,timepoint_mask,1.0,-0.69,run1,oof_pooled,1,0,87
no_lstm,NoLSTM,tp01_L1_m0p69,timepoint_mask,1.0,-0.69,run1,oof_pooled,1,1,349
no_lstm,NoLSTM,tp01_L1_m0p69,timepoint_mask,1.0,-0.69,run1,oof_pooled,1,2,20
no_lstm,NoLSTM,tp01_L1_m0p69,timepoint_mask,1.0,-0.69,run1,oof_pooled,2,0,12
no_lstm,NoLSTM,tp01_L1_m0p69,timepoint_mask,1.0,-0.69,run1,oof_pooled,2,1,24
no_lstm,NoLSTM,tp01_L1_m0p69,timepoint_mask,1.0,-0.69,run1,oof_pooled,2,2,85
no_lstm,NoLSTM,tp01_L1_m0p69,timepoint_mask,1.0,-0.69,run2,fold01,0,0,16
no_lstm,NoLSTM,tp01_L1_m0p69,timepoint_mask,1.0,-0.69,run2,fold01,0,1,5
no_lstm,NoLSTM,tp01_L1_m0p69,timepoint_mask,1.0,-0.69,run2,fold01,0,2,6
no_lstm,NoLSTM,tp01_L1_m0p69,timepoint_mask,1.0,-0.69,run2,fold01,1,0,2
no_lstm,NoLSTM,tp01_L1_m0p69,timepoint_mask,1.0,-0.69,run2,fold01,1,1,21
no_lstm,NoLSTM,tp01_L1_m0p69,timepoint_mask,1.0,-0.69,run2,fold01,1,2,8
no_lstm,NoLSTM,tp01_L1_m0p69,timepoint_mask,1.0,-0.69,run2,fold01,2,0,0
no_lstm,NoLSTM,tp01_L1_m0p69,timepoint_mask,1.0,-0.69,run2,fold01,2,1,5
no_lstm,NoLSTM,tp01_L1_m0p69,timepoint_mask,1.0,-0.69,run2,fold01,2,2,9
no_lstm,NoLSTM,tp01_L1_m0p69,timepoint_mask,1.0,-0.69,run2,fold02,0,0,14
no_lstm,NoLSTM,tp01_L1_m0p69,timepoint_mask,1.0,-0.69,run2,fold02,0,1,11
no_lstm,NoLSTM,tp01_L1_m0p69,timepoint_mask,1.0,-0.69,run2,fold02,0,2,1
no_lstm,NoLSTM,tp01_L1_m0p69,timepoint_mask,1.0,-0.69,run2,fold02,1,0,9
no_lstm,NoLSTM,tp01_L1_m0p69,timepoint_mask,1.0,-0.69,run2,fold02,1,1,20
no_lstm,NoLSTM,tp01_L1_m0p69,timepoint_mask,1.0,-0.69,run2,fold02,1,2,2
no_lstm,NoLSTM,tp01_L1_m0p69,timepoint_mask,1.0,-0.69,run2,fold02,2,0,2
no_lstm,NoLSTM,tp01_L1_m0p69,timepoint_mask,1.0,-0.69,run2,fold02,2,1,7
no_lstm,NoLSTM,tp01_L1_m0p69,timepoint_mask,1.0,-0.69,run2,fold02,2,2,5
no_lstm,NoLSTM,tp01_L1_m0p69,timepoint_mask,1.0,-0.69,run2,fold03,0,0,20
no_lstm,NoLSTM,tp01_L1_m0p69,timepoint_mask,1.0,-0.69,run2,fold03,0,1,4
no_lstm,NoLSTM,tp01_L1_m0p69,timepoint_mask,1.0,-0.69,run2,fold03,0,2,2
no_lstm,NoLSTM,tp01_L1_m0p69,timepoint_mask,1.0,-0.69,run2,fold03,1,0,4
no_lstm,NoLSTM,tp01_L1_m0p69,timepoint_mask,1.0,-0.69,run2,fold03,1,1,21
no_lstm,NoLSTM,tp01_L1_m0p69,timepoint_mask,1.0,-0.69,run2,fold03,1,2,6
no_lstm,NoLSTM,tp01_L1_m0p69,timepoint_mask,1.0,-0.69,run2,fold03,2,0,6
no_lstm,NoLSTM,tp01_L1_m0p69,timepoint_mask,1.0,-0.69,run2,fold03,2,1,2
no_lstm,NoLSTM,tp01_L1_m0p69,timepoint_mask,1.0,-0.69,run2,fold03,2,2,6
no_lstm,NoLSTM,tp01_L1_m0p69,timepoint_mask,1.0,-0.69,run2,oof_pooled,0,0,50
no_lstm,NoLSTM,tp01_L1_m0p69,timepoint_mask,1.0,-0.69,run2,oof_pooled,0,1,20
no_lstm,NoLSTM,tp01_L1_m0p69,timepoint_mask,1.0,-0.69,run2,oof_pooled,0,2,9
no_lstm,NoLSTM,tp01_L1_m0p69,timepoint_mask,1.0,-0.69,run2,oof_pooled,1,0,15
no_lstm,NoLSTM,tp01_L1_m0p69,timepoint_mask,1.0,-0.69,run2,oof_pooled,1,1,62
no_lstm,NoLSTM,tp01_L1_m0p69,timepoint_mask,1.0,-0.69,run2,oof_pooled,1,2,16
no_lstm,NoLSTM,tp01_L1_m0p69,timepoint_mask,1.0,-0.69,run2,oof_pooled,2,0,8
no_lstm,NoLSTM,tp01_L1_m0p69,timepoint_mask,1.0,-0.69,run2,oof_pooled,2,1,14
no_lstm,NoLSTM,tp01_L1_m0p69,timepoint_mask,1.0,-0.69,run2,oof_pooled,2,2,20
no_lstm,NoLSTM,tp02_L1_m0p15,timepoint_mask,1.0,-0.15,run1,fold01,0,0,102
no_lstm,NoLSTM,tp02_L1_m0p15,timepoint_mask,1.0,-0.15,run1,fold01,0,1,30
no_lstm,NoLSTM,tp02_L1_m0p15,timepoint_mask,1.0,-0.15,run1,fold01,0,2,2
no_lstm,NoLSTM,tp02_L1_m0p15,timepoint_mask,1.0,-0.15,run1,fold01,1,0,31
no_lstm,NoLSTM,tp02_L1_m0p15,timepoint_mask,1.0,-0.15,run1,fold01,1,1,117
no_lstm,NoLSTM,tp02_L1_m0p15,timepoint_mask,1.0,-0.15,run1,fold01,1,2,4
no_lstm,NoLSTM,tp02_L1_m0p15,timepoint_mask,1.0,-0.15,run1,fold01,2,0,4
no_lstm,NoLSTM,tp02_L1_m0p15,timepoint_mask,1.0,-0.15,run1,fold01,2,1,10
no_lstm,NoLSTM,tp02_L1_m0p15,timepoint_mask,1.0,-0.15,run1,fold01,2,2,27
no_lstm,NoLSTM,tp02_L1_m0p15,timepoint_mask,1.0,-0.15,run1,fold02,0,0,101
no_lstm,NoLSTM,tp02_L1_m0p15,timepoint_mask,1.0,-0.15,run1,fold02,0,1,30
no_lstm,NoLSTM,tp02_L1_m0p15,timepoint_mask,1.0,-0.15,run1,fold02,0,2,3
no_lstm,NoLSTM,tp02_L1_m0p15,timepoint_mask,1.0,-0.15,run1,fold02,1,0,32
no_lstm,NoLSTM,tp02_L1_m0p15,timepoint_mask,1.0,-0.15,run1,fold02,1,1,112
no_lstm,NoLSTM,tp02_L1_m0p15,timepoint_mask,1.0,-0.15,run1,fold02,1,2,8
no_lstm,NoLSTM,tp02_L1_m0p15,timepoint_mask,1.0,-0.15,run1,fold02,2,0,5
no_lstm,NoLSTM,tp02_L1_m0p15,timepoint_mask,1.0,-0.15,run1,fold02,2,1,7
no_lstm,NoLSTM,tp02_L1_m0p15,timepoint_mask,1.0,-0.15,run1,fold02,2,2,28
no_lstm,NoLSTM,tp02_L1_m0p15,timepoint_mask,1.0,-0.15,run1,fold03,0,0,104
no_lstm,NoLSTM,tp02_L1_m0p15,timepoint_mask,1.0,-0.15,run1,fold03,0,1,23
no_lstm,NoLSTM,tp02_L1_m0p15,timepoint_mask,1.0,-0.15,run1,fold03,0,2,7
no_lstm,NoLSTM,tp02_L1_m0p15,timepoint_mask,1.0,-0.15,run1,fold03,1,0,25
no_lstm,NoLSTM,tp02_L1_m0p15,timepoint_mask,1.0,-0.15,run1,fold03,1,1,120
no_lstm,NoLSTM,tp02_L1_m0p15,timepoint_mask,1.0,-0.15,run1,fold03,1,2,7
no_lstm,NoLSTM,tp02_L1_m0p15,timepoint_mask,1.0,-0.15,run1,fold03,2,0,3
no_lstm,NoLSTM,tp02_L1_m0p15,timepoint_mask,1.0,-0.15,run1,fold03,2,1,7
no_lstm,NoLSTM,tp02_L1_m0p15,timepoint_mask,1.0,-0.15,run1,fold03,2,2,30
no_lstm,NoLSTM,tp02_L1_m0p15,timepoint_mask,1.0,-0.15,run1,oof_pooled,0,0,307
no_lstm,NoLSTM,tp02_L1_m0p15,timepoint_mask,1.0,-0.15,run1,oof_pooled,0,1,83
no_lstm,NoLSTM,tp02_L1_m0p15,timepoint_mask,1.0,-0.15,run1,oof_pooled,0,2,12
no_lstm,NoLSTM,tp02_L1_m0p15,timepoint_mask,1.0,-0.15,run1,oof_pooled,1,0,88
no_lstm,NoLSTM,tp02_L1_m0p15,timepoint_mask,1.0,-0.15,run1,oof_pooled,1,1,349
no_lstm,NoLSTM,tp02_L1_m0p15,timepoint_mask,1.0,-0.15,run1,oof_pooled,1,2,19
no_lstm,NoLSTM,tp02_L1_m0p15,timepoint_mask,1.0,-0.15,run1,oof_pooled,2,0,12
no_lstm,NoLSTM,tp02_L1_m0p15,timepoint_mask,1.0,-0.15,run1,oof_pooled,2,1,24
no_lstm,NoLSTM,tp02_L1_m0p15,timepoint_mask,1.0,-0.15,run1,oof_pooled,2,2,85
no_lstm,NoLSTM,tp02_L1_m0p15,timepoint_mask,1.0,-0.15,run2,fold01,0,0,16
no_lstm,NoLSTM,tp02_L1_m0p15,timepoint_mask,1.0,-0.15,run2,fold01,0,1,6
no_lstm,NoLSTM,tp02_L1_m0p15,timepoint_mask,1.0,-0.15,run2,fold01,0,2,5
no_lstm,NoLSTM,tp02_L1_m0p15,timepoint_mask,1.0,-0.15,run2,fold01,1,0,2
no_lstm,NoLSTM,tp02_L1_m0p15,timepoint_mask,1.0,-0.15,run2,fold01,1,1,21
no_lstm,NoLSTM,tp02_L1_m0p15,timepoint_mask,1.0,-0.15,run2,fold01,1,2,8
no_lstm,NoLSTM,tp02_L1_m0p15,timepoint_mask,1.0,-0.15,run2,fold01,2,0,0
no_lstm,NoLSTM,tp02_L1_m0p15,timepoint_mask,1.0,-0.15,run2,fold01,2,1,5
no_lstm,NoLSTM,tp02_L1_m0p15,timepoint_mask,1.0,-0.15,run2,fold01,2,2,9
no_lstm,NoLSTM,tp02_L1_m0p15,timepoint_mask,1.0,-0.15,run2,fold02,0,0,14
no_lstm,NoLSTM,tp02_L1_m0p15,timepoint_mask,1.0,-0.15,run2,fold02,0,1,11
no_lstm,NoLSTM,tp02_L1_m0p15,timepoint_mask,1.0,-0.15,run2,fold02,0,2,1
no_lstm,NoLSTM,tp02_L1_m0p15,timepoint_mask,1.0,-0.15,run2,fold02,1,0,8
no_lstm,NoLSTM,tp02_L1_m0p15,timepoint_mask,1.0,-0.15,run2,fold02,1,1,21
no_lstm,NoLSTM,tp02_L1_m0p15,timepoint_mask,1.0,-0.15,run2,fold02,1,2,2
no_lstm,NoLSTM,tp02_L1_m0p15,timepoint_mask,1.0,-0.15,run2,fold02,2,0,2
no_lstm,NoLSTM,tp02_L1_m0p15,timepoint_mask,1.0,-0.15,run2,fold02,2,1,7
no_lstm,NoLSTM,tp02_L1_m0p15,timepoint_mask,1.0,-0.15,run2,fold02,2,2,5
no_lstm,NoLSTM,tp02_L1_m0p15,timepoint_mask,1.0,-0.15,run2,fold03,0,0,20
no_lstm,NoLSTM,tp02_L1_m0p15,timepoint_mask,1.0,-0.15,run2,fold03,0,1,4
no_lstm,NoLSTM,tp02_L1_m0p15,timepoint_mask,1.0,-0.15,run2,fold03,0,2,2
no_lstm,NoLSTM,tp02_L1_m0p15,timepoint_mask,1.0,-0.15,run2,fold03,1,0,4
no_lstm,NoLSTM,tp02_L1_m0p15,timepoint_mask,1.0,-0.15,run2,fold03,1,1,22
no_lstm,NoLSTM,tp02_L1_m0p15,timepoint_mask,1.0,-0.15,run2,fold03,1,2,5
no_lstm,NoLSTM,tp02_L1_m0p15,timepoint_mask,1.0,-0.15,run2,fold03,2,0,6
no_lstm,NoLSTM,tp02_L1_m0p15,timepoint_mask,1.0,-0.15,run2,fold03,2,1,2
no_lstm,NoLSTM,tp02_L1_m0p15,timepoint_mask,1.0,-0.15,run2,fold03,2,2,6
no_lstm,NoLSTM,tp02_L1_m0p15,timepoint_mask,1.0,-0.15,run2,oof_pooled,0,0,50
no_lstm,NoLSTM,tp02_L1_m0p15,timepoint_mask,1.0,-0.15,run2,oof_pooled,0,1,21
no_lstm,NoLSTM,tp02_L1_m0p15,timepoint_mask,1.0,-0.15,run2,oof_pooled,0,2,8
no_lstm,NoLSTM,tp02_L1_m0p15,timepoint_mask,1.0,-0.15,run2,oof_pooled,1,0,14
no_lstm,NoLSTM,tp02_L1_m0p15,timepoint_mask,1.0,-0.15,run2,oof_pooled,1,1,64
no_lstm,NoLSTM,tp02_L1_m0p15,timepoint_mask,1.0,-0.15,run2,oof_pooled,1,2,15
no_lstm,NoLSTM,tp02_L1_m0p15,timepoint_mask,1.0,-0.15,run2,oof_pooled,2,0,8
no_lstm,NoLSTM,tp02_L1_m0p15,timepoint_mask,1.0,-0.15,run2,oof_pooled,2,1,14
no_lstm,NoLSTM,tp02_L1_m0p15,timepoint_mask,1.0,-0.15,run2,oof_pooled,2,2,20
no_lstm,NoLSTM,tp03_L2_m0p57,timepoint_mask,2.0,-0.57,run1,fold01,0,0,103
no_lstm,NoLSTM,tp03_L2_m0p57,timepoint_mask,2.0,-0.57,run1,fold01,0,1,29
no_lstm,NoLSTM,tp03_L2_m0p57,timepoint_mask,2.0,-0.57,run1,fold01,0,2,2
no_lstm,NoLSTM,tp03_L2_m0p57,timepoint_mask,2.0,-0.57,run1,fold01,1,0,43
no_lstm,NoLSTM,tp03_L2_m0p57,timepoint_mask,2.0,-0.57,run1,fold01,1,1,97
no_lstm,NoLSTM,tp03_L2_m0p57,timepoint_mask,2.0,-0.57,run1,fold01,1,2,12
no_lstm,NoLSTM,tp03_L2_m0p57,timepoint_mask,2.0,-0.57,run1,fold01,2,0,4
no_lstm,NoLSTM,tp03_L2_m0p57,timepoint_mask,2.0,-0.57,run1,fold01,2,1,10
no_lstm,NoLSTM,tp03_L2_m0p57,timepoint_mask,2.0,-0.57,run1,fold01,2,2,27
no_lstm,NoLSTM,tp03_L2_m0p57,timepoint_mask,2.0,-0.57,run1,fold02,0,0,101
no_lstm,NoLSTM,tp03_L2_m0p57,timepoint_mask,2.0,-0.57,run1,fold02,0,1,30
no_lstm,NoLSTM,tp03_L2_m0p57,timepoint_mask,2.0,-0.57,run1,fold02,0,2,3
no_lstm,NoLSTM,tp03_L2_m0p57,timepoint_mask,2.0,-0.57,run1,fold02,1,0,34
no_lstm,NoLSTM,tp03_L2_m0p57,timepoint_mask,2.0,-0.57,run1,fold02,1,1,108
no_lstm,NoLSTM,tp03_L2_m0p57,timepoint_mask,2.0,-0.57,run1,fold02,1,2,10
no_lstm,NoLSTM,tp03_L2_m0p57,timepoint_mask,2.0,-0.57,run1,fold02,2,0,5
no_lstm,NoLSTM,tp03_L2_m0p57,timepoint_mask,2.0,-0.57,run1,fold02,2,1,7
no_lstm,NoLSTM,tp03_L2_m0p57,timepoint_mask,2.0,-0.57,run1,fold02,2,2,28
no_lstm,NoLSTM,tp03_L2_m0p57,timepoint_mask,2.0,-0.57,run1,fold03,0,0,104
no_lstm,NoLSTM,tp03_L2_m0p57,timepoint_mask,2.0,-0.57,run1,fold03,0,1,23
no_lstm,NoLSTM,tp03_L2_m0p57,timepoint_mask,2.0,-0.57,run1,fold03,0,2,7
no_lstm,NoLSTM,tp03_L2_m0p57,timepoint_mask,2.0,-0.57,run1,fold03,1,0,29
no_lstm,NoLSTM,tp03_L2_m0p57,timepoint_mask,2.0,-0.57,run1,fold03,1,1,113
no_lstm,NoLSTM,tp03_L2_m0p57,timepoint_mask,2.0,-0.57,run1,fold03,1,2,10
no_lstm,NoLSTM,tp03_L2_m0p57,timepoint_mask,2.0,-0.57,run1,fold03,2,0,3
no_lstm,NoLSTM,tp03_L2_m0p57,timepoint_mask,2.0,-0.57,run1,fold03,2,1,7
no_lstm,NoLSTM,tp03_L2_m0p57,timepoint_mask,2.0,-0.57,run1,fold03,2,2,30
no_lstm,NoLSTM,tp03_L2_m0p57,timepoint_mask,2.0,-0.57,run1,oof_pooled,0,0,308
no_lstm,NoLSTM,tp03_L2_m0p57,timepoint_mask,2.0,-0.57,run1,oof_pooled,0,1,82
no_lstm,NoLSTM,tp03_L2_m0p57,timepoint_mask,2.0,-0.57,run1,oof_pooled,0,2,12
no_lstm,NoLSTM,tp03_L2_m0p57,timepoint_mask,2.0,-0.57,run1,oof_pooled,1,0,106
no_lstm,NoLSTM,tp03_L2_m0p57,timepoint_mask,2.0,-0.57,run1,oof_pooled,1,1,318
no_lstm,NoLSTM,tp03_L2_m0p57,timepoint_mask,2.0,-0.57,run1,oof_pooled,1,2,32
no_lstm,NoLSTM,tp03_L2_m0p57,timepoint_mask,2.0,-0.57,run1,oof_pooled,2,0,12
no_lstm,NoLSTM,tp03_L2_m0p57,timepoint_mask,2.0,-0.57,run1,oof_pooled,2,1,24
no_lstm,NoLSTM,tp03_L2_m0p57,timepoint_mask,2.0,-0.57,run1,oof_pooled,2,2,85
no_lstm,NoLSTM,tp03_L2_m0p57,timepoint_mask,2.0,-0.57,run2,fold01,0,0,16
no_lstm,NoLSTM,tp03_L2_m0p57,timepoint_mask,2.0,-0.57,run2,fold01,0,1,6
no_lstm,NoLSTM,tp03_L2_m0p57,timepoint_mask,2.0,-0.57,run2,fold01,0,2,5
no_lstm,NoLSTM,tp03_L2_m0p57,timepoint_mask,2.0,-0.57,run2,fold01,1,0,1
no_lstm,NoLSTM,tp03_L2_m0p57,timepoint_mask,2.0,-0.57,run2,fold01,1,1,21
no_lstm,NoLSTM,tp03_L2_m0p57,timepoint_mask,2.0,-0.57,run2,fold01,1,2,9
no_lstm,NoLSTM,tp03_L2_m0p57,timepoint_mask,2.0,-0.57,run2,fold01,2,0,0
no_lstm,NoLSTM,tp03_L2_m0p57,timepoint_mask,2.0,-0.57,run2,fold01,2,1,5
no_lstm,NoLSTM,tp03_L2_m0p57,timepoint_mask,2.0,-0.57,run2,fold01,2,2,9
no_lstm,NoLSTM,tp03_L2_m0p57,timepoint_mask,2.0,-0.57,run2,fold02,0,0,14
no_lstm,NoLSTM,tp03_L2_m0p57,timepoint_mask,2.0,-0.57,run2,fold02,0,1,11
no_lstm,NoLSTM,tp03_L2_m0p57,timepoint_mask,2.0,-0.57,run2,fold02,0,2,1
no_lstm,NoLSTM,tp03_L2_m0p57,timepoint_mask,2.0,-0.57,run2,fold02,1,0,9
no_lstm,NoLSTM,tp03_L2_m0p57,timepoint_mask,2.0,-0.57,run2,fold02,1,1,20
no_lstm,NoLSTM,tp03_L2_m0p57,timepoint_mask,2.0,-0.57,run2,fold02,1,2,2
no_lstm,NoLSTM,tp03_L2_m0p57,timepoint_mask,2.0,-0.57,run2,fold02,2,0,2
no_lstm,NoLSTM,tp03_L2_m0p57,timepoint_mask,2.0,-0.57,run2,fold02,2,1,7
no_lstm,NoLSTM,tp03_L2_m0p57,timepoint_mask,2.0,-0.57,run2,fold02,2,2,5
no_lstm,NoLSTM,tp03_L2_m0p57,timepoint_mask,2.0,-0.57,run2,fold03,0,0,20
no_lstm,NoLSTM,tp03_L2_m0p57,timepoint_mask,2.0,-0.57,run2,fold03,0,1,4
no_lstm,NoLSTM,tp03_L2_m0p57,timepoint_mask,2.0,-0.57,run2,fold03,0,2,2
no_lstm,NoLSTM,tp03_L2_m0p57,timepoint_mask,2.0,-0.57,run2,fold03,1,0,4
no_lstm,NoLSTM,tp03_L2_m0p57,timepoint_mask,2.0,-0.57,run2,fold03,1,1,22
no_lstm,NoLSTM,tp03_L2_m0p57,timepoint_mask,2.0,-0.57,run2,fold03,1,2,5
no_lstm,NoLSTM,tp03_L2_m0p57,timepoint_mask,2.0,-0.57,run2,fold03,2,0,6
no_lstm,NoLSTM,tp03_L2_m0p57,timepoint_mask,2.0,-0.57,run2,fold03,2,1,2
no_lstm,NoLSTM,tp03_L2_m0p57,timepoint_mask,2.0,-0.57,run2,fold03,2,2,6
no_lstm,NoLSTM,tp03_L2_m0p57,timepoint_mask,2.0,-0.57,run2,oof_pooled,0,0,50
no_lstm,NoLSTM,tp03_L2_m0p57,timepoint_mask,2.0,-0.57,run2,oof_pooled,0,1,21
no_lstm,NoLSTM,tp03_L2_m0p57,timepoint_mask,2.0,-0.57,run2,oof_pooled,0,2,8
no_lstm,NoLSTM,tp03_L2_m0p57,timepoint_mask,2.0,-0.57,run2,oof_pooled,1,0,14
no_lstm,NoLSTM,tp03_L2_m0p57,timepoint_mask,2.0,-0.57,run2,oof_pooled,1,1,63
no_lstm,NoLSTM,tp03_L2_m0p57,timepoint_mask,2.0,-0.57,run2,oof_pooled,1,2,16
no_lstm,NoLSTM,tp03_L2_m0p57,timepoint_mask,2.0,-0.57,run2,oof_pooled,2,0,8
no_lstm,NoLSTM,tp03_L2_m0p57,timepoint_mask,2.0,-0.57,run2,oof_pooled,2,1,14
no_lstm,NoLSTM,tp03_L2_m0p57,timepoint_mask,2.0,-0.57,run2,oof_pooled,2,2,20
no_lstm,NoLSTM,tp04_L2_m0p39,timepoint_mask,2.0,-0.39,run1,fold01,0,0,103
no_lstm,NoLSTM,tp04_L2_m0p39,timepoint_mask,2.0,-0.39,run1,fold01,0,1,29
no_lstm,NoLSTM,tp04_L2_m0p39,timepoint_mask,2.0,-0.39,run1,fold01,0,2,2
no_lstm,NoLSTM,tp04_L2_m0p39,timepoint_mask,2.0,-0.39,run1,fold01,1,0,40
no_lstm,NoLSTM,tp04_L2_m0p39,timepoint_mask,2.0,-0.39,run1,fold01,1,1,100
no_lstm,NoLSTM,tp04_L2_m0p39,timepoint_mask,2.0,-0.39,run1,fold01,1,2,12
no_lstm,NoLSTM,tp04_L2_m0p39,timepoint_mask,2.0,-0.39,run1,fold01,2,0,4
no_lstm,NoLSTM,tp04_L2_m0p39,timepoint_mask,2.0,-0.39,run1,fold01,2,1,10
no_lstm,NoLSTM,tp04_L2_m0p39,timepoint_mask,2.0,-0.39,run1,fold01,2,2,27
no_lstm,NoLSTM,tp04_L2_m0p39,timepoint_mask,2.0,-0.39,run1,fold02,0,0,101
no_lstm,NoLSTM,tp04_L2_m0p39,timepoint_mask,2.0,-0.39,run1,fold02,0,1,30
no_lstm,NoLSTM,tp04_L2_m0p39,timepoint_mask,2.0,-0.39,run1,fold02,0,2,3
no_lstm,NoLSTM,tp04_L2_m0p39,timepoint_mask,2.0,-0.39,run1,fold02,1,0,32
no_lstm,NoLSTM,tp04_L2_m0p39,timepoint_mask,2.0,-0.39,run1,fold02,1,1,110
no_lstm,NoLSTM,tp04_L2_m0p39,timepoint_mask,2.0,-0.39,run1,fold02,1,2,10
no_lstm,NoLSTM,tp04_L2_m0p39,timepoint_mask,2.0,-0.39,run1,fold02,2,0,5
no_lstm,NoLSTM,tp04_L2_m0p39,timepoint_mask,2.0,-0.39,run1,fold02,2,1,7
no_lstm,NoLSTM,tp04_L2_m0p39,timepoint_mask,2.0,-0.39,run1,fold02,2,2,28
no_lstm,NoLSTM,tp04_L2_m0p39,timepoint_mask,2.0,-0.39,run1,fold03,0,0,104
no_lstm,NoLSTM,tp04_L2_m0p39,timepoint_mask,2.0,-0.39,run1,fold03,0,1,23
no_lstm,NoLSTM,tp04_L2_m0p39,timepoint_mask,2.0,-0.39,run1,fold03,0,2,7
no_lstm,NoLSTM,tp04_L2_m0p39,timepoint_mask,2.0,-0.39,run1,fold03,1,0,29
no_lstm,NoLSTM,tp04_L2_m0p39,timepoint_mask,2.0,-0.39,run1,fold03,1,1,114
no_lstm,NoLSTM,tp04_L2_m0p39,timepoint_mask,2.0,-0.39,run1,fold03,1,2,9
no_lstm,NoLSTM,tp04_L2_m0p39,timepoint_mask,2.0,-0.39,run1,fold03,2,0,3
no_lstm,NoLSTM,tp04_L2_m0p39,timepoint_mask,2.0,-0.39,run1,fold03,2,1,7
no_lstm,NoLSTM,tp04_L2_m0p39,timepoint_mask,2.0,-0.39,run1,fold03,2,2,30
no_lstm,NoLSTM,tp04_L2_m0p39,timepoint_mask,2.0,-0.39,run1,oof_pooled,0,0,308
no_lstm,NoLSTM,tp04_L2_m0p39,timepoint_mask,2.0,-0.39,run1,oof_pooled,0,1,82
no_lstm,NoLSTM,tp04_L2_m0p39,timepoint_mask,2.0,-0.39,run1,oof_pooled,0,2,12
no_lstm,NoLSTM,tp04_L2_m0p39,timepoint_mask,2.0,-0.39,run1,oof_pooled,1,0,101
no_lstm,NoLSTM,tp04_L2_m0p39,timepoint_mask,2.0,-0.39,run1,oof_pooled,1,1,324
no_lstm,NoLSTM,tp04_L2_m0p39,timepoint_mask,2.0,-0.39,run1,oof_pooled,1,2,31
no_lstm,NoLSTM,tp04_L2_m0p39,timepoint_mask,2.0,-0.39,run1,oof_pooled,2,0,12
no_lstm,NoLSTM,tp04_L2_m0p39,timepoint_mask,2.0,-0.39,run1,oof_pooled,2,1,24
no_lstm,NoLSTM,tp04_L2_m0p39,timepoint_mask,2.0,-0.39,run1,oof_pooled,2,2,85
no_lstm,NoLSTM,tp04_L2_m0p39,timepoint_mask,2.0,-0.39,run2,fold01,0,0,16
no_lstm,NoLSTM,tp04_L2_m0p39,timepoint_mask,2.0,-0.39,run2,fold01,0,1,6
no_lstm,NoLSTM,tp04_L2_m0p39,timepoint_mask,2.0,-0.39,run2,fold01,0,2,5
no_lstm,NoLSTM,tp04_L2_m0p39,timepoint_mask,2.0,-0.39,run2,fold01,1,0,2
no_lstm,NoLSTM,tp04_L2_m0p39,timepoint_mask,2.0,-0.39,run2,fold01,1,1,21
no_lstm,NoLSTM,tp04_L2_m0p39,timepoint_mask,2.0,-0.39,run2,fold01,1,2,8
no_lstm,NoLSTM,tp04_L2_m0p39,timepoint_mask,2.0,-0.39,run2,fold01,2,0,0
no_lstm,NoLSTM,tp04_L2_m0p39,timepoint_mask,2.0,-0.39,run2,fold01,2,1,5
no_lstm,NoLSTM,tp04_L2_m0p39,timepoint_mask,2.0,-0.39,run2,fold01,2,2,9
no_lstm,NoLSTM,tp04_L2_m0p39,timepoint_mask,2.0,-0.39,run2,fold02,0,0,14
no_lstm,NoLSTM,tp04_L2_m0p39,timepoint_mask,2.0,-0.39,run2,fold02,0,1,11
no_lstm,NoLSTM,tp04_L2_m0p39,timepoint_mask,2.0,-0.39,run2,fold02,0,2,1
no_lstm,NoLSTM,tp04_L2_m0p39,timepoint_mask,2.0,-0.39,run2,fold02,1,0,9
no_lstm,NoLSTM,tp04_L2_m0p39,timepoint_mask,2.0,-0.39,run2,fold02,1,1,20
no_lstm,NoLSTM,tp04_L2_m0p39,timepoint_mask,2.0,-0.39,run2,fold02,1,2,2
no_lstm,NoLSTM,tp04_L2_m0p39,timepoint_mask,2.0,-0.39,run2,fold02,2,0,2
no_lstm,NoLSTM,tp04_L2_m0p39,timepoint_mask,2.0,-0.39,run2,fold02,2,1,6
no_lstm,NoLSTM,tp04_L2_m0p39,timepoint_mask,2.0,-0.39,run2,fold02,2,2,6
no_lstm,NoLSTM,tp04_L2_m0p39,timepoint_mask,2.0,-0.39,run2,fold03,0,0,20
no_lstm,NoLSTM,tp04_L2_m0p39,timepoint_mask,2.0,-0.39,run2,fold03,0,1,4
no_lstm,NoLSTM,tp04_L2_m0p39,timepoint_mask,2.0,-0.39,run2,fold03,0,2,2
no_lstm,NoLSTM,tp04_L2_m0p39,timepoint_mask,2.0,-0.39,run2,fold03,1,0,4
no_lstm,NoLSTM,tp04_L2_m0p39,timepoint_mask,2.0,-0.39,run2,fold03,1,1,22
no_lstm,NoLSTM,tp04_L2_m0p39,timepoint_mask,2.0,-0.39,run2,fold03,1,2,5
no_lstm,NoLSTM,tp04_L2_m0p39,timepoint_mask,2.0,-0.39,run2,fold03,2,0,6
no_lstm,NoLSTM,tp04_L2_m0p39,timepoint_mask,2.0,-0.39,run2,fold03,2,1,2
no_lstm,NoLSTM,tp04_L2_m0p39,timepoint_mask,2.0,-0.39,run2,fold03,2,2,6
no_lstm,NoLSTM,tp04_L2_m0p39,timepoint_mask,2.0,-0.39,run2,oof_pooled,0,0,50
no_lstm,NoLSTM,tp04_L2_m0p39,timepoint_mask,2.0,-0.39,run2,oof_pooled,0,1,21
no_lstm,NoLSTM,tp04_L2_m0p39,timepoint_mask,2.0,-0.39,run2,oof_pooled,0,2,8
no_lstm,NoLSTM,tp04_L2_m0p39,timepoint_mask,2.0,-0.39,run2,oof_pooled,1,0,15
no_lstm,NoLSTM,tp04_L2_m0p39,timepoint_mask,2.0,-0.39,run2,oof_pooled,1,1,63
no_lstm,NoLSTM,tp04_L2_m0p39,timepoint_mask,2.0,-0.39,run2,oof_pooled,1,2,15
no_lstm,NoLSTM,tp04_L2_m0p39,timepoint_mask,2.0,-0.39,run2,oof_pooled,2,0,8
no_lstm,NoLSTM,tp04_L2_m0p39,timepoint_mask,2.0,-0.39,run2,oof_pooled,2,1,13
no_lstm,NoLSTM,tp04_L2_m0p39,timepoint_mask,2.0,-0.39,run2,oof_pooled,2,2,21
no_lstm,NoLSTM,tp05_L2_p0p06,timepoint_mask,2.0,0.06,run1,fold01,0,0,102
no_lstm,NoLSTM,tp05_L2_p0p06,timepoint_mask,2.0,0.06,run1,fold01,0,1,30
no_lstm,NoLSTM,tp05_L2_p0p06,timepoint_mask,2.0,0.06,run1,fold01,0,2,2
no_lstm,NoLSTM,tp05_L2_p0p06,timepoint_mask,2.0,0.06,run1,fold01,1,0,42
no_lstm,NoLSTM,tp05_L2_p0p06,timepoint_mask,2.0,0.06,run1,fold01,1,1,98
no_lstm,NoLSTM,tp05_L2_p0p06,timepoint_mask,2.0,0.06,run1,fold01,1,2,12
no_lstm,NoLSTM,tp05_L2_p0p06,timepoint_mask,2.0,0.06,run1,fold01,2,0,4
no_lstm,NoLSTM,tp05_L2_p0p06,timepoint_mask,2.0,0.06,run1,fold01,2,1,10
no_lstm,NoLSTM,tp05_L2_p0p06,timepoint_mask,2.0,0.06,run1,fold01,2,2,27
no_lstm,NoLSTM,tp05_L2_p0p06,timepoint_mask,2.0,0.06,run1,fold02,0,0,101
no_lstm,NoLSTM,tp05_L2_p0p06,timepoint_mask,2.0,0.06,run1,fold02,0,1,30
no_lstm,NoLSTM,tp05_L2_p0p06,timepoint_mask,2.0,0.06,run1,fold02,0,2,3
no_lstm,NoLSTM,tp05_L2_p0p06,timepoint_mask,2.0,0.06,run1,fold02,1,0,31
no_lstm,NoLSTM,tp05_L2_p0p06,timepoint_mask,2.0,0.06,run1,fold02,1,1,111
no_lstm,NoLSTM,tp05_L2_p0p06,timepoint_mask,2.0,0.06,run1,fold02,1,2,10
no_lstm,NoLSTM,tp05_L2_p0p06,timepoint_mask,2.0,0.06,run1,fold02,2,0,5
no_lstm,NoLSTM,tp05_L2_p0p06,timepoint_mask,2.0,0.06,run1,fold02,2,1,7
no_lstm,NoLSTM,tp05_L2_p0p06,timepoint_mask,2.0,0.06,run1,fold02,2,2,28
no_lstm,NoLSTM,tp05_L2_p0p06,timepoint_mask,2.0,0.06,run1,fold03,0,0,104
no_lstm,NoLSTM,tp05_L2_p0p06,timepoint_mask,2.0,0.06,run1,fold03,0,1,23
no_lstm,NoLSTM,tp05_L2_p0p06,timepoint_mask,2.0,0.06,run1,fold03,0,2,7
no_lstm,NoLSTM,tp05_L2_p0p06,timepoint_mask,2.0,0.06,run1,fold03,1,0,31
no_lstm,NoLSTM,tp05_L2_p0p06,timepoint_mask,2.0,0.06,run1,fold03,1,1,112
no_lstm,NoLSTM,tp05_L2_p0p06,timepoint_mask,2.0,0.06,run1,fold03,1,2,9
no_lstm,NoLSTM,tp05_L2_p0p06,timepoint_mask,2.0,0.06,run1,fold03,2,0,3
no_lstm,NoLSTM,tp05_L2_p0p06,timepoint_mask,2.0,0.06,run1,fold03,2,1,7
no_lstm,NoLSTM,tp05_L2_p0p06,timepoint_mask,2.0,0.06,run1,fold03,2,2,30
no_lstm,NoLSTM,tp05_L2_p0p06,timepoint_mask,2.0,0.06,run1,oof_pooled,0,0,307
no_lstm,NoLSTM,tp05_L2_p0p06,timepoint_mask,2.0,0.06,run1,oof_pooled,0,1,83
no_lstm,NoLSTM,tp05_L2_p0p06,timepoint_mask,2.0,0.06,run1,oof_pooled,0,2,12
no_lstm,NoLSTM,tp05_L2_p0p06,timepoint_mask,2.0,0.06,run1,oof_pooled,1,0,104
no_lstm,NoLSTM,tp05_L2_p0p06,timepoint_mask,2.0,0.06,run1,oof_pooled,1,1,321
no_lstm,NoLSTM,tp05_L2_p0p06,timepoint_mask,2.0,0.06,run1,oof_pooled,1,2,31
no_lstm,NoLSTM,tp05_L2_p0p06,timepoint_mask,2.0,0.06,run1,oof_pooled,2,0,12
no_lstm,NoLSTM,tp05_L2_p0p06,timepoint_mask,2.0,0.06,run1,oof_pooled,2,1,24
no_lstm,NoLSTM,tp05_L2_p0p06,timepoint_mask,2.0,0.06,run1,oof_pooled,2,2,85
no_lstm,NoLSTM,tp05_L2_p0p06,timepoint_mask,2.0,0.06,run2,fold01,0,0,15
no_lstm,NoLSTM,tp05_L2_p0p06,timepoint_mask,2.0,0.06,run2,fold01,0,1,6
no_lstm,NoLSTM,tp05_L2_p0p06,timepoint_mask,2.0,0.06,run2,fold01,0,2,6
no_lstm,NoLSTM,tp05_L2_p0p06,timepoint_mask,2.0,0.06,run2,fold01,1,0,2
no_lstm,NoLSTM,tp05_L2_p0p06,timepoint_mask,2.0,0.06,run2,fold01,1,1,21
no_lstm,NoLSTM,tp05_L2_p0p06,timepoint_mask,2.0,0.06,run2,fold01,1,2,8
no_lstm,NoLSTM,tp05_L2_p0p06,timepoint_mask,2.0,0.06,run2,fold01,2,0,0
no_lstm,NoLSTM,tp05_L2_p0p06,timepoint_mask,2.0,0.06,run2,fold01,2,1,5
no_lstm,NoLSTM,tp05_L2_p0p06,timepoint_mask,2.0,0.06,run2,fold01,2,2,9
no_lstm,NoLSTM,tp05_L2_p0p06,timepoint_mask,2.0,0.06,run2,fold02,0,0,14
no_lstm,NoLSTM,tp05_L2_p0p06,timepoint_mask,2.0,0.06,run2,fold02,0,1,11
no_lstm,NoLSTM,tp05_L2_p0p06,timepoint_mask,2.0,0.06,run2,fold02,0,2,1
no_lstm,NoLSTM,tp05_L2_p0p06,timepoint_mask,2.0,0.06,run2,fold02,1,0,9
no_lstm,NoLSTM,tp05_L2_p0p06,timepoint_mask,2.0,0.06,run2,fold02,1,1,20
no_lstm,NoLSTM,tp05_L2_p0p06,timepoint_mask,2.0,0.06,run2,fold02,1,2,2
no_lstm,NoLSTM,tp05_L2_p0p06,timepoint_mask,2.0,0.06,run2,fold02,2,0,2
no_lstm,NoLSTM,tp05_L2_p0p06,timepoint_mask,2.0,0.06,run2,fold02,2,1,6
no_lstm,NoLSTM,tp05_L2_p0p06,timepoint_mask,2.0,0.06,run2,fold02,2,2,6
no_lstm,NoLSTM,tp05_L2_p0p06,timepoint_mask,2.0,0.06,run2,fold03,0,0,20
no_lstm,NoLSTM,tp05_L2_p0p06,timepoint_mask,2.0,0.06,run2,fold03,0,1,4
no_lstm,NoLSTM,tp05_L2_p0p06,timepoint_mask,2.0,0.06,run2,fold03,0,2,2
no_lstm,NoLSTM,tp05_L2_p0p06,timepoint_mask,2.0,0.06,run2,fold03,1,0,4
no_lstm,NoLSTM,tp05_L2_p0p06,timepoint_mask,2.0,0.06,run2,fold03,1,1,22
no_lstm,NoLSTM,tp05_L2_p0p06,timepoint_mask,2.0,0.06,run2,fold03,1,2,5
no_lstm,NoLSTM,tp05_L2_p0p06,timepoint_mask,2.0,0.06,run2,fold03,2,0,6
no_lstm,NoLSTM,tp05_L2_p0p06,timepoint_mask,2.0,0.06,run2,fold03,2,1,2
no_lstm,NoLSTM,tp05_L2_p0p06,timepoint_mask,2.0,0.06,run2,fold03,2,2,6
no_lstm,NoLSTM,tp05_L2_p0p06,timepoint_mask,2.0,0.06,run2,oof_pooled,0,0,49
no_lstm,NoLSTM,tp05_L2_p0p06,timepoint_mask,2.0,0.06,run2,oof_pooled,0,1,21
no_lstm,NoLSTM,tp05_L2_p0p06,timepoint_mask,2.0,0.06,run2,oof_pooled,0,2,9
no_lstm,NoLSTM,tp05_L2_p0p06,timepoint_mask,2.0,0.06,run2,oof_pooled,1,0,15
no_lstm,NoLSTM,tp05_L2_p0p06,timepoint_mask,2.0,0.06,run2,oof_pooled,1,1,63
no_lstm,NoLSTM,tp05_L2_p0p06,timepoint_mask,2.0,0.06,run2,oof_pooled,1,2,15
no_lstm,NoLSTM,tp05_L2_p0p06,timepoint_mask,2.0,0.06,run2,oof_pooled,2,0,8
no_lstm,NoLSTM,tp05_L2_p0p06,timepoint_mask,2.0,0.06,run2,oof_pooled,2,1,13
no_lstm,NoLSTM,tp05_L2_p0p06,timepoint_mask,2.0,0.06,run2,oof_pooled,2,2,21
no_lstm,NoLSTM,tp06_L2_p0p46,timepoint_mask,2.0,0.46,run1,fold01,0,0,102
no_lstm,NoLSTM,tp06_L2_p0p46,timepoint_mask,2.0,0.46,run1,fold01,0,1,30
no_lstm,NoLSTM,tp06_L2_p0p46,timepoint_mask,2.0,0.46,run1,fold01,0,2,2
no_lstm,NoLSTM,tp06_L2_p0p46,timepoint_mask,2.0,0.46,run1,fold01,1,0,39
no_lstm,NoLSTM,tp06_L2_p0p46,timepoint_mask,2.0,0.46,run1,fold01,1,1,103
no_lstm,NoLSTM,tp06_L2_p0p46,timepoint_mask,2.0,0.46,run1,fold01,1,2,10
no_lstm,NoLSTM,tp06_L2_p0p46,timepoint_mask,2.0,0.46,run1,fold01,2,0,4
no_lstm,NoLSTM,tp06_L2_p0p46,timepoint_mask,2.0,0.46,run1,fold01,2,1,10
no_lstm,NoLSTM,tp06_L2_p0p46,timepoint_mask,2.0,0.46,run1,fold01,2,2,27
no_lstm,NoLSTM,tp06_L2_p0p46,timepoint_mask,2.0,0.46,run1,fold02,0,0,101
no_lstm,NoLSTM,tp06_L2_p0p46,timepoint_mask,2.0,0.46,run1,fold02,0,1,30
no_lstm,NoLSTM,tp06_L2_p0p46,timepoint_mask,2.0,0.46,run1,fold02,0,2,3
no_lstm,NoLSTM,tp06_L2_p0p46,timepoint_mask,2.0,0.46,run1,fold02,1,0,33
no_lstm,NoLSTM,tp06_L2_p0p46,timepoint_mask,2.0,0.46,run1,fold02,1,1,109
no_lstm,NoLSTM,tp06_L2_p0p46,timepoint_mask,2.0,0.46,run1,fold02,1,2,10
no_lstm,NoLSTM,tp06_L2_p0p46,timepoint_mask,2.0,0.46,run1,fold02,2,0,5
no_lstm,NoLSTM,tp06_L2_p0p46,timepoint_mask,2.0,0.46,run1,fold02,2,1,7
no_lstm,NoLSTM,tp06_L2_p0p46,timepoint_mask,2.0,0.46,run1,fold02,2,2,28
no_lstm,NoLSTM,tp06_L2_p0p46,timepoint_mask,2.0,0.46,run1,fold03,0,0,104
no_lstm,NoLSTM,tp06_L2_p0p46,timepoint_mask,2.0,0.46,run1,fold03,0,1,23
no_lstm,NoLSTM,tp06_L2_p0p46,timepoint_mask,2.0,0.46,run1,fold03,0,2,7
no_lstm,NoLSTM,tp06_L2_p0p46,timepoint_mask,2.0,0.46,run1,fold03,1,0,30
no_lstm,NoLSTM,tp06_L2_p0p46,timepoint_mask,2.0,0.46,run1,fold03,1,1,113
no_lstm,NoLSTM,tp06_L2_p0p46,timepoint_mask,2.0,0.46,run1,fold03,1,2,9
no_lstm,NoLSTM,tp06_L2_p0p46,timepoint_mask,2.0,0.46,run1,fold03,2,0,3
no_lstm,NoLSTM,tp06_L2_p0p46,timepoint_mask,2.0,0.46,run1,fold03,2,1,7
no_lstm,NoLSTM,tp06_L2_p0p46,timepoint_mask,2.0,0.46,run1,fold03,2,2,30
no_lstm,NoLSTM,tp06_L2_p0p46,timepoint_mask,2.0,0.46,run1,oof_pooled,0,0,307
no_lstm,NoLSTM,tp06_L2_p0p46,timepoint_mask,2.0,0.46,run1,oof_pooled,0,1,83
no_lstm,NoLSTM,tp06_L2_p0p46,timepoint_mask,2.0,0.46,run1,oof_pooled,0,2,12
no_lstm,NoLSTM,tp06_L2_p0p46,timepoint_mask,2.0,0.46,run1,oof_pooled,1,0,102
no_lstm,NoLSTM,tp06_L2_p0p46,timepoint_mask,2.0,0.46,run1,oof_pooled,1,1,325
no_lstm,NoLSTM,tp06_L2_p0p46,timepoint_mask,2.0,0.46,run1,oof_pooled,1,2,29
no_lstm,NoLSTM,tp06_L2_p0p46,timepoint_mask,2.0,0.46,run1,oof_pooled,2,0,12
no_lstm,NoLSTM,tp06_L2_p0p46,timepoint_mask,2.0,0.46,run1,oof_pooled,2,1,24
no_lstm,NoLSTM,tp06_L2_p0p46,timepoint_mask,2.0,0.46,run1,oof_pooled,2,2,85
no_lstm,NoLSTM,tp06_L2_p0p46,timepoint_mask,2.0,0.46,run2,fold01,0,0,14
no_lstm,NoLSTM,tp06_L2_p0p46,timepoint_mask,2.0,0.46,run2,fold01,0,1,6
no_lstm,NoLSTM,tp06_L2_p0p46,timepoint_mask,2.0,0.46,run2,fold01,0,2,7
no_lstm,NoLSTM,tp06_L2_p0p46,timepoint_mask,2.0,0.46,run2,fold01,1,0,2
no_lstm,NoLSTM,tp06_L2_p0p46,timepoint_mask,2.0,0.46,run2,fold01,1,1,21
no_lstm,NoLSTM,tp06_L2_p0p46,timepoint_mask,2.0,0.46,run2,fold01,1,2,8
no_lstm,NoLSTM,tp06_L2_p0p46,timepoint_mask,2.0,0.46,run2,fold01,2,0,0
no_lstm,NoLSTM,tp06_L2_p0p46,timepoint_mask,2.0,0.46,run2,fold01,2,1,5
no_lstm,NoLSTM,tp06_L2_p0p46,timepoint_mask,2.0,0.46,run2,fold01,2,2,9
no_lstm,NoLSTM,tp06_L2_p0p46,timepoint_mask,2.0,0.46,run2,fold02,0,0,14
no_lstm,NoLSTM,tp06_L2_p0p46,timepoint_mask,2.0,0.46,run2,fold02,0,1,11
no_lstm,NoLSTM,tp06_L2_p0p46,timepoint_mask,2.0,0.46,run2,fold02,0,2,1
no_lstm,NoLSTM,tp06_L2_p0p46,timepoint_mask,2.0,0.46,run2,fold02,1,0,9
no_lstm,NoLSTM,tp06_L2_p0p46,timepoint_mask,2.0,0.46,run2,fold02,1,1,20
no_lstm,NoLSTM,tp06_L2_p0p46,timepoint_mask,2.0,0.46,run2,fold02,1,2,2
no_lstm,NoLSTM,tp06_L2_p0p46,timepoint_mask,2.0,0.46,run2,fold02,2,0,2
no_lstm,NoLSTM,tp06_L2_p0p46,timepoint_mask,2.0,0.46,run2,fold02,2,1,6
no_lstm,NoLSTM,tp06_L2_p0p46,timepoint_mask,2.0,0.46,run2,fold02,2,2,6
no_lstm,NoLSTM,tp06_L2_p0p46,timepoint_mask,2.0,0.46,run2,fold03,0,0,20
no_lstm,NoLSTM,tp06_L2_p0p46,timepoint_mask,2.0,0.46,run2,fold03,0,1,4
no_lstm,NoLSTM,tp06_L2_p0p46,timepoint_mask,2.0,0.46,run2,fold03,0,2,2
no_lstm,NoLSTM,tp06_L2_p0p46,timepoint_mask,2.0,0.46,run2,fold03,1,0,4
no_lstm,NoLSTM,tp06_L2_p0p46,timepoint_mask,2.0,0.46,run2,fold03,1,1,22
no_lstm,NoLSTM,tp06_L2_p0p46,timepoint_mask,2.0,0.46,run2,fold03,1,2,5
no_lstm,NoLSTM,tp06_L2_p0p46,timepoint_mask,2.0,0.46,run2,fold03,2,0,6
no_lstm,NoLSTM,tp06_L2_p0p46,timepoint_mask,2.0,0.46,run2,fold03,2,1,2
no_lstm,NoLSTM,tp06_L2_p0p46,timepoint_mask,2.0,0.46,run2,fold03,2,2,6
no_lstm,NoLSTM,tp06_L2_p0p46,timepoint_mask,2.0,0.46,run2,oof_pooled,0,0,48
no_lstm,NoLSTM,tp06_L2_p0p46,timepoint_mask,2.0,0.46,run2,oof_pooled,0,1,21
no_lstm,NoLSTM,tp06_L2_p0p46,timepoint_mask,2.0,0.46,run2,oof_pooled,0,2,10
no_lstm,NoLSTM,tp06_L2_p0p46,timepoint_mask,2.0,0.46,run2,oof_pooled,1,0,15
no_lstm,NoLSTM,tp06_L2_p0p46,timepoint_mask,2.0,0.46,run2,oof_pooled,1,1,63
no_lstm,NoLSTM,tp06_L2_p0p46,timepoint_mask,2.0,0.46,run2,oof_pooled,1,2,15
no_lstm,NoLSTM,tp06_L2_p0p46,timepoint_mask,2.0,0.46,run2,oof_pooled,2,0,8
no_lstm,NoLSTM,tp06_L2_p0p46,timepoint_mask,2.0,0.46,run2,oof_pooled,2,1,13
no_lstm,NoLSTM,tp06_L2_p0p46,timepoint_mask,2.0,0.46,run2,oof_pooled,2,2,21
no_lstm,NoLSTM,tp07_L2_p0p82,timepoint_mask,2.0,0.82,run1,fold01,0,0,102
no_lstm,NoLSTM,tp07_L2_p0p82,timepoint_mask,2.0,0.82,run1,fold01,0,1,30
no_lstm,NoLSTM,tp07_L2_p0p82,timepoint_mask,2.0,0.82,run1,fold01,0,2,2
no_lstm,NoLSTM,tp07_L2_p0p82,timepoint_mask,2.0,0.82,run1,fold01,1,0,38
no_lstm,NoLSTM,tp07_L2_p0p82,timepoint_mask,2.0,0.82,run1,fold01,1,1,103
no_lstm,NoLSTM,tp07_L2_p0p82,timepoint_mask,2.0,0.82,run1,fold01,1,2,11
no_lstm,NoLSTM,tp07_L2_p0p82,timepoint_mask,2.0,0.82,run1,fold01,2,0,4
no_lstm,NoLSTM,tp07_L2_p0p82,timepoint_mask,2.0,0.82,run1,fold01,2,1,10
no_lstm,NoLSTM,tp07_L2_p0p82,timepoint_mask,2.0,0.82,run1,fold01,2,2,27
no_lstm,NoLSTM,tp07_L2_p0p82,timepoint_mask,2.0,0.82,run1,fold02,0,0,101
no_lstm,NoLSTM,tp07_L2_p0p82,timepoint_mask,2.0,0.82,run1,fold02,0,1,30
no_lstm,NoLSTM,tp07_L2_p0p82,timepoint_mask,2.0,0.82,run1,fold02,0,2,3
no_lstm,NoLSTM,tp07_L2_p0p82,timepoint_mask,2.0,0.82,run1,fold02,1,0,34
no_lstm,NoLSTM,tp07_L2_p0p82,timepoint_mask,2.0,0.82,run1,fold02,1,1,108
no_lstm,NoLSTM,tp07_L2_p0p82,timepoint_mask,2.0,0.82,run1,fold02,1,2,10
no_lstm,NoLSTM,tp07_L2_p0p82,timepoint_mask,2.0,0.82,run1,fold02,2,0,5
no_lstm,NoLSTM,tp07_L2_p0p82,timepoint_mask,2.0,0.82,run1,fold02,2,1,7
no_lstm,NoLSTM,tp07_L2_p0p82,timepoint_mask,2.0,0.82,run1,fold02,2,2,28
no_lstm,NoLSTM,tp07_L2_p0p82,timepoint_mask,2.0,0.82,run1,fold03,0,0,104
no_lstm,NoLSTM,tp07_L2_p0p82,timepoint_mask,2.0,0.82,run1,fold03,0,1,23
no_lstm,NoLSTM,tp07_L2_p0p82,timepoint_mask,2.0,0.82,run1,fold03,0,2,7
no_lstm,NoLSTM,tp07_L2_p0p82,timepoint_mask,2.0,0.82,run1,fold03,1,0,33
no_lstm,NoLSTM,tp07_L2_p0p82,timepoint_mask,2.0,0.82,run1,fold03,1,1,111
no_lstm,NoLSTM,tp07_L2_p0p82,timepoint_mask,2.0,0.82,run1,fold03,1,2,8
no_lstm,NoLSTM,tp07_L2_p0p82,timepoint_mask,2.0,0.82,run1,fold03,2,0,3
no_lstm,NoLSTM,tp07_L2_p0p82,timepoint_mask,2.0,0.82,run1,fold03,2,1,7
no_lstm,NoLSTM,tp07_L2_p0p82,timepoint_mask,2.0,0.82,run1,fold03,2,2,30
no_lstm,NoLSTM,tp07_L2_p0p82,timepoint_mask,2.0,0.82,run1,oof_pooled,0,0,307
no_lstm,NoLSTM,tp07_L2_p0p82,timepoint_mask,2.0,0.82,run1,oof_pooled,0,1,83
no_lstm,NoLSTM,tp07_L2_p0p82,timepoint_mask,2.0,0.82,run1,oof_pooled,0,2,12
no_lstm,NoLSTM,tp07_L2_p0p82,timepoint_mask,2.0,0.82,run1,oof_pooled,1,0,105
no_lstm,NoLSTM,tp07_L2_p0p82,timepoint_mask,2.0,0.82,run1,oof_pooled,1,1,322
no_lstm,NoLSTM,tp07_L2_p0p82,timepoint_mask,2.0,0.82,run1,oof_pooled,1,2,29
no_lstm,NoLSTM,tp07_L2_p0p82,timepoint_mask,2.0,0.82,run1,oof_pooled,2,0,12
no_lstm,NoLSTM,tp07_L2_p0p82,timepoint_mask,2.0,0.82,run1,oof_pooled,2,1,24
no_lstm,NoLSTM,tp07_L2_p0p82,timepoint_mask,2.0,0.82,run1,oof_pooled,2,2,85
no_lstm,NoLSTM,tp07_L2_p0p82,timepoint_mask,2.0,0.82,run2,fold01,0,0,14
no_lstm,NoLSTM,tp07_L2_p0p82,timepoint_mask,2.0,0.82,run2,fold01,0,1,6
no_lstm,NoLSTM,tp07_L2_p0p82,timepoint_mask,2.0,0.82,run2,fold01,0,2,7
no_lstm,NoLSTM,tp07_L2_p0p82,timepoint_mask,2.0,0.82,run2,fold01,1,0,2
no_lstm,NoLSTM,tp07_L2_p0p82,timepoint_mask,2.0,0.82,run2,fold01,1,1,21
no_lstm,NoLSTM,tp07_L2_p0p82,timepoint_mask,2.0,0.82,run2,fold01,1,2,8
no_lstm,NoLSTM,tp07_L2_p0p82,timepoint_mask,2.0,0.82,run2,fold01,2,0,0
no_lstm,NoLSTM,tp07_L2_p0p82,timepoint_mask,2.0,0.82,run2,fold01,2,1,5
no_lstm,NoLSTM,tp07_L2_p0p82,timepoint_mask,2.0,0.82,run2,fold01,2,2,9
no_lstm,NoLSTM,tp07_L2_p0p82,timepoint_mask,2.0,0.82,run2,fold02,0,0,14
no_lstm,NoLSTM,tp07_L2_p0p82,timepoint_mask,2.0,0.82,run2,fold02,0,1,11
no_lstm,NoLSTM,tp07_L2_p0p82,timepoint_mask,2.0,0.82,run2,fold02,0,2,1
no_lstm,NoLSTM,tp07_L2_p0p82,timepoint_mask,2.0,0.82,run2,fold02,1,0,9
no_lstm,NoLSTM,tp07_L2_p0p82,timepoint_mask,2.0,0.82,run2,fold02,1,1,20
no_lstm,NoLSTM,tp07_L2_p0p82,timepoint_mask,2.0,0.82,run2,fold02,1,2,2
no_lstm,NoLSTM,tp07_L2_p0p82,timepoint_mask,2.0,0.82,run2,fold02,2,0,2
no_lstm,NoLSTM,tp07_L2_p0p82,timepoint_mask,2.0,0.82,run2,fold02,2,1,6
no_lstm,NoLSTM,tp07_L2_p0p82,timepoint_mask,2.0,0.82,run2,fold02,2,2,6
no_lstm,NoLSTM,tp07_L2_p0p82,timepoint_mask,2.0,0.82,run2,fold03,0,0,19
no_lstm,NoLSTM,tp07_L2_p0p82,timepoint_mask,2.0,0.82,run2,fold03,0,1,5
no_lstm,NoLSTM,tp07_L2_p0p82,timepoint_mask,2.0,0.82,run2,fold03,0,2,2
no_lstm,NoLSTM,tp07_L2_p0p82,timepoint_mask,2.0,0.82,run2,fold03,1,0,4
no_lstm,NoLSTM,tp07_L2_p0p82,timepoint_mask,2.0,0.82,run2,fold03,1,1,22
no_lstm,NoLSTM,tp07_L2_p0p82,timepoint_mask,2.0,0.82,run2,fold03,1,2,5
no_lstm,NoLSTM,tp07_L2_p0p82,timepoint_mask,2.0,0.82,run2,fold03,2,0,6
no_lstm,NoLSTM,tp07_L2_p0p82,timepoint_mask,2.0,0.82,run2,fold03,2,1,2
no_lstm,NoLSTM,tp07_L2_p0p82,timepoint_mask,2.0,0.82,run2,fold03,2,2,6
no_lstm,NoLSTM,tp07_L2_p0p82,timepoint_mask,2.0,0.82,run2,oof_pooled,0,0,47
no_lstm,NoLSTM,tp07_L2_p0p82,timepoint_mask,2.0,0.82,run2,oof_pooled,0,1,22
no_lstm,NoLSTM,tp07_L2_p0p82,timepoint_mask,2.0,0.82,run2,oof_pooled,0,2,10
no_lstm,NoLSTM,tp07_L2_p0p82,timepoint_mask,2.0,0.82,run2,oof_pooled,1,0,15
no_lstm,NoLSTM,tp07_L2_p0p82,timepoint_mask,2.0,0.82,run2,oof_pooled,1,1,63
no_lstm,NoLSTM,tp07_L2_p0p82,timepoint_mask,2.0,0.82,run2,oof_pooled,1,2,15
no_lstm,NoLSTM,tp07_L2_p0p82,timepoint_mask,2.0,0.82,run2,oof_pooled,2,0,8
no_lstm,NoLSTM,tp07_L2_p0p82,timepoint_mask,2.0,0.82,run2,oof_pooled,2,1,13
no_lstm,NoLSTM,tp07_L2_p0p82,timepoint_mask,2.0,0.82,run2,oof_pooled,2,2,21
no_lstm,NoLSTM,tp08_L3_m0p08,timepoint_mask,3.0,-0.08,run1,fold01,0,0,102
no_lstm,NoLSTM,tp08_L3_m0p08,timepoint_mask,3.0,-0.08,run1,fold01,0,1,30
no_lstm,NoLSTM,tp08_L3_m0p08,timepoint_mask,3.0,-0.08,run1,fold01,0,2,2
no_lstm,NoLSTM,tp08_L3_m0p08,timepoint_mask,3.0,-0.08,run1,fold01,1,0,31
no_lstm,NoLSTM,tp08_L3_m0p08,timepoint_mask,3.0,-0.08,run1,fold01,1,1,117
no_lstm,NoLSTM,tp08_L3_m0p08,timepoint_mask,3.0,-0.08,run1,fold01,1,2,4
no_lstm,NoLSTM,tp08_L3_m0p08,timepoint_mask,3.0,-0.08,run1,fold01,2,0,4
no_lstm,NoLSTM,tp08_L3_m0p08,timepoint_mask,3.0,-0.08,run1,fold01,2,1,10
no_lstm,NoLSTM,tp08_L3_m0p08,timepoint_mask,3.0,-0.08,run1,fold01,2,2,27
no_lstm,NoLSTM,tp08_L3_m0p08,timepoint_mask,3.0,-0.08,run1,fold02,0,0,101
no_lstm,NoLSTM,tp08_L3_m0p08,timepoint_mask,3.0,-0.08,run1,fold02,0,1,30
no_lstm,NoLSTM,tp08_L3_m0p08,timepoint_mask,3.0,-0.08,run1,fold02,0,2,3
no_lstm,NoLSTM,tp08_L3_m0p08,timepoint_mask,3.0,-0.08,run1,fold02,1,0,31
no_lstm,NoLSTM,tp08_L3_m0p08,timepoint_mask,3.0,-0.08,run1,fold02,1,1,113
no_lstm,NoLSTM,tp08_L3_m0p08,timepoint_mask,3.0,-0.08,run1,fold02,1,2,8
no_lstm,NoLSTM,tp08_L3_m0p08,timepoint_mask,3.0,-0.08,run1,fold02,2,0,5
no_lstm,NoLSTM,tp08_L3_m0p08,timepoint_mask,3.0,-0.08,run1,fold02,2,1,7
no_lstm,NoLSTM,tp08_L3_m0p08,timepoint_mask,3.0,-0.08,run1,fold02,2,2,28
no_lstm,NoLSTM,tp08_L3_m0p08,timepoint_mask,3.0,-0.08,run1,fold03,0,0,104
no_lstm,NoLSTM,tp08_L3_m0p08,timepoint_mask,3.0,-0.08,run1,fold03,0,1,23
no_lstm,NoLSTM,tp08_L3_m0p08,timepoint_mask,3.0,-0.08,run1,fold03,0,2,7
no_lstm,NoLSTM,tp08_L3_m0p08,timepoint_mask,3.0,-0.08,run1,fold03,1,0,25
no_lstm,NoLSTM,tp08_L3_m0p08,timepoint_mask,3.0,-0.08,run1,fold03,1,1,120
no_lstm,NoLSTM,tp08_L3_m0p08,timepoint_mask,3.0,-0.08,run1,fold03,1,2,7
no_lstm,NoLSTM,tp08_L3_m0p08,timepoint_mask,3.0,-0.08,run1,fold03,2,0,3
no_lstm,NoLSTM,tp08_L3_m0p08,timepoint_mask,3.0,-0.08,run1,fold03,2,1,7
no_lstm,NoLSTM,tp08_L3_m0p08,timepoint_mask,3.0,-0.08,run1,fold03,2,2,30
no_lstm,NoLSTM,tp08_L3_m0p08,timepoint_mask,3.0,-0.08,run1,oof_pooled,0,0,307
no_lstm,NoLSTM,tp08_L3_m0p08,timepoint_mask,3.0,-0.08,run1,oof_pooled,0,1,83
no_lstm,NoLSTM,tp08_L3_m0p08,timepoint_mask,3.0,-0.08,run1,oof_pooled,0,2,12
no_lstm,NoLSTM,tp08_L3_m0p08,timepoint_mask,3.0,-0.08,run1,oof_pooled,1,0,87
no_lstm,NoLSTM,tp08_L3_m0p08,timepoint_mask,3.0,-0.08,run1,oof_pooled,1,1,350
no_lstm,NoLSTM,tp08_L3_m0p08,timepoint_mask,3.0,-0.08,run1,oof_pooled,1,2,19
no_lstm,NoLSTM,tp08_L3_m0p08,timepoint_mask,3.0,-0.08,run1,oof_pooled,2,0,12
no_lstm,NoLSTM,tp08_L3_m0p08,timepoint_mask,3.0,-0.08,run1,oof_pooled,2,1,24
no_lstm,NoLSTM,tp08_L3_m0p08,timepoint_mask,3.0,-0.08,run1,oof_pooled,2,2,85
no_lstm,NoLSTM,tp08_L3_m0p08,timepoint_mask,3.0,-0.08,run2,fold01,0,0,16
no_lstm,NoLSTM,tp08_L3_m0p08,timepoint_mask,3.0,-0.08,run2,fold01,0,1,6
no_lstm,NoLSTM,tp08_L3_m0p08,timepoint_mask,3.0,-0.08,run2,fold01,0,2,5
no_lstm,NoLSTM,tp08_L3_m0p08,timepoint_mask,3.0,-0.08,run2,fold01,1,0,2
no_lstm,NoLSTM,tp08_L3_m0p08,timepoint_mask,3.0,-0.08,run2,fold01,1,1,21
no_lstm,NoLSTM,tp08_L3_m0p08,timepoint_mask,3.0,-0.08,run2,fold01,1,2,8
no_lstm,NoLSTM,tp08_L3_m0p08,timepoint_mask,3.0,-0.08,run2,fold01,2,0,0
no_lstm,NoLSTM,tp08_L3_m0p08,timepoint_mask,3.0,-0.08,run2,fold01,2,1,5
no_lstm,NoLSTM,tp08_L3_m0p08,timepoint_mask,3.0,-0.08,run2,fold01,2,2,9
no_lstm,NoLSTM,tp08_L3_m0p08,timepoint_mask,3.0,-0.08,run2,fold02,0,0,14
no_lstm,NoLSTM,tp08_L3_m0p08,timepoint_mask,3.0,-0.08,run2,fold02,0,1,11
no_lstm,NoLSTM,tp08_L3_m0p08,timepoint_mask,3.0,-0.08,run2,fold02,0,2,1
no_lstm,NoLSTM,tp08_L3_m0p08,timepoint_mask,3.0,-0.08,run2,fold02,1,0,9
no_lstm,NoLSTM,tp08_L3_m0p08,timepoint_mask,3.0,-0.08,run2,fold02,1,1,20
no_lstm,NoLSTM,tp08_L3_m0p08,timepoint_mask,3.0,-0.08,run2,fold02,1,2,2
no_lstm,NoLSTM,tp08_L3_m0p08,timepoint_mask,3.0,-0.08,run2,fold02,2,0,2
no_lstm,NoLSTM,tp08_L3_m0p08,timepoint_mask,3.0,-0.08,run2,fold02,2,1,6
no_lstm,NoLSTM,tp08_L3_m0p08,timepoint_mask,3.0,-0.08,run2,fold02,2,2,6
no_lstm,NoLSTM,tp08_L3_m0p08,timepoint_mask,3.0,-0.08,run2,fold03,0,0,20
no_lstm,NoLSTM,tp08_L3_m0p08,timepoint_mask,3.0,-0.08,run2,fold03,0,1,4
no_lstm,NoLSTM,tp08_L3_m0p08,timepoint_mask,3.0,-0.08,run2,fold03,0,2,2
no_lstm,NoLSTM,tp08_L3_m0p08,timepoint_mask,3.0,-0.08,run2,fold03,1,0,4
no_lstm,NoLSTM,tp08_L3_m0p08,timepoint_mask,3.0,-0.08,run2,fold03,1,1,22
no_lstm,NoLSTM,tp08_L3_m0p08,timepoint_mask,3.0,-0.08,run2,fold03,1,2,5
no_lstm,NoLSTM,tp08_L3_m0p08,timepoint_mask,3.0,-0.08,run2,fold03,2,0,5
no_lstm,NoLSTM,tp08_L3_m0p08,timepoint_mask,3.0,-0.08,run2,fold03,2,1,3
no_lstm,NoLSTM,tp08_L3_m0p08,timepoint_mask,3.0,-0.08,run2,fold03,2,2,6
no_lstm,NoLSTM,tp08_L3_m0p08,timepoint_mask,3.0,-0.08,run2,oof_pooled,0,0,50
no_lstm,NoLSTM,tp08_L3_m0p08,timepoint_mask,3.0,-0.08,run2,oof_pooled,0,1,21
no_lstm,NoLSTM,tp08_L3_m0p08,timepoint_mask,3.0,-0.08,run2,oof_pooled,0,2,8
no_lstm,NoLSTM,tp08_L3_m0p08,timepoint_mask,3.0,-0.08,run2,oof_pooled,1,0,15
no_lstm,NoLSTM,tp08_L3_m0p08,timepoint_mask,3.0,-0.08,run2,oof_pooled,1,1,63
no_lstm,NoLSTM,tp08_L3_m0p08,timepoint_mask,3.0,-0.08,run2,oof_pooled,1,2,15
no_lstm,NoLSTM,tp08_L3_m0p08,timepoint_mask,3.0,-0.08,run2,oof_pooled,2,0,7
no_lstm,NoLSTM,tp08_L3_m0p08,timepoint_mask,3.0,-0.08,run2,oof_pooled,2,1,14
no_lstm,NoLSTM,tp08_L3_m0p08,timepoint_mask,3.0,-0.08,run2,oof_pooled,2,2,21
no_lstm,NoLSTM,tp09_L3_p0p42,timepoint_mask,3.0,0.42,run1,fold01,0,0,102
no_lstm,NoLSTM,tp09_L3_p0p42,timepoint_mask,3.0,0.42,run1,fold01,0,1,30
no_lstm,NoLSTM,tp09_L3_p0p42,timepoint_mask,3.0,0.42,run1,fold01,0,2,2
no_lstm,NoLSTM,tp09_L3_p0p42,timepoint_mask,3.0,0.42,run1,fold01,1,0,31
no_lstm,NoLSTM,tp09_L3_p0p42,timepoint_mask,3.0,0.42,run1,fold01,1,1,117
no_lstm,NoLSTM,tp09_L3_p0p42,timepoint_mask,3.0,0.42,run1,fold01,1,2,4
no_lstm,NoLSTM,tp09_L3_p0p42,timepoint_mask,3.0,0.42,run1,fold01,2,0,4
no_lstm,NoLSTM,tp09_L3_p0p42,timepoint_mask,3.0,0.42,run1,fold01,2,1,10
no_lstm,NoLSTM,tp09_L3_p0p42,timepoint_mask,3.0,0.42,run1,fold01,2,2,27
no_lstm,NoLSTM,tp09_L3_p0p42,timepoint_mask,3.0,0.42,run1,fold02,0,0,101
no_lstm,NoLSTM,tp09_L3_p0p42,timepoint_mask,3.0,0.42,run1,fold02,0,1,30
no_lstm,NoLSTM,tp09_L3_p0p42,timepoint_mask,3.0,0.42,run1,fold02,0,2,3
no_lstm,NoLSTM,tp09_L3_p0p42,timepoint_mask,3.0,0.42,run1,fold02,1,0,31
no_lstm,NoLSTM,tp09_L3_p0p42,timepoint_mask,3.0,0.42,run1,fold02,1,1,113
no_lstm,NoLSTM,tp09_L3_p0p42,timepoint_mask,3.0,0.42,run1,fold02,1,2,8
no_lstm,NoLSTM,tp09_L3_p0p42,timepoint_mask,3.0,0.42,run1,fold02,2,0,5
no_lstm,NoLSTM,tp09_L3_p0p42,timepoint_mask,3.0,0.42,run1,fold02,2,1,7
no_lstm,NoLSTM,tp09_L3_p0p42,timepoint_mask,3.0,0.42,run1,fold02,2,2,28
no_lstm,NoLSTM,tp09_L3_p0p42,timepoint_mask,3.0,0.42,run1,fold03,0,0,104
no_lstm,NoLSTM,tp09_L3_p0p42,timepoint_mask,3.0,0.42,run1,fold03,0,1,23
no_lstm,NoLSTM,tp09_L3_p0p42,timepoint_mask,3.0,0.42,run1,fold03,0,2,7
no_lstm,NoLSTM,tp09_L3_p0p42,timepoint_mask,3.0,0.42,run1,fold03,1,0,25
no_lstm,NoLSTM,tp09_L3_p0p42,timepoint_mask,3.0,0.42,run1,fold03,1,1,120
no_lstm,NoLSTM,tp09_L3_p0p42,timepoint_mask,3.0,0.42,run1,fold03,1,2,7
no_lstm,NoLSTM,tp09_L3_p0p42,timepoint_mask,3.0,0.42,run1,fold03,2,0,3
no_lstm,NoLSTM,tp09_L3_p0p42,timepoint_mask,3.0,0.42,run1,fold03,2,1,7
no_lstm,NoLSTM,tp09_L3_p0p42,timepoint_mask,3.0,0.42,run1,fold03,2,2,30
no_lstm,NoLSTM,tp09_L3_p0p42,timepoint_mask,3.0,0.42,run1,oof_pooled,0,0,307
no_lstm,NoLSTM,tp09_L3_p0p42,timepoint_mask,3.0,0.42,run1,oof_pooled,0,1,83
no_lstm,NoLSTM,tp09_L3_p0p42,timepoint_mask,3.0,0.42,run1,oof_pooled,0,2,12
no_lstm,NoLSTM,tp09_L3_p0p42,timepoint_mask,3.0,0.42,run1,oof_pooled,1,0,87
no_lstm,NoLSTM,tp09_L3_p0p42,timepoint_mask,3.0,0.42,run1,oof_pooled,1,1,350
no_lstm,NoLSTM,tp09_L3_p0p42,timepoint_mask,3.0,0.42,run1,oof_pooled,1,2,19
no_lstm,NoLSTM,tp09_L3_p0p42,timepoint_mask,3.0,0.42,run1,oof_pooled,2,0,12
no_lstm,NoLSTM,tp09_L3_p0p42,timepoint_mask,3.0,0.42,run1,oof_pooled,2,1,24
no_lstm,NoLSTM,tp09_L3_p0p42,timepoint_mask,3.0,0.42,run1,oof_pooled,2,2,85
no_lstm,NoLSTM,tp09_L3_p0p42,timepoint_mask,3.0,0.42,run2,fold01,0,0,16
no_lstm,NoLSTM,tp09_L3_p0p42,timepoint_mask,3.0,0.42,run2,fold01,0,1,6
no_lstm,NoLSTM,tp09_L3_p0p42,timepoint_mask,3.0,0.42,run2,fold01,0,2,5
no_lstm,NoLSTM,tp09_L3_p0p42,timepoint_mask,3.0,0.42,run2,fold01,1,0,2
no_lstm,NoLSTM,tp09_L3_p0p42,timepoint_mask,3.0,0.42,run2,fold01,1,1,21
no_lstm,NoLSTM,tp09_L3_p0p42,timepoint_mask,3.0,0.42,run2,fold01,1,2,8
no_lstm,NoLSTM,tp09_L3_p0p42,timepoint_mask,3.0,0.42,run2,fold01,2,0,0
no_lstm,NoLSTM,tp09_L3_p0p42,timepoint_mask,3.0,0.42,run2,fold01,2,1,5
no_lstm,NoLSTM,tp09_L3_p0p42,timepoint_mask,3.0,0.42,run2,fold01,2,2,9
no_lstm,NoLSTM,tp09_L3_p0p42,timepoint_mask,3.0,0.42,run2,fold02,0,0,14
no_lstm,NoLSTM,tp09_L3_p0p42,timepoint_mask,3.0,0.42,run2,fold02,0,1,11
no_lstm,NoLSTM,tp09_L3_p0p42,timepoint_mask,3.0,0.42,run2,fold02,0,2,1
no_lstm,NoLSTM,tp09_L3_p0p42,timepoint_mask,3.0,0.42,run2,fold02,1,0,9
no_lstm,NoLSTM,tp09_L3_p0p42,timepoint_mask,3.0,0.42,run2,fold02,1,1,20
no_lstm,NoLSTM,tp09_L3_p0p42,timepoint_mask,3.0,0.42,run2,fold02,1,2,2
no_lstm,NoLSTM,tp09_L3_p0p42,timepoint_mask,3.0,0.42,run2,fold02,2,0,2
no_lstm,NoLSTM,tp09_L3_p0p42,timepoint_mask,3.0,0.42,run2,fold02,2,1,6
no_lstm,NoLSTM,tp09_L3_p0p42,timepoint_mask,3.0,0.42,run2,fold02,2,2,6
no_lstm,NoLSTM,tp09_L3_p0p42,timepoint_mask,3.0,0.42,run2,fold03,0,0,20
no_lstm,NoLSTM,tp09_L3_p0p42,timepoint_mask,3.0,0.42,run2,fold03,0,1,4
no_lstm,NoLSTM,tp09_L3_p0p42,timepoint_mask,3.0,0.42,run2,fold03,0,2,2
no_lstm,NoLSTM,tp09_L3_p0p42,timepoint_mask,3.0,0.42,run2,fold03,1,0,4
no_lstm,NoLSTM,tp09_L3_p0p42,timepoint_mask,3.0,0.42,run2,fold03,1,1,22
no_lstm,NoLSTM,tp09_L3_p0p42,timepoint_mask,3.0,0.42,run2,fold03,1,2,5
no_lstm,NoLSTM,tp09_L3_p0p42,timepoint_mask,3.0,0.42,run2,fold03,2,0,6
no_lstm,NoLSTM,tp09_L3_p0p42,timepoint_mask,3.0,0.42,run2,fold03,2,1,2
no_lstm,NoLSTM,tp09_L3_p0p42,timepoint_mask,3.0,0.42,run2,fold03,2,2,6
no_lstm,NoLSTM,tp09_L3_p0p42,timepoint_mask,3.0,0.42,run2,oof_pooled,0,0,50
no_lstm,NoLSTM,tp09_L3_p0p42,timepoint_mask,3.0,0.42,run2,oof_pooled,0,1,21
no_lstm,NoLSTM,tp09_L3_p0p42,timepoint_mask,3.0,0.42,run2,oof_pooled,0,2,8
no_lstm,NoLSTM,tp09_L3_p0p42,timepoint_mask,3.0,0.42,run2,oof_pooled,1,0,15
no_lstm,NoLSTM,tp09_L3_p0p42,timepoint_mask,3.0,0.42,run2,oof_pooled,1,1,63
no_lstm,NoLSTM,tp09_L3_p0p42,timepoint_mask,3.0,0.42,run2,oof_pooled,1,2,15
no_lstm,NoLSTM,tp09_L3_p0p42,timepoint_mask,3.0,0.42,run2,oof_pooled,2,0,8
no_lstm,NoLSTM,tp09_L3_p0p42,timepoint_mask,3.0,0.42,run2,oof_pooled,2,1,13
no_lstm,NoLSTM,tp09_L3_p0p42,timepoint_mask,3.0,0.42,run2,oof_pooled,2,2,21
no_lstm,NoLSTM,tp10_L3_p0p65,timepoint_mask,3.0,0.65,run1,fold01,0,0,102
no_lstm,NoLSTM,tp10_L3_p0p65,timepoint_mask,3.0,0.65,run1,fold01,0,1,30
no_lstm,NoLSTM,tp10_L3_p0p65,timepoint_mask,3.0,0.65,run1,fold01,0,2,2
no_lstm,NoLSTM,tp10_L3_p0p65,timepoint_mask,3.0,0.65,run1,fold01,1,0,31
no_lstm,NoLSTM,tp10_L3_p0p65,timepoint_mask,3.0,0.65,run1,fold01,1,1,117
no_lstm,NoLSTM,tp10_L3_p0p65,timepoint_mask,3.0,0.65,run1,fold01,1,2,4
no_lstm,NoLSTM,tp10_L3_p0p65,timepoint_mask,3.0,0.65,run1,fold01,2,0,4
no_lstm,NoLSTM,tp10_L3_p0p65,timepoint_mask,3.0,0.65,run1,fold01,2,1,10
no_lstm,NoLSTM,tp10_L3_p0p65,timepoint_mask,3.0,0.65,run1,fold01,2,2,27
no_lstm,NoLSTM,tp10_L3_p0p65,timepoint_mask,3.0,0.65,run1,fold02,0,0,101
no_lstm,NoLSTM,tp10_L3_p0p65,timepoint_mask,3.0,0.65,run1,fold02,0,1,30
no_lstm,NoLSTM,tp10_L3_p0p65,timepoint_mask,3.0,0.65,run1,fold02,0,2,3
no_lstm,NoLSTM,tp10_L3_p0p65,timepoint_mask,3.0,0.65,run1,fold02,1,0,31
no_lstm,NoLSTM,tp10_L3_p0p65,timepoint_mask,3.0,0.65,run1,fold02,1,1,113
no_lstm,NoLSTM,tp10_L3_p0p65,timepoint_mask,3.0,0.65,run1,fold02,1,2,8
no_lstm,NoLSTM,tp10_L3_p0p65,timepoint_mask,3.0,0.65,run1,fold02,2,0,5
no_lstm,NoLSTM,tp10_L3_p0p65,timepoint_mask,3.0,0.65,run1,fold02,2,1,7
no_lstm,NoLSTM,tp10_L3_p0p65,timepoint_mask,3.0,0.65,run1,fold02,2,2,28
no_lstm,NoLSTM,tp10_L3_p0p65,timepoint_mask,3.0,0.65,run1,fold03,0,0,104
no_lstm,NoLSTM,tp10_L3_p0p65,timepoint_mask,3.0,0.65,run1,fold03,0,1,23
no_lstm,NoLSTM,tp10_L3_p0p65,timepoint_mask,3.0,0.65,run1,fold03,0,2,7
no_lstm,NoLSTM,tp10_L3_p0p65,timepoint_mask,3.0,0.65,run1,fold03,1,0,25
no_lstm,NoLSTM,tp10_L3_p0p65,timepoint_mask,3.0,0.65,run1,fold03,1,1,120
no_lstm,NoLSTM,tp10_L3_p0p65,timepoint_mask,3.0,0.65,run1,fold03,1,2,7
no_lstm,NoLSTM,tp10_L3_p0p65,timepoint_mask,3.0,0.65,run1,fold03,2,0,3
no_lstm,NoLSTM,tp10_L3_p0p65,timepoint_mask,3.0,0.65,run1,fold03,2,1,7
no_lstm,NoLSTM,tp10_L3_p0p65,timepoint_mask,3.0,0.65,run1,fold03,2,2,30
no_lstm,NoLSTM,tp10_L3_p0p65,timepoint_mask,3.0,0.65,run1,oof_pooled,0,0,307
no_lstm,NoLSTM,tp10_L3_p0p65,timepoint_mask,3.0,0.65,run1,oof_pooled,0,1,83
no_lstm,NoLSTM,tp10_L3_p0p65,timepoint_mask,3.0,0.65,run1,oof_pooled,0,2,12
no_lstm,NoLSTM,tp10_L3_p0p65,timepoint_mask,3.0,0.65,run1,oof_pooled,1,0,87
no_lstm,NoLSTM,tp10_L3_p0p65,timepoint_mask,3.0,0.65,run1,oof_pooled,1,1,350
no_lstm,NoLSTM,tp10_L3_p0p65,timepoint_mask,3.0,0.65,run1,oof_pooled,1,2,19
no_lstm,NoLSTM,tp10_L3_p0p65,timepoint_mask,3.0,0.65,run1,oof_pooled,2,0,12
no_lstm,NoLSTM,tp10_L3_p0p65,timepoint_mask,3.0,0.65,run1,oof_pooled,2,1,24
no_lstm,NoLSTM,tp10_L3_p0p65,timepoint_mask,3.0,0.65,run1,oof_pooled,2,2,85
no_lstm,NoLSTM,tp10_L3_p0p65,timepoint_mask,3.0,0.65,run2,fold01,0,0,16
no_lstm,NoLSTM,tp10_L3_p0p65,timepoint_mask,3.0,0.65,run2,fold01,0,1,6
no_lstm,NoLSTM,tp10_L3_p0p65,timepoint_mask,3.0,0.65,run2,fold01,0,2,5
no_lstm,NoLSTM,tp10_L3_p0p65,timepoint_mask,3.0,0.65,run2,fold01,1,0,2
no_lstm,NoLSTM,tp10_L3_p0p65,timepoint_mask,3.0,0.65,run2,fold01,1,1,21
no_lstm,NoLSTM,tp10_L3_p0p65,timepoint_mask,3.0,0.65,run2,fold01,1,2,8
no_lstm,NoLSTM,tp10_L3_p0p65,timepoint_mask,3.0,0.65,run2,fold01,2,0,0
no_lstm,NoLSTM,tp10_L3_p0p65,timepoint_mask,3.0,0.65,run2,fold01,2,1,5
no_lstm,NoLSTM,tp10_L3_p0p65,timepoint_mask,3.0,0.65,run2,fold01,2,2,9
no_lstm,NoLSTM,tp10_L3_p0p65,timepoint_mask,3.0,0.65,run2,fold02,0,0,14
no_lstm,NoLSTM,tp10_L3_p0p65,timepoint_mask,3.0,0.65,run2,fold02,0,1,11
no_lstm,NoLSTM,tp10_L3_p0p65,timepoint_mask,3.0,0.65,run2,fold02,0,2,1
no_lstm,NoLSTM,tp10_L3_p0p65,timepoint_mask,3.0,0.65,run2,fold02,1,0,9
no_lstm,NoLSTM,tp10_L3_p0p65,timepoint_mask,3.0,0.65,run2,fold02,1,1,20
no_lstm,NoLSTM,tp10_L3_p0p65,timepoint_mask,3.0,0.65,run2,fold02,1,2,2
no_lstm,NoLSTM,tp10_L3_p0p65,timepoint_mask,3.0,0.65,run2,fold02,2,0,2
no_lstm,NoLSTM,tp10_L3_p0p65,timepoint_mask,3.0,0.65,run2,fold02,2,1,6
no_lstm,NoLSTM,tp10_L3_p0p65,timepoint_mask,3.0,0.65,run2,fold02,2,2,6
no_lstm,NoLSTM,tp10_L3_p0p65,timepoint_mask,3.0,0.65,run2,fold03,0,0,20
no_lstm,NoLSTM,tp10_L3_p0p65,timepoint_mask,3.0,0.65,run2,fold03,0,1,4
no_lstm,NoLSTM,tp10_L3_p0p65,timepoint_mask,3.0,0.65,run2,fold03,0,2,2
no_lstm,NoLSTM,tp10_L3_p0p65,timepoint_mask,3.0,0.65,run2,fold03,1,0,4
no_lstm,NoLSTM,tp10_L3_p0p65,timepoint_mask,3.0,0.65,run2,fold03,1,1,22
no_lstm,NoLSTM,tp10_L3_p0p65,timepoint_mask,3.0,0.65,run2,fold03,1,2,5
no_lstm,NoLSTM,tp10_L3_p0p65,timepoint_mask,3.0,0.65,run2,fold03,2,0,6
no_lstm,NoLSTM,tp10_L3_p0p65,timepoint_mask,3.0,0.65,run2,fold03,2,1,2
no_lstm,NoLSTM,tp10_L3_p0p65,timepoint_mask,3.0,0.65,run2,fold03,2,2,6
no_lstm,NoLSTM,tp10_L3_p0p65,timepoint_mask,3.0,0.65,run2,oof_pooled,0,0,50
no_lstm,NoLSTM,tp10_L3_p0p65,timepoint_mask,3.0,0.65,run2,oof_pooled,0,1,21
no_lstm,NoLSTM,tp10_L3_p0p65,timepoint_mask,3.0,0.65,run2,oof_pooled,0,2,8
no_lstm,NoLSTM,tp10_L3_p0p65,timepoint_mask,3.0,0.65,run2,oof_pooled,1,0,15
no_lstm,NoLSTM,tp10_L3_p0p65,timepoint_mask,3.0,0.65,run2,oof_pooled,1,1,63
no_lstm,NoLSTM,tp10_L3_p0p65,timepoint_mask,3.0,0.65,run2,oof_pooled,1,2,15
no_lstm,NoLSTM,tp10_L3_p0p65,timepoint_mask,3.0,0.65,run2,oof_pooled,2,0,8
no_lstm,NoLSTM,tp10_L3_p0p65,timepoint_mask,3.0,0.65,run2,oof_pooled,2,1,13
no_lstm,NoLSTM,tp10_L3_p0p65,timepoint_mask,3.0,0.65,run2,oof_pooled,2,2,21
no_lstm,NoLSTM,tp11_L3_p0p95,timepoint_mask,3.0,0.95,run1,fold01,0,0,102
no_lstm,NoLSTM,tp11_L3_p0p95,timepoint_mask,3.0,0.95,run1,fold01,0,1,30
no_lstm,NoLSTM,tp11_L3_p0p95,timepoint_mask,3.0,0.95,run1,fold01,0,2,2
no_lstm,NoLSTM,tp11_L3_p0p95,timepoint_mask,3.0,0.95,run1,fold01,1,0,31
no_lstm,NoLSTM,tp11_L3_p0p95,timepoint_mask,3.0,0.95,run1,fold01,1,1,117
no_lstm,NoLSTM,tp11_L3_p0p95,timepoint_mask,3.0,0.95,run1,fold01,1,2,4
no_lstm,NoLSTM,tp11_L3_p0p95,timepoint_mask,3.0,0.95,run1,fold01,2,0,4
no_lstm,NoLSTM,tp11_L3_p0p95,timepoint_mask,3.0,0.95,run1,fold01,2,1,10
no_lstm,NoLSTM,tp11_L3_p0p95,timepoint_mask,3.0,0.95,run1,fold01,2,2,27
no_lstm,NoLSTM,tp11_L3_p0p95,timepoint_mask,3.0,0.95,run1,fold02,0,0,101
no_lstm,NoLSTM,tp11_L3_p0p95,timepoint_mask,3.0,0.95,run1,fold02,0,1,30
no_lstm,NoLSTM,tp11_L3_p0p95,timepoint_mask,3.0,0.95,run1,fold02,0,2,3
no_lstm,NoLSTM,tp11_L3_p0p95,timepoint_mask,3.0,0.95,run1,fold02,1,0,31
no_lstm,NoLSTM,tp11_L3_p0p95,timepoint_mask,3.0,0.95,run1,fold02,1,1,113
no_lstm,NoLSTM,tp11_L3_p0p95,timepoint_mask,3.0,0.95,run1,fold02,1,2,8
no_lstm,NoLSTM,tp11_L3_p0p95,timepoint_mask,3.0,0.95,run1,fold02,2,0,5
no_lstm,NoLSTM,tp11_L3_p0p95,timepoint_mask,3.0,0.95,run1,fold02,2,1,7
no_lstm,NoLSTM,tp11_L3_p0p95,timepoint_mask,3.0,0.95,run1,fold02,2,2,28
no_lstm,NoLSTM,tp11_L3_p0p95,timepoint_mask,3.0,0.95,run1,fold03,0,0,104
no_lstm,NoLSTM,tp11_L3_p0p95,timepoint_mask,3.0,0.95,run1,fold03,0,1,23
no_lstm,NoLSTM,tp11_L3_p0p95,timepoint_mask,3.0,0.95,run1,fold03,0,2,7
no_lstm,NoLSTM,tp11_L3_p0p95,timepoint_mask,3.0,0.95,run1,fold03,1,0,25
no_lstm,NoLSTM,tp11_L3_p0p95,timepoint_mask,3.0,0.95,run1,fold03,1,1,120
no_lstm,NoLSTM,tp11_L3_p0p95,timepoint_mask,3.0,0.95,run1,fold03,1,2,7
no_lstm,NoLSTM,tp11_L3_p0p95,timepoint_mask,3.0,0.95,run1,fold03,2,0,3
no_lstm,NoLSTM,tp11_L3_p0p95,timepoint_mask,3.0,0.95,run1,fold03,2,1,7
no_lstm,NoLSTM,tp11_L3_p0p95,timepoint_mask,3.0,0.95,run1,fold03,2,2,30
no_lstm,NoLSTM,tp11_L3_p0p95,timepoint_mask,3.0,0.95,run1,oof_pooled,0,0,307
no_lstm,NoLSTM,tp11_L3_p0p95,timepoint_mask,3.0,0.95,run1,oof_pooled,0,1,83
no_lstm,NoLSTM,tp11_L3_p0p95,timepoint_mask,3.0,0.95,run1,oof_pooled,0,2,12
no_lstm,NoLSTM,tp11_L3_p0p95,timepoint_mask,3.0,0.95,run1,oof_pooled,1,0,87
no_lstm,NoLSTM,tp11_L3_p0p95,timepoint_mask,3.0,0.95,run1,oof_pooled,1,1,350
no_lstm,NoLSTM,tp11_L3_p0p95,timepoint_mask,3.0,0.95,run1,oof_pooled,1,2,19
no_lstm,NoLSTM,tp11_L3_p0p95,timepoint_mask,3.0,0.95,run1,oof_pooled,2,0,12
no_lstm,NoLSTM,tp11_L3_p0p95,timepoint_mask,3.0,0.95,run1,oof_pooled,2,1,24
no_lstm,NoLSTM,tp11_L3_p0p95,timepoint_mask,3.0,0.95,run1,oof_pooled,2,2,85
no_lstm,NoLSTM,tp11_L3_p0p95,timepoint_mask,3.0,0.95,run2,fold01,0,0,16
no_lstm,NoLSTM,tp11_L3_p0p95,timepoint_mask,3.0,0.95,run2,fold01,0,1,6
no_lstm,NoLSTM,tp11_L3_p0p95,timepoint_mask,3.0,0.95,run2,fold01,0,2,5
no_lstm,NoLSTM,tp11_L3_p0p95,timepoint_mask,3.0,0.95,run2,fold01,1,0,2
no_lstm,NoLSTM,tp11_L3_p0p95,timepoint_mask,3.0,0.95,run2,fold01,1,1,21
no_lstm,NoLSTM,tp11_L3_p0p95,timepoint_mask,3.0,0.95,run2,fold01,1,2,8
no_lstm,NoLSTM,tp11_L3_p0p95,timepoint_mask,3.0,0.95,run2,fold01,2,0,0
no_lstm,NoLSTM,tp11_L3_p0p95,timepoint_mask,3.0,0.95,run2,fold01,2,1,5
no_lstm,NoLSTM,tp11_L3_p0p95,timepoint_mask,3.0,0.95,run2,fold01,2,2,9
no_lstm,NoLSTM,tp11_L3_p0p95,timepoint_mask,3.0,0.95,run2,fold02,0,0,14
no_lstm,NoLSTM,tp11_L3_p0p95,timepoint_mask,3.0,0.95,run2,fold02,0,1,11
no_lstm,NoLSTM,tp11_L3_p0p95,timepoint_mask,3.0,0.95,run2,fold02,0,2,1
no_lstm,NoLSTM,tp11_L3_p0p95,timepoint_mask,3.0,0.95,run2,fold02,1,0,9
no_lstm,NoLSTM,tp11_L3_p0p95,timepoint_mask,3.0,0.95,run2,fold02,1,1,20
no_lstm,NoLSTM,tp11_L3_p0p95,timepoint_mask,3.0,0.95,run2,fold02,1,2,2
no_lstm,NoLSTM,tp11_L3_p0p95,timepoint_mask,3.0,0.95,run2,fold02,2,0,2
no_lstm,NoLSTM,tp11_L3_p0p95,timepoint_mask,3.0,0.95,run2,fold02,2,1,6
no_lstm,NoLSTM,tp11_L3_p0p95,timepoint_mask,3.0,0.95,run2,fold02,2,2,6
no_lstm,NoLSTM,tp11_L3_p0p95,timepoint_mask,3.0,0.95,run2,fold03,0,0,20
no_lstm,NoLSTM,tp11_L3_p0p95,timepoint_mask,3.0,0.95,run2,fold03,0,1,4
no_lstm,NoLSTM,tp11_L3_p0p95,timepoint_mask,3.0,0.95,run2,fold03,0,2,2
no_lstm,NoLSTM,tp11_L3_p0p95,timepoint_mask,3.0,0.95,run2,fold03,1,0,4
no_lstm,NoLSTM,tp11_L3_p0p95,timepoint_mask,3.0,0.95,run2,fold03,1,1,22
no_lstm,NoLSTM,tp11_L3_p0p95,timepoint_mask,3.0,0.95,run2,fold03,1,2,5
no_lstm,NoLSTM,tp11_L3_p0p95,timepoint_mask,3.0,0.95,run2,fold03,2,0,6
no_lstm,NoLSTM,tp11_L3_p0p95,timepoint_mask,3.0,0.95,run2,fold03,2,1,2
no_lstm,NoLSTM,tp11_L3_p0p95,timepoint_mask,3.0,0.95,run2,fold03,2,2,6
no_lstm,NoLSTM,tp11_L3_p0p95,timepoint_mask,3.0,0.95,run2,oof_pooled,0,0,50
no_lstm,NoLSTM,tp11_L3_p0p95,timepoint_mask,3.0,0.95,run2,oof_pooled,0,1,21
no_lstm,NoLSTM,tp11_L3_p0p95,timepoint_mask,3.0,0.95,run2,oof_pooled,0,2,8
no_lstm,NoLSTM,tp11_L3_p0p95,timepoint_mask,3.0,0.95,run2,oof_pooled,1,0,15
no_lstm,NoLSTM,tp11_L3_p0p95,timepoint_mask,3.0,0.95,run2,oof_pooled,1,1,63
no_lstm,NoLSTM,tp11_L3_p0p95,timepoint_mask,3.0,0.95,run2,oof_pooled,1,2,15
no_lstm,NoLSTM,tp11_L3_p0p95,timepoint_mask,3.0,0.95,run2,oof_pooled,2,0,8
no_lstm,NoLSTM,tp11_L3_p0p95,timepoint_mask,3.0,0.95,run2,oof_pooled,2,1,13
no_lstm,NoLSTM,tp11_L3_p0p95,timepoint_mask,3.0,0.95,run2,oof_pooled,2,2,21
no_lstm,NoLSTM,tp12_L4_m0p56,timepoint_mask,4.0,-0.56,run1,fold01,0,0,101
no_lstm,NoLSTM,tp12_L4_m0p56,timepoint_mask,4.0,-0.56,run1,fold01,0,1,30
no_lstm,NoLSTM,tp12_L4_m0p56,timepoint_mask,4.0,-0.56,run1,fold01,0,2,3
no_lstm,NoLSTM,tp12_L4_m0p56,timepoint_mask,4.0,-0.56,run1,fold01,1,0,33
no_lstm,NoLSTM,tp12_L4_m0p56,timepoint_mask,4.0,-0.56,run1,fold01,1,1,110
no_lstm,NoLSTM,tp12_L4_m0p56,timepoint_mask,4.0,-0.56,run1,fold01,1,2,9
no_lstm,NoLSTM,tp12_L4_m0p56,timepoint_mask,4.0,-0.56,run1,fold01,2,0,4
no_lstm,NoLSTM,tp12_L4_m0p56,timepoint_mask,4.0,-0.56,run1,fold01,2,1,10
no_lstm,NoLSTM,tp12_L4_m0p56,timepoint_mask,4.0,-0.56,run1,fold01,2,2,27
no_lstm,NoLSTM,tp12_L4_m0p56,timepoint_mask,4.0,-0.56,run1,fold02,0,0,101
no_lstm,NoLSTM,tp12_L4_m0p56,timepoint_mask,4.0,-0.56,run1,fold02,0,1,30
no_lstm,NoLSTM,tp12_L4_m0p56,timepoint_mask,4.0,-0.56,run1,fold02,0,2,3
no_lstm,NoLSTM,tp12_L4_m0p56,timepoint_mask,4.0,-0.56,run1,fold02,1,0,32
no_lstm,NoLSTM,tp12_L4_m0p56,timepoint_mask,4.0,-0.56,run1,fold02,1,1,110
no_lstm,NoLSTM,tp12_L4_m0p56,timepoint_mask,4.0,-0.56,run1,fold02,1,2,10
no_lstm,NoLSTM,tp12_L4_m0p56,timepoint_mask,4.0,-0.56,run1,fold02,2,0,6
no_lstm,NoLSTM,tp12_L4_m0p56,timepoint_mask,4.0,-0.56,run1,fold02,2,1,6
no_lstm,NoLSTM,tp12_L4_m0p56,timepoint_mask,4.0,-0.56,run1,fold02,2,2,28
no_lstm,NoLSTM,tp12_L4_m0p56,timepoint_mask,4.0,-0.56,run1,fold03,0,0,104
no_lstm,NoLSTM,tp12_L4_m0p56,timepoint_mask,4.0,-0.56,run1,fold03,0,1,23
no_lstm,NoLSTM,tp12_L4_m0p56,timepoint_mask,4.0,-0.56,run1,fold03,0,2,7
no_lstm,NoLSTM,tp12_L4_m0p56,timepoint_mask,4.0,-0.56,run1,fold03,1,0,25
no_lstm,NoLSTM,tp12_L4_m0p56,timepoint_mask,4.0,-0.56,run1,fold03,1,1,115
no_lstm,NoLSTM,tp12_L4_m0p56,timepoint_mask,4.0,-0.56,run1,fold03,1,2,12
no_lstm,NoLSTM,tp12_L4_m0p56,timepoint_mask,4.0,-0.56,run1,fold03,2,0,3
no_lstm,NoLSTM,tp12_L4_m0p56,timepoint_mask,4.0,-0.56,run1,fold03,2,1,7
no_lstm,NoLSTM,tp12_L4_m0p56,timepoint_mask,4.0,-0.56,run1,fold03,2,2,30
no_lstm,NoLSTM,tp12_L4_m0p56,timepoint_mask,4.0,-0.56,run1,oof_pooled,0,0,306
no_lstm,NoLSTM,tp12_L4_m0p56,timepoint_mask,4.0,-0.56,run1,oof_pooled,0,1,83
no_lstm,NoLSTM,tp12_L4_m0p56,timepoint_mask,4.0,-0.56,run1,oof_pooled,0,2,13
no_lstm,NoLSTM,tp12_L4_m0p56,timepoint_mask,4.0,-0.56,run1,oof_pooled,1,0,90
no_lstm,NoLSTM,tp12_L4_m0p56,timepoint_mask,4.0,-0.56,run1,oof_pooled,1,1,335
no_lstm,NoLSTM,tp12_L4_m0p56,timepoint_mask,4.0,-0.56,run1,oof_pooled,1,2,31
no_lstm,NoLSTM,tp12_L4_m0p56,timepoint_mask,4.0,-0.56,run1,oof_pooled,2,0,13
no_lstm,NoLSTM,tp12_L4_m0p56,timepoint_mask,4.0,-0.56,run1,oof_pooled,2,1,23
no_lstm,NoLSTM,tp12_L4_m0p56,timepoint_mask,4.0,-0.56,run1,oof_pooled,2,2,85
no_lstm,NoLSTM,tp12_L4_m0p56,timepoint_mask,4.0,-0.56,run2,fold01,0,0,16
no_lstm,NoLSTM,tp12_L4_m0p56,timepoint_mask,4.0,-0.56,run2,fold01,0,1,6
no_lstm,NoLSTM,tp12_L4_m0p56,timepoint_mask,4.0,-0.56,run2,fold01,0,2,5
no_lstm,NoLSTM,tp12_L4_m0p56,timepoint_mask,4.0,-0.56,run2,fold01,1,0,2
no_lstm,NoLSTM,tp12_L4_m0p56,timepoint_mask,4.0,-0.56,run2,fold01,1,1,21
no_lstm,NoLSTM,tp12_L4_m0p56,timepoint_mask,4.0,-0.56,run2,fold01,1,2,8
no_lstm,NoLSTM,tp12_L4_m0p56,timepoint_mask,4.0,-0.56,run2,fold01,2,0,0
no_lstm,NoLSTM,tp12_L4_m0p56,timepoint_mask,4.0,-0.56,run2,fold01,2,1,5
no_lstm,NoLSTM,tp12_L4_m0p56,timepoint_mask,4.0,-0.56,run2,fold01,2,2,9
no_lstm,NoLSTM,tp12_L4_m0p56,timepoint_mask,4.0,-0.56,run2,fold02,0,0,14
no_lstm,NoLSTM,tp12_L4_m0p56,timepoint_mask,4.0,-0.56,run2,fold02,0,1,11
no_lstm,NoLSTM,tp12_L4_m0p56,timepoint_mask,4.0,-0.56,run2,fold02,0,2,1
no_lstm,NoLSTM,tp12_L4_m0p56,timepoint_mask,4.0,-0.56,run2,fold02,1,0,9
no_lstm,NoLSTM,tp12_L4_m0p56,timepoint_mask,4.0,-0.56,run2,fold02,1,1,20
no_lstm,NoLSTM,tp12_L4_m0p56,timepoint_mask,4.0,-0.56,run2,fold02,1,2,2
no_lstm,NoLSTM,tp12_L4_m0p56,timepoint_mask,4.0,-0.56,run2,fold02,2,0,2
no_lstm,NoLSTM,tp12_L4_m0p56,timepoint_mask,4.0,-0.56,run2,fold02,2,1,6
no_lstm,NoLSTM,tp12_L4_m0p56,timepoint_mask,4.0,-0.56,run2,fold02,2,2,6
no_lstm,NoLSTM,tp12_L4_m0p56,timepoint_mask,4.0,-0.56,run2,fold03,0,0,20
no_lstm,NoLSTM,tp12_L4_m0p56,timepoint_mask,4.0,-0.56,run2,fold03,0,1,4
no_lstm,NoLSTM,tp12_L4_m0p56,timepoint_mask,4.0,-0.56,run2,fold03,0,2,2
no_lstm,NoLSTM,tp12_L4_m0p56,timepoint_mask,4.0,-0.56,run2,fold03,1,0,4
no_lstm,NoLSTM,tp12_L4_m0p56,timepoint_mask,4.0,-0.56,run2,fold03,1,1,22
no_lstm,NoLSTM,tp12_L4_m0p56,timepoint_mask,4.0,-0.56,run2,fold03,1,2,5
no_lstm,NoLSTM,tp12_L4_m0p56,timepoint_mask,4.0,-0.56,run2,fold03,2,0,6
no_lstm,NoLSTM,tp12_L4_m0p56,timepoint_mask,4.0,-0.56,run2,fold03,2,1,2
no_lstm,NoLSTM,tp12_L4_m0p56,timepoint_mask,4.0,-0.56,run2,fold03,2,2,6
no_lstm,NoLSTM,tp12_L4_m0p56,timepoint_mask,4.0,-0.56,run2,oof_pooled,0,0,50
no_lstm,NoLSTM,tp12_L4_m0p56,timepoint_mask,4.0,-0.56,run2,oof_pooled,0,1,21
no_lstm,NoLSTM,tp12_L4_m0p56,timepoint_mask,4.0,-0.56,run2,oof_pooled,0,2,8
no_lstm,NoLSTM,tp12_L4_m0p56,timepoint_mask,4.0,-0.56,run2,oof_pooled,1,0,15
no_lstm,NoLSTM,tp12_L4_m0p56,timepoint_mask,4.0,-0.56,run2,oof_pooled,1,1,63
no_lstm,NoLSTM,tp12_L4_m0p56,timepoint_mask,4.0,-0.56,run2,oof_pooled,1,2,15
no_lstm,NoLSTM,tp12_L4_m0p56,timepoint_mask,4.0,-0.56,run2,oof_pooled,2,0,8
no_lstm,NoLSTM,tp12_L4_m0p56,timepoint_mask,4.0,-0.56,run2,oof_pooled,2,1,13
no_lstm,NoLSTM,tp12_L4_m0p56,timepoint_mask,4.0,-0.56,run2,oof_pooled,2,2,21
no_lstm,NoLSTM,tp13_L4_m0p55,timepoint_mask,4.0,-0.55,run1,fold01,0,0,101
no_lstm,NoLSTM,tp13_L4_m0p55,timepoint_mask,4.0,-0.55,run1,fold01,0,1,30
no_lstm,NoLSTM,tp13_L4_m0p55,timepoint_mask,4.0,-0.55,run1,fold01,0,2,3
no_lstm,NoLSTM,tp13_L4_m0p55,timepoint_mask,4.0,-0.55,run1,fold01,1,0,33
no_lstm,NoLSTM,tp13_L4_m0p55,timepoint_mask,4.0,-0.55,run1,fold01,1,1,110
no_lstm,NoLSTM,tp13_L4_m0p55,timepoint_mask,4.0,-0.55,run1,fold01,1,2,9
no_lstm,NoLSTM,tp13_L4_m0p55,timepoint_mask,4.0,-0.55,run1,fold01,2,0,4
no_lstm,NoLSTM,tp13_L4_m0p55,timepoint_mask,4.0,-0.55,run1,fold01,2,1,10
no_lstm,NoLSTM,tp13_L4_m0p55,timepoint_mask,4.0,-0.55,run1,fold01,2,2,27
no_lstm,NoLSTM,tp13_L4_m0p55,timepoint_mask,4.0,-0.55,run1,fold02,0,0,101
no_lstm,NoLSTM,tp13_L4_m0p55,timepoint_mask,4.0,-0.55,run1,fold02,0,1,30
no_lstm,NoLSTM,tp13_L4_m0p55,timepoint_mask,4.0,-0.55,run1,fold02,0,2,3
no_lstm,NoLSTM,tp13_L4_m0p55,timepoint_mask,4.0,-0.55,run1,fold02,1,0,33
no_lstm,NoLSTM,tp13_L4_m0p55,timepoint_mask,4.0,-0.55,run1,fold02,1,1,109
no_lstm,NoLSTM,tp13_L4_m0p55,timepoint_mask,4.0,-0.55,run1,fold02,1,2,10
no_lstm,NoLSTM,tp13_L4_m0p55,timepoint_mask,4.0,-0.55,run1,fold02,2,0,6
no_lstm,NoLSTM,tp13_L4_m0p55,timepoint_mask,4.0,-0.55,run1,fold02,2,1,6
no_lstm,NoLSTM,tp13_L4_m0p55,timepoint_mask,4.0,-0.55,run1,fold02,2,2,28
no_lstm,NoLSTM,tp13_L4_m0p55,timepoint_mask,4.0,-0.55,run1,fold03,0,0,104
no_lstm,NoLSTM,tp13_L4_m0p55,timepoint_mask,4.0,-0.55,run1,fold03,0,1,23
no_lstm,NoLSTM,tp13_L4_m0p55,timepoint_mask,4.0,-0.55,run1,fold03,0,2,7
no_lstm,NoLSTM,tp13_L4_m0p55,timepoint_mask,4.0,-0.55,run1,fold03,1,0,25
no_lstm,NoLSTM,tp13_L4_m0p55,timepoint_mask,4.0,-0.55,run1,fold03,1,1,115
no_lstm,NoLSTM,tp13_L4_m0p55,timepoint_mask,4.0,-0.55,run1,fold03,1,2,12
no_lstm,NoLSTM,tp13_L4_m0p55,timepoint_mask,4.0,-0.55,run1,fold03,2,0,3
no_lstm,NoLSTM,tp13_L4_m0p55,timepoint_mask,4.0,-0.55,run1,fold03,2,1,7
no_lstm,NoLSTM,tp13_L4_m0p55,timepoint_mask,4.0,-0.55,run1,fold03,2,2,30
no_lstm,NoLSTM,tp13_L4_m0p55,timepoint_mask,4.0,-0.55,run1,oof_pooled,0,0,306
no_lstm,NoLSTM,tp13_L4_m0p55,timepoint_mask,4.0,-0.55,run1,oof_pooled,0,1,83
no_lstm,NoLSTM,tp13_L4_m0p55,timepoint_mask,4.0,-0.55,run1,oof_pooled,0,2,13
no_lstm,NoLSTM,tp13_L4_m0p55,timepoint_mask,4.0,-0.55,run1,oof_pooled,1,0,91
no_lstm,NoLSTM,tp13_L4_m0p55,timepoint_mask,4.0,-0.55,run1,oof_pooled,1,1,334
no_lstm,NoLSTM,tp13_L4_m0p55,timepoint_mask,4.0,-0.55,run1,oof_pooled,1,2,31
no_lstm,NoLSTM,tp13_L4_m0p55,timepoint_mask,4.0,-0.55,run1,oof_pooled,2,0,13
no_lstm,NoLSTM,tp13_L4_m0p55,timepoint_mask,4.0,-0.55,run1,oof_pooled,2,1,23
no_lstm,NoLSTM,tp13_L4_m0p55,timepoint_mask,4.0,-0.55,run1,oof_pooled,2,2,85
no_lstm,NoLSTM,tp13_L4_m0p55,timepoint_mask,4.0,-0.55,run2,fold01,0,0,16
no_lstm,NoLSTM,tp13_L4_m0p55,timepoint_mask,4.0,-0.55,run2,fold01,0,1,6
no_lstm,NoLSTM,tp13_L4_m0p55,timepoint_mask,4.0,-0.55,run2,fold01,0,2,5
no_lstm,NoLSTM,tp13_L4_m0p55,timepoint_mask,4.0,-0.55,run2,fold01,1,0,2
no_lstm,NoLSTM,tp13_L4_m0p55,timepoint_mask,4.0,-0.55,run2,fold01,1,1,21
no_lstm,NoLSTM,tp13_L4_m0p55,timepoint_mask,4.0,-0.55,run2,fold01,1,2,8
no_lstm,NoLSTM,tp13_L4_m0p55,timepoint_mask,4.0,-0.55,run2,fold01,2,0,0
no_lstm,NoLSTM,tp13_L4_m0p55,timepoint_mask,4.0,-0.55,run2,fold01,2,1,5
no_lstm,NoLSTM,tp13_L4_m0p55,timepoint_mask,4.0,-0.55,run2,fold01,2,2,9
no_lstm,NoLSTM,tp13_L4_m0p55,timepoint_mask,4.0,-0.55,run2,fold02,0,0,14
no_lstm,NoLSTM,tp13_L4_m0p55,timepoint_mask,4.0,-0.55,run2,fold02,0,1,11
no_lstm,NoLSTM,tp13_L4_m0p55,timepoint_mask,4.0,-0.55,run2,fold02,0,2,1
no_lstm,NoLSTM,tp13_L4_m0p55,timepoint_mask,4.0,-0.55,run2,fold02,1,0,9
no_lstm,NoLSTM,tp13_L4_m0p55,timepoint_mask,4.0,-0.55,run2,fold02,1,1,20
no_lstm,NoLSTM,tp13_L4_m0p55,timepoint_mask,4.0,-0.55,run2,fold02,1,2,2
no_lstm,NoLSTM,tp13_L4_m0p55,timepoint_mask,4.0,-0.55,run2,fold02,2,0,2
no_lstm,NoLSTM,tp13_L4_m0p55,timepoint_mask,4.0,-0.55,run2,fold02,2,1,6
no_lstm,NoLSTM,tp13_L4_m0p55,timepoint_mask,4.0,-0.55,run2,fold02,2,2,6
no_lstm,NoLSTM,tp13_L4_m0p55,timepoint_mask,4.0,-0.55,run2,fold03,0,0,20
no_lstm,NoLSTM,tp13_L4_m0p55,timepoint_mask,4.0,-0.55,run2,fold03,0,1,4
no_lstm,NoLSTM,tp13_L4_m0p55,timepoint_mask,4.0,-0.55,run2,fold03,0,2,2
no_lstm,NoLSTM,tp13_L4_m0p55,timepoint_mask,4.0,-0.55,run2,fold03,1,0,4
no_lstm,NoLSTM,tp13_L4_m0p55,timepoint_mask,4.0,-0.55,run2,fold03,1,1,22
no_lstm,NoLSTM,tp13_L4_m0p55,timepoint_mask,4.0,-0.55,run2,fold03,1,2,5
no_lstm,NoLSTM,tp13_L4_m0p55,timepoint_mask,4.0,-0.55,run2,fold03,2,0,6
no_lstm,NoLSTM,tp13_L4_m0p55,timepoint_mask,4.0,-0.55,run2,fold03,2,1,2
no_lstm,NoLSTM,tp13_L4_m0p55,timepoint_mask,4.0,-0.55,run2,fold03,2,2,6
no_lstm,NoLSTM,tp13_L4_m0p55,timepoint_mask,4.0,-0.55,run2,oof_pooled,0,0,50
no_lstm,NoLSTM,tp13_L4_m0p55,timepoint_mask,4.0,-0.55,run2,oof_pooled,0,1,21
no_lstm,NoLSTM,tp13_L4_m0p55,timepoint_mask,4.0,-0.55,run2,oof_pooled,0,2,8
no_lstm,NoLSTM,tp13_L4_m0p55,timepoint_mask,4.0,-0.55,run2,oof_pooled,1,0,15
no_lstm,NoLSTM,tp13_L4_m0p55,timepoint_mask,4.0,-0.55,run2,oof_pooled,1,1,63
no_lstm,NoLSTM,tp13_L4_m0p55,timepoint_mask,4.0,-0.55,run2,oof_pooled,1,2,15
no_lstm,NoLSTM,tp13_L4_m0p55,timepoint_mask,4.0,-0.55,run2,oof_pooled,2,0,8
no_lstm,NoLSTM,tp13_L4_m0p55,timepoint_mask,4.0,-0.55,run2,oof_pooled,2,1,13
no_lstm,NoLSTM,tp13_L4_m0p55,timepoint_mask,4.0,-0.55,run2,oof_pooled,2,2,21
no_lstm,NoLSTM,tp14_L5_p0p00,timepoint_mask,5.0,0.0,run1,fold01,0,0,102
no_lstm,NoLSTM,tp14_L5_p0p00,timepoint_mask,5.0,0.0,run1,fold01,0,1,30
no_lstm,NoLSTM,tp14_L5_p0p00,timepoint_mask,5.0,0.0,run1,fold01,0,2,2
no_lstm,NoLSTM,tp14_L5_p0p00,timepoint_mask,5.0,0.0,run1,fold01,1,0,31
no_lstm,NoLSTM,tp14_L5_p0p00,timepoint_mask,5.0,0.0,run1,fold01,1,1,110
no_lstm,NoLSTM,tp14_L5_p0p00,timepoint_mask,5.0,0.0,run1,fold01,1,2,11
no_lstm,NoLSTM,tp14_L5_p0p00,timepoint_mask,5.0,0.0,run1,fold01,2,0,4
no_lstm,NoLSTM,tp14_L5_p0p00,timepoint_mask,5.0,0.0,run1,fold01,2,1,10
no_lstm,NoLSTM,tp14_L5_p0p00,timepoint_mask,5.0,0.0,run1,fold01,2,2,27
no_lstm,NoLSTM,tp14_L5_p0p00,timepoint_mask,5.0,0.0,run1,fold02,0,0,101
no_lstm,NoLSTM,tp14_L5_p0p00,timepoint_mask,5.0,0.0,run1,fold02,0,1,30
no_lstm,NoLSTM,tp14_L5_p0p00,timepoint_mask,5.0,0.0,run1,fold02,0,2,3
no_lstm,NoLSTM,tp14_L5_p0p00,timepoint_mask,5.0,0.0,run1,fold02,1,0,34
no_lstm,NoLSTM,tp14_L5_p0p00,timepoint_mask,5.0,0.0,run1,fold02,1,1,111
no_lstm,NoLSTM,tp14_L5_p0p00,timepoint_mask,5.0,0.0,run1,fold02,1,2,7
no_lstm,NoLSTM,tp14_L5_p0p00,timepoint_mask,5.0,0.0,run1,fold02,2,0,5
no_lstm,NoLSTM,tp14_L5_p0p00,timepoint_mask,5.0,0.0,run1,fold02,2,1,7
no_lstm,NoLSTM,tp14_L5_p0p00,timepoint_mask,5.0,0.0,run1,fold02,2,2,28
no_lstm,NoLSTM,tp14_L5_p0p00,timepoint_mask,5.0,0.0,run1,fold03,0,0,104
no_lstm,NoLSTM,tp14_L5_p0p00,timepoint_mask,5.0,0.0,run1,fold03,0,1,23
no_lstm,NoLSTM,tp14_L5_p0p00,timepoint_mask,5.0,0.0,run1,fold03,0,2,7
no_lstm,NoLSTM,tp14_L5_p0p00,timepoint_mask,5.0,0.0,run1,fold03,1,0,28
no_lstm,NoLSTM,tp14_L5_p0p00,timepoint_mask,5.0,0.0,run1,fold03,1,1,112
no_lstm,NoLSTM,tp14_L5_p0p00,timepoint_mask,5.0,0.0,run1,fold03,1,2,12
no_lstm,NoLSTM,tp14_L5_p0p00,timepoint_mask,5.0,0.0,run1,fold03,2,0,3
no_lstm,NoLSTM,tp14_L5_p0p00,timepoint_mask,5.0,0.0,run1,fold03,2,1,7
no_lstm,NoLSTM,tp14_L5_p0p00,timepoint_mask,5.0,0.0,run1,fold03,2,2,30
no_lstm,NoLSTM,tp14_L5_p0p00,timepoint_mask,5.0,0.0,run1,oof_pooled,0,0,307
no_lstm,NoLSTM,tp14_L5_p0p00,timepoint_mask,5.0,0.0,run1,oof_pooled,0,1,83
no_lstm,NoLSTM,tp14_L5_p0p00,timepoint_mask,5.0,0.0,run1,oof_pooled,0,2,12
no_lstm,NoLSTM,tp14_L5_p0p00,timepoint_mask,5.0,0.0,run1,oof_pooled,1,0,93
no_lstm,NoLSTM,tp14_L5_p0p00,timepoint_mask,5.0,0.0,run1,oof_pooled,1,1,333
no_lstm,NoLSTM,tp14_L5_p0p00,timepoint_mask,5.0,0.0,run1,oof_pooled,1,2,30
no_lstm,NoLSTM,tp14_L5_p0p00,timepoint_mask,5.0,0.0,run1,oof_pooled,2,0,12
no_lstm,NoLSTM,tp14_L5_p0p00,timepoint_mask,5.0,0.0,run1,oof_pooled,2,1,24
no_lstm,NoLSTM,tp14_L5_p0p00,timepoint_mask,5.0,0.0,run1,oof_pooled,2,2,85
no_lstm,NoLSTM,tp14_L5_p0p00,timepoint_mask,5.0,0.0,run2,fold01,0,0,16
no_lstm,NoLSTM,tp14_L5_p0p00,timepoint_mask,5.0,0.0,run2,fold01,0,1,6
no_lstm,NoLSTM,tp14_L5_p0p00,timepoint_mask,5.0,0.0,run2,fold01,0,2,5
no_lstm,NoLSTM,tp14_L5_p0p00,timepoint_mask,5.0,0.0,run2,fold01,1,0,2
no_lstm,NoLSTM,tp14_L5_p0p00,timepoint_mask,5.0,0.0,run2,fold01,1,1,21
no_lstm,NoLSTM,tp14_L5_p0p00,timepoint_mask,5.0,0.0,run2,fold01,1,2,8
no_lstm,NoLSTM,tp14_L5_p0p00,timepoint_mask,5.0,0.0,run2,fold01,2,0,0
no_lstm,NoLSTM,tp14_L5_p0p00,timepoint_mask,5.0,0.0,run2,fold01,2,1,6
no_lstm,NoLSTM,tp14_L5_p0p00,timepoint_mask,5.0,0.0,run2,fold01,2,2,8
no_lstm,NoLSTM,tp14_L5_p0p00,timepoint_mask,5.0,0.0,run2,fold02,0,0,14
no_lstm,NoLSTM,tp14_L5_p0p00,timepoint_mask,5.0,0.0,run2,fold02,0,1,11
no_lstm,NoLSTM,tp14_L5_p0p00,timepoint_mask,5.0,0.0,run2,fold02,0,2,1
no_lstm,NoLSTM,tp14_L5_p0p00,timepoint_mask,5.0,0.0,run2,fold02,1,0,9
no_lstm,NoLSTM,tp14_L5_p0p00,timepoint_mask,5.0,0.0,run2,fold02,1,1,20
no_lstm,NoLSTM,tp14_L5_p0p00,timepoint_mask,5.0,0.0,run2,fold02,1,2,2
no_lstm,NoLSTM,tp14_L5_p0p00,timepoint_mask,5.0,0.0,run2,fold02,2,0,2
no_lstm,NoLSTM,tp14_L5_p0p00,timepoint_mask,5.0,0.0,run2,fold02,2,1,7
no_lstm,NoLSTM,tp14_L5_p0p00,timepoint_mask,5.0,0.0,run2,fold02,2,2,5
no_lstm,NoLSTM,tp14_L5_p0p00,timepoint_mask,5.0,0.0,run2,fold03,0,0,20
no_lstm,NoLSTM,tp14_L5_p0p00,timepoint_mask,5.0,0.0,run2,fold03,0,1,4
no_lstm,NoLSTM,tp14_L5_p0p00,timepoint_mask,5.0,0.0,run2,fold03,0,2,2
no_lstm,NoLSTM,tp14_L5_p0p00,timepoint_mask,5.0,0.0,run2,fold03,1,0,4
no_lstm,NoLSTM,tp14_L5_p0p00,timepoint_mask,5.0,0.0,run2,fold03,1,1,22
no_lstm,NoLSTM,tp14_L5_p0p00,timepoint_mask,5.0,0.0,run2,fold03,1,2,5
no_lstm,NoLSTM,tp14_L5_p0p00,timepoint_mask,5.0,0.0,run2,fold03,2,0,6
no_lstm,NoLSTM,tp14_L5_p0p00,timepoint_mask,5.0,0.0,run2,fold03,2,1,2
no_lstm,NoLSTM,tp14_L5_p0p00,timepoint_mask,5.0,0.0,run2,fold03,2,2,6
no_lstm,NoLSTM,tp14_L5_p0p00,timepoint_mask,5.0,0.0,run2,oof_pooled,0,0,50
no_lstm,NoLSTM,tp14_L5_p0p00,timepoint_mask,5.0,0.0,run2,oof_pooled,0,1,21
no_lstm,NoLSTM,tp14_L5_p0p00,timepoint_mask,5.0,0.0,run2,oof_pooled,0,2,8
no_lstm,NoLSTM,tp14_L5_p0p00,timepoint_mask,5.0,0.0,run2,oof_pooled,1,0,15
no_lstm,NoLSTM,tp14_L5_p0p00,timepoint_mask,5.0,0.0,run2,oof_pooled,1,1,63
no_lstm,NoLSTM,tp14_L5_p0p00,timepoint_mask,5.0,0.0,run2,oof_pooled,1,2,15
no_lstm,NoLSTM,tp14_L5_p0p00,timepoint_mask,5.0,0.0,run2,oof_pooled,2,0,8
no_lstm,NoLSTM,tp14_L5_p0p00,timepoint_mask,5.0,0.0,run2,oof_pooled,2,1,15
no_lstm,NoLSTM,tp14_L5_p0p00,timepoint_mask,5.0,0.0,run2,oof_pooled,2,2,19
no_lstm,NoLSTM,tp15_L5_p0p04,timepoint_mask,5.0,0.04,run1,fold01,0,0,102
no_lstm,NoLSTM,tp15_L5_p0p04,timepoint_mask,5.0,0.04,run1,fold01,0,1,30
no_lstm,NoLSTM,tp15_L5_p0p04,timepoint_mask,5.0,0.04,run1,fold01,0,2,2
no_lstm,NoLSTM,tp15_L5_p0p04,timepoint_mask,5.0,0.04,run1,fold01,1,0,32
no_lstm,NoLSTM,tp15_L5_p0p04,timepoint_mask,5.0,0.04,run1,fold01,1,1,109
no_lstm,NoLSTM,tp15_L5_p0p04,timepoint_mask,5.0,0.04,run1,fold01,1,2,11
no_lstm,NoLSTM,tp15_L5_p0p04,timepoint_mask,5.0,0.04,run1,fold01,2,0,4
no_lstm,NoLSTM,tp15_L5_p0p04,timepoint_mask,5.0,0.04,run1,fold01,2,1,10
no_lstm,NoLSTM,tp15_L5_p0p04,timepoint_mask,5.0,0.04,run1,fold01,2,2,27
no_lstm,NoLSTM,tp15_L5_p0p04,timepoint_mask,5.0,0.04,run1,fold02,0,0,101
no_lstm,NoLSTM,tp15_L5_p0p04,timepoint_mask,5.0,0.04,run1,fold02,0,1,30
no_lstm,NoLSTM,tp15_L5_p0p04,timepoint_mask,5.0,0.04,run1,fold02,0,2,3
no_lstm,NoLSTM,tp15_L5_p0p04,timepoint_mask,5.0,0.04,run1,fold02,1,0,33
no_lstm,NoLSTM,tp15_L5_p0p04,timepoint_mask,5.0,0.04,run1,fold02,1,1,112
no_lstm,NoLSTM,tp15_L5_p0p04,timepoint_mask,5.0,0.04,run1,fold02,1,2,7
no_lstm,NoLSTM,tp15_L5_p0p04,timepoint_mask,5.0,0.04,run1,fold02,2,0,5
no_lstm,NoLSTM,tp15_L5_p0p04,timepoint_mask,5.0,0.04,run1,fold02,2,1,7
no_lstm,NoLSTM,tp15_L5_p0p04,timepoint_mask,5.0,0.04,run1,fold02,2,2,28
no_lstm,NoLSTM,tp15_L5_p0p04,timepoint_mask,5.0,0.04,run1,fold03,0,0,104
no_lstm,NoLSTM,tp15_L5_p0p04,timepoint_mask,5.0,0.04,run1,fold03,0,1,23
no_lstm,NoLSTM,tp15_L5_p0p04,timepoint_mask,5.0,0.04,run1,fold03,0,2,7
no_lstm,NoLSTM,tp15_L5_p0p04,timepoint_mask,5.0,0.04,run1,fold03,1,0,28
no_lstm,NoLSTM,tp15_L5_p0p04,timepoint_mask,5.0,0.04,run1,fold03,1,1,114
no_lstm,NoLSTM,tp15_L5_p0p04,timepoint_mask,5.0,0.04,run1,fold03,1,2,10
no_lstm,NoLSTM,tp15_L5_p0p04,timepoint_mask,5.0,0.04,run1,fold03,2,0,3
no_lstm,NoLSTM,tp15_L5_p0p04,timepoint_mask,5.0,0.04,run1,fold03,2,1,7
no_lstm,NoLSTM,tp15_L5_p0p04,timepoint_mask,5.0,0.04,run1,fold03,2,2,30
no_lstm,NoLSTM,tp15_L5_p0p04,timepoint_mask,5.0,0.04,run1,oof_pooled,0,0,307
no_lstm,NoLSTM,tp15_L5_p0p04,timepoint_mask,5.0,0.04,run1,oof_pooled,0,1,83
no_lstm,NoLSTM,tp15_L5_p0p04,timepoint_mask,5.0,0.04,run1,oof_pooled,0,2,12
no_lstm,NoLSTM,tp15_L5_p0p04,timepoint_mask,5.0,0.04,run1,oof_pooled,1,0,93
no_lstm,NoLSTM,tp15_L5_p0p04,timepoint_mask,5.0,0.04,run1,oof_pooled,1,1,335
no_lstm,NoLSTM,tp15_L5_p0p04,timepoint_mask,5.0,0.04,run1,oof_pooled,1,2,28
no_lstm,NoLSTM,tp15_L5_p0p04,timepoint_mask,5.0,0.04,run1,oof_pooled,2,0,12
no_lstm,NoLSTM,tp15_L5_p0p04,timepoint_mask,5.0,0.04,run1,oof_pooled,2,1,24
no_lstm,NoLSTM,tp15_L5_p0p04,timepoint_mask,5.0,0.04,run1,oof_pooled,2,2,85
no_lstm,NoLSTM,tp15_L5_p0p04,timepoint_mask,5.0,0.04,run2,fold01,0,0,16
no_lstm,NoLSTM,tp15_L5_p0p04,timepoint_mask,5.0,0.04,run2,fold01,0,1,6
no_lstm,NoLSTM,tp15_L5_p0p04,timepoint_mask,5.0,0.04,run2,fold01,0,2,5
no_lstm,NoLSTM,tp15_L5_p0p04,timepoint_mask,5.0,0.04,run2,fold01,1,0,2
no_lstm,NoLSTM,tp15_L5_p0p04,timepoint_mask,5.0,0.04,run2,fold01,1,1,21
no_lstm,NoLSTM,tp15_L5_p0p04,timepoint_mask,5.0,0.04,run2,fold01,1,2,8
no_lstm,NoLSTM,tp15_L5_p0p04,timepoint_mask,5.0,0.04,run2,fold01,2,0,0
no_lstm,NoLSTM,tp15_L5_p0p04,timepoint_mask,5.0,0.04,run2,fold01,2,1,6
no_lstm,NoLSTM,tp15_L5_p0p04,timepoint_mask,5.0,0.04,run2,fold01,2,2,8
no_lstm,NoLSTM,tp15_L5_p0p04,timepoint_mask,5.0,0.04,run2,fold02,0,0,14
no_lstm,NoLSTM,tp15_L5_p0p04,timepoint_mask,5.0,0.04,run2,fold02,0,1,11
no_lstm,NoLSTM,tp15_L5_p0p04,timepoint_mask,5.0,0.04,run2,fold02,0,2,1
no_lstm,NoLSTM,tp15_L5_p0p04,timepoint_mask,5.0,0.04,run2,fold02,1,0,9
no_lstm,NoLSTM,tp15_L5_p0p04,timepoint_mask,5.0,0.04,run2,fold02,1,1,20
no_lstm,NoLSTM,tp15_L5_p0p04,timepoint_mask,5.0,0.04,run2,fold02,1,2,2
no_lstm,NoLSTM,tp15_L5_p0p04,timepoint_mask,5.0,0.04,run2,fold02,2,0,2
no_lstm,NoLSTM,tp15_L5_p0p04,timepoint_mask,5.0,0.04,run2,fold02,2,1,7
no_lstm,NoLSTM,tp15_L5_p0p04,timepoint_mask,5.0,0.04,run2,fold02,2,2,5
no_lstm,NoLSTM,tp15_L5_p0p04,timepoint_mask,5.0,0.04,run2,fold03,0,0,20
no_lstm,NoLSTM,tp15_L5_p0p04,timepoint_mask,5.0,0.04,run2,fold03,0,1,4
no_lstm,NoLSTM,tp15_L5_p0p04,timepoint_mask,5.0,0.04,run2,fold03,0,2,2
no_lstm,NoLSTM,tp15_L5_p0p04,timepoint_mask,5.0,0.04,run2,fold03,1,0,4
no_lstm,NoLSTM,tp15_L5_p0p04,timepoint_mask,5.0,0.04,run2,fold03,1,1,22
no_lstm,NoLSTM,tp15_L5_p0p04,timepoint_mask,5.0,0.04,run2,fold03,1,2,5
no_lstm,NoLSTM,tp15_L5_p0p04,timepoint_mask,5.0,0.04,run2,fold03,2,0,6
no_lstm,NoLSTM,tp15_L5_p0p04,timepoint_mask,5.0,0.04,run2,fold03,2,1,2
no_lstm,NoLSTM,tp15_L5_p0p04,timepoint_mask,5.0,0.04,run2,fold03,2,2,6
no_lstm,NoLSTM,tp15_L5_p0p04,timepoint_mask,5.0,0.04,run2,oof_pooled,0,0,50
no_lstm,NoLSTM,tp15_L5_p0p04,timepoint_mask,5.0,0.04,run2,oof_pooled,0,1,21
no_lstm,NoLSTM,tp15_L5_p0p04,timepoint_mask,5.0,0.04,run2,oof_pooled,0,2,8
no_lstm,NoLSTM,tp15_L5_p0p04,timepoint_mask,5.0,0.04,run2,oof_pooled,1,0,15
no_lstm,NoLSTM,tp15_L5_p0p04,timepoint_mask,5.0,0.04,run2,oof_pooled,1,1,63
no_lstm,NoLSTM,tp15_L5_p0p04,timepoint_mask,5.0,0.04,run2,oof_pooled,1,2,15
no_lstm,NoLSTM,tp15_L5_p0p04,timepoint_mask,5.0,0.04,run2,oof_pooled,2,0,8
no_lstm,NoLSTM,tp15_L5_p0p04,timepoint_mask,5.0,0.04,run2,oof_pooled,2,1,15
no_lstm,NoLSTM,tp15_L5_p0p04,timepoint_mask,5.0,0.04,run2,oof_pooled,2,2,19
no_lstm,NoLSTM,tp16_L5_p0p05,timepoint_mask,5.0,0.05,run1,fold01,0,0,102
no_lstm,NoLSTM,tp16_L5_p0p05,timepoint_mask,5.0,0.05,run1,fold01,0,1,30
no_lstm,NoLSTM,tp16_L5_p0p05,timepoint_mask,5.0,0.05,run1,fold01,0,2,2
no_lstm,NoLSTM,tp16_L5_p0p05,timepoint_mask,5.0,0.05,run1,fold01,1,0,33
no_lstm,NoLSTM,tp16_L5_p0p05,timepoint_mask,5.0,0.05,run1,fold01,1,1,108
no_lstm,NoLSTM,tp16_L5_p0p05,timepoint_mask,5.0,0.05,run1,fold01,1,2,11
no_lstm,NoLSTM,tp16_L5_p0p05,timepoint_mask,5.0,0.05,run1,fold01,2,0,4
no_lstm,NoLSTM,tp16_L5_p0p05,timepoint_mask,5.0,0.05,run1,fold01,2,1,10
no_lstm,NoLSTM,tp16_L5_p0p05,timepoint_mask,5.0,0.05,run1,fold01,2,2,27
no_lstm,NoLSTM,tp16_L5_p0p05,timepoint_mask,5.0,0.05,run1,fold02,0,0,101
no_lstm,NoLSTM,tp16_L5_p0p05,timepoint_mask,5.0,0.05,run1,fold02,0,1,30
no_lstm,NoLSTM,tp16_L5_p0p05,timepoint_mask,5.0,0.05,run1,fold02,0,2,3
no_lstm,NoLSTM,tp16_L5_p0p05,timepoint_mask,5.0,0.05,run1,fold02,1,0,34
no_lstm,NoLSTM,tp16_L5_p0p05,timepoint_mask,5.0,0.05,run1,fold02,1,1,111
no_lstm,NoLSTM,tp16_L5_p0p05,timepoint_mask,5.0,0.05,run1,fold02,1,2,7
no_lstm,NoLSTM,tp16_L5_p0p05,timepoint_mask,5.0,0.05,run1,fold02,2,0,5
no_lstm,NoLSTM,tp16_L5_p0p05,timepoint_mask,5.0,0.05,run1,fold02,2,1,7
no_lstm,NoLSTM,tp16_L5_p0p05,timepoint_mask,5.0,0.05,run1,fold02,2,2,28
no_lstm,NoLSTM,tp16_L5_p0p05,timepoint_mask,5.0,0.05,run1,fold03,0,0,104
no_lstm,NoLSTM,tp16_L5_p0p05,timepoint_mask,5.0,0.05,run1,fold03,0,1,23
no_lstm,NoLSTM,tp16_L5_p0p05,timepoint_mask,5.0,0.05,run1,fold03,0,2,7
no_lstm,NoLSTM,tp16_L5_p0p05,timepoint_mask,5.0,0.05,run1,fold03,1,0,29
no_lstm,NoLSTM,tp16_L5_p0p05,timepoint_mask,5.0,0.05,run1,fold03,1,1,113
no_lstm,NoLSTM,tp16_L5_p0p05,timepoint_mask,5.0,0.05,run1,fold03,1,2,10
no_lstm,NoLSTM,tp16_L5_p0p05,timepoint_mask,5.0,0.05,run1,fold03,2,0,3
no_lstm,NoLSTM,tp16_L5_p0p05,timepoint_mask,5.0,0.05,run1,fold03,2,1,7
no_lstm,NoLSTM,tp16_L5_p0p05,timepoint_mask,5.0,0.05,run1,fold03,2,2,30
no_lstm,NoLSTM,tp16_L5_p0p05,timepoint_mask,5.0,0.05,run1,oof_pooled,0,0,307
no_lstm,NoLSTM,tp16_L5_p0p05,timepoint_mask,5.0,0.05,run1,oof_pooled,0,1,83
no_lstm,NoLSTM,tp16_L5_p0p05,timepoint_mask,5.0,0.05,run1,oof_pooled,0,2,12
no_lstm,NoLSTM,tp16_L5_p0p05,timepoint_mask,5.0,0.05,run1,oof_pooled,1,0,96
no_lstm,NoLSTM,tp16_L5_p0p05,timepoint_mask,5.0,0.05,run1,oof_pooled,1,1,332
no_lstm,NoLSTM,tp16_L5_p0p05,timepoint_mask,5.0,0.05,run1,oof_pooled,1,2,28
no_lstm,NoLSTM,tp16_L5_p0p05,timepoint_mask,5.0,0.05,run1,oof_pooled,2,0,12
no_lstm,NoLSTM,tp16_L5_p0p05,timepoint_mask,5.0,0.05,run1,oof_pooled,2,1,24
no_lstm,NoLSTM,tp16_L5_p0p05,timepoint_mask,5.0,0.05,run1,oof_pooled,2,2,85
no_lstm,NoLSTM,tp16_L5_p0p05,timepoint_mask,5.0,0.05,run2,fold01,0,0,16
no_lstm,NoLSTM,tp16_L5_p0p05,timepoint_mask,5.0,0.05,run2,fold01,0,1,6
no_lstm,NoLSTM,tp16_L5_p0p05,timepoint_mask,5.0,0.05,run2,fold01,0,2,5
no_lstm,NoLSTM,tp16_L5_p0p05,timepoint_mask,5.0,0.05,run2,fold01,1,0,2
no_lstm,NoLSTM,tp16_L5_p0p05,timepoint_mask,5.0,0.05,run2,fold01,1,1,21
no_lstm,NoLSTM,tp16_L5_p0p05,timepoint_mask,5.0,0.05,run2,fold01,1,2,8
no_lstm,NoLSTM,tp16_L5_p0p05,timepoint_mask,5.0,0.05,run2,fold01,2,0,0
no_lstm,NoLSTM,tp16_L5_p0p05,timepoint_mask,5.0,0.05,run2,fold01,2,1,6
no_lstm,NoLSTM,tp16_L5_p0p05,timepoint_mask,5.0,0.05,run2,fold01,2,2,8
no_lstm,NoLSTM,tp16_L5_p0p05,timepoint_mask,5.0,0.05,run2,fold02,0,0,14
no_lstm,NoLSTM,tp16_L5_p0p05,timepoint_mask,5.0,0.05,run2,fold02,0,1,11
no_lstm,NoLSTM,tp16_L5_p0p05,timepoint_mask,5.0,0.05,run2,fold02,0,2,1
no_lstm,NoLSTM,tp16_L5_p0p05,timepoint_mask,5.0,0.05,run2,fold02,1,0,9
no_lstm,NoLSTM,tp16_L5_p0p05,timepoint_mask,5.0,0.05,run2,fold02,1,1,20
no_lstm,NoLSTM,tp16_L5_p0p05,timepoint_mask,5.0,0.05,run2,fold02,1,2,2
no_lstm,NoLSTM,tp16_L5_p0p05,timepoint_mask,5.0,0.05,run2,fold02,2,0,2
no_lstm,NoLSTM,tp16_L5_p0p05,timepoint_mask,5.0,0.05,run2,fold02,2,1,7
no_lstm,NoLSTM,tp16_L5_p0p05,timepoint_mask,5.0,0.05,run2,fold02,2,2,5
no_lstm,NoLSTM,tp16_L5_p0p05,timepoint_mask,5.0,0.05,run2,fold03,0,0,20
no_lstm,NoLSTM,tp16_L5_p0p05,timepoint_mask,5.0,0.05,run2,fold03,0,1,4
no_lstm,NoLSTM,tp16_L5_p0p05,timepoint_mask,5.0,0.05,run2,fold03,0,2,2
no_lstm,NoLSTM,tp16_L5_p0p05,timepoint_mask,5.0,0.05,run2,fold03,1,0,4
no_lstm,NoLSTM,tp16_L5_p0p05,timepoint_mask,5.0,0.05,run2,fold03,1,1,22
no_lstm,NoLSTM,tp16_L5_p0p05,timepoint_mask,5.0,0.05,run2,fold03,1,2,5
no_lstm,NoLSTM,tp16_L5_p0p05,timepoint_mask,5.0,0.05,run2,fold03,2,0,6
no_lstm,NoLSTM,tp16_L5_p0p05,timepoint_mask,5.0,0.05,run2,fold03,2,1,2
no_lstm,NoLSTM,tp16_L5_p0p05,timepoint_mask,5.0,0.05,run2,fold03,2,2,6
no_lstm,NoLSTM,tp16_L5_p0p05,timepoint_mask,5.0,0.05,run2,oof_pooled,0,0,50
no_lstm,NoLSTM,tp16_L5_p0p05,timepoint_mask,5.0,0.05,run2,oof_pooled,0,1,21
no_lstm,NoLSTM,tp16_L5_p0p05,timepoint_mask,5.0,0.05,run2,oof_pooled,0,2,8
no_lstm,NoLSTM,tp16_L5_p0p05,timepoint_mask,5.0,0.05,run2,oof_pooled,1,0,15
no_lstm,NoLSTM,tp16_L5_p0p05,timepoint_mask,5.0,0.05,run2,oof_pooled,1,1,63
no_lstm,NoLSTM,tp16_L5_p0p05,timepoint_mask,5.0,0.05,run2,oof_pooled,1,2,15
no_lstm,NoLSTM,tp16_L5_p0p05,timepoint_mask,5.0,0.05,run2,oof_pooled,2,0,8
no_lstm,NoLSTM,tp16_L5_p0p05,timepoint_mask,5.0,0.05,run2,oof_pooled,2,1,15
no_lstm,NoLSTM,tp16_L5_p0p05,timepoint_mask,5.0,0.05,run2,oof_pooled,2,2,19
no_lstm,NoLSTM,tp17_L5_p0p06,timepoint_mask,5.0,0.06,run1,fold01,0,0,102
no_lstm,NoLSTM,tp17_L5_p0p06,timepoint_mask,5.0,0.06,run1,fold01,0,1,30
no_lstm,NoLSTM,tp17_L5_p0p06,timepoint_mask,5.0,0.06,run1,fold01,0,2,2
no_lstm,NoLSTM,tp17_L5_p0p06,timepoint_mask,5.0,0.06,run1,fold01,1,0,32
no_lstm,NoLSTM,tp17_L5_p0p06,timepoint_mask,5.0,0.06,run1,fold01,1,1,109
no_lstm,NoLSTM,tp17_L5_p0p06,timepoint_mask,5.0,0.06,run1,fold01,1,2,11
no_lstm,NoLSTM,tp17_L5_p0p06,timepoint_mask,5.0,0.06,run1,fold01,2,0,4
no_lstm,NoLSTM,tp17_L5_p0p06,timepoint_mask,5.0,0.06,run1,fold01,2,1,10
no_lstm,NoLSTM,tp17_L5_p0p06,timepoint_mask,5.0,0.06,run1,fold01,2,2,27
no_lstm,NoLSTM,tp17_L5_p0p06,timepoint_mask,5.0,0.06,run1,fold02,0,0,101
no_lstm,NoLSTM,tp17_L5_p0p06,timepoint_mask,5.0,0.06,run1,fold02,0,1,30
no_lstm,NoLSTM,tp17_L5_p0p06,timepoint_mask,5.0,0.06,run1,fold02,0,2,3
no_lstm,NoLSTM,tp17_L5_p0p06,timepoint_mask,5.0,0.06,run1,fold02,1,0,33
no_lstm,NoLSTM,tp17_L5_p0p06,timepoint_mask,5.0,0.06,run1,fold02,1,1,112
no_lstm,NoLSTM,tp17_L5_p0p06,timepoint_mask,5.0,0.06,run1,fold02,1,2,7
no_lstm,NoLSTM,tp17_L5_p0p06,timepoint_mask,5.0,0.06,run1,fold02,2,0,5
no_lstm,NoLSTM,tp17_L5_p0p06,timepoint_mask,5.0,0.06,run1,fold02,2,1,7
no_lstm,NoLSTM,tp17_L5_p0p06,timepoint_mask,5.0,0.06,run1,fold02,2,2,28
no_lstm,NoLSTM,tp17_L5_p0p06,timepoint_mask,5.0,0.06,run1,fold03,0,0,104
no_lstm,NoLSTM,tp17_L5_p0p06,timepoint_mask,5.0,0.06,run1,fold03,0,1,23
no_lstm,NoLSTM,tp17_L5_p0p06,timepoint_mask,5.0,0.06,run1,fold03,0,2,7
no_lstm,NoLSTM,tp17_L5_p0p06,timepoint_mask,5.0,0.06,run1,fold03,1,0,28
no_lstm,NoLSTM,tp17_L5_p0p06,timepoint_mask,5.0,0.06,run1,fold03,1,1,114
no_lstm,NoLSTM,tp17_L5_p0p06,timepoint_mask,5.0,0.06,run1,fold03,1,2,10
no_lstm,NoLSTM,tp17_L5_p0p06,timepoint_mask,5.0,0.06,run1,fold03,2,0,3
no_lstm,NoLSTM,tp17_L5_p0p06,timepoint_mask,5.0,0.06,run1,fold03,2,1,7
no_lstm,NoLSTM,tp17_L5_p0p06,timepoint_mask,5.0,0.06,run1,fold03,2,2,30
no_lstm,NoLSTM,tp17_L5_p0p06,timepoint_mask,5.0,0.06,run1,oof_pooled,0,0,307
no_lstm,NoLSTM,tp17_L5_p0p06,timepoint_mask,5.0,0.06,run1,oof_pooled,0,1,83
no_lstm,NoLSTM,tp17_L5_p0p06,timepoint_mask,5.0,0.06,run1,oof_pooled,0,2,12
no_lstm,NoLSTM,tp17_L5_p0p06,timepoint_mask,5.0,0.06,run1,oof_pooled,1,0,93
no_lstm,NoLSTM,tp17_L5_p0p06,timepoint_mask,5.0,0.06,run1,oof_pooled,1,1,335
no_lstm,NoLSTM,tp17_L5_p0p06,timepoint_mask,5.0,0.06,run1,oof_pooled,1,2,28
no_lstm,NoLSTM,tp17_L5_p0p06,timepoint_mask,5.0,0.06,run1,oof_pooled,2,0,12
no_lstm,NoLSTM,tp17_L5_p0p06,timepoint_mask,5.0,0.06,run1,oof_pooled,2,1,24
no_lstm,NoLSTM,tp17_L5_p0p06,timepoint_mask,5.0,0.06,run1,oof_pooled,2,2,85
no_lstm,NoLSTM,tp17_L5_p0p06,timepoint_mask,5.0,0.06,run2,fold01,0,0,16
no_lstm,NoLSTM,tp17_L5_p0p06,timepoint_mask,5.0,0.06,run2,fold01,0,1,6
no_lstm,NoLSTM,tp17_L5_p0p06,timepoint_mask,5.0,0.06,run2,fold01,0,2,5
no_lstm,NoLSTM,tp17_L5_p0p06,timepoint_mask,5.0,0.06,run2,fold01,1,0,2
no_lstm,NoLSTM,tp17_L5_p0p06,timepoint_mask,5.0,0.06,run2,fold01,1,1,21
no_lstm,NoLSTM,tp17_L5_p0p06,timepoint_mask,5.0,0.06,run2,fold01,1,2,8
no_lstm,NoLSTM,tp17_L5_p0p06,timepoint_mask,5.0,0.06,run2,fold01,2,0,0
no_lstm,NoLSTM,tp17_L5_p0p06,timepoint_mask,5.0,0.06,run2,fold01,2,1,6
no_lstm,NoLSTM,tp17_L5_p0p06,timepoint_mask,5.0,0.06,run2,fold01,2,2,8
no_lstm,NoLSTM,tp17_L5_p0p06,timepoint_mask,5.0,0.06,run2,fold02,0,0,14
no_lstm,NoLSTM,tp17_L5_p0p06,timepoint_mask,5.0,0.06,run2,fold02,0,1,11
no_lstm,NoLSTM,tp17_L5_p0p06,timepoint_mask,5.0,0.06,run2,fold02,0,2,1
no_lstm,NoLSTM,tp17_L5_p0p06,timepoint_mask,5.0,0.06,run2,fold02,1,0,9
no_lstm,NoLSTM,tp17_L5_p0p06,timepoint_mask,5.0,0.06,run2,fold02,1,1,20
no_lstm,NoLSTM,tp17_L5_p0p06,timepoint_mask,5.0,0.06,run2,fold02,1,2,2
no_lstm,NoLSTM,tp17_L5_p0p06,timepoint_mask,5.0,0.06,run2,fold02,2,0,2
no_lstm,NoLSTM,tp17_L5_p0p06,timepoint_mask,5.0,0.06,run2,fold02,2,1,7
no_lstm,NoLSTM,tp17_L5_p0p06,timepoint_mask,5.0,0.06,run2,fold02,2,2,5
no_lstm,NoLSTM,tp17_L5_p0p06,timepoint_mask,5.0,0.06,run2,fold03,0,0,20
no_lstm,NoLSTM,tp17_L5_p0p06,timepoint_mask,5.0,0.06,run2,fold03,0,1,4
no_lstm,NoLSTM,tp17_L5_p0p06,timepoint_mask,5.0,0.06,run2,fold03,0,2,2
no_lstm,NoLSTM,tp17_L5_p0p06,timepoint_mask,5.0,0.06,run2,fold03,1,0,4
no_lstm,NoLSTM,tp17_L5_p0p06,timepoint_mask,5.0,0.06,run2,fold03,1,1,22
no_lstm,NoLSTM,tp17_L5_p0p06,timepoint_mask,5.0,0.06,run2,fold03,1,2,5
no_lstm,NoLSTM,tp17_L5_p0p06,timepoint_mask,5.0,0.06,run2,fold03,2,0,6
no_lstm,NoLSTM,tp17_L5_p0p06,timepoint_mask,5.0,0.06,run2,fold03,2,1,2
no_lstm,NoLSTM,tp17_L5_p0p06,timepoint_mask,5.0,0.06,run2,fold03,2,2,6
no_lstm,NoLSTM,tp17_L5_p0p06,timepoint_mask,5.0,0.06,run2,oof_pooled,0,0,50
no_lstm,NoLSTM,tp17_L5_p0p06,timepoint_mask,5.0,0.06,run2,oof_pooled,0,1,21
no_lstm,NoLSTM,tp17_L5_p0p06,timepoint_mask,5.0,0.06,run2,oof_pooled,0,2,8
no_lstm,NoLSTM,tp17_L5_p0p06,timepoint_mask,5.0,0.06,run2,oof_pooled,1,0,15
no_lstm,NoLSTM,tp17_L5_p0p06,timepoint_mask,5.0,0.06,run2,oof_pooled,1,1,63
no_lstm,NoLSTM,tp17_L5_p0p06,timepoint_mask,5.0,0.06,run2,oof_pooled,1,2,15
no_lstm,NoLSTM,tp17_L5_p0p06,timepoint_mask,5.0,0.06,run2,oof_pooled,2,0,8
no_lstm,NoLSTM,tp17_L5_p0p06,timepoint_mask,5.0,0.06,run2,oof_pooled,2,1,15
no_lstm,NoLSTM,tp17_L5_p0p06,timepoint_mask,5.0,0.06,run2,oof_pooled,2,2,19
no_lstm,NoLSTM,tp18_L5_p0p07,timepoint_mask,5.0,0.07,run1,fold01,0,0,102
no_lstm,NoLSTM,tp18_L5_p0p07,timepoint_mask,5.0,0.07,run1,fold01,0,1,30
no_lstm,NoLSTM,tp18_L5_p0p07,timepoint_mask,5.0,0.07,run1,fold01,0,2,2
no_lstm,NoLSTM,tp18_L5_p0p07,timepoint_mask,5.0,0.07,run1,fold01,1,0,33
no_lstm,NoLSTM,tp18_L5_p0p07,timepoint_mask,5.0,0.07,run1,fold01,1,1,108
no_lstm,NoLSTM,tp18_L5_p0p07,timepoint_mask,5.0,0.07,run1,fold01,1,2,11
no_lstm,NoLSTM,tp18_L5_p0p07,timepoint_mask,5.0,0.07,run1,fold01,2,0,4
no_lstm,NoLSTM,tp18_L5_p0p07,timepoint_mask,5.0,0.07,run1,fold01,2,1,10
no_lstm,NoLSTM,tp18_L5_p0p07,timepoint_mask,5.0,0.07,run1,fold01,2,2,27
no_lstm,NoLSTM,tp18_L5_p0p07,timepoint_mask,5.0,0.07,run1,fold02,0,0,101
no_lstm,NoLSTM,tp18_L5_p0p07,timepoint_mask,5.0,0.07,run1,fold02,0,1,30
no_lstm,NoLSTM,tp18_L5_p0p07,timepoint_mask,5.0,0.07,run1,fold02,0,2,3
no_lstm,NoLSTM,tp18_L5_p0p07,timepoint_mask,5.0,0.07,run1,fold02,1,0,34
no_lstm,NoLSTM,tp18_L5_p0p07,timepoint_mask,5.0,0.07,run1,fold02,1,1,111
no_lstm,NoLSTM,tp18_L5_p0p07,timepoint_mask,5.0,0.07,run1,fold02,1,2,7
no_lstm,NoLSTM,tp18_L5_p0p07,timepoint_mask,5.0,0.07,run1,fold02,2,0,5
no_lstm,NoLSTM,tp18_L5_p0p07,timepoint_mask,5.0,0.07,run1,fold02,2,1,7
no_lstm,NoLSTM,tp18_L5_p0p07,timepoint_mask,5.0,0.07,run1,fold02,2,2,28
no_lstm,NoLSTM,tp18_L5_p0p07,timepoint_mask,5.0,0.07,run1,fold03,0,0,104
no_lstm,NoLSTM,tp18_L5_p0p07,timepoint_mask,5.0,0.07,run1,fold03,0,1,23
no_lstm,NoLSTM,tp18_L5_p0p07,timepoint_mask,5.0,0.07,run1,fold03,0,2,7
no_lstm,NoLSTM,tp18_L5_p0p07,timepoint_mask,5.0,0.07,run1,fold03,1,0,27
no_lstm,NoLSTM,tp18_L5_p0p07,timepoint_mask,5.0,0.07,run1,fold03,1,1,115
no_lstm,NoLSTM,tp18_L5_p0p07,timepoint_mask,5.0,0.07,run1,fold03,1,2,10
no_lstm,NoLSTM,tp18_L5_p0p07,timepoint_mask,5.0,0.07,run1,fold03,2,0,3
no_lstm,NoLSTM,tp18_L5_p0p07,timepoint_mask,5.0,0.07,run1,fold03,2,1,7
no_lstm,NoLSTM,tp18_L5_p0p07,timepoint_mask,5.0,0.07,run1,fold03,2,2,30
no_lstm,NoLSTM,tp18_L5_p0p07,timepoint_mask,5.0,0.07,run1,oof_pooled,0,0,307
no_lstm,NoLSTM,tp18_L5_p0p07,timepoint_mask,5.0,0.07,run1,oof_pooled,0,1,83
no_lstm,NoLSTM,tp18_L5_p0p07,timepoint_mask,5.0,0.07,run1,oof_pooled,0,2,12
no_lstm,NoLSTM,tp18_L5_p0p07,timepoint_mask,5.0,0.07,run1,oof_pooled,1,0,94
no_lstm,NoLSTM,tp18_L5_p0p07,timepoint_mask,5.0,0.07,run1,oof_pooled,1,1,334
no_lstm,NoLSTM,tp18_L5_p0p07,timepoint_mask,5.0,0.07,run1,oof_pooled,1,2,28
no_lstm,NoLSTM,tp18_L5_p0p07,timepoint_mask,5.0,0.07,run1,oof_pooled,2,0,12
no_lstm,NoLSTM,tp18_L5_p0p07,timepoint_mask,5.0,0.07,run1,oof_pooled,2,1,24
no_lstm,NoLSTM,tp18_L5_p0p07,timepoint_mask,5.0,0.07,run1,oof_pooled,2,2,85
no_lstm,NoLSTM,tp18_L5_p0p07,timepoint_mask,5.0,0.07,run2,fold01,0,0,16
no_lstm,NoLSTM,tp18_L5_p0p07,timepoint_mask,5.0,0.07,run2,fold01,0,1,6
no_lstm,NoLSTM,tp18_L5_p0p07,timepoint_mask,5.0,0.07,run2,fold01,0,2,5
no_lstm,NoLSTM,tp18_L5_p0p07,timepoint_mask,5.0,0.07,run2,fold01,1,0,2
no_lstm,NoLSTM,tp18_L5_p0p07,timepoint_mask,5.0,0.07,run2,fold01,1,1,21
no_lstm,NoLSTM,tp18_L5_p0p07,timepoint_mask,5.0,0.07,run2,fold01,1,2,8
no_lstm,NoLSTM,tp18_L5_p0p07,timepoint_mask,5.0,0.07,run2,fold01,2,0,0
no_lstm,NoLSTM,tp18_L5_p0p07,timepoint_mask,5.0,0.07,run2,fold01,2,1,6
no_lstm,NoLSTM,tp18_L5_p0p07,timepoint_mask,5.0,0.07,run2,fold01,2,2,8
no_lstm,NoLSTM,tp18_L5_p0p07,timepoint_mask,5.0,0.07,run2,fold02,0,0,14
no_lstm,NoLSTM,tp18_L5_p0p07,timepoint_mask,5.0,0.07,run2,fold02,0,1,11
no_lstm,NoLSTM,tp18_L5_p0p07,timepoint_mask,5.0,0.07,run2,fold02,0,2,1
no_lstm,NoLSTM,tp18_L5_p0p07,timepoint_mask,5.0,0.07,run2,fold02,1,0,9
no_lstm,NoLSTM,tp18_L5_p0p07,timepoint_mask,5.0,0.07,run2,fold02,1,1,20
no_lstm,NoLSTM,tp18_L5_p0p07,timepoint_mask,5.0,0.07,run2,fold02,1,2,2
no_lstm,NoLSTM,tp18_L5_p0p07,timepoint_mask,5.0,0.07,run2,fold02,2,0,2
no_lstm,NoLSTM,tp18_L5_p0p07,timepoint_mask,5.0,0.07,run2,fold02,2,1,7
no_lstm,NoLSTM,tp18_L5_p0p07,timepoint_mask,5.0,0.07,run2,fold02,2,2,5
no_lstm,NoLSTM,tp18_L5_p0p07,timepoint_mask,5.0,0.07,run2,fold03,0,0,20
no_lstm,NoLSTM,tp18_L5_p0p07,timepoint_mask,5.0,0.07,run2,fold03,0,1,4
no_lstm,NoLSTM,tp18_L5_p0p07,timepoint_mask,5.0,0.07,run2,fold03,0,2,2
no_lstm,NoLSTM,tp18_L5_p0p07,timepoint_mask,5.0,0.07,run2,fold03,1,0,4
no_lstm,NoLSTM,tp18_L5_p0p07,timepoint_mask,5.0,0.07,run2,fold03,1,1,22
no_lstm,NoLSTM,tp18_L5_p0p07,timepoint_mask,5.0,0.07,run2,fold03,1,2,5
no_lstm,NoLSTM,tp18_L5_p0p07,timepoint_mask,5.0,0.07,run2,fold03,2,0,6
no_lstm,NoLSTM,tp18_L5_p0p07,timepoint_mask,5.0,0.07,run2,fold03,2,1,2
no_lstm,NoLSTM,tp18_L5_p0p07,timepoint_mask,5.0,0.07,run2,fold03,2,2,6
no_lstm,NoLSTM,tp18_L5_p0p07,timepoint_mask,5.0,0.07,run2,oof_pooled,0,0,50
no_lstm,NoLSTM,tp18_L5_p0p07,timepoint_mask,5.0,0.07,run2,oof_pooled,0,1,21
no_lstm,NoLSTM,tp18_L5_p0p07,timepoint_mask,5.0,0.07,run2,oof_pooled,0,2,8
no_lstm,NoLSTM,tp18_L5_p0p07,timepoint_mask,5.0,0.07,run2,oof_pooled,1,0,15
no_lstm,NoLSTM,tp18_L5_p0p07,timepoint_mask,5.0,0.07,run2,oof_pooled,1,1,63
no_lstm,NoLSTM,tp18_L5_p0p07,timepoint_mask,5.0,0.07,run2,oof_pooled,1,2,15
no_lstm,NoLSTM,tp18_L5_p0p07,timepoint_mask,5.0,0.07,run2,oof_pooled,2,0,8
no_lstm,NoLSTM,tp18_L5_p0p07,timepoint_mask,5.0,0.07,run2,oof_pooled,2,1,15
no_lstm,NoLSTM,tp18_L5_p0p07,timepoint_mask,5.0,0.07,run2,oof_pooled,2,2,19
no_lstm,NoLSTM,tp19_L5_p0p08,timepoint_mask,5.0,0.08,run1,fold01,0,0,102
no_lstm,NoLSTM,tp19_L5_p0p08,timepoint_mask,5.0,0.08,run1,fold01,0,1,30
no_lstm,NoLSTM,tp19_L5_p0p08,timepoint_mask,5.0,0.08,run1,fold01,0,2,2
no_lstm,NoLSTM,tp19_L5_p0p08,timepoint_mask,5.0,0.08,run1,fold01,1,0,32
no_lstm,NoLSTM,tp19_L5_p0p08,timepoint_mask,5.0,0.08,run1,fold01,1,1,109
no_lstm,NoLSTM,tp19_L5_p0p08,timepoint_mask,5.0,0.08,run1,fold01,1,2,11
no_lstm,NoLSTM,tp19_L5_p0p08,timepoint_mask,5.0,0.08,run1,fold01,2,0,4
no_lstm,NoLSTM,tp19_L5_p0p08,timepoint_mask,5.0,0.08,run1,fold01,2,1,10
no_lstm,NoLSTM,tp19_L5_p0p08,timepoint_mask,5.0,0.08,run1,fold01,2,2,27
no_lstm,NoLSTM,tp19_L5_p0p08,timepoint_mask,5.0,0.08,run1,fold02,0,0,101
no_lstm,NoLSTM,tp19_L5_p0p08,timepoint_mask,5.0,0.08,run1,fold02,0,1,30
no_lstm,NoLSTM,tp19_L5_p0p08,timepoint_mask,5.0,0.08,run1,fold02,0,2,3
no_lstm,NoLSTM,tp19_L5_p0p08,timepoint_mask,5.0,0.08,run1,fold02,1,0,34
no_lstm,NoLSTM,tp19_L5_p0p08,timepoint_mask,5.0,0.08,run1,fold02,1,1,111
no_lstm,NoLSTM,tp19_L5_p0p08,timepoint_mask,5.0,0.08,run1,fold02,1,2,7
no_lstm,NoLSTM,tp19_L5_p0p08,timepoint_mask,5.0,0.08,run1,fold02,2,0,5
no_lstm,NoLSTM,tp19_L5_p0p08,timepoint_mask,5.0,0.08,run1,fold02,2,1,7
no_lstm,NoLSTM,tp19_L5_p0p08,timepoint_mask,5.0,0.08,run1,fold02,2,2,28
no_lstm,NoLSTM,tp19_L5_p0p08,timepoint_mask,5.0,0.08,run1,fold03,0,0,104
no_lstm,NoLSTM,tp19_L5_p0p08,timepoint_mask,5.0,0.08,run1,fold03,0,1,23
no_lstm,NoLSTM,tp19_L5_p0p08,timepoint_mask,5.0,0.08,run1,fold03,0,2,7
no_lstm,NoLSTM,tp19_L5_p0p08,timepoint_mask,5.0,0.08,run1,fold03,1,0,28
no_lstm,NoLSTM,tp19_L5_p0p08,timepoint_mask,5.0,0.08,run1,fold03,1,1,113
no_lstm,NoLSTM,tp19_L5_p0p08,timepoint_mask,5.0,0.08,run1,fold03,1,2,11
no_lstm,NoLSTM,tp19_L5_p0p08,timepoint_mask,5.0,0.08,run1,fold03,2,0,3
no_lstm,NoLSTM,tp19_L5_p0p08,timepoint_mask,5.0,0.08,run1,fold03,2,1,7
no_lstm,NoLSTM,tp19_L5_p0p08,timepoint_mask,5.0,0.08,run1,fold03,2,2,30
no_lstm,NoLSTM,tp19_L5_p0p08,timepoint_mask,5.0,0.08,run1,oof_pooled,0,0,307
no_lstm,NoLSTM,tp19_L5_p0p08,timepoint_mask,5.0,0.08,run1,oof_pooled,0,1,83
no_lstm,NoLSTM,tp19_L5_p0p08,timepoint_mask,5.0,0.08,run1,oof_pooled,0,2,12
no_lstm,NoLSTM,tp19_L5_p0p08,timepoint_mask,5.0,0.08,run1,oof_pooled,1,0,94
no_lstm,NoLSTM,tp19_L5_p0p08,timepoint_mask,5.0,0.08,run1,oof_pooled,1,1,333
no_lstm,NoLSTM,tp19_L5_p0p08,timepoint_mask,5.0,0.08,run1,oof_pooled,1,2,29
no_lstm,NoLSTM,tp19_L5_p0p08,timepoint_mask,5.0,0.08,run1,oof_pooled,2,0,12
no_lstm,NoLSTM,tp19_L5_p0p08,timepoint_mask,5.0,0.08,run1,oof_pooled,2,1,24
no_lstm,NoLSTM,tp19_L5_p0p08,timepoint_mask,5.0,0.08,run1,oof_pooled,2,2,85
no_lstm,NoLSTM,tp19_L5_p0p08,timepoint_mask,5.0,0.08,run2,fold01,0,0,16
no_lstm,NoLSTM,tp19_L5_p0p08,timepoint_mask,5.0,0.08,run2,fold01,0,1,6
no_lstm,NoLSTM,tp19_L5_p0p08,timepoint_mask,5.0,0.08,run2,fold01,0,2,5
no_lstm,NoLSTM,tp19_L5_p0p08,timepoint_mask,5.0,0.08,run2,fold01,1,0,2
no_lstm,NoLSTM,tp19_L5_p0p08,timepoint_mask,5.0,0.08,run2,fold01,1,1,21
no_lstm,NoLSTM,tp19_L5_p0p08,timepoint_mask,5.0,0.08,run2,fold01,1,2,8
no_lstm,NoLSTM,tp19_L5_p0p08,timepoint_mask,5.0,0.08,run2,fold01,2,0,0
no_lstm,NoLSTM,tp19_L5_p0p08,timepoint_mask,5.0,0.08,run2,fold01,2,1,6
no_lstm,NoLSTM,tp19_L5_p0p08,timepoint_mask,5.0,0.08,run2,fold01,2,2,8
no_lstm,NoLSTM,tp19_L5_p0p08,timepoint_mask,5.0,0.08,run2,fold02,0,0,14
no_lstm,NoLSTM,tp19_L5_p0p08,timepoint_mask,5.0,0.08,run2,fold02,0,1,11
no_lstm,NoLSTM,tp19_L5_p0p08,timepoint_mask,5.0,0.08,run2,fold02,0,2,1
no_lstm,NoLSTM,tp19_L5_p0p08,timepoint_mask,5.0,0.08,run2,fold02,1,0,9
no_lstm,NoLSTM,tp19_L5_p0p08,timepoint_mask,5.0,0.08,run2,fold02,1,1,20
no_lstm,NoLSTM,tp19_L5_p0p08,timepoint_mask,5.0,0.08,run2,fold02,1,2,2
no_lstm,NoLSTM,tp19_L5_p0p08,timepoint_mask,5.0,0.08,run2,fold02,2,0,2
no_lstm,NoLSTM,tp19_L5_p0p08,timepoint_mask,5.0,0.08,run2,fold02,2,1,7
no_lstm,NoLSTM,tp19_L5_p0p08,timepoint_mask,5.0,0.08,run2,fold02,2,2,5
no_lstm,NoLSTM,tp19_L5_p0p08,timepoint_mask,5.0,0.08,run2,fold03,0,0,20
no_lstm,NoLSTM,tp19_L5_p0p08,timepoint_mask,5.0,0.08,run2,fold03,0,1,4
no_lstm,NoLSTM,tp19_L5_p0p08,timepoint_mask,5.0,0.08,run2,fold03,0,2,2
no_lstm,NoLSTM,tp19_L5_p0p08,timepoint_mask,5.0,0.08,run2,fold03,1,0,4
no_lstm,NoLSTM,tp19_L5_p0p08,timepoint_mask,5.0,0.08,run2,fold03,1,1,22
no_lstm,NoLSTM,tp19_L5_p0p08,timepoint_mask,5.0,0.08,run2,fold03,1,2,5
no_lstm,NoLSTM,tp19_L5_p0p08,timepoint_mask,5.0,0.08,run2,fold03,2,0,6
no_lstm,NoLSTM,tp19_L5_p0p08,timepoint_mask,5.0,0.08,run2,fold03,2,1,2
no_lstm,NoLSTM,tp19_L5_p0p08,timepoint_mask,5.0,0.08,run2,fold03,2,2,6
no_lstm,NoLSTM,tp19_L5_p0p08,timepoint_mask,5.0,0.08,run2,oof_pooled,0,0,50
no_lstm,NoLSTM,tp19_L5_p0p08,timepoint_mask,5.0,0.08,run2,oof_pooled,0,1,21
no_lstm,NoLSTM,tp19_L5_p0p08,timepoint_mask,5.0,0.08,run2,oof_pooled,0,2,8
no_lstm,NoLSTM,tp19_L5_p0p08,timepoint_mask,5.0,0.08,run2,oof_pooled,1,0,15
no_lstm,NoLSTM,tp19_L5_p0p08,timepoint_mask,5.0,0.08,run2,oof_pooled,1,1,63
no_lstm,NoLSTM,tp19_L5_p0p08,timepoint_mask,5.0,0.08,run2,oof_pooled,1,2,15
no_lstm,NoLSTM,tp19_L5_p0p08,timepoint_mask,5.0,0.08,run2,oof_pooled,2,0,8
no_lstm,NoLSTM,tp19_L5_p0p08,timepoint_mask,5.0,0.08,run2,oof_pooled,2,1,15
no_lstm,NoLSTM,tp19_L5_p0p08,timepoint_mask,5.0,0.08,run2,oof_pooled,2,2,19
no_lstm,NoLSTM,tp20_L5_p0p12,timepoint_mask,5.0,0.12,run1,fold01,0,0,102
no_lstm,NoLSTM,tp20_L5_p0p12,timepoint_mask,5.0,0.12,run1,fold01,0,1,30
no_lstm,NoLSTM,tp20_L5_p0p12,timepoint_mask,5.0,0.12,run1,fold01,0,2,2
no_lstm,NoLSTM,tp20_L5_p0p12,timepoint_mask,5.0,0.12,run1,fold01,1,0,32
no_lstm,NoLSTM,tp20_L5_p0p12,timepoint_mask,5.0,0.12,run1,fold01,1,1,109
no_lstm,NoLSTM,tp20_L5_p0p12,timepoint_mask,5.0,0.12,run1,fold01,1,2,11
no_lstm,NoLSTM,tp20_L5_p0p12,timepoint_mask,5.0,0.12,run1,fold01,2,0,4
no_lstm,NoLSTM,tp20_L5_p0p12,timepoint_mask,5.0,0.12,run1,fold01,2,1,10
no_lstm,NoLSTM,tp20_L5_p0p12,timepoint_mask,5.0,0.12,run1,fold01,2,2,27
no_lstm,NoLSTM,tp20_L5_p0p12,timepoint_mask,5.0,0.12,run1,fold02,0,0,101
no_lstm,NoLSTM,tp20_L5_p0p12,timepoint_mask,5.0,0.12,run1,fold02,0,1,30
no_lstm,NoLSTM,tp20_L5_p0p12,timepoint_mask,5.0,0.12,run1,fold02,0,2,3
no_lstm,NoLSTM,tp20_L5_p0p12,timepoint_mask,5.0,0.12,run1,fold02,1,0,35
no_lstm,NoLSTM,tp20_L5_p0p12,timepoint_mask,5.0,0.12,run1,fold02,1,1,110
no_lstm,NoLSTM,tp20_L5_p0p12,timepoint_mask,5.0,0.12,run1,fold02,1,2,7
no_lstm,NoLSTM,tp20_L5_p0p12,timepoint_mask,5.0,0.12,run1,fold02,2,0,5
no_lstm,NoLSTM,tp20_L5_p0p12,timepoint_mask,5.0,0.12,run1,fold02,2,1,7
no_lstm,NoLSTM,tp20_L5_p0p12,timepoint_mask,5.0,0.12,run1,fold02,2,2,28
no_lstm,NoLSTM,tp20_L5_p0p12,timepoint_mask,5.0,0.12,run1,fold03,0,0,104
no_lstm,NoLSTM,tp20_L5_p0p12,timepoint_mask,5.0,0.12,run1,fold03,0,1,23
no_lstm,NoLSTM,tp20_L5_p0p12,timepoint_mask,5.0,0.12,run1,fold03,0,2,7
no_lstm,NoLSTM,tp20_L5_p0p12,timepoint_mask,5.0,0.12,run1,fold03,1,0,28
no_lstm,NoLSTM,tp20_L5_p0p12,timepoint_mask,5.0,0.12,run1,fold03,1,1,113
no_lstm,NoLSTM,tp20_L5_p0p12,timepoint_mask,5.0,0.12,run1,fold03,1,2,11
no_lstm,NoLSTM,tp20_L5_p0p12,timepoint_mask,5.0,0.12,run1,fold03,2,0,3
no_lstm,NoLSTM,tp20_L5_p0p12,timepoint_mask,5.0,0.12,run1,fold03,2,1,7
no_lstm,NoLSTM,tp20_L5_p0p12,timepoint_mask,5.0,0.12,run1,fold03,2,2,30
no_lstm,NoLSTM,tp20_L5_p0p12,timepoint_mask,5.0,0.12,run1,oof_pooled,0,0,307
no_lstm,NoLSTM,tp20_L5_p0p12,timepoint_mask,5.0,0.12,run1,oof_pooled,0,1,83
no_lstm,NoLSTM,tp20_L5_p0p12,timepoint_mask,5.0,0.12,run1,oof_pooled,0,2,12
no_lstm,NoLSTM,tp20_L5_p0p12,timepoint_mask,5.0,0.12,run1,oof_pooled,1,0,95
no_lstm,NoLSTM,tp20_L5_p0p12,timepoint_mask,5.0,0.12,run1,oof_pooled,1,1,332
no_lstm,NoLSTM,tp20_L5_p0p12,timepoint_mask,5.0,0.12,run1,oof_pooled,1,2,29
no_lstm,NoLSTM,tp20_L5_p0p12,timepoint_mask,5.0,0.12,run1,oof_pooled,2,0,12
no_lstm,NoLSTM,tp20_L5_p0p12,timepoint_mask,5.0,0.12,run1,oof_pooled,2,1,24
no_lstm,NoLSTM,tp20_L5_p0p12,timepoint_mask,5.0,0.12,run1,oof_pooled,2,2,85
no_lstm,NoLSTM,tp20_L5_p0p12,timepoint_mask,5.0,0.12,run2,fold01,0,0,16
no_lstm,NoLSTM,tp20_L5_p0p12,timepoint_mask,5.0,0.12,run2,fold01,0,1,6
no_lstm,NoLSTM,tp20_L5_p0p12,timepoint_mask,5.0,0.12,run2,fold01,0,2,5
no_lstm,NoLSTM,tp20_L5_p0p12,timepoint_mask,5.0,0.12,run2,fold01,1,0,2
no_lstm,NoLSTM,tp20_L5_p0p12,timepoint_mask,5.0,0.12,run2,fold01,1,1,21
no_lstm,NoLSTM,tp20_L5_p0p12,timepoint_mask,5.0,0.12,run2,fold01,1,2,8
no_lstm,NoLSTM,tp20_L5_p0p12,timepoint_mask,5.0,0.12,run2,fold01,2,0,0
no_lstm,NoLSTM,tp20_L5_p0p12,timepoint_mask,5.0,0.12,run2,fold01,2,1,6
no_lstm,NoLSTM,tp20_L5_p0p12,timepoint_mask,5.0,0.12,run2,fold01,2,2,8
no_lstm,NoLSTM,tp20_L5_p0p12,timepoint_mask,5.0,0.12,run2,fold02,0,0,14
no_lstm,NoLSTM,tp20_L5_p0p12,timepoint_mask,5.0,0.12,run2,fold02,0,1,11
no_lstm,NoLSTM,tp20_L5_p0p12,timepoint_mask,5.0,0.12,run2,fold02,0,2,1
no_lstm,NoLSTM,tp20_L5_p0p12,timepoint_mask,5.0,0.12,run2,fold02,1,0,9
no_lstm,NoLSTM,tp20_L5_p0p12,timepoint_mask,5.0,0.12,run2,fold02,1,1,20
no_lstm,NoLSTM,tp20_L5_p0p12,timepoint_mask,5.0,0.12,run2,fold02,1,2,2
no_lstm,NoLSTM,tp20_L5_p0p12,timepoint_mask,5.0,0.12,run2,fold02,2,0,2
no_lstm,NoLSTM,tp20_L5_p0p12,timepoint_mask,5.0,0.12,run2,fold02,2,1,7
no_lstm,NoLSTM,tp20_L5_p0p12,timepoint_mask,5.0,0.12,run2,fold02,2,2,5
no_lstm,NoLSTM,tp20_L5_p0p12,timepoint_mask,5.0,0.12,run2,fold03,0,0,20
no_lstm,NoLSTM,tp20_L5_p0p12,timepoint_mask,5.0,0.12,run2,fold03,0,1,4
no_lstm,NoLSTM,tp20_L5_p0p12,timepoint_mask,5.0,0.12,run2,fold03,0,2,2
no_lstm,NoLSTM,tp20_L5_p0p12,timepoint_mask,5.0,0.12,run2,fold03,1,0,4
no_lstm,NoLSTM,tp20_L5_p0p12,timepoint_mask,5.0,0.12,run2,fold03,1,1,22
no_lstm,NoLSTM,tp20_L5_p0p12,timepoint_mask,5.0,0.12,run2,fold03,1,2,5
no_lstm,NoLSTM,tp20_L5_p0p12,timepoint_mask,5.0,0.12,run2,fold03,2,0,6
no_lstm,NoLSTM,tp20_L5_p0p12,timepoint_mask,5.0,0.12,run2,fold03,2,1,2
no_lstm,NoLSTM,tp20_L5_p0p12,timepoint_mask,5.0,0.12,run2,fold03,2,2,6
no_lstm,NoLSTM,tp20_L5_p0p12,timepoint_mask,5.0,0.12,run2,oof_pooled,0,0,50
no_lstm,NoLSTM,tp20_L5_p0p12,timepoint_mask,5.0,0.12,run2,oof_pooled,0,1,21
no_lstm,NoLSTM,tp20_L5_p0p12,timepoint_mask,5.0,0.12,run2,oof_pooled,0,2,8
no_lstm,NoLSTM,tp20_L5_p0p12,timepoint_mask,5.0,0.12,run2,oof_pooled,1,0,15
no_lstm,NoLSTM,tp20_L5_p0p12,timepoint_mask,5.0,0.12,run2,oof_pooled,1,1,63
no_lstm,NoLSTM,tp20_L5_p0p12,timepoint_mask,5.0,0.12,run2,oof_pooled,1,2,15
no_lstm,NoLSTM,tp20_L5_p0p12,timepoint_mask,5.0,0.12,run2,oof_pooled,2,0,8
no_lstm,NoLSTM,tp20_L5_p0p12,timepoint_mask,5.0,0.12,run2,oof_pooled,2,1,15
no_lstm,NoLSTM,tp20_L5_p0p12,timepoint_mask,5.0,0.12,run2,oof_pooled,2,2,19
no_lstm,NoLSTM,tp21_L5_p0p13,timepoint_mask,5.0,0.13,run1,fold01,0,0,102
no_lstm,NoLSTM,tp21_L5_p0p13,timepoint_mask,5.0,0.13,run1,fold01,0,1,30
no_lstm,NoLSTM,tp21_L5_p0p13,timepoint_mask,5.0,0.13,run1,fold01,0,2,2
no_lstm,NoLSTM,tp21_L5_p0p13,timepoint_mask,5.0,0.13,run1,fold01,1,0,34
no_lstm,NoLSTM,tp21_L5_p0p13,timepoint_mask,5.0,0.13,run1,fold01,1,1,108
no_lstm,NoLSTM,tp21_L5_p0p13,timepoint_mask,5.0,0.13,run1,fold01,1,2,10
no_lstm,NoLSTM,tp21_L5_p0p13,timepoint_mask,5.0,0.13,run1,fold01,2,0,4
no_lstm,NoLSTM,tp21_L5_p0p13,timepoint_mask,5.0,0.13,run1,fold01,2,1,10
no_lstm,NoLSTM,tp21_L5_p0p13,timepoint_mask,5.0,0.13,run1,fold01,2,2,27
no_lstm,NoLSTM,tp21_L5_p0p13,timepoint_mask,5.0,0.13,run1,fold02,0,0,101
no_lstm,NoLSTM,tp21_L5_p0p13,timepoint_mask,5.0,0.13,run1,fold02,0,1,30
no_lstm,NoLSTM,tp21_L5_p0p13,timepoint_mask,5.0,0.13,run1,fold02,0,2,3
no_lstm,NoLSTM,tp21_L5_p0p13,timepoint_mask,5.0,0.13,run1,fold02,1,0,34
no_lstm,NoLSTM,tp21_L5_p0p13,timepoint_mask,5.0,0.13,run1,fold02,1,1,111
no_lstm,NoLSTM,tp21_L5_p0p13,timepoint_mask,5.0,0.13,run1,fold02,1,2,7
no_lstm,NoLSTM,tp21_L5_p0p13,timepoint_mask,5.0,0.13,run1,fold02,2,0,5
no_lstm,NoLSTM,tp21_L5_p0p13,timepoint_mask,5.0,0.13,run1,fold02,2,1,7
no_lstm,NoLSTM,tp21_L5_p0p13,timepoint_mask,5.0,0.13,run1,fold02,2,2,28
no_lstm,NoLSTM,tp21_L5_p0p13,timepoint_mask,5.0,0.13,run1,fold03,0,0,104
no_lstm,NoLSTM,tp21_L5_p0p13,timepoint_mask,5.0,0.13,run1,fold03,0,1,23
no_lstm,NoLSTM,tp21_L5_p0p13,timepoint_mask,5.0,0.13,run1,fold03,0,2,7
no_lstm,NoLSTM,tp21_L5_p0p13,timepoint_mask,5.0,0.13,run1,fold03,1,0,26
no_lstm,NoLSTM,tp21_L5_p0p13,timepoint_mask,5.0,0.13,run1,fold03,1,1,116
no_lstm,NoLSTM,tp21_L5_p0p13,timepoint_mask,5.0,0.13,run1,fold03,1,2,10
no_lstm,NoLSTM,tp21_L5_p0p13,timepoint_mask,5.0,0.13,run1,fold03,2,0,3
no_lstm,NoLSTM,tp21_L5_p0p13,timepoint_mask,5.0,0.13,run1,fold03,2,1,7
no_lstm,NoLSTM,tp21_L5_p0p13,timepoint_mask,5.0,0.13,run1,fold03,2,2,30
no_lstm,NoLSTM,tp21_L5_p0p13,timepoint_mask,5.0,0.13,run1,oof_pooled,0,0,307
no_lstm,NoLSTM,tp21_L5_p0p13,timepoint_mask,5.0,0.13,run1,oof_pooled,0,1,83
no_lstm,NoLSTM,tp21_L5_p0p13,timepoint_mask,5.0,0.13,run1,oof_pooled,0,2,12
no_lstm,NoLSTM,tp21_L5_p0p13,timepoint_mask,5.0,0.13,run1,oof_pooled,1,0,94
no_lstm,NoLSTM,tp21_L5_p0p13,timepoint_mask,5.0,0.13,run1,oof_pooled,1,1,335
no_lstm,NoLSTM,tp21_L5_p0p13,timepoint_mask,5.0,0.13,run1,oof_pooled,1,2,27
no_lstm,NoLSTM,tp21_L5_p0p13,timepoint_mask,5.0,0.13,run1,oof_pooled,2,0,12
no_lstm,NoLSTM,tp21_L5_p0p13,timepoint_mask,5.0,0.13,run1,oof_pooled,2,1,24
no_lstm,NoLSTM,tp21_L5_p0p13,timepoint_mask,5.0,0.13,run1,oof_pooled,2,2,85
no_lstm,NoLSTM,tp21_L5_p0p13,timepoint_mask,5.0,0.13,run2,fold01,0,0,16
no_lstm,NoLSTM,tp21_L5_p0p13,timepoint_mask,5.0,0.13,run2,fold01,0,1,6
no_lstm,NoLSTM,tp21_L5_p0p13,timepoint_mask,5.0,0.13,run2,fold01,0,2,5
no_lstm,NoLSTM,tp21_L5_p0p13,timepoint_mask,5.0,0.13,run2,fold01,1,0,2
no_lstm,NoLSTM,tp21_L5_p0p13,timepoint_mask,5.0,0.13,run2,fold01,1,1,21
no_lstm,NoLSTM,tp21_L5_p0p13,timepoint_mask,5.0,0.13,run2,fold01,1,2,8
no_lstm,NoLSTM,tp21_L5_p0p13,timepoint_mask,5.0,0.13,run2,fold01,2,0,0
no_lstm,NoLSTM,tp21_L5_p0p13,timepoint_mask,5.0,0.13,run2,fold01,2,1,6
no_lstm,NoLSTM,tp21_L5_p0p13,timepoint_mask,5.0,0.13,run2,fold01,2,2,8
no_lstm,NoLSTM,tp21_L5_p0p13,timepoint_mask,5.0,0.13,run2,fold02,0,0,14
no_lstm,NoLSTM,tp21_L5_p0p13,timepoint_mask,5.0,0.13,run2,fold02,0,1,11
no_lstm,NoLSTM,tp21_L5_p0p13,timepoint_mask,5.0,0.13,run2,fold02,0,2,1
no_lstm,NoLSTM,tp21_L5_p0p13,timepoint_mask,5.0,0.13,run2,fold02,1,0,9
no_lstm,NoLSTM,tp21_L5_p0p13,timepoint_mask,5.0,0.13,run2,fold02,1,1,20
no_lstm,NoLSTM,tp21_L5_p0p13,timepoint_mask,5.0,0.13,run2,fold02,1,2,2
no_lstm,NoLSTM,tp21_L5_p0p13,timepoint_mask,5.0,0.13,run2,fold02,2,0,2
no_lstm,NoLSTM,tp21_L5_p0p13,timepoint_mask,5.0,0.13,run2,fold02,2,1,7
no_lstm,NoLSTM,tp21_L5_p0p13,timepoint_mask,5.0,0.13,run2,fold02,2,2,5
no_lstm,NoLSTM,tp21_L5_p0p13,timepoint_mask,5.0,0.13,run2,fold03,0,0,20
no_lstm,NoLSTM,tp21_L5_p0p13,timepoint_mask,5.0,0.13,run2,fold03,0,1,4
no_lstm,NoLSTM,tp21_L5_p0p13,timepoint_mask,5.0,0.13,run2,fold03,0,2,2
no_lstm,NoLSTM,tp21_L5_p0p13,timepoint_mask,5.0,0.13,run2,fold03,1,0,4
no_lstm,NoLSTM,tp21_L5_p0p13,timepoint_mask,5.0,0.13,run2,fold03,1,1,22
no_lstm,NoLSTM,tp21_L5_p0p13,timepoint_mask,5.0,0.13,run2,fold03,1,2,5
no_lstm,NoLSTM,tp21_L5_p0p13,timepoint_mask,5.0,0.13,run2,fold03,2,0,6
no_lstm,NoLSTM,tp21_L5_p0p13,timepoint_mask,5.0,0.13,run2,fold03,2,1,2
no_lstm,NoLSTM,tp21_L5_p0p13,timepoint_mask,5.0,0.13,run2,fold03,2,2,6
no_lstm,NoLSTM,tp21_L5_p0p13,timepoint_mask,5.0,0.13,run2,oof_pooled,0,0,50
no_lstm,NoLSTM,tp21_L5_p0p13,timepoint_mask,5.0,0.13,run2,oof_pooled,0,1,21
no_lstm,NoLSTM,tp21_L5_p0p13,timepoint_mask,5.0,0.13,run2,oof_pooled,0,2,8
no_lstm,NoLSTM,tp21_L5_p0p13,timepoint_mask,5.0,0.13,run2,oof_pooled,1,0,15
no_lstm,NoLSTM,tp21_L5_p0p13,timepoint_mask,5.0,0.13,run2,oof_pooled,1,1,63
no_lstm,NoLSTM,tp21_L5_p0p13,timepoint_mask,5.0,0.13,run2,oof_pooled,1,2,15
no_lstm,NoLSTM,tp21_L5_p0p13,timepoint_mask,5.0,0.13,run2,oof_pooled,2,0,8
no_lstm,NoLSTM,tp21_L5_p0p13,timepoint_mask,5.0,0.13,run2,oof_pooled,2,1,15
no_lstm,NoLSTM,tp21_L5_p0p13,timepoint_mask,5.0,0.13,run2,oof_pooled,2,2,19
no_lstm,NoLSTM,tp22_L5_p0p33,timepoint_mask,5.0,0.33,run1,fold01,0,0,102
no_lstm,NoLSTM,tp22_L5_p0p33,timepoint_mask,5.0,0.33,run1,fold01,0,1,30
no_lstm,NoLSTM,tp22_L5_p0p33,timepoint_mask,5.0,0.33,run1,fold01,0,2,2
no_lstm,NoLSTM,tp22_L5_p0p33,timepoint_mask,5.0,0.33,run1,fold01,1,0,34
no_lstm,NoLSTM,tp22_L5_p0p33,timepoint_mask,5.0,0.33,run1,fold01,1,1,106
no_lstm,NoLSTM,tp22_L5_p0p33,timepoint_mask,5.0,0.33,run1,fold01,1,2,12
no_lstm,NoLSTM,tp22_L5_p0p33,timepoint_mask,5.0,0.33,run1,fold01,2,0,4
no_lstm,NoLSTM,tp22_L5_p0p33,timepoint_mask,5.0,0.33,run1,fold01,2,1,10
no_lstm,NoLSTM,tp22_L5_p0p33,timepoint_mask,5.0,0.33,run1,fold01,2,2,27
no_lstm,NoLSTM,tp22_L5_p0p33,timepoint_mask,5.0,0.33,run1,fold02,0,0,101
no_lstm,NoLSTM,tp22_L5_p0p33,timepoint_mask,5.0,0.33,run1,fold02,0,1,30
no_lstm,NoLSTM,tp22_L5_p0p33,timepoint_mask,5.0,0.33,run1,fold02,0,2,3
no_lstm,NoLSTM,tp22_L5_p0p33,timepoint_mask,5.0,0.33,run1,fold02,1,0,34
no_lstm,NoLSTM,tp22_L5_p0p33,timepoint_mask,5.0,0.33,run1,fold02,1,1,111
no_lstm,NoLSTM,tp22_L5_p0p33,timepoint_mask,5.0,0.33,run1,fold02,1,2,7
no_lstm,NoLSTM,tp22_L5_p0p33,timepoint_mask,5.0,0.33,run1,fold02,2,0,5
no_lstm,NoLSTM,tp22_L5_p0p33,timepoint_mask,5.0,0.33,run1,fold02,2,1,7
no_lstm,NoLSTM,tp22_L5_p0p33,timepoint_mask,5.0,0.33,run1,fold02,2,2,28
no_lstm,NoLSTM,tp22_L5_p0p33,timepoint_mask,5.0,0.33,run1,fold03,0,0,104
no_lstm,NoLSTM,tp22_L5_p0p33,timepoint_mask,5.0,0.33,run1,fold03,0,1,23
no_lstm,NoLSTM,tp22_L5_p0p33,timepoint_mask,5.0,0.33,run1,fold03,0,2,7
no_lstm,NoLSTM,tp22_L5_p0p33,timepoint_mask,5.0,0.33,run1,fold03,1,0,27
no_lstm,NoLSTM,tp22_L5_p0p33,timepoint_mask,5.0,0.33,run1,fold03,1,1,114
no_lstm,NoLSTM,tp22_L5_p0p33,timepoint_mask,5.0,0.33,run1,fold03,1,2,11
no_lstm,NoLSTM,tp22_L5_p0p33,timepoint_mask,5.0,0.33,run1,fold03,2,0,3
no_lstm,NoLSTM,tp22_L5_p0p33,timepoint_mask,5.0,0.33,run1,fold03,2,1,7
no_lstm,NoLSTM,tp22_L5_p0p33,timepoint_mask,5.0,0.33,run1,fold03,2,2,30
no_lstm,NoLSTM,tp22_L5_p0p33,timepoint_mask,5.0,0.33,run1,oof_pooled,0,0,307
no_lstm,NoLSTM,tp22_L5_p0p33,timepoint_mask,5.0,0.33,run1,oof_pooled,0,1,83
no_lstm,NoLSTM,tp22_L5_p0p33,timepoint_mask,5.0,0.33,run1,oof_pooled,0,2,12
no_lstm,NoLSTM,tp22_L5_p0p33,timepoint_mask,5.0,0.33,run1,oof_pooled,1,0,95
no_lstm,NoLSTM,tp22_L5_p0p33,timepoint_mask,5.0,0.33,run1,oof_pooled,1,1,331
no_lstm,NoLSTM,tp22_L5_p0p33,timepoint_mask,5.0,0.33,run1,oof_pooled,1,2,30
no_lstm,NoLSTM,tp22_L5_p0p33,timepoint_mask,5.0,0.33,run1,oof_pooled,2,0,12
no_lstm,NoLSTM,tp22_L5_p0p33,timepoint_mask,5.0,0.33,run1,oof_pooled,2,1,24
no_lstm,NoLSTM,tp22_L5_p0p33,timepoint_mask,5.0,0.33,run1,oof_pooled,2,2,85
no_lstm,NoLSTM,tp22_L5_p0p33,timepoint_mask,5.0,0.33,run2,fold01,0,0,16
no_lstm,NoLSTM,tp22_L5_p0p33,timepoint_mask,5.0,0.33,run2,fold01,0,1,6
no_lstm,NoLSTM,tp22_L5_p0p33,timepoint_mask,5.0,0.33,run2,fold01,0,2,5
no_lstm,NoLSTM,tp22_L5_p0p33,timepoint_mask,5.0,0.33,run2,fold01,1,0,2
no_lstm,NoLSTM,tp22_L5_p0p33,timepoint_mask,5.0,0.33,run2,fold01,1,1,21
no_lstm,NoLSTM,tp22_L5_p0p33,timepoint_mask,5.0,0.33,run2,fold01,1,2,8
no_lstm,NoLSTM,tp22_L5_p0p33,timepoint_mask,5.0,0.33,run2,fold01,2,0,0
no_lstm,NoLSTM,tp22_L5_p0p33,timepoint_mask,5.0,0.33,run2,fold01,2,1,6
no_lstm,NoLSTM,tp22_L5_p0p33,timepoint_mask,5.0,0.33,run2,fold01,2,2,8
no_lstm,NoLSTM,tp22_L5_p0p33,timepoint_mask,5.0,0.33,run2,fold02,0,0,14
no_lstm,NoLSTM,tp22_L5_p0p33,timepoint_mask,5.0,0.33,run2,fold02,0,1,11
no_lstm,NoLSTM,tp22_L5_p0p33,timepoint_mask,5.0,0.33,run2,fold02,0,2,1
no_lstm,NoLSTM,tp22_L5_p0p33,timepoint_mask,5.0,0.33,run2,fold02,1,0,9
no_lstm,NoLSTM,tp22_L5_p0p33,timepoint_mask,5.0,0.33,run2,fold02,1,1,20
no_lstm,NoLSTM,tp22_L5_p0p33,timepoint_mask,5.0,0.33,run2,fold02,1,2,2
no_lstm,NoLSTM,tp22_L5_p0p33,timepoint_mask,5.0,0.33,run2,fold02,2,0,2
no_lstm,NoLSTM,tp22_L5_p0p33,timepoint_mask,5.0,0.33,run2,fold02,2,1,7
no_lstm,NoLSTM,tp22_L5_p0p33,timepoint_mask,5.0,0.33,run2,fold02,2,2,5
no_lstm,NoLSTM,tp22_L5_p0p33,timepoint_mask,5.0,0.33,run2,fold03,0,0,20
no_lstm,NoLSTM,tp22_L5_p0p33,timepoint_mask,5.0,0.33,run2,fold03,0,1,4
no_lstm,NoLSTM,tp22_L5_p0p33,timepoint_mask,5.0,0.33,run2,fold03,0,2,2
no_lstm,NoLSTM,tp22_L5_p0p33,timepoint_mask,5.0,0.33,run2,fold03,1,0,4
no_lstm,NoLSTM,tp22_L5_p0p33,timepoint_mask,5.0,0.33,run2,fold03,1,1,22
no_lstm,NoLSTM,tp22_L5_p0p33,timepoint_mask,5.0,0.33,run2,fold03,1,2,5
no_lstm,NoLSTM,tp22_L5_p0p33,timepoint_mask,5.0,0.33,run2,fold03,2,0,5
no_lstm,NoLSTM,tp22_L5_p0p33,timepoint_mask,5.0,0.33,run2,fold03,2,1,3
no_lstm,NoLSTM,tp22_L5_p0p33,timepoint_mask,5.0,0.33,run2,fold03,2,2,6
no_lstm,NoLSTM,tp22_L5_p0p33,timepoint_mask,5.0,0.33,run2,oof_pooled,0,0,50
no_lstm,NoLSTM,tp22_L5_p0p33,timepoint_mask,5.0,0.33,run2,oof_pooled,0,1,21
no_lstm,NoLSTM,tp22_L5_p0p33,timepoint_mask,5.0,0.33,run2,oof_pooled,0,2,8
no_lstm,NoLSTM,tp22_L5_p0p33,timepoint_mask,5.0,0.33,run2,oof_pooled,1,0,15
no_lstm,NoLSTM,tp22_L5_p0p33,timepoint_mask,5.0,0.33,run2,oof_pooled,1,1,63
no_lstm,NoLSTM,tp22_L5_p0p33,timepoint_mask,5.0,0.33,run2,oof_pooled,1,2,15
no_lstm,NoLSTM,tp22_L5_p0p33,timepoint_mask,5.0,0.33,run2,oof_pooled,2,0,7
no_lstm,NoLSTM,tp22_L5_p0p33,timepoint_mask,5.0,0.33,run2,oof_pooled,2,1,16
no_lstm,NoLSTM,tp22_L5_p0p33,timepoint_mask,5.0,0.33,run2,oof_pooled,2,2,19
no_lstm,NoLSTM,tp23_L5_p0p35,timepoint_mask,5.0,0.35,run1,fold01,0,0,102
no_lstm,NoLSTM,tp23_L5_p0p35,timepoint_mask,5.0,0.35,run1,fold01,0,1,30
no_lstm,NoLSTM,tp23_L5_p0p35,timepoint_mask,5.0,0.35,run1,fold01,0,2,2
no_lstm,NoLSTM,tp23_L5_p0p35,timepoint_mask,5.0,0.35,run1,fold01,1,0,34
no_lstm,NoLSTM,tp23_L5_p0p35,timepoint_mask,5.0,0.35,run1,fold01,1,1,106
no_lstm,NoLSTM,tp23_L5_p0p35,timepoint_mask,5.0,0.35,run1,fold01,1,2,12
no_lstm,NoLSTM,tp23_L5_p0p35,timepoint_mask,5.0,0.35,run1,fold01,2,0,4
no_lstm,NoLSTM,tp23_L5_p0p35,timepoint_mask,5.0,0.35,run1,fold01,2,1,10
no_lstm,NoLSTM,tp23_L5_p0p35,timepoint_mask,5.0,0.35,run1,fold01,2,2,27
no_lstm,NoLSTM,tp23_L5_p0p35,timepoint_mask,5.0,0.35,run1,fold02,0,0,101
no_lstm,NoLSTM,tp23_L5_p0p35,timepoint_mask,5.0,0.35,run1,fold02,0,1,30
no_lstm,NoLSTM,tp23_L5_p0p35,timepoint_mask,5.0,0.35,run1,fold02,0,2,3
no_lstm,NoLSTM,tp23_L5_p0p35,timepoint_mask,5.0,0.35,run1,fold02,1,0,37
no_lstm,NoLSTM,tp23_L5_p0p35,timepoint_mask,5.0,0.35,run1,fold02,1,1,108
no_lstm,NoLSTM,tp23_L5_p0p35,timepoint_mask,5.0,0.35,run1,fold02,1,2,7
no_lstm,NoLSTM,tp23_L5_p0p35,timepoint_mask,5.0,0.35,run1,fold02,2,0,5
no_lstm,NoLSTM,tp23_L5_p0p35,timepoint_mask,5.0,0.35,run1,fold02,2,1,7
no_lstm,NoLSTM,tp23_L5_p0p35,timepoint_mask,5.0,0.35,run1,fold02,2,2,28
no_lstm,NoLSTM,tp23_L5_p0p35,timepoint_mask,5.0,0.35,run1,fold03,0,0,104
no_lstm,NoLSTM,tp23_L5_p0p35,timepoint_mask,5.0,0.35,run1,fold03,0,1,23
no_lstm,NoLSTM,tp23_L5_p0p35,timepoint_mask,5.0,0.35,run1,fold03,0,2,7
no_lstm,NoLSTM,tp23_L5_p0p35,timepoint_mask,5.0,0.35,run1,fold03,1,0,27
no_lstm,NoLSTM,tp23_L5_p0p35,timepoint_mask,5.0,0.35,run1,fold03,1,1,114
no_lstm,NoLSTM,tp23_L5_p0p35,timepoint_mask,5.0,0.35,run1,fold03,1,2,11
no_lstm,NoLSTM,tp23_L5_p0p35,timepoint_mask,5.0,0.35,run1,fold03,2,0,3
no_lstm,NoLSTM,tp23_L5_p0p35,timepoint_mask,5.0,0.35,run1,fold03,2,1,7
no_lstm,NoLSTM,tp23_L5_p0p35,timepoint_mask,5.0,0.35,run1,fold03,2,2,30
no_lstm,NoLSTM,tp23_L5_p0p35,timepoint_mask,5.0,0.35,run1,oof_pooled,0,0,307
no_lstm,NoLSTM,tp23_L5_p0p35,timepoint_mask,5.0,0.35,run1,oof_pooled,0,1,83
no_lstm,NoLSTM,tp23_L5_p0p35,timepoint_mask,5.0,0.35,run1,oof_pooled,0,2,12
no_lstm,NoLSTM,tp23_L5_p0p35,timepoint_mask,5.0,0.35,run1,oof_pooled,1,0,98
no_lstm,NoLSTM,tp23_L5_p0p35,timepoint_mask,5.0,0.35,run1,oof_pooled,1,1,328
no_lstm,NoLSTM,tp23_L5_p0p35,timepoint_mask,5.0,0.35,run1,oof_pooled,1,2,30
no_lstm,NoLSTM,tp23_L5_p0p35,timepoint_mask,5.0,0.35,run1,oof_pooled,2,0,12
no_lstm,NoLSTM,tp23_L5_p0p35,timepoint_mask,5.0,0.35,run1,oof_pooled,2,1,24
no_lstm,NoLSTM,tp23_L5_p0p35,timepoint_mask,5.0,0.35,run1,oof_pooled,2,2,85
no_lstm,NoLSTM,tp23_L5_p0p35,timepoint_mask,5.0,0.35,run2,fold01,0,0,16
no_lstm,NoLSTM,tp23_L5_p0p35,timepoint_mask,5.0,0.35,run2,fold01,0,1,6
no_lstm,NoLSTM,tp23_L5_p0p35,timepoint_mask,5.0,0.35,run2,fold01,0,2,5
no_lstm,NoLSTM,tp23_L5_p0p35,timepoint_mask,5.0,0.35,run2,fold01,1,0,2
no_lstm,NoLSTM,tp23_L5_p0p35,timepoint_mask,5.0,0.35,run2,fold01,1,1,21
no_lstm,NoLSTM,tp23_L5_p0p35,timepoint_mask,5.0,0.35,run2,fold01,1,2,8
no_lstm,NoLSTM,tp23_L5_p0p35,timepoint_mask,5.0,0.35,run2,fold01,2,0,0
no_lstm,NoLSTM,tp23_L5_p0p35,timepoint_mask,5.0,0.35,run2,fold01,2,1,6
no_lstm,NoLSTM,tp23_L5_p0p35,timepoint_mask,5.0,0.35,run2,fold01,2,2,8
no_lstm,NoLSTM,tp23_L5_p0p35,timepoint_mask,5.0,0.35,run2,fold02,0,0,14
no_lstm,NoLSTM,tp23_L5_p0p35,timepoint_mask,5.0,0.35,run2,fold02,0,1,11
no_lstm,NoLSTM,tp23_L5_p0p35,timepoint_mask,5.0,0.35,run2,fold02,0,2,1
no_lstm,NoLSTM,tp23_L5_p0p35,timepoint_mask,5.0,0.35,run2,fold02,1,0,9
no_lstm,NoLSTM,tp23_L5_p0p35,timepoint_mask,5.0,0.35,run2,fold02,1,1,20
no_lstm,NoLSTM,tp23_L5_p0p35,timepoint_mask,5.0,0.35,run2,fold02,1,2,2
no_lstm,NoLSTM,tp23_L5_p0p35,timepoint_mask,5.0,0.35,run2,fold02,2,0,2
no_lstm,NoLSTM,tp23_L5_p0p35,timepoint_mask,5.0,0.35,run2,fold02,2,1,7
no_lstm,NoLSTM,tp23_L5_p0p35,timepoint_mask,5.0,0.35,run2,fold02,2,2,5
no_lstm,NoLSTM,tp23_L5_p0p35,timepoint_mask,5.0,0.35,run2,fold03,0,0,20
no_lstm,NoLSTM,tp23_L5_p0p35,timepoint_mask,5.0,0.35,run2,fold03,0,1,4
no_lstm,NoLSTM,tp23_L5_p0p35,timepoint_mask,5.0,0.35,run2,fold03,0,2,2
no_lstm,NoLSTM,tp23_L5_p0p35,timepoint_mask,5.0,0.35,run2,fold03,1,0,4
no_lstm,NoLSTM,tp23_L5_p0p35,timepoint_mask,5.0,0.35,run2,fold03,1,1,22
no_lstm,NoLSTM,tp23_L5_p0p35,timepoint_mask,5.0,0.35,run2,fold03,1,2,5
no_lstm,NoLSTM,tp23_L5_p0p35,timepoint_mask,5.0,0.35,run2,fold03,2,0,5
no_lstm,NoLSTM,tp23_L5_p0p35,timepoint_mask,5.0,0.35,run2,fold03,2,1,3
no_lstm,NoLSTM,tp23_L5_p0p35,timepoint_mask,5.0,0.35,run2,fold03,2,2,6
no_lstm,NoLSTM,tp23_L5_p0p35,timepoint_mask,5.0,0.35,run2,oof_pooled,0,0,50
no_lstm,NoLSTM,tp23_L5_p0p35,timepoint_mask,5.0,0.35,run2,oof_pooled,0,1,21
no_lstm,NoLSTM,tp23_L5_p0p35,timepoint_mask,5.0,0.35,run2,oof_pooled,0,2,8
no_lstm,NoLSTM,tp23_L5_p0p35,timepoint_mask,5.0,0.35,run2,oof_pooled,1,0,15
no_lstm,NoLSTM,tp23_L5_p0p35,timepoint_mask,5.0,0.35,run2,oof_pooled,1,1,63
no_lstm,NoLSTM,tp23_L5_p0p35,timepoint_mask,5.0,0.35,run2,oof_pooled,1,2,15
no_lstm,NoLSTM,tp23_L5_p0p35,timepoint_mask,5.0,0.35,run2,oof_pooled,2,0,7
no_lstm,NoLSTM,tp23_L5_p0p35,timepoint_mask,5.0,0.35,run2,oof_pooled,2,1,16
no_lstm,NoLSTM,tp23_L5_p0p35,timepoint_mask,5.0,0.35,run2,oof_pooled,2,2,19
no_lstm,NoLSTM,tp24_L5_p0p70,timepoint_mask,5.0,0.7,run1,fold01,0,0,102
no_lstm,NoLSTM,tp24_L5_p0p70,timepoint_mask,5.0,0.7,run1,fold01,0,1,30
no_lstm,NoLSTM,tp24_L5_p0p70,timepoint_mask,5.0,0.7,run1,fold01,0,2,2
no_lstm,NoLSTM,tp24_L5_p0p70,timepoint_mask,5.0,0.7,run1,fold01,1,0,37
no_lstm,NoLSTM,tp24_L5_p0p70,timepoint_mask,5.0,0.7,run1,fold01,1,1,99
no_lstm,NoLSTM,tp24_L5_p0p70,timepoint_mask,5.0,0.7,run1,fold01,1,2,16
no_lstm,NoLSTM,tp24_L5_p0p70,timepoint_mask,5.0,0.7,run1,fold01,2,0,4
no_lstm,NoLSTM,tp24_L5_p0p70,timepoint_mask,5.0,0.7,run1,fold01,2,1,10
no_lstm,NoLSTM,tp24_L5_p0p70,timepoint_mask,5.0,0.7,run1,fold01,2,2,27
no_lstm,NoLSTM,tp24_L5_p0p70,timepoint_mask,5.0,0.7,run1,fold02,0,0,101
no_lstm,NoLSTM,tp24_L5_p0p70,timepoint_mask,5.0,0.7,run1,fold02,0,1,30
no_lstm,NoLSTM,tp24_L5_p0p70,timepoint_mask,5.0,0.7,run1,fold02,0,2,3
no_lstm,NoLSTM,tp24_L5_p0p70,timepoint_mask,5.0,0.7,run1,fold02,1,0,33
no_lstm,NoLSTM,tp24_L5_p0p70,timepoint_mask,5.0,0.7,run1,fold02,1,1,111
no_lstm,NoLSTM,tp24_L5_p0p70,timepoint_mask,5.0,0.7,run1,fold02,1,2,8
no_lstm,NoLSTM,tp24_L5_p0p70,timepoint_mask,5.0,0.7,run1,fold02,2,0,5
no_lstm,NoLSTM,tp24_L5_p0p70,timepoint_mask,5.0,0.7,run1,fold02,2,1,7
no_lstm,NoLSTM,tp24_L5_p0p70,timepoint_mask,5.0,0.7,run1,fold02,2,2,28
no_lstm,NoLSTM,tp24_L5_p0p70,timepoint_mask,5.0,0.7,run1,fold03,0,0,104
no_lstm,NoLSTM,tp24_L5_p0p70,timepoint_mask,5.0,0.7,run1,fold03,0,1,23
no_lstm,NoLSTM,tp24_L5_p0p70,timepoint_mask,5.0,0.7,run1,fold03,0,2,7
no_lstm,NoLSTM,tp24_L5_p0p70,timepoint_mask,5.0,0.7,run1,fold03,1,0,27
no_lstm,NoLSTM,tp24_L5_p0p70,timepoint_mask,5.0,0.7,run1,fold03,1,1,114
no_lstm,NoLSTM,tp24_L5_p0p70,timepoint_mask,5.0,0.7,run1,fold03,1,2,11
no_lstm,NoLSTM,tp24_L5_p0p70,timepoint_mask,5.0,0.7,run1,fold03,2,0,3
no_lstm,NoLSTM,tp24_L5_p0p70,timepoint_mask,5.0,0.7,run1,fold03,2,1,7
no_lstm,NoLSTM,tp24_L5_p0p70,timepoint_mask,5.0,0.7,run1,fold03,2,2,30
no_lstm,NoLSTM,tp24_L5_p0p70,timepoint_mask,5.0,0.7,run1,oof_pooled,0,0,307
no_lstm,NoLSTM,tp24_L5_p0p70,timepoint_mask,5.0,0.7,run1,oof_pooled,0,1,83
no_lstm,NoLSTM,tp24_L5_p0p70,timepoint_mask,5.0,0.7,run1,oof_pooled,0,2,12
no_lstm,NoLSTM,tp24_L5_p0p70,timepoint_mask,5.0,0.7,run1,oof_pooled,1,0,97
no_lstm,NoLSTM,tp24_L5_p0p70,timepoint_mask,5.0,0.7,run1,oof_pooled,1,1,324
no_lstm,NoLSTM,tp24_L5_p0p70,timepoint_mask,5.0,0.7,run1,oof_pooled,1,2,35
no_lstm,NoLSTM,tp24_L5_p0p70,timepoint_mask,5.0,0.7,run1,oof_pooled,2,0,12
no_lstm,NoLSTM,tp24_L5_p0p70,timepoint_mask,5.0,0.7,run1,oof_pooled,2,1,24
no_lstm,NoLSTM,tp24_L5_p0p70,timepoint_mask,5.0,0.7,run1,oof_pooled,2,2,85
no_lstm,NoLSTM,tp24_L5_p0p70,timepoint_mask,5.0,0.7,run2,fold01,0,0,16
no_lstm,NoLSTM,tp24_L5_p0p70,timepoint_mask,5.0,0.7,run2,fold01,0,1,6
no_lstm,NoLSTM,tp24_L5_p0p70,timepoint_mask,5.0,0.7,run2,fold01,0,2,5
no_lstm,NoLSTM,tp24_L5_p0p70,timepoint_mask,5.0,0.7,run2,fold01,1,0,2
no_lstm,NoLSTM,tp24_L5_p0p70,timepoint_mask,5.0,0.7,run2,fold01,1,1,21
no_lstm,NoLSTM,tp24_L5_p0p70,timepoint_mask,5.0,0.7,run2,fold01,1,2,8
no_lstm,NoLSTM,tp24_L5_p0p70,timepoint_mask,5.0,0.7,run2,fold01,2,0,0
no_lstm,NoLSTM,tp24_L5_p0p70,timepoint_mask,5.0,0.7,run2,fold01,2,1,6
no_lstm,NoLSTM,tp24_L5_p0p70,timepoint_mask,5.0,0.7,run2,fold01,2,2,8
no_lstm,NoLSTM,tp24_L5_p0p70,timepoint_mask,5.0,0.7,run2,fold02,0,0,14
no_lstm,NoLSTM,tp24_L5_p0p70,timepoint_mask,5.0,0.7,run2,fold02,0,1,11
no_lstm,NoLSTM,tp24_L5_p0p70,timepoint_mask,5.0,0.7,run2,fold02,0,2,1
no_lstm,NoLSTM,tp24_L5_p0p70,timepoint_mask,5.0,0.7,run2,fold02,1,0,9
no_lstm,NoLSTM,tp24_L5_p0p70,timepoint_mask,5.0,0.7,run2,fold02,1,1,20
no_lstm,NoLSTM,tp24_L5_p0p70,timepoint_mask,5.0,0.7,run2,fold02,1,2,2
no_lstm,NoLSTM,tp24_L5_p0p70,timepoint_mask,5.0,0.7,run2,fold02,2,0,2
no_lstm,NoLSTM,tp24_L5_p0p70,timepoint_mask,5.0,0.7,run2,fold02,2,1,7
no_lstm,NoLSTM,tp24_L5_p0p70,timepoint_mask,5.0,0.7,run2,fold02,2,2,5
no_lstm,NoLSTM,tp24_L5_p0p70,timepoint_mask,5.0,0.7,run2,fold03,0,0,20
no_lstm,NoLSTM,tp24_L5_p0p70,timepoint_mask,5.0,0.7,run2,fold03,0,1,4
no_lstm,NoLSTM,tp24_L5_p0p70,timepoint_mask,5.0,0.7,run2,fold03,0,2,2
no_lstm,NoLSTM,tp24_L5_p0p70,timepoint_mask,5.0,0.7,run2,fold03,1,0,4
no_lstm,NoLSTM,tp24_L5_p0p70,timepoint_mask,5.0,0.7,run2,fold03,1,1,22
no_lstm,NoLSTM,tp24_L5_p0p70,timepoint_mask,5.0,0.7,run2,fold03,1,2,5
no_lstm,NoLSTM,tp24_L5_p0p70,timepoint_mask,5.0,0.7,run2,fold03,2,0,5
no_lstm,NoLSTM,tp24_L5_p0p70,timepoint_mask,5.0,0.7,run2,fold03,2,1,3
no_lstm,NoLSTM,tp24_L5_p0p70,timepoint_mask,5.0,0.7,run2,fold03,2,2,6
no_lstm,NoLSTM,tp24_L5_p0p70,timepoint_mask,5.0,0.7,run2,oof_pooled,0,0,50
no_lstm,NoLSTM,tp24_L5_p0p70,timepoint_mask,5.0,0.7,run2,oof_pooled,0,1,21
no_lstm,NoLSTM,tp24_L5_p0p70,timepoint_mask,5.0,0.7,run2,oof_pooled,0,2,8
no_lstm,NoLSTM,tp24_L5_p0p70,timepoint_mask,5.0,0.7,run2,oof_pooled,1,0,15
no_lstm,NoLSTM,tp24_L5_p0p70,timepoint_mask,5.0,0.7,run2,oof_pooled,1,1,63
no_lstm,NoLSTM,tp24_L5_p0p70,timepoint_mask,5.0,0.7,run2,oof_pooled,1,2,15
no_lstm,NoLSTM,tp24_L5_p0p70,timepoint_mask,5.0,0.7,run2,oof_pooled,2,0,7
no_lstm,NoLSTM,tp24_L5_p0p70,timepoint_mask,5.0,0.7,run2,oof_pooled,2,1,16
no_lstm,NoLSTM,tp24_L5_p0p70,timepoint_mask,5.0,0.7,run2,oof_pooled,2,2,19
