condition_id,target_label,time_s,module,stage,stage_class,stage_class_label,metric,n_samples_in_class,data_effect_full,data_effect_no_module,interaction,interaction_sign
tp01_L1_m0p69,1,-0.69,no_conv,run1,0,L1,recall,402,0.0,0.0,0.0,0
tp01_L1_m0p69,1,-0.69,no_conv,run1,0,L1,ptrue,402,0.0,0.0,0.0,0
tp01_L1_m0p69,1,-0.69,no_conv,run1,0,L1,margin,402,0.0,0.0,0.0,0
tp01_L1_m0p69,1,-0.69,no_conv,run1,1,L2/L4/L5 gate,recall,456,-0.6578947368421098,-0.43859649122806843,-0.21929824561404132,-
tp01_L1_m0p69,1,-0.69,no_conv,run1,1,L2/L4/L5 gate,ptrue,456,-0.005939867282976574,-0.0035624820623434417,-0.0023773852206331325,-
tp01_L1_m0p69,1,-0.69,no_conv,run1,1,L2/L4/L5 gate,margin,456,-0.09278175391648968,-0.0055943988917168674,-0.08718735502477282,-
tp01_L1_m0p69,1,-0.69,no_conv,run1,2,L3,recall,121,0.0,0.0,0.0,0
tp01_L1_m0p69,1,-0.69,no_conv,run1,2,L3,ptrue,121,0.0,0.0,0.0,0
tp01_L1_m0p69,1,-0.69,no_conv,run1,2,L3,margin,121,0.0,0.0,0.0,0
tp01_L1_m0p69,1,-0.69,no_conv,run2,0,L2,recall,79,-1.2658227848101404,0.0,-1.2658227848101404,-
tp01_L1_m0p69,1,-0.69,no_conv,run2,0,L2,ptrue,79,0.0004008829812441883,0.0009636999423526249,-0.0005628169611084366,-
tp01_L1_m0p69,1,-0.69,no_conv,run2,0,L2,margin,79,0.12354927264814108,-0.09314463061245179,0.21669390326059287,+
tp01_L1_m0p69,1,-0.69,no_conv,run2,1,L4,recall,93,-5.376344086021497,-2.1505376344086002,-3.225806451612897,-
tp01_L1_m0p69,1,-0.69,no_conv,run2,1,L4,ptrue,93,-0.03086366195673451,-0.014193043739582523,-0.01667061821715199,-
tp01_L1_m0p69,1,-0.69,no_conv,run2,1,L4,margin,93,-0.44588659423333343,-0.18608354881245606,-0.2598030454208774,-
tp01_L1_m0p69,1,-0.69,no_conv,run2,2,L5,recall,42,0.0,-2.3809523809523725,2.3809523809523725,+
tp01_L1_m0p69,1,-0.69,no_conv,run2,2,L5,ptrue,42,-1.528470095751855e-05,-0.012224188296213079,0.01220890359525556,+
tp01_L1_m0p69,1,-0.69,no_conv,run2,2,L5,margin,42,-0.15636205673217773,-0.1057240850336495,-0.05063797169852824,-
tp01_L1_m0p69,1,-0.69,no_lstm,run1,0,L1,recall,402,0.0,0.0,0.0,0
tp01_L1_m0p69,1,-0.69,no_lstm,run1,0,L1,ptrue,402,0.0,0.0,0.0,0
tp01_L1_m0p69,1,-0.69,no_lstm,run1,0,L1,margin,402,0.0,0.0,0.0,0
tp01_L1_m0p69,1,-0.69,no_lstm,run1,1,L2/L4/L5 gate,recall,456,-0.6578947368421098,-0.21929824561404132,-0.43859649122806843,-
tp01_L1_m0p69,1,-0.69,no_lstm,run1,1,L2/L4/L5 gate,ptrue,456,-0.005939867282976574,-0.0013848811433013752,-0.004554986139675199,-
tp01_L1_m0p69,1,-0.69,no_lstm,run1,1,L2/L4/L5 gate,margin,456,-0.09278175391648968,-0.05798609505342123,-0.03479565886306846,-
tp01_L1_m0p69,1,-0.69,no_lstm,run1,2,L3,recall,121,0.0,0.0,0.0,0
tp01_L1_m0p69,1,-0.69,no_lstm,run1,2,L3,ptrue,121,0.0,0.0,0.0,0
tp01_L1_m0p69,1,-0.69,no_lstm,run1,2,L3,margin,121,0.0,0.0,0.0,0
tp01_L1_m0p69,1,-0.69,no_lstm,run2,0,L2,recall,79,-1.2658227848101404,0.0,-1.2658227848101404,-
tp01_L1_m0p69,1,-0.69,no_lstm,run2,0,L2,ptrue,79,0.0004008829812441883,0.00414248680345175,-0.003741603822207562,-
tp01_L1_m0p69,1,-0.69,no_lstm,run2,0,L2,margin,79,0.12354927264814108,-0.01528689278218942,0.1388361654303305,+
tp01_L1_m0p69,1,-0.69,no_lstm,run2,1,L4,recall,93,-5.376344086021497,-1.0752688172043037,-4.301075268817193,-
tp01_L1_m0p69,1,-0.69,no_lstm,run2,1,L4,ptrue,93,-0.03086366195673451,-0.0003837331007885414,-0.03047992885594597,-
tp01_L1_m0p69,1,-0.69,no_lstm,run2,1,L4,margin,93,-0.44588659423333343,-0.0006565047047471517,-0.4452300895285863,-
tp01_L1_m0p69,1,-0.69,no_lstm,run2,2,L5,recall,42,0.0,-2.3809523809523867,2.3809523809523867,+
tp01_L1_m0p69,1,-0.69,no_lstm,run2,2,L5,ptrue,42,-1.528470095751855e-05,0.001992054461013748,-0.0020073391619712666,-
tp01_L1_m0p69,1,-0.69,no_lstm,run2,2,L5,margin,42,-0.15636205673217773,0.0047010631034416495,-0.16106311983561938,-
tp01_L1_m0p69,1,-0.69,no_attention,run1,0,L1,recall,402,0.0,0.0,0.0,0
tp01_L1_m0p69,1,-0.69,no_attention,run1,0,L1,ptrue,402,0.0,0.0,0.0,0
tp01_L1_m0p69,1,-0.69,no_attention,run1,0,L1,margin,402,0.0,0.0,0.0,0
tp01_L1_m0p69,1,-0.69,no_attention,run1,1,L2/L4/L5 gate,recall,456,-0.6578947368421098,-0.21929824561404132,-0.43859649122806843,-
tp01_L1_m0p69,1,-0.69,no_attention,run1,1,L2/L4/L5 gate,ptrue,456,-0.005939867282976574,-0.0013881089923271084,-0.004551758290649466,-
tp01_L1_m0p69,1,-0.69,no_attention,run1,1,L2/L4/L5 gate,margin,456,-0.09278175391648968,-0.0008984941564369464,-0.09188325976005274,-
tp01_L1_m0p69,1,-0.69,no_attention,run1,2,L3,recall,121,0.0,0.0,0.0,0
tp01_L1_m0p69,1,-0.69,no_attention,run1,2,L3,ptrue,121,0.0,0.0,0.0,0
tp01_L1_m0p69,1,-0.69,no_attention,run1,2,L3,margin,121,0.0,0.0,0.0,0
tp01_L1_m0p69,1,-0.69,no_attention,run2,0,L2,recall,79,-1.2658227848101404,-2.5316455696202596,1.2658227848101191,+
tp01_L1_m0p69,1,-0.69,no_attention,run2,0,L2,ptrue,79,0.0004008829812441883,-0.010651125783348259,0.011052008764592447,+
tp01_L1_m0p69,1,-0.69,no_attention,run2,0,L2,margin,79,0.12354927264814108,-0.27426017990595175,0.39780945255409284,+
tp01_L1_m0p69,1,-0.69,no_attention,run2,1,L4,recall,93,-5.376344086021497,-1.0752688172043037,-4.301075268817193,-
tp01_L1_m0p69,1,-0.69,no_attention,run2,1,L4,ptrue,93,-0.03086366195673451,0.0048735100094990935,-0.035737171966233605,-
tp01_L1_m0p69,1,-0.69,no_attention,run2,1,L4,margin,93,-0.44588659423333343,0.15630830391760797,-0.6021948981509414,-
tp01_L1_m0p69,1,-0.69,no_attention,run2,2,L5,recall,42,0.0,-2.3809523809523796,2.3809523809523796,+
tp01_L1_m0p69,1,-0.69,no_attention,run2,2,L5,ptrue,42,-1.528470095751855e-05,-0.010160592968088078,0.01014530826713056,+
tp01_L1_m0p69,1,-0.69,no_attention,run2,2,L5,margin,42,-0.15636205673217773,-0.0482609616149039,-0.10810109511727384,-
tp02_L1_m0p15,1,-0.15,no_conv,run1,0,L1,recall,402,0.0,0.0,0.0,0
tp02_L1_m0p15,1,-0.15,no_conv,run1,0,L1,ptrue,402,0.0,0.0,0.0,0
tp02_L1_m0p15,1,-0.15,no_conv,run1,0,L1,margin,402,0.0,0.0,0.0,0
tp02_L1_m0p15,1,-0.15,no_conv,run1,1,L2/L4/L5 gate,recall,456,-0.21929824561404132,-0.43859649122806843,0.2192982456140271,+
tp02_L1_m0p15,1,-0.15,no_conv,run1,1,L2/L4/L5 gate,ptrue,456,-0.0022081424588004106,-0.0035182856568762855,0.0013101431980758749,+
tp02_L1_m0p15,1,-0.15,no_conv,run1,1,L2/L4/L5 gate,margin,456,-0.04455146716352143,-0.04154980310091849,-0.003001664062602938,-
tp02_L1_m0p15,1,-0.15,no_conv,run1,2,L3,recall,121,0.0,0.0,0.0,0
tp02_L1_m0p15,1,-0.15,no_conv,run1,2,L3,ptrue,121,0.0,0.0,0.0,0
tp02_L1_m0p15,1,-0.15,no_conv,run1,2,L3,margin,121,0.0,0.0,0.0,0
tp02_L1_m0p15,1,-0.15,no_conv,run2,0,L2,recall,79,-1.2658227848101404,0.0,-1.2658227848101404,-
tp02_L1_m0p15,1,-0.15,no_conv,run2,0,L2,ptrue,79,-0.00301111103381424,0.001853490308234007,-0.004864601342048247,-
tp02_L1_m0p15,1,-0.15,no_conv,run2,0,L2,margin,79,0.03560245640670168,-0.06843780971403361,0.10404026612073529,+
tp02_L1_m0p15,1,-0.15,no_conv,run2,1,L4,recall,93,-2.150537634408593,0.0,-2.150537634408593,-
tp02_L1_m0p15,1,-0.15,no_conv,run2,1,L4,ptrue,93,-0.0047658565544913545,-0.0037388438061605744,-0.00102701274833078,-
tp02_L1_m0p15,1,-0.15,no_conv,run2,1,L4,margin,93,-0.1532700392667965,-0.0837630012663462,-0.0695070380004503,-
tp02_L1_m0p15,1,-0.15,no_conv,run2,2,L5,recall,42,-2.3809523809523867,-2.3809523809523725,-1.4210854715202004e-14,-
tp02_L1_m0p15,1,-0.15,no_conv,run2,2,L5,ptrue,42,-0.023820094713115414,-0.012183161674156118,-0.011636933038959296,-
tp02_L1_m0p15,1,-0.15,no_conv,run2,2,L5,margin,42,-0.6728368834370659,-0.10207789568673997,-0.570758987750326,-
tp02_L1_m0p15,1,-0.15,no_lstm,run1,0,L1,recall,402,0.0,0.0,0.0,0
tp02_L1_m0p15,1,-0.15,no_lstm,run1,0,L1,ptrue,402,0.0,0.0,0.0,0
tp02_L1_m0p15,1,-0.15,no_lstm,run1,0,L1,margin,402,0.0,0.0,0.0,0
tp02_L1_m0p15,1,-0.15,no_lstm,run1,1,L2/L4/L5 gate,recall,456,-0.21929824561404132,-0.21929824561404132,0.0,0
tp02_L1_m0p15,1,-0.15,no_lstm,run1,1,L2/L4/L5 gate,ptrue,456,-0.0022081424588004106,-0.001863001581385415,-0.00034514087741499555,-
tp02_L1_m0p15,1,-0.15,no_lstm,run1,1,L2/L4/L5 gate,margin,456,-0.04455146716352143,-0.009580180273603744,-0.034971286889917685,-
tp02_L1_m0p15,1,-0.15,no_lstm,run1,2,L3,recall,121,0.0,0.0,0.0,0
tp02_L1_m0p15,1,-0.15,no_lstm,run1,2,L3,ptrue,121,0.0,0.0,0.0,0
tp02_L1_m0p15,1,-0.15,no_lstm,run1,2,L3,margin,121,0.0,0.0,0.0,0
tp02_L1_m0p15,1,-0.15,no_lstm,run2,0,L2,recall,79,-1.2658227848101404,0.0,-1.2658227848101404,-
tp02_L1_m0p15,1,-0.15,no_lstm,run2,0,L2,ptrue,79,-0.00301111103381424,0.0009274274336257271,-0.003938538467439967,-
tp02_L1_m0p15,1,-0.15,no_lstm,run2,0,L2,margin,79,0.03560245640670168,-0.034401987626252684,0.07000444403295436,+
tp02_L1_m0p15,1,-0.15,no_lstm,run2,1,L4,recall,93,-2.150537634408593,1.0752688172043179,-3.225806451612911,-
tp02_L1_m0p15,1,-0.15,no_lstm,run2,1,L4,ptrue,93,-0.0047658565544913545,0.0012640639819124777,-0.006029920536403832,-
tp02_L1_m0p15,1,-0.15,no_lstm,run2,1,L4,margin,93,-0.1532700392667965,-0.0033225050416364477,-0.14994753422516005,-
tp02_L1_m0p15,1,-0.15,no_lstm,run2,2,L5,recall,42,-2.3809523809523867,-2.3809523809523867,0.0,0
tp02_L1_m0p15,1,-0.15,no_lstm,run2,2,L5,ptrue,42,-0.023820094713115414,-0.005278897427377249,-0.018541197285738165,-
tp02_L1_m0p15,1,-0.15,no_lstm,run2,2,L5,margin,42,-0.6728368834370659,-0.0397960124315605,-0.6330408710055054,-
tp02_L1_m0p15,1,-0.15,no_attention,run1,0,L1,recall,402,0.0,0.0,0.0,0
tp02_L1_m0p15,1,-0.15,no_attention,run1,0,L1,ptrue,402,0.0,0.0,0.0,0
tp02_L1_m0p15,1,-0.15,no_attention,run1,0,L1,margin,402,0.0,0.0,0.0,0
tp02_L1_m0p15,1,-0.15,no_attention,run1,1,L2/L4/L5 gate,recall,456,-0.21929824561404132,0.0,-0.21929824561404132,-
tp02_L1_m0p15,1,-0.15,no_attention,run1,1,L2/L4/L5 gate,ptrue,456,-0.0022081424588004106,-0.0001371806311796231,-0.0020709618276207875,-
tp02_L1_m0p15,1,-0.15,no_attention,run1,1,L2/L4/L5 gate,margin,456,-0.04455146716352143,-0.007265912140147712,-0.03728555502337372,-
tp02_L1_m0p15,1,-0.15,no_attention,run1,2,L3,recall,121,0.0,0.0,0.0,0
tp02_L1_m0p15,1,-0.15,no_attention,run1,2,L3,ptrue,121,0.0,0.0,0.0,0
tp02_L1_m0p15,1,-0.15,no_attention,run1,2,L3,margin,121,0.0,0.0,0.0,0
tp02_L1_m0p15,1,-0.15,no_attention,run2,0,L2,recall,79,-1.2658227848101404,-3.7974683544303787,2.5316455696202382,+
tp02_L1_m0p15,1,-0.15,no_attention,run2,0,L2,ptrue,79,-0.00301111103381424,-0.015922335034011192,0.012911224000196952,+
tp02_L1_m0p15,1,-0.15,no_attention,run2,0,L2,margin,79,0.03560245640670168,-0.22461767721025253,0.2602201336169542,+
tp02_L1_m0p15,1,-0.15,no_attention,run2,1,L4,recall,93,-2.150537634408593,0.0,-2.150537634408593,-
tp02_L1_m0p15,1,-0.15,no_attention,run2,1,L4,ptrue,93,-0.0047658565544913545,0.01068126306097994,-0.015447119615471294,-
tp02_L1_m0p15,1,-0.15,no_attention,run2,1,L4,margin,93,-0.1532700392667965,0.2000492058133566,-0.3533192450801531,-
tp02_L1_m0p15,1,-0.15,no_attention,run2,2,L5,recall,42,-2.3809523809523867,-2.3809523809523796,-7.105427357601002e-15,-
tp02_L1_m0p15,1,-0.15,no_attention,run2,2,L5,ptrue,42,-0.023820094713115414,-0.009914325909167465,-0.013905768803947949,-
tp02_L1_m0p15,1,-0.15,no_attention,run2,2,L5,margin,42,-0.6728368834370659,-0.2890516863692374,-0.38378519706782854,-
tp03_L2_m0p57,2,-0.57,no_conv,run1,0,L1,recall,402,0.24875621890546995,-0.24875621890548416,0.4975124378109541,+
tp03_L2_m0p57,2,-0.57,no_conv,run1,0,L1,ptrue,402,0.0005737220618262651,-0.002412242900396877,0.002985964962223142,+
tp03_L2_m0p57,2,-0.57,no_conv,run1,0,L1,margin,402,0.0035317241682202294,-0.11104583310250682,0.11457755727072705,+
tp03_L2_m0p57,2,-0.57,no_conv,run1,1,L2/L4/L5 gate,recall,456,-4.824561403508767,-6.578947368421055,1.754385964912288,+
tp03_L2_m0p57,2,-0.57,no_conv,run1,1,L2/L4/L5 gate,ptrue,456,-0.04858434376174281,-0.05407439901473454,0.005490055252991732,+
tp03_L2_m0p57,2,-0.57,no_conv,run1,1,L2/L4/L5 gate,margin,456,-0.8445174957282457,-0.5179386850438297,-0.3265788106844161,-
tp03_L2_m0p57,2,-0.57,no_conv,run1,2,L3,recall,121,0.0,0.0,0.0,0
tp03_L2_m0p57,2,-0.57,no_conv,run1,2,L3,ptrue,121,0.0,0.0,0.0,0
tp03_L2_m0p57,2,-0.57,no_conv,run1,2,L3,margin,121,0.0,0.0,0.0,0
tp03_L2_m0p57,2,-0.57,no_conv,run2,0,L2,recall,79,0.0,0.0,0.0,0
tp03_L2_m0p57,2,-0.57,no_conv,run2,0,L2,ptrue,79,0.0,0.0,0.0,0
tp03_L2_m0p57,2,-0.57,no_conv,run2,0,L2,margin,79,0.0,0.0,0.0,0
tp03_L2_m0p57,2,-0.57,no_conv,run2,1,L4,recall,93,0.0,-1.0752688172042966,1.0752688172042966,+
tp03_L2_m0p57,2,-0.57,no_conv,run2,1,L4,ptrue,93,-0.0002592844088681323,-0.009189081268124677,0.008929796859256545,+
tp03_L2_m0p57,2,-0.57,no_conv,run2,1,L4,margin,93,-0.014157505605810528,-0.09051477220109716,0.07635726659528663,+
tp03_L2_m0p57,2,-0.57,no_conv,run2,2,L5,recall,42,0.0,0.0,0.0,0
tp03_L2_m0p57,2,-0.57,no_conv,run2,2,L5,ptrue,42,3.43075784788871e-05,-0.003018222486259381,0.003052530064738268,+
tp03_L2_m0p57,2,-0.57,no_conv,run2,2,L5,margin,42,0.06900614216214129,-0.18394237401939573,0.252948516181537,+
tp03_L2_m0p57,2,-0.57,no_lstm,run1,0,L1,recall,402,0.24875621890546995,0.24875621890546995,0.0,0
tp03_L2_m0p57,2,-0.57,no_lstm,run1,0,L1,ptrue,402,0.0005737220618262651,0.003223954540830798,-0.002650232479004533,-
tp03_L2_m0p57,2,-0.57,no_lstm,run1,0,L1,margin,402,0.0035317241682202294,0.06674064006378355,-0.06320891589556332,-
tp03_L2_m0p57,2,-0.57,no_lstm,run1,1,L2/L4/L5 gate,recall,456,-4.824561403508767,-7.0175438596491375,2.1929824561403706,+
tp03_L2_m0p57,2,-0.57,no_lstm,run1,1,L2/L4/L5 gate,ptrue,456,-0.04858434376174281,-0.05977164324202744,0.01118729948028463,+
tp03_L2_m0p57,2,-0.57,no_lstm,run1,1,L2/L4/L5 gate,margin,456,-0.8445174957282457,-1.0363417560716663,0.1918242603434206,+
tp03_L2_m0p57,2,-0.57,no_lstm,run1,2,L3,recall,121,0.0,0.0,0.0,0
tp03_L2_m0p57,2,-0.57,no_lstm,run1,2,L3,ptrue,121,0.0,0.0,0.0,0
tp03_L2_m0p57,2,-0.57,no_lstm,run1,2,L3,margin,121,0.0,0.0,0.0,0
tp03_L2_m0p57,2,-0.57,no_lstm,run2,0,L2,recall,79,0.0,0.0,0.0,0
tp03_L2_m0p57,2,-0.57,no_lstm,run2,0,L2,ptrue,79,0.0,0.0,0.0,0
tp03_L2_m0p57,2,-0.57,no_lstm,run2,0,L2,margin,79,0.0,0.0,0.0,0
tp03_L2_m0p57,2,-0.57,no_lstm,run2,1,L4,recall,93,0.0,0.0,0.0,0
tp03_L2_m0p57,2,-0.57,no_lstm,run2,1,L4,ptrue,93,-0.0002592844088681323,-0.00025632450737611556,-2.9599014920167477e-06,-
tp03_L2_m0p57,2,-0.57,no_lstm,run2,1,L4,margin,93,-0.014157505605810528,0.004879203054212744,-0.01903670866002327,-
tp03_L2_m0p57,2,-0.57,no_lstm,run2,2,L5,recall,42,0.0,-2.3809523809523867,2.3809523809523867,+
tp03_L2_m0p57,2,-0.57,no_lstm,run2,2,L5,ptrue,42,3.43075784788871e-05,-0.007326430685463403,0.00736073826394229,+
tp03_L2_m0p57,2,-0.57,no_lstm,run2,2,L5,margin,42,0.06900614216214129,-0.059608219989708444,0.12861436215184974,+
tp03_L2_m0p57,2,-0.57,no_attention,run1,0,L1,recall,402,0.24875621890546995,-0.24875621890546995,0.4975124378109399,+
tp03_L2_m0p57,2,-0.57,no_attention,run1,0,L1,ptrue,402,0.0005737220618262651,-0.002157136695136619,0.002730858756962884,+
tp03_L2_m0p57,2,-0.57,no_attention,run1,0,L1,margin,402,0.0035317241682202294,-0.01622449551055727,0.019756219678777498,+
tp03_L2_m0p57,2,-0.57,no_attention,run1,1,L2/L4/L5 gate,recall,456,-4.824561403508767,-8.991228070175438,4.166666666666671,+
tp03_L2_m0p57,2,-0.57,no_attention,run1,1,L2/L4/L5 gate,ptrue,456,-0.04858434376174281,-0.08454775316178953,0.03596340940004672,+
tp03_L2_m0p57,2,-0.57,no_attention,run1,1,L2/L4/L5 gate,margin,456,-0.8445174957282457,-1.1875997666645337,0.34308227093628796,+
tp03_L2_m0p57,2,-0.57,no_attention,run1,2,L3,recall,121,0.0,0.0,0.0,0
tp03_L2_m0p57,2,-0.57,no_attention,run1,2,L3,ptrue,121,0.0,0.0,0.0,0
tp03_L2_m0p57,2,-0.57,no_attention,run1,2,L3,margin,121,0.0,0.0,0.0,0
tp03_L2_m0p57,2,-0.57,no_attention,run2,0,L2,recall,79,0.0,0.0,0.0,0
tp03_L2_m0p57,2,-0.57,no_attention,run2,0,L2,ptrue,79,0.0,0.0,0.0,0
tp03_L2_m0p57,2,-0.57,no_attention,run2,0,L2,margin,79,0.0,0.0,0.0,0
tp03_L2_m0p57,2,-0.57,no_attention,run2,1,L4,recall,93,0.0,1.0752688172042966,-1.0752688172042966,-
tp03_L2_m0p57,2,-0.57,no_attention,run2,1,L4,ptrue,93,-0.0002592844088681323,0.0133503097039398,-0.013609594112807932,-
tp03_L2_m0p57,2,-0.57,no_attention,run2,1,L4,margin,93,-0.014157505605810528,0.09055718997873924,-0.10471469558454977,-
tp03_L2_m0p57,2,-0.57,no_attention,run2,2,L5,recall,42,0.0,-2.3809523809523796,2.3809523809523796,+
tp03_L2_m0p57,2,-0.57,no_attention,run2,2,L5,ptrue,42,3.43075784788871e-05,-0.011970901721583882,0.012005209300062769,+
tp03_L2_m0p57,2,-0.57,no_attention,run2,2,L5,margin,42,0.06900614216214129,-0.24529497183504545,0.31430111399718674,+
tp04_L2_m0p39,2,-0.39,no_conv,run1,0,L1,recall,402,0.24875621890546995,-0.24875621890548416,0.4975124378109541,+
tp04_L2_m0p39,2,-0.39,no_conv,run1,0,L1,ptrue,402,0.0012068580187375444,-0.002506412660946644,0.0037132706796841886,+
tp04_L2_m0p39,2,-0.39,no_conv,run1,0,L1,margin,402,0.007296398717595132,-0.10750009901636304,0.11479649773395817,+
tp04_L2_m0p39,2,-0.39,no_conv,run1,1,L2/L4/L5 gate,recall,456,-5.701754385964918,-6.578947368421055,0.8771929824561369,+
tp04_L2_m0p39,2,-0.39,no_conv,run1,1,L2/L4/L5 gate,ptrue,456,-0.05548636390095241,-0.05346431269393148,-0.002022051207020925,-
tp04_L2_m0p39,2,-0.39,no_conv,run1,1,L2/L4/L5 gate,margin,456,-0.8829159687534629,-0.5311524635303377,-0.35176350522312516,-
tp04_L2_m0p39,2,-0.39,no_conv,run1,2,L3,recall,121,0.0,0.0,0.0,0
tp04_L2_m0p39,2,-0.39,no_conv,run1,2,L3,ptrue,121,0.0,0.0,0.0,0
tp04_L2_m0p39,2,-0.39,no_conv,run1,2,L3,margin,121,0.0,0.0,0.0,0
tp04_L2_m0p39,2,-0.39,no_conv,run2,0,L2,recall,79,0.0,0.0,0.0,0
tp04_L2_m0p39,2,-0.39,no_conv,run2,0,L2,ptrue,79,0.0,0.0,0.0,0
tp04_L2_m0p39,2,-0.39,no_conv,run2,0,L2,margin,79,0.0,0.0,0.0,0
tp04_L2_m0p39,2,-0.39,no_conv,run2,1,L4,recall,93,0.0,0.0,0.0,0
tp04_L2_m0p39,2,-0.39,no_conv,run2,1,L4,ptrue,93,-0.00021812252159558732,-2.2328268456217604e-05,-0.0001957942531393697,-
tp04_L2_m0p39,2,-0.39,no_conv,run2,1,L4,margin,93,-0.0024072718556209516,-0.024145852974666093,0.02173858111904514,+
tp04_L2_m0p39,2,-0.39,no_conv,run2,2,L5,recall,42,0.0,0.0,0.0,0
tp04_L2_m0p39,2,-0.39,no_conv,run2,2,L5,ptrue,42,3.197875408922357e-09,-0.0032966606883010896,0.0032966638861764985,+
tp04_L2_m0p39,2,-0.39,no_conv,run2,2,L5,margin,42,0.004667350224086153,-0.17137232493786583,0.176039675161952,+
tp04_L2_m0p39,2,-0.39,no_lstm,run1,0,L1,recall,402,0.24875621890546995,0.24875621890546995,0.0,0
tp04_L2_m0p39,2,-0.39,no_lstm,run1,0,L1,ptrue,402,0.0012068580187375444,0.0032586825495470872,-0.002051824530809543,-
tp04_L2_m0p39,2,-0.39,no_lstm,run1,0,L1,margin,402,0.007296398717595132,0.05337693931451426,-0.04608054059691913,-
tp04_L2_m0p39,2,-0.39,no_lstm,run1,1,L2/L4/L5 gate,recall,456,-5.701754385964918,-5.701754385964918,0.0,0
tp04_L2_m0p39,2,-0.39,no_lstm,run1,1,L2/L4/L5 gate,ptrue,456,-0.05548636390095241,-0.048758022595212114,-0.006728341305740293,-
tp04_L2_m0p39,2,-0.39,no_lstm,run1,1,L2/L4/L5 gate,margin,456,-0.8829159687534629,-0.8710948940440031,-0.011821074709459811,-
tp04_L2_m0p39,2,-0.39,no_lstm,run1,2,L3,recall,121,0.0,0.0,0.0,0
tp04_L2_m0p39,2,-0.39,no_lstm,run1,2,L3,ptrue,121,0.0,0.0,0.0,0
tp04_L2_m0p39,2,-0.39,no_lstm,run1,2,L3,margin,121,0.0,0.0,0.0,0
tp04_L2_m0p39,2,-0.39,no_lstm,run2,0,L2,recall,79,0.0,0.0,0.0,0
tp04_L2_m0p39,2,-0.39,no_lstm,run2,0,L2,ptrue,79,0.0,0.0,0.0,0
tp04_L2_m0p39,2,-0.39,no_lstm,run2,0,L2,margin,79,0.0,0.0,0.0,0
tp04_L2_m0p39,2,-0.39,no_lstm,run2,1,L4,recall,93,0.0,0.0,0.0,0
tp04_L2_m0p39,2,-0.39,no_lstm,run2,1,L4,ptrue,93,-0.00021812252159558732,-0.0006114423915903888,0.0003933198699948015,+
tp04_L2_m0p39,2,-0.39,no_lstm,run2,1,L4,margin,93,-0.0024072718556209516,-0.0029376112325217307,0.0005303393769007791,+
tp04_L2_m0p39,2,-0.39,no_lstm,run2,2,L5,recall,42,0.0,0.0,0.0,0
tp04_L2_m0p39,2,-0.39,no_lstm,run2,2,L5,ptrue,42,3.197875408922357e-09,-0.0016304337020431325,0.0016304368999185415,+
tp04_L2_m0p39,2,-0.39,no_lstm,run2,2,L5,margin,42,0.004667350224086153,-0.021573109286172065,0.02624045951025822,+
tp04_L2_m0p39,2,-0.39,no_attention,run1,0,L1,recall,402,0.24875621890546995,-0.24875621890546995,0.4975124378109399,+
tp04_L2_m0p39,2,-0.39,no_attention,run1,0,L1,ptrue,402,0.0012068580187375444,-0.00183227779079842,0.0030391358095359644,+
tp04_L2_m0p39,2,-0.39,no_attention,run1,0,L1,margin,402,0.007296398717595132,-0.016878239847534005,0.024174638565129136,+
tp04_L2_m0p39,2,-0.39,no_attention,run1,1,L2/L4/L5 gate,recall,456,-5.701754385964918,-7.675438596491219,1.9736842105263008,+
tp04_L2_m0p39,2,-0.39,no_attention,run1,1,L2/L4/L5 gate,ptrue,456,-0.05548636390095241,-0.07531811375625197,0.019831749855299563,+
tp04_L2_m0p39,2,-0.39,no_attention,run1,1,L2/L4/L5 gate,margin,456,-0.8829159687534629,-1.054341640764298,0.17142567201083514,+
tp04_L2_m0p39,2,-0.39,no_attention,run1,2,L3,recall,121,0.0,0.0,0.0,0
tp04_L2_m0p39,2,-0.39,no_attention,run1,2,L3,ptrue,121,0.0,0.0,0.0,0
tp04_L2_m0p39,2,-0.39,no_attention,run1,2,L3,margin,121,0.0,0.0,0.0,0
tp04_L2_m0p39,2,-0.39,no_attention,run2,0,L2,recall,79,0.0,0.0,0.0,0
tp04_L2_m0p39,2,-0.39,no_attention,run2,0,L2,ptrue,79,0.0,0.0,0.0,0
tp04_L2_m0p39,2,-0.39,no_attention,run2,0,L2,margin,79,0.0,0.0,0.0,0
tp04_L2_m0p39,2,-0.39,no_attention,run2,1,L4,recall,93,0.0,1.0752688172042966,-1.0752688172042966,-
tp04_L2_m0p39,2,-0.39,no_attention,run2,1,L4,ptrue,93,-0.00021812252159558732,0.011229824795517929,-0.011447947317113516,-
tp04_L2_m0p39,2,-0.39,no_attention,run2,1,L4,margin,93,-0.0024072718556209516,0.07400369279647384,-0.07641096465209479,-
tp04_L2_m0p39,2,-0.39,no_attention,run2,2,L5,recall,42,0.0,0.0,0.0,0
tp04_L2_m0p39,2,-0.39,no_attention,run2,2,L5,ptrue,42,3.197875408922357e-09,-1.1071583263133622e-05,1.1074781138542544e-05,+
tp04_L2_m0p39,2,-0.39,no_attention,run2,2,L5,margin,42,0.004667350224086153,-0.10622686431521455,0.1108942145393007,+
tp05_L2_p0p06,2,0.06,no_conv,run1,0,L1,recall,402,0.0,0.0,0.0,0
tp05_L2_p0p06,2,0.06,no_conv,run1,0,L1,ptrue,402,0.0,0.0,0.0,0
tp05_L2_p0p06,2,0.06,no_conv,run1,0,L1,margin,402,0.0,0.0,0.0,0
tp05_L2_p0p06,2,0.06,no_conv,run1,1,L2/L4/L5 gate,recall,456,-6.1403508771929864,-7.675438596491219,1.5350877192982324,+
tp05_L2_p0p06,2,0.06,no_conv,run1,1,L2/L4/L5 gate,ptrue,456,-0.055675091456499515,-0.06538938294572749,0.009714291489227977,+
tp05_L2_p0p06,2,0.06,no_conv,run1,1,L2/L4/L5 gate,margin,456,-0.9175751555809066,-0.7456094490061926,-0.171965706574714,-
tp05_L2_p0p06,2,0.06,no_conv,run1,2,L3,recall,121,0.0,0.0,0.0,0
tp05_L2_p0p06,2,0.06,no_conv,run1,2,L3,ptrue,121,0.0,0.0,0.0,0
tp05_L2_p0p06,2,0.06,no_conv,run1,2,L3,margin,121,0.0,0.0,0.0,0
tp05_L2_p0p06,2,0.06,no_conv,run2,0,L2,recall,79,-2.5316455696202524,0.0,-2.5316455696202524,-
tp05_L2_p0p06,2,0.06,no_conv,run2,0,L2,ptrue,79,-0.016127934749176953,0.0037792306463841907,-0.019907165395561144,-
tp05_L2_p0p06,2,0.06,no_conv,run2,0,L2,margin,79,-0.14137646065482645,-0.026541710654391475,-0.11483475000043497,-
tp05_L2_p0p06,2,0.06,no_conv,run2,1,L4,recall,93,0.0,0.0,0.0,0
tp05_L2_p0p06,2,0.06,no_conv,run2,1,L4,ptrue,93,0.0,0.0,0.0,0
tp05_L2_p0p06,2,0.06,no_conv,run2,1,L4,margin,93,0.0,0.0,0.0,0
tp05_L2_p0p06,2,0.06,no_conv,run2,2,L5,recall,42,0.0,0.0,0.0,0
tp05_L2_p0p06,2,0.06,no_conv,run2,2,L5,ptrue,42,0.0,0.0,0.0,0
tp05_L2_p0p06,2,0.06,no_conv,run2,2,L5,margin,42,0.0,0.0,0.0,0
tp05_L2_p0p06,2,0.06,no_lstm,run1,0,L1,recall,402,0.0,0.0,0.0,0
tp05_L2_p0p06,2,0.06,no_lstm,run1,0,L1,ptrue,402,0.0,0.0,0.0,0
tp05_L2_p0p06,2,0.06,no_lstm,run1,0,L1,margin,402,0.0,0.0,0.0,0
tp05_L2_p0p06,2,0.06,no_lstm,run1,1,L2/L4/L5 gate,recall,456,-6.1403508771929864,-6.359649122807028,0.21929824561404132,+
tp05_L2_p0p06,2,0.06,no_lstm,run1,1,L2/L4/L5 gate,ptrue,456,-0.055675091456499515,-0.05729074162053993,0.0016156501640404164,+
tp05_L2_p0p06,2,0.06,no_lstm,run1,1,L2/L4/L5 gate,margin,456,-0.9175751555809066,-1.0172193641896898,0.0996442086087832,+
tp05_L2_p0p06,2,0.06,no_lstm,run1,2,L3,recall,121,0.0,0.0,0.0,0
tp05_L2_p0p06,2,0.06,no_lstm,run1,2,L3,ptrue,121,0.0,0.0,0.0,0
tp05_L2_p0p06,2,0.06,no_lstm,run1,2,L3,margin,121,0.0,0.0,0.0,0
tp05_L2_p0p06,2,0.06,no_lstm,run2,0,L2,recall,79,-2.5316455696202524,-1.2658227848101333,-1.2658227848101191,-
tp05_L2_p0p06,2,0.06,no_lstm,run2,0,L2,ptrue,79,-0.016127934749176953,-0.0002219916573324987,-0.015905943091844454,-
tp05_L2_p0p06,2,0.06,no_lstm,run2,0,L2,margin,79,-0.14137646065482645,-0.055106199175543824,-0.08627026147928263,-
tp05_L2_p0p06,2,0.06,no_lstm,run2,1,L4,recall,93,0.0,0.0,0.0,0
tp05_L2_p0p06,2,0.06,no_lstm,run2,1,L4,ptrue,93,0.0,0.0,0.0,0
tp05_L2_p0p06,2,0.06,no_lstm,run2,1,L4,margin,93,0.0,0.0,0.0,0
tp05_L2_p0p06,2,0.06,no_lstm,run2,2,L5,recall,42,0.0,0.0,0.0,0
tp05_L2_p0p06,2,0.06,no_lstm,run2,2,L5,ptrue,42,0.0,0.0,0.0,0
tp05_L2_p0p06,2,0.06,no_lstm,run2,2,L5,margin,42,0.0,0.0,0.0,0
tp05_L2_p0p06,2,0.06,no_attention,run1,0,L1,recall,402,0.0,0.0,0.0,0
tp05_L2_p0p06,2,0.06,no_attention,run1,0,L1,ptrue,402,0.0,0.0,0.0,0
tp05_L2_p0p06,2,0.06,no_attention,run1,0,L1,margin,402,0.0,0.0,0.0,0
tp05_L2_p0p06,2,0.06,no_attention,run1,1,L2/L4/L5 gate,recall,456,-6.1403508771929864,-7.89473684210526,1.7543859649122737,+
tp05_L2_p0p06,2,0.06,no_attention,run1,1,L2/L4/L5 gate,ptrue,456,-0.055675091456499515,-0.07637845351730366,0.020703362060804142,+
tp05_L2_p0p06,2,0.06,no_attention,run1,1,L2/L4/L5 gate,margin,456,-0.9175751555809066,-0.9468488184114294,0.029273662830522795,+
tp05_L2_p0p06,2,0.06,no_attention,run1,2,L3,recall,121,0.0,0.0,0.0,0
tp05_L2_p0p06,2,0.06,no_attention,run1,2,L3,ptrue,121,0.0,0.0,0.0,0
tp05_L2_p0p06,2,0.06,no_attention,run1,2,L3,margin,121,0.0,0.0,0.0,0
tp05_L2_p0p06,2,0.06,no_attention,run2,0,L2,recall,79,-2.5316455696202524,-3.7974683544303787,1.2658227848101262,+
tp05_L2_p0p06,2,0.06,no_attention,run2,0,L2,ptrue,79,-0.016127934749176953,-0.009953433535941525,-0.006174501213235428,-
tp05_L2_p0p06,2,0.06,no_attention,run2,0,L2,margin,79,-0.14137646065482645,-0.20751644746412204,0.06613998680929559,+
tp05_L2_p0p06,2,0.06,no_attention,run2,1,L4,recall,93,0.0,0.0,0.0,0
tp05_L2_p0p06,2,0.06,no_attention,run2,1,L4,ptrue,93,0.0,0.0,0.0,0
tp05_L2_p0p06,2,0.06,no_attention,run2,1,L4,margin,93,0.0,0.0,0.0,0
tp05_L2_p0p06,2,0.06,no_attention,run2,2,L5,recall,42,0.0,0.0,0.0,0
tp05_L2_p0p06,2,0.06,no_attention,run2,2,L5,ptrue,42,0.0,0.0,0.0,0
tp05_L2_p0p06,2,0.06,no_attention,run2,2,L5,margin,42,0.0,0.0,0.0,0
tp06_L2_p0p46,2,0.46,no_conv,run1,0,L1,recall,402,0.0,0.0,0.0,0
tp06_L2_p0p46,2,0.46,no_conv,run1,0,L1,ptrue,402,0.0,0.0,0.0,0
tp06_L2_p0p46,2,0.46,no_conv,run1,0,L1,margin,402,0.0,0.0,0.0,0
tp06_L2_p0p46,2,0.46,no_conv,run1,1,L2/L4/L5 gate,recall,456,-6.798245614035082,-7.456140350877192,0.6578947368421098,+
tp06_L2_p0p46,2,0.46,no_conv,run1,1,L2/L4/L5 gate,ptrue,456,-0.06306979128943246,-0.06666946080428637,0.0035996695148539093,+
tp06_L2_p0p46,2,0.46,no_conv,run1,1,L2/L4/L5 gate,margin,456,-0.9897511729321105,-0.7904669396709978,-0.19928423326111266,-
tp06_L2_p0p46,2,0.46,no_conv,run1,2,L3,recall,121,0.0,0.0,0.0,0
tp06_L2_p0p46,2,0.46,no_conv,run1,2,L3,ptrue,121,0.0,0.0,0.0,0
tp06_L2_p0p46,2,0.46,no_conv,run1,2,L3,margin,121,0.0,0.0,0.0,0
tp06_L2_p0p46,2,0.46,no_conv,run2,0,L2,recall,79,0.0,0.0,0.0,0
tp06_L2_p0p46,2,0.46,no_conv,run2,0,L2,ptrue,79,0.0002692270928297269,0.005781432393563657,-0.00551220530073393,-
tp06_L2_p0p46,2,0.46,no_conv,run2,0,L2,margin,79,-0.04678592713007479,-0.003341853524310677,-0.04344407360576411,-
tp06_L2_p0p46,2,0.46,no_conv,run2,1,L4,recall,93,0.0,0.0,0.0,0
tp06_L2_p0p46,2,0.46,no_conv,run2,1,L4,ptrue,93,0.0,0.0,0.0,0
tp06_L2_p0p46,2,0.46,no_conv,run2,1,L4,margin,93,0.0,0.0,0.0,0
tp06_L2_p0p46,2,0.46,no_conv,run2,2,L5,recall,42,0.0,0.0,0.0,0
tp06_L2_p0p46,2,0.46,no_conv,run2,2,L5,ptrue,42,0.0,0.0,0.0,0
tp06_L2_p0p46,2,0.46,no_conv,run2,2,L5,margin,42,0.0,0.0,0.0,0
tp06_L2_p0p46,2,0.46,no_lstm,run1,0,L1,recall,402,0.0,0.0,0.0,0
tp06_L2_p0p46,2,0.46,no_lstm,run1,0,L1,ptrue,402,0.0,0.0,0.0,0
tp06_L2_p0p46,2,0.46,no_lstm,run1,0,L1,margin,402,0.0,0.0,0.0,0
tp06_L2_p0p46,2,0.46,no_lstm,run1,1,L2/L4/L5 gate,recall,456,-6.798245614035082,-5.482456140350877,-1.3157894736842053,-
tp06_L2_p0p46,2,0.46,no_lstm,run1,1,L2/L4/L5 gate,ptrue,456,-0.06306979128943246,-0.04547707832311887,-0.017592712966313595,-
tp06_L2_p0p46,2,0.46,no_lstm,run1,1,L2/L4/L5 gate,margin,456,-0.9897511729321105,-0.7824552897363901,-0.20729588319572034,-
tp06_L2_p0p46,2,0.46,no_lstm,run1,2,L3,recall,121,0.0,0.0,0.0,0
tp06_L2_p0p46,2,0.46,no_lstm,run1,2,L3,ptrue,121,0.0,0.0,0.0,0
tp06_L2_p0p46,2,0.46,no_lstm,run1,2,L3,margin,121,0.0,0.0,0.0,0
tp06_L2_p0p46,2,0.46,no_lstm,run2,0,L2,recall,79,0.0,-2.5316455696202524,2.5316455696202524,+
tp06_L2_p0p46,2,0.46,no_lstm,run2,0,L2,ptrue,79,0.0002692270928297269,-0.013788814537442295,0.014058041630272022,+
tp06_L2_p0p46,2,0.46,no_lstm,run2,0,L2,margin,79,-0.04678592713007479,-0.16098575937101928,0.11419983224094449,+
tp06_L2_p0p46,2,0.46,no_lstm,run2,1,L4,recall,93,0.0,0.0,0.0,0
tp06_L2_p0p46,2,0.46,no_lstm,run2,1,L4,ptrue,93,0.0,0.0,0.0,0
tp06_L2_p0p46,2,0.46,no_lstm,run2,1,L4,margin,93,0.0,0.0,0.0,0
tp06_L2_p0p46,2,0.46,no_lstm,run2,2,L5,recall,42,0.0,0.0,0.0,0
tp06_L2_p0p46,2,0.46,no_lstm,run2,2,L5,ptrue,42,0.0,0.0,0.0,0
tp06_L2_p0p46,2,0.46,no_lstm,run2,2,L5,margin,42,0.0,0.0,0.0,0
tp06_L2_p0p46,2,0.46,no_attention,run1,0,L1,recall,402,0.0,0.0,0.0,0
tp06_L2_p0p46,2,0.46,no_attention,run1,0,L1,ptrue,402,0.0,0.0,0.0,0
tp06_L2_p0p46,2,0.46,no_attention,run1,0,L1,margin,402,0.0,0.0,0.0,0
tp06_L2_p0p46,2,0.46,no_attention,run1,1,L2/L4/L5 gate,recall,456,-6.798245614035082,-7.675438596491219,0.8771929824561369,+
tp06_L2_p0p46,2,0.46,no_attention,run1,1,L2/L4/L5 gate,ptrue,456,-0.06306979128943246,-0.07623291068647864,0.013163119397046175,+
tp06_L2_p0p46,2,0.46,no_attention,run1,1,L2/L4/L5 gate,margin,456,-0.9897511729321105,-0.9746106725856007,-0.015140500346509711,-
tp06_L2_p0p46,2,0.46,no_attention,run1,2,L3,recall,121,0.0,0.0,0.0,0
tp06_L2_p0p46,2,0.46,no_attention,run1,2,L3,ptrue,121,0.0,0.0,0.0,0
tp06_L2_p0p46,2,0.46,no_attention,run1,2,L3,margin,121,0.0,0.0,0.0,0
tp06_L2_p0p46,2,0.46,no_attention,run2,0,L2,recall,79,0.0,-5.063291139240512,5.063291139240512,+
tp06_L2_p0p46,2,0.46,no_attention,run2,0,L2,ptrue,79,0.0002692270928297269,-0.01050132570369755,0.010770552796527277,+
tp06_L2_p0p46,2,0.46,no_attention,run2,0,L2,margin,79,-0.04678592713007479,-0.251353768513927,0.2045678413838522,+
tp06_L2_p0p46,2,0.46,no_attention,run2,1,L4,recall,93,0.0,0.0,0.0,0
tp06_L2_p0p46,2,0.46,no_attention,run2,1,L4,ptrue,93,0.0,0.0,0.0,0
tp06_L2_p0p46,2,0.46,no_attention,run2,1,L4,margin,93,0.0,0.0,0.0,0
tp06_L2_p0p46,2,0.46,no_attention,run2,2,L5,recall,42,0.0,0.0,0.0,0
tp06_L2_p0p46,2,0.46,no_attention,run2,2,L5,ptrue,42,0.0,0.0,0.0,0
tp06_L2_p0p46,2,0.46,no_attention,run2,2,L5,margin,42,0.0,0.0,0.0,0
tp07_L2_p0p82,2,0.82,no_conv,run1,0,L1,recall,402,0.0,0.0,0.0,0
tp07_L2_p0p82,2,0.82,no_conv,run1,0,L1,ptrue,402,0.0,0.0,0.0,0
tp07_L2_p0p82,2,0.82,no_conv,run1,0,L1,margin,402,0.0,0.0,0.0,0
tp07_L2_p0p82,2,0.82,no_conv,run1,1,L2/L4/L5 gate,recall,456,-6.578947368421055,-7.675438596491219,1.096491228070164,+
tp07_L2_p0p82,2,0.82,no_conv,run1,1,L2/L4/L5 gate,ptrue,456,-0.06253875802207043,-0.0679177654017411,0.005379007379670675,+
tp07_L2_p0p82,2,0.82,no_conv,run1,1,L2/L4/L5 gate,margin,456,-0.9661462813873145,-0.808234392469259,-0.15791188891805552,-
tp07_L2_p0p82,2,0.82,no_conv,run1,2,L3,recall,121,0.0,0.0,0.0,0
tp07_L2_p0p82,2,0.82,no_conv,run1,2,L3,ptrue,121,0.0,0.0,0.0,0
tp07_L2_p0p82,2,0.82,no_conv,run1,2,L3,margin,121,0.0,0.0,0.0,0
tp07_L2_p0p82,2,0.82,no_conv,run2,0,L2,recall,79,0.0,0.0,0.0,0
tp07_L2_p0p82,2,0.82,no_conv,run2,0,L2,ptrue,79,-0.013111436504728013,0.008084182498143633,-0.021195619002871646,-
tp07_L2_p0p82,2,0.82,no_conv,run2,0,L2,margin,79,-0.24681084442742307,0.04349901461148566,-0.2903098590389087,-
tp07_L2_p0p82,2,0.82,no_conv,run2,1,L4,recall,93,0.0,0.0,0.0,0
tp07_L2_p0p82,2,0.82,no_conv,run2,1,L4,ptrue,93,0.0,0.0,0.0,0
tp07_L2_p0p82,2,0.82,no_conv,run2,1,L4,margin,93,0.0,0.0,0.0,0
tp07_L2_p0p82,2,0.82,no_conv,run2,2,L5,recall,42,0.0,0.0,0.0,0
tp07_L2_p0p82,2,0.82,no_conv,run2,2,L5,ptrue,42,0.0,0.0,0.0,0
tp07_L2_p0p82,2,0.82,no_conv,run2,2,L5,margin,42,0.0,0.0,0.0,0
tp07_L2_p0p82,2,0.82,no_lstm,run1,0,L1,recall,402,0.0,0.0,0.0,0
tp07_L2_p0p82,2,0.82,no_lstm,run1,0,L1,ptrue,402,0.0,0.0,0.0,0
tp07_L2_p0p82,2,0.82,no_lstm,run1,0,L1,margin,402,0.0,0.0,0.0,0
tp07_L2_p0p82,2,0.82,no_lstm,run1,1,L2/L4/L5 gate,recall,456,-6.578947368421055,-6.1403508771929864,-0.43859649122806843,-
tp07_L2_p0p82,2,0.82,no_lstm,run1,1,L2/L4/L5 gate,ptrue,456,-0.06253875802207043,-0.052560557755357284,-0.009978200266713144,-
tp07_L2_p0p82,2,0.82,no_lstm,run1,1,L2/L4/L5 gate,margin,456,-0.9661462813873145,-0.9013733255734109,-0.06477295581390363,-
tp07_L2_p0p82,2,0.82,no_lstm,run1,2,L3,recall,121,0.0,0.0,0.0,0
tp07_L2_p0p82,2,0.82,no_lstm,run1,2,L3,ptrue,121,0.0,0.0,0.0,0
tp07_L2_p0p82,2,0.82,no_lstm,run1,2,L3,margin,121,0.0,0.0,0.0,0
tp07_L2_p0p82,2,0.82,no_lstm,run2,0,L2,recall,79,0.0,-3.7974683544303858,3.7974683544303858,+
tp07_L2_p0p82,2,0.82,no_lstm,run2,0,L2,ptrue,79,-0.013111436504728013,-0.01702737247113051,0.003915935966402495,+
tp07_L2_p0p82,2,0.82,no_lstm,run2,0,L2,margin,79,-0.24681084442742307,-0.232806298958397,-0.014004545469026075,-
tp07_L2_p0p82,2,0.82,no_lstm,run2,1,L4,recall,93,0.0,0.0,0.0,0
tp07_L2_p0p82,2,0.82,no_lstm,run2,1,L4,ptrue,93,0.0,0.0,0.0,0
tp07_L2_p0p82,2,0.82,no_lstm,run2,1,L4,margin,93,0.0,0.0,0.0,0
tp07_L2_p0p82,2,0.82,no_lstm,run2,2,L5,recall,42,0.0,0.0,0.0,0
tp07_L2_p0p82,2,0.82,no_lstm,run2,2,L5,ptrue,42,0.0,0.0,0.0,0
tp07_L2_p0p82,2,0.82,no_lstm,run2,2,L5,margin,42,0.0,0.0,0.0,0
tp07_L2_p0p82,2,0.82,no_attention,run1,0,L1,recall,402,0.0,0.0,0.0,0
tp07_L2_p0p82,2,0.82,no_attention,run1,0,L1,ptrue,402,0.0,0.0,0.0,0
tp07_L2_p0p82,2,0.82,no_attention,run1,0,L1,margin,402,0.0,0.0,0.0,0
tp07_L2_p0p82,2,0.82,no_attention,run1,1,L2/L4/L5 gate,recall,456,-6.578947368421055,-7.017543859649123,0.43859649122806843,+
tp07_L2_p0p82,2,0.82,no_attention,run1,1,L2/L4/L5 gate,ptrue,456,-0.06253875802207043,-0.0639612677984438,0.0014225097763733707,+
tp07_L2_p0p82,2,0.82,no_attention,run1,1,L2/L4/L5 gate,margin,456,-0.9661462813873145,-0.6409378779823323,-0.32520840340498225,-
tp07_L2_p0p82,2,0.82,no_attention,run1,2,L3,recall,121,0.0,0.0,0.0,0
tp07_L2_p0p82,2,0.82,no_attention,run1,2,L3,ptrue,121,0.0,0.0,0.0,0
tp07_L2_p0p82,2,0.82,no_attention,run1,2,L3,margin,121,0.0,0.0,0.0,0
tp07_L2_p0p82,2,0.82,no_attention,run2,0,L2,recall,79,0.0,-6.329113924050638,6.329113924050638,+
tp07_L2_p0p82,2,0.82,no_attention,run2,0,L2,ptrue,79,-0.013111436504728013,-0.006513037741391392,-0.0065983987633366215,-
tp07_L2_p0p82,2,0.82,no_attention,run2,0,L2,margin,79,-0.24681084442742307,-0.13078558039438878,-0.11602526403303429,-
tp07_L2_p0p82,2,0.82,no_attention,run2,1,L4,recall,93,0.0,0.0,0.0,0
tp07_L2_p0p82,2,0.82,no_attention,run2,1,L4,ptrue,93,0.0,0.0,0.0,0
tp07_L2_p0p82,2,0.82,no_attention,run2,1,L4,margin,93,0.0,0.0,0.0,0
tp07_L2_p0p82,2,0.82,no_attention,run2,2,L5,recall,42,0.0,0.0,0.0,0
tp07_L2_p0p82,2,0.82,no_attention,run2,2,L5,ptrue,42,0.0,0.0,0.0,0
tp07_L2_p0p82,2,0.82,no_attention,run2,2,L5,margin,42,0.0,0.0,0.0,0
tp08_L3_m0p08,3,-0.08,no_conv,run1,0,L1,recall,402,0.0,0.0,0.0,0
tp08_L3_m0p08,3,-0.08,no_conv,run1,0,L1,ptrue,402,0.0,0.0,0.0,0
tp08_L3_m0p08,3,-0.08,no_conv,run1,0,L1,margin,402,0.0,0.0,0.0,0
tp08_L3_m0p08,3,-0.08,no_conv,run1,1,L2/L4/L5 gate,recall,456,0.0,0.0,0.0,0
tp08_L3_m0p08,3,-0.08,no_conv,run1,1,L2/L4/L5 gate,ptrue,456,0.0,0.0,0.0,0
tp08_L3_m0p08,3,-0.08,no_conv,run1,1,L2/L4/L5 gate,margin,456,0.0,0.0,0.0,0
tp08_L3_m0p08,3,-0.08,no_conv,run1,2,L3,recall,121,0.0,0.0,0.0,0
tp08_L3_m0p08,3,-0.08,no_conv,run1,2,L3,ptrue,121,0.0,0.0,0.0,0
tp08_L3_m0p08,3,-0.08,no_conv,run1,2,L3,margin,121,0.0,0.0,0.0,0
tp08_L3_m0p08,3,-0.08,no_conv,run2,0,L2,recall,79,0.0,0.0,0.0,0
tp08_L3_m0p08,3,-0.08,no_conv,run2,0,L2,ptrue,79,0.0,0.0,0.0,0
tp08_L3_m0p08,3,-0.08,no_conv,run2,0,L2,margin,79,0.0,0.0,0.0,0
tp08_L3_m0p08,3,-0.08,no_conv,run2,1,L4,recall,93,-2.150537634408593,1.0752688172043037,-3.225806451612897,-
tp08_L3_m0p08,3,-0.08,no_conv,run2,1,L4,ptrue,93,-0.021418166790603155,0.006160872577819776,-0.02757903936842293,-
tp08_L3_m0p08,3,-0.08,no_conv,run2,1,L4,margin,93,-0.34819027525122426,0.020736094444028796,-0.36892636969525305,-
tp08_L3_m0p08,3,-0.08,no_conv,run2,2,L5,recall,42,0.0,0.0,0.0,0
tp08_L3_m0p08,3,-0.08,no_conv,run2,2,L5,ptrue,42,-1.4260692626777427e-10,-0.0032082412885973133,0.003208241145990387,+
tp08_L3_m0p08,3,-0.08,no_conv,run2,2,L5,margin,42,-0.04531562896001917,-0.15687089023135956,0.11155526127134038,+
tp08_L3_m0p08,3,-0.08,no_lstm,run1,0,L1,recall,402,0.0,0.0,0.0,0
tp08_L3_m0p08,3,-0.08,no_lstm,run1,0,L1,ptrue,402,0.0,0.0,0.0,0
tp08_L3_m0p08,3,-0.08,no_lstm,run1,0,L1,margin,402,0.0,0.0,0.0,0
tp08_L3_m0p08,3,-0.08,no_lstm,run1,1,L2/L4/L5 gate,recall,456,0.0,0.0,0.0,0
tp08_L3_m0p08,3,-0.08,no_lstm,run1,1,L2/L4/L5 gate,ptrue,456,0.0,0.0,0.0,0
tp08_L3_m0p08,3,-0.08,no_lstm,run1,1,L2/L4/L5 gate,margin,456,0.0,0.0,0.0,0
tp08_L3_m0p08,3,-0.08,no_lstm,run1,2,L3,recall,121,0.0,0.0,0.0,0
tp08_L3_m0p08,3,-0.08,no_lstm,run1,2,L3,ptrue,121,0.0,0.0,0.0,0
tp08_L3_m0p08,3,-0.08,no_lstm,run1,2,L3,margin,121,0.0,0.0,0.0,0
tp08_L3_m0p08,3,-0.08,no_lstm,run2,0,L2,recall,79,0.0,0.0,0.0,0
tp08_L3_m0p08,3,-0.08,no_lstm,run2,0,L2,ptrue,79,0.0,0.0,0.0,0
tp08_L3_m0p08,3,-0.08,no_lstm,run2,0,L2,margin,79,0.0,0.0,0.0,0
tp08_L3_m0p08,3,-0.08,no_lstm,run2,1,L4,recall,93,-2.150537634408593,0.0,-2.150537634408593,-
tp08_L3_m0p08,3,-0.08,no_lstm,run2,1,L4,ptrue,93,-0.021418166790603155,0.0005183729433244633,-0.021936539733927618,-
tp08_L3_m0p08,3,-0.08,no_lstm,run2,1,L4,margin,93,-0.34819027525122426,-0.0004630378417430636,-0.3477272374094812,-
tp08_L3_m0p08,3,-0.08,no_lstm,run2,2,L5,recall,42,0.0,0.0,0.0,0
tp08_L3_m0p08,3,-0.08,no_lstm,run2,2,L5,ptrue,42,-1.4260692626777427e-10,-0.0027671539920404165,0.00276715384943349,+
tp08_L3_m0p08,3,-0.08,no_lstm,run2,2,L5,margin,42,-0.04531562896001917,-0.13254611548923312,0.08723048652921395,+
tp08_L3_m0p08,3,-0.08,no_attention,run1,0,L1,recall,402,0.0,0.0,0.0,0
tp08_L3_m0p08,3,-0.08,no_attention,run1,0,L1,ptrue,402,0.0,0.0,0.0,0
tp08_L3_m0p08,3,-0.08,no_attention,run1,0,L1,margin,402,0.0,0.0,0.0,0
tp08_L3_m0p08,3,-0.08,no_attention,run1,1,L2/L4/L5 gate,recall,456,0.0,0.0,0.0,0
tp08_L3_m0p08,3,-0.08,no_attention,run1,1,L2/L4/L5 gate,ptrue,456,0.0,0.0,0.0,0
tp08_L3_m0p08,3,-0.08,no_attention,run1,1,L2/L4/L5 gate,margin,456,0.0,0.0,0.0,0
tp08_L3_m0p08,3,-0.08,no_attention,run1,2,L3,recall,121,0.0,0.0,0.0,0
tp08_L3_m0p08,3,-0.08,no_attention,run1,2,L3,ptrue,121,0.0,0.0,0.0,0
tp08_L3_m0p08,3,-0.08,no_attention,run1,2,L3,margin,121,0.0,0.0,0.0,0
tp08_L3_m0p08,3,-0.08,no_attention,run2,0,L2,recall,79,0.0,0.0,0.0,0
tp08_L3_m0p08,3,-0.08,no_attention,run2,0,L2,ptrue,79,0.0,0.0,0.0,0
tp08_L3_m0p08,3,-0.08,no_attention,run2,0,L2,margin,79,0.0,0.0,0.0,0
tp08_L3_m0p08,3,-0.08,no_attention,run2,1,L4,recall,93,-2.150537634408593,1.0752688172042966,-3.2258064516128897,-
tp08_L3_m0p08,3,-0.08,no_attention,run2,1,L4,ptrue,93,-0.021418166790603155,0.0030657574934985776,-0.024483924284101732,-
tp08_L3_m0p08,3,-0.08,no_attention,run2,1,L4,margin,93,-0.34819027525122426,0.006370396223119523,-0.3545606714743438,-
tp08_L3_m0p08,3,-0.08,no_attention,run2,2,L5,recall,42,0.0,0.0,0.0,0
tp08_L3_m0p08,3,-0.08,no_attention,run2,2,L5,ptrue,42,-1.4260692626777427e-10,-0.0005328976071073965,0.0005328974645004703,+
tp08_L3_m0p08,3,-0.08,no_attention,run2,2,L5,margin,42,-0.04531562896001917,-0.10136488221940532,0.056049253259386145,+
tp09_L3_p0p42,3,0.42,no_conv,run1,0,L1,recall,402,0.0,0.0,0.0,0
tp09_L3_p0p42,3,0.42,no_conv,run1,0,L1,ptrue,402,0.0,0.0,0.0,0
tp09_L3_p0p42,3,0.42,no_conv,run1,0,L1,margin,402,0.0,0.0,0.0,0
tp09_L3_p0p42,3,0.42,no_conv,run1,1,L2/L4/L5 gate,recall,456,0.0,0.0,0.0,0
tp09_L3_p0p42,3,0.42,no_conv,run1,1,L2/L4/L5 gate,ptrue,456,0.0,0.0,0.0,0
tp09_L3_p0p42,3,0.42,no_conv,run1,1,L2/L4/L5 gate,margin,456,0.0,0.0,0.0,0
tp09_L3_p0p42,3,0.42,no_conv,run1,2,L3,recall,121,0.0,0.0,0.0,0
tp09_L3_p0p42,3,0.42,no_conv,run1,2,L3,ptrue,121,0.0,0.0,0.0,0
tp09_L3_p0p42,3,0.42,no_conv,run1,2,L3,margin,121,0.0,0.0,0.0,0
tp09_L3_p0p42,3,0.42,no_conv,run2,0,L2,recall,79,0.0,0.0,0.0,0
tp09_L3_p0p42,3,0.42,no_conv,run2,0,L2,ptrue,79,0.0,0.0,0.0,0
tp09_L3_p0p42,3,0.42,no_conv,run2,0,L2,margin,79,0.0,0.0,0.0,0
tp09_L3_p0p42,3,0.42,no_conv,run2,1,L4,recall,93,0.0,0.0,0.0,0
tp09_L3_p0p42,3,0.42,no_conv,run2,1,L4,ptrue,93,0.0,0.0,0.0,0
tp09_L3_p0p42,3,0.42,no_conv,run2,1,L4,margin,93,0.0,0.0,0.0,0
tp09_L3_p0p42,3,0.42,no_conv,run2,2,L5,recall,42,0.0,0.0,0.0,0
tp09_L3_p0p42,3,0.42,no_conv,run2,2,L5,ptrue,42,0.0,0.0,0.0,0
tp09_L3_p0p42,3,0.42,no_conv,run2,2,L5,margin,42,0.0,0.0,0.0,0
tp09_L3_p0p42,3,0.42,no_lstm,run1,0,L1,recall,402,0.0,0.0,0.0,0
tp09_L3_p0p42,3,0.42,no_lstm,run1,0,L1,ptrue,402,0.0,0.0,0.0,0
tp09_L3_p0p42,3,0.42,no_lstm,run1,0,L1,margin,402,0.0,0.0,0.0,0
tp09_L3_p0p42,3,0.42,no_lstm,run1,1,L2/L4/L5 gate,recall,456,0.0,0.0,0.0,0
tp09_L3_p0p42,3,0.42,no_lstm,run1,1,L2/L4/L5 gate,ptrue,456,0.0,0.0,0.0,0
tp09_L3_p0p42,3,0.42,no_lstm,run1,1,L2/L4/L5 gate,margin,456,0.0,0.0,0.0,0
tp09_L3_p0p42,3,0.42,no_lstm,run1,2,L3,recall,121,0.0,0.0,0.0,0
tp09_L3_p0p42,3,0.42,no_lstm,run1,2,L3,ptrue,121,0.0,0.0,0.0,0
tp09_L3_p0p42,3,0.42,no_lstm,run1,2,L3,margin,121,0.0,0.0,0.0,0
tp09_L3_p0p42,3,0.42,no_lstm,run2,0,L2,recall,79,0.0,0.0,0.0,0
tp09_L3_p0p42,3,0.42,no_lstm,run2,0,L2,ptrue,79,0.0,0.0,0.0,0
tp09_L3_p0p42,3,0.42,no_lstm,run2,0,L2,margin,79,0.0,0.0,0.0,0
tp09_L3_p0p42,3,0.42,no_lstm,run2,1,L4,recall,93,0.0,0.0,0.0,0
tp09_L3_p0p42,3,0.42,no_lstm,run2,1,L4,ptrue,93,0.0,0.0,0.0,0
tp09_L3_p0p42,3,0.42,no_lstm,run2,1,L4,margin,93,0.0,0.0,0.0,0
tp09_L3_p0p42,3,0.42,no_lstm,run2,2,L5,recall,42,0.0,0.0,0.0,0
tp09_L3_p0p42,3,0.42,no_lstm,run2,2,L5,ptrue,42,0.0,0.0,0.0,0
tp09_L3_p0p42,3,0.42,no_lstm,run2,2,L5,margin,42,0.0,0.0,0.0,0
tp09_L3_p0p42,3,0.42,no_attention,run1,0,L1,recall,402,0.0,0.0,0.0,0
tp09_L3_p0p42,3,0.42,no_attention,run1,0,L1,ptrue,402,0.0,0.0,0.0,0
tp09_L3_p0p42,3,0.42,no_attention,run1,0,L1,margin,402,0.0,0.0,0.0,0
tp09_L3_p0p42,3,0.42,no_attention,run1,1,L2/L4/L5 gate,recall,456,0.0,0.0,0.0,0
tp09_L3_p0p42,3,0.42,no_attention,run1,1,L2/L4/L5 gate,ptrue,456,0.0,0.0,0.0,0
tp09_L3_p0p42,3,0.42,no_attention,run1,1,L2/L4/L5 gate,margin,456,0.0,0.0,0.0,0
tp09_L3_p0p42,3,0.42,no_attention,run1,2,L3,recall,121,0.0,0.0,0.0,0
tp09_L3_p0p42,3,0.42,no_attention,run1,2,L3,ptrue,121,0.0,0.0,0.0,0
tp09_L3_p0p42,3,0.42,no_attention,run1,2,L3,margin,121,0.0,0.0,0.0,0
tp09_L3_p0p42,3,0.42,no_attention,run2,0,L2,recall,79,0.0,0.0,0.0,0
tp09_L3_p0p42,3,0.42,no_attention,run2,0,L2,ptrue,79,0.0,0.0,0.0,0
tp09_L3_p0p42,3,0.42,no_attention,run2,0,L2,margin,79,0.0,0.0,0.0,0
tp09_L3_p0p42,3,0.42,no_attention,run2,1,L4,recall,93,0.0,0.0,0.0,0
tp09_L3_p0p42,3,0.42,no_attention,run2,1,L4,ptrue,93,0.0,0.0,0.0,0
tp09_L3_p0p42,3,0.42,no_attention,run2,1,L4,margin,93,0.0,0.0,0.0,0
tp09_L3_p0p42,3,0.42,no_attention,run2,2,L5,recall,42,0.0,0.0,0.0,0
tp09_L3_p0p42,3,0.42,no_attention,run2,2,L5,ptrue,42,0.0,0.0,0.0,0
tp09_L3_p0p42,3,0.42,no_attention,run2,2,L5,margin,42,0.0,0.0,0.0,0
tp10_L3_p0p65,3,0.65,no_conv,run1,0,L1,recall,402,0.0,0.0,0.0,0
tp10_L3_p0p65,3,0.65,no_conv,run1,0,L1,ptrue,402,0.0,0.0,0.0,0
tp10_L3_p0p65,3,0.65,no_conv,run1,0,L1,margin,402,0.0,0.0,0.0,0
tp10_L3_p0p65,3,0.65,no_conv,run1,1,L2/L4/L5 gate,recall,456,0.0,0.0,0.0,0
tp10_L3_p0p65,3,0.65,no_conv,run1,1,L2/L4/L5 gate,ptrue,456,0.0,0.0,0.0,0
tp10_L3_p0p65,3,0.65,no_conv,run1,1,L2/L4/L5 gate,margin,456,0.0,0.0,0.0,0
tp10_L3_p0p65,3,0.65,no_conv,run1,2,L3,recall,121,0.0,0.0,0.0,0
tp10_L3_p0p65,3,0.65,no_conv,run1,2,L3,ptrue,121,0.0,0.0,0.0,0
tp10_L3_p0p65,3,0.65,no_conv,run1,2,L3,margin,121,0.0,0.0,0.0,0
tp10_L3_p0p65,3,0.65,no_conv,run2,0,L2,recall,79,0.0,0.0,0.0,0
tp10_L3_p0p65,3,0.65,no_conv,run2,0,L2,ptrue,79,0.0,0.0,0.0,0
tp10_L3_p0p65,3,0.65,no_conv,run2,0,L2,margin,79,0.0,0.0,0.0,0
tp10_L3_p0p65,3,0.65,no_conv,run2,1,L4,recall,93,0.0,0.0,0.0,0
tp10_L3_p0p65,3,0.65,no_conv,run2,1,L4,ptrue,93,0.0,0.0,0.0,0
tp10_L3_p0p65,3,0.65,no_conv,run2,1,L4,margin,93,0.0,0.0,0.0,0
tp10_L3_p0p65,3,0.65,no_conv,run2,2,L5,recall,42,0.0,0.0,0.0,0
tp10_L3_p0p65,3,0.65,no_conv,run2,2,L5,ptrue,42,0.0,0.0,0.0,0
tp10_L3_p0p65,3,0.65,no_conv,run2,2,L5,margin,42,0.0,0.0,0.0,0
tp10_L3_p0p65,3,0.65,no_lstm,run1,0,L1,recall,402,0.0,0.0,0.0,0
tp10_L3_p0p65,3,0.65,no_lstm,run1,0,L1,ptrue,402,0.0,0.0,0.0,0
tp10_L3_p0p65,3,0.65,no_lstm,run1,0,L1,margin,402,0.0,0.0,0.0,0
tp10_L3_p0p65,3,0.65,no_lstm,run1,1,L2/L4/L5 gate,recall,456,0.0,0.0,0.0,0
tp10_L3_p0p65,3,0.65,no_lstm,run1,1,L2/L4/L5 gate,ptrue,456,0.0,0.0,0.0,0
tp10_L3_p0p65,3,0.65,no_lstm,run1,1,L2/L4/L5 gate,margin,456,0.0,0.0,0.0,0
tp10_L3_p0p65,3,0.65,no_lstm,run1,2,L3,recall,121,0.0,0.0,0.0,0
tp10_L3_p0p65,3,0.65,no_lstm,run1,2,L3,ptrue,121,0.0,0.0,0.0,0
tp10_L3_p0p65,3,0.65,no_lstm,run1,2,L3,margin,121,0.0,0.0,0.0,0
tp10_L3_p0p65,3,0.65,no_lstm,run2,0,L2,recall,79,0.0,0.0,0.0,0
tp10_L3_p0p65,3,0.65,no_lstm,run2,0,L2,ptrue,79,0.0,0.0,0.0,0
tp10_L3_p0p65,3,0.65,no_lstm,run2,0,L2,margin,79,0.0,0.0,0.0,0
tp10_L3_p0p65,3,0.65,no_lstm,run2,1,L4,recall,93,0.0,0.0,0.0,0
tp10_L3_p0p65,3,0.65,no_lstm,run2,1,L4,ptrue,93,0.0,0.0,0.0,0
tp10_L3_p0p65,3,0.65,no_lstm,run2,1,L4,margin,93,0.0,0.0,0.0,0
tp10_L3_p0p65,3,0.65,no_lstm,run2,2,L5,recall,42,0.0,0.0,0.0,0
tp10_L3_p0p65,3,0.65,no_lstm,run2,2,L5,ptrue,42,0.0,0.0,0.0,0
tp10_L3_p0p65,3,0.65,no_lstm,run2,2,L5,margin,42,0.0,0.0,0.0,0
tp10_L3_p0p65,3,0.65,no_attention,run1,0,L1,recall,402,0.0,0.0,0.0,0
tp10_L3_p0p65,3,0.65,no_attention,run1,0,L1,ptrue,402,0.0,0.0,0.0,0
tp10_L3_p0p65,3,0.65,no_attention,run1,0,L1,margin,402,0.0,0.0,0.0,0
tp10_L3_p0p65,3,0.65,no_attention,run1,1,L2/L4/L5 gate,recall,456,0.0,0.0,0.0,0
tp10_L3_p0p65,3,0.65,no_attention,run1,1,L2/L4/L5 gate,ptrue,456,0.0,0.0,0.0,0
tp10_L3_p0p65,3,0.65,no_attention,run1,1,L2/L4/L5 gate,margin,456,0.0,0.0,0.0,0
tp10_L3_p0p65,3,0.65,no_attention,run1,2,L3,recall,121,0.0,0.0,0.0,0
tp10_L3_p0p65,3,0.65,no_attention,run1,2,L3,ptrue,121,0.0,0.0,0.0,0
tp10_L3_p0p65,3,0.65,no_attention,run1,2,L3,margin,121,0.0,0.0,0.0,0
tp10_L3_p0p65,3,0.65,no_attention,run2,0,L2,recall,79,0.0,0.0,0.0,0
tp10_L3_p0p65,3,0.65,no_attention,run2,0,L2,ptrue,79,0.0,0.0,0.0,0
tp10_L3_p0p65,3,0.65,no_attention,run2,0,L2,margin,79,0.0,0.0,0.0,0
tp10_L3_p0p65,3,0.65,no_attention,run2,1,L4,recall,93,0.0,0.0,0.0,0
tp10_L3_p0p65,3,0.65,no_attention,run2,1,L4,ptrue,93,0.0,0.0,0.0,0
tp10_L3_p0p65,3,0.65,no_attention,run2,1,L4,margin,93,0.0,0.0,0.0,0
tp10_L3_p0p65,3,0.65,no_attention,run2,2,L5,recall,42,0.0,0.0,0.0,0
tp10_L3_p0p65,3,0.65,no_attention,run2,2,L5,ptrue,42,0.0,0.0,0.0,0
tp10_L3_p0p65,3,0.65,no_attention,run2,2,L5,margin,42,0.0,0.0,0.0,0
tp11_L3_p0p95,3,0.95,no_conv,run1,0,L1,recall,402,0.0,0.0,0.0,0
tp11_L3_p0p95,3,0.95,no_conv,run1,0,L1,ptrue,402,0.0,0.0,0.0,0
tp11_L3_p0p95,3,0.95,no_conv,run1,0,L1,margin,402,0.0,0.0,0.0,0
tp11_L3_p0p95,3,0.95,no_conv,run1,1,L2/L4/L5 gate,recall,456,0.0,0.0,0.0,0
tp11_L3_p0p95,3,0.95,no_conv,run1,1,L2/L4/L5 gate,ptrue,456,0.0,0.0,0.0,0
tp11_L3_p0p95,3,0.95,no_conv,run1,1,L2/L4/L5 gate,margin,456,0.0,0.0,0.0,0
tp11_L3_p0p95,3,0.95,no_conv,run1,2,L3,recall,121,0.8264462809917319,0.8264462809917319,0.0,0
tp11_L3_p0p95,3,0.95,no_conv,run1,2,L3,ptrue,121,0.006306995985758124,0.004718257098897505,0.001588738886860619,+
tp11_L3_p0p95,3,0.95,no_conv,run1,2,L3,margin,121,0.058236290138861335,0.03548840414886634,0.022747885989994998,+
tp11_L3_p0p95,3,0.95,no_conv,run2,0,L2,recall,79,0.0,0.0,0.0,0
tp11_L3_p0p95,3,0.95,no_conv,run2,0,L2,ptrue,79,0.0,0.0,0.0,0
tp11_L3_p0p95,3,0.95,no_conv,run2,0,L2,margin,79,0.0,0.0,0.0,0
tp11_L3_p0p95,3,0.95,no_conv,run2,1,L4,recall,93,0.0,0.0,0.0,0
tp11_L3_p0p95,3,0.95,no_conv,run2,1,L4,ptrue,93,0.0,0.0,0.0,0
tp11_L3_p0p95,3,0.95,no_conv,run2,1,L4,margin,93,0.0,0.0,0.0,0
tp11_L3_p0p95,3,0.95,no_conv,run2,2,L5,recall,42,0.0,0.0,0.0,0
tp11_L3_p0p95,3,0.95,no_conv,run2,2,L5,ptrue,42,0.0,0.0,0.0,0
tp11_L3_p0p95,3,0.95,no_conv,run2,2,L5,margin,42,0.0,0.0,0.0,0
tp11_L3_p0p95,3,0.95,no_lstm,run1,0,L1,recall,402,0.0,0.0,0.0,0
tp11_L3_p0p95,3,0.95,no_lstm,run1,0,L1,ptrue,402,0.0,0.0,0.0,0
tp11_L3_p0p95,3,0.95,no_lstm,run1,0,L1,margin,402,0.0,0.0,0.0,0
tp11_L3_p0p95,3,0.95,no_lstm,run1,1,L2/L4/L5 gate,recall,456,0.0,0.0,0.0,0
tp11_L3_p0p95,3,0.95,no_lstm,run1,1,L2/L4/L5 gate,ptrue,456,0.0,0.0,0.0,0
tp11_L3_p0p95,3,0.95,no_lstm,run1,1,L2/L4/L5 gate,margin,456,0.0,0.0,0.0,0
tp11_L3_p0p95,3,0.95,no_lstm,run1,2,L3,recall,121,0.8264462809917319,0.0,0.8264462809917319,+
tp11_L3_p0p95,3,0.95,no_lstm,run1,2,L3,ptrue,121,0.006306995985758124,-2.1310456045364745e-06,0.00630912703136266,+
tp11_L3_p0p95,3,0.95,no_lstm,run1,2,L3,margin,121,0.058236290138861335,-0.00010084859595860252,0.05833713873481994,+
tp11_L3_p0p95,3,0.95,no_lstm,run2,0,L2,recall,79,0.0,0.0,0.0,0
tp11_L3_p0p95,3,0.95,no_lstm,run2,0,L2,ptrue,79,0.0,0.0,0.0,0
tp11_L3_p0p95,3,0.95,no_lstm,run2,0,L2,margin,79,0.0,0.0,0.0,0
tp11_L3_p0p95,3,0.95,no_lstm,run2,1,L4,recall,93,0.0,0.0,0.0,0
tp11_L3_p0p95,3,0.95,no_lstm,run2,1,L4,ptrue,93,0.0,0.0,0.0,0
tp11_L3_p0p95,3,0.95,no_lstm,run2,1,L4,margin,93,0.0,0.0,0.0,0
tp11_L3_p0p95,3,0.95,no_lstm,run2,2,L5,recall,42,0.0,0.0,0.0,0
tp11_L3_p0p95,3,0.95,no_lstm,run2,2,L5,ptrue,42,0.0,0.0,0.0,0
tp11_L3_p0p95,3,0.95,no_lstm,run2,2,L5,margin,42,0.0,0.0,0.0,0
tp11_L3_p0p95,3,0.95,no_attention,run1,0,L1,recall,402,0.0,0.0,0.0,0
tp11_L3_p0p95,3,0.95,no_attention,run1,0,L1,ptrue,402,0.0,0.0,0.0,0
tp11_L3_p0p95,3,0.95,no_attention,run1,0,L1,margin,402,0.0,0.0,0.0,0
tp11_L3_p0p95,3,0.95,no_attention,run1,1,L2/L4/L5 gate,recall,456,0.0,0.0,0.0,0
tp11_L3_p0p95,3,0.95,no_attention,run1,1,L2/L4/L5 gate,ptrue,456,0.0,0.0,0.0,0
tp11_L3_p0p95,3,0.95,no_attention,run1,1,L2/L4/L5 gate,margin,456,0.0,0.0,0.0,0
tp11_L3_p0p95,3,0.95,no_attention,run1,2,L3,recall,121,0.8264462809917319,0.0,0.8264462809917319,+
tp11_L3_p0p95,3,0.95,no_attention,run1,2,L3,ptrue,121,0.006306995985758124,-7.304211387326731e-05,0.006380038099631391,+
tp11_L3_p0p95,3,0.95,no_attention,run1,2,L3,margin,121,0.058236290138861335,-0.12842761485044463,0.18666390498930596,+
tp11_L3_p0p95,3,0.95,no_attention,run2,0,L2,recall,79,0.0,0.0,0.0,0
tp11_L3_p0p95,3,0.95,no_attention,run2,0,L2,ptrue,79,0.0,0.0,0.0,0
tp11_L3_p0p95,3,0.95,no_attention,run2,0,L2,margin,79,0.0,0.0,0.0,0
tp11_L3_p0p95,3,0.95,no_attention,run2,1,L4,recall,93,0.0,0.0,0.0,0
tp11_L3_p0p95,3,0.95,no_attention,run2,1,L4,ptrue,93,0.0,0.0,0.0,0
tp11_L3_p0p95,3,0.95,no_attention,run2,1,L4,margin,93,0.0,0.0,0.0,0
tp11_L3_p0p95,3,0.95,no_attention,run2,2,L5,recall,42,0.0,0.0,0.0,0
tp11_L3_p0p95,3,0.95,no_attention,run2,2,L5,ptrue,42,0.0,0.0,0.0,0
tp11_L3_p0p95,3,0.95,no_attention,run2,2,L5,margin,42,0.0,0.0,0.0,0
tp12_L4_m0p56,4,-0.56,no_conv,run1,0,L1,recall,402,0.0,0.0,0.0,0
tp12_L4_m0p56,4,-0.56,no_conv,run1,0,L1,ptrue,402,-0.0004684846496106898,5.142933629520563e-06,-0.00047362758324021037,-
tp12_L4_m0p56,4,-0.56,no_conv,run1,0,L1,margin,402,-0.0035289856257723073,-0.0025442568816949063,-0.000984728744077401,-
tp12_L4_m0p56,4,-0.56,no_conv,run1,1,L2/L4/L5 gate,recall,456,-3.5087719298245617,-5.482456140350877,1.973684210526315,+
tp12_L4_m0p56,4,-0.56,no_conv,run1,1,L2/L4/L5 gate,ptrue,456,-0.028972024584088873,-0.043432919218531985,0.014460894634443111,+
tp12_L4_m0p56,4,-0.56,no_conv,run1,1,L2/L4/L5 gate,margin,456,-0.48487897718880824,-0.2555053196357271,-0.22937365755308115,-
tp12_L4_m0p56,4,-0.56,no_conv,run1,2,L3,recall,121,0.0,0.0,0.0,0
tp12_L4_m0p56,4,-0.56,no_conv,run1,2,L3,ptrue,121,0.0018837753652540812,0.00020519343201730322,0.001678581933236778,+
tp12_L4_m0p56,4,-0.56,no_conv,run1,2,L3,margin,121,0.007604876548544581,0.03590863204199479,-0.02830375549345021,-
tp12_L4_m0p56,4,-0.56,no_conv,run2,0,L2,recall,79,1.2658227848101262,2.5316455696202524,-1.2658227848101262,-
tp12_L4_m0p56,4,-0.56,no_conv,run2,0,L2,ptrue,79,0.00887220255751775,0.01381928822662254,-0.004947085669104789,-
tp12_L4_m0p56,4,-0.56,no_conv,run2,0,L2,margin,79,0.10619546718235195,0.08824940123064798,0.017946065951703977,+
tp12_L4_m0p56,4,-0.56,no_conv,run2,1,L4,recall,93,0.0,0.0,0.0,0
tp12_L4_m0p56,4,-0.56,no_conv,run2,1,L4,ptrue,93,0.0,0.0,0.0,0
tp12_L4_m0p56,4,-0.56,no_conv,run2,1,L4,margin,93,0.0,0.0,0.0,0
tp12_L4_m0p56,4,-0.56,no_conv,run2,2,L5,recall,42,0.0,0.0,0.0,0
tp12_L4_m0p56,4,-0.56,no_conv,run2,2,L5,ptrue,42,0.0,0.0,0.0,0
tp12_L4_m0p56,4,-0.56,no_conv,run2,2,L5,margin,42,0.0,0.0,0.0,0
tp12_L4_m0p56,4,-0.56,no_lstm,run1,0,L1,recall,402,0.0,-0.24875621890546995,0.24875621890546995,+
tp12_L4_m0p56,4,-0.56,no_lstm,run1,0,L1,ptrue,402,-0.0004684846496106898,-0.0032809179841508662,0.0028124333345401764,+
tp12_L4_m0p56,4,-0.56,no_lstm,run1,0,L1,margin,402,-0.0035289856257723073,-0.07324592693157506,0.06971694130580275,+
tp12_L4_m0p56,4,-0.56,no_lstm,run1,1,L2/L4/L5 gate,recall,456,-3.5087719298245617,-3.2894736842105345,-0.2192982456140271,-
tp12_L4_m0p56,4,-0.56,no_lstm,run1,1,L2/L4/L5 gate,ptrue,456,-0.028972024584088873,-0.03157940532030301,0.0026073807362141377,+
tp12_L4_m0p56,4,-0.56,no_lstm,run1,1,L2/L4/L5 gate,margin,456,-0.48487897718880824,-0.5325357999954896,0.047656822806681376,+
tp12_L4_m0p56,4,-0.56,no_lstm,run1,2,L3,recall,121,0.0,0.0,0.0,0
tp12_L4_m0p56,4,-0.56,no_lstm,run1,2,L3,ptrue,121,0.0018837753652540812,0.002903094083446245,-0.0010193187181921637,-
tp12_L4_m0p56,4,-0.56,no_lstm,run1,2,L3,margin,121,0.007604876548544581,-0.00342499323127754,0.011029869779822121,+
tp12_L4_m0p56,4,-0.56,no_lstm,run2,0,L2,recall,79,1.2658227848101262,0.0,1.2658227848101262,+
tp12_L4_m0p56,4,-0.56,no_lstm,run2,0,L2,ptrue,79,0.00887220255751775,-0.00015750268026237801,0.009029705237780128,+
tp12_L4_m0p56,4,-0.56,no_lstm,run2,0,L2,margin,79,0.10619546718235195,-0.005183447765398641,0.1113789149477506,+
tp12_L4_m0p56,4,-0.56,no_lstm,run2,1,L4,recall,93,0.0,0.0,0.0,0
tp12_L4_m0p56,4,-0.56,no_lstm,run2,1,L4,ptrue,93,0.0,0.0,0.0,0
tp12_L4_m0p56,4,-0.56,no_lstm,run2,1,L4,margin,93,0.0,0.0,0.0,0
tp12_L4_m0p56,4,-0.56,no_lstm,run2,2,L5,recall,42,0.0,0.0,0.0,0
tp12_L4_m0p56,4,-0.56,no_lstm,run2,2,L5,ptrue,42,0.0,0.0,0.0,0
tp12_L4_m0p56,4,-0.56,no_lstm,run2,2,L5,margin,42,0.0,0.0,0.0,0
tp12_L4_m0p56,4,-0.56,no_attention,run1,0,L1,recall,402,0.0,-0.24875621890546995,0.24875621890546995,+
tp12_L4_m0p56,4,-0.56,no_attention,run1,0,L1,ptrue,402,-0.0004684846496106898,-0.0007534445733735629,0.00028495992376287305,+
tp12_L4_m0p56,4,-0.56,no_attention,run1,0,L1,margin,402,-0.0035289856257723073,0.002419100471989566,-0.005948086097761873,-
tp12_L4_m0p56,4,-0.56,no_attention,run1,1,L2/L4/L5 gate,recall,456,-3.5087719298245617,-7.017543859649123,3.5087719298245617,+
tp12_L4_m0p56,4,-0.56,no_attention,run1,1,L2/L4/L5 gate,ptrue,456,-0.028972024584088873,-0.062407761483894264,0.03343573689980539,+
tp12_L4_m0p56,4,-0.56,no_attention,run1,1,L2/L4/L5 gate,margin,456,-0.48487897718880824,-1.0537690746499915,0.5688900974611832,+
tp12_L4_m0p56,4,-0.56,no_attention,run1,2,L3,recall,121,0.0,0.0,0.0,0
tp12_L4_m0p56,4,-0.56,no_attention,run1,2,L3,ptrue,121,0.0018837753652540812,0.002258858348465176,-0.0003750829832110947,-
tp12_L4_m0p56,4,-0.56,no_attention,run1,2,L3,margin,121,0.007604876548544581,0.08450438841130747,-0.07689951186276289,-
tp12_L4_m0p56,4,-0.56,no_attention,run2,0,L2,recall,79,1.2658227848101262,-1.2658227848101333,2.5316455696202596,+
tp12_L4_m0p56,4,-0.56,no_attention,run2,0,L2,ptrue,79,0.00887220255751775,-0.004564388831959476,0.013436591389477226,+
tp12_L4_m0p56,4,-0.56,no_attention,run2,0,L2,margin,79,0.10619546718235195,-0.04040523501749657,0.14660070219984853,+
tp12_L4_m0p56,4,-0.56,no_attention,run2,1,L4,recall,93,0.0,0.0,0.0,0
tp12_L4_m0p56,4,-0.56,no_attention,run2,1,L4,ptrue,93,0.0,0.0,0.0,0
tp12_L4_m0p56,4,-0.56,no_attention,run2,1,L4,margin,93,0.0,0.0,0.0,0
tp12_L4_m0p56,4,-0.56,no_attention,run2,2,L5,recall,42,0.0,0.0,0.0,0
tp12_L4_m0p56,4,-0.56,no_attention,run2,2,L5,ptrue,42,0.0,0.0,0.0,0
tp12_L4_m0p56,4,-0.56,no_attention,run2,2,L5,margin,42,0.0,0.0,0.0,0
tp13_L4_m0p55,4,-0.55,no_conv,run1,0,L1,recall,402,0.0,0.0,0.0,0
tp13_L4_m0p55,4,-0.55,no_conv,run1,0,L1,ptrue,402,-0.00041290465278998045,1.2321890535682556e-06,-0.0004141368418435487,-
tp13_L4_m0p55,4,-0.55,no_conv,run1,0,L1,margin,402,-0.0020742122436043786,-0.0025072283486826663,0.0004330161050782877,+
tp13_L4_m0p55,4,-0.55,no_conv,run1,1,L2/L4/L5 gate,recall,456,-3.0701754385964932,-5.701754385964904,2.6315789473684106,+
tp13_L4_m0p55,4,-0.55,no_conv,run1,1,L2/L4/L5 gate,ptrue,456,-0.027672590365125038,-0.0448648937541587,0.01719230338903366,+
tp13_L4_m0p55,4,-0.55,no_conv,run1,1,L2/L4/L5 gate,margin,456,-0.48515599583716806,-0.2612731870133107,-0.22388280882385736,-
tp13_L4_m0p55,4,-0.55,no_conv,run1,2,L3,recall,121,0.0,0.0,0.0,0
tp13_L4_m0p55,4,-0.55,no_conv,run1,2,L3,ptrue,121,0.0021861997271371836,0.00020444216461934506,0.0019817575625178385,+
tp13_L4_m0p55,4,-0.55,no_conv,run1,2,L3,margin,121,0.008866872269013726,0.03624713814948244,-0.027380265880468713,-
tp13_L4_m0p55,4,-0.55,no_conv,run2,0,L2,recall,79,1.2658227848101262,2.5316455696202524,-1.2658227848101262,-
tp13_L4_m0p55,4,-0.55,no_conv,run2,0,L2,ptrue,79,0.008824624908529533,0.013815504463413064,-0.004990879554883532,-
tp13_L4_m0p55,4,-0.55,no_conv,run2,0,L2,margin,79,0.10534608816798663,0.08821692801658301,0.017129160151403616,+
tp13_L4_m0p55,4,-0.55,no_conv,run2,1,L4,recall,93,0.0,0.0,0.0,0
tp13_L4_m0p55,4,-0.55,no_conv,run2,1,L4,ptrue,93,0.0,0.0,0.0,0
tp13_L4_m0p55,4,-0.55,no_conv,run2,1,L4,margin,93,0.0,0.0,0.0,0
tp13_L4_m0p55,4,-0.55,no_conv,run2,2,L5,recall,42,0.0,0.0,0.0,0
tp13_L4_m0p55,4,-0.55,no_conv,run2,2,L5,ptrue,42,0.0,0.0,0.0,0
tp13_L4_m0p55,4,-0.55,no_conv,run2,2,L5,margin,42,0.0,0.0,0.0,0
tp13_L4_m0p55,4,-0.55,no_lstm,run1,0,L1,recall,402,0.0,-0.24875621890546995,0.24875621890546995,+
tp13_L4_m0p55,4,-0.55,no_lstm,run1,0,L1,ptrue,402,-0.00041290465278998045,-0.003281597213689924,0.0028686925608999436,+
tp13_L4_m0p55,4,-0.55,no_lstm,run1,0,L1,margin,402,-0.0020742122436043786,-0.07369804080223563,0.07162382855863125,+
tp13_L4_m0p55,4,-0.55,no_lstm,run1,1,L2/L4/L5 gate,recall,456,-3.0701754385964932,-3.508771929824576,0.43859649122808264,+
tp13_L4_m0p55,4,-0.55,no_lstm,run1,1,L2/L4/L5 gate,ptrue,456,-0.027672590365125038,-0.033541315630414514,0.005868725265289476,+
tp13_L4_m0p55,4,-0.55,no_lstm,run1,1,L2/L4/L5 gate,margin,456,-0.48515599583716806,-0.6033092873015748,0.11815329146440678,+
tp13_L4_m0p55,4,-0.55,no_lstm,run1,2,L3,recall,121,0.0,0.0,0.0,0
tp13_L4_m0p55,4,-0.55,no_lstm,run1,2,L3,ptrue,121,0.0021861997271371836,0.0029037748571576483,-0.0007175751300204647,-
tp13_L4_m0p55,4,-0.55,no_lstm,run1,2,L3,margin,121,0.008866872269013726,-0.0034218465001130127,0.012288718769126739,+
tp13_L4_m0p55,4,-0.55,no_lstm,run2,0,L2,recall,79,1.2658227848101262,0.0,1.2658227848101262,+
tp13_L4_m0p55,4,-0.55,no_lstm,run2,0,L2,ptrue,79,0.008824624908529533,-0.00015396516345722588,0.008978590071986758,+
tp13_L4_m0p55,4,-0.55,no_lstm,run2,0,L2,margin,79,0.10534608816798663,-0.005116349534143416,0.11046243770213005,+
tp13_L4_m0p55,4,-0.55,no_lstm,run2,1,L4,recall,93,0.0,0.0,0.0,0
tp13_L4_m0p55,4,-0.55,no_lstm,run2,1,L4,ptrue,93,0.0,0.0,0.0,0
tp13_L4_m0p55,4,-0.55,no_lstm,run2,1,L4,margin,93,0.0,0.0,0.0,0
tp13_L4_m0p55,4,-0.55,no_lstm,run2,2,L5,recall,42,0.0,0.0,0.0,0
tp13_L4_m0p55,4,-0.55,no_lstm,run2,2,L5,ptrue,42,0.0,0.0,0.0,0
tp13_L4_m0p55,4,-0.55,no_lstm,run2,2,L5,margin,42,0.0,0.0,0.0,0
tp13_L4_m0p55,4,-0.55,no_attention,run1,0,L1,recall,402,0.0,-0.24875621890546995,0.24875621890546995,+
tp13_L4_m0p55,4,-0.55,no_attention,run1,0,L1,ptrue,402,-0.00041290465278998045,-0.000753557015846118,0.00034065236305613755,+
tp13_L4_m0p55,4,-0.55,no_attention,run1,0,L1,margin,402,-0.0020742122436043786,0.0024601351562418827,-0.004534347399846261,-
tp13_L4_m0p55,4,-0.55,no_attention,run1,1,L2/L4/L5 gate,recall,456,-3.0701754385964932,-7.017543859649123,3.94736842105263,+
tp13_L4_m0p55,4,-0.55,no_attention,run1,1,L2/L4/L5 gate,ptrue,456,-0.027672590365125038,-0.06114783598773876,0.033475245622613725,+
tp13_L4_m0p55,4,-0.55,no_attention,run1,1,L2/L4/L5 gate,margin,456,-0.48515599583716806,-1.0534424851403426,0.5682864893031745,+
tp13_L4_m0p55,4,-0.55,no_attention,run1,2,L3,recall,121,0.0,0.0,0.0,0
tp13_L4_m0p55,4,-0.55,no_attention,run1,2,L3,ptrue,121,0.0021861997271371836,0.0022590245856963787,-7.282485855919507e-05,-
tp13_L4_m0p55,4,-0.55,no_attention,run1,2,L3,margin,121,0.008866872269013726,0.08399343178107266,-0.07512655951205893,-
tp13_L4_m0p55,4,-0.55,no_attention,run2,0,L2,recall,79,1.2658227848101262,-1.2658227848101333,2.5316455696202596,+
tp13_L4_m0p55,4,-0.55,no_attention,run2,0,L2,ptrue,79,0.008824624908529533,-0.004472985863685608,0.01329761077221514,+
tp13_L4_m0p55,4,-0.55,no_attention,run2,0,L2,margin,79,0.10534608816798663,-0.03974272032515913,0.14508880849314576,+
tp13_L4_m0p55,4,-0.55,no_attention,run2,1,L4,recall,93,0.0,0.0,0.0,0
tp13_L4_m0p55,4,-0.55,no_attention,run2,1,L4,ptrue,93,0.0,0.0,0.0,0
tp13_L4_m0p55,4,-0.55,no_attention,run2,1,L4,margin,93,0.0,0.0,0.0,0
tp13_L4_m0p55,4,-0.55,no_attention,run2,2,L5,recall,42,0.0,0.0,0.0,0
tp13_L4_m0p55,4,-0.55,no_attention,run2,2,L5,ptrue,42,0.0,0.0,0.0,0
tp13_L4_m0p55,4,-0.55,no_attention,run2,2,L5,margin,42,0.0,0.0,0.0,0
tp14_L5_p0p00,5,0.0,no_conv,run1,0,L1,recall,402,0.0,0.0,0.0,0
tp14_L5_p0p00,5,0.0,no_conv,run1,0,L1,ptrue,402,0.0,0.0,0.0,0
tp14_L5_p0p00,5,0.0,no_conv,run1,0,L1,margin,402,0.0,0.0,0.0,0
tp14_L5_p0p00,5,0.0,no_conv,run1,1,L2/L4/L5 gate,recall,456,-3.728070175438603,-2.6315789473684106,-1.0964912280701924,-
tp14_L5_p0p00,5,0.0,no_conv,run1,1,L2/L4/L5 gate,ptrue,456,-0.028478114162147627,-0.012487579422039818,-0.01599053474010781,-
tp14_L5_p0p00,5,0.0,no_conv,run1,1,L2/L4/L5 gate,margin,456,-0.3136584156503286,0.22086602516815423,-0.5345244408184828,-
tp14_L5_p0p00,5,0.0,no_conv,run1,2,L3,recall,121,0.0,0.0,0.0,0
tp14_L5_p0p00,5,0.0,no_conv,run1,2,L3,ptrue,121,0.0,0.0,0.0,0
tp14_L5_p0p00,5,0.0,no_conv,run1,2,L3,margin,121,0.0,0.0,0.0,0
tp14_L5_p0p00,5,0.0,no_conv,run2,0,L2,recall,79,0.0,0.0,0.0,0
tp14_L5_p0p00,5,0.0,no_conv,run2,0,L2,ptrue,79,0.0,0.0,0.0,0
tp14_L5_p0p00,5,0.0,no_conv,run2,0,L2,margin,79,0.0,0.0,0.0,0
tp14_L5_p0p00,5,0.0,no_conv,run2,1,L4,recall,93,0.0,0.0,0.0,0
tp14_L5_p0p00,5,0.0,no_conv,run2,1,L4,ptrue,93,0.0,0.0,0.0,0
tp14_L5_p0p00,5,0.0,no_conv,run2,1,L4,margin,93,0.0,0.0,0.0,0
tp14_L5_p0p00,5,0.0,no_conv,run2,2,L5,recall,42,-2.3809523809523867,-2.3809523809523725,-1.4210854715202004e-14,-
tp14_L5_p0p00,5,0.0,no_conv,run2,2,L5,ptrue,42,-0.02381352827668909,-0.014003209636679725,-0.009810318640009363,-
tp14_L5_p0p00,5,0.0,no_conv,run2,2,L5,margin,42,-0.6701752571832567,-0.11590158229782468,-0.554273674885432,-
tp14_L5_p0p00,5,0.0,no_lstm,run1,0,L1,recall,402,0.0,0.0,0.0,0
tp14_L5_p0p00,5,0.0,no_lstm,run1,0,L1,ptrue,402,0.0,0.0,0.0,0
tp14_L5_p0p00,5,0.0,no_lstm,run1,0,L1,margin,402,0.0,0.0,0.0,0
tp14_L5_p0p00,5,0.0,no_lstm,run1,1,L2/L4/L5 gate,recall,456,-3.728070175438603,-3.728070175438603,0.0,0
tp14_L5_p0p00,5,0.0,no_lstm,run1,1,L2/L4/L5 gate,ptrue,456,-0.028478114162147627,-0.03265895841797162,0.00418084425582399,+
tp14_L5_p0p00,5,0.0,no_lstm,run1,1,L2/L4/L5 gate,margin,456,-0.3136584156503286,-0.6640619635357305,0.35040354788540196,+
tp14_L5_p0p00,5,0.0,no_lstm,run1,2,L3,recall,121,0.0,0.0,0.0,0
tp14_L5_p0p00,5,0.0,no_lstm,run1,2,L3,ptrue,121,0.0,0.0,0.0,0
tp14_L5_p0p00,5,0.0,no_lstm,run1,2,L3,margin,121,0.0,0.0,0.0,0
tp14_L5_p0p00,5,0.0,no_lstm,run2,0,L2,recall,79,0.0,0.0,0.0,0
tp14_L5_p0p00,5,0.0,no_lstm,run2,0,L2,ptrue,79,0.0,0.0,0.0,0
tp14_L5_p0p00,5,0.0,no_lstm,run2,0,L2,margin,79,0.0,0.0,0.0,0
tp14_L5_p0p00,5,0.0,no_lstm,run2,1,L4,recall,93,0.0,0.0,0.0,0
tp14_L5_p0p00,5,0.0,no_lstm,run2,1,L4,ptrue,93,0.0,0.0,0.0,0
tp14_L5_p0p00,5,0.0,no_lstm,run2,1,L4,margin,93,0.0,0.0,0.0,0
tp14_L5_p0p00,5,0.0,no_lstm,run2,2,L5,recall,42,-2.3809523809523867,-4.761904761904759,2.3809523809523725,+
tp14_L5_p0p00,5,0.0,no_lstm,run2,2,L5,ptrue,42,-0.02381352827668909,-0.013821392187050419,-0.00999213608963867,-
tp14_L5_p0p00,5,0.0,no_lstm,run2,2,L5,margin,42,-0.6701752571832567,-0.07656766077326171,-0.5936075964099949,-
tp14_L5_p0p00,5,0.0,no_attention,run1,0,L1,recall,402,0.0,0.0,0.0,0
tp14_L5_p0p00,5,0.0,no_attention,run1,0,L1,ptrue,402,0.0,0.0,0.0,0
tp14_L5_p0p00,5,0.0,no_attention,run1,0,L1,margin,402,0.0,0.0,0.0,0
tp14_L5_p0p00,5,0.0,no_attention,run1,1,L2/L4/L5 gate,recall,456,-3.728070175438603,-8.333333333333329,4.605263157894726,+
tp14_L5_p0p00,5,0.0,no_attention,run1,1,L2/L4/L5 gate,ptrue,456,-0.028478114162147627,-0.08004831169230298,0.05157019753015535,+
tp14_L5_p0p00,5,0.0,no_attention,run1,1,L2/L4/L5 gate,margin,456,-0.3136584156503286,-1.833692440419997,1.5200340247696684,+
tp14_L5_p0p00,5,0.0,no_attention,run1,2,L3,recall,121,0.0,0.0,0.0,0
tp14_L5_p0p00,5,0.0,no_attention,run1,2,L3,ptrue,121,0.0,0.0,0.0,0
tp14_L5_p0p00,5,0.0,no_attention,run1,2,L3,margin,121,0.0,0.0,0.0,0
tp14_L5_p0p00,5,0.0,no_attention,run2,0,L2,recall,79,0.0,0.0,0.0,0
tp14_L5_p0p00,5,0.0,no_attention,run2,0,L2,ptrue,79,0.0,0.0,0.0,0
tp14_L5_p0p00,5,0.0,no_attention,run2,0,L2,margin,79,0.0,0.0,0.0,0
tp14_L5_p0p00,5,0.0,no_attention,run2,1,L4,recall,93,0.0,0.0,0.0,0
tp14_L5_p0p00,5,0.0,no_attention,run2,1,L4,ptrue,93,0.0,0.0,0.0,0
tp14_L5_p0p00,5,0.0,no_attention,run2,1,L4,margin,93,0.0,0.0,0.0,0
tp14_L5_p0p00,5,0.0,no_attention,run2,2,L5,recall,42,-2.3809523809523867,-4.761904761904766,2.3809523809523796,+
tp14_L5_p0p00,5,0.0,no_attention,run2,2,L5,ptrue,42,-0.02381352827668909,-0.024804977879863965,0.0009914496031748765,+
tp14_L5_p0p00,5,0.0,no_attention,run2,2,L5,margin,42,-0.6701752571832567,-0.5405221638225373,-0.1296530933607194,-
tp15_L5_p0p04,5,0.04,no_conv,run1,0,L1,recall,402,0.0,0.0,0.0,0
tp15_L5_p0p04,5,0.04,no_conv,run1,0,L1,ptrue,402,0.0,0.0,0.0,0
tp15_L5_p0p04,5,0.04,no_conv,run1,0,L1,margin,402,0.0,0.0,0.0,0
tp15_L5_p0p04,5,0.04,no_conv,run1,1,L2/L4/L5 gate,recall,456,-3.728070175438603,-2.850877192982452,-0.8771929824561511,-
tp15_L5_p0p04,5,0.04,no_conv,run1,1,L2/L4/L5 gate,ptrue,456,-0.03314734575577816,-0.017793729529428037,-0.01535361622635012,-
tp15_L5_p0p04,5,0.04,no_conv,run1,1,L2/L4/L5 gate,margin,456,-0.3746591564267874,0.16570617774452412,-0.5403653341713115,-
tp15_L5_p0p04,5,0.04,no_conv,run1,2,L3,recall,121,0.0,0.0,0.0,0
tp15_L5_p0p04,5,0.04,no_conv,run1,2,L3,ptrue,121,0.0,0.0,0.0,0
tp15_L5_p0p04,5,0.04,no_conv,run1,2,L3,margin,121,0.0,0.0,0.0,0
tp15_L5_p0p04,5,0.04,no_conv,run2,0,L2,recall,79,0.0,0.0,0.0,0
tp15_L5_p0p04,5,0.04,no_conv,run2,0,L2,ptrue,79,0.0,0.0,0.0,0
tp15_L5_p0p04,5,0.04,no_conv,run2,0,L2,margin,79,0.0,0.0,0.0,0
tp15_L5_p0p04,5,0.04,no_conv,run2,1,L4,recall,93,0.0,0.0,0.0,0
tp15_L5_p0p04,5,0.04,no_conv,run2,1,L4,ptrue,93,0.0,0.0,0.0,0
tp15_L5_p0p04,5,0.04,no_conv,run2,1,L4,margin,93,0.0,0.0,0.0,0
tp15_L5_p0p04,5,0.04,no_conv,run2,2,L5,recall,42,-2.3809523809523867,-2.3809523809523725,-1.4210854715202004e-14,-
tp15_L5_p0p04,5,0.04,no_conv,run2,2,L5,ptrue,42,-0.023810800656506814,-0.013797571926954244,-0.01001322872955257,-
tp15_L5_p0p04,5,0.04,no_conv,run2,2,L5,margin,42,-0.6674168415012813,-0.11447423554602121,-0.5529426059552601,-
tp15_L5_p0p04,5,0.04,no_lstm,run1,0,L1,recall,402,0.0,0.0,0.0,0
tp15_L5_p0p04,5,0.04,no_lstm,run1,0,L1,ptrue,402,0.0,0.0,0.0,0
tp15_L5_p0p04,5,0.04,no_lstm,run1,0,L1,margin,402,0.0,0.0,0.0,0
tp15_L5_p0p04,5,0.04,no_lstm,run1,1,L2/L4/L5 gate,recall,456,-3.728070175438603,-3.2894736842105345,-0.43859649122806843,-
tp15_L5_p0p04,5,0.04,no_lstm,run1,1,L2/L4/L5 gate,ptrue,456,-0.03314734575577816,-0.03323632582015312,8.898006437496608e-05,+
tp15_L5_p0p04,5,0.04,no_lstm,run1,1,L2/L4/L5 gate,margin,456,-0.3746591564267874,-0.6221877178585711,0.2475285614317837,+
tp15_L5_p0p04,5,0.04,no_lstm,run1,2,L3,recall,121,0.0,0.0,0.0,0
tp15_L5_p0p04,5,0.04,no_lstm,run1,2,L3,ptrue,121,0.0,0.0,0.0,0
tp15_L5_p0p04,5,0.04,no_lstm,run1,2,L3,margin,121,0.0,0.0,0.0,0
tp15_L5_p0p04,5,0.04,no_lstm,run2,0,L2,recall,79,0.0,0.0,0.0,0
tp15_L5_p0p04,5,0.04,no_lstm,run2,0,L2,ptrue,79,0.0,0.0,0.0,0
tp15_L5_p0p04,5,0.04,no_lstm,run2,0,L2,margin,79,0.0,0.0,0.0,0
tp15_L5_p0p04,5,0.04,no_lstm,run2,1,L4,recall,93,0.0,0.0,0.0,0
tp15_L5_p0p04,5,0.04,no_lstm,run2,1,L4,ptrue,93,0.0,0.0,0.0,0
tp15_L5_p0p04,5,0.04,no_lstm,run2,1,L4,margin,93,0.0,0.0,0.0,0
tp15_L5_p0p04,5,0.04,no_lstm,run2,2,L5,recall,42,-2.3809523809523867,-4.761904761904759,2.3809523809523725,+
tp15_L5_p0p04,5,0.04,no_lstm,run2,2,L5,ptrue,42,-0.023810800656506814,-0.013968592243535138,-0.009842208412971676,-
tp15_L5_p0p04,5,0.04,no_lstm,run2,2,L5,margin,42,-0.6674168415012813,-0.07741329493001103,-0.5900035465712703,-
tp15_L5_p0p04,5,0.04,no_attention,run1,0,L1,recall,402,0.0,0.0,0.0,0
tp15_L5_p0p04,5,0.04,no_attention,run1,0,L1,ptrue,402,0.0,0.0,0.0,0
tp15_L5_p0p04,5,0.04,no_attention,run1,0,L1,margin,402,0.0,0.0,0.0,0
tp15_L5_p0p04,5,0.04,no_attention,run1,1,L2/L4/L5 gate,recall,456,-3.728070175438603,-8.55263157894737,4.824561403508767,+
tp15_L5_p0p04,5,0.04,no_attention,run1,1,L2/L4/L5 gate,ptrue,456,-0.03314734575577816,-0.07952771563832417,0.04638036988254601,+
tp15_L5_p0p04,5,0.04,no_attention,run1,1,L2/L4/L5 gate,margin,456,-0.3746591564267874,-1.6436771936428718,1.2690180372160844,+
tp15_L5_p0p04,5,0.04,no_attention,run1,2,L3,recall,121,0.0,0.0,0.0,0
tp15_L5_p0p04,5,0.04,no_attention,run1,2,L3,ptrue,121,0.0,0.0,0.0,0
tp15_L5_p0p04,5,0.04,no_attention,run1,2,L3,margin,121,0.0,0.0,0.0,0
tp15_L5_p0p04,5,0.04,no_attention,run2,0,L2,recall,79,0.0,0.0,0.0,0
tp15_L5_p0p04,5,0.04,no_attention,run2,0,L2,ptrue,79,0.0,0.0,0.0,0
tp15_L5_p0p04,5,0.04,no_attention,run2,0,L2,margin,79,0.0,0.0,0.0,0
tp15_L5_p0p04,5,0.04,no_attention,run2,1,L4,recall,93,0.0,0.0,0.0,0
tp15_L5_p0p04,5,0.04,no_attention,run2,1,L4,ptrue,93,0.0,0.0,0.0,0
tp15_L5_p0p04,5,0.04,no_attention,run2,1,L4,margin,93,0.0,0.0,0.0,0
tp15_L5_p0p04,5,0.04,no_attention,run2,2,L5,recall,42,-2.3809523809523867,-4.761904761904766,2.3809523809523796,+
tp15_L5_p0p04,5,0.04,no_attention,run2,2,L5,ptrue,42,-0.023810800656506814,-0.02481034544625854,0.0009995447897517273,+
tp15_L5_p0p04,5,0.04,no_attention,run2,2,L5,margin,42,-0.6674168415012813,-0.5472301273118882,-0.12018671418939308,-
tp16_L5_p0p05,5,0.05,no_conv,run1,0,L1,recall,402,0.0,0.0,0.0,0
tp16_L5_p0p05,5,0.05,no_conv,run1,0,L1,ptrue,402,0.0,0.0,0.0,0
tp16_L5_p0p05,5,0.05,no_conv,run1,0,L1,margin,402,0.0,0.0,0.0,0
tp16_L5_p0p05,5,0.05,no_conv,run1,1,L2/L4/L5 gate,recall,456,-3.94736842105263,-2.6315789473684106,-1.3157894736842195,-
tp16_L5_p0p05,5,0.05,no_conv,run1,1,L2/L4/L5 gate,ptrue,456,-0.031528104908693066,-0.016801422177236458,-0.014726682731456608,-
tp16_L5_p0p05,5,0.05,no_conv,run1,1,L2/L4/L5 gate,margin,456,-0.3280221748476233,0.17970686749424436,-0.5077290423418677,-
tp16_L5_p0p05,5,0.05,no_conv,run1,2,L3,recall,121,0.0,0.0,0.0,0
tp16_L5_p0p05,5,0.05,no_conv,run1,2,L3,ptrue,121,0.0,0.0,0.0,0
tp16_L5_p0p05,5,0.05,no_conv,run1,2,L3,margin,121,0.0,0.0,0.0,0
tp16_L5_p0p05,5,0.05,no_conv,run2,0,L2,recall,79,0.0,0.0,0.0,0
tp16_L5_p0p05,5,0.05,no_conv,run2,0,L2,ptrue,79,0.0,0.0,0.0,0
tp16_L5_p0p05,5,0.05,no_conv,run2,0,L2,margin,79,0.0,0.0,0.0,0
tp16_L5_p0p05,5,0.05,no_conv,run2,1,L4,recall,93,0.0,0.0,0.0,0
tp16_L5_p0p05,5,0.05,no_conv,run2,1,L4,ptrue,93,0.0,0.0,0.0,0
tp16_L5_p0p05,5,0.05,no_conv,run2,1,L4,margin,93,0.0,0.0,0.0,0
tp16_L5_p0p05,5,0.05,no_conv,run2,2,L5,recall,42,-2.3809523809523867,-2.3809523809523725,-1.4210854715202004e-14,-
tp16_L5_p0p05,5,0.05,no_conv,run2,2,L5,ptrue,42,-0.023822894723054377,-0.015530499097492045,-0.008292395625562332,-
tp16_L5_p0p05,5,0.05,no_conv,run2,2,L5,margin,42,-0.6781521950449263,-0.12385873567490349,-0.5542934593700228,-
tp16_L5_p0p05,5,0.05,no_lstm,run1,0,L1,recall,402,0.0,0.0,0.0,0
tp16_L5_p0p05,5,0.05,no_lstm,run1,0,L1,ptrue,402,0.0,0.0,0.0,0
tp16_L5_p0p05,5,0.05,no_lstm,run1,0,L1,margin,402,0.0,0.0,0.0,0
tp16_L5_p0p05,5,0.05,no_lstm,run1,1,L2/L4/L5 gate,recall,456,-3.94736842105263,-3.94736842105263,0.0,0
tp16_L5_p0p05,5,0.05,no_lstm,run1,1,L2/L4/L5 gate,ptrue,456,-0.031528104908693066,-0.03592658514877867,0.0043984802400856005,+
tp16_L5_p0p05,5,0.05,no_lstm,run1,1,L2/L4/L5 gate,margin,456,-0.3280221748476233,-0.6171293901606347,0.2891072153130114,+
tp16_L5_p0p05,5,0.05,no_lstm,run1,2,L3,recall,121,0.0,0.0,0.0,0
tp16_L5_p0p05,5,0.05,no_lstm,run1,2,L3,ptrue,121,0.0,0.0,0.0,0
tp16_L5_p0p05,5,0.05,no_lstm,run1,2,L3,margin,121,0.0,0.0,0.0,0
tp16_L5_p0p05,5,0.05,no_lstm,run2,0,L2,recall,79,0.0,0.0,0.0,0
tp16_L5_p0p05,5,0.05,no_lstm,run2,0,L2,ptrue,79,0.0,0.0,0.0,0
tp16_L5_p0p05,5,0.05,no_lstm,run2,0,L2,margin,79,0.0,0.0,0.0,0
tp16_L5_p0p05,5,0.05,no_lstm,run2,1,L4,recall,93,0.0,0.0,0.0,0
tp16_L5_p0p05,5,0.05,no_lstm,run2,1,L4,ptrue,93,0.0,0.0,0.0,0
tp16_L5_p0p05,5,0.05,no_lstm,run2,1,L4,margin,93,0.0,0.0,0.0,0
tp16_L5_p0p05,5,0.05,no_lstm,run2,2,L5,recall,42,-2.3809523809523867,-4.761904761904759,2.3809523809523725,+
tp16_L5_p0p05,5,0.05,no_lstm,run2,2,L5,ptrue,42,-0.023822894723054377,-0.012846708652519023,-0.010976186070535354,-
tp16_L5_p0p05,5,0.05,no_lstm,run2,2,L5,margin,42,-0.6781521950449263,-0.07166071929636275,-0.6064914757485635,-
tp16_L5_p0p05,5,0.05,no_attention,run1,0,L1,recall,402,0.0,0.0,0.0,0
tp16_L5_p0p05,5,0.05,no_attention,run1,0,L1,ptrue,402,0.0,0.0,0.0,0
tp16_L5_p0p05,5,0.05,no_attention,run1,0,L1,margin,402,0.0,0.0,0.0,0
tp16_L5_p0p05,5,0.05,no_attention,run1,1,L2/L4/L5 gate,recall,456,-3.94736842105263,-8.55263157894737,4.60526315789474,+
tp16_L5_p0p05,5,0.05,no_attention,run1,1,L2/L4/L5 gate,ptrue,456,-0.031528104908693066,-0.07758316245581232,0.04605505754711925,+
tp16_L5_p0p05,5,0.05,no_attention,run1,1,L2/L4/L5 gate,margin,456,-0.3280221748476233,-1.5953581823044245,1.2673360074568012,+
tp16_L5_p0p05,5,0.05,no_attention,run1,2,L3,recall,121,0.0,0.0,0.0,0
tp16_L5_p0p05,5,0.05,no_attention,run1,2,L3,ptrue,121,0.0,0.0,0.0,0
tp16_L5_p0p05,5,0.05,no_attention,run1,2,L3,margin,121,0.0,0.0,0.0,0
tp16_L5_p0p05,5,0.05,no_attention,run2,0,L2,recall,79,0.0,0.0,0.0,0
tp16_L5_p0p05,5,0.05,no_attention,run2,0,L2,ptrue,79,0.0,0.0,0.0,0
tp16_L5_p0p05,5,0.05,no_attention,run2,0,L2,margin,79,0.0,0.0,0.0,0
tp16_L5_p0p05,5,0.05,no_attention,run2,1,L4,recall,93,0.0,0.0,0.0,0
tp16_L5_p0p05,5,0.05,no_attention,run2,1,L4,ptrue,93,0.0,0.0,0.0,0
tp16_L5_p0p05,5,0.05,no_attention,run2,1,L4,margin,93,0.0,0.0,0.0,0
tp16_L5_p0p05,5,0.05,no_attention,run2,2,L5,recall,42,-2.3809523809523867,-4.761904761904766,2.3809523809523796,+
tp16_L5_p0p05,5,0.05,no_attention,run2,2,L5,ptrue,42,-0.023822894723054377,-0.02481464149040641,0.0009917467673520308,+
tp16_L5_p0p05,5,0.05,no_attention,run2,2,L5,margin,42,-0.6781521950449263,-0.5476579637754531,-0.13049423126947324,-
tp17_L5_p0p06,5,0.06,no_conv,run1,0,L1,recall,402,0.0,0.0,0.0,0
tp17_L5_p0p06,5,0.06,no_conv,run1,0,L1,ptrue,402,0.0,0.0,0.0,0
tp17_L5_p0p06,5,0.06,no_conv,run1,0,L1,margin,402,0.0,0.0,0.0,0
tp17_L5_p0p06,5,0.06,no_conv,run1,1,L2/L4/L5 gate,recall,456,-3.728070175438603,-2.6315789473684106,-1.0964912280701924,-
tp17_L5_p0p06,5,0.06,no_conv,run1,1,L2/L4/L5 gate,ptrue,456,-0.029878334863413514,-0.01700534404289311,-0.012872990820520402,-
tp17_L5_p0p06,5,0.06,no_conv,run1,1,L2/L4/L5 gate,margin,456,-0.3192276399165985,0.177863898985251,-0.49709153890184954,-
tp17_L5_p0p06,5,0.06,no_conv,run1,2,L3,recall,121,0.0,0.0,0.0,0
tp17_L5_p0p06,5,0.06,no_conv,run1,2,L3,ptrue,121,0.0,0.0,0.0,0
tp17_L5_p0p06,5,0.06,no_conv,run1,2,L3,margin,121,0.0,0.0,0.0,0
tp17_L5_p0p06,5,0.06,no_conv,run2,0,L2,recall,79,0.0,0.0,0.0,0
tp17_L5_p0p06,5,0.06,no_conv,run2,0,L2,ptrue,79,0.0,0.0,0.0,0
tp17_L5_p0p06,5,0.06,no_conv,run2,0,L2,margin,79,0.0,0.0,0.0,0
tp17_L5_p0p06,5,0.06,no_conv,run2,1,L4,recall,93,0.0,0.0,0.0,0
tp17_L5_p0p06,5,0.06,no_conv,run2,1,L4,ptrue,93,0.0,0.0,0.0,0
tp17_L5_p0p06,5,0.06,no_conv,run2,1,L4,margin,93,0.0,0.0,0.0,0
tp17_L5_p0p06,5,0.06,no_conv,run2,2,L5,recall,42,-2.3809523809523867,-2.3809523809523725,-1.4210854715202004e-14,-
tp17_L5_p0p06,5,0.06,no_conv,run2,2,L5,ptrue,42,-0.023815655597621,-0.014968622298467738,-0.008847033299153262,-
tp17_L5_p0p06,5,0.06,no_conv,run2,2,L5,margin,42,-0.6723622601656687,-0.12090390565849485,-0.5514583545071738,-
tp17_L5_p0p06,5,0.06,no_lstm,run1,0,L1,recall,402,0.0,0.0,0.0,0
tp17_L5_p0p06,5,0.06,no_lstm,run1,0,L1,ptrue,402,0.0,0.0,0.0,0
tp17_L5_p0p06,5,0.06,no_lstm,run1,0,L1,margin,402,0.0,0.0,0.0,0
tp17_L5_p0p06,5,0.06,no_lstm,run1,1,L2/L4/L5 gate,recall,456,-3.728070175438603,-3.2894736842105345,-0.43859649122806843,-
tp17_L5_p0p06,5,0.06,no_lstm,run1,1,L2/L4/L5 gate,ptrue,456,-0.029878334863413514,-0.029704538384704993,-0.0001737964787085211,-
tp17_L5_p0p06,5,0.06,no_lstm,run1,1,L2/L4/L5 gate,margin,456,-0.3192276399165985,-0.5578188345391761,0.2385911946225776,+
tp17_L5_p0p06,5,0.06,no_lstm,run1,2,L3,recall,121,0.0,0.0,0.0,0
tp17_L5_p0p06,5,0.06,no_lstm,run1,2,L3,ptrue,121,0.0,0.0,0.0,0
tp17_L5_p0p06,5,0.06,no_lstm,run1,2,L3,margin,121,0.0,0.0,0.0,0
tp17_L5_p0p06,5,0.06,no_lstm,run2,0,L2,recall,79,0.0,0.0,0.0,0
tp17_L5_p0p06,5,0.06,no_lstm,run2,0,L2,ptrue,79,0.0,0.0,0.0,0
tp17_L5_p0p06,5,0.06,no_lstm,run2,0,L2,margin,79,0.0,0.0,0.0,0
tp17_L5_p0p06,5,0.06,no_lstm,run2,1,L4,recall,93,0.0,0.0,0.0,0
tp17_L5_p0p06,5,0.06,no_lstm,run2,1,L4,ptrue,93,0.0,0.0,0.0,0
tp17_L5_p0p06,5,0.06,no_lstm,run2,1,L4,margin,93,0.0,0.0,0.0,0
tp17_L5_p0p06,5,0.06,no_lstm,run2,2,L5,recall,42,-2.3809523809523867,-4.761904761904759,2.3809523809523725,+
tp17_L5_p0p06,5,0.06,no_lstm,run2,2,L5,ptrue,42,-0.023815655597621,-0.013898424094631545,-0.009917231502989454,-
tp17_L5_p0p06,5,0.06,no_lstm,run2,2,L5,margin,42,-0.6723622601656687,-0.07697584579831784,-0.5953864143673508,-
tp17_L5_p0p06,5,0.06,no_attention,run1,0,L1,recall,402,0.0,0.0,0.0,0
tp17_L5_p0p06,5,0.06,no_attention,run1,0,L1,ptrue,402,0.0,0.0,0.0,0
tp17_L5_p0p06,5,0.06,no_attention,run1,0,L1,margin,402,0.0,0.0,0.0,0
tp17_L5_p0p06,5,0.06,no_attention,run1,1,L2/L4/L5 gate,recall,456,-3.728070175438603,-8.55263157894737,4.824561403508767,+
tp17_L5_p0p06,5,0.06,no_attention,run1,1,L2/L4/L5 gate,ptrue,456,-0.029878334863413514,-0.07937578352264585,0.049497448659232335,+
tp17_L5_p0p06,5,0.06,no_attention,run1,1,L2/L4/L5 gate,margin,456,-0.3192276399165985,-1.6902352942750185,1.37100765435842,+
tp17_L5_p0p06,5,0.06,no_attention,run1,2,L3,recall,121,0.0,0.0,0.0,0
tp17_L5_p0p06,5,0.06,no_attention,run1,2,L3,ptrue,121,0.0,0.0,0.0,0
tp17_L5_p0p06,5,0.06,no_attention,run1,2,L3,margin,121,0.0,0.0,0.0,0
tp17_L5_p0p06,5,0.06,no_attention,run2,0,L2,recall,79,0.0,0.0,0.0,0
tp17_L5_p0p06,5,0.06,no_attention,run2,0,L2,ptrue,79,0.0,0.0,0.0,0
tp17_L5_p0p06,5,0.06,no_attention,run2,0,L2,margin,79,0.0,0.0,0.0,0
tp17_L5_p0p06,5,0.06,no_attention,run2,1,L4,recall,93,0.0,0.0,0.0,0
tp17_L5_p0p06,5,0.06,no_attention,run2,1,L4,ptrue,93,0.0,0.0,0.0,0
tp17_L5_p0p06,5,0.06,no_attention,run2,1,L4,margin,93,0.0,0.0,0.0,0
tp17_L5_p0p06,5,0.06,no_attention,run2,2,L5,recall,42,-2.3809523809523867,-4.761904761904766,2.3809523809523796,+
tp17_L5_p0p06,5,0.06,no_attention,run2,2,L5,ptrue,42,-0.023815655597621,-0.02482023438493486,0.001004578787313859,+
tp17_L5_p0p06,5,0.06,no_attention,run2,2,L5,margin,42,-0.6723622601656687,-0.5506796297572907,-0.12168263040837801,-
tp18_L5_p0p07,5,0.07,no_conv,run1,0,L1,recall,402,0.0,0.0,0.0,0
tp18_L5_p0p07,5,0.07,no_conv,run1,0,L1,ptrue,402,0.0,0.0,0.0,0
tp18_L5_p0p07,5,0.07,no_conv,run1,0,L1,margin,402,0.0,0.0,0.0,0
tp18_L5_p0p07,5,0.07,no_conv,run1,1,L2/L4/L5 gate,recall,456,-3.5087719298245617,-2.6315789473684106,-0.8771929824561511,-
tp18_L5_p0p07,5,0.07,no_conv,run1,1,L2/L4/L5 gate,ptrue,456,-0.028151110624069497,-0.01737489355880928,-0.010776217065260218,-
tp18_L5_p0p07,5,0.07,no_conv,run1,1,L2/L4/L5 gate,margin,456,-0.30748968788733144,0.14541468870205154,-0.452904376589383,-
tp18_L5_p0p07,5,0.07,no_conv,run1,2,L3,recall,121,0.0,0.0,0.0,0
tp18_L5_p0p07,5,0.07,no_conv,run1,2,L3,ptrue,121,0.0,0.0,0.0,0
tp18_L5_p0p07,5,0.07,no_conv,run1,2,L3,margin,121,0.0,0.0,0.0,0
tp18_L5_p0p07,5,0.07,no_conv,run2,0,L2,recall,79,0.0,0.0,0.0,0
tp18_L5_p0p07,5,0.07,no_conv,run2,0,L2,ptrue,79,0.0,0.0,0.0,0
tp18_L5_p0p07,5,0.07,no_conv,run2,0,L2,margin,79,0.0,0.0,0.0,0
tp18_L5_p0p07,5,0.07,no_conv,run2,1,L4,recall,93,0.0,0.0,0.0,0
tp18_L5_p0p07,5,0.07,no_conv,run2,1,L4,ptrue,93,0.0,0.0,0.0,0
tp18_L5_p0p07,5,0.07,no_conv,run2,1,L4,margin,93,0.0,0.0,0.0,0
tp18_L5_p0p07,5,0.07,no_conv,run2,2,L5,recall,42,-2.3809523809523867,-2.3809523809523725,-1.4210854715202004e-14,-
tp18_L5_p0p07,5,0.07,no_conv,run2,2,L5,ptrue,42,-0.023832248395845024,-0.013866552063042215,-0.00996569633280281,-
tp18_L5_p0p07,5,0.07,no_conv,run2,2,L5,margin,42,-0.6841019150756655,-0.11474415517988659,-0.569357759895779,-
tp18_L5_p0p07,5,0.07,no_lstm,run1,0,L1,recall,402,0.0,0.0,0.0,0
tp18_L5_p0p07,5,0.07,no_lstm,run1,0,L1,ptrue,402,0.0,0.0,0.0,0
tp18_L5_p0p07,5,0.07,no_lstm,run1,0,L1,margin,402,0.0,0.0,0.0,0
tp18_L5_p0p07,5,0.07,no_lstm,run1,1,L2/L4/L5 gate,recall,456,-3.5087719298245617,-3.508771929824576,1.4210854715202004e-14,+
tp18_L5_p0p07,5,0.07,no_lstm,run1,1,L2/L4/L5 gate,ptrue,456,-0.028151110624069497,-0.031928501113645424,0.003777390489575927,+
tp18_L5_p0p07,5,0.07,no_lstm,run1,1,L2/L4/L5 gate,margin,456,-0.30748968788733144,-0.5904270189736658,0.28293733108633434,+
tp18_L5_p0p07,5,0.07,no_lstm,run1,2,L3,recall,121,0.0,0.0,0.0,0
tp18_L5_p0p07,5,0.07,no_lstm,run1,2,L3,ptrue,121,0.0,0.0,0.0,0
tp18_L5_p0p07,5,0.07,no_lstm,run1,2,L3,margin,121,0.0,0.0,0.0,0
tp18_L5_p0p07,5,0.07,no_lstm,run2,0,L2,recall,79,0.0,0.0,0.0,0
tp18_L5_p0p07,5,0.07,no_lstm,run2,0,L2,ptrue,79,0.0,0.0,0.0,0
tp18_L5_p0p07,5,0.07,no_lstm,run2,0,L2,margin,79,0.0,0.0,0.0,0
tp18_L5_p0p07,5,0.07,no_lstm,run2,1,L4,recall,93,0.0,0.0,0.0,0
tp18_L5_p0p07,5,0.07,no_lstm,run2,1,L4,ptrue,93,0.0,0.0,0.0,0
tp18_L5_p0p07,5,0.07,no_lstm,run2,1,L4,margin,93,0.0,0.0,0.0,0
tp18_L5_p0p07,5,0.07,no_lstm,run2,2,L5,recall,42,-2.3809523809523867,-4.761904761904759,2.3809523809523725,+
tp18_L5_p0p07,5,0.07,no_lstm,run2,2,L5,ptrue,42,-0.023832248395845024,-0.01379742650758653,-0.010034821888258494,-
tp18_L5_p0p07,5,0.07,no_lstm,run2,2,L5,margin,42,-0.6841019150756655,-0.07643494074277224,-0.6076669743328933,-
tp18_L5_p0p07,5,0.07,no_attention,run1,0,L1,recall,402,0.0,0.0,0.0,0
tp18_L5_p0p07,5,0.07,no_attention,run1,0,L1,ptrue,402,0.0,0.0,0.0,0
tp18_L5_p0p07,5,0.07,no_attention,run1,0,L1,margin,402,0.0,0.0,0.0,0
tp18_L5_p0p07,5,0.07,no_attention,run1,1,L2/L4/L5 gate,recall,456,-3.5087719298245617,-8.991228070175438,5.482456140350877,+
tp18_L5_p0p07,5,0.07,no_attention,run1,1,L2/L4/L5 gate,ptrue,456,-0.028151110624069497,-0.08206940615813152,0.05391829553406202,+
tp18_L5_p0p07,5,0.07,no_attention,run1,1,L2/L4/L5 gate,margin,456,-0.30748968788733144,-1.7141004603278516,1.4066107724405201,+
tp18_L5_p0p07,5,0.07,no_attention,run1,2,L3,recall,121,0.0,0.0,0.0,0
tp18_L5_p0p07,5,0.07,no_attention,run1,2,L3,ptrue,121,0.0,0.0,0.0,0
tp18_L5_p0p07,5,0.07,no_attention,run1,2,L3,margin,121,0.0,0.0,0.0,0
tp18_L5_p0p07,5,0.07,no_attention,run2,0,L2,recall,79,0.0,0.0,0.0,0
tp18_L5_p0p07,5,0.07,no_attention,run2,0,L2,ptrue,79,0.0,0.0,0.0,0
tp18_L5_p0p07,5,0.07,no_attention,run2,0,L2,margin,79,0.0,0.0,0.0,0
tp18_L5_p0p07,5,0.07,no_attention,run2,1,L4,recall,93,0.0,0.0,0.0,0
tp18_L5_p0p07,5,0.07,no_attention,run2,1,L4,ptrue,93,0.0,0.0,0.0,0
tp18_L5_p0p07,5,0.07,no_attention,run2,1,L4,margin,93,0.0,0.0,0.0,0
tp18_L5_p0p07,5,0.07,no_attention,run2,2,L5,recall,42,-2.3809523809523867,-4.761904761904766,2.3809523809523796,+
tp18_L5_p0p07,5,0.07,no_attention,run2,2,L5,ptrue,42,-0.023832248395845024,-0.024807027045921692,0.0009747786500766686,+
tp18_L5_p0p07,5,0.07,no_attention,run2,2,L5,margin,42,-0.6841019150756655,-0.5547678498994737,-0.12933406517619184,-
tp19_L5_p0p08,5,0.08,no_conv,run1,0,L1,recall,402,0.0,0.0,0.0,0
tp19_L5_p0p08,5,0.08,no_conv,run1,0,L1,ptrue,402,0.0,0.0,0.0,0
tp19_L5_p0p08,5,0.08,no_conv,run1,0,L1,margin,402,0.0,0.0,0.0,0
tp19_L5_p0p08,5,0.08,no_conv,run1,1,L2/L4/L5 gate,recall,456,-3.0701754385964932,-3.2894736842105345,0.21929824561404132,+
tp19_L5_p0p08,5,0.08,no_conv,run1,1,L2/L4/L5 gate,ptrue,456,-0.0272482848306429,-0.019847581439498496,-0.007400703391144403,-
tp19_L5_p0p08,5,0.08,no_conv,run1,1,L2/L4/L5 gate,margin,456,-0.30881282219892014,0.1365516049942621,-0.44536442719318226,-
tp19_L5_p0p08,5,0.08,no_conv,run1,2,L3,recall,121,0.0,0.0,0.0,0
tp19_L5_p0p08,5,0.08,no_conv,run1,2,L3,ptrue,121,0.0,0.0,0.0,0
tp19_L5_p0p08,5,0.08,no_conv,run1,2,L3,margin,121,0.0,0.0,0.0,0
tp19_L5_p0p08,5,0.08,no_conv,run2,0,L2,recall,79,0.0,0.0,0.0,0
tp19_L5_p0p08,5,0.08,no_conv,run2,0,L2,ptrue,79,0.0,0.0,0.0,0
tp19_L5_p0p08,5,0.08,no_conv,run2,0,L2,margin,79,0.0,0.0,0.0,0
tp19_L5_p0p08,5,0.08,no_conv,run2,1,L4,recall,93,0.0,0.0,0.0,0
tp19_L5_p0p08,5,0.08,no_conv,run2,1,L4,ptrue,93,0.0,0.0,0.0,0
tp19_L5_p0p08,5,0.08,no_conv,run2,1,L4,margin,93,0.0,0.0,0.0,0
tp19_L5_p0p08,5,0.08,no_conv,run2,2,L5,recall,42,-2.3809523809523867,-2.3809523809523725,-1.4210854715202004e-14,-
tp19_L5_p0p08,5,0.08,no_conv,run2,2,L5,ptrue,42,-0.023836972773965126,-0.013670572301461625,-0.0101664004725035,-
tp19_L5_p0p08,5,0.08,no_conv,run2,2,L5,margin,42,-0.6866281827290854,-0.11353371966452824,-0.5730944630645571,-
tp19_L5_p0p08,5,0.08,no_lstm,run1,0,L1,recall,402,0.0,0.0,0.0,0
tp19_L5_p0p08,5,0.08,no_lstm,run1,0,L1,ptrue,402,0.0,0.0,0.0,0
tp19_L5_p0p08,5,0.08,no_lstm,run1,0,L1,margin,402,0.0,0.0,0.0,0
tp19_L5_p0p08,5,0.08,no_lstm,run1,1,L2/L4/L5 gate,recall,456,-3.0701754385964932,-3.728070175438603,0.6578947368421098,+
tp19_L5_p0p08,5,0.08,no_lstm,run1,1,L2/L4/L5 gate,ptrue,456,-0.0272482848306429,-0.03364031352454555,0.006392028693902652,+
tp19_L5_p0p08,5,0.08,no_lstm,run1,1,L2/L4/L5 gate,margin,456,-0.30881282219892014,-0.5871593895176295,0.2783465673187093,+
tp19_L5_p0p08,5,0.08,no_lstm,run1,2,L3,recall,121,0.0,0.0,0.0,0
tp19_L5_p0p08,5,0.08,no_lstm,run1,2,L3,ptrue,121,0.0,0.0,0.0,0
tp19_L5_p0p08,5,0.08,no_lstm,run1,2,L3,margin,121,0.0,0.0,0.0,0
tp19_L5_p0p08,5,0.08,no_lstm,run2,0,L2,recall,79,0.0,0.0,0.0,0
tp19_L5_p0p08,5,0.08,no_lstm,run2,0,L2,ptrue,79,0.0,0.0,0.0,0
tp19_L5_p0p08,5,0.08,no_lstm,run2,0,L2,margin,79,0.0,0.0,0.0,0
tp19_L5_p0p08,5,0.08,no_lstm,run2,1,L4,recall,93,0.0,0.0,0.0,0
tp19_L5_p0p08,5,0.08,no_lstm,run2,1,L4,ptrue,93,0.0,0.0,0.0,0
tp19_L5_p0p08,5,0.08,no_lstm,run2,1,L4,margin,93,0.0,0.0,0.0,0
tp19_L5_p0p08,5,0.08,no_lstm,run2,2,L5,recall,42,-2.3809523809523867,-4.761904761904759,2.3809523809523725,+
tp19_L5_p0p08,5,0.08,no_lstm,run2,2,L5,ptrue,42,-0.023836972773965126,-0.011634900456383102,-0.012202072317582024,-
tp19_L5_p0p08,5,0.08,no_lstm,run2,2,L5,margin,42,-0.6866281827290854,-0.0660266229783052,-0.6206015597507802,-
tp19_L5_p0p08,5,0.08,no_attention,run1,0,L1,recall,402,0.0,0.0,0.0,0
tp19_L5_p0p08,5,0.08,no_attention,run1,0,L1,ptrue,402,0.0,0.0,0.0,0
tp19_L5_p0p08,5,0.08,no_attention,run1,0,L1,margin,402,0.0,0.0,0.0,0
tp19_L5_p0p08,5,0.08,no_attention,run1,1,L2/L4/L5 gate,recall,456,-3.0701754385964932,-9.21052631578948,6.1403508771929864,+
tp19_L5_p0p08,5,0.08,no_attention,run1,1,L2/L4/L5 gate,ptrue,456,-0.0272482848306429,-0.08193710523952324,0.054688820408880345,+
tp19_L5_p0p08,5,0.08,no_attention,run1,1,L2/L4/L5 gate,margin,456,-0.30881282219892014,-1.668509918107782,1.359697095908862,+
tp19_L5_p0p08,5,0.08,no_attention,run1,2,L3,recall,121,0.0,0.0,0.0,0
tp19_L5_p0p08,5,0.08,no_attention,run1,2,L3,ptrue,121,0.0,0.0,0.0,0
tp19_L5_p0p08,5,0.08,no_attention,run1,2,L3,margin,121,0.0,0.0,0.0,0
tp19_L5_p0p08,5,0.08,no_attention,run2,0,L2,recall,79,0.0,0.0,0.0,0
tp19_L5_p0p08,5,0.08,no_attention,run2,0,L2,ptrue,79,0.0,0.0,0.0,0
tp19_L5_p0p08,5,0.08,no_attention,run2,0,L2,margin,79,0.0,0.0,0.0,0
tp19_L5_p0p08,5,0.08,no_attention,run2,1,L4,recall,93,0.0,0.0,0.0,0
tp19_L5_p0p08,5,0.08,no_attention,run2,1,L4,ptrue,93,0.0,0.0,0.0,0
tp19_L5_p0p08,5,0.08,no_attention,run2,1,L4,margin,93,0.0,0.0,0.0,0
tp19_L5_p0p08,5,0.08,no_attention,run2,2,L5,recall,42,-2.3809523809523867,-4.761904761904766,2.3809523809523796,+
tp19_L5_p0p08,5,0.08,no_attention,run2,2,L5,ptrue,42,-0.023836972773965126,-0.024798375566049247,0.0009614027920841206,+
tp19_L5_p0p08,5,0.08,no_attention,run2,2,L5,margin,42,-0.6866281827290854,-0.5577135909171331,-0.1289145918119523,-
tp20_L5_p0p12,5,0.12,no_conv,run1,0,L1,recall,402,0.0,0.0,0.0,0
tp20_L5_p0p12,5,0.12,no_conv,run1,0,L1,ptrue,402,0.0,0.0,0.0,0
tp20_L5_p0p12,5,0.12,no_conv,run1,0,L1,margin,402,0.0,0.0,0.0,0
tp20_L5_p0p12,5,0.12,no_conv,run1,1,L2/L4/L5 gate,recall,456,-3.5087719298245617,-2.4122807017543835,-1.0964912280701782,-
tp20_L5_p0p12,5,0.12,no_conv,run1,1,L2/L4/L5 gate,ptrue,456,-0.026798652739587037,-0.014464974092353367,-0.01233367864723367,-
tp20_L5_p0p12,5,0.12,no_conv,run1,1,L2/L4/L5 gate,margin,456,-0.28393107515416727,0.17132790243302098,-0.45525897758718825,-
tp20_L5_p0p12,5,0.12,no_conv,run1,2,L3,recall,121,0.0,0.0,0.0,0
tp20_L5_p0p12,5,0.12,no_conv,run1,2,L3,ptrue,121,0.0,0.0,0.0,0
tp20_L5_p0p12,5,0.12,no_conv,run1,2,L3,margin,121,0.0,0.0,0.0,0
tp20_L5_p0p12,5,0.12,no_conv,run2,0,L2,recall,79,0.0,0.0,0.0,0
tp20_L5_p0p12,5,0.12,no_conv,run2,0,L2,ptrue,79,0.0,0.0,0.0,0
tp20_L5_p0p12,5,0.12,no_conv,run2,0,L2,margin,79,0.0,0.0,0.0,0
tp20_L5_p0p12,5,0.12,no_conv,run2,1,L4,recall,93,0.0,0.0,0.0,0
tp20_L5_p0p12,5,0.12,no_conv,run2,1,L4,ptrue,93,0.0,0.0,0.0,0
tp20_L5_p0p12,5,0.12,no_conv,run2,1,L4,margin,93,0.0,0.0,0.0,0
tp20_L5_p0p12,5,0.12,no_conv,run2,2,L5,recall,42,-2.3809523809523867,-2.3809523809523725,-1.4210854715202004e-14,-
tp20_L5_p0p12,5,0.12,no_conv,run2,2,L5,ptrue,42,-0.023814406724126047,-0.013809634505638047,-0.010004772218488,-
tp20_L5_p0p12,5,0.12,no_conv,run2,2,L5,margin,42,-0.6703510958523977,-0.11585373466923124,-0.5544973611831665,-
tp20_L5_p0p12,5,0.12,no_lstm,run1,0,L1,recall,402,0.0,0.0,0.0,0
tp20_L5_p0p12,5,0.12,no_lstm,run1,0,L1,ptrue,402,0.0,0.0,0.0,0
tp20_L5_p0p12,5,0.12,no_lstm,run1,0,L1,margin,402,0.0,0.0,0.0,0
tp20_L5_p0p12,5,0.12,no_lstm,run1,1,L2/L4/L5 gate,recall,456,-3.5087719298245617,-3.94736842105263,0.43859649122806843,+
tp20_L5_p0p12,5,0.12,no_lstm,run1,1,L2/L4/L5 gate,ptrue,456,-0.026798652739587037,-0.035740423684709866,0.008941770945122829,+
tp20_L5_p0p12,5,0.12,no_lstm,run1,1,L2/L4/L5 gate,margin,456,-0.28393107515416727,-0.5917425860279124,0.30781151087374514,+
tp20_L5_p0p12,5,0.12,no_lstm,run1,2,L3,recall,121,0.0,0.0,0.0,0
tp20_L5_p0p12,5,0.12,no_lstm,run1,2,L3,ptrue,121,0.0,0.0,0.0,0
tp20_L5_p0p12,5,0.12,no_lstm,run1,2,L3,margin,121,0.0,0.0,0.0,0
tp20_L5_p0p12,5,0.12,no_lstm,run2,0,L2,recall,79,0.0,0.0,0.0,0
tp20_L5_p0p12,5,0.12,no_lstm,run2,0,L2,ptrue,79,0.0,0.0,0.0,0
tp20_L5_p0p12,5,0.12,no_lstm,run2,0,L2,margin,79,0.0,0.0,0.0,0
tp20_L5_p0p12,5,0.12,no_lstm,run2,1,L4,recall,93,0.0,0.0,0.0,0
tp20_L5_p0p12,5,0.12,no_lstm,run2,1,L4,ptrue,93,0.0,0.0,0.0,0
tp20_L5_p0p12,5,0.12,no_lstm,run2,1,L4,margin,93,0.0,0.0,0.0,0
tp20_L5_p0p12,5,0.12,no_lstm,run2,2,L5,recall,42,-2.3809523809523867,-4.761904761904759,2.3809523809523725,+
tp20_L5_p0p12,5,0.12,no_lstm,run2,2,L5,ptrue,42,-0.023814406724126047,-0.013885473211606325,-0.009928933512519722,-
tp20_L5_p0p12,5,0.12,no_lstm,run2,2,L5,margin,42,-0.6703510958523977,-0.07694983155843582,-0.5934012642939619,-
tp20_L5_p0p12,5,0.12,no_attention,run1,0,L1,recall,402,0.0,0.0,0.0,0
tp20_L5_p0p12,5,0.12,no_attention,run1,0,L1,ptrue,402,0.0,0.0,0.0,0
tp20_L5_p0p12,5,0.12,no_attention,run1,0,L1,margin,402,0.0,0.0,0.0,0
tp20_L5_p0p12,5,0.12,no_attention,run1,1,L2/L4/L5 gate,recall,456,-3.5087719298245617,-9.429824561403507,5.921052631578945,+
tp20_L5_p0p12,5,0.12,no_attention,run1,1,L2/L4/L5 gate,ptrue,456,-0.026798652739587037,-0.08578483182699714,0.05898617908741011,+
tp20_L5_p0p12,5,0.12,no_attention,run1,1,L2/L4/L5 gate,margin,456,-0.28393107515416727,-1.822174828234047,1.5382437530798798,+
tp20_L5_p0p12,5,0.12,no_attention,run1,2,L3,recall,121,0.0,0.0,0.0,0
tp20_L5_p0p12,5,0.12,no_attention,run1,2,L3,ptrue,121,0.0,0.0,0.0,0
tp20_L5_p0p12,5,0.12,no_attention,run1,2,L3,margin,121,0.0,0.0,0.0,0
tp20_L5_p0p12,5,0.12,no_attention,run2,0,L2,recall,79,0.0,0.0,0.0,0
tp20_L5_p0p12,5,0.12,no_attention,run2,0,L2,ptrue,79,0.0,0.0,0.0,0
tp20_L5_p0p12,5,0.12,no_attention,run2,0,L2,margin,79,0.0,0.0,0.0,0
tp20_L5_p0p12,5,0.12,no_attention,run2,1,L4,recall,93,0.0,0.0,0.0,0
tp20_L5_p0p12,5,0.12,no_attention,run2,1,L4,ptrue,93,0.0,0.0,0.0,0
tp20_L5_p0p12,5,0.12,no_attention,run2,1,L4,margin,93,0.0,0.0,0.0,0
tp20_L5_p0p12,5,0.12,no_attention,run2,2,L5,recall,42,-2.3809523809523867,-4.761904761904766,2.3809523809523796,+
tp20_L5_p0p12,5,0.12,no_attention,run2,2,L5,ptrue,42,-0.023814406724126047,-0.02477741816545631,0.0009630114413302637,+
tp20_L5_p0p12,5,0.12,no_attention,run2,2,L5,margin,42,-0.6703510958523977,-0.5666874448458354,-0.10366365100656227,-
tp21_L5_p0p13,5,0.13,no_conv,run1,0,L1,recall,402,0.0,0.0,0.0,0
tp21_L5_p0p13,5,0.13,no_conv,run1,0,L1,ptrue,402,0.0,0.0,0.0,0
tp21_L5_p0p13,5,0.13,no_conv,run1,0,L1,margin,402,0.0,0.0,0.0,0
tp21_L5_p0p13,5,0.13,no_conv,run1,1,L2/L4/L5 gate,recall,456,-3.2894736842105203,-2.4122807017543835,-0.8771929824561369,-
tp21_L5_p0p13,5,0.13,no_conv,run1,1,L2/L4/L5 gate,ptrue,456,-0.026860179551292718,-0.01494157989157141,-0.011918599659721307,-
tp21_L5_p0p13,5,0.13,no_conv,run1,1,L2/L4/L5 gate,margin,456,-0.31402988974495205,0.17196969538028428,-0.48599958512523633,-
tp21_L5_p0p13,5,0.13,no_conv,run1,2,L3,recall,121,0.0,0.0,0.0,0
tp21_L5_p0p13,5,0.13,no_conv,run1,2,L3,ptrue,121,0.0,0.0,0.0,0
tp21_L5_p0p13,5,0.13,no_conv,run1,2,L3,margin,121,0.0,0.0,0.0,0
tp21_L5_p0p13,5,0.13,no_conv,run2,0,L2,recall,79,0.0,0.0,0.0,0
tp21_L5_p0p13,5,0.13,no_conv,run2,0,L2,ptrue,79,0.0,0.0,0.0,0
tp21_L5_p0p13,5,0.13,no_conv,run2,0,L2,margin,79,0.0,0.0,0.0,0
tp21_L5_p0p13,5,0.13,no_conv,run2,1,L4,recall,93,0.0,0.0,0.0,0
tp21_L5_p0p13,5,0.13,no_conv,run2,1,L4,ptrue,93,0.0,0.0,0.0,0
tp21_L5_p0p13,5,0.13,no_conv,run2,1,L4,margin,93,0.0,0.0,0.0,0
tp21_L5_p0p13,5,0.13,no_conv,run2,2,L5,recall,42,-2.3809523809523867,-2.3809523809523725,-1.4210854715202004e-14,-
tp21_L5_p0p13,5,0.13,no_conv,run2,2,L5,ptrue,42,-0.023810978036197028,-0.013994055401001682,-0.009816922635195346,-
tp21_L5_p0p13,5,0.13,no_conv,run2,2,L5,margin,42,-0.6667220166751318,-0.11741540829340616,-0.5493066083817256,-
tp21_L5_p0p13,5,0.13,no_lstm,run1,0,L1,recall,402,0.0,0.0,0.0,0
tp21_L5_p0p13,5,0.13,no_lstm,run1,0,L1,ptrue,402,0.0,0.0,0.0,0
tp21_L5_p0p13,5,0.13,no_lstm,run1,0,L1,margin,402,0.0,0.0,0.0,0
tp21_L5_p0p13,5,0.13,no_lstm,run1,1,L2/L4/L5 gate,recall,456,-3.2894736842105203,-3.2894736842105345,1.4210854715202004e-14,+
tp21_L5_p0p13,5,0.13,no_lstm,run1,1,L2/L4/L5 gate,ptrue,456,-0.026860179551292718,-0.03221389964096866,0.00535372008967594,+
tp21_L5_p0p13,5,0.13,no_lstm,run1,1,L2/L4/L5 gate,margin,456,-0.31402988974495205,-0.5889301606078159,0.27490027086286384,+
tp21_L5_p0p13,5,0.13,no_lstm,run1,2,L3,recall,121,0.0,0.0,0.0,0
tp21_L5_p0p13,5,0.13,no_lstm,run1,2,L3,ptrue,121,0.0,0.0,0.0,0
tp21_L5_p0p13,5,0.13,no_lstm,run1,2,L3,margin,121,0.0,0.0,0.0,0
tp21_L5_p0p13,5,0.13,no_lstm,run2,0,L2,recall,79,0.0,0.0,0.0,0
tp21_L5_p0p13,5,0.13,no_lstm,run2,0,L2,ptrue,79,0.0,0.0,0.0,0
tp21_L5_p0p13,5,0.13,no_lstm,run2,0,L2,margin,79,0.0,0.0,0.0,0
tp21_L5_p0p13,5,0.13,no_lstm,run2,1,L4,recall,93,0.0,0.0,0.0,0
tp21_L5_p0p13,5,0.13,no_lstm,run2,1,L4,ptrue,93,0.0,0.0,0.0,0
tp21_L5_p0p13,5,0.13,no_lstm,run2,1,L4,margin,93,0.0,0.0,0.0,0
tp21_L5_p0p13,5,0.13,no_lstm,run2,2,L5,recall,42,-2.3809523809523867,-4.761904761904759,2.3809523809523725,+
tp21_L5_p0p13,5,0.13,no_lstm,run2,2,L5,ptrue,42,-0.023810978036197028,-0.013873138952822883,-0.009937839083374145,-
tp21_L5_p0p13,5,0.13,no_lstm,run2,2,L5,margin,42,-0.6667220166751318,-0.07684552308083292,-0.5898764935942988,-
tp21_L5_p0p13,5,0.13,no_attention,run1,0,L1,recall,402,0.0,0.0,0.0,0
tp21_L5_p0p13,5,0.13,no_attention,run1,0,L1,ptrue,402,0.0,0.0,0.0,0
tp21_L5_p0p13,5,0.13,no_attention,run1,0,L1,margin,402,0.0,0.0,0.0,0
tp21_L5_p0p13,5,0.13,no_attention,run1,1,L2/L4/L5 gate,recall,456,-3.2894736842105203,-9.429824561403507,6.1403508771929864,+
tp21_L5_p0p13,5,0.13,no_attention,run1,1,L2/L4/L5 gate,ptrue,456,-0.026860179551292718,-0.08815204277855548,0.061291863227262766,+
tp21_L5_p0p13,5,0.13,no_attention,run1,1,L2/L4/L5 gate,margin,456,-0.31402988974495205,-1.9650385933397176,1.6510087035947656,+
tp21_L5_p0p13,5,0.13,no_attention,run1,2,L3,recall,121,0.0,0.0,0.0,0
tp21_L5_p0p13,5,0.13,no_attention,run1,2,L3,ptrue,121,0.0,0.0,0.0,0
tp21_L5_p0p13,5,0.13,no_attention,run1,2,L3,margin,121,0.0,0.0,0.0,0
tp21_L5_p0p13,5,0.13,no_attention,run2,0,L2,recall,79,0.0,0.0,0.0,0
tp21_L5_p0p13,5,0.13,no_attention,run2,0,L2,ptrue,79,0.0,0.0,0.0,0
tp21_L5_p0p13,5,0.13,no_attention,run2,0,L2,margin,79,0.0,0.0,0.0,0
tp21_L5_p0p13,5,0.13,no_attention,run2,1,L4,recall,93,0.0,0.0,0.0,0
tp21_L5_p0p13,5,0.13,no_attention,run2,1,L4,ptrue,93,0.0,0.0,0.0,0
tp21_L5_p0p13,5,0.13,no_attention,run2,1,L4,margin,93,0.0,0.0,0.0,0
tp21_L5_p0p13,5,0.13,no_attention,run2,2,L5,recall,42,-2.3809523809523867,-4.761904761904766,2.3809523809523796,+
tp21_L5_p0p13,5,0.13,no_attention,run2,2,L5,ptrue,42,-0.023810978036197028,-0.024777399448962123,0.000966421412765095,+
tp21_L5_p0p13,5,0.13,no_attention,run2,2,L5,margin,42,-0.6667220166751318,-0.5646559085164751,-0.10206610815865669,-
tp22_L5_p0p33,5,0.33,no_conv,run1,0,L1,recall,402,0.0,0.0,0.0,0
tp22_L5_p0p33,5,0.33,no_conv,run1,0,L1,ptrue,402,0.0,0.0,0.0,0
tp22_L5_p0p33,5,0.33,no_conv,run1,0,L1,margin,402,0.0,0.0,0.0,0
tp22_L5_p0p33,5,0.33,no_conv,run1,1,L2/L4/L5 gate,recall,456,-3.2894736842105203,-2.4122807017543835,-0.8771929824561369,-
tp22_L5_p0p33,5,0.33,no_conv,run1,1,L2/L4/L5 gate,ptrue,456,-0.027807676021698535,-0.017074904340916852,-0.010732771680781683,-
tp22_L5_p0p33,5,0.33,no_conv,run1,1,L2/L4/L5 gate,margin,456,-0.3083319937189426,0.16815505025646926,-0.47648704397541186,-
tp22_L5_p0p33,5,0.33,no_conv,run1,2,L3,recall,121,0.0,0.0,0.0,0
tp22_L5_p0p33,5,0.33,no_conv,run1,2,L3,ptrue,121,0.0,0.0,0.0,0
tp22_L5_p0p33,5,0.33,no_conv,run1,2,L3,margin,121,0.0,0.0,0.0,0
tp22_L5_p0p33,5,0.33,no_conv,run2,0,L2,recall,79,0.0,0.0,0.0,0
tp22_L5_p0p33,5,0.33,no_conv,run2,0,L2,ptrue,79,0.0,0.0,0.0,0
tp22_L5_p0p33,5,0.33,no_conv,run2,0,L2,margin,79,0.0,0.0,0.0,0
tp22_L5_p0p33,5,0.33,no_conv,run2,1,L4,recall,93,0.0,0.0,0.0,0
tp22_L5_p0p33,5,0.33,no_conv,run2,1,L4,ptrue,93,0.0,0.0,0.0,0
tp22_L5_p0p33,5,0.33,no_conv,run2,1,L4,margin,93,0.0,0.0,0.0,0
tp22_L5_p0p33,5,0.33,no_conv,run2,2,L5,recall,42,-7.142857142857146,-7.142857142857139,-7.105427357601002e-15,-
tp22_L5_p0p33,5,0.33,no_conv,run2,2,L5,ptrue,42,-0.07149863404067552,-0.04703509464875533,-0.024463539391920197,-
tp22_L5_p0p33,5,0.33,no_conv,run2,2,L5,margin,42,-1.953323970947947,-1.1749729765357362,-0.7783509944122109,-
tp22_L5_p0p33,5,0.33,no_lstm,run1,0,L1,recall,402,0.0,0.0,0.0,0
tp22_L5_p0p33,5,0.33,no_lstm,run1,0,L1,ptrue,402,0.0,0.0,0.0,0
tp22_L5_p0p33,5,0.33,no_lstm,run1,0,L1,margin,402,0.0,0.0,0.0,0
tp22_L5_p0p33,5,0.33,no_lstm,run1,1,L2/L4/L5 gate,recall,456,-3.2894736842105203,-4.166666666666671,0.8771929824561511,+
tp22_L5_p0p33,5,0.33,no_lstm,run1,1,L2/L4/L5 gate,ptrue,456,-0.027807676021698535,-0.03779329828239886,0.009985622260700322,+
tp22_L5_p0p33,5,0.33,no_lstm,run1,1,L2/L4/L5 gate,margin,456,-0.3083319937189426,-0.6914378262386376,0.383105832519695,+
tp22_L5_p0p33,5,0.33,no_lstm,run1,2,L3,recall,121,0.0,0.0,0.0,0
tp22_L5_p0p33,5,0.33,no_lstm,run1,2,L3,ptrue,121,0.0,0.0,0.0,0
tp22_L5_p0p33,5,0.33,no_lstm,run1,2,L3,margin,121,0.0,0.0,0.0,0
tp22_L5_p0p33,5,0.33,no_lstm,run2,0,L2,recall,79,0.0,0.0,0.0,0
tp22_L5_p0p33,5,0.33,no_lstm,run2,0,L2,ptrue,79,0.0,0.0,0.0,0
tp22_L5_p0p33,5,0.33,no_lstm,run2,0,L2,margin,79,0.0,0.0,0.0,0
tp22_L5_p0p33,5,0.33,no_lstm,run2,1,L4,recall,93,0.0,0.0,0.0,0
tp22_L5_p0p33,5,0.33,no_lstm,run2,1,L4,ptrue,93,0.0,0.0,0.0,0
tp22_L5_p0p33,5,0.33,no_lstm,run2,1,L4,margin,93,0.0,0.0,0.0,0
tp22_L5_p0p33,5,0.33,no_lstm,run2,2,L5,recall,42,-7.142857142857146,-4.761904761904759,-2.3809523809523867,-
tp22_L5_p0p33,5,0.33,no_lstm,run2,2,L5,ptrue,42,-0.07149863404067552,-0.03511049848748371,-0.036388135553191814,-
tp22_L5_p0p33,5,0.33,no_lstm,run2,2,L5,margin,42,-1.953323970947947,-0.409767500014,-1.543556470933947,-
tp22_L5_p0p33,5,0.33,no_attention,run1,0,L1,recall,402,0.0,0.0,0.0,0
tp22_L5_p0p33,5,0.33,no_attention,run1,0,L1,ptrue,402,0.0,0.0,0.0,0
tp22_L5_p0p33,5,0.33,no_attention,run1,0,L1,margin,402,0.0,0.0,0.0,0
tp22_L5_p0p33,5,0.33,no_attention,run1,1,L2/L4/L5 gate,recall,456,-3.2894736842105203,-9.429824561403507,6.1403508771929864,+
tp22_L5_p0p33,5,0.33,no_attention,run1,1,L2/L4/L5 gate,ptrue,456,-0.027807676021698535,-0.0881527127347631,0.06034503671306457,+
tp22_L5_p0p33,5,0.33,no_attention,run1,1,L2/L4/L5 gate,margin,456,-0.3083319937189426,-1.9786130631497754,1.6702810694308328,+
tp22_L5_p0p33,5,0.33,no_attention,run1,2,L3,recall,121,0.0,0.0,0.0,0
tp22_L5_p0p33,5,0.33,no_attention,run1,2,L3,ptrue,121,0.0,0.0,0.0,0
tp22_L5_p0p33,5,0.33,no_attention,run1,2,L3,margin,121,0.0,0.0,0.0,0
tp22_L5_p0p33,5,0.33,no_attention,run2,0,L2,recall,79,0.0,0.0,0.0,0
tp22_L5_p0p33,5,0.33,no_attention,run2,0,L2,ptrue,79,0.0,0.0,0.0,0
tp22_L5_p0p33,5,0.33,no_attention,run2,0,L2,margin,79,0.0,0.0,0.0,0
tp22_L5_p0p33,5,0.33,no_attention,run2,1,L4,recall,93,0.0,0.0,0.0,0
tp22_L5_p0p33,5,0.33,no_attention,run2,1,L4,ptrue,93,0.0,0.0,0.0,0
tp22_L5_p0p33,5,0.33,no_attention,run2,1,L4,margin,93,0.0,0.0,0.0,0
tp22_L5_p0p33,5,0.33,no_attention,run2,2,L5,recall,42,-7.142857142857146,-7.142857142857153,7.105427357601002e-15,+
tp22_L5_p0p33,5,0.33,no_attention,run2,2,L5,ptrue,42,-0.07149863404067552,-0.04665203152818026,-0.024846602512495264,-
tp22_L5_p0p33,5,0.33,no_attention,run2,2,L5,margin,42,-1.953323970947947,-1.1906662970071749,-0.7626576739407722,-
tp23_L5_p0p35,5,0.35,no_conv,run1,0,L1,recall,402,0.0,0.0,0.0,0
tp23_L5_p0p35,5,0.35,no_conv,run1,0,L1,ptrue,402,0.0,0.0,0.0,0
tp23_L5_p0p35,5,0.35,no_conv,run1,0,L1,margin,402,0.0,0.0,0.0,0
tp23_L5_p0p35,5,0.35,no_conv,run1,1,L2/L4/L5 gate,recall,456,-3.728070175438603,-2.6315789473684106,-1.0964912280701924,-
tp23_L5_p0p35,5,0.35,no_conv,run1,1,L2/L4/L5 gate,ptrue,456,-0.031385754539527966,-0.019494247569676548,-0.011891506969851418,-
tp23_L5_p0p35,5,0.35,no_conv,run1,1,L2/L4/L5 gate,margin,456,-0.34470500791314684,0.14223318758600367,-0.4869381954991505,-
tp23_L5_p0p35,5,0.35,no_conv,run1,2,L3,recall,121,0.0,0.0,0.0,0
tp23_L5_p0p35,5,0.35,no_conv,run1,2,L3,ptrue,121,0.0,0.0,0.0,0
tp23_L5_p0p35,5,0.35,no_conv,run1,2,L3,margin,121,0.0,0.0,0.0,0
tp23_L5_p0p35,5,0.35,no_conv,run2,0,L2,recall,79,0.0,0.0,0.0,0
tp23_L5_p0p35,5,0.35,no_conv,run2,0,L2,ptrue,79,0.0,0.0,0.0,0
tp23_L5_p0p35,5,0.35,no_conv,run2,0,L2,margin,79,0.0,0.0,0.0,0
tp23_L5_p0p35,5,0.35,no_conv,run2,1,L4,recall,93,0.0,0.0,0.0,0
tp23_L5_p0p35,5,0.35,no_conv,run2,1,L4,ptrue,93,0.0,0.0,0.0,0
tp23_L5_p0p35,5,0.35,no_conv,run2,1,L4,margin,93,0.0,0.0,0.0,0
tp23_L5_p0p35,5,0.35,no_conv,run2,2,L5,recall,42,-7.142857142857146,-7.142857142857139,-7.105427357601002e-15,-
tp23_L5_p0p35,5,0.35,no_conv,run2,2,L5,ptrue,42,-0.07149434835422125,-0.04668282781511024,-0.02481152053911101,-
tp23_L5_p0p35,5,0.35,no_conv,run2,2,L5,margin,42,-1.9497591767992293,-1.1710946101562254,-0.7786645666430039,-
tp23_L5_p0p35,5,0.35,no_lstm,run1,0,L1,recall,402,0.0,0.0,0.0,0
tp23_L5_p0p35,5,0.35,no_lstm,run1,0,L1,ptrue,402,0.0,0.0,0.0,0
tp23_L5_p0p35,5,0.35,no_lstm,run1,0,L1,margin,402,0.0,0.0,0.0,0
tp23_L5_p0p35,5,0.35,no_lstm,run1,1,L2/L4/L5 gate,recall,456,-3.728070175438603,-4.824561403508781,1.0964912280701782,+
tp23_L5_p0p35,5,0.35,no_lstm,run1,1,L2/L4/L5 gate,ptrue,456,-0.031385754539527966,-0.04242876057428213,0.011043006034754166,+
tp23_L5_p0p35,5,0.35,no_lstm,run1,1,L2/L4/L5 gate,margin,456,-0.34470500791314684,-0.7650237934614874,0.42031878554834057,+
tp23_L5_p0p35,5,0.35,no_lstm,run1,2,L3,recall,121,0.0,0.0,0.0,0
tp23_L5_p0p35,5,0.35,no_lstm,run1,2,L3,ptrue,121,0.0,0.0,0.0,0
tp23_L5_p0p35,5,0.35,no_lstm,run1,2,L3,margin,121,0.0,0.0,0.0,0
tp23_L5_p0p35,5,0.35,no_lstm,run2,0,L2,recall,79,0.0,0.0,0.0,0
tp23_L5_p0p35,5,0.35,no_lstm,run2,0,L2,ptrue,79,0.0,0.0,0.0,0
tp23_L5_p0p35,5,0.35,no_lstm,run2,0,L2,margin,79,0.0,0.0,0.0,0
tp23_L5_p0p35,5,0.35,no_lstm,run2,1,L4,recall,93,0.0,0.0,0.0,0
tp23_L5_p0p35,5,0.35,no_lstm,run2,1,L4,ptrue,93,0.0,0.0,0.0,0
tp23_L5_p0p35,5,0.35,no_lstm,run2,1,L4,margin,93,0.0,0.0,0.0,0
tp23_L5_p0p35,5,0.35,no_lstm,run2,2,L5,recall,42,-7.142857142857146,-4.761904761904759,-2.3809523809523867,-
tp23_L5_p0p35,5,0.35,no_lstm,run2,2,L5,ptrue,42,-0.07149434835422125,-0.03514627969153,-0.036348068662691246,-
tp23_L5_p0p35,5,0.35,no_lstm,run2,2,L5,margin,42,-1.9497591767992293,-0.4054161186241323,-1.544343058175097,-
tp23_L5_p0p35,5,0.35,no_attention,run1,0,L1,recall,402,0.0,0.0,0.0,0
tp23_L5_p0p35,5,0.35,no_attention,run1,0,L1,ptrue,402,0.0,0.0,0.0,0
tp23_L5_p0p35,5,0.35,no_attention,run1,0,L1,margin,402,0.0,0.0,0.0,0
tp23_L5_p0p35,5,0.35,no_attention,run1,1,L2/L4/L5 gate,recall,456,-3.728070175438603,-9.429824561403507,5.701754385964904,+
tp23_L5_p0p35,5,0.35,no_attention,run1,1,L2/L4/L5 gate,ptrue,456,-0.031385754539527966,-0.08921423042510979,0.05782847588558182,+
tp23_L5_p0p35,5,0.35,no_attention,run1,1,L2/L4/L5 gate,margin,456,-0.34470500791314684,-1.9874668576991548,1.642761849786008,+
tp23_L5_p0p35,5,0.35,no_attention,run1,2,L3,recall,121,0.0,0.0,0.0,0
tp23_L5_p0p35,5,0.35,no_attention,run1,2,L3,ptrue,121,0.0,0.0,0.0,0
tp23_L5_p0p35,5,0.35,no_attention,run1,2,L3,margin,121,0.0,0.0,0.0,0
tp23_L5_p0p35,5,0.35,no_attention,run2,0,L2,recall,79,0.0,0.0,0.0,0
tp23_L5_p0p35,5,0.35,no_attention,run2,0,L2,ptrue,79,0.0,0.0,0.0,0
tp23_L5_p0p35,5,0.35,no_attention,run2,0,L2,margin,79,0.0,0.0,0.0,0
tp23_L5_p0p35,5,0.35,no_attention,run2,1,L4,recall,93,0.0,0.0,0.0,0
tp23_L5_p0p35,5,0.35,no_attention,run2,1,L4,ptrue,93,0.0,0.0,0.0,0
tp23_L5_p0p35,5,0.35,no_attention,run2,1,L4,margin,93,0.0,0.0,0.0,0
tp23_L5_p0p35,5,0.35,no_attention,run2,2,L5,recall,42,-7.142857142857146,-7.142857142857153,7.105427357601002e-15,+
tp23_L5_p0p35,5,0.35,no_attention,run2,2,L5,ptrue,42,-0.07149434835422125,-0.04650991706414431,-0.024984431290076936,-
tp23_L5_p0p35,5,0.35,no_attention,run2,2,L5,margin,42,-1.9497591767992293,-1.1976444171298117,-0.7521147596694175,-
tp24_L5_p0p70,5,0.7,no_conv,run1,0,L1,recall,402,0.0,0.0,0.0,0
tp24_L5_p0p70,5,0.7,no_conv,run1,0,L1,ptrue,402,0.0,0.0,0.0,0
tp24_L5_p0p70,5,0.7,no_conv,run1,0,L1,margin,402,0.0,0.0,0.0,0
tp24_L5_p0p70,5,0.7,no_conv,run1,1,L2/L4/L5 gate,recall,456,-5.482456140350877,-2.850877192982452,-2.631578947368425,-
tp24_L5_p0p70,5,0.7,no_conv,run1,1,L2/L4/L5 gate,ptrue,456,-0.04590480656733409,-0.0187595460968486,-0.02714526047048549,-
tp24_L5_p0p70,5,0.7,no_conv,run1,1,L2/L4/L5 gate,margin,456,-0.512688615843409,0.16657433523633092,-0.6792629510797399,-
tp24_L5_p0p70,5,0.7,no_conv,run1,2,L3,recall,121,0.0,0.0,0.0,0
tp24_L5_p0p70,5,0.7,no_conv,run1,2,L3,ptrue,121,0.0,0.0,0.0,0
tp24_L5_p0p70,5,0.7,no_conv,run1,2,L3,margin,121,0.0,0.0,0.0,0
tp24_L5_p0p70,5,0.7,no_conv,run2,0,L2,recall,79,0.0,0.0,0.0,0
tp24_L5_p0p70,5,0.7,no_conv,run2,0,L2,ptrue,79,0.0,0.0,0.0,0
tp24_L5_p0p70,5,0.7,no_conv,run2,0,L2,margin,79,0.0,0.0,0.0,0
tp24_L5_p0p70,5,0.7,no_conv,run2,1,L4,recall,93,0.0,0.0,0.0,0
tp24_L5_p0p70,5,0.7,no_conv,run2,1,L4,ptrue,93,0.0,0.0,0.0,0
tp24_L5_p0p70,5,0.7,no_conv,run2,1,L4,margin,93,0.0,0.0,0.0,0
tp24_L5_p0p70,5,0.7,no_conv,run2,2,L5,recall,42,-7.142857142857146,-9.523809523809526,2.3809523809523796,+
tp24_L5_p0p70,5,0.7,no_conv,run2,2,L5,ptrue,42,-0.07123473618177756,-0.05874093784539236,-0.012493798336385198,-
tp24_L5_p0p70,5,0.7,no_conv,run2,2,L5,margin,42,-1.8025223896616982,-1.351424787659198,-0.45109760200250015,-
tp24_L5_p0p70,5,0.7,no_lstm,run1,0,L1,recall,402,0.0,0.0,0.0,0
tp24_L5_p0p70,5,0.7,no_lstm,run1,0,L1,ptrue,402,0.0,0.0,0.0,0
tp24_L5_p0p70,5,0.7,no_lstm,run1,0,L1,margin,402,0.0,0.0,0.0,0
tp24_L5_p0p70,5,0.7,no_lstm,run1,1,L2/L4/L5 gate,recall,456,-5.482456140350877,-5.701754385964918,0.21929824561404132,+
tp24_L5_p0p70,5,0.7,no_lstm,run1,1,L2/L4/L5 gate,ptrue,456,-0.04590480656733409,-0.046925337190025895,0.0010205306226918065,+
tp24_L5_p0p70,5,0.7,no_lstm,run1,1,L2/L4/L5 gate,margin,456,-0.512688615843409,-0.734696776826719,0.22200816098331,+
tp24_L5_p0p70,5,0.7,no_lstm,run1,2,L3,recall,121,0.0,0.0,0.0,0
tp24_L5_p0p70,5,0.7,no_lstm,run1,2,L3,ptrue,121,0.0,0.0,0.0,0
tp24_L5_p0p70,5,0.7,no_lstm,run1,2,L3,margin,121,0.0,0.0,0.0,0
tp24_L5_p0p70,5,0.7,no_lstm,run2,0,L2,recall,79,0.0,0.0,0.0,0
tp24_L5_p0p70,5,0.7,no_lstm,run2,0,L2,ptrue,79,0.0,0.0,0.0,0
tp24_L5_p0p70,5,0.7,no_lstm,run2,0,L2,margin,79,0.0,0.0,0.0,0
tp24_L5_p0p70,5,0.7,no_lstm,run2,1,L4,recall,93,0.0,0.0,0.0,0
tp24_L5_p0p70,5,0.7,no_lstm,run2,1,L4,ptrue,93,0.0,0.0,0.0,0
tp24_L5_p0p70,5,0.7,no_lstm,run2,1,L4,margin,93,0.0,0.0,0.0,0
tp24_L5_p0p70,5,0.7,no_lstm,run2,2,L5,recall,42,-7.142857142857146,-4.761904761904759,-2.3809523809523867,-
tp24_L5_p0p70,5,0.7,no_lstm,run2,2,L5,ptrue,42,-0.07123473618177756,-0.023357002175457386,-0.04787773400632017,-
tp24_L5_p0p70,5,0.7,no_lstm,run2,2,L5,margin,42,-1.8025223896616982,-0.24566795634815386,-1.5568544333135443,-
tp24_L5_p0p70,5,0.7,no_attention,run1,0,L1,recall,402,0.0,0.0,0.0,0
tp24_L5_p0p70,5,0.7,no_attention,run1,0,L1,ptrue,402,0.0,0.0,0.0,0
tp24_L5_p0p70,5,0.7,no_attention,run1,0,L1,margin,402,0.0,0.0,0.0,0
tp24_L5_p0p70,5,0.7,no_attention,run1,1,L2/L4/L5 gate,recall,456,-5.482456140350877,-9.21052631578948,3.728070175438603,+
tp24_L5_p0p70,5,0.7,no_attention,run1,1,L2/L4/L5 gate,ptrue,456,-0.04590480656733409,-0.08530228900142278,0.03939748243408869,+
tp24_L5_p0p70,5,0.7,no_attention,run1,1,L2/L4/L5 gate,margin,456,-0.512688615843409,-1.8608967943827768,1.3482081785393678,+
tp24_L5_p0p70,5,0.7,no_attention,run1,2,L3,recall,121,0.0,0.0,0.0,0
tp24_L5_p0p70,5,0.7,no_attention,run1,2,L3,ptrue,121,0.0,0.0,0.0,0
tp24_L5_p0p70,5,0.7,no_attention,run1,2,L3,margin,121,0.0,0.0,0.0,0
tp24_L5_p0p70,5,0.7,no_attention,run2,0,L2,recall,79,0.0,0.0,0.0,0
tp24_L5_p0p70,5,0.7,no_attention,run2,0,L2,ptrue,79,0.0,0.0,0.0,0
tp24_L5_p0p70,5,0.7,no_attention,run2,0,L2,margin,79,0.0,0.0,0.0,0
tp24_L5_p0p70,5,0.7,no_attention,run2,1,L4,recall,93,0.0,0.0,0.0,0
tp24_L5_p0p70,5,0.7,no_attention,run2,1,L4,ptrue,93,0.0,0.0,0.0,0
tp24_L5_p0p70,5,0.7,no_attention,run2,1,L4,margin,93,0.0,0.0,0.0,0
tp24_L5_p0p70,5,0.7,no_attention,run2,2,L5,recall,42,-7.142857142857146,-7.142857142857153,7.105427357601002e-15,+
tp24_L5_p0p70,5,0.7,no_attention,run2,2,L5,ptrue,42,-0.07123473618177756,-0.047916347792363145,-0.023318388389414413,-
tp24_L5_p0p70,5,0.7,no_attention,run2,2,L5,margin,42,-1.8025223896616982,-1.2511670307389327,-0.5513553589227655,-
