comparison_id,comparison_family,module,condition_id,target_label,time_s,stage,scope,stage_class,stage_class_label,baseline_TP,baseline_FP,baseline_FN,baseline_TN,ablated_TP,ablated_FP,ablated_FN,ablated_TN,delta_FP,delta_FN
data_full__tp01_L1_m0p69,data_ablation_full,,tp01_L1_m0p69,1.0,-0.69,run1,fold01,0,L1,112,30,22,163,112,30,22,163,0,0
data_full__tp01_L1_m0p69,data_ablation_full,,tp01_L1_m0p69,1.0,-0.69,run1,fold01,1,L2/L4/L5 gate,126,30,26,145,125,30,27,145,0,1
data_full__tp01_L1_m0p69,data_ablation_full,,tp01_L1_m0p69,1.0,-0.69,run1,fold01,2,L3,26,3,15,283,26,4,15,282,1,0
data_full__tp01_L1_m0p69,data_ablation_full,,tp01_L1_m0p69,1.0,-0.69,run1,fold02,0,L1,105,22,29,170,105,22,29,170,0,0
data_full__tp01_L1_m0p69,data_ablation_full,,tp01_L1_m0p69,1.0,-0.69,run1,fold02,1,L2/L4/L5 gate,127,31,25,143,127,31,25,143,0,0
data_full__tp01_L1_m0p69,data_ablation_full,,tp01_L1_m0p69,1.0,-0.69,run1,fold02,2,L3,34,7,6,279,34,7,6,279,0,0
data_full__tp01_L1_m0p69,data_ablation_full,,tp01_L1_m0p69,1.0,-0.69,run1,fold03,0,L1,111,21,23,171,111,23,23,169,2,0
data_full__tp01_L1_m0p69,data_ablation_full,,tp01_L1_m0p69,1.0,-0.69,run1,fold03,1,L2/L4/L5 gate,135,29,17,145,133,29,19,145,0,2
data_full__tp01_L1_m0p69,data_ablation_full,,tp01_L1_m0p69,1.0,-0.69,run1,fold03,2,L3,28,2,12,284,28,2,12,284,0,0
data_full__tp01_L1_m0p69,data_ablation_full,,tp01_L1_m0p69,1.0,-0.69,run1,oof_pooled,0,L1,328,73,74,504,328,75,74,502,2,0
data_full__tp01_L1_m0p69,data_ablation_full,,tp01_L1_m0p69,1.0,-0.69,run1,oof_pooled,1,L2/L4/L5 gate,388,90,68,433,385,90,71,433,0,3
data_full__tp01_L1_m0p69,data_ablation_full,,tp01_L1_m0p69,1.0,-0.69,run1,oof_pooled,2,L3,88,12,33,846,88,13,33,845,1,0
data_full__tp01_L1_m0p69,data_ablation_full,,tp01_L1_m0p69,1.0,-0.69,run2,fold01,0,L2,22,10,5,35,21,13,6,32,3,1
data_full__tp01_L1_m0p69,data_ablation_full,,tp01_L1_m0p69,1.0,-0.69,run2,fold01,1,L4,21,8,10,33,18,10,13,31,2,3
data_full__tp01_L1_m0p69,data_ablation_full,,tp01_L1_m0p69,1.0,-0.69,run2,fold01,2,L5,7,4,7,54,7,3,7,55,-1,0
data_full__tp01_L1_m0p69,data_ablation_full,,tp01_L1_m0p69,1.0,-0.69,run2,fold02,0,L2,21,12,5,33,21,12,5,33,0,0
data_full__tp01_L1_m0p69,data_ablation_full,,tp01_L1_m0p69,1.0,-0.69,run2,fold02,1,L4,18,9,13,31,18,10,13,30,1,0
data_full__tp01_L1_m0p69,data_ablation_full,,tp01_L1_m0p69,1.0,-0.69,run2,fold02,2,L5,8,3,6,54,7,3,7,54,0,1
data_full__tp01_L1_m0p69,data_ablation_full,,tp01_L1_m0p69,1.0,-0.69,run2,fold03,0,L2,20,11,6,34,20,12,6,33,1,0
data_full__tp01_L1_m0p69,data_ablation_full,,tp01_L1_m0p69,1.0,-0.69,run2,fold03,1,L4,23,10,8,30,21,10,10,30,0,2
data_full__tp01_L1_m0p69,data_ablation_full,,tp01_L1_m0p69,1.0,-0.69,run2,fold03,2,L5,4,3,10,54,5,3,9,54,0,-1
data_full__tp01_L1_m0p69,data_ablation_full,,tp01_L1_m0p69,1.0,-0.69,run2,oof_pooled,0,L2,63,33,16,102,62,37,17,98,4,1
data_full__tp01_L1_m0p69,data_ablation_full,,tp01_L1_m0p69,1.0,-0.69,run2,oof_pooled,1,L4,62,27,31,94,57,30,36,91,3,5
data_full__tp01_L1_m0p69,data_ablation_full,,tp01_L1_m0p69,1.0,-0.69,run2,oof_pooled,2,L5,19,10,23,162,19,9,23,163,-1,0
data_no_conv__tp01_L1_m0p69,data_ablation_no_module,no_conv,tp01_L1_m0p69,1.0,-0.69,run1,fold01,0,L1,109,34,25,159,109,34,25,159,0,0
data_no_conv__tp01_L1_m0p69,data_ablation_no_module,no_conv,tp01_L1_m0p69,1.0,-0.69,run1,fold01,1,L2/L4/L5 gate,120,30,32,145,119,30,33,145,0,1
data_no_conv__tp01_L1_m0p69,data_ablation_no_module,no_conv,tp01_L1_m0p69,1.0,-0.69,run1,fold01,2,L3,30,4,11,282,30,5,11,281,1,0
data_no_conv__tp01_L1_m0p69,data_ablation_no_module,no_conv,tp01_L1_m0p69,1.0,-0.69,run1,fold02,0,L1,110,26,24,166,110,27,24,165,1,0
data_no_conv__tp01_L1_m0p69,data_ablation_no_module,no_conv,tp01_L1_m0p69,1.0,-0.69,run1,fold02,1,L2/L4/L5 gate,121,28,31,146,120,28,32,146,0,1
data_no_conv__tp01_L1_m0p69,data_ablation_no_module,no_conv,tp01_L1_m0p69,1.0,-0.69,run1,fold02,2,L3,30,11,10,275,30,11,10,275,0,0
data_no_conv__tp01_L1_m0p69,data_ablation_no_module,no_conv,tp01_L1_m0p69,1.0,-0.69,run1,fold03,0,L1,108,28,26,164,108,28,26,164,0,0
data_no_conv__tp01_L1_m0p69,data_ablation_no_module,no_conv,tp01_L1_m0p69,1.0,-0.69,run1,fold03,1,L2/L4/L5 gate,110,23,42,151,110,23,42,151,0,0
data_no_conv__tp01_L1_m0p69,data_ablation_no_module,no_conv,tp01_L1_m0p69,1.0,-0.69,run1,fold03,2,L3,35,22,5,264,35,22,5,264,0,0
data_no_conv__tp01_L1_m0p69,data_ablation_no_module,no_conv,tp01_L1_m0p69,1.0,-0.69,run1,oof_pooled,0,L1,327,88,75,489,327,89,75,488,1,0
data_no_conv__tp01_L1_m0p69,data_ablation_no_module,no_conv,tp01_L1_m0p69,1.0,-0.69,run1,oof_pooled,1,L2/L4/L5 gate,351,81,105,442,349,81,107,442,0,2
data_no_conv__tp01_L1_m0p69,data_ablation_no_module,no_conv,tp01_L1_m0p69,1.0,-0.69,run1,oof_pooled,2,L3,95,37,26,821,95,38,26,820,1,0
data_no_conv__tp01_L1_m0p69,data_ablation_no_module,no_conv,tp01_L1_m0p69,1.0,-0.69,run2,fold01,0,L2,15,12,12,33,15,12,12,33,0,0
data_no_conv__tp01_L1_m0p69,data_ablation_no_module,no_conv,tp01_L1_m0p69,1.0,-0.69,run2,fold01,1,L4,16,7,15,34,16,7,15,34,0,0
data_no_conv__tp01_L1_m0p69,data_ablation_no_module,no_conv,tp01_L1_m0p69,1.0,-0.69,run2,fold01,2,L5,9,13,5,45,9,13,5,45,0,0
data_no_conv__tp01_L1_m0p69,data_ablation_no_module,no_conv,tp01_L1_m0p69,1.0,-0.69,run2,fold02,0,L2,17,12,9,33,17,13,9,32,1,0
data_no_conv__tp01_L1_m0p69,data_ablation_no_module,no_conv,tp01_L1_m0p69,1.0,-0.69,run2,fold02,1,L4,12,6,19,34,11,7,20,33,1,1
data_no_conv__tp01_L1_m0p69,data_ablation_no_module,no_conv,tp01_L1_m0p69,1.0,-0.69,run2,fold02,2,L5,11,13,3,44,10,13,4,44,0,1
data_no_conv__tp01_L1_m0p69,data_ablation_no_module,no_conv,tp01_L1_m0p69,1.0,-0.69,run2,fold03,0,L2,21,21,5,24,21,22,5,23,1,0
data_no_conv__tp01_L1_m0p69,data_ablation_no_module,no_conv,tp01_L1_m0p69,1.0,-0.69,run2,fold03,1,L4,14,6,17,34,13,6,18,34,0,1
data_no_conv__tp01_L1_m0p69,data_ablation_no_module,no_conv,tp01_L1_m0p69,1.0,-0.69,run2,fold03,2,L5,4,5,10,52,4,5,10,52,0,0
data_no_conv__tp01_L1_m0p69,data_ablation_no_module,no_conv,tp01_L1_m0p69,1.0,-0.69,run2,oof_pooled,0,L2,53,45,26,90,53,47,26,88,2,0
data_no_conv__tp01_L1_m0p69,data_ablation_no_module,no_conv,tp01_L1_m0p69,1.0,-0.69,run2,oof_pooled,1,L4,42,19,51,102,40,20,53,101,1,2
data_no_conv__tp01_L1_m0p69,data_ablation_no_module,no_conv,tp01_L1_m0p69,1.0,-0.69,run2,oof_pooled,2,L5,24,31,18,141,23,31,19,141,0,1
module_masked__no_conv__tp01_L1_m0p69,module_ablation_masked,no_conv,tp01_L1_m0p69,1.0,-0.69,run1,fold01,0,L1,112,30,22,163,109,34,25,159,4,3
module_masked__no_conv__tp01_L1_m0p69,module_ablation_masked,no_conv,tp01_L1_m0p69,1.0,-0.69,run1,fold01,1,L2/L4/L5 gate,125,30,27,145,119,30,33,145,0,6
module_masked__no_conv__tp01_L1_m0p69,module_ablation_masked,no_conv,tp01_L1_m0p69,1.0,-0.69,run1,fold01,2,L3,26,4,15,282,30,5,11,281,1,-4
module_masked__no_conv__tp01_L1_m0p69,module_ablation_masked,no_conv,tp01_L1_m0p69,1.0,-0.69,run1,fold02,0,L1,105,22,29,170,110,27,24,165,5,-5
module_masked__no_conv__tp01_L1_m0p69,module_ablation_masked,no_conv,tp01_L1_m0p69,1.0,-0.69,run1,fold02,1,L2/L4/L5 gate,127,31,25,143,120,28,32,146,-3,7
module_masked__no_conv__tp01_L1_m0p69,module_ablation_masked,no_conv,tp01_L1_m0p69,1.0,-0.69,run1,fold02,2,L3,34,7,6,279,30,11,10,275,4,4
module_masked__no_conv__tp01_L1_m0p69,module_ablation_masked,no_conv,tp01_L1_m0p69,1.0,-0.69,run1,fold03,0,L1,111,23,23,169,108,28,26,164,5,3
module_masked__no_conv__tp01_L1_m0p69,module_ablation_masked,no_conv,tp01_L1_m0p69,1.0,-0.69,run1,fold03,1,L2/L4/L5 gate,133,29,19,145,110,23,42,151,-6,23
module_masked__no_conv__tp01_L1_m0p69,module_ablation_masked,no_conv,tp01_L1_m0p69,1.0,-0.69,run1,fold03,2,L3,28,2,12,284,35,22,5,264,20,-7
module_masked__no_conv__tp01_L1_m0p69,module_ablation_masked,no_conv,tp01_L1_m0p69,1.0,-0.69,run1,oof_pooled,0,L1,328,75,74,502,327,89,75,488,14,1
module_masked__no_conv__tp01_L1_m0p69,module_ablation_masked,no_conv,tp01_L1_m0p69,1.0,-0.69,run1,oof_pooled,1,L2/L4/L5 gate,385,90,71,433,349,81,107,442,-9,36
module_masked__no_conv__tp01_L1_m0p69,module_ablation_masked,no_conv,tp01_L1_m0p69,1.0,-0.69,run1,oof_pooled,2,L3,88,13,33,845,95,38,26,820,25,-7
module_masked__no_conv__tp01_L1_m0p69,module_ablation_masked,no_conv,tp01_L1_m0p69,1.0,-0.69,run2,fold01,0,L2,21,13,6,32,15,12,12,33,-1,6
module_masked__no_conv__tp01_L1_m0p69,module_ablation_masked,no_conv,tp01_L1_m0p69,1.0,-0.69,run2,fold01,1,L4,18,10,13,31,16,7,15,34,-3,2
module_masked__no_conv__tp01_L1_m0p69,module_ablation_masked,no_conv,tp01_L1_m0p69,1.0,-0.69,run2,fold01,2,L5,7,3,7,55,9,13,5,45,10,-2
module_masked__no_conv__tp01_L1_m0p69,module_ablation_masked,no_conv,tp01_L1_m0p69,1.0,-0.69,run2,fold02,0,L2,21,12,5,33,17,13,9,32,1,4
module_masked__no_conv__tp01_L1_m0p69,module_ablation_masked,no_conv,tp01_L1_m0p69,1.0,-0.69,run2,fold02,1,L4,18,10,13,30,11,7,20,33,-3,7
module_masked__no_conv__tp01_L1_m0p69,module_ablation_masked,no_conv,tp01_L1_m0p69,1.0,-0.69,run2,fold02,2,L5,7,3,7,54,10,13,4,44,10,-3
module_masked__no_conv__tp01_L1_m0p69,module_ablation_masked,no_conv,tp01_L1_m0p69,1.0,-0.69,run2,fold03,0,L2,20,12,6,33,21,22,5,23,10,-1
module_masked__no_conv__tp01_L1_m0p69,module_ablation_masked,no_conv,tp01_L1_m0p69,1.0,-0.69,run2,fold03,1,L4,21,10,10,30,13,6,18,34,-4,8
module_masked__no_conv__tp01_L1_m0p69,module_ablation_masked,no_conv,tp01_L1_m0p69,1.0,-0.69,run2,fold03,2,L5,5,3,9,54,4,5,10,52,2,1
module_masked__no_conv__tp01_L1_m0p69,module_ablation_masked,no_conv,tp01_L1_m0p69,1.0,-0.69,run2,oof_pooled,0,L2,62,37,17,98,53,47,26,88,10,9
module_masked__no_conv__tp01_L1_m0p69,module_ablation_masked,no_conv,tp01_L1_m0p69,1.0,-0.69,run2,oof_pooled,1,L4,57,30,36,91,40,20,53,101,-10,17
module_masked__no_conv__tp01_L1_m0p69,module_ablation_masked,no_conv,tp01_L1_m0p69,1.0,-0.69,run2,oof_pooled,2,L5,19,9,23,163,23,31,19,141,22,-4
data_no_lstm__tp01_L1_m0p69,data_ablation_no_module,no_lstm,tp01_L1_m0p69,1.0,-0.69,run1,fold01,0,L1,102,35,32,158,102,34,32,159,-1,0
data_no_lstm__tp01_L1_m0p69,data_ablation_no_module,no_lstm,tp01_L1_m0p69,1.0,-0.69,run1,fold01,1,L2/L4/L5 gate,117,40,35,135,117,40,35,135,0,0
data_no_lstm__tp01_L1_m0p69,data_ablation_no_module,no_lstm,tp01_L1_m0p69,1.0,-0.69,run1,fold01,2,L3,27,6,14,280,27,7,14,279,1,0
data_no_lstm__tp01_L1_m0p69,data_ablation_no_module,no_lstm,tp01_L1_m0p69,1.0,-0.69,run1,fold02,0,L1,101,36,33,156,101,37,33,155,1,0
data_no_lstm__tp01_L1_m0p69,data_ablation_no_module,no_lstm,tp01_L1_m0p69,1.0,-0.69,run1,fold02,1,L2/L4/L5 gate,113,37,39,137,112,37,40,137,0,1
data_no_lstm__tp01_L1_m0p69,data_ablation_no_module,no_lstm,tp01_L1_m0p69,1.0,-0.69,run1,fold02,2,L3,28,11,12,275,28,11,12,275,0,0
data_no_lstm__tp01_L1_m0p69,data_ablation_no_module,no_lstm,tp01_L1_m0p69,1.0,-0.69,run1,fold03,0,L1,104,28,30,164,104,28,30,164,0,0
data_no_lstm__tp01_L1_m0p69,data_ablation_no_module,no_lstm,tp01_L1_m0p69,1.0,-0.69,run1,fold03,1,L2/L4/L5 gate,120,30,32,144,120,30,32,144,0,0
data_no_lstm__tp01_L1_m0p69,data_ablation_no_module,no_lstm,tp01_L1_m0p69,1.0,-0.69,run1,fold03,2,L3,30,14,10,272,30,14,10,272,0,0
data_no_lstm__tp01_L1_m0p69,data_ablation_no_module,no_lstm,tp01_L1_m0p69,1.0,-0.69,run1,oof_pooled,0,L1,307,99,95,478,307,99,95,478,0,0
data_no_lstm__tp01_L1_m0p69,data_ablation_no_module,no_lstm,tp01_L1_m0p69,1.0,-0.69,run1,oof_pooled,1,L2/L4/L5 gate,350,107,106,416,349,107,107,416,0,1
data_no_lstm__tp01_L1_m0p69,data_ablation_no_module,no_lstm,tp01_L1_m0p69,1.0,-0.69,run1,oof_pooled,2,L3,85,31,36,827,85,32,36,826,1,0
data_no_lstm__tp01_L1_m0p69,data_ablation_no_module,no_lstm,tp01_L1_m0p69,1.0,-0.69,run2,fold01,0,L2,16,2,11,43,16,2,11,43,0,0
data_no_lstm__tp01_L1_m0p69,data_ablation_no_module,no_lstm,tp01_L1_m0p69,1.0,-0.69,run2,fold01,1,L4,21,11,10,30,21,10,10,31,-1,0
data_no_lstm__tp01_L1_m0p69,data_ablation_no_module,no_lstm,tp01_L1_m0p69,1.0,-0.69,run2,fold01,2,L5,9,13,5,45,9,14,5,44,1,0
data_no_lstm__tp01_L1_m0p69,data_ablation_no_module,no_lstm,tp01_L1_m0p69,1.0,-0.69,run2,fold02,0,L2,14,11,12,34,14,11,12,34,0,0
data_no_lstm__tp01_L1_m0p69,data_ablation_no_module,no_lstm,tp01_L1_m0p69,1.0,-0.69,run2,fold02,1,L4,20,17,11,23,20,18,11,22,1,0
data_no_lstm__tp01_L1_m0p69,data_ablation_no_module,no_lstm,tp01_L1_m0p69,1.0,-0.69,run2,fold02,2,L5,6,3,8,54,5,3,9,54,0,1
data_no_lstm__tp01_L1_m0p69,data_ablation_no_module,no_lstm,tp01_L1_m0p69,1.0,-0.69,run2,fold03,0,L2,20,10,6,35,20,10,6,35,0,0
data_no_lstm__tp01_L1_m0p69,data_ablation_no_module,no_lstm,tp01_L1_m0p69,1.0,-0.69,run2,fold03,1,L4,22,6,9,34,21,6,10,34,0,1
data_no_lstm__tp01_L1_m0p69,data_ablation_no_module,no_lstm,tp01_L1_m0p69,1.0,-0.69,run2,fold03,2,L5,6,7,8,50,6,8,8,49,1,0
data_no_lstm__tp01_L1_m0p69,data_ablation_no_module,no_lstm,tp01_L1_m0p69,1.0,-0.69,run2,oof_pooled,0,L2,50,23,29,112,50,23,29,112,0,0
data_no_lstm__tp01_L1_m0p69,data_ablation_no_module,no_lstm,tp01_L1_m0p69,1.0,-0.69,run2,oof_pooled,1,L4,63,34,30,87,62,34,31,87,0,1
data_no_lstm__tp01_L1_m0p69,data_ablation_no_module,no_lstm,tp01_L1_m0p69,1.0,-0.69,run2,oof_pooled,2,L5,21,23,21,149,20,25,22,147,2,1
module_masked__no_lstm__tp01_L1_m0p69,module_ablation_masked,no_lstm,tp01_L1_m0p69,1.0,-0.69,run1,fold01,0,L1,112,30,22,163,102,34,32,159,4,10
module_masked__no_lstm__tp01_L1_m0p69,module_ablation_masked,no_lstm,tp01_L1_m0p69,1.0,-0.69,run1,fold01,1,L2/L4/L5 gate,125,30,27,145,117,40,35,135,10,8
module_masked__no_lstm__tp01_L1_m0p69,module_ablation_masked,no_lstm,tp01_L1_m0p69,1.0,-0.69,run1,fold01,2,L3,26,4,15,282,27,7,14,279,3,-1
module_masked__no_lstm__tp01_L1_m0p69,module_ablation_masked,no_lstm,tp01_L1_m0p69,1.0,-0.69,run1,fold02,0,L1,105,22,29,170,101,37,33,155,15,4
module_masked__no_lstm__tp01_L1_m0p69,module_ablation_masked,no_lstm,tp01_L1_m0p69,1.0,-0.69,run1,fold02,1,L2/L4/L5 gate,127,31,25,143,112,37,40,137,6,15
module_masked__no_lstm__tp01_L1_m0p69,module_ablation_masked,no_lstm,tp01_L1_m0p69,1.0,-0.69,run1,fold02,2,L3,34,7,6,279,28,11,12,275,4,6
module_masked__no_lstm__tp01_L1_m0p69,module_ablation_masked,no_lstm,tp01_L1_m0p69,1.0,-0.69,run1,fold03,0,L1,111,23,23,169,104,28,30,164,5,7
module_masked__no_lstm__tp01_L1_m0p69,module_ablation_masked,no_lstm,tp01_L1_m0p69,1.0,-0.69,run1,fold03,1,L2/L4/L5 gate,133,29,19,145,120,30,32,144,1,13
module_masked__no_lstm__tp01_L1_m0p69,module_ablation_masked,no_lstm,tp01_L1_m0p69,1.0,-0.69,run1,fold03,2,L3,28,2,12,284,30,14,10,272,12,-2
module_masked__no_lstm__tp01_L1_m0p69,module_ablation_masked,no_lstm,tp01_L1_m0p69,1.0,-0.69,run1,oof_pooled,0,L1,328,75,74,502,307,99,95,478,24,21
module_masked__no_lstm__tp01_L1_m0p69,module_ablation_masked,no_lstm,tp01_L1_m0p69,1.0,-0.69,run1,oof_pooled,1,L2/L4/L5 gate,385,90,71,433,349,107,107,416,17,36
module_masked__no_lstm__tp01_L1_m0p69,module_ablation_masked,no_lstm,tp01_L1_m0p69,1.0,-0.69,run1,oof_pooled,2,L3,88,13,33,845,85,32,36,826,19,3
module_masked__no_lstm__tp01_L1_m0p69,module_ablation_masked,no_lstm,tp01_L1_m0p69,1.0,-0.69,run2,fold01,0,L2,21,13,6,32,16,2,11,43,-11,5
module_masked__no_lstm__tp01_L1_m0p69,module_ablation_masked,no_lstm,tp01_L1_m0p69,1.0,-0.69,run2,fold01,1,L4,18,10,13,31,21,10,10,31,0,-3
module_masked__no_lstm__tp01_L1_m0p69,module_ablation_masked,no_lstm,tp01_L1_m0p69,1.0,-0.69,run2,fold01,2,L5,7,3,7,55,9,14,5,44,11,-2
module_masked__no_lstm__tp01_L1_m0p69,module_ablation_masked,no_lstm,tp01_L1_m0p69,1.0,-0.69,run2,fold02,0,L2,21,12,5,33,14,11,12,34,-1,7
module_masked__no_lstm__tp01_L1_m0p69,module_ablation_masked,no_lstm,tp01_L1_m0p69,1.0,-0.69,run2,fold02,1,L4,18,10,13,30,20,18,11,22,8,-2
module_masked__no_lstm__tp01_L1_m0p69,module_ablation_masked,no_lstm,tp01_L1_m0p69,1.0,-0.69,run2,fold02,2,L5,7,3,7,54,5,3,9,54,0,2
module_masked__no_lstm__tp01_L1_m0p69,module_ablation_masked,no_lstm,tp01_L1_m0p69,1.0,-0.69,run2,fold03,0,L2,20,12,6,33,20,10,6,35,-2,0
module_masked__no_lstm__tp01_L1_m0p69,module_ablation_masked,no_lstm,tp01_L1_m0p69,1.0,-0.69,run2,fold03,1,L4,21,10,10,30,21,6,10,34,-4,0
module_masked__no_lstm__tp01_L1_m0p69,module_ablation_masked,no_lstm,tp01_L1_m0p69,1.0,-0.69,run2,fold03,2,L5,5,3,9,54,6,8,8,49,5,-1
module_masked__no_lstm__tp01_L1_m0p69,module_ablation_masked,no_lstm,tp01_L1_m0p69,1.0,-0.69,run2,oof_pooled,0,L2,62,37,17,98,50,23,29,112,-14,12
module_masked__no_lstm__tp01_L1_m0p69,module_ablation_masked,no_lstm,tp01_L1_m0p69,1.0,-0.69,run2,oof_pooled,1,L4,57,30,36,91,62,34,31,87,4,-5
module_masked__no_lstm__tp01_L1_m0p69,module_ablation_masked,no_lstm,tp01_L1_m0p69,1.0,-0.69,run2,oof_pooled,2,L5,19,9,23,163,20,25,22,147,16,-1
data_no_attention__tp01_L1_m0p69,data_ablation_no_module,no_attention,tp01_L1_m0p69,1.0,-0.69,run1,fold01,0,L1,113,29,21,164,113,29,21,164,0,0
data_no_attention__tp01_L1_m0p69,data_ablation_no_module,no_attention,tp01_L1_m0p69,1.0,-0.69,run1,fold01,1,L2/L4/L5 gate,125,28,27,147,124,28,28,147,0,1
data_no_attention__tp01_L1_m0p69,data_ablation_no_module,no_attention,tp01_L1_m0p69,1.0,-0.69,run1,fold01,2,L3,30,2,11,284,30,3,11,283,1,0
data_no_attention__tp01_L1_m0p69,data_ablation_no_module,no_attention,tp01_L1_m0p69,1.0,-0.69,run1,fold02,0,L1,107,21,27,171,107,21,27,171,0,0
data_no_attention__tp01_L1_m0p69,data_ablation_no_module,no_attention,tp01_L1_m0p69,1.0,-0.69,run1,fold02,1,L2/L4/L5 gate,131,31,21,143,131,31,21,143,0,0
data_no_attention__tp01_L1_m0p69,data_ablation_no_module,no_attention,tp01_L1_m0p69,1.0,-0.69,run1,fold02,2,L3,29,7,11,279,29,7,11,279,0,0
data_no_attention__tp01_L1_m0p69,data_ablation_no_module,no_attention,tp01_L1_m0p69,1.0,-0.69,run1,fold03,0,L1,113,20,21,172,113,20,21,172,0,0
data_no_attention__tp01_L1_m0p69,data_ablation_no_module,no_attention,tp01_L1_m0p69,1.0,-0.69,run1,fold03,1,L2/L4/L5 gate,129,23,23,151,129,23,23,151,0,0
data_no_attention__tp01_L1_m0p69,data_ablation_no_module,no_attention,tp01_L1_m0p69,1.0,-0.69,run1,fold03,2,L3,33,8,7,278,33,8,7,278,0,0
data_no_attention__tp01_L1_m0p69,data_ablation_no_module,no_attention,tp01_L1_m0p69,1.0,-0.69,run1,oof_pooled,0,L1,333,70,69,507,333,70,69,507,0,0
data_no_attention__tp01_L1_m0p69,data_ablation_no_module,no_attention,tp01_L1_m0p69,1.0,-0.69,run1,oof_pooled,1,L2/L4/L5 gate,385,82,71,441,384,82,72,441,0,1
data_no_attention__tp01_L1_m0p69,data_ablation_no_module,no_attention,tp01_L1_m0p69,1.0,-0.69,run1,oof_pooled,2,L3,92,17,29,841,92,18,29,840,1,0
data_no_attention__tp01_L1_m0p69,data_ablation_no_module,no_attention,tp01_L1_m0p69,1.0,-0.69,run2,fold01,0,L2,15,6,12,39,14,8,13,37,2,1
data_no_attention__tp01_L1_m0p69,data_ablation_no_module,no_attention,tp01_L1_m0p69,1.0,-0.69,run2,fold01,1,L4,21,16,10,25,19,15,12,26,-1,2
data_no_attention__tp01_L1_m0p69,data_ablation_no_module,no_attention,tp01_L1_m0p69,1.0,-0.69,run2,fold01,2,L5,6,8,8,50,6,10,8,48,2,0
data_no_attention__tp01_L1_m0p69,data_ablation_no_module,no_attention,tp01_L1_m0p69,1.0,-0.69,run2,fold02,0,L2,16,8,10,37,15,8,11,37,0,1
data_no_attention__tp01_L1_m0p69,data_ablation_no_module,no_attention,tp01_L1_m0p69,1.0,-0.69,run2,fold02,1,L4,16,6,15,34,16,8,15,32,2,0
data_no_attention__tp01_L1_m0p69,data_ablation_no_module,no_attention,tp01_L1_m0p69,1.0,-0.69,run2,fold02,2,L5,13,12,1,45,12,12,2,45,0,1
data_no_attention__tp01_L1_m0p69,data_ablation_no_module,no_attention,tp01_L1_m0p69,1.0,-0.69,run2,fold03,0,L2,17,10,9,35,17,9,9,36,-1,0
data_no_attention__tp01_L1_m0p69,data_ablation_no_module,no_attention,tp01_L1_m0p69,1.0,-0.69,run2,fold03,1,L4,19,13,12,27,20,13,11,27,0,-1
data_no_attention__tp01_L1_m0p69,data_ablation_no_module,no_attention,tp01_L1_m0p69,1.0,-0.69,run2,fold03,2,L5,4,8,10,49,4,8,10,49,0,0
data_no_attention__tp01_L1_m0p69,data_ablation_no_module,no_attention,tp01_L1_m0p69,1.0,-0.69,run2,oof_pooled,0,L2,48,24,31,111,46,25,33,110,1,2
data_no_attention__tp01_L1_m0p69,data_ablation_no_module,no_attention,tp01_L1_m0p69,1.0,-0.69,run2,oof_pooled,1,L4,56,35,37,86,55,36,38,85,1,1
data_no_attention__tp01_L1_m0p69,data_ablation_no_module,no_attention,tp01_L1_m0p69,1.0,-0.69,run2,oof_pooled,2,L5,23,28,19,144,22,30,20,142,2,1
module_masked__no_attention__tp01_L1_m0p69,module_ablation_masked,no_attention,tp01_L1_m0p69,1.0,-0.69,run1,fold01,0,L1,112,30,22,163,113,29,21,164,-1,-1
module_masked__no_attention__tp01_L1_m0p69,module_ablation_masked,no_attention,tp01_L1_m0p69,1.0,-0.69,run1,fold01,1,L2/L4/L5 gate,125,30,27,145,124,28,28,147,-2,1
module_masked__no_attention__tp01_L1_m0p69,module_ablation_masked,no_attention,tp01_L1_m0p69,1.0,-0.69,run1,fold01,2,L3,26,4,15,282,30,3,11,283,-1,-4
module_masked__no_attention__tp01_L1_m0p69,module_ablation_masked,no_attention,tp01_L1_m0p69,1.0,-0.69,run1,fold02,0,L1,105,22,29,170,107,21,27,171,-1,-2
module_masked__no_attention__tp01_L1_m0p69,module_ablation_masked,no_attention,tp01_L1_m0p69,1.0,-0.69,run1,fold02,1,L2/L4/L5 gate,127,31,25,143,131,31,21,143,0,-4
module_masked__no_attention__tp01_L1_m0p69,module_ablation_masked,no_attention,tp01_L1_m0p69,1.0,-0.69,run1,fold02,2,L3,34,7,6,279,29,7,11,279,0,5
module_masked__no_attention__tp01_L1_m0p69,module_ablation_masked,no_attention,tp01_L1_m0p69,1.0,-0.69,run1,fold03,0,L1,111,23,23,169,113,20,21,172,-3,-2
module_masked__no_attention__tp01_L1_m0p69,module_ablation_masked,no_attention,tp01_L1_m0p69,1.0,-0.69,run1,fold03,1,L2/L4/L5 gate,133,29,19,145,129,23,23,151,-6,4
module_masked__no_attention__tp01_L1_m0p69,module_ablation_masked,no_attention,tp01_L1_m0p69,1.0,-0.69,run1,fold03,2,L3,28,2,12,284,33,8,7,278,6,-5
module_masked__no_attention__tp01_L1_m0p69,module_ablation_masked,no_attention,tp01_L1_m0p69,1.0,-0.69,run1,oof_pooled,0,L1,328,75,74,502,333,70,69,507,-5,-5
module_masked__no_attention__tp01_L1_m0p69,module_ablation_masked,no_attention,tp01_L1_m0p69,1.0,-0.69,run1,oof_pooled,1,L2/L4/L5 gate,385,90,71,433,384,82,72,441,-8,1
module_masked__no_attention__tp01_L1_m0p69,module_ablation_masked,no_attention,tp01_L1_m0p69,1.0,-0.69,run1,oof_pooled,2,L3,88,13,33,845,92,18,29,840,5,-4
module_masked__no_attention__tp01_L1_m0p69,module_ablation_masked,no_attention,tp01_L1_m0p69,1.0,-0.69,run2,fold01,0,L2,21,13,6,32,14,8,13,37,-5,7
module_masked__no_attention__tp01_L1_m0p69,module_ablation_masked,no_attention,tp01_L1_m0p69,1.0,-0.69,run2,fold01,1,L4,18,10,13,31,19,15,12,26,5,-1
module_masked__no_attention__tp01_L1_m0p69,module_ablation_masked,no_attention,tp01_L1_m0p69,1.0,-0.69,run2,fold01,2,L5,7,3,7,55,6,10,8,48,7,1
module_masked__no_attention__tp01_L1_m0p69,module_ablation_masked,no_attention,tp01_L1_m0p69,1.0,-0.69,run2,fold02,0,L2,21,12,5,33,15,8,11,37,-4,6
module_masked__no_attention__tp01_L1_m0p69,module_ablation_masked,no_attention,tp01_L1_m0p69,1.0,-0.69,run2,fold02,1,L4,18,10,13,30,16,8,15,32,-2,2
module_masked__no_attention__tp01_L1_m0p69,module_ablation_masked,no_attention,tp01_L1_m0p69,1.0,-0.69,run2,fold02,2,L5,7,3,7,54,12,12,2,45,9,-5
module_masked__no_attention__tp01_L1_m0p69,module_ablation_masked,no_attention,tp01_L1_m0p69,1.0,-0.69,run2,fold03,0,L2,20,12,6,33,17,9,9,36,-3,3
module_masked__no_attention__tp01_L1_m0p69,module_ablation_masked,no_attention,tp01_L1_m0p69,1.0,-0.69,run2,fold03,1,L4,21,10,10,30,20,13,11,27,3,1
module_masked__no_attention__tp01_L1_m0p69,module_ablation_masked,no_attention,tp01_L1_m0p69,1.0,-0.69,run2,fold03,2,L5,5,3,9,54,4,8,10,49,5,1
module_masked__no_attention__tp01_L1_m0p69,module_ablation_masked,no_attention,tp01_L1_m0p69,1.0,-0.69,run2,oof_pooled,0,L2,62,37,17,98,46,25,33,110,-12,16
module_masked__no_attention__tp01_L1_m0p69,module_ablation_masked,no_attention,tp01_L1_m0p69,1.0,-0.69,run2,oof_pooled,1,L4,57,30,36,91,55,36,38,85,6,2
module_masked__no_attention__tp01_L1_m0p69,module_ablation_masked,no_attention,tp01_L1_m0p69,1.0,-0.69,run2,oof_pooled,2,L5,19,9,23,163,22,30,20,142,21,-3
data_full__tp02_L1_m0p15,data_ablation_full,,tp02_L1_m0p15,1.0,-0.15,run1,fold01,0,L1,112,30,22,163,112,30,22,163,0,0
data_full__tp02_L1_m0p15,data_ablation_full,,tp02_L1_m0p15,1.0,-0.15,run1,fold01,1,L2/L4/L5 gate,126,30,26,145,125,30,27,145,0,1
data_full__tp02_L1_m0p15,data_ablation_full,,tp02_L1_m0p15,1.0,-0.15,run1,fold01,2,L3,26,3,15,283,26,4,15,282,1,0
data_full__tp02_L1_m0p15,data_ablation_full,,tp02_L1_m0p15,1.0,-0.15,run1,fold02,0,L1,105,22,29,170,105,22,29,170,0,0
data_full__tp02_L1_m0p15,data_ablation_full,,tp02_L1_m0p15,1.0,-0.15,run1,fold02,1,L2/L4/L5 gate,127,31,25,143,127,31,25,143,0,0
data_full__tp02_L1_m0p15,data_ablation_full,,tp02_L1_m0p15,1.0,-0.15,run1,fold02,2,L3,34,7,6,279,34,7,6,279,0,0
data_full__tp02_L1_m0p15,data_ablation_full,,tp02_L1_m0p15,1.0,-0.15,run1,fold03,0,L1,111,21,23,171,111,21,23,171,0,0
data_full__tp02_L1_m0p15,data_ablation_full,,tp02_L1_m0p15,1.0,-0.15,run1,fold03,1,L2/L4/L5 gate,135,29,17,145,135,29,17,145,0,0
data_full__tp02_L1_m0p15,data_ablation_full,,tp02_L1_m0p15,1.0,-0.15,run1,fold03,2,L3,28,2,12,284,28,2,12,284,0,0
data_full__tp02_L1_m0p15,data_ablation_full,,tp02_L1_m0p15,1.0,-0.15,run1,oof_pooled,0,L1,328,73,74,504,328,73,74,504,0,0
data_full__tp02_L1_m0p15,data_ablation_full,,tp02_L1_m0p15,1.0,-0.15,run1,oof_pooled,1,L2/L4/L5 gate,388,90,68,433,387,90,69,433,0,1
data_full__tp02_L1_m0p15,data_ablation_full,,tp02_L1_m0p15,1.0,-0.15,run1,oof_pooled,2,L3,88,12,33,846,88,13,33,845,1,0
data_full__tp02_L1_m0p15,data_ablation_full,,tp02_L1_m0p15,1.0,-0.15,run2,fold01,0,L2,22,10,5,35,21,11,6,34,1,1
data_full__tp02_L1_m0p15,data_ablation_full,,tp02_L1_m0p15,1.0,-0.15,run2,fold01,1,L4,21,8,10,33,20,10,11,31,2,1
data_full__tp02_L1_m0p15,data_ablation_full,,tp02_L1_m0p15,1.0,-0.15,run2,fold01,2,L5,7,4,7,54,7,3,7,55,-1,0
data_full__tp02_L1_m0p15,data_ablation_full,,tp02_L1_m0p15,1.0,-0.15,run2,fold02,0,L2,21,12,5,33,22,12,4,33,0,-1
data_full__tp02_L1_m0p15,data_ablation_full,,tp02_L1_m0p15,1.0,-0.15,run2,fold02,1,L4,18,9,13,31,19,9,12,31,0,-1
data_full__tp02_L1_m0p15,data_ablation_full,,tp02_L1_m0p15,1.0,-0.15,run2,fold02,2,L5,8,3,6,54,7,2,7,55,-1,1
data_full__tp02_L1_m0p15,data_ablation_full,,tp02_L1_m0p15,1.0,-0.15,run2,fold03,0,L2,20,11,6,34,19,13,7,32,2,1
data_full__tp02_L1_m0p15,data_ablation_full,,tp02_L1_m0p15,1.0,-0.15,run2,fold03,1,L4,23,10,8,30,21,10,10,30,0,2
data_full__tp02_L1_m0p15,data_ablation_full,,tp02_L1_m0p15,1.0,-0.15,run2,fold03,2,L5,4,3,10,54,4,4,10,53,1,0
data_full__tp02_L1_m0p15,data_ablation_full,,tp02_L1_m0p15,1.0,-0.15,run2,oof_pooled,0,L2,63,33,16,102,62,36,17,99,3,1
data_full__tp02_L1_m0p15,data_ablation_full,,tp02_L1_m0p15,1.0,-0.15,run2,oof_pooled,1,L4,62,27,31,94,60,29,33,92,2,2
data_full__tp02_L1_m0p15,data_ablation_full,,tp02_L1_m0p15,1.0,-0.15,run2,oof_pooled,2,L5,19,10,23,162,18,9,24,163,-1,1
data_no_conv__tp02_L1_m0p15,data_ablation_no_module,no_conv,tp02_L1_m0p15,1.0,-0.15,run1,fold01,0,L1,109,34,25,159,109,34,25,159,0,0
data_no_conv__tp02_L1_m0p15,data_ablation_no_module,no_conv,tp02_L1_m0p15,1.0,-0.15,run1,fold01,1,L2/L4/L5 gate,120,30,32,145,119,30,33,145,0,1
data_no_conv__tp02_L1_m0p15,data_ablation_no_module,no_conv,tp02_L1_m0p15,1.0,-0.15,run1,fold01,2,L3,30,4,11,282,30,5,11,281,1,0
data_no_conv__tp02_L1_m0p15,data_ablation_no_module,no_conv,tp02_L1_m0p15,1.0,-0.15,run1,fold02,0,L1,110,26,24,166,110,27,24,165,1,0
data_no_conv__tp02_L1_m0p15,data_ablation_no_module,no_conv,tp02_L1_m0p15,1.0,-0.15,run1,fold02,1,L2/L4/L5 gate,121,28,31,146,120,28,32,146,0,1
data_no_conv__tp02_L1_m0p15,data_ablation_no_module,no_conv,tp02_L1_m0p15,1.0,-0.15,run1,fold02,2,L3,30,11,10,275,30,11,10,275,0,0
data_no_conv__tp02_L1_m0p15,data_ablation_no_module,no_conv,tp02_L1_m0p15,1.0,-0.15,run1,fold03,0,L1,108,28,26,164,108,28,26,164,0,0
data_no_conv__tp02_L1_m0p15,data_ablation_no_module,no_conv,tp02_L1_m0p15,1.0,-0.15,run1,fold03,1,L2/L4/L5 gate,110,23,42,151,110,23,42,151,0,0
data_no_conv__tp02_L1_m0p15,data_ablation_no_module,no_conv,tp02_L1_m0p15,1.0,-0.15,run1,fold03,2,L3,35,22,5,264,35,22,5,264,0,0
data_no_conv__tp02_L1_m0p15,data_ablation_no_module,no_conv,tp02_L1_m0p15,1.0,-0.15,run1,oof_pooled,0,L1,327,88,75,489,327,89,75,488,1,0
data_no_conv__tp02_L1_m0p15,data_ablation_no_module,no_conv,tp02_L1_m0p15,1.0,-0.15,run1,oof_pooled,1,L2/L4/L5 gate,351,81,105,442,349,81,107,442,0,2
data_no_conv__tp02_L1_m0p15,data_ablation_no_module,no_conv,tp02_L1_m0p15,1.0,-0.15,run1,oof_pooled,2,L3,95,37,26,821,95,38,26,820,1,0
data_no_conv__tp02_L1_m0p15,data_ablation_no_module,no_conv,tp02_L1_m0p15,1.0,-0.15,run2,fold01,0,L2,15,12,12,33,15,12,12,33,0,0
data_no_conv__tp02_L1_m0p15,data_ablation_no_module,no_conv,tp02_L1_m0p15,1.0,-0.15,run2,fold01,1,L4,16,7,15,34,16,7,15,34,0,0
data_no_conv__tp02_L1_m0p15,data_ablation_no_module,no_conv,tp02_L1_m0p15,1.0,-0.15,run2,fold01,2,L5,9,13,5,45,9,13,5,45,0,0
data_no_conv__tp02_L1_m0p15,data_ablation_no_module,no_conv,tp02_L1_m0p15,1.0,-0.15,run2,fold02,0,L2,17,12,9,33,17,12,9,33,0,0
data_no_conv__tp02_L1_m0p15,data_ablation_no_module,no_conv,tp02_L1_m0p15,1.0,-0.15,run2,fold02,1,L4,12,6,19,34,13,7,18,33,1,-1
data_no_conv__tp02_L1_m0p15,data_ablation_no_module,no_conv,tp02_L1_m0p15,1.0,-0.15,run2,fold02,2,L5,11,13,3,44,10,12,4,45,-1,1
data_no_conv__tp02_L1_m0p15,data_ablation_no_module,no_conv,tp02_L1_m0p15,1.0,-0.15,run2,fold03,0,L2,21,21,5,24,21,22,5,23,1,0
data_no_conv__tp02_L1_m0p15,data_ablation_no_module,no_conv,tp02_L1_m0p15,1.0,-0.15,run2,fold03,1,L4,14,6,17,34,13,6,18,34,0,1
data_no_conv__tp02_L1_m0p15,data_ablation_no_module,no_conv,tp02_L1_m0p15,1.0,-0.15,run2,fold03,2,L5,4,5,10,52,4,5,10,52,0,0
data_no_conv__tp02_L1_m0p15,data_ablation_no_module,no_conv,tp02_L1_m0p15,1.0,-0.15,run2,oof_pooled,0,L2,53,45,26,90,53,46,26,89,1,0
data_no_conv__tp02_L1_m0p15,data_ablation_no_module,no_conv,tp02_L1_m0p15,1.0,-0.15,run2,oof_pooled,1,L4,42,19,51,102,42,20,51,101,1,0
data_no_conv__tp02_L1_m0p15,data_ablation_no_module,no_conv,tp02_L1_m0p15,1.0,-0.15,run2,oof_pooled,2,L5,24,31,18,141,23,30,19,142,-1,1
module_masked__no_conv__tp02_L1_m0p15,module_ablation_masked,no_conv,tp02_L1_m0p15,1.0,-0.15,run1,fold01,0,L1,112,30,22,163,109,34,25,159,4,3
module_masked__no_conv__tp02_L1_m0p15,module_ablation_masked,no_conv,tp02_L1_m0p15,1.0,-0.15,run1,fold01,1,L2/L4/L5 gate,125,30,27,145,119,30,33,145,0,6
module_masked__no_conv__tp02_L1_m0p15,module_ablation_masked,no_conv,tp02_L1_m0p15,1.0,-0.15,run1,fold01,2,L3,26,4,15,282,30,5,11,281,1,-4
module_masked__no_conv__tp02_L1_m0p15,module_ablation_masked,no_conv,tp02_L1_m0p15,1.0,-0.15,run1,fold02,0,L1,105,22,29,170,110,27,24,165,5,-5
module_masked__no_conv__tp02_L1_m0p15,module_ablation_masked,no_conv,tp02_L1_m0p15,1.0,-0.15,run1,fold02,1,L2/L4/L5 gate,127,31,25,143,120,28,32,146,-3,7
module_masked__no_conv__tp02_L1_m0p15,module_ablation_masked,no_conv,tp02_L1_m0p15,1.0,-0.15,run1,fold02,2,L3,34,7,6,279,30,11,10,275,4,4
module_masked__no_conv__tp02_L1_m0p15,module_ablation_masked,no_conv,tp02_L1_m0p15,1.0,-0.15,run1,fold03,0,L1,111,21,23,171,108,28,26,164,7,3
module_masked__no_conv__tp02_L1_m0p15,module_ablation_masked,no_conv,tp02_L1_m0p15,1.0,-0.15,run1,fold03,1,L2/L4/L5 gate,135,29,17,145,110,23,42,151,-6,25
module_masked__no_conv__tp02_L1_m0p15,module_ablation_masked,no_conv,tp02_L1_m0p15,1.0,-0.15,run1,fold03,2,L3,28,2,12,284,35,22,5,264,20,-7
module_masked__no_conv__tp02_L1_m0p15,module_ablation_masked,no_conv,tp02_L1_m0p15,1.0,-0.15,run1,oof_pooled,0,L1,328,73,74,504,327,89,75,488,16,1
module_masked__no_conv__tp02_L1_m0p15,module_ablation_masked,no_conv,tp02_L1_m0p15,1.0,-0.15,run1,oof_pooled,1,L2/L4/L5 gate,387,90,69,433,349,81,107,442,-9,38
module_masked__no_conv__tp02_L1_m0p15,module_ablation_masked,no_conv,tp02_L1_m0p15,1.0,-0.15,run1,oof_pooled,2,L3,88,13,33,845,95,38,26,820,25,-7
module_masked__no_conv__tp02_L1_m0p15,module_ablation_masked,no_conv,tp02_L1_m0p15,1.0,-0.15,run2,fold01,0,L2,21,11,6,34,15,12,12,33,1,6
module_masked__no_conv__tp02_L1_m0p15,module_ablation_masked,no_conv,tp02_L1_m0p15,1.0,-0.15,run2,fold01,1,L4,20,10,11,31,16,7,15,34,-3,4
module_masked__no_conv__tp02_L1_m0p15,module_ablation_masked,no_conv,tp02_L1_m0p15,1.0,-0.15,run2,fold01,2,L5,7,3,7,55,9,13,5,45,10,-2
module_masked__no_conv__tp02_L1_m0p15,module_ablation_masked,no_conv,tp02_L1_m0p15,1.0,-0.15,run2,fold02,0,L2,22,12,4,33,17,12,9,33,0,5
module_masked__no_conv__tp02_L1_m0p15,module_ablation_masked,no_conv,tp02_L1_m0p15,1.0,-0.15,run2,fold02,1,L4,19,9,12,31,13,7,18,33,-2,6
module_masked__no_conv__tp02_L1_m0p15,module_ablation_masked,no_conv,tp02_L1_m0p15,1.0,-0.15,run2,fold02,2,L5,7,2,7,55,10,12,4,45,10,-3
module_masked__no_conv__tp02_L1_m0p15,module_ablation_masked,no_conv,tp02_L1_m0p15,1.0,-0.15,run2,fold03,0,L2,19,13,7,32,21,22,5,23,9,-2
module_masked__no_conv__tp02_L1_m0p15,module_ablation_masked,no_conv,tp02_L1_m0p15,1.0,-0.15,run2,fold03,1,L4,21,10,10,30,13,6,18,34,-4,8
module_masked__no_conv__tp02_L1_m0p15,module_ablation_masked,no_conv,tp02_L1_m0p15,1.0,-0.15,run2,fold03,2,L5,4,4,10,53,4,5,10,52,1,0
module_masked__no_conv__tp02_L1_m0p15,module_ablation_masked,no_conv,tp02_L1_m0p15,1.0,-0.15,run2,oof_pooled,0,L2,62,36,17,99,53,46,26,89,10,9
module_masked__no_conv__tp02_L1_m0p15,module_ablation_masked,no_conv,tp02_L1_m0p15,1.0,-0.15,run2,oof_pooled,1,L4,60,29,33,92,42,20,51,101,-9,18
module_masked__no_conv__tp02_L1_m0p15,module_ablation_masked,no_conv,tp02_L1_m0p15,1.0,-0.15,run2,oof_pooled,2,L5,18,9,24,163,23,30,19,142,21,-5
data_no_lstm__tp02_L1_m0p15,data_ablation_no_module,no_lstm,tp02_L1_m0p15,1.0,-0.15,run1,fold01,0,L1,102,35,32,158,102,35,32,158,0,0
data_no_lstm__tp02_L1_m0p15,data_ablation_no_module,no_lstm,tp02_L1_m0p15,1.0,-0.15,run1,fold01,1,L2/L4/L5 gate,117,40,35,135,117,40,35,135,0,0
data_no_lstm__tp02_L1_m0p15,data_ablation_no_module,no_lstm,tp02_L1_m0p15,1.0,-0.15,run1,fold01,2,L3,27,6,14,280,27,6,14,280,0,0
data_no_lstm__tp02_L1_m0p15,data_ablation_no_module,no_lstm,tp02_L1_m0p15,1.0,-0.15,run1,fold02,0,L1,101,36,33,156,101,37,33,155,1,0
data_no_lstm__tp02_L1_m0p15,data_ablation_no_module,no_lstm,tp02_L1_m0p15,1.0,-0.15,run1,fold02,1,L2/L4/L5 gate,113,37,39,137,112,37,40,137,0,1
data_no_lstm__tp02_L1_m0p15,data_ablation_no_module,no_lstm,tp02_L1_m0p15,1.0,-0.15,run1,fold02,2,L3,28,11,12,275,28,11,12,275,0,0
data_no_lstm__tp02_L1_m0p15,data_ablation_no_module,no_lstm,tp02_L1_m0p15,1.0,-0.15,run1,fold03,0,L1,104,28,30,164,104,28,30,164,0,0
data_no_lstm__tp02_L1_m0p15,data_ablation_no_module,no_lstm,tp02_L1_m0p15,1.0,-0.15,run1,fold03,1,L2/L4/L5 gate,120,30,32,144,120,30,32,144,0,0
data_no_lstm__tp02_L1_m0p15,data_ablation_no_module,no_lstm,tp02_L1_m0p15,1.0,-0.15,run1,fold03,2,L3,30,14,10,272,30,14,10,272,0,0
data_no_lstm__tp02_L1_m0p15,data_ablation_no_module,no_lstm,tp02_L1_m0p15,1.0,-0.15,run1,oof_pooled,0,L1,307,99,95,478,307,100,95,477,1,0
data_no_lstm__tp02_L1_m0p15,data_ablation_no_module,no_lstm,tp02_L1_m0p15,1.0,-0.15,run1,oof_pooled,1,L2/L4/L5 gate,350,107,106,416,349,107,107,416,0,1
data_no_lstm__tp02_L1_m0p15,data_ablation_no_module,no_lstm,tp02_L1_m0p15,1.0,-0.15,run1,oof_pooled,2,L3,85,31,36,827,85,31,36,827,0,0
data_no_lstm__tp02_L1_m0p15,data_ablation_no_module,no_lstm,tp02_L1_m0p15,1.0,-0.15,run2,fold01,0,L2,16,2,11,43,16,2,11,43,0,0
data_no_lstm__tp02_L1_m0p15,data_ablation_no_module,no_lstm,tp02_L1_m0p15,1.0,-0.15,run2,fold01,1,L4,21,11,10,30,21,11,10,30,0,0
data_no_lstm__tp02_L1_m0p15,data_ablation_no_module,no_lstm,tp02_L1_m0p15,1.0,-0.15,run2,fold01,2,L5,9,13,5,45,9,13,5,45,0,0
data_no_lstm__tp02_L1_m0p15,data_ablation_no_module,no_lstm,tp02_L1_m0p15,1.0,-0.15,run2,fold02,0,L2,14,11,12,34,14,10,12,35,-1,0
data_no_lstm__tp02_L1_m0p15,data_ablation_no_module,no_lstm,tp02_L1_m0p15,1.0,-0.15,run2,fold02,1,L4,20,17,11,23,21,18,10,22,1,-1
data_no_lstm__tp02_L1_m0p15,data_ablation_no_module,no_lstm,tp02_L1_m0p15,1.0,-0.15,run2,fold02,2,L5,6,3,8,54,5,3,9,54,0,1
data_no_lstm__tp02_L1_m0p15,data_ablation_no_module,no_lstm,tp02_L1_m0p15,1.0,-0.15,run2,fold03,0,L2,20,10,6,35,20,10,6,35,0,0
data_no_lstm__tp02_L1_m0p15,data_ablation_no_module,no_lstm,tp02_L1_m0p15,1.0,-0.15,run2,fold03,1,L4,22,6,9,34,22,6,9,34,0,0
data_no_lstm__tp02_L1_m0p15,data_ablation_no_module,no_lstm,tp02_L1_m0p15,1.0,-0.15,run2,fold03,2,L5,6,7,8,50,6,7,8,50,0,0
data_no_lstm__tp02_L1_m0p15,data_ablation_no_module,no_lstm,tp02_L1_m0p15,1.0,-0.15,run2,oof_pooled,0,L2,50,23,29,112,50,22,29,113,-1,0
data_no_lstm__tp02_L1_m0p15,data_ablation_no_module,no_lstm,tp02_L1_m0p15,1.0,-0.15,run2,oof_pooled,1,L4,63,34,30,87,64,35,29,86,1,-1
data_no_lstm__tp02_L1_m0p15,data_ablation_no_module,no_lstm,tp02_L1_m0p15,1.0,-0.15,run2,oof_pooled,2,L5,21,23,21,149,20,23,22,149,0,1
module_masked__no_lstm__tp02_L1_m0p15,module_ablation_masked,no_lstm,tp02_L1_m0p15,1.0,-0.15,run1,fold01,0,L1,112,30,22,163,102,35,32,158,5,10
module_masked__no_lstm__tp02_L1_m0p15,module_ablation_masked,no_lstm,tp02_L1_m0p15,1.0,-0.15,run1,fold01,1,L2/L4/L5 gate,125,30,27,145,117,40,35,135,10,8
module_masked__no_lstm__tp02_L1_m0p15,module_ablation_masked,no_lstm,tp02_L1_m0p15,1.0,-0.15,run1,fold01,2,L3,26,4,15,282,27,6,14,280,2,-1
module_masked__no_lstm__tp02_L1_m0p15,module_ablation_masked,no_lstm,tp02_L1_m0p15,1.0,-0.15,run1,fold02,0,L1,105,22,29,170,101,37,33,155,15,4
module_masked__no_lstm__tp02_L1_m0p15,module_ablation_masked,no_lstm,tp02_L1_m0p15,1.0,-0.15,run1,fold02,1,L2/L4/L5 gate,127,31,25,143,112,37,40,137,6,15
module_masked__no_lstm__tp02_L1_m0p15,module_ablation_masked,no_lstm,tp02_L1_m0p15,1.0,-0.15,run1,fold02,2,L3,34,7,6,279,28,11,12,275,4,6
module_masked__no_lstm__tp02_L1_m0p15,module_ablation_masked,no_lstm,tp02_L1_m0p15,1.0,-0.15,run1,fold03,0,L1,111,21,23,171,104,28,30,164,7,7
module_masked__no_lstm__tp02_L1_m0p15,module_ablation_masked,no_lstm,tp02_L1_m0p15,1.0,-0.15,run1,fold03,1,L2/L4/L5 gate,135,29,17,145,120,30,32,144,1,15
module_masked__no_lstm__tp02_L1_m0p15,module_ablation_masked,no_lstm,tp02_L1_m0p15,1.0,-0.15,run1,fold03,2,L3,28,2,12,284,30,14,10,272,12,-2
module_masked__no_lstm__tp02_L1_m0p15,module_ablation_masked,no_lstm,tp02_L1_m0p15,1.0,-0.15,run1,oof_pooled,0,L1,328,73,74,504,307,100,95,477,27,21
module_masked__no_lstm__tp02_L1_m0p15,module_ablation_masked,no_lstm,tp02_L1_m0p15,1.0,-0.15,run1,oof_pooled,1,L2/L4/L5 gate,387,90,69,433,349,107,107,416,17,38
module_masked__no_lstm__tp02_L1_m0p15,module_ablation_masked,no_lstm,tp02_L1_m0p15,1.0,-0.15,run1,oof_pooled,2,L3,88,13,33,845,85,31,36,827,18,3
module_masked__no_lstm__tp02_L1_m0p15,module_ablation_masked,no_lstm,tp02_L1_m0p15,1.0,-0.15,run2,fold01,0,L2,21,11,6,34,16,2,11,43,-9,5
module_masked__no_lstm__tp02_L1_m0p15,module_ablation_masked,no_lstm,tp02_L1_m0p15,1.0,-0.15,run2,fold01,1,L4,20,10,11,31,21,11,10,30,1,-1
module_masked__no_lstm__tp02_L1_m0p15,module_ablation_masked,no_lstm,tp02_L1_m0p15,1.0,-0.15,run2,fold01,2,L5,7,3,7,55,9,13,5,45,10,-2
module_masked__no_lstm__tp02_L1_m0p15,module_ablation_masked,no_lstm,tp02_L1_m0p15,1.0,-0.15,run2,fold02,0,L2,22,12,4,33,14,10,12,35,-2,8
module_masked__no_lstm__tp02_L1_m0p15,module_ablation_masked,no_lstm,tp02_L1_m0p15,1.0,-0.15,run2,fold02,1,L4,19,9,12,31,21,18,10,22,9,-2
module_masked__no_lstm__tp02_L1_m0p15,module_ablation_masked,no_lstm,tp02_L1_m0p15,1.0,-0.15,run2,fold02,2,L5,7,2,7,55,5,3,9,54,1,2
module_masked__no_lstm__tp02_L1_m0p15,module_ablation_masked,no_lstm,tp02_L1_m0p15,1.0,-0.15,run2,fold03,0,L2,19,13,7,32,20,10,6,35,-3,-1
module_masked__no_lstm__tp02_L1_m0p15,module_ablation_masked,no_lstm,tp02_L1_m0p15,1.0,-0.15,run2,fold03,1,L4,21,10,10,30,22,6,9,34,-4,-1
module_masked__no_lstm__tp02_L1_m0p15,module_ablation_masked,no_lstm,tp02_L1_m0p15,1.0,-0.15,run2,fold03,2,L5,4,4,10,53,6,7,8,50,3,-2
module_masked__no_lstm__tp02_L1_m0p15,module_ablation_masked,no_lstm,tp02_L1_m0p15,1.0,-0.15,run2,oof_pooled,0,L2,62,36,17,99,50,22,29,113,-14,12
module_masked__no_lstm__tp02_L1_m0p15,module_ablation_masked,no_lstm,tp02_L1_m0p15,1.0,-0.15,run2,oof_pooled,1,L4,60,29,33,92,64,35,29,86,6,-4
module_masked__no_lstm__tp02_L1_m0p15,module_ablation_masked,no_lstm,tp02_L1_m0p15,1.0,-0.15,run2,oof_pooled,2,L5,18,9,24,163,20,23,22,149,14,-2
data_no_attention__tp02_L1_m0p15,data_ablation_no_module,no_attention,tp02_L1_m0p15,1.0,-0.15,run1,fold01,0,L1,113,29,21,164,113,29,21,164,0,0
data_no_attention__tp02_L1_m0p15,data_ablation_no_module,no_attention,tp02_L1_m0p15,1.0,-0.15,run1,fold01,1,L2/L4/L5 gate,125,28,27,147,125,28,27,147,0,0
data_no_attention__tp02_L1_m0p15,data_ablation_no_module,no_attention,tp02_L1_m0p15,1.0,-0.15,run1,fold01,2,L3,30,2,11,284,30,2,11,284,0,0
data_no_attention__tp02_L1_m0p15,data_ablation_no_module,no_attention,tp02_L1_m0p15,1.0,-0.15,run1,fold02,0,L1,107,21,27,171,107,21,27,171,0,0
data_no_attention__tp02_L1_m0p15,data_ablation_no_module,no_attention,tp02_L1_m0p15,1.0,-0.15,run1,fold02,1,L2/L4/L5 gate,131,31,21,143,131,31,21,143,0,0
data_no_attention__tp02_L1_m0p15,data_ablation_no_module,no_attention,tp02_L1_m0p15,1.0,-0.15,run1,fold02,2,L3,29,7,11,279,29,7,11,279,0,0
data_no_attention__tp02_L1_m0p15,data_ablation_no_module,no_attention,tp02_L1_m0p15,1.0,-0.15,run1,fold03,0,L1,113,20,21,172,113,20,21,172,0,0
data_no_attention__tp02_L1_m0p15,data_ablation_no_module,no_attention,tp02_L1_m0p15,1.0,-0.15,run1,fold03,1,L2/L4/L5 gate,129,23,23,151,129,23,23,151,0,0
data_no_attention__tp02_L1_m0p15,data_ablation_no_module,no_attention,tp02_L1_m0p15,1.0,-0.15,run1,fold03,2,L3,33,8,7,278,33,8,7,278,0,0
data_no_attention__tp02_L1_m0p15,data_ablation_no_module,no_attention,tp02_L1_m0p15,1.0,-0.15,run1,oof_pooled,0,L1,333,70,69,507,333,70,69,507,0,0
data_no_attention__tp02_L1_m0p15,data_ablation_no_module,no_attention,tp02_L1_m0p15,1.0,-0.15,run1,oof_pooled,1,L2/L4/L5 gate,385,82,71,441,385,82,71,441,0,0
data_no_attention__tp02_L1_m0p15,data_ablation_no_module,no_attention,tp02_L1_m0p15,1.0,-0.15,run1,oof_pooled,2,L3,92,17,29,841,92,17,29,841,0,0
data_no_attention__tp02_L1_m0p15,data_ablation_no_module,no_attention,tp02_L1_m0p15,1.0,-0.15,run2,fold01,0,L2,15,6,12,39,14,8,13,37,2,1
data_no_attention__tp02_L1_m0p15,data_ablation_no_module,no_attention,tp02_L1_m0p15,1.0,-0.15,run2,fold01,1,L4,21,16,10,25,19,16,12,25,0,2
data_no_attention__tp02_L1_m0p15,data_ablation_no_module,no_attention,tp02_L1_m0p15,1.0,-0.15,run2,fold01,2,L5,6,8,8,50,6,9,8,49,1,0
data_no_attention__tp02_L1_m0p15,data_ablation_no_module,no_attention,tp02_L1_m0p15,1.0,-0.15,run2,fold02,0,L2,16,8,10,37,15,8,11,37,0,1
data_no_attention__tp02_L1_m0p15,data_ablation_no_module,no_attention,tp02_L1_m0p15,1.0,-0.15,run2,fold02,1,L4,16,6,15,34,17,8,14,32,2,-1
data_no_attention__tp02_L1_m0p15,data_ablation_no_module,no_attention,tp02_L1_m0p15,1.0,-0.15,run2,fold02,2,L5,13,12,1,45,12,11,2,46,-1,1
data_no_attention__tp02_L1_m0p15,data_ablation_no_module,no_attention,tp02_L1_m0p15,1.0,-0.15,run2,fold03,0,L2,17,10,9,35,16,9,10,36,-1,1
data_no_attention__tp02_L1_m0p15,data_ablation_no_module,no_attention,tp02_L1_m0p15,1.0,-0.15,run2,fold03,1,L4,19,13,12,27,20,13,11,27,0,-1
data_no_attention__tp02_L1_m0p15,data_ablation_no_module,no_attention,tp02_L1_m0p15,1.0,-0.15,run2,fold03,2,L5,4,8,10,49,4,9,10,48,1,0
data_no_attention__tp02_L1_m0p15,data_ablation_no_module,no_attention,tp02_L1_m0p15,1.0,-0.15,run2,oof_pooled,0,L2,48,24,31,111,45,25,34,110,1,3
data_no_attention__tp02_L1_m0p15,data_ablation_no_module,no_attention,tp02_L1_m0p15,1.0,-0.15,run2,oof_pooled,1,L4,56,35,37,86,56,37,37,84,2,0
data_no_attention__tp02_L1_m0p15,data_ablation_no_module,no_attention,tp02_L1_m0p15,1.0,-0.15,run2,oof_pooled,2,L5,23,28,19,144,22,29,20,143,1,1
module_masked__no_attention__tp02_L1_m0p15,module_ablation_masked,no_attention,tp02_L1_m0p15,1.0,-0.15,run1,fold01,0,L1,112,30,22,163,113,29,21,164,-1,-1
module_masked__no_attention__tp02_L1_m0p15,module_ablation_masked,no_attention,tp02_L1_m0p15,1.0,-0.15,run1,fold01,1,L2/L4/L5 gate,125,30,27,145,125,28,27,147,-2,0
module_masked__no_attention__tp02_L1_m0p15,module_ablation_masked,no_attention,tp02_L1_m0p15,1.0,-0.15,run1,fold01,2,L3,26,4,15,282,30,2,11,284,-2,-4
module_masked__no_attention__tp02_L1_m0p15,module_ablation_masked,no_attention,tp02_L1_m0p15,1.0,-0.15,run1,fold02,0,L1,105,22,29,170,107,21,27,171,-1,-2
module_masked__no_attention__tp02_L1_m0p15,module_ablation_masked,no_attention,tp02_L1_m0p15,1.0,-0.15,run1,fold02,1,L2/L4/L5 gate,127,31,25,143,131,31,21,143,0,-4
module_masked__no_attention__tp02_L1_m0p15,module_ablation_masked,no_attention,tp02_L1_m0p15,1.0,-0.15,run1,fold02,2,L3,34,7,6,279,29,7,11,279,0,5
module_masked__no_attention__tp02_L1_m0p15,module_ablation_masked,no_attention,tp02_L1_m0p15,1.0,-0.15,run1,fold03,0,L1,111,21,23,171,113,20,21,172,-1,-2
module_masked__no_attention__tp02_L1_m0p15,module_ablation_masked,no_attention,tp02_L1_m0p15,1.0,-0.15,run1,fold03,1,L2/L4/L5 gate,135,29,17,145,129,23,23,151,-6,6
module_masked__no_attention__tp02_L1_m0p15,module_ablation_masked,no_attention,tp02_L1_m0p15,1.0,-0.15,run1,fold03,2,L3,28,2,12,284,33,8,7,278,6,-5
module_masked__no_attention__tp02_L1_m0p15,module_ablation_masked,no_attention,tp02_L1_m0p15,1.0,-0.15,run1,oof_pooled,0,L1,328,73,74,504,333,70,69,507,-3,-5
module_masked__no_attention__tp02_L1_m0p15,module_ablation_masked,no_attention,tp02_L1_m0p15,1.0,-0.15,run1,oof_pooled,1,L2/L4/L5 gate,387,90,69,433,385,82,71,441,-8,2
module_masked__no_attention__tp02_L1_m0p15,module_ablation_masked,no_attention,tp02_L1_m0p15,1.0,-0.15,run1,oof_pooled,2,L3,88,13,33,845,92,17,29,841,4,-4
module_masked__no_attention__tp02_L1_m0p15,module_ablation_masked,no_attention,tp02_L1_m0p15,1.0,-0.15,run2,fold01,0,L2,21,11,6,34,14,8,13,37,-3,7
module_masked__no_attention__tp02_L1_m0p15,module_ablation_masked,no_attention,tp02_L1_m0p15,1.0,-0.15,run2,fold01,1,L4,20,10,11,31,19,16,12,25,6,1
module_masked__no_attention__tp02_L1_m0p15,module_ablation_masked,no_attention,tp02_L1_m0p15,1.0,-0.15,run2,fold01,2,L5,7,3,7,55,6,9,8,49,6,1
module_masked__no_attention__tp02_L1_m0p15,module_ablation_masked,no_attention,tp02_L1_m0p15,1.0,-0.15,run2,fold02,0,L2,22,12,4,33,15,8,11,37,-4,7
module_masked__no_attention__tp02_L1_m0p15,module_ablation_masked,no_attention,tp02_L1_m0p15,1.0,-0.15,run2,fold02,1,L4,19,9,12,31,17,8,14,32,-1,2
module_masked__no_attention__tp02_L1_m0p15,module_ablation_masked,no_attention,tp02_L1_m0p15,1.0,-0.15,run2,fold02,2,L5,7,2,7,55,12,11,2,46,9,-5
module_masked__no_attention__tp02_L1_m0p15,module_ablation_masked,no_attention,tp02_L1_m0p15,1.0,-0.15,run2,fold03,0,L2,19,13,7,32,16,9,10,36,-4,3
module_masked__no_attention__tp02_L1_m0p15,module_ablation_masked,no_attention,tp02_L1_m0p15,1.0,-0.15,run2,fold03,1,L4,21,10,10,30,20,13,11,27,3,1
module_masked__no_attention__tp02_L1_m0p15,module_ablation_masked,no_attention,tp02_L1_m0p15,1.0,-0.15,run2,fold03,2,L5,4,4,10,53,4,9,10,48,5,0
module_masked__no_attention__tp02_L1_m0p15,module_ablation_masked,no_attention,tp02_L1_m0p15,1.0,-0.15,run2,oof_pooled,0,L2,62,36,17,99,45,25,34,110,-11,17
module_masked__no_attention__tp02_L1_m0p15,module_ablation_masked,no_attention,tp02_L1_m0p15,1.0,-0.15,run2,oof_pooled,1,L4,60,29,33,92,56,37,37,84,8,4
module_masked__no_attention__tp02_L1_m0p15,module_ablation_masked,no_attention,tp02_L1_m0p15,1.0,-0.15,run2,oof_pooled,2,L5,18,9,24,163,22,29,20,143,20,-4
data_full__tp03_L2_m0p57,data_ablation_full,,tp03_L2_m0p57,2.0,-0.57,run1,fold01,0,L1,112,30,22,163,112,42,22,151,12,0
data_full__tp03_L2_m0p57,data_ablation_full,,tp03_L2_m0p57,2.0,-0.57,run1,fold01,1,L2/L4/L5 gate,126,30,26,145,111,30,41,145,0,15
data_full__tp03_L2_m0p57,data_ablation_full,,tp03_L2_m0p57,2.0,-0.57,run1,fold01,2,L3,26,3,15,283,26,6,15,280,3,0
data_full__tp03_L2_m0p57,data_ablation_full,,tp03_L2_m0p57,2.0,-0.57,run1,fold02,0,L1,105,22,29,170,106,25,28,167,3,-1
data_full__tp03_L2_m0p57,data_ablation_full,,tp03_L2_m0p57,2.0,-0.57,run1,fold02,1,L2/L4/L5 gate,127,31,25,143,124,30,28,144,-1,3
data_full__tp03_L2_m0p57,data_ablation_full,,tp03_L2_m0p57,2.0,-0.57,run1,fold02,2,L3,34,7,6,279,34,7,6,279,0,0
data_full__tp03_L2_m0p57,data_ablation_full,,tp03_L2_m0p57,2.0,-0.57,run1,fold03,0,L1,111,21,23,171,111,24,23,168,3,0
data_full__tp03_L2_m0p57,data_ablation_full,,tp03_L2_m0p57,2.0,-0.57,run1,fold03,1,L2/L4/L5 gate,135,29,17,145,131,29,21,145,0,4
data_full__tp03_L2_m0p57,data_ablation_full,,tp03_L2_m0p57,2.0,-0.57,run1,fold03,2,L3,28,2,12,284,28,3,12,283,1,0
data_full__tp03_L2_m0p57,data_ablation_full,,tp03_L2_m0p57,2.0,-0.57,run1,oof_pooled,0,L1,328,73,74,504,329,91,73,486,18,-1
data_full__tp03_L2_m0p57,data_ablation_full,,tp03_L2_m0p57,2.0,-0.57,run1,oof_pooled,1,L2/L4/L5 gate,388,90,68,433,366,89,90,434,-1,22
data_full__tp03_L2_m0p57,data_ablation_full,,tp03_L2_m0p57,2.0,-0.57,run1,oof_pooled,2,L3,88,12,33,846,88,16,33,842,4,0
data_full__tp03_L2_m0p57,data_ablation_full,,tp03_L2_m0p57,2.0,-0.57,run2,fold01,0,L2,22,10,5,35,22,9,5,36,-1,0
data_full__tp03_L2_m0p57,data_ablation_full,,tp03_L2_m0p57,2.0,-0.57,run2,fold01,1,L4,21,8,10,33,21,8,10,33,0,0
data_full__tp03_L2_m0p57,data_ablation_full,,tp03_L2_m0p57,2.0,-0.57,run2,fold01,2,L5,7,4,7,54,7,5,7,53,1,0
data_full__tp03_L2_m0p57,data_ablation_full,,tp03_L2_m0p57,2.0,-0.57,run2,fold02,0,L2,21,12,5,33,21,12,5,33,0,0
data_full__tp03_L2_m0p57,data_ablation_full,,tp03_L2_m0p57,2.0,-0.57,run2,fold02,1,L4,18,9,13,31,18,9,13,31,0,0
data_full__tp03_L2_m0p57,data_ablation_full,,tp03_L2_m0p57,2.0,-0.57,run2,fold02,2,L5,8,3,6,54,8,3,6,54,0,0
data_full__tp03_L2_m0p57,data_ablation_full,,tp03_L2_m0p57,2.0,-0.57,run2,fold03,0,L2,20,11,6,34,20,12,6,33,1,0
data_full__tp03_L2_m0p57,data_ablation_full,,tp03_L2_m0p57,2.0,-0.57,run2,fold03,1,L4,23,10,8,30,23,9,8,31,-1,0
data_full__tp03_L2_m0p57,data_ablation_full,,tp03_L2_m0p57,2.0,-0.57,run2,fold03,2,L5,4,3,10,54,4,3,10,54,0,0
data_full__tp03_L2_m0p57,data_ablation_full,,tp03_L2_m0p57,2.0,-0.57,run2,oof_pooled,0,L2,63,33,16,102,63,33,16,102,0,0
data_full__tp03_L2_m0p57,data_ablation_full,,tp03_L2_m0p57,2.0,-0.57,run2,oof_pooled,1,L4,62,27,31,94,62,26,31,95,-1,0
data_full__tp03_L2_m0p57,data_ablation_full,,tp03_L2_m0p57,2.0,-0.57,run2,oof_pooled,2,L5,19,10,23,162,19,11,23,161,1,0
data_no_conv__tp03_L2_m0p57,data_ablation_no_module,no_conv,tp03_L2_m0p57,2.0,-0.57,run1,fold01,0,L1,109,34,25,159,108,44,26,149,10,1
data_no_conv__tp03_L2_m0p57,data_ablation_no_module,no_conv,tp03_L2_m0p57,2.0,-0.57,run1,fold01,1,L2/L4/L5 gate,120,30,32,145,105,31,47,144,1,15
data_no_conv__tp03_L2_m0p57,data_ablation_no_module,no_conv,tp03_L2_m0p57,2.0,-0.57,run1,fold01,2,L3,30,4,11,282,30,9,11,277,5,0
data_no_conv__tp03_L2_m0p57,data_ablation_no_module,no_conv,tp03_L2_m0p57,2.0,-0.57,run1,fold02,0,L1,110,26,24,166,110,31,24,161,5,0
data_no_conv__tp03_L2_m0p57,data_ablation_no_module,no_conv,tp03_L2_m0p57,2.0,-0.57,run1,fold02,1,L2/L4/L5 gate,121,28,31,146,112,28,40,146,0,9
data_no_conv__tp03_L2_m0p57,data_ablation_no_module,no_conv,tp03_L2_m0p57,2.0,-0.57,run1,fold02,2,L3,30,11,10,275,30,15,10,271,4,0
data_no_conv__tp03_L2_m0p57,data_ablation_no_module,no_conv,tp03_L2_m0p57,2.0,-0.57,run1,fold03,0,L1,108,28,26,164,108,32,26,160,4,0
data_no_conv__tp03_L2_m0p57,data_ablation_no_module,no_conv,tp03_L2_m0p57,2.0,-0.57,run1,fold03,1,L2/L4/L5 gate,110,23,42,151,104,23,48,151,0,6
data_no_conv__tp03_L2_m0p57,data_ablation_no_module,no_conv,tp03_L2_m0p57,2.0,-0.57,run1,fold03,2,L3,35,22,5,264,35,24,5,262,2,0
data_no_conv__tp03_L2_m0p57,data_ablation_no_module,no_conv,tp03_L2_m0p57,2.0,-0.57,run1,oof_pooled,0,L1,327,88,75,489,326,107,76,470,19,1
data_no_conv__tp03_L2_m0p57,data_ablation_no_module,no_conv,tp03_L2_m0p57,2.0,-0.57,run1,oof_pooled,1,L2/L4/L5 gate,351,81,105,442,321,82,135,441,1,30
data_no_conv__tp03_L2_m0p57,data_ablation_no_module,no_conv,tp03_L2_m0p57,2.0,-0.57,run1,oof_pooled,2,L3,95,37,26,821,95,48,26,810,11,0
data_no_conv__tp03_L2_m0p57,data_ablation_no_module,no_conv,tp03_L2_m0p57,2.0,-0.57,run2,fold01,0,L2,15,12,12,33,15,13,12,32,1,0
data_no_conv__tp03_L2_m0p57,data_ablation_no_module,no_conv,tp03_L2_m0p57,2.0,-0.57,run2,fold01,1,L4,16,7,15,34,15,7,16,34,0,1
data_no_conv__tp03_L2_m0p57,data_ablation_no_module,no_conv,tp03_L2_m0p57,2.0,-0.57,run2,fold01,2,L5,9,13,5,45,9,13,5,45,0,0
data_no_conv__tp03_L2_m0p57,data_ablation_no_module,no_conv,tp03_L2_m0p57,2.0,-0.57,run2,fold02,0,L2,17,12,9,33,17,12,9,33,0,0
data_no_conv__tp03_L2_m0p57,data_ablation_no_module,no_conv,tp03_L2_m0p57,2.0,-0.57,run2,fold02,1,L4,12,6,19,34,12,6,19,34,0,0
data_no_conv__tp03_L2_m0p57,data_ablation_no_module,no_conv,tp03_L2_m0p57,2.0,-0.57,run2,fold02,2,L5,11,13,3,44,11,13,3,44,0,0
data_no_conv__tp03_L2_m0p57,data_ablation_no_module,no_conv,tp03_L2_m0p57,2.0,-0.57,run2,fold03,0,L2,21,21,5,24,21,22,5,23,1,0
data_no_conv__tp03_L2_m0p57,data_ablation_no_module,no_conv,tp03_L2_m0p57,2.0,-0.57,run2,fold03,1,L4,14,6,17,34,14,5,17,35,-1,0
data_no_conv__tp03_L2_m0p57,data_ablation_no_module,no_conv,tp03_L2_m0p57,2.0,-0.57,run2,fold03,2,L5,4,5,10,52,4,5,10,52,0,0
data_no_conv__tp03_L2_m0p57,data_ablation_no_module,no_conv,tp03_L2_m0p57,2.0,-0.57,run2,oof_pooled,0,L2,53,45,26,90,53,47,26,88,2,0
data_no_conv__tp03_L2_m0p57,data_ablation_no_module,no_conv,tp03_L2_m0p57,2.0,-0.57,run2,oof_pooled,1,L4,42,19,51,102,41,18,52,103,-1,1
data_no_conv__tp03_L2_m0p57,data_ablation_no_module,no_conv,tp03_L2_m0p57,2.0,-0.57,run2,oof_pooled,2,L5,24,31,18,141,24,31,18,141,0,0
module_masked__no_conv__tp03_L2_m0p57,module_ablation_masked,no_conv,tp03_L2_m0p57,2.0,-0.57,run1,fold01,0,L1,112,42,22,151,108,44,26,149,2,4
module_masked__no_conv__tp03_L2_m0p57,module_ablation_masked,no_conv,tp03_L2_m0p57,2.0,-0.57,run1,fold01,1,L2/L4/L5 gate,111,30,41,145,105,31,47,144,1,6
module_masked__no_conv__tp03_L2_m0p57,module_ablation_masked,no_conv,tp03_L2_m0p57,2.0,-0.57,run1,fold01,2,L3,26,6,15,280,30,9,11,277,3,-4
module_masked__no_conv__tp03_L2_m0p57,module_ablation_masked,no_conv,tp03_L2_m0p57,2.0,-0.57,run1,fold02,0,L1,106,25,28,167,110,31,24,161,6,-4
module_masked__no_conv__tp03_L2_m0p57,module_ablation_masked,no_conv,tp03_L2_m0p57,2.0,-0.57,run1,fold02,1,L2/L4/L5 gate,124,30,28,144,112,28,40,146,-2,12
module_masked__no_conv__tp03_L2_m0p57,module_ablation_masked,no_conv,tp03_L2_m0p57,2.0,-0.57,run1,fold02,2,L3,34,7,6,279,30,15,10,271,8,4
module_masked__no_conv__tp03_L2_m0p57,module_ablation_masked,no_conv,tp03_L2_m0p57,2.0,-0.57,run1,fold03,0,L1,111,24,23,168,108,32,26,160,8,3
module_masked__no_conv__tp03_L2_m0p57,module_ablation_masked,no_conv,tp03_L2_m0p57,2.0,-0.57,run1,fold03,1,L2/L4/L5 gate,131,29,21,145,104,23,48,151,-6,27
module_masked__no_conv__tp03_L2_m0p57,module_ablation_masked,no_conv,tp03_L2_m0p57,2.0,-0.57,run1,fold03,2,L3,28,3,12,283,35,24,5,262,21,-7
module_masked__no_conv__tp03_L2_m0p57,module_ablation_masked,no_conv,tp03_L2_m0p57,2.0,-0.57,run1,oof_pooled,0,L1,329,91,73,486,326,107,76,470,16,3
module_masked__no_conv__tp03_L2_m0p57,module_ablation_masked,no_conv,tp03_L2_m0p57,2.0,-0.57,run1,oof_pooled,1,L2/L4/L5 gate,366,89,90,434,321,82,135,441,-7,45
module_masked__no_conv__tp03_L2_m0p57,module_ablation_masked,no_conv,tp03_L2_m0p57,2.0,-0.57,run1,oof_pooled,2,L3,88,16,33,842,95,48,26,810,32,-7
module_masked__no_conv__tp03_L2_m0p57,module_ablation_masked,no_conv,tp03_L2_m0p57,2.0,-0.57,run2,fold01,0,L2,22,9,5,36,15,13,12,32,4,7
module_masked__no_conv__tp03_L2_m0p57,module_ablation_masked,no_conv,tp03_L2_m0p57,2.0,-0.57,run2,fold01,1,L4,21,8,10,33,15,7,16,34,-1,6
module_masked__no_conv__tp03_L2_m0p57,module_ablation_masked,no_conv,tp03_L2_m0p57,2.0,-0.57,run2,fold01,2,L5,7,5,7,53,9,13,5,45,8,-2
module_masked__no_conv__tp03_L2_m0p57,module_ablation_masked,no_conv,tp03_L2_m0p57,2.0,-0.57,run2,fold02,0,L2,21,12,5,33,17,12,9,33,0,4
module_masked__no_conv__tp03_L2_m0p57,module_ablation_masked,no_conv,tp03_L2_m0p57,2.0,-0.57,run2,fold02,1,L4,18,9,13,31,12,6,19,34,-3,6
module_masked__no_conv__tp03_L2_m0p57,module_ablation_masked,no_conv,tp03_L2_m0p57,2.0,-0.57,run2,fold02,2,L5,8,3,6,54,11,13,3,44,10,-3
module_masked__no_conv__tp03_L2_m0p57,module_ablation_masked,no_conv,tp03_L2_m0p57,2.0,-0.57,run2,fold03,0,L2,20,12,6,33,21,22,5,23,10,-1
module_masked__no_conv__tp03_L2_m0p57,module_ablation_masked,no_conv,tp03_L2_m0p57,2.0,-0.57,run2,fold03,1,L4,23,9,8,31,14,5,17,35,-4,9
module_masked__no_conv__tp03_L2_m0p57,module_ablation_masked,no_conv,tp03_L2_m0p57,2.0,-0.57,run2,fold03,2,L5,4,3,10,54,4,5,10,52,2,0
module_masked__no_conv__tp03_L2_m0p57,module_ablation_masked,no_conv,tp03_L2_m0p57,2.0,-0.57,run2,oof_pooled,0,L2,63,33,16,102,53,47,26,88,14,10
module_masked__no_conv__tp03_L2_m0p57,module_ablation_masked,no_conv,tp03_L2_m0p57,2.0,-0.57,run2,oof_pooled,1,L4,62,26,31,95,41,18,52,103,-8,21
module_masked__no_conv__tp03_L2_m0p57,module_ablation_masked,no_conv,tp03_L2_m0p57,2.0,-0.57,run2,oof_pooled,2,L5,19,11,23,161,24,31,18,141,20,-5
data_no_lstm__tp03_L2_m0p57,data_ablation_no_module,no_lstm,tp03_L2_m0p57,2.0,-0.57,run1,fold01,0,L1,102,35,32,158,103,47,31,146,12,-1
data_no_lstm__tp03_L2_m0p57,data_ablation_no_module,no_lstm,tp03_L2_m0p57,2.0,-0.57,run1,fold01,1,L2/L4/L5 gate,117,40,35,135,97,39,55,136,-1,20
data_no_lstm__tp03_L2_m0p57,data_ablation_no_module,no_lstm,tp03_L2_m0p57,2.0,-0.57,run1,fold01,2,L3,27,6,14,280,27,14,14,272,8,0
data_no_lstm__tp03_L2_m0p57,data_ablation_no_module,no_lstm,tp03_L2_m0p57,2.0,-0.57,run1,fold02,0,L1,101,36,33,156,101,39,33,153,3,0
data_no_lstm__tp03_L2_m0p57,data_ablation_no_module,no_lstm,tp03_L2_m0p57,2.0,-0.57,run1,fold02,1,L2/L4/L5 gate,113,37,39,137,108,37,44,137,0,5
data_no_lstm__tp03_L2_m0p57,data_ablation_no_module,no_lstm,tp03_L2_m0p57,2.0,-0.57,run1,fold02,2,L3,28,11,12,275,28,13,12,273,2,0
data_no_lstm__tp03_L2_m0p57,data_ablation_no_module,no_lstm,tp03_L2_m0p57,2.0,-0.57,run1,fold03,0,L1,104,28,30,164,104,32,30,160,4,0
data_no_lstm__tp03_L2_m0p57,data_ablation_no_module,no_lstm,tp03_L2_m0p57,2.0,-0.57,run1,fold03,1,L2/L4/L5 gate,120,30,32,144,113,30,39,144,0,7
data_no_lstm__tp03_L2_m0p57,data_ablation_no_module,no_lstm,tp03_L2_m0p57,2.0,-0.57,run1,fold03,2,L3,30,14,10,272,30,17,10,269,3,0
data_no_lstm__tp03_L2_m0p57,data_ablation_no_module,no_lstm,tp03_L2_m0p57,2.0,-0.57,run1,oof_pooled,0,L1,307,99,95,478,308,118,94,459,19,-1
data_no_lstm__tp03_L2_m0p57,data_ablation_no_module,no_lstm,tp03_L2_m0p57,2.0,-0.57,run1,oof_pooled,1,L2/L4/L5 gate,350,107,106,416,318,106,138,417,-1,32
data_no_lstm__tp03_L2_m0p57,data_ablation_no_module,no_lstm,tp03_L2_m0p57,2.0,-0.57,run1,oof_pooled,2,L3,85,31,36,827,85,44,36,814,13,0
data_no_lstm__tp03_L2_m0p57,data_ablation_no_module,no_lstm,tp03_L2_m0p57,2.0,-0.57,run2,fold01,0,L2,16,2,11,43,16,1,11,44,-1,0
data_no_lstm__tp03_L2_m0p57,data_ablation_no_module,no_lstm,tp03_L2_m0p57,2.0,-0.57,run2,fold01,1,L4,21,11,10,30,21,11,10,30,0,0
data_no_lstm__tp03_L2_m0p57,data_ablation_no_module,no_lstm,tp03_L2_m0p57,2.0,-0.57,run2,fold01,2,L5,9,13,5,45,9,14,5,44,1,0
data_no_lstm__tp03_L2_m0p57,data_ablation_no_module,no_lstm,tp03_L2_m0p57,2.0,-0.57,run2,fold02,0,L2,14,11,12,34,14,11,12,34,0,0
data_no_lstm__tp03_L2_m0p57,data_ablation_no_module,no_lstm,tp03_L2_m0p57,2.0,-0.57,run2,fold02,1,L4,20,17,11,23,20,18,11,22,1,0
data_no_lstm__tp03_L2_m0p57,data_ablation_no_module,no_lstm,tp03_L2_m0p57,2.0,-0.57,run2,fold02,2,L5,6,3,8,54,5,3,9,54,0,1
data_no_lstm__tp03_L2_m0p57,data_ablation_no_module,no_lstm,tp03_L2_m0p57,2.0,-0.57,run2,fold03,0,L2,20,10,6,35,20,10,6,35,0,0
data_no_lstm__tp03_L2_m0p57,data_ablation_no_module,no_lstm,tp03_L2_m0p57,2.0,-0.57,run2,fold03,1,L4,22,6,9,34,22,6,9,34,0,0
data_no_lstm__tp03_L2_m0p57,data_ablation_no_module,no_lstm,tp03_L2_m0p57,2.0,-0.57,run2,fold03,2,L5,6,7,8,50,6,7,8,50,0,0
data_no_lstm__tp03_L2_m0p57,data_ablation_no_module,no_lstm,tp03_L2_m0p57,2.0,-0.57,run2,oof_pooled,0,L2,50,23,29,112,50,22,29,113,-1,0
data_no_lstm__tp03_L2_m0p57,data_ablation_no_module,no_lstm,tp03_L2_m0p57,2.0,-0.57,run2,oof_pooled,1,L4,63,34,30,87,63,35,30,86,1,0
data_no_lstm__tp03_L2_m0p57,data_ablation_no_module,no_lstm,tp03_L2_m0p57,2.0,-0.57,run2,oof_pooled,2,L5,21,23,21,149,20,24,22,148,1,1
module_masked__no_lstm__tp03_L2_m0p57,module_ablation_masked,no_lstm,tp03_L2_m0p57,2.0,-0.57,run1,fold01,0,L1,112,42,22,151,103,47,31,146,5,9
module_masked__no_lstm__tp03_L2_m0p57,module_ablation_masked,no_lstm,tp03_L2_m0p57,2.0,-0.57,run1,fold01,1,L2/L4/L5 gate,111,30,41,145,97,39,55,136,9,14
module_masked__no_lstm__tp03_L2_m0p57,module_ablation_masked,no_lstm,tp03_L2_m0p57,2.0,-0.57,run1,fold01,2,L3,26,6,15,280,27,14,14,272,8,-1
module_masked__no_lstm__tp03_L2_m0p57,module_ablation_masked,no_lstm,tp03_L2_m0p57,2.0,-0.57,run1,fold02,0,L1,106,25,28,167,101,39,33,153,14,5
module_masked__no_lstm__tp03_L2_m0p57,module_ablation_masked,no_lstm,tp03_L2_m0p57,2.0,-0.57,run1,fold02,1,L2/L4/L5 gate,124,30,28,144,108,37,44,137,7,16
module_masked__no_lstm__tp03_L2_m0p57,module_ablation_masked,no_lstm,tp03_L2_m0p57,2.0,-0.57,run1,fold02,2,L3,34,7,6,279,28,13,12,273,6,6
module_masked__no_lstm__tp03_L2_m0p57,module_ablation_masked,no_lstm,tp03_L2_m0p57,2.0,-0.57,run1,fold03,0,L1,111,24,23,168,104,32,30,160,8,7
module_masked__no_lstm__tp03_L2_m0p57,module_ablation_masked,no_lstm,tp03_L2_m0p57,2.0,-0.57,run1,fold03,1,L2/L4/L5 gate,131,29,21,145,113,30,39,144,1,18
module_masked__no_lstm__tp03_L2_m0p57,module_ablation_masked,no_lstm,tp03_L2_m0p57,2.0,-0.57,run1,fold03,2,L3,28,3,12,283,30,17,10,269,14,-2
module_masked__no_lstm__tp03_L2_m0p57,module_ablation_masked,no_lstm,tp03_L2_m0p57,2.0,-0.57,run1,oof_pooled,0,L1,329,91,73,486,308,118,94,459,27,21
module_masked__no_lstm__tp03_L2_m0p57,module_ablation_masked,no_lstm,tp03_L2_m0p57,2.0,-0.57,run1,oof_pooled,1,L2/L4/L5 gate,366,89,90,434,318,106,138,417,17,48
module_masked__no_lstm__tp03_L2_m0p57,module_ablation_masked,no_lstm,tp03_L2_m0p57,2.0,-0.57,run1,oof_pooled,2,L3,88,16,33,842,85,44,36,814,28,3
module_masked__no_lstm__tp03_L2_m0p57,module_ablation_masked,no_lstm,tp03_L2_m0p57,2.0,-0.57,run2,fold01,0,L2,22,9,5,36,16,1,11,44,-8,6
module_masked__no_lstm__tp03_L2_m0p57,module_ablation_masked,no_lstm,tp03_L2_m0p57,2.0,-0.57,run2,fold01,1,L4,21,8,10,33,21,11,10,30,3,0
module_masked__no_lstm__tp03_L2_m0p57,module_ablation_masked,no_lstm,tp03_L2_m0p57,2.0,-0.57,run2,fold01,2,L5,7,5,7,53,9,14,5,44,9,-2
module_masked__no_lstm__tp03_L2_m0p57,module_ablation_masked,no_lstm,tp03_L2_m0p57,2.0,-0.57,run2,fold02,0,L2,21,12,5,33,14,11,12,34,-1,7
module_masked__no_lstm__tp03_L2_m0p57,module_ablation_masked,no_lstm,tp03_L2_m0p57,2.0,-0.57,run2,fold02,1,L4,18,9,13,31,20,18,11,22,9,-2
module_masked__no_lstm__tp03_L2_m0p57,module_ablation_masked,no_lstm,tp03_L2_m0p57,2.0,-0.57,run2,fold02,2,L5,8,3,6,54,5,3,9,54,0,3
module_masked__no_lstm__tp03_L2_m0p57,module_ablation_masked,no_lstm,tp03_L2_m0p57,2.0,-0.57,run2,fold03,0,L2,20,12,6,33,20,10,6,35,-2,0
module_masked__no_lstm__tp03_L2_m0p57,module_ablation_masked,no_lstm,tp03_L2_m0p57,2.0,-0.57,run2,fold03,1,L4,23,9,8,31,22,6,9,34,-3,1
module_masked__no_lstm__tp03_L2_m0p57,module_ablation_masked,no_lstm,tp03_L2_m0p57,2.0,-0.57,run2,fold03,2,L5,4,3,10,54,6,7,8,50,4,-2
module_masked__no_lstm__tp03_L2_m0p57,module_ablation_masked,no_lstm,tp03_L2_m0p57,2.0,-0.57,run2,oof_pooled,0,L2,63,33,16,102,50,22,29,113,-11,13
module_masked__no_lstm__tp03_L2_m0p57,module_ablation_masked,no_lstm,tp03_L2_m0p57,2.0,-0.57,run2,oof_pooled,1,L4,62,26,31,95,63,35,30,86,9,-1
module_masked__no_lstm__tp03_L2_m0p57,module_ablation_masked,no_lstm,tp03_L2_m0p57,2.0,-0.57,run2,oof_pooled,2,L5,19,11,23,161,20,24,22,148,13,-1
data_no_attention__tp03_L2_m0p57,data_ablation_no_module,no_attention,tp03_L2_m0p57,2.0,-0.57,run1,fold01,0,L1,113,29,21,164,112,34,22,159,5,1
data_no_attention__tp03_L2_m0p57,data_ablation_no_module,no_attention,tp03_L2_m0p57,2.0,-0.57,run1,fold01,1,L2/L4/L5 gate,125,28,27,147,106,29,46,146,1,19
data_no_attention__tp03_L2_m0p57,data_ablation_no_module,no_attention,tp03_L2_m0p57,2.0,-0.57,run1,fold01,2,L3,30,2,11,284,30,16,11,270,14,0
data_no_attention__tp03_L2_m0p57,data_ablation_no_module,no_attention,tp03_L2_m0p57,2.0,-0.57,run1,fold02,0,L1,107,21,27,171,107,28,27,164,7,0
data_no_attention__tp03_L2_m0p57,data_ablation_no_module,no_attention,tp03_L2_m0p57,2.0,-0.57,run1,fold02,1,L2/L4/L5 gate,131,31,21,143,120,31,32,143,0,11
data_no_attention__tp03_L2_m0p57,data_ablation_no_module,no_attention,tp03_L2_m0p57,2.0,-0.57,run1,fold02,2,L3,29,7,11,279,29,11,11,275,4,0
data_no_attention__tp03_L2_m0p57,data_ablation_no_module,no_attention,tp03_L2_m0p57,2.0,-0.57,run1,fold03,0,L1,113,20,21,172,113,30,21,162,10,0
data_no_attention__tp03_L2_m0p57,data_ablation_no_module,no_attention,tp03_L2_m0p57,2.0,-0.57,run1,fold03,1,L2/L4/L5 gate,129,23,23,151,118,23,34,151,0,11
data_no_attention__tp03_L2_m0p57,data_ablation_no_module,no_attention,tp03_L2_m0p57,2.0,-0.57,run1,fold03,2,L3,33,8,7,278,33,9,7,277,1,0
data_no_attention__tp03_L2_m0p57,data_ablation_no_module,no_attention,tp03_L2_m0p57,2.0,-0.57,run1,oof_pooled,0,L1,333,70,69,507,332,92,70,485,22,1
data_no_attention__tp03_L2_m0p57,data_ablation_no_module,no_attention,tp03_L2_m0p57,2.0,-0.57,run1,oof_pooled,1,L2/L4/L5 gate,385,82,71,441,344,83,112,440,1,41
data_no_attention__tp03_L2_m0p57,data_ablation_no_module,no_attention,tp03_L2_m0p57,2.0,-0.57,run1,oof_pooled,2,L3,92,17,29,841,92,36,29,822,19,0
data_no_attention__tp03_L2_m0p57,data_ablation_no_module,no_attention,tp03_L2_m0p57,2.0,-0.57,run2,fold01,0,L2,15,6,12,39,15,6,12,39,0,0
data_no_attention__tp03_L2_m0p57,data_ablation_no_module,no_attention,tp03_L2_m0p57,2.0,-0.57,run2,fold01,1,L4,21,16,10,25,22,16,9,25,0,-1
data_no_attention__tp03_L2_m0p57,data_ablation_no_module,no_attention,tp03_L2_m0p57,2.0,-0.57,run2,fold01,2,L5,6,8,8,50,6,7,8,51,-1,0
data_no_attention__tp03_L2_m0p57,data_ablation_no_module,no_attention,tp03_L2_m0p57,2.0,-0.57,run2,fold02,0,L2,16,8,10,37,16,8,10,37,0,0
data_no_attention__tp03_L2_m0p57,data_ablation_no_module,no_attention,tp03_L2_m0p57,2.0,-0.57,run2,fold02,1,L4,16,6,15,34,16,7,15,33,1,0
data_no_attention__tp03_L2_m0p57,data_ablation_no_module,no_attention,tp03_L2_m0p57,2.0,-0.57,run2,fold02,2,L5,13,12,1,45,12,12,2,45,0,1
data_no_attention__tp03_L2_m0p57,data_ablation_no_module,no_attention,tp03_L2_m0p57,2.0,-0.57,run2,fold03,0,L2,17,10,9,35,17,10,9,35,0,0
data_no_attention__tp03_L2_m0p57,data_ablation_no_module,no_attention,tp03_L2_m0p57,2.0,-0.57,run2,fold03,1,L4,19,13,12,27,19,13,12,27,0,0
data_no_attention__tp03_L2_m0p57,data_ablation_no_module,no_attention,tp03_L2_m0p57,2.0,-0.57,run2,fold03,2,L5,4,8,10,49,4,8,10,49,0,0
data_no_attention__tp03_L2_m0p57,data_ablation_no_module,no_attention,tp03_L2_m0p57,2.0,-0.57,run2,oof_pooled,0,L2,48,24,31,111,48,24,31,111,0,0
data_no_attention__tp03_L2_m0p57,data_ablation_no_module,no_attention,tp03_L2_m0p57,2.0,-0.57,run2,oof_pooled,1,L4,56,35,37,86,57,36,36,85,1,-1
data_no_attention__tp03_L2_m0p57,data_ablation_no_module,no_attention,tp03_L2_m0p57,2.0,-0.57,run2,oof_pooled,2,L5,23,28,19,144,22,27,20,145,-1,1
module_masked__no_attention__tp03_L2_m0p57,module_ablation_masked,no_attention,tp03_L2_m0p57,2.0,-0.57,run1,fold01,0,L1,112,42,22,151,112,34,22,159,-8,0
module_masked__no_attention__tp03_L2_m0p57,module_ablation_masked,no_attention,tp03_L2_m0p57,2.0,-0.57,run1,fold01,1,L2/L4/L5 gate,111,30,41,145,106,29,46,146,-1,5
module_masked__no_attention__tp03_L2_m0p57,module_ablation_masked,no_attention,tp03_L2_m0p57,2.0,-0.57,run1,fold01,2,L3,26,6,15,280,30,16,11,270,10,-4
module_masked__no_attention__tp03_L2_m0p57,module_ablation_masked,no_attention,tp03_L2_m0p57,2.0,-0.57,run1,fold02,0,L1,106,25,28,167,107,28,27,164,3,-1
module_masked__no_attention__tp03_L2_m0p57,module_ablation_masked,no_attention,tp03_L2_m0p57,2.0,-0.57,run1,fold02,1,L2/L4/L5 gate,124,30,28,144,120,31,32,143,1,4
module_masked__no_attention__tp03_L2_m0p57,module_ablation_masked,no_attention,tp03_L2_m0p57,2.0,-0.57,run1,fold02,2,L3,34,7,6,279,29,11,11,275,4,5
module_masked__no_attention__tp03_L2_m0p57,module_ablation_masked,no_attention,tp03_L2_m0p57,2.0,-0.57,run1,fold03,0,L1,111,24,23,168,113,30,21,162,6,-2
module_masked__no_attention__tp03_L2_m0p57,module_ablation_masked,no_attention,tp03_L2_m0p57,2.0,-0.57,run1,fold03,1,L2/L4/L5 gate,131,29,21,145,118,23,34,151,-6,13
module_masked__no_attention__tp03_L2_m0p57,module_ablation_masked,no_attention,tp03_L2_m0p57,2.0,-0.57,run1,fold03,2,L3,28,3,12,283,33,9,7,277,6,-5
module_masked__no_attention__tp03_L2_m0p57,module_ablation_masked,no_attention,tp03_L2_m0p57,2.0,-0.57,run1,oof_pooled,0,L1,329,91,73,486,332,92,70,485,1,-3
module_masked__no_attention__tp03_L2_m0p57,module_ablation_masked,no_attention,tp03_L2_m0p57,2.0,-0.57,run1,oof_pooled,1,L2/L4/L5 gate,366,89,90,434,344,83,112,440,-6,22
module_masked__no_attention__tp03_L2_m0p57,module_ablation_masked,no_attention,tp03_L2_m0p57,2.0,-0.57,run1,oof_pooled,2,L3,88,16,33,842,92,36,29,822,20,-4
module_masked__no_attention__tp03_L2_m0p57,module_ablation_masked,no_attention,tp03_L2_m0p57,2.0,-0.57,run2,fold01,0,L2,22,9,5,36,15,6,12,39,-3,7
module_masked__no_attention__tp03_L2_m0p57,module_ablation_masked,no_attention,tp03_L2_m0p57,2.0,-0.57,run2,fold01,1,L4,21,8,10,33,22,16,9,25,8,-1
module_masked__no_attention__tp03_L2_m0p57,module_ablation_masked,no_attention,tp03_L2_m0p57,2.0,-0.57,run2,fold01,2,L5,7,5,7,53,6,7,8,51,2,1
module_masked__no_attention__tp03_L2_m0p57,module_ablation_masked,no_attention,tp03_L2_m0p57,2.0,-0.57,run2,fold02,0,L2,21,12,5,33,16,8,10,37,-4,5
module_masked__no_attention__tp03_L2_m0p57,module_ablation_masked,no_attention,tp03_L2_m0p57,2.0,-0.57,run2,fold02,1,L4,18,9,13,31,16,7,15,33,-2,2
module_masked__no_attention__tp03_L2_m0p57,module_ablation_masked,no_attention,tp03_L2_m0p57,2.0,-0.57,run2,fold02,2,L5,8,3,6,54,12,12,2,45,9,-4
module_masked__no_attention__tp03_L2_m0p57,module_ablation_masked,no_attention,tp03_L2_m0p57,2.0,-0.57,run2,fold03,0,L2,20,12,6,33,17,10,9,35,-2,3
module_masked__no_attention__tp03_L2_m0p57,module_ablation_masked,no_attention,tp03_L2_m0p57,2.0,-0.57,run2,fold03,1,L4,23,9,8,31,19,13,12,27,4,4
module_masked__no_attention__tp03_L2_m0p57,module_ablation_masked,no_attention,tp03_L2_m0p57,2.0,-0.57,run2,fold03,2,L5,4,3,10,54,4,8,10,49,5,0
module_masked__no_attention__tp03_L2_m0p57,module_ablation_masked,no_attention,tp03_L2_m0p57,2.0,-0.57,run2,oof_pooled,0,L2,63,33,16,102,48,24,31,111,-9,15
module_masked__no_attention__tp03_L2_m0p57,module_ablation_masked,no_attention,tp03_L2_m0p57,2.0,-0.57,run2,oof_pooled,1,L4,62,26,31,95,57,36,36,85,10,5
module_masked__no_attention__tp03_L2_m0p57,module_ablation_masked,no_attention,tp03_L2_m0p57,2.0,-0.57,run2,oof_pooled,2,L5,19,11,23,161,22,27,20,145,16,-3
data_full__tp04_L2_m0p39,data_ablation_full,,tp04_L2_m0p39,2.0,-0.39,run1,fold01,0,L1,112,30,22,163,112,42,22,151,12,0
data_full__tp04_L2_m0p39,data_ablation_full,,tp04_L2_m0p39,2.0,-0.39,run1,fold01,1,L2/L4/L5 gate,126,30,26,145,111,30,41,145,0,15
data_full__tp04_L2_m0p39,data_ablation_full,,tp04_L2_m0p39,2.0,-0.39,run1,fold01,2,L3,26,3,15,283,26,6,15,280,3,0
data_full__tp04_L2_m0p39,data_ablation_full,,tp04_L2_m0p39,2.0,-0.39,run1,fold02,0,L1,105,22,29,170,106,27,28,165,5,-1
data_full__tp04_L2_m0p39,data_ablation_full,,tp04_L2_m0p39,2.0,-0.39,run1,fold02,1,L2/L4/L5 gate,127,31,25,143,121,30,31,144,-1,6
data_full__tp04_L2_m0p39,data_ablation_full,,tp04_L2_m0p39,2.0,-0.39,run1,fold02,2,L3,34,7,6,279,34,8,6,278,1,0
data_full__tp04_L2_m0p39,data_ablation_full,,tp04_L2_m0p39,2.0,-0.39,run1,fold03,0,L1,111,21,23,171,111,25,23,167,4,0
data_full__tp04_L2_m0p39,data_ablation_full,,tp04_L2_m0p39,2.0,-0.39,run1,fold03,1,L2/L4/L5 gate,135,29,17,145,130,29,22,145,0,5
data_full__tp04_L2_m0p39,data_ablation_full,,tp04_L2_m0p39,2.0,-0.39,run1,fold03,2,L3,28,2,12,284,28,3,12,283,1,0
data_full__tp04_L2_m0p39,data_ablation_full,,tp04_L2_m0p39,2.0,-0.39,run1,oof_pooled,0,L1,328,73,74,504,329,94,73,483,21,-1
data_full__tp04_L2_m0p39,data_ablation_full,,tp04_L2_m0p39,2.0,-0.39,run1,oof_pooled,1,L2/L4/L5 gate,388,90,68,433,362,89,94,434,-1,26
data_full__tp04_L2_m0p39,data_ablation_full,,tp04_L2_m0p39,2.0,-0.39,run1,oof_pooled,2,L3,88,12,33,846,88,17,33,841,5,0
data_full__tp04_L2_m0p39,data_ablation_full,,tp04_L2_m0p39,2.0,-0.39,run2,fold01,0,L2,22,10,5,35,22,9,5,36,-1,0
data_full__tp04_L2_m0p39,data_ablation_full,,tp04_L2_m0p39,2.0,-0.39,run2,fold01,1,L4,21,8,10,33,21,8,10,33,0,0
data_full__tp04_L2_m0p39,data_ablation_full,,tp04_L2_m0p39,2.0,-0.39,run2,fold01,2,L5,7,4,7,54,7,5,7,53,1,0
data_full__tp04_L2_m0p39,data_ablation_full,,tp04_L2_m0p39,2.0,-0.39,run2,fold02,0,L2,21,12,5,33,21,12,5,33,0,0
data_full__tp04_L2_m0p39,data_ablation_full,,tp04_L2_m0p39,2.0,-0.39,run2,fold02,1,L4,18,9,13,31,18,9,13,31,0,0
data_full__tp04_L2_m0p39,data_ablation_full,,tp04_L2_m0p39,2.0,-0.39,run2,fold02,2,L5,8,3,6,54,8,3,6,54,0,0
data_full__tp04_L2_m0p39,data_ablation_full,,tp04_L2_m0p39,2.0,-0.39,run2,fold03,0,L2,20,11,6,34,20,12,6,33,1,0
data_full__tp04_L2_m0p39,data_ablation_full,,tp04_L2_m0p39,2.0,-0.39,run2,fold03,1,L4,23,10,8,30,23,9,8,31,-1,0
data_full__tp04_L2_m0p39,data_ablation_full,,tp04_L2_m0p39,2.0,-0.39,run2,fold03,2,L5,4,3,10,54,4,3,10,54,0,0
data_full__tp04_L2_m0p39,data_ablation_full,,tp04_L2_m0p39,2.0,-0.39,run2,oof_pooled,0,L2,63,33,16,102,63,33,16,102,0,0
data_full__tp04_L2_m0p39,data_ablation_full,,tp04_L2_m0p39,2.0,-0.39,run2,oof_pooled,1,L4,62,27,31,94,62,26,31,95,-1,0
data_full__tp04_L2_m0p39,data_ablation_full,,tp04_L2_m0p39,2.0,-0.39,run2,oof_pooled,2,L5,19,10,23,162,19,11,23,161,1,0
data_no_conv__tp04_L2_m0p39,data_ablation_no_module,no_conv,tp04_L2_m0p39,2.0,-0.39,run1,fold01,0,L1,109,34,25,159,108,45,26,148,11,1
data_no_conv__tp04_L2_m0p39,data_ablation_no_module,no_conv,tp04_L2_m0p39,2.0,-0.39,run1,fold01,1,L2/L4/L5 gate,120,30,32,145,105,31,47,144,1,15
data_no_conv__tp04_L2_m0p39,data_ablation_no_module,no_conv,tp04_L2_m0p39,2.0,-0.39,run1,fold01,2,L3,30,4,11,282,30,8,11,278,4,0
data_no_conv__tp04_L2_m0p39,data_ablation_no_module,no_conv,tp04_L2_m0p39,2.0,-0.39,run1,fold02,0,L1,110,26,24,166,110,31,24,161,5,0
data_no_conv__tp04_L2_m0p39,data_ablation_no_module,no_conv,tp04_L2_m0p39,2.0,-0.39,run1,fold02,1,L2/L4/L5 gate,121,28,31,146,112,28,40,146,0,9
data_no_conv__tp04_L2_m0p39,data_ablation_no_module,no_conv,tp04_L2_m0p39,2.0,-0.39,run1,fold02,2,L3,30,11,10,275,30,15,10,271,4,0
data_no_conv__tp04_L2_m0p39,data_ablation_no_module,no_conv,tp04_L2_m0p39,2.0,-0.39,run1,fold03,0,L1,108,28,26,164,108,32,26,160,4,0
data_no_conv__tp04_L2_m0p39,data_ablation_no_module,no_conv,tp04_L2_m0p39,2.0,-0.39,run1,fold03,1,L2/L4/L5 gate,110,23,42,151,104,23,48,151,0,6
data_no_conv__tp04_L2_m0p39,data_ablation_no_module,no_conv,tp04_L2_m0p39,2.0,-0.39,run1,fold03,2,L3,35,22,5,264,35,24,5,262,2,0
data_no_conv__tp04_L2_m0p39,data_ablation_no_module,no_conv,tp04_L2_m0p39,2.0,-0.39,run1,oof_pooled,0,L1,327,88,75,489,326,108,76,469,20,1
data_no_conv__tp04_L2_m0p39,data_ablation_no_module,no_conv,tp04_L2_m0p39,2.0,-0.39,run1,oof_pooled,1,L2/L4/L5 gate,351,81,105,442,321,82,135,441,1,30
data_no_conv__tp04_L2_m0p39,data_ablation_no_module,no_conv,tp04_L2_m0p39,2.0,-0.39,run1,oof_pooled,2,L3,95,37,26,821,95,47,26,811,10,0
data_no_conv__tp04_L2_m0p39,data_ablation_no_module,no_conv,tp04_L2_m0p39,2.0,-0.39,run2,fold01,0,L2,15,12,12,33,15,12,12,33,0,0
data_no_conv__tp04_L2_m0p39,data_ablation_no_module,no_conv,tp04_L2_m0p39,2.0,-0.39,run2,fold01,1,L4,16,7,15,34,16,7,15,34,0,0
data_no_conv__tp04_L2_m0p39,data_ablation_no_module,no_conv,tp04_L2_m0p39,2.0,-0.39,run2,fold01,2,L5,9,13,5,45,9,13,5,45,0,0
data_no_conv__tp04_L2_m0p39,data_ablation_no_module,no_conv,tp04_L2_m0p39,2.0,-0.39,run2,fold02,0,L2,17,12,9,33,17,12,9,33,0,0
data_no_conv__tp04_L2_m0p39,data_ablation_no_module,no_conv,tp04_L2_m0p39,2.0,-0.39,run2,fold02,1,L4,12,6,19,34,12,6,19,34,0,0
data_no_conv__tp04_L2_m0p39,data_ablation_no_module,no_conv,tp04_L2_m0p39,2.0,-0.39,run2,fold02,2,L5,11,13,3,44,11,13,3,44,0,0
data_no_conv__tp04_L2_m0p39,data_ablation_no_module,no_conv,tp04_L2_m0p39,2.0,-0.39,run2,fold03,0,L2,21,21,5,24,21,22,5,23,1,0
data_no_conv__tp04_L2_m0p39,data_ablation_no_module,no_conv,tp04_L2_m0p39,2.0,-0.39,run2,fold03,1,L4,14,6,17,34,14,5,17,35,-1,0
data_no_conv__tp04_L2_m0p39,data_ablation_no_module,no_conv,tp04_L2_m0p39,2.0,-0.39,run2,fold03,2,L5,4,5,10,52,4,5,10,52,0,0
data_no_conv__tp04_L2_m0p39,data_ablation_no_module,no_conv,tp04_L2_m0p39,2.0,-0.39,run2,oof_pooled,0,L2,53,45,26,90,53,46,26,89,1,0
data_no_conv__tp04_L2_m0p39,data_ablation_no_module,no_conv,tp04_L2_m0p39,2.0,-0.39,run2,oof_pooled,1,L4,42,19,51,102,42,18,51,103,-1,0
data_no_conv__tp04_L2_m0p39,data_ablation_no_module,no_conv,tp04_L2_m0p39,2.0,-0.39,run2,oof_pooled,2,L5,24,31,18,141,24,31,18,141,0,0
module_masked__no_conv__tp04_L2_m0p39,module_ablation_masked,no_conv,tp04_L2_m0p39,2.0,-0.39,run1,fold01,0,L1,112,42,22,151,108,45,26,148,3,4
module_masked__no_conv__tp04_L2_m0p39,module_ablation_masked,no_conv,tp04_L2_m0p39,2.0,-0.39,run1,fold01,1,L2/L4/L5 gate,111,30,41,145,105,31,47,144,1,6
module_masked__no_conv__tp04_L2_m0p39,module_ablation_masked,no_conv,tp04_L2_m0p39,2.0,-0.39,run1,fold01,2,L3,26,6,15,280,30,8,11,278,2,-4
module_masked__no_conv__tp04_L2_m0p39,module_ablation_masked,no_conv,tp04_L2_m0p39,2.0,-0.39,run1,fold02,0,L1,106,27,28,165,110,31,24,161,4,-4
module_masked__no_conv__tp04_L2_m0p39,module_ablation_masked,no_conv,tp04_L2_m0p39,2.0,-0.39,run1,fold02,1,L2/L4/L5 gate,121,30,31,144,112,28,40,146,-2,9
module_masked__no_conv__tp04_L2_m0p39,module_ablation_masked,no_conv,tp04_L2_m0p39,2.0,-0.39,run1,fold02,2,L3,34,8,6,278,30,15,10,271,7,4
module_masked__no_conv__tp04_L2_m0p39,module_ablation_masked,no_conv,tp04_L2_m0p39,2.0,-0.39,run1,fold03,0,L1,111,25,23,167,108,32,26,160,7,3
module_masked__no_conv__tp04_L2_m0p39,module_ablation_masked,no_conv,tp04_L2_m0p39,2.0,-0.39,run1,fold03,1,L2/L4/L5 gate,130,29,22,145,104,23,48,151,-6,26
module_masked__no_conv__tp04_L2_m0p39,module_ablation_masked,no_conv,tp04_L2_m0p39,2.0,-0.39,run1,fold03,2,L3,28,3,12,283,35,24,5,262,21,-7
module_masked__no_conv__tp04_L2_m0p39,module_ablation_masked,no_conv,tp04_L2_m0p39,2.0,-0.39,run1,oof_pooled,0,L1,329,94,73,483,326,108,76,469,14,3
module_masked__no_conv__tp04_L2_m0p39,module_ablation_masked,no_conv,tp04_L2_m0p39,2.0,-0.39,run1,oof_pooled,1,L2/L4/L5 gate,362,89,94,434,321,82,135,441,-7,41
module_masked__no_conv__tp04_L2_m0p39,module_ablation_masked,no_conv,tp04_L2_m0p39,2.0,-0.39,run1,oof_pooled,2,L3,88,17,33,841,95,47,26,811,30,-7
module_masked__no_conv__tp04_L2_m0p39,module_ablation_masked,no_conv,tp04_L2_m0p39,2.0,-0.39,run2,fold01,0,L2,22,9,5,36,15,12,12,33,3,7
module_masked__no_conv__tp04_L2_m0p39,module_ablation_masked,no_conv,tp04_L2_m0p39,2.0,-0.39,run2,fold01,1,L4,21,8,10,33,16,7,15,34,-1,5
module_masked__no_conv__tp04_L2_m0p39,module_ablation_masked,no_conv,tp04_L2_m0p39,2.0,-0.39,run2,fold01,2,L5,7,5,7,53,9,13,5,45,8,-2
module_masked__no_conv__tp04_L2_m0p39,module_ablation_masked,no_conv,tp04_L2_m0p39,2.0,-0.39,run2,fold02,0,L2,21,12,5,33,17,12,9,33,0,4
module_masked__no_conv__tp04_L2_m0p39,module_ablation_masked,no_conv,tp04_L2_m0p39,2.0,-0.39,run2,fold02,1,L4,18,9,13,31,12,6,19,34,-3,6
module_masked__no_conv__tp04_L2_m0p39,module_ablation_masked,no_conv,tp04_L2_m0p39,2.0,-0.39,run2,fold02,2,L5,8,3,6,54,11,13,3,44,10,-3
module_masked__no_conv__tp04_L2_m0p39,module_ablation_masked,no_conv,tp04_L2_m0p39,2.0,-0.39,run2,fold03,0,L2,20,12,6,33,21,22,5,23,10,-1
module_masked__no_conv__tp04_L2_m0p39,module_ablation_masked,no_conv,tp04_L2_m0p39,2.0,-0.39,run2,fold03,1,L4,23,9,8,31,14,5,17,35,-4,9
module_masked__no_conv__tp04_L2_m0p39,module_ablation_masked,no_conv,tp04_L2_m0p39,2.0,-0.39,run2,fold03,2,L5,4,3,10,54,4,5,10,52,2,0
module_masked__no_conv__tp04_L2_m0p39,module_ablation_masked,no_conv,tp04_L2_m0p39,2.0,-0.39,run2,oof_pooled,0,L2,63,33,16,102,53,46,26,89,13,10
module_masked__no_conv__tp04_L2_m0p39,module_ablation_masked,no_conv,tp04_L2_m0p39,2.0,-0.39,run2,oof_pooled,1,L4,62,26,31,95,42,18,51,103,-8,20
module_masked__no_conv__tp04_L2_m0p39,module_ablation_masked,no_conv,tp04_L2_m0p39,2.0,-0.39,run2,oof_pooled,2,L5,19,11,23,161,24,31,18,141,20,-5
data_no_lstm__tp04_L2_m0p39,data_ablation_no_module,no_lstm,tp04_L2_m0p39,2.0,-0.39,run1,fold01,0,L1,102,35,32,158,103,44,31,149,9,-1
data_no_lstm__tp04_L2_m0p39,data_ablation_no_module,no_lstm,tp04_L2_m0p39,2.0,-0.39,run1,fold01,1,L2/L4/L5 gate,117,40,35,135,100,39,52,136,-1,17
data_no_lstm__tp04_L2_m0p39,data_ablation_no_module,no_lstm,tp04_L2_m0p39,2.0,-0.39,run1,fold01,2,L3,27,6,14,280,27,14,14,272,8,0
data_no_lstm__tp04_L2_m0p39,data_ablation_no_module,no_lstm,tp04_L2_m0p39,2.0,-0.39,run1,fold02,0,L1,101,36,33,156,101,37,33,155,1,0
data_no_lstm__tp04_L2_m0p39,data_ablation_no_module,no_lstm,tp04_L2_m0p39,2.0,-0.39,run1,fold02,1,L2/L4/L5 gate,113,37,39,137,110,37,42,137,0,3
data_no_lstm__tp04_L2_m0p39,data_ablation_no_module,no_lstm,tp04_L2_m0p39,2.0,-0.39,run1,fold02,2,L3,28,11,12,275,28,13,12,273,2,0
data_no_lstm__tp04_L2_m0p39,data_ablation_no_module,no_lstm,tp04_L2_m0p39,2.0,-0.39,run1,fold03,0,L1,104,28,30,164,104,32,30,160,4,0
data_no_lstm__tp04_L2_m0p39,data_ablation_no_module,no_lstm,tp04_L2_m0p39,2.0,-0.39,run1,fold03,1,L2/L4/L5 gate,120,30,32,144,114,30,38,144,0,6
data_no_lstm__tp04_L2_m0p39,data_ablation_no_module,no_lstm,tp04_L2_m0p39,2.0,-0.39,run1,fold03,2,L3,30,14,10,272,30,16,10,270,2,0
data_no_lstm__tp04_L2_m0p39,data_ablation_no_module,no_lstm,tp04_L2_m0p39,2.0,-0.39,run1,oof_pooled,0,L1,307,99,95,478,308,113,94,464,14,-1
data_no_lstm__tp04_L2_m0p39,data_ablation_no_module,no_lstm,tp04_L2_m0p39,2.0,-0.39,run1,oof_pooled,1,L2/L4/L5 gate,350,107,106,416,324,106,132,417,-1,26
data_no_lstm__tp04_L2_m0p39,data_ablation_no_module,no_lstm,tp04_L2_m0p39,2.0,-0.39,run1,oof_pooled,2,L3,85,31,36,827,85,43,36,815,12,0
data_no_lstm__tp04_L2_m0p39,data_ablation_no_module,no_lstm,tp04_L2_m0p39,2.0,-0.39,run2,fold01,0,L2,16,2,11,43,16,2,11,43,0,0
data_no_lstm__tp04_L2_m0p39,data_ablation_no_module,no_lstm,tp04_L2_m0p39,2.0,-0.39,run2,fold01,1,L4,21,11,10,30,21,11,10,30,0,0
data_no_lstm__tp04_L2_m0p39,data_ablation_no_module,no_lstm,tp04_L2_m0p39,2.0,-0.39,run2,fold01,2,L5,9,13,5,45,9,13,5,45,0,0
data_no_lstm__tp04_L2_m0p39,data_ablation_no_module,no_lstm,tp04_L2_m0p39,2.0,-0.39,run2,fold02,0,L2,14,11,12,34,14,11,12,34,0,0
data_no_lstm__tp04_L2_m0p39,data_ablation_no_module,no_lstm,tp04_L2_m0p39,2.0,-0.39,run2,fold02,1,L4,20,17,11,23,20,17,11,23,0,0
data_no_lstm__tp04_L2_m0p39,data_ablation_no_module,no_lstm,tp04_L2_m0p39,2.0,-0.39,run2,fold02,2,L5,6,3,8,54,6,3,8,54,0,0
data_no_lstm__tp04_L2_m0p39,data_ablation_no_module,no_lstm,tp04_L2_m0p39,2.0,-0.39,run2,fold03,0,L2,20,10,6,35,20,10,6,35,0,0
data_no_lstm__tp04_L2_m0p39,data_ablation_no_module,no_lstm,tp04_L2_m0p39,2.0,-0.39,run2,fold03,1,L4,22,6,9,34,22,6,9,34,0,0
data_no_lstm__tp04_L2_m0p39,data_ablation_no_module,no_lstm,tp04_L2_m0p39,2.0,-0.39,run2,fold03,2,L5,6,7,8,50,6,7,8,50,0,0
data_no_lstm__tp04_L2_m0p39,data_ablation_no_module,no_lstm,tp04_L2_m0p39,2.0,-0.39,run2,oof_pooled,0,L2,50,23,29,112,50,23,29,112,0,0
data_no_lstm__tp04_L2_m0p39,data_ablation_no_module,no_lstm,tp04_L2_m0p39,2.0,-0.39,run2,oof_pooled,1,L4,63,34,30,87,63,34,30,87,0,0
data_no_lstm__tp04_L2_m0p39,data_ablation_no_module,no_lstm,tp04_L2_m0p39,2.0,-0.39,run2,oof_pooled,2,L5,21,23,21,149,21,23,21,149,0,0
module_masked__no_lstm__tp04_L2_m0p39,module_ablation_masked,no_lstm,tp04_L2_m0p39,2.0,-0.39,run1,fold01,0,L1,112,42,22,151,103,44,31,149,2,9
module_masked__no_lstm__tp04_L2_m0p39,module_ablation_masked,no_lstm,tp04_L2_m0p39,2.0,-0.39,run1,fold01,1,L2/L4/L5 gate,111,30,41,145,100,39,52,136,9,11
module_masked__no_lstm__tp04_L2_m0p39,module_ablation_masked,no_lstm,tp04_L2_m0p39,2.0,-0.39,run1,fold01,2,L3,26,6,15,280,27,14,14,272,8,-1
module_masked__no_lstm__tp04_L2_m0p39,module_ablation_masked,no_lstm,tp04_L2_m0p39,2.0,-0.39,run1,fold02,0,L1,106,27,28,165,101,37,33,155,10,5
module_masked__no_lstm__tp04_L2_m0p39,module_ablation_masked,no_lstm,tp04_L2_m0p39,2.0,-0.39,run1,fold02,1,L2/L4/L5 gate,121,30,31,144,110,37,42,137,7,11
module_masked__no_lstm__tp04_L2_m0p39,module_ablation_masked,no_lstm,tp04_L2_m0p39,2.0,-0.39,run1,fold02,2,L3,34,8,6,278,28,13,12,273,5,6
module_masked__no_lstm__tp04_L2_m0p39,module_ablation_masked,no_lstm,tp04_L2_m0p39,2.0,-0.39,run1,fold03,0,L1,111,25,23,167,104,32,30,160,7,7
module_masked__no_lstm__tp04_L2_m0p39,module_ablation_masked,no_lstm,tp04_L2_m0p39,2.0,-0.39,run1,fold03,1,L2/L4/L5 gate,130,29,22,145,114,30,38,144,1,16
module_masked__no_lstm__tp04_L2_m0p39,module_ablation_masked,no_lstm,tp04_L2_m0p39,2.0,-0.39,run1,fold03,2,L3,28,3,12,283,30,16,10,270,13,-2
module_masked__no_lstm__tp04_L2_m0p39,module_ablation_masked,no_lstm,tp04_L2_m0p39,2.0,-0.39,run1,oof_pooled,0,L1,329,94,73,483,308,113,94,464,19,21
module_masked__no_lstm__tp04_L2_m0p39,module_ablation_masked,no_lstm,tp04_L2_m0p39,2.0,-0.39,run1,oof_pooled,1,L2/L4/L5 gate,362,89,94,434,324,106,132,417,17,38
module_masked__no_lstm__tp04_L2_m0p39,module_ablation_masked,no_lstm,tp04_L2_m0p39,2.0,-0.39,run1,oof_pooled,2,L3,88,17,33,841,85,43,36,815,26,3
module_masked__no_lstm__tp04_L2_m0p39,module_ablation_masked,no_lstm,tp04_L2_m0p39,2.0,-0.39,run2,fold01,0,L2,22,9,5,36,16,2,11,43,-7,6
module_masked__no_lstm__tp04_L2_m0p39,module_ablation_masked,no_lstm,tp04_L2_m0p39,2.0,-0.39,run2,fold01,1,L4,21,8,10,33,21,11,10,30,3,0
module_masked__no_lstm__tp04_L2_m0p39,module_ablation_masked,no_lstm,tp04_L2_m0p39,2.0,-0.39,run2,fold01,2,L5,7,5,7,53,9,13,5,45,8,-2
module_masked__no_lstm__tp04_L2_m0p39,module_ablation_masked,no_lstm,tp04_L2_m0p39,2.0,-0.39,run2,fold02,0,L2,21,12,5,33,14,11,12,34,-1,7
module_masked__no_lstm__tp04_L2_m0p39,module_ablation_masked,no_lstm,tp04_L2_m0p39,2.0,-0.39,run2,fold02,1,L4,18,9,13,31,20,17,11,23,8,-2
module_masked__no_lstm__tp04_L2_m0p39,module_ablation_masked,no_lstm,tp04_L2_m0p39,2.0,-0.39,run2,fold02,2,L5,8,3,6,54,6,3,8,54,0,2
module_masked__no_lstm__tp04_L2_m0p39,module_ablation_masked,no_lstm,tp04_L2_m0p39,2.0,-0.39,run2,fold03,0,L2,20,12,6,33,20,10,6,35,-2,0
module_masked__no_lstm__tp04_L2_m0p39,module_ablation_masked,no_lstm,tp04_L2_m0p39,2.0,-0.39,run2,fold03,1,L4,23,9,8,31,22,6,9,34,-3,1
module_masked__no_lstm__tp04_L2_m0p39,module_ablation_masked,no_lstm,tp04_L2_m0p39,2.0,-0.39,run2,fold03,2,L5,4,3,10,54,6,7,8,50,4,-2
module_masked__no_lstm__tp04_L2_m0p39,module_ablation_masked,no_lstm,tp04_L2_m0p39,2.0,-0.39,run2,oof_pooled,0,L2,63,33,16,102,50,23,29,112,-10,13
module_masked__no_lstm__tp04_L2_m0p39,module_ablation_masked,no_lstm,tp04_L2_m0p39,2.0,-0.39,run2,oof_pooled,1,L4,62,26,31,95,63,34,30,87,8,-1
module_masked__no_lstm__tp04_L2_m0p39,module_ablation_masked,no_lstm,tp04_L2_m0p39,2.0,-0.39,run2,oof_pooled,2,L5,19,11,23,161,21,23,21,149,12,-2
data_no_attention__tp04_L2_m0p39,data_ablation_no_module,no_attention,tp04_L2_m0p39,2.0,-0.39,run1,fold01,0,L1,113,29,21,164,112,30,22,163,1,1
data_no_attention__tp04_L2_m0p39,data_ablation_no_module,no_attention,tp04_L2_m0p39,2.0,-0.39,run1,fold01,1,L2/L4/L5 gate,125,28,27,147,110,29,42,146,1,15
data_no_attention__tp04_L2_m0p39,data_ablation_no_module,no_attention,tp04_L2_m0p39,2.0,-0.39,run1,fold01,2,L3,30,2,11,284,30,16,11,270,14,0
data_no_attention__tp04_L2_m0p39,data_ablation_no_module,no_attention,tp04_L2_m0p39,2.0,-0.39,run1,fold02,0,L1,107,21,27,171,107,28,27,164,7,0
data_no_attention__tp04_L2_m0p39,data_ablation_no_module,no_attention,tp04_L2_m0p39,2.0,-0.39,run1,fold02,1,L2/L4/L5 gate,131,31,21,143,120,31,32,143,0,11
data_no_attention__tp04_L2_m0p39,data_ablation_no_module,no_attention,tp04_L2_m0p39,2.0,-0.39,run1,fold02,2,L3,29,7,11,279,29,11,11,275,4,0
data_no_attention__tp04_L2_m0p39,data_ablation_no_module,no_attention,tp04_L2_m0p39,2.0,-0.39,run1,fold03,0,L1,113,20,21,172,113,28,21,164,8,0
data_no_attention__tp04_L2_m0p39,data_ablation_no_module,no_attention,tp04_L2_m0p39,2.0,-0.39,run1,fold03,1,L2/L4/L5 gate,129,23,23,151,120,23,32,151,0,9
data_no_attention__tp04_L2_m0p39,data_ablation_no_module,no_attention,tp04_L2_m0p39,2.0,-0.39,run1,fold03,2,L3,33,8,7,278,33,9,7,277,1,0
data_no_attention__tp04_L2_m0p39,data_ablation_no_module,no_attention,tp04_L2_m0p39,2.0,-0.39,run1,oof_pooled,0,L1,333,70,69,507,332,86,70,491,16,1
data_no_attention__tp04_L2_m0p39,data_ablation_no_module,no_attention,tp04_L2_m0p39,2.0,-0.39,run1,oof_pooled,1,L2/L4/L5 gate,385,82,71,441,350,83,106,440,1,35
data_no_attention__tp04_L2_m0p39,data_ablation_no_module,no_attention,tp04_L2_m0p39,2.0,-0.39,run1,oof_pooled,2,L3,92,17,29,841,92,36,29,822,19,0
data_no_attention__tp04_L2_m0p39,data_ablation_no_module,no_attention,tp04_L2_m0p39,2.0,-0.39,run2,fold01,0,L2,15,6,12,39,15,6,12,39,0,0
data_no_attention__tp04_L2_m0p39,data_ablation_no_module,no_attention,tp04_L2_m0p39,2.0,-0.39,run2,fold01,1,L4,21,16,10,25,22,16,9,25,0,-1
data_no_attention__tp04_L2_m0p39,data_ablation_no_module,no_attention,tp04_L2_m0p39,2.0,-0.39,run2,fold01,2,L5,6,8,8,50,6,7,8,51,-1,0
data_no_attention__tp04_L2_m0p39,data_ablation_no_module,no_attention,tp04_L2_m0p39,2.0,-0.39,run2,fold02,0,L2,16,8,10,37,16,8,10,37,0,0
data_no_attention__tp04_L2_m0p39,data_ablation_no_module,no_attention,tp04_L2_m0p39,2.0,-0.39,run2,fold02,1,L4,16,6,15,34,16,6,15,34,0,0
data_no_attention__tp04_L2_m0p39,data_ablation_no_module,no_attention,tp04_L2_m0p39,2.0,-0.39,run2,fold02,2,L5,13,12,1,45,13,12,1,45,0,0
data_no_attention__tp04_L2_m0p39,data_ablation_no_module,no_attention,tp04_L2_m0p39,2.0,-0.39,run2,fold03,0,L2,17,10,9,35,17,10,9,35,0,0
data_no_attention__tp04_L2_m0p39,data_ablation_no_module,no_attention,tp04_L2_m0p39,2.0,-0.39,run2,fold03,1,L4,19,13,12,27,19,13,12,27,0,0
data_no_attention__tp04_L2_m0p39,data_ablation_no_module,no_attention,tp04_L2_m0p39,2.0,-0.39,run2,fold03,2,L5,4,8,10,49,4,8,10,49,0,0
data_no_attention__tp04_L2_m0p39,data_ablation_no_module,no_attention,tp04_L2_m0p39,2.0,-0.39,run2,oof_pooled,0,L2,48,24,31,111,48,24,31,111,0,0
data_no_attention__tp04_L2_m0p39,data_ablation_no_module,no_attention,tp04_L2_m0p39,2.0,-0.39,run2,oof_pooled,1,L4,56,35,37,86,57,35,36,86,0,-1
data_no_attention__tp04_L2_m0p39,data_ablation_no_module,no_attention,tp04_L2_m0p39,2.0,-0.39,run2,oof_pooled,2,L5,23,28,19,144,23,27,19,145,-1,0
module_masked__no_attention__tp04_L2_m0p39,module_ablation_masked,no_attention,tp04_L2_m0p39,2.0,-0.39,run1,fold01,0,L1,112,42,22,151,112,30,22,163,-12,0
module_masked__no_attention__tp04_L2_m0p39,module_ablation_masked,no_attention,tp04_L2_m0p39,2.0,-0.39,run1,fold01,1,L2/L4/L5 gate,111,30,41,145,110,29,42,146,-1,1
module_masked__no_attention__tp04_L2_m0p39,module_ablation_masked,no_attention,tp04_L2_m0p39,2.0,-0.39,run1,fold01,2,L3,26,6,15,280,30,16,11,270,10,-4
module_masked__no_attention__tp04_L2_m0p39,module_ablation_masked,no_attention,tp04_L2_m0p39,2.0,-0.39,run1,fold02,0,L1,106,27,28,165,107,28,27,164,1,-1
module_masked__no_attention__tp04_L2_m0p39,module_ablation_masked,no_attention,tp04_L2_m0p39,2.0,-0.39,run1,fold02,1,L2/L4/L5 gate,121,30,31,144,120,31,32,143,1,1
module_masked__no_attention__tp04_L2_m0p39,module_ablation_masked,no_attention,tp04_L2_m0p39,2.0,-0.39,run1,fold02,2,L3,34,8,6,278,29,11,11,275,3,5
module_masked__no_attention__tp04_L2_m0p39,module_ablation_masked,no_attention,tp04_L2_m0p39,2.0,-0.39,run1,fold03,0,L1,111,25,23,167,113,28,21,164,3,-2
module_masked__no_attention__tp04_L2_m0p39,module_ablation_masked,no_attention,tp04_L2_m0p39,2.0,-0.39,run1,fold03,1,L2/L4/L5 gate,130,29,22,145,120,23,32,151,-6,10
module_masked__no_attention__tp04_L2_m0p39,module_ablation_masked,no_attention,tp04_L2_m0p39,2.0,-0.39,run1,fold03,2,L3,28,3,12,283,33,9,7,277,6,-5
module_masked__no_attention__tp04_L2_m0p39,module_ablation_masked,no_attention,tp04_L2_m0p39,2.0,-0.39,run1,oof_pooled,0,L1,329,94,73,483,332,86,70,491,-8,-3
module_masked__no_attention__tp04_L2_m0p39,module_ablation_masked,no_attention,tp04_L2_m0p39,2.0,-0.39,run1,oof_pooled,1,L2/L4/L5 gate,362,89,94,434,350,83,106,440,-6,12
module_masked__no_attention__tp04_L2_m0p39,module_ablation_masked,no_attention,tp04_L2_m0p39,2.0,-0.39,run1,oof_pooled,2,L3,88,17,33,841,92,36,29,822,19,-4
module_masked__no_attention__tp04_L2_m0p39,module_ablation_masked,no_attention,tp04_L2_m0p39,2.0,-0.39,run2,fold01,0,L2,22,9,5,36,15,6,12,39,-3,7
module_masked__no_attention__tp04_L2_m0p39,module_ablation_masked,no_attention,tp04_L2_m0p39,2.0,-0.39,run2,fold01,1,L4,21,8,10,33,22,16,9,25,8,-1
module_masked__no_attention__tp04_L2_m0p39,module_ablation_masked,no_attention,tp04_L2_m0p39,2.0,-0.39,run2,fold01,2,L5,7,5,7,53,6,7,8,51,2,1
module_masked__no_attention__tp04_L2_m0p39,module_ablation_masked,no_attention,tp04_L2_m0p39,2.0,-0.39,run2,fold02,0,L2,21,12,5,33,16,8,10,37,-4,5
module_masked__no_attention__tp04_L2_m0p39,module_ablation_masked,no_attention,tp04_L2_m0p39,2.0,-0.39,run2,fold02,1,L4,18,9,13,31,16,6,15,34,-3,2
module_masked__no_attention__tp04_L2_m0p39,module_ablation_masked,no_attention,tp04_L2_m0p39,2.0,-0.39,run2,fold02,2,L5,8,3,6,54,13,12,1,45,9,-5
module_masked__no_attention__tp04_L2_m0p39,module_ablation_masked,no_attention,tp04_L2_m0p39,2.0,-0.39,run2,fold03,0,L2,20,12,6,33,17,10,9,35,-2,3
module_masked__no_attention__tp04_L2_m0p39,module_ablation_masked,no_attention,tp04_L2_m0p39,2.0,-0.39,run2,fold03,1,L4,23,9,8,31,19,13,12,27,4,4
module_masked__no_attention__tp04_L2_m0p39,module_ablation_masked,no_attention,tp04_L2_m0p39,2.0,-0.39,run2,fold03,2,L5,4,3,10,54,4,8,10,49,5,0
module_masked__no_attention__tp04_L2_m0p39,module_ablation_masked,no_attention,tp04_L2_m0p39,2.0,-0.39,run2,oof_pooled,0,L2,63,33,16,102,48,24,31,111,-9,15
module_masked__no_attention__tp04_L2_m0p39,module_ablation_masked,no_attention,tp04_L2_m0p39,2.0,-0.39,run2,oof_pooled,1,L4,62,26,31,95,57,35,36,86,9,5
module_masked__no_attention__tp04_L2_m0p39,module_ablation_masked,no_attention,tp04_L2_m0p39,2.0,-0.39,run2,oof_pooled,2,L5,19,11,23,161,23,27,19,145,16,-4
data_full__tp05_L2_p0p06,data_ablation_full,,tp05_L2_p0p06,2.0,0.06,run1,fold01,0,L1,112,30,22,163,112,45,22,148,15,0
data_full__tp05_L2_p0p06,data_ablation_full,,tp05_L2_p0p06,2.0,0.06,run1,fold01,1,L2/L4/L5 gate,126,30,26,145,108,30,44,145,0,18
data_full__tp05_L2_p0p06,data_ablation_full,,tp05_L2_p0p06,2.0,0.06,run1,fold01,2,L3,26,3,15,283,26,6,15,280,3,0
data_full__tp05_L2_p0p06,data_ablation_full,,tp05_L2_p0p06,2.0,0.06,run1,fold02,0,L1,105,22,29,170,105,27,29,165,5,0
data_full__tp05_L2_p0p06,data_ablation_full,,tp05_L2_p0p06,2.0,0.06,run1,fold02,1,L2/L4/L5 gate,127,31,25,143,121,31,31,143,0,6
data_full__tp05_L2_p0p06,data_ablation_full,,tp05_L2_p0p06,2.0,0.06,run1,fold02,2,L3,34,7,6,279,34,8,6,278,1,0
data_full__tp05_L2_p0p06,data_ablation_full,,tp05_L2_p0p06,2.0,0.06,run1,fold03,0,L1,111,21,23,171,111,24,23,168,3,0
data_full__tp05_L2_p0p06,data_ablation_full,,tp05_L2_p0p06,2.0,0.06,run1,fold03,1,L2/L4/L5 gate,135,29,17,145,131,29,21,145,0,4
data_full__tp05_L2_p0p06,data_ablation_full,,tp05_L2_p0p06,2.0,0.06,run1,fold03,2,L3,28,2,12,284,28,3,12,283,1,0
data_full__tp05_L2_p0p06,data_ablation_full,,tp05_L2_p0p06,2.0,0.06,run1,oof_pooled,0,L1,328,73,74,504,328,96,74,481,23,0
data_full__tp05_L2_p0p06,data_ablation_full,,tp05_L2_p0p06,2.0,0.06,run1,oof_pooled,1,L2/L4/L5 gate,388,90,68,433,360,90,96,433,0,28
data_full__tp05_L2_p0p06,data_ablation_full,,tp05_L2_p0p06,2.0,0.06,run1,oof_pooled,2,L3,88,12,33,846,88,17,33,841,5,0
data_full__tp05_L2_p0p06,data_ablation_full,,tp05_L2_p0p06,2.0,0.06,run2,fold01,0,L2,22,10,5,35,20,10,7,35,0,2
data_full__tp05_L2_p0p06,data_ablation_full,,tp05_L2_p0p06,2.0,0.06,run2,fold01,1,L4,21,8,10,33,21,11,10,30,3,0
data_full__tp05_L2_p0p06,data_ablation_full,,tp05_L2_p0p06,2.0,0.06,run2,fold01,2,L5,7,4,7,54,7,3,7,55,-1,0
data_full__tp05_L2_p0p06,data_ablation_full,,tp05_L2_p0p06,2.0,0.06,run2,fold02,0,L2,21,12,5,33,22,12,4,33,0,-1
data_full__tp05_L2_p0p06,data_ablation_full,,tp05_L2_p0p06,2.0,0.06,run2,fold02,1,L4,18,9,13,31,18,8,13,32,-1,0
data_full__tp05_L2_p0p06,data_ablation_full,,tp05_L2_p0p06,2.0,0.06,run2,fold02,2,L5,8,3,6,54,8,3,6,54,0,0
data_full__tp05_L2_p0p06,data_ablation_full,,tp05_L2_p0p06,2.0,0.06,run2,fold03,0,L2,20,11,6,34,19,11,7,34,0,1
data_full__tp05_L2_p0p06,data_ablation_full,,tp05_L2_p0p06,2.0,0.06,run2,fold03,1,L4,23,10,8,30,23,10,8,30,0,0
data_full__tp05_L2_p0p06,data_ablation_full,,tp05_L2_p0p06,2.0,0.06,run2,fold03,2,L5,4,3,10,54,4,4,10,53,1,0
data_full__tp05_L2_p0p06,data_ablation_full,,tp05_L2_p0p06,2.0,0.06,run2,oof_pooled,0,L2,63,33,16,102,61,33,18,102,0,2
data_full__tp05_L2_p0p06,data_ablation_full,,tp05_L2_p0p06,2.0,0.06,run2,oof_pooled,1,L4,62,27,31,94,62,29,31,92,2,0
data_full__tp05_L2_p0p06,data_ablation_full,,tp05_L2_p0p06,2.0,0.06,run2,oof_pooled,2,L5,19,10,23,162,19,10,23,162,0,0
data_no_conv__tp05_L2_p0p06,data_ablation_no_module,no_conv,tp05_L2_p0p06,2.0,0.06,run1,fold01,0,L1,109,34,25,159,109,47,25,146,13,0
data_no_conv__tp05_L2_p0p06,data_ablation_no_module,no_conv,tp05_L2_p0p06,2.0,0.06,run1,fold01,1,L2/L4/L5 gate,120,30,32,145,102,30,50,145,0,18
data_no_conv__tp05_L2_p0p06,data_ablation_no_module,no_conv,tp05_L2_p0p06,2.0,0.06,run1,fold01,2,L3,30,4,11,282,30,9,11,277,5,0
data_no_conv__tp05_L2_p0p06,data_ablation_no_module,no_conv,tp05_L2_p0p06,2.0,0.06,run1,fold02,0,L1,110,26,24,166,110,30,24,162,4,0
data_no_conv__tp05_L2_p0p06,data_ablation_no_module,no_conv,tp05_L2_p0p06,2.0,0.06,run1,fold02,1,L2/L4/L5 gate,121,28,31,146,112,28,40,146,0,9
data_no_conv__tp05_L2_p0p06,data_ablation_no_module,no_conv,tp05_L2_p0p06,2.0,0.06,run1,fold02,2,L3,30,11,10,275,30,16,10,270,5,0
data_no_conv__tp05_L2_p0p06,data_ablation_no_module,no_conv,tp05_L2_p0p06,2.0,0.06,run1,fold03,0,L1,108,28,26,164,108,35,26,157,7,0
data_no_conv__tp05_L2_p0p06,data_ablation_no_module,no_conv,tp05_L2_p0p06,2.0,0.06,run1,fold03,1,L2/L4/L5 gate,110,23,42,151,102,23,50,151,0,8
data_no_conv__tp05_L2_p0p06,data_ablation_no_module,no_conv,tp05_L2_p0p06,2.0,0.06,run1,fold03,2,L3,35,22,5,264,35,23,5,263,1,0
data_no_conv__tp05_L2_p0p06,data_ablation_no_module,no_conv,tp05_L2_p0p06,2.0,0.06,run1,oof_pooled,0,L1,327,88,75,489,327,112,75,465,24,0
data_no_conv__tp05_L2_p0p06,data_ablation_no_module,no_conv,tp05_L2_p0p06,2.0,0.06,run1,oof_pooled,1,L2/L4/L5 gate,351,81,105,442,316,81,140,442,0,35
data_no_conv__tp05_L2_p0p06,data_ablation_no_module,no_conv,tp05_L2_p0p06,2.0,0.06,run1,oof_pooled,2,L3,95,37,26,821,95,48,26,810,11,0
data_no_conv__tp05_L2_p0p06,data_ablation_no_module,no_conv,tp05_L2_p0p06,2.0,0.06,run2,fold01,0,L2,15,12,12,33,15,12,12,33,0,0
data_no_conv__tp05_L2_p0p06,data_ablation_no_module,no_conv,tp05_L2_p0p06,2.0,0.06,run2,fold01,1,L4,16,7,15,34,16,7,15,34,0,0
data_no_conv__tp05_L2_p0p06,data_ablation_no_module,no_conv,tp05_L2_p0p06,2.0,0.06,run2,fold01,2,L5,9,13,5,45,9,13,5,45,0,0
data_no_conv__tp05_L2_p0p06,data_ablation_no_module,no_conv,tp05_L2_p0p06,2.0,0.06,run2,fold02,0,L2,17,12,9,33,17,12,9,33,0,0
data_no_conv__tp05_L2_p0p06,data_ablation_no_module,no_conv,tp05_L2_p0p06,2.0,0.06,run2,fold02,1,L4,12,6,19,34,12,6,19,34,0,0
data_no_conv__tp05_L2_p0p06,data_ablation_no_module,no_conv,tp05_L2_p0p06,2.0,0.06,run2,fold02,2,L5,11,13,3,44,11,13,3,44,0,0
data_no_conv__tp05_L2_p0p06,data_ablation_no_module,no_conv,tp05_L2_p0p06,2.0,0.06,run2,fold03,0,L2,21,21,5,24,21,21,5,24,0,0
data_no_conv__tp05_L2_p0p06,data_ablation_no_module,no_conv,tp05_L2_p0p06,2.0,0.06,run2,fold03,1,L4,14,6,17,34,14,6,17,34,0,0
data_no_conv__tp05_L2_p0p06,data_ablation_no_module,no_conv,tp05_L2_p0p06,2.0,0.06,run2,fold03,2,L5,4,5,10,52,4,5,10,52,0,0
data_no_conv__tp05_L2_p0p06,data_ablation_no_module,no_conv,tp05_L2_p0p06,2.0,0.06,run2,oof_pooled,0,L2,53,45,26,90,53,45,26,90,0,0
data_no_conv__tp05_L2_p0p06,data_ablation_no_module,no_conv,tp05_L2_p0p06,2.0,0.06,run2,oof_pooled,1,L4,42,19,51,102,42,19,51,102,0,0
data_no_conv__tp05_L2_p0p06,data_ablation_no_module,no_conv,tp05_L2_p0p06,2.0,0.06,run2,oof_pooled,2,L5,24,31,18,141,24,31,18,141,0,0
module_masked__no_conv__tp05_L2_p0p06,module_ablation_masked,no_conv,tp05_L2_p0p06,2.0,0.06,run1,fold01,0,L1,112,45,22,148,109,47,25,146,2,3
module_masked__no_conv__tp05_L2_p0p06,module_ablation_masked,no_conv,tp05_L2_p0p06,2.0,0.06,run1,fold01,1,L2/L4/L5 gate,108,30,44,145,102,30,50,145,0,6
module_masked__no_conv__tp05_L2_p0p06,module_ablation_masked,no_conv,tp05_L2_p0p06,2.0,0.06,run1,fold01,2,L3,26,6,15,280,30,9,11,277,3,-4
module_masked__no_conv__tp05_L2_p0p06,module_ablation_masked,no_conv,tp05_L2_p0p06,2.0,0.06,run1,fold02,0,L1,105,27,29,165,110,30,24,162,3,-5
module_masked__no_conv__tp05_L2_p0p06,module_ablation_masked,no_conv,tp05_L2_p0p06,2.0,0.06,run1,fold02,1,L2/L4/L5 gate,121,31,31,143,112,28,40,146,-3,9
module_masked__no_conv__tp05_L2_p0p06,module_ablation_masked,no_conv,tp05_L2_p0p06,2.0,0.06,run1,fold02,2,L3,34,8,6,278,30,16,10,270,8,4
module_masked__no_conv__tp05_L2_p0p06,module_ablation_masked,no_conv,tp05_L2_p0p06,2.0,0.06,run1,fold03,0,L1,111,24,23,168,108,35,26,157,11,3
module_masked__no_conv__tp05_L2_p0p06,module_ablation_masked,no_conv,tp05_L2_p0p06,2.0,0.06,run1,fold03,1,L2/L4/L5 gate,131,29,21,145,102,23,50,151,-6,29
module_masked__no_conv__tp05_L2_p0p06,module_ablation_masked,no_conv,tp05_L2_p0p06,2.0,0.06,run1,fold03,2,L3,28,3,12,283,35,23,5,263,20,-7
module_masked__no_conv__tp05_L2_p0p06,module_ablation_masked,no_conv,tp05_L2_p0p06,2.0,0.06,run1,oof_pooled,0,L1,328,96,74,481,327,112,75,465,16,1
module_masked__no_conv__tp05_L2_p0p06,module_ablation_masked,no_conv,tp05_L2_p0p06,2.0,0.06,run1,oof_pooled,1,L2/L4/L5 gate,360,90,96,433,316,81,140,442,-9,44
module_masked__no_conv__tp05_L2_p0p06,module_ablation_masked,no_conv,tp05_L2_p0p06,2.0,0.06,run1,oof_pooled,2,L3,88,17,33,841,95,48,26,810,31,-7
module_masked__no_conv__tp05_L2_p0p06,module_ablation_masked,no_conv,tp05_L2_p0p06,2.0,0.06,run2,fold01,0,L2,20,10,7,35,15,12,12,33,2,5
module_masked__no_conv__tp05_L2_p0p06,module_ablation_masked,no_conv,tp05_L2_p0p06,2.0,0.06,run2,fold01,1,L4,21,11,10,30,16,7,15,34,-4,5
module_masked__no_conv__tp05_L2_p0p06,module_ablation_masked,no_conv,tp05_L2_p0p06,2.0,0.06,run2,fold01,2,L5,7,3,7,55,9,13,5,45,10,-2
module_masked__no_conv__tp05_L2_p0p06,module_ablation_masked,no_conv,tp05_L2_p0p06,2.0,0.06,run2,fold02,0,L2,22,12,4,33,17,12,9,33,0,5
module_masked__no_conv__tp05_L2_p0p06,module_ablation_masked,no_conv,tp05_L2_p0p06,2.0,0.06,run2,fold02,1,L4,18,8,13,32,12,6,19,34,-2,6
module_masked__no_conv__tp05_L2_p0p06,module_ablation_masked,no_conv,tp05_L2_p0p06,2.0,0.06,run2,fold02,2,L5,8,3,6,54,11,13,3,44,10,-3
module_masked__no_conv__tp05_L2_p0p06,module_ablation_masked,no_conv,tp05_L2_p0p06,2.0,0.06,run2,fold03,0,L2,19,11,7,34,21,21,5,24,10,-2
module_masked__no_conv__tp05_L2_p0p06,module_ablation_masked,no_conv,tp05_L2_p0p06,2.0,0.06,run2,fold03,1,L4,23,10,8,30,14,6,17,34,-4,9
module_masked__no_conv__tp05_L2_p0p06,module_ablation_masked,no_conv,tp05_L2_p0p06,2.0,0.06,run2,fold03,2,L5,4,4,10,53,4,5,10,52,1,0
module_masked__no_conv__tp05_L2_p0p06,module_ablation_masked,no_conv,tp05_L2_p0p06,2.0,0.06,run2,oof_pooled,0,L2,61,33,18,102,53,45,26,90,12,8
module_masked__no_conv__tp05_L2_p0p06,module_ablation_masked,no_conv,tp05_L2_p0p06,2.0,0.06,run2,oof_pooled,1,L4,62,29,31,92,42,19,51,102,-10,20
module_masked__no_conv__tp05_L2_p0p06,module_ablation_masked,no_conv,tp05_L2_p0p06,2.0,0.06,run2,oof_pooled,2,L5,19,10,23,162,24,31,18,141,21,-5
data_no_lstm__tp05_L2_p0p06,data_ablation_no_module,no_lstm,tp05_L2_p0p06,2.0,0.06,run1,fold01,0,L1,102,35,32,158,102,46,32,147,11,0
data_no_lstm__tp05_L2_p0p06,data_ablation_no_module,no_lstm,tp05_L2_p0p06,2.0,0.06,run1,fold01,1,L2/L4/L5 gate,117,40,35,135,98,40,54,135,0,19
data_no_lstm__tp05_L2_p0p06,data_ablation_no_module,no_lstm,tp05_L2_p0p06,2.0,0.06,run1,fold01,2,L3,27,6,14,280,27,14,14,272,8,0
data_no_lstm__tp05_L2_p0p06,data_ablation_no_module,no_lstm,tp05_L2_p0p06,2.0,0.06,run1,fold02,0,L1,101,36,33,156,101,36,33,156,0,0
data_no_lstm__tp05_L2_p0p06,data_ablation_no_module,no_lstm,tp05_L2_p0p06,2.0,0.06,run1,fold02,1,L2/L4/L5 gate,113,37,39,137,111,37,41,137,0,2
data_no_lstm__tp05_L2_p0p06,data_ablation_no_module,no_lstm,tp05_L2_p0p06,2.0,0.06,run1,fold02,2,L3,28,11,12,275,28,13,12,273,2,0
data_no_lstm__tp05_L2_p0p06,data_ablation_no_module,no_lstm,tp05_L2_p0p06,2.0,0.06,run1,fold03,0,L1,104,28,30,164,104,34,30,158,6,0
data_no_lstm__tp05_L2_p0p06,data_ablation_no_module,no_lstm,tp05_L2_p0p06,2.0,0.06,run1,fold03,1,L2/L4/L5 gate,120,30,32,144,112,30,40,144,0,8
data_no_lstm__tp05_L2_p0p06,data_ablation_no_module,no_lstm,tp05_L2_p0p06,2.0,0.06,run1,fold03,2,L3,30,14,10,272,30,16,10,270,2,0
data_no_lstm__tp05_L2_p0p06,data_ablation_no_module,no_lstm,tp05_L2_p0p06,2.0,0.06,run1,oof_pooled,0,L1,307,99,95,478,307,116,95,461,17,0
data_no_lstm__tp05_L2_p0p06,data_ablation_no_module,no_lstm,tp05_L2_p0p06,2.0,0.06,run1,oof_pooled,1,L2/L4/L5 gate,350,107,106,416,321,107,135,416,0,29
data_no_lstm__tp05_L2_p0p06,data_ablation_no_module,no_lstm,tp05_L2_p0p06,2.0,0.06,run1,oof_pooled,2,L3,85,31,36,827,85,43,36,815,12,0
data_no_lstm__tp05_L2_p0p06,data_ablation_no_module,no_lstm,tp05_L2_p0p06,2.0,0.06,run2,fold01,0,L2,16,2,11,43,15,2,12,43,0,1
data_no_lstm__tp05_L2_p0p06,data_ablation_no_module,no_lstm,tp05_L2_p0p06,2.0,0.06,run2,fold01,1,L4,21,11,10,30,21,11,10,30,0,0
data_no_lstm__tp05_L2_p0p06,data_ablation_no_module,no_lstm,tp05_L2_p0p06,2.0,0.06,run2,fold01,2,L5,9,13,5,45,9,14,5,44,1,0
data_no_lstm__tp05_L2_p0p06,data_ablation_no_module,no_lstm,tp05_L2_p0p06,2.0,0.06,run2,fold02,0,L2,14,11,12,34,14,11,12,34,0,0
data_no_lstm__tp05_L2_p0p06,data_ablation_no_module,no_lstm,tp05_L2_p0p06,2.0,0.06,run2,fold02,1,L4,20,17,11,23,20,17,11,23,0,0
data_no_lstm__tp05_L2_p0p06,data_ablation_no_module,no_lstm,tp05_L2_p0p06,2.0,0.06,run2,fold02,2,L5,6,3,8,54,6,3,8,54,0,0
data_no_lstm__tp05_L2_p0p06,data_ablation_no_module,no_lstm,tp05_L2_p0p06,2.0,0.06,run2,fold03,0,L2,20,10,6,35,20,10,6,35,0,0
data_no_lstm__tp05_L2_p0p06,data_ablation_no_module,no_lstm,tp05_L2_p0p06,2.0,0.06,run2,fold03,1,L4,22,6,9,34,22,6,9,34,0,0
data_no_lstm__tp05_L2_p0p06,data_ablation_no_module,no_lstm,tp05_L2_p0p06,2.0,0.06,run2,fold03,2,L5,6,7,8,50,6,7,8,50,0,0
data_no_lstm__tp05_L2_p0p06,data_ablation_no_module,no_lstm,tp05_L2_p0p06,2.0,0.06,run2,oof_pooled,0,L2,50,23,29,112,49,23,30,112,0,1
data_no_lstm__tp05_L2_p0p06,data_ablation_no_module,no_lstm,tp05_L2_p0p06,2.0,0.06,run2,oof_pooled,1,L4,63,34,30,87,63,34,30,87,0,0
data_no_lstm__tp05_L2_p0p06,data_ablation_no_module,no_lstm,tp05_L2_p0p06,2.0,0.06,run2,oof_pooled,2,L5,21,23,21,149,21,24,21,148,1,0
module_masked__no_lstm__tp05_L2_p0p06,module_ablation_masked,no_lstm,tp05_L2_p0p06,2.0,0.06,run1,fold01,0,L1,112,45,22,148,102,46,32,147,1,10
module_masked__no_lstm__tp05_L2_p0p06,module_ablation_masked,no_lstm,tp05_L2_p0p06,2.0,0.06,run1,fold01,1,L2/L4/L5 gate,108,30,44,145,98,40,54,135,10,10
module_masked__no_lstm__tp05_L2_p0p06,module_ablation_masked,no_lstm,tp05_L2_p0p06,2.0,0.06,run1,fold01,2,L3,26,6,15,280,27,14,14,272,8,-1
module_masked__no_lstm__tp05_L2_p0p06,module_ablation_masked,no_lstm,tp05_L2_p0p06,2.0,0.06,run1,fold02,0,L1,105,27,29,165,101,36,33,156,9,4
module_masked__no_lstm__tp05_L2_p0p06,module_ablation_masked,no_lstm,tp05_L2_p0p06,2.0,0.06,run1,fold02,1,L2/L4/L5 gate,121,31,31,143,111,37,41,137,6,10
module_masked__no_lstm__tp05_L2_p0p06,module_ablation_masked,no_lstm,tp05_L2_p0p06,2.0,0.06,run1,fold02,2,L3,34,8,6,278,28,13,12,273,5,6
module_masked__no_lstm__tp05_L2_p0p06,module_ablation_masked,no_lstm,tp05_L2_p0p06,2.0,0.06,run1,fold03,0,L1,111,24,23,168,104,34,30,158,10,7
module_masked__no_lstm__tp05_L2_p0p06,module_ablation_masked,no_lstm,tp05_L2_p0p06,2.0,0.06,run1,fold03,1,L2/L4/L5 gate,131,29,21,145,112,30,40,144,1,19
module_masked__no_lstm__tp05_L2_p0p06,module_ablation_masked,no_lstm,tp05_L2_p0p06,2.0,0.06,run1,fold03,2,L3,28,3,12,283,30,16,10,270,13,-2
module_masked__no_lstm__tp05_L2_p0p06,module_ablation_masked,no_lstm,tp05_L2_p0p06,2.0,0.06,run1,oof_pooled,0,L1,328,96,74,481,307,116,95,461,20,21
module_masked__no_lstm__tp05_L2_p0p06,module_ablation_masked,no_lstm,tp05_L2_p0p06,2.0,0.06,run1,oof_pooled,1,L2/L4/L5 gate,360,90,96,433,321,107,135,416,17,39
module_masked__no_lstm__tp05_L2_p0p06,module_ablation_masked,no_lstm,tp05_L2_p0p06,2.0,0.06,run1,oof_pooled,2,L3,88,17,33,841,85,43,36,815,26,3
module_masked__no_lstm__tp05_L2_p0p06,module_ablation_masked,no_lstm,tp05_L2_p0p06,2.0,0.06,run2,fold01,0,L2,20,10,7,35,15,2,12,43,-8,5
module_masked__no_lstm__tp05_L2_p0p06,module_ablation_masked,no_lstm,tp05_L2_p0p06,2.0,0.06,run2,fold01,1,L4,21,11,10,30,21,11,10,30,0,0
module_masked__no_lstm__tp05_L2_p0p06,module_ablation_masked,no_lstm,tp05_L2_p0p06,2.0,0.06,run2,fold01,2,L5,7,3,7,55,9,14,5,44,11,-2
module_masked__no_lstm__tp05_L2_p0p06,module_ablation_masked,no_lstm,tp05_L2_p0p06,2.0,0.06,run2,fold02,0,L2,22,12,4,33,14,11,12,34,-1,8
module_masked__no_lstm__tp05_L2_p0p06,module_ablation_masked,no_lstm,tp05_L2_p0p06,2.0,0.06,run2,fold02,1,L4,18,8,13,32,20,17,11,23,9,-2
module_masked__no_lstm__tp05_L2_p0p06,module_ablation_masked,no_lstm,tp05_L2_p0p06,2.0,0.06,run2,fold02,2,L5,8,3,6,54,6,3,8,54,0,2
module_masked__no_lstm__tp05_L2_p0p06,module_ablation_masked,no_lstm,tp05_L2_p0p06,2.0,0.06,run2,fold03,0,L2,19,11,7,34,20,10,6,35,-1,-1
module_masked__no_lstm__tp05_L2_p0p06,module_ablation_masked,no_lstm,tp05_L2_p0p06,2.0,0.06,run2,fold03,1,L4,23,10,8,30,22,6,9,34,-4,1
module_masked__no_lstm__tp05_L2_p0p06,module_ablation_masked,no_lstm,tp05_L2_p0p06,2.0,0.06,run2,fold03,2,L5,4,4,10,53,6,7,8,50,3,-2
module_masked__no_lstm__tp05_L2_p0p06,module_ablation_masked,no_lstm,tp05_L2_p0p06,2.0,0.06,run2,oof_pooled,0,L2,61,33,18,102,49,23,30,112,-10,12
module_masked__no_lstm__tp05_L2_p0p06,module_ablation_masked,no_lstm,tp05_L2_p0p06,2.0,0.06,run2,oof_pooled,1,L4,62,29,31,92,63,34,30,87,5,-1
module_masked__no_lstm__tp05_L2_p0p06,module_ablation_masked,no_lstm,tp05_L2_p0p06,2.0,0.06,run2,oof_pooled,2,L5,19,10,23,162,21,24,21,148,14,-2
data_no_attention__tp05_L2_p0p06,data_ablation_no_module,no_attention,tp05_L2_p0p06,2.0,0.06,run1,fold01,0,L1,113,29,21,164,113,31,21,162,2,0
data_no_attention__tp05_L2_p0p06,data_ablation_no_module,no_attention,tp05_L2_p0p06,2.0,0.06,run1,fold01,1,L2/L4/L5 gate,125,28,27,147,106,28,46,147,0,19
data_no_attention__tp05_L2_p0p06,data_ablation_no_module,no_attention,tp05_L2_p0p06,2.0,0.06,run1,fold01,2,L3,30,2,11,284,30,19,11,267,17,0
data_no_attention__tp05_L2_p0p06,data_ablation_no_module,no_attention,tp05_L2_p0p06,2.0,0.06,run1,fold02,0,L1,107,21,27,171,107,27,27,165,6,0
data_no_attention__tp05_L2_p0p06,data_ablation_no_module,no_attention,tp05_L2_p0p06,2.0,0.06,run1,fold02,1,L2/L4/L5 gate,131,31,21,143,122,31,30,143,0,9
data_no_attention__tp05_L2_p0p06,data_ablation_no_module,no_attention,tp05_L2_p0p06,2.0,0.06,run1,fold02,2,L3,29,7,11,279,29,10,11,276,3,0
data_no_attention__tp05_L2_p0p06,data_ablation_no_module,no_attention,tp05_L2_p0p06,2.0,0.06,run1,fold03,0,L1,113,20,21,172,113,27,21,165,7,0
data_no_attention__tp05_L2_p0p06,data_ablation_no_module,no_attention,tp05_L2_p0p06,2.0,0.06,run1,fold03,1,L2/L4/L5 gate,129,23,23,151,121,23,31,151,0,8
data_no_attention__tp05_L2_p0p06,data_ablation_no_module,no_attention,tp05_L2_p0p06,2.0,0.06,run1,fold03,2,L3,33,8,7,278,33,9,7,277,1,0
data_no_attention__tp05_L2_p0p06,data_ablation_no_module,no_attention,tp05_L2_p0p06,2.0,0.06,run1,oof_pooled,0,L1,333,70,69,507,333,85,69,492,15,0
data_no_attention__tp05_L2_p0p06,data_ablation_no_module,no_attention,tp05_L2_p0p06,2.0,0.06,run1,oof_pooled,1,L2/L4/L5 gate,385,82,71,441,349,82,107,441,0,36
data_no_attention__tp05_L2_p0p06,data_ablation_no_module,no_attention,tp05_L2_p0p06,2.0,0.06,run1,oof_pooled,2,L3,92,17,29,841,92,38,29,820,21,0
data_no_attention__tp05_L2_p0p06,data_ablation_no_module,no_attention,tp05_L2_p0p06,2.0,0.06,run2,fold01,0,L2,15,6,12,39,14,6,13,39,0,1
data_no_attention__tp05_L2_p0p06,data_ablation_no_module,no_attention,tp05_L2_p0p06,2.0,0.06,run2,fold01,1,L4,21,16,10,25,21,16,10,25,0,0
data_no_attention__tp05_L2_p0p06,data_ablation_no_module,no_attention,tp05_L2_p0p06,2.0,0.06,run2,fold01,2,L5,6,8,8,50,6,9,8,49,1,0
data_no_attention__tp05_L2_p0p06,data_ablation_no_module,no_attention,tp05_L2_p0p06,2.0,0.06,run2,fold02,0,L2,16,8,10,37,15,8,11,37,0,1
data_no_attention__tp05_L2_p0p06,data_ablation_no_module,no_attention,tp05_L2_p0p06,2.0,0.06,run2,fold02,1,L4,16,6,15,34,16,7,15,33,1,0
data_no_attention__tp05_L2_p0p06,data_ablation_no_module,no_attention,tp05_L2_p0p06,2.0,0.06,run2,fold02,2,L5,13,12,1,45,13,12,1,45,0,0
data_no_attention__tp05_L2_p0p06,data_ablation_no_module,no_attention,tp05_L2_p0p06,2.0,0.06,run2,fold03,0,L2,17,10,9,35,16,10,10,35,0,1
data_no_attention__tp05_L2_p0p06,data_ablation_no_module,no_attention,tp05_L2_p0p06,2.0,0.06,run2,fold03,1,L4,19,13,12,27,19,13,12,27,0,0
data_no_attention__tp05_L2_p0p06,data_ablation_no_module,no_attention,tp05_L2_p0p06,2.0,0.06,run2,fold03,2,L5,4,8,10,49,4,9,10,48,1,0
data_no_attention__tp05_L2_p0p06,data_ablation_no_module,no_attention,tp05_L2_p0p06,2.0,0.06,run2,oof_pooled,0,L2,48,24,31,111,45,24,34,111,0,3
data_no_attention__tp05_L2_p0p06,data_ablation_no_module,no_attention,tp05_L2_p0p06,2.0,0.06,run2,oof_pooled,1,L4,56,35,37,86,56,36,37,85,1,0
data_no_attention__tp05_L2_p0p06,data_ablation_no_module,no_attention,tp05_L2_p0p06,2.0,0.06,run2,oof_pooled,2,L5,23,28,19,144,23,30,19,142,2,0
module_masked__no_attention__tp05_L2_p0p06,module_ablation_masked,no_attention,tp05_L2_p0p06,2.0,0.06,run1,fold01,0,L1,112,45,22,148,113,31,21,162,-14,-1
module_masked__no_attention__tp05_L2_p0p06,module_ablation_masked,no_attention,tp05_L2_p0p06,2.0,0.06,run1,fold01,1,L2/L4/L5 gate,108,30,44,145,106,28,46,147,-2,2
module_masked__no_attention__tp05_L2_p0p06,module_ablation_masked,no_attention,tp05_L2_p0p06,2.0,0.06,run1,fold01,2,L3,26,6,15,280,30,19,11,267,13,-4
module_masked__no_attention__tp05_L2_p0p06,module_ablation_masked,no_attention,tp05_L2_p0p06,2.0,0.06,run1,fold02,0,L1,105,27,29,165,107,27,27,165,0,-2
module_masked__no_attention__tp05_L2_p0p06,module_ablation_masked,no_attention,tp05_L2_p0p06,2.0,0.06,run1,fold02,1,L2/L4/L5 gate,121,31,31,143,122,31,30,143,0,-1
module_masked__no_attention__tp05_L2_p0p06,module_ablation_masked,no_attention,tp05_L2_p0p06,2.0,0.06,run1,fold02,2,L3,34,8,6,278,29,10,11,276,2,5
module_masked__no_attention__tp05_L2_p0p06,module_ablation_masked,no_attention,tp05_L2_p0p06,2.0,0.06,run1,fold03,0,L1,111,24,23,168,113,27,21,165,3,-2
module_masked__no_attention__tp05_L2_p0p06,module_ablation_masked,no_attention,tp05_L2_p0p06,2.0,0.06,run1,fold03,1,L2/L4/L5 gate,131,29,21,145,121,23,31,151,-6,10
module_masked__no_attention__tp05_L2_p0p06,module_ablation_masked,no_attention,tp05_L2_p0p06,2.0,0.06,run1,fold03,2,L3,28,3,12,283,33,9,7,277,6,-5
module_masked__no_attention__tp05_L2_p0p06,module_ablation_masked,no_attention,tp05_L2_p0p06,2.0,0.06,run1,oof_pooled,0,L1,328,96,74,481,333,85,69,492,-11,-5
module_masked__no_attention__tp05_L2_p0p06,module_ablation_masked,no_attention,tp05_L2_p0p06,2.0,0.06,run1,oof_pooled,1,L2/L4/L5 gate,360,90,96,433,349,82,107,441,-8,11
module_masked__no_attention__tp05_L2_p0p06,module_ablation_masked,no_attention,tp05_L2_p0p06,2.0,0.06,run1,oof_pooled,2,L3,88,17,33,841,92,38,29,820,21,-4
module_masked__no_attention__tp05_L2_p0p06,module_ablation_masked,no_attention,tp05_L2_p0p06,2.0,0.06,run2,fold01,0,L2,20,10,7,35,14,6,13,39,-4,6
module_masked__no_attention__tp05_L2_p0p06,module_ablation_masked,no_attention,tp05_L2_p0p06,2.0,0.06,run2,fold01,1,L4,21,11,10,30,21,16,10,25,5,0
module_masked__no_attention__tp05_L2_p0p06,module_ablation_masked,no_attention,tp05_L2_p0p06,2.0,0.06,run2,fold01,2,L5,7,3,7,55,6,9,8,49,6,1
module_masked__no_attention__tp05_L2_p0p06,module_ablation_masked,no_attention,tp05_L2_p0p06,2.0,0.06,run2,fold02,0,L2,22,12,4,33,15,8,11,37,-4,7
module_masked__no_attention__tp05_L2_p0p06,module_ablation_masked,no_attention,tp05_L2_p0p06,2.0,0.06,run2,fold02,1,L4,18,8,13,32,16,7,15,33,-1,2
module_masked__no_attention__tp05_L2_p0p06,module_ablation_masked,no_attention,tp05_L2_p0p06,2.0,0.06,run2,fold02,2,L5,8,3,6,54,13,12,1,45,9,-5
module_masked__no_attention__tp05_L2_p0p06,module_ablation_masked,no_attention,tp05_L2_p0p06,2.0,0.06,run2,fold03,0,L2,19,11,7,34,16,10,10,35,-1,3
module_masked__no_attention__tp05_L2_p0p06,module_ablation_masked,no_attention,tp05_L2_p0p06,2.0,0.06,run2,fold03,1,L4,23,10,8,30,19,13,12,27,3,4
module_masked__no_attention__tp05_L2_p0p06,module_ablation_masked,no_attention,tp05_L2_p0p06,2.0,0.06,run2,fold03,2,L5,4,4,10,53,4,9,10,48,5,0
module_masked__no_attention__tp05_L2_p0p06,module_ablation_masked,no_attention,tp05_L2_p0p06,2.0,0.06,run2,oof_pooled,0,L2,61,33,18,102,45,24,34,111,-9,16
module_masked__no_attention__tp05_L2_p0p06,module_ablation_masked,no_attention,tp05_L2_p0p06,2.0,0.06,run2,oof_pooled,1,L4,62,29,31,92,56,36,37,85,7,6
module_masked__no_attention__tp05_L2_p0p06,module_ablation_masked,no_attention,tp05_L2_p0p06,2.0,0.06,run2,oof_pooled,2,L5,19,10,23,162,23,30,19,142,20,-4
data_full__tp06_L2_p0p46,data_ablation_full,,tp06_L2_p0p46,2.0,0.46,run1,fold01,0,L1,112,30,22,163,112,45,22,148,15,0
data_full__tp06_L2_p0p46,data_ablation_full,,tp06_L2_p0p46,2.0,0.46,run1,fold01,1,L2/L4/L5 gate,126,30,26,145,106,30,46,145,0,20
data_full__tp06_L2_p0p46,data_ablation_full,,tp06_L2_p0p46,2.0,0.46,run1,fold01,2,L3,26,3,15,283,26,8,15,278,5,0
data_full__tp06_L2_p0p46,data_ablation_full,,tp06_L2_p0p46,2.0,0.46,run1,fold02,0,L1,105,22,29,170,105,26,29,166,4,0
data_full__tp06_L2_p0p46,data_ablation_full,,tp06_L2_p0p46,2.0,0.46,run1,fold02,1,L2/L4/L5 gate,127,31,25,143,122,31,30,143,0,5
data_full__tp06_L2_p0p46,data_ablation_full,,tp06_L2_p0p46,2.0,0.46,run1,fold02,2,L3,34,7,6,279,34,8,6,278,1,0
data_full__tp06_L2_p0p46,data_ablation_full,,tp06_L2_p0p46,2.0,0.46,run1,fold03,0,L1,111,21,23,171,111,26,23,166,5,0
data_full__tp06_L2_p0p46,data_ablation_full,,tp06_L2_p0p46,2.0,0.46,run1,fold03,1,L2/L4/L5 gate,135,29,17,145,129,29,23,145,0,6
data_full__tp06_L2_p0p46,data_ablation_full,,tp06_L2_p0p46,2.0,0.46,run1,fold03,2,L3,28,2,12,284,28,3,12,283,1,0
data_full__tp06_L2_p0p46,data_ablation_full,,tp06_L2_p0p46,2.0,0.46,run1,oof_pooled,0,L1,328,73,74,504,328,97,74,480,24,0
data_full__tp06_L2_p0p46,data_ablation_full,,tp06_L2_p0p46,2.0,0.46,run1,oof_pooled,1,L2/L4/L5 gate,388,90,68,433,357,90,99,433,0,31
data_full__tp06_L2_p0p46,data_ablation_full,,tp06_L2_p0p46,2.0,0.46,run1,oof_pooled,2,L3,88,12,33,846,88,19,33,839,7,0
data_full__tp06_L2_p0p46,data_ablation_full,,tp06_L2_p0p46,2.0,0.46,run2,fold01,0,L2,22,10,5,35,21,10,6,35,0,1
data_full__tp06_L2_p0p46,data_ablation_full,,tp06_L2_p0p46,2.0,0.46,run2,fold01,1,L4,21,8,10,33,21,10,10,31,2,0
data_full__tp06_L2_p0p46,data_ablation_full,,tp06_L2_p0p46,2.0,0.46,run2,fold01,2,L5,7,4,7,54,7,3,7,55,-1,0
data_full__tp06_L2_p0p46,data_ablation_full,,tp06_L2_p0p46,2.0,0.46,run2,fold02,0,L2,21,12,5,33,23,12,3,33,0,-2
data_full__tp06_L2_p0p46,data_ablation_full,,tp06_L2_p0p46,2.0,0.46,run2,fold02,1,L4,18,9,13,31,18,7,13,33,-2,0
data_full__tp06_L2_p0p46,data_ablation_full,,tp06_L2_p0p46,2.0,0.46,run2,fold02,2,L5,8,3,6,54,8,3,6,54,0,0
data_full__tp06_L2_p0p46,data_ablation_full,,tp06_L2_p0p46,2.0,0.46,run2,fold03,0,L2,20,11,6,34,19,11,7,34,0,1
data_full__tp06_L2_p0p46,data_ablation_full,,tp06_L2_p0p46,2.0,0.46,run2,fold03,1,L4,23,10,8,30,23,10,8,30,0,0
data_full__tp06_L2_p0p46,data_ablation_full,,tp06_L2_p0p46,2.0,0.46,run2,fold03,2,L5,4,3,10,54,4,4,10,53,1,0
data_full__tp06_L2_p0p46,data_ablation_full,,tp06_L2_p0p46,2.0,0.46,run2,oof_pooled,0,L2,63,33,16,102,63,33,16,102,0,0
data_full__tp06_L2_p0p46,data_ablation_full,,tp06_L2_p0p46,2.0,0.46,run2,oof_pooled,1,L4,62,27,31,94,62,27,31,94,0,0
data_full__tp06_L2_p0p46,data_ablation_full,,tp06_L2_p0p46,2.0,0.46,run2,oof_pooled,2,L5,19,10,23,162,19,10,23,162,0,0
data_no_conv__tp06_L2_p0p46,data_ablation_no_module,no_conv,tp06_L2_p0p46,2.0,0.46,run1,fold01,0,L1,109,34,25,159,109,46,25,147,12,0
data_no_conv__tp06_L2_p0p46,data_ablation_no_module,no_conv,tp06_L2_p0p46,2.0,0.46,run1,fold01,1,L2/L4/L5 gate,120,30,32,145,101,30,51,145,0,19
data_no_conv__tp06_L2_p0p46,data_ablation_no_module,no_conv,tp06_L2_p0p46,2.0,0.46,run1,fold01,2,L3,30,4,11,282,30,11,11,275,7,0
data_no_conv__tp06_L2_p0p46,data_ablation_no_module,no_conv,tp06_L2_p0p46,2.0,0.46,run1,fold02,0,L1,110,26,24,166,110,32,24,160,6,0
data_no_conv__tp06_L2_p0p46,data_ablation_no_module,no_conv,tp06_L2_p0p46,2.0,0.46,run1,fold02,1,L2/L4/L5 gate,121,28,31,146,112,28,40,146,0,9
data_no_conv__tp06_L2_p0p46,data_ablation_no_module,no_conv,tp06_L2_p0p46,2.0,0.46,run1,fold02,2,L3,30,11,10,275,30,14,10,272,3,0
data_no_conv__tp06_L2_p0p46,data_ablation_no_module,no_conv,tp06_L2_p0p46,2.0,0.46,run1,fold03,0,L1,108,28,26,164,108,33,26,159,5,0
data_no_conv__tp06_L2_p0p46,data_ablation_no_module,no_conv,tp06_L2_p0p46,2.0,0.46,run1,fold03,1,L2/L4/L5 gate,110,23,42,151,104,23,48,151,0,6
data_no_conv__tp06_L2_p0p46,data_ablation_no_module,no_conv,tp06_L2_p0p46,2.0,0.46,run1,fold03,2,L3,35,22,5,264,35,23,5,263,1,0
data_no_conv__tp06_L2_p0p46,data_ablation_no_module,no_conv,tp06_L2_p0p46,2.0,0.46,run1,oof_pooled,0,L1,327,88,75,489,327,111,75,466,23,0
data_no_conv__tp06_L2_p0p46,data_ablation_no_module,no_conv,tp06_L2_p0p46,2.0,0.46,run1,oof_pooled,1,L2/L4/L5 gate,351,81,105,442,317,81,139,442,0,34
data_no_conv__tp06_L2_p0p46,data_ablation_no_module,no_conv,tp06_L2_p0p46,2.0,0.46,run1,oof_pooled,2,L3,95,37,26,821,95,48,26,810,11,0
data_no_conv__tp06_L2_p0p46,data_ablation_no_module,no_conv,tp06_L2_p0p46,2.0,0.46,run2,fold01,0,L2,15,12,12,33,15,12,12,33,0,0
data_no_conv__tp06_L2_p0p46,data_ablation_no_module,no_conv,tp06_L2_p0p46,2.0,0.46,run2,fold01,1,L4,16,7,15,34,16,7,15,34,0,0
data_no_conv__tp06_L2_p0p46,data_ablation_no_module,no_conv,tp06_L2_p0p46,2.0,0.46,run2,fold01,2,L5,9,13,5,45,9,13,5,45,0,0
data_no_conv__tp06_L2_p0p46,data_ablation_no_module,no_conv,tp06_L2_p0p46,2.0,0.46,run2,fold02,0,L2,17,12,9,33,17,12,9,33,0,0
data_no_conv__tp06_L2_p0p46,data_ablation_no_module,no_conv,tp06_L2_p0p46,2.0,0.46,run2,fold02,1,L4,12,6,19,34,12,6,19,34,0,0
data_no_conv__tp06_L2_p0p46,data_ablation_no_module,no_conv,tp06_L2_p0p46,2.0,0.46,run2,fold02,2,L5,11,13,3,44,11,13,3,44,0,0
data_no_conv__tp06_L2_p0p46,data_ablation_no_module,no_conv,tp06_L2_p0p46,2.0,0.46,run2,fold03,0,L2,21,21,5,24,21,21,5,24,0,0
data_no_conv__tp06_L2_p0p46,data_ablation_no_module,no_conv,tp06_L2_p0p46,2.0,0.46,run2,fold03,1,L4,14,6,17,34,14,6,17,34,0,0
data_no_conv__tp06_L2_p0p46,data_ablation_no_module,no_conv,tp06_L2_p0p46,2.0,0.46,run2,fold03,2,L5,4,5,10,52,4,5,10,52,0,0
data_no_conv__tp06_L2_p0p46,data_ablation_no_module,no_conv,tp06_L2_p0p46,2.0,0.46,run2,oof_pooled,0,L2,53,45,26,90,53,45,26,90,0,0
data_no_conv__tp06_L2_p0p46,data_ablation_no_module,no_conv,tp06_L2_p0p46,2.0,0.46,run2,oof_pooled,1,L4,42,19,51,102,42,19,51,102,0,0
data_no_conv__tp06_L2_p0p46,data_ablation_no_module,no_conv,tp06_L2_p0p46,2.0,0.46,run2,oof_pooled,2,L5,24,31,18,141,24,31,18,141,0,0
module_masked__no_conv__tp06_L2_p0p46,module_ablation_masked,no_conv,tp06_L2_p0p46,2.0,0.46,run1,fold01,0,L1,112,45,22,148,109,46,25,147,1,3
module_masked__no_conv__tp06_L2_p0p46,module_ablation_masked,no_conv,tp06_L2_p0p46,2.0,0.46,run1,fold01,1,L2/L4/L5 gate,106,30,46,145,101,30,51,145,0,5
module_masked__no_conv__tp06_L2_p0p46,module_ablation_masked,no_conv,tp06_L2_p0p46,2.0,0.46,run1,fold01,2,L3,26,8,15,278,30,11,11,275,3,-4
module_masked__no_conv__tp06_L2_p0p46,module_ablation_masked,no_conv,tp06_L2_p0p46,2.0,0.46,run1,fold02,0,L1,105,26,29,166,110,32,24,160,6,-5
module_masked__no_conv__tp06_L2_p0p46,module_ablation_masked,no_conv,tp06_L2_p0p46,2.0,0.46,run1,fold02,1,L2/L4/L5 gate,122,31,30,143,112,28,40,146,-3,10
module_masked__no_conv__tp06_L2_p0p46,module_ablation_masked,no_conv,tp06_L2_p0p46,2.0,0.46,run1,fold02,2,L3,34,8,6,278,30,14,10,272,6,4
module_masked__no_conv__tp06_L2_p0p46,module_ablation_masked,no_conv,tp06_L2_p0p46,2.0,0.46,run1,fold03,0,L1,111,26,23,166,108,33,26,159,7,3
module_masked__no_conv__tp06_L2_p0p46,module_ablation_masked,no_conv,tp06_L2_p0p46,2.0,0.46,run1,fold03,1,L2/L4/L5 gate,129,29,23,145,104,23,48,151,-6,25
module_masked__no_conv__tp06_L2_p0p46,module_ablation_masked,no_conv,tp06_L2_p0p46,2.0,0.46,run1,fold03,2,L3,28,3,12,283,35,23,5,263,20,-7
module_masked__no_conv__tp06_L2_p0p46,module_ablation_masked,no_conv,tp06_L2_p0p46,2.0,0.46,run1,oof_pooled,0,L1,328,97,74,480,327,111,75,466,14,1
module_masked__no_conv__tp06_L2_p0p46,module_ablation_masked,no_conv,tp06_L2_p0p46,2.0,0.46,run1,oof_pooled,1,L2/L4/L5 gate,357,90,99,433,317,81,139,442,-9,40
module_masked__no_conv__tp06_L2_p0p46,module_ablation_masked,no_conv,tp06_L2_p0p46,2.0,0.46,run1,oof_pooled,2,L3,88,19,33,839,95,48,26,810,29,-7
module_masked__no_conv__tp06_L2_p0p46,module_ablation_masked,no_conv,tp06_L2_p0p46,2.0,0.46,run2,fold01,0,L2,21,10,6,35,15,12,12,33,2,6
module_masked__no_conv__tp06_L2_p0p46,module_ablation_masked,no_conv,tp06_L2_p0p46,2.0,0.46,run2,fold01,1,L4,21,10,10,31,16,7,15,34,-3,5
module_masked__no_conv__tp06_L2_p0p46,module_ablation_masked,no_conv,tp06_L2_p0p46,2.0,0.46,run2,fold01,2,L5,7,3,7,55,9,13,5,45,10,-2
module_masked__no_conv__tp06_L2_p0p46,module_ablation_masked,no_conv,tp06_L2_p0p46,2.0,0.46,run2,fold02,0,L2,23,12,3,33,17,12,9,33,0,6
module_masked__no_conv__tp06_L2_p0p46,module_ablation_masked,no_conv,tp06_L2_p0p46,2.0,0.46,run2,fold02,1,L4,18,7,13,33,12,6,19,34,-1,6
module_masked__no_conv__tp06_L2_p0p46,module_ablation_masked,no_conv,tp06_L2_p0p46,2.0,0.46,run2,fold02,2,L5,8,3,6,54,11,13,3,44,10,-3
module_masked__no_conv__tp06_L2_p0p46,module_ablation_masked,no_conv,tp06_L2_p0p46,2.0,0.46,run2,fold03,0,L2,19,11,7,34,21,21,5,24,10,-2
module_masked__no_conv__tp06_L2_p0p46,module_ablation_masked,no_conv,tp06_L2_p0p46,2.0,0.46,run2,fold03,1,L4,23,10,8,30,14,6,17,34,-4,9
module_masked__no_conv__tp06_L2_p0p46,module_ablation_masked,no_conv,tp06_L2_p0p46,2.0,0.46,run2,fold03,2,L5,4,4,10,53,4,5,10,52,1,0
module_masked__no_conv__tp06_L2_p0p46,module_ablation_masked,no_conv,tp06_L2_p0p46,2.0,0.46,run2,oof_pooled,0,L2,63,33,16,102,53,45,26,90,12,10
module_masked__no_conv__tp06_L2_p0p46,module_ablation_masked,no_conv,tp06_L2_p0p46,2.0,0.46,run2,oof_pooled,1,L4,62,27,31,94,42,19,51,102,-8,20
module_masked__no_conv__tp06_L2_p0p46,module_ablation_masked,no_conv,tp06_L2_p0p46,2.0,0.46,run2,oof_pooled,2,L5,19,10,23,162,24,31,18,141,21,-5
data_no_lstm__tp06_L2_p0p46,data_ablation_no_module,no_lstm,tp06_L2_p0p46,2.0,0.46,run1,fold01,0,L1,102,35,32,158,102,43,32,150,8,0
data_no_lstm__tp06_L2_p0p46,data_ablation_no_module,no_lstm,tp06_L2_p0p46,2.0,0.46,run1,fold01,1,L2/L4/L5 gate,117,40,35,135,103,40,49,135,0,14
data_no_lstm__tp06_L2_p0p46,data_ablation_no_module,no_lstm,tp06_L2_p0p46,2.0,0.46,run1,fold01,2,L3,27,6,14,280,27,12,14,274,6,0
data_no_lstm__tp06_L2_p0p46,data_ablation_no_module,no_lstm,tp06_L2_p0p46,2.0,0.46,run1,fold02,0,L1,101,36,33,156,101,38,33,154,2,0
data_no_lstm__tp06_L2_p0p46,data_ablation_no_module,no_lstm,tp06_L2_p0p46,2.0,0.46,run1,fold02,1,L2/L4/L5 gate,113,37,39,137,109,37,43,137,0,4
data_no_lstm__tp06_L2_p0p46,data_ablation_no_module,no_lstm,tp06_L2_p0p46,2.0,0.46,run1,fold02,2,L3,28,11,12,275,28,13,12,273,2,0
data_no_lstm__tp06_L2_p0p46,data_ablation_no_module,no_lstm,tp06_L2_p0p46,2.0,0.46,run1,fold03,0,L1,104,28,30,164,104,33,30,159,5,0
data_no_lstm__tp06_L2_p0p46,data_ablation_no_module,no_lstm,tp06_L2_p0p46,2.0,0.46,run1,fold03,1,L2/L4/L5 gate,120,30,32,144,113,30,39,144,0,7
data_no_lstm__tp06_L2_p0p46,data_ablation_no_module,no_lstm,tp06_L2_p0p46,2.0,0.46,run1,fold03,2,L3,30,14,10,272,30,16,10,270,2,0
data_no_lstm__tp06_L2_p0p46,data_ablation_no_module,no_lstm,tp06_L2_p0p46,2.0,0.46,run1,oof_pooled,0,L1,307,99,95,478,307,114,95,463,15,0
data_no_lstm__tp06_L2_p0p46,data_ablation_no_module,no_lstm,tp06_L2_p0p46,2.0,0.46,run1,oof_pooled,1,L2/L4/L5 gate,350,107,106,416,325,107,131,416,0,25
data_no_lstm__tp06_L2_p0p46,data_ablation_no_module,no_lstm,tp06_L2_p0p46,2.0,0.46,run1,oof_pooled,2,L3,85,31,36,827,85,41,36,817,10,0
data_no_lstm__tp06_L2_p0p46,data_ablation_no_module,no_lstm,tp06_L2_p0p46,2.0,0.46,run2,fold01,0,L2,16,2,11,43,14,2,13,43,0,2
data_no_lstm__tp06_L2_p0p46,data_ablation_no_module,no_lstm,tp06_L2_p0p46,2.0,0.46,run2,fold01,1,L4,21,11,10,30,21,11,10,30,0,0
data_no_lstm__tp06_L2_p0p46,data_ablation_no_module,no_lstm,tp06_L2_p0p46,2.0,0.46,run2,fold01,2,L5,9,13,5,45,9,15,5,43,2,0
data_no_lstm__tp06_L2_p0p46,data_ablation_no_module,no_lstm,tp06_L2_p0p46,2.0,0.46,run2,fold02,0,L2,14,11,12,34,14,11,12,34,0,0
data_no_lstm__tp06_L2_p0p46,data_ablation_no_module,no_lstm,tp06_L2_p0p46,2.0,0.46,run2,fold02,1,L4,20,17,11,23,20,17,11,23,0,0
data_no_lstm__tp06_L2_p0p46,data_ablation_no_module,no_lstm,tp06_L2_p0p46,2.0,0.46,run2,fold02,2,L5,6,3,8,54,6,3,8,54,0,0
data_no_lstm__tp06_L2_p0p46,data_ablation_no_module,no_lstm,tp06_L2_p0p46,2.0,0.46,run2,fold03,0,L2,20,10,6,35,20,10,6,35,0,0
data_no_lstm__tp06_L2_p0p46,data_ablation_no_module,no_lstm,tp06_L2_p0p46,2.0,0.46,run2,fold03,1,L4,22,6,9,34,22,6,9,34,0,0
data_no_lstm__tp06_L2_p0p46,data_ablation_no_module,no_lstm,tp06_L2_p0p46,2.0,0.46,run2,fold03,2,L5,6,7,8,50,6,7,8,50,0,0
data_no_lstm__tp06_L2_p0p46,data_ablation_no_module,no_lstm,tp06_L2_p0p46,2.0,0.46,run2,oof_pooled,0,L2,50,23,29,112,48,23,31,112,0,2
data_no_lstm__tp06_L2_p0p46,data_ablation_no_module,no_lstm,tp06_L2_p0p46,2.0,0.46,run2,oof_pooled,1,L4,63,34,30,87,63,34,30,87,0,0
data_no_lstm__tp06_L2_p0p46,data_ablation_no_module,no_lstm,tp06_L2_p0p46,2.0,0.46,run2,oof_pooled,2,L5,21,23,21,149,21,25,21,147,2,0
module_masked__no_lstm__tp06_L2_p0p46,module_ablation_masked,no_lstm,tp06_L2_p0p46,2.0,0.46,run1,fold01,0,L1,112,45,22,148,102,43,32,150,-2,10
module_masked__no_lstm__tp06_L2_p0p46,module_ablation_masked,no_lstm,tp06_L2_p0p46,2.0,0.46,run1,fold01,1,L2/L4/L5 gate,106,30,46,145,103,40,49,135,10,3
module_masked__no_lstm__tp06_L2_p0p46,module_ablation_masked,no_lstm,tp06_L2_p0p46,2.0,0.46,run1,fold01,2,L3,26,8,15,278,27,12,14,274,4,-1
module_masked__no_lstm__tp06_L2_p0p46,module_ablation_masked,no_lstm,tp06_L2_p0p46,2.0,0.46,run1,fold02,0,L1,105,26,29,166,101,38,33,154,12,4
module_masked__no_lstm__tp06_L2_p0p46,module_ablation_masked,no_lstm,tp06_L2_p0p46,2.0,0.46,run1,fold02,1,L2/L4/L5 gate,122,31,30,143,109,37,43,137,6,13
module_masked__no_lstm__tp06_L2_p0p46,module_ablation_masked,no_lstm,tp06_L2_p0p46,2.0,0.46,run1,fold02,2,L3,34,8,6,278,28,13,12,273,5,6
module_masked__no_lstm__tp06_L2_p0p46,module_ablation_masked,no_lstm,tp06_L2_p0p46,2.0,0.46,run1,fold03,0,L1,111,26,23,166,104,33,30,159,7,7
module_masked__no_lstm__tp06_L2_p0p46,module_ablation_masked,no_lstm,tp06_L2_p0p46,2.0,0.46,run1,fold03,1,L2/L4/L5 gate,129,29,23,145,113,30,39,144,1,16
module_masked__no_lstm__tp06_L2_p0p46,module_ablation_masked,no_lstm,tp06_L2_p0p46,2.0,0.46,run1,fold03,2,L3,28,3,12,283,30,16,10,270,13,-2
module_masked__no_lstm__tp06_L2_p0p46,module_ablation_masked,no_lstm,tp06_L2_p0p46,2.0,0.46,run1,oof_pooled,0,L1,328,97,74,480,307,114,95,463,17,21
module_masked__no_lstm__tp06_L2_p0p46,module_ablation_masked,no_lstm,tp06_L2_p0p46,2.0,0.46,run1,oof_pooled,1,L2/L4/L5 gate,357,90,99,433,325,107,131,416,17,32
module_masked__no_lstm__tp06_L2_p0p46,module_ablation_masked,no_lstm,tp06_L2_p0p46,2.0,0.46,run1,oof_pooled,2,L3,88,19,33,839,85,41,36,817,22,3
module_masked__no_lstm__tp06_L2_p0p46,module_ablation_masked,no_lstm,tp06_L2_p0p46,2.0,0.46,run2,fold01,0,L2,21,10,6,35,14,2,13,43,-8,7
module_masked__no_lstm__tp06_L2_p0p46,module_ablation_masked,no_lstm,tp06_L2_p0p46,2.0,0.46,run2,fold01,1,L4,21,10,10,31,21,11,10,30,1,0
module_masked__no_lstm__tp06_L2_p0p46,module_ablation_masked,no_lstm,tp06_L2_p0p46,2.0,0.46,run2,fold01,2,L5,7,3,7,55,9,15,5,43,12,-2
module_masked__no_lstm__tp06_L2_p0p46,module_ablation_masked,no_lstm,tp06_L2_p0p46,2.0,0.46,run2,fold02,0,L2,23,12,3,33,14,11,12,34,-1,9
module_masked__no_lstm__tp06_L2_p0p46,module_ablation_masked,no_lstm,tp06_L2_p0p46,2.0,0.46,run2,fold02,1,L4,18,7,13,33,20,17,11,23,10,-2
module_masked__no_lstm__tp06_L2_p0p46,module_ablation_masked,no_lstm,tp06_L2_p0p46,2.0,0.46,run2,fold02,2,L5,8,3,6,54,6,3,8,54,0,2
module_masked__no_lstm__tp06_L2_p0p46,module_ablation_masked,no_lstm,tp06_L2_p0p46,2.0,0.46,run2,fold03,0,L2,19,11,7,34,20,10,6,35,-1,-1
module_masked__no_lstm__tp06_L2_p0p46,module_ablation_masked,no_lstm,tp06_L2_p0p46,2.0,0.46,run2,fold03,1,L4,23,10,8,30,22,6,9,34,-4,1
module_masked__no_lstm__tp06_L2_p0p46,module_ablation_masked,no_lstm,tp06_L2_p0p46,2.0,0.46,run2,fold03,2,L5,4,4,10,53,6,7,8,50,3,-2
module_masked__no_lstm__tp06_L2_p0p46,module_ablation_masked,no_lstm,tp06_L2_p0p46,2.0,0.46,run2,oof_pooled,0,L2,63,33,16,102,48,23,31,112,-10,15
module_masked__no_lstm__tp06_L2_p0p46,module_ablation_masked,no_lstm,tp06_L2_p0p46,2.0,0.46,run2,oof_pooled,1,L4,62,27,31,94,63,34,30,87,7,-1
module_masked__no_lstm__tp06_L2_p0p46,module_ablation_masked,no_lstm,tp06_L2_p0p46,2.0,0.46,run2,oof_pooled,2,L5,19,10,23,162,21,25,21,147,15,-2
data_no_attention__tp06_L2_p0p46,data_ablation_no_module,no_attention,tp06_L2_p0p46,2.0,0.46,run1,fold01,0,L1,113,29,21,164,113,32,21,161,3,0
data_no_attention__tp06_L2_p0p46,data_ablation_no_module,no_attention,tp06_L2_p0p46,2.0,0.46,run1,fold01,1,L2/L4/L5 gate,125,28,27,147,106,28,46,147,0,19
data_no_attention__tp06_L2_p0p46,data_ablation_no_module,no_attention,tp06_L2_p0p46,2.0,0.46,run1,fold01,2,L3,30,2,11,284,30,18,11,268,16,0
data_no_attention__tp06_L2_p0p46,data_ablation_no_module,no_attention,tp06_L2_p0p46,2.0,0.46,run1,fold02,0,L1,107,21,27,171,107,26,27,166,5,0
data_no_attention__tp06_L2_p0p46,data_ablation_no_module,no_attention,tp06_L2_p0p46,2.0,0.46,run1,fold02,1,L2/L4/L5 gate,131,31,21,143,124,31,28,143,0,7
data_no_attention__tp06_L2_p0p46,data_ablation_no_module,no_attention,tp06_L2_p0p46,2.0,0.46,run1,fold02,2,L3,29,7,11,279,29,9,11,277,2,0
data_no_attention__tp06_L2_p0p46,data_ablation_no_module,no_attention,tp06_L2_p0p46,2.0,0.46,run1,fold03,0,L1,113,20,21,172,113,29,21,163,9,0
data_no_attention__tp06_L2_p0p46,data_ablation_no_module,no_attention,tp06_L2_p0p46,2.0,0.46,run1,fold03,1,L2/L4/L5 gate,129,23,23,151,120,23,32,151,0,9
data_no_attention__tp06_L2_p0p46,data_ablation_no_module,no_attention,tp06_L2_p0p46,2.0,0.46,run1,fold03,2,L3,33,8,7,278,33,8,7,278,0,0
data_no_attention__tp06_L2_p0p46,data_ablation_no_module,no_attention,tp06_L2_p0p46,2.0,0.46,run1,oof_pooled,0,L1,333,70,69,507,333,87,69,490,17,0
data_no_attention__tp06_L2_p0p46,data_ablation_no_module,no_attention,tp06_L2_p0p46,2.0,0.46,run1,oof_pooled,1,L2/L4/L5 gate,385,82,71,441,350,82,106,441,0,35
data_no_attention__tp06_L2_p0p46,data_ablation_no_module,no_attention,tp06_L2_p0p46,2.0,0.46,run1,oof_pooled,2,L3,92,17,29,841,92,35,29,823,18,0
data_no_attention__tp06_L2_p0p46,data_ablation_no_module,no_attention,tp06_L2_p0p46,2.0,0.46,run2,fold01,0,L2,15,6,12,39,13,6,14,39,0,2
data_no_attention__tp06_L2_p0p46,data_ablation_no_module,no_attention,tp06_L2_p0p46,2.0,0.46,run2,fold01,1,L4,21,16,10,25,21,16,10,25,0,0
data_no_attention__tp06_L2_p0p46,data_ablation_no_module,no_attention,tp06_L2_p0p46,2.0,0.46,run2,fold01,2,L5,6,8,8,50,6,10,8,48,2,0
data_no_attention__tp06_L2_p0p46,data_ablation_no_module,no_attention,tp06_L2_p0p46,2.0,0.46,run2,fold02,0,L2,16,8,10,37,15,8,11,37,0,1
data_no_attention__tp06_L2_p0p46,data_ablation_no_module,no_attention,tp06_L2_p0p46,2.0,0.46,run2,fold02,1,L4,16,6,15,34,16,7,15,33,1,0
data_no_attention__tp06_L2_p0p46,data_ablation_no_module,no_attention,tp06_L2_p0p46,2.0,0.46,run2,fold02,2,L5,13,12,1,45,13,12,1,45,0,0
data_no_attention__tp06_L2_p0p46,data_ablation_no_module,no_attention,tp06_L2_p0p46,2.0,0.46,run2,fold03,0,L2,17,10,9,35,16,10,10,35,0,1
data_no_attention__tp06_L2_p0p46,data_ablation_no_module,no_attention,tp06_L2_p0p46,2.0,0.46,run2,fold03,1,L4,19,13,12,27,19,13,12,27,0,0
data_no_attention__tp06_L2_p0p46,data_ablation_no_module,no_attention,tp06_L2_p0p46,2.0,0.46,run2,fold03,2,L5,4,8,10,49,4,9,10,48,1,0
data_no_attention__tp06_L2_p0p46,data_ablation_no_module,no_attention,tp06_L2_p0p46,2.0,0.46,run2,oof_pooled,0,L2,48,24,31,111,44,24,35,111,0,4
data_no_attention__tp06_L2_p0p46,data_ablation_no_module,no_attention,tp06_L2_p0p46,2.0,0.46,run2,oof_pooled,1,L4,56,35,37,86,56,36,37,85,1,0
data_no_attention__tp06_L2_p0p46,data_ablation_no_module,no_attention,tp06_L2_p0p46,2.0,0.46,run2,oof_pooled,2,L5,23,28,19,144,23,31,19,141,3,0
module_masked__no_attention__tp06_L2_p0p46,module_ablation_masked,no_attention,tp06_L2_p0p46,2.0,0.46,run1,fold01,0,L1,112,45,22,148,113,32,21,161,-13,-1
module_masked__no_attention__tp06_L2_p0p46,module_ablation_masked,no_attention,tp06_L2_p0p46,2.0,0.46,run1,fold01,1,L2/L4/L5 gate,106,30,46,145,106,28,46,147,-2,0
module_masked__no_attention__tp06_L2_p0p46,module_ablation_masked,no_attention,tp06_L2_p0p46,2.0,0.46,run1,fold01,2,L3,26,8,15,278,30,18,11,268,10,-4
module_masked__no_attention__tp06_L2_p0p46,module_ablation_masked,no_attention,tp06_L2_p0p46,2.0,0.46,run1,fold02,0,L1,105,26,29,166,107,26,27,166,0,-2
module_masked__no_attention__tp06_L2_p0p46,module_ablation_masked,no_attention,tp06_L2_p0p46,2.0,0.46,run1,fold02,1,L2/L4/L5 gate,122,31,30,143,124,31,28,143,0,-2
module_masked__no_attention__tp06_L2_p0p46,module_ablation_masked,no_attention,tp06_L2_p0p46,2.0,0.46,run1,fold02,2,L3,34,8,6,278,29,9,11,277,1,5
module_masked__no_attention__tp06_L2_p0p46,module_ablation_masked,no_attention,tp06_L2_p0p46,2.0,0.46,run1,fold03,0,L1,111,26,23,166,113,29,21,163,3,-2
module_masked__no_attention__tp06_L2_p0p46,module_ablation_masked,no_attention,tp06_L2_p0p46,2.0,0.46,run1,fold03,1,L2/L4/L5 gate,129,29,23,145,120,23,32,151,-6,9
module_masked__no_attention__tp06_L2_p0p46,module_ablation_masked,no_attention,tp06_L2_p0p46,2.0,0.46,run1,fold03,2,L3,28,3,12,283,33,8,7,278,5,-5
module_masked__no_attention__tp06_L2_p0p46,module_ablation_masked,no_attention,tp06_L2_p0p46,2.0,0.46,run1,oof_pooled,0,L1,328,97,74,480,333,87,69,490,-10,-5
module_masked__no_attention__tp06_L2_p0p46,module_ablation_masked,no_attention,tp06_L2_p0p46,2.0,0.46,run1,oof_pooled,1,L2/L4/L5 gate,357,90,99,433,350,82,106,441,-8,7
module_masked__no_attention__tp06_L2_p0p46,module_ablation_masked,no_attention,tp06_L2_p0p46,2.0,0.46,run1,oof_pooled,2,L3,88,19,33,839,92,35,29,823,16,-4
module_masked__no_attention__tp06_L2_p0p46,module_ablation_masked,no_attention,tp06_L2_p0p46,2.0,0.46,run2,fold01,0,L2,21,10,6,35,13,6,14,39,-4,8
module_masked__no_attention__tp06_L2_p0p46,module_ablation_masked,no_attention,tp06_L2_p0p46,2.0,0.46,run2,fold01,1,L4,21,10,10,31,21,16,10,25,6,0
module_masked__no_attention__tp06_L2_p0p46,module_ablation_masked,no_attention,tp06_L2_p0p46,2.0,0.46,run2,fold01,2,L5,7,3,7,55,6,10,8,48,7,1
module_masked__no_attention__tp06_L2_p0p46,module_ablation_masked,no_attention,tp06_L2_p0p46,2.0,0.46,run2,fold02,0,L2,23,12,3,33,15,8,11,37,-4,8
module_masked__no_attention__tp06_L2_p0p46,module_ablation_masked,no_attention,tp06_L2_p0p46,2.0,0.46,run2,fold02,1,L4,18,7,13,33,16,7,15,33,0,2
module_masked__no_attention__tp06_L2_p0p46,module_ablation_masked,no_attention,tp06_L2_p0p46,2.0,0.46,run2,fold02,2,L5,8,3,6,54,13,12,1,45,9,-5
module_masked__no_attention__tp06_L2_p0p46,module_ablation_masked,no_attention,tp06_L2_p0p46,2.0,0.46,run2,fold03,0,L2,19,11,7,34,16,10,10,35,-1,3
module_masked__no_attention__tp06_L2_p0p46,module_ablation_masked,no_attention,tp06_L2_p0p46,2.0,0.46,run2,fold03,1,L4,23,10,8,30,19,13,12,27,3,4
module_masked__no_attention__tp06_L2_p0p46,module_ablation_masked,no_attention,tp06_L2_p0p46,2.0,0.46,run2,fold03,2,L5,4,4,10,53,4,9,10,48,5,0
module_masked__no_attention__tp06_L2_p0p46,module_ablation_masked,no_attention,tp06_L2_p0p46,2.0,0.46,run2,oof_pooled,0,L2,63,33,16,102,44,24,35,111,-9,19
module_masked__no_attention__tp06_L2_p0p46,module_ablation_masked,no_attention,tp06_L2_p0p46,2.0,0.46,run2,oof_pooled,1,L4,62,27,31,94,56,36,37,85,9,6
module_masked__no_attention__tp06_L2_p0p46,module_ablation_masked,no_attention,tp06_L2_p0p46,2.0,0.46,run2,oof_pooled,2,L5,19,10,23,162,23,31,19,141,21,-4
data_full__tp07_L2_p0p82,data_ablation_full,,tp07_L2_p0p82,2.0,0.82,run1,fold01,0,L1,112,30,22,163,112,42,22,151,12,0
data_full__tp07_L2_p0p82,data_ablation_full,,tp07_L2_p0p82,2.0,0.82,run1,fold01,1,L2/L4/L5 gate,126,30,26,145,110,30,42,145,0,16
data_full__tp07_L2_p0p82,data_ablation_full,,tp07_L2_p0p82,2.0,0.82,run1,fold01,2,L3,26,3,15,283,26,7,15,279,4,0
data_full__tp07_L2_p0p82,data_ablation_full,,tp07_L2_p0p82,2.0,0.82,run1,fold02,0,L1,105,22,29,170,105,29,29,163,7,0
data_full__tp07_L2_p0p82,data_ablation_full,,tp07_L2_p0p82,2.0,0.82,run1,fold02,1,L2/L4/L5 gate,127,31,25,143,119,31,33,143,0,8
data_full__tp07_L2_p0p82,data_ablation_full,,tp07_L2_p0p82,2.0,0.82,run1,fold02,2,L3,34,7,6,279,34,8,6,278,1,0
data_full__tp07_L2_p0p82,data_ablation_full,,tp07_L2_p0p82,2.0,0.82,run1,fold03,0,L1,111,21,23,171,111,26,23,166,5,0
data_full__tp07_L2_p0p82,data_ablation_full,,tp07_L2_p0p82,2.0,0.82,run1,fold03,1,L2/L4/L5 gate,135,29,17,145,129,29,23,145,0,6
data_full__tp07_L2_p0p82,data_ablation_full,,tp07_L2_p0p82,2.0,0.82,run1,fold03,2,L3,28,2,12,284,28,3,12,283,1,0
data_full__tp07_L2_p0p82,data_ablation_full,,tp07_L2_p0p82,2.0,0.82,run1,oof_pooled,0,L1,328,73,74,504,328,97,74,480,24,0
data_full__tp07_L2_p0p82,data_ablation_full,,tp07_L2_p0p82,2.0,0.82,run1,oof_pooled,1,L2/L4/L5 gate,388,90,68,433,358,90,98,433,0,30
data_full__tp07_L2_p0p82,data_ablation_full,,tp07_L2_p0p82,2.0,0.82,run1,oof_pooled,2,L3,88,12,33,846,88,18,33,840,6,0
data_full__tp07_L2_p0p82,data_ablation_full,,tp07_L2_p0p82,2.0,0.82,run2,fold01,0,L2,22,10,5,35,22,10,5,35,0,0
data_full__tp07_L2_p0p82,data_ablation_full,,tp07_L2_p0p82,2.0,0.82,run2,fold01,1,L4,21,8,10,33,21,9,10,32,1,0
data_full__tp07_L2_p0p82,data_ablation_full,,tp07_L2_p0p82,2.0,0.82,run2,fold01,2,L5,7,4,7,54,7,3,7,55,-1,0
data_full__tp07_L2_p0p82,data_ablation_full,,tp07_L2_p0p82,2.0,0.82,run2,fold02,0,L2,21,12,5,33,23,12,3,33,0,-2
data_full__tp07_L2_p0p82,data_ablation_full,,tp07_L2_p0p82,2.0,0.82,run2,fold02,1,L4,18,9,13,31,18,7,13,33,-2,0
data_full__tp07_L2_p0p82,data_ablation_full,,tp07_L2_p0p82,2.0,0.82,run2,fold02,2,L5,8,3,6,54,8,3,6,54,0,0
data_full__tp07_L2_p0p82,data_ablation_full,,tp07_L2_p0p82,2.0,0.82,run2,fold03,0,L2,20,11,6,34,18,11,8,34,0,2
data_full__tp07_L2_p0p82,data_ablation_full,,tp07_L2_p0p82,2.0,0.82,run2,fold03,1,L4,23,10,8,30,23,10,8,30,0,0
data_full__tp07_L2_p0p82,data_ablation_full,,tp07_L2_p0p82,2.0,0.82,run2,fold03,2,L5,4,3,10,54,4,5,10,52,2,0
data_full__tp07_L2_p0p82,data_ablation_full,,tp07_L2_p0p82,2.0,0.82,run2,oof_pooled,0,L2,63,33,16,102,63,33,16,102,0,0
data_full__tp07_L2_p0p82,data_ablation_full,,tp07_L2_p0p82,2.0,0.82,run2,oof_pooled,1,L4,62,27,31,94,62,26,31,95,-1,0
data_full__tp07_L2_p0p82,data_ablation_full,,tp07_L2_p0p82,2.0,0.82,run2,oof_pooled,2,L5,19,10,23,162,19,11,23,161,1,0
data_no_conv__tp07_L2_p0p82,data_ablation_no_module,no_conv,tp07_L2_p0p82,2.0,0.82,run1,fold01,0,L1,109,34,25,159,109,45,25,148,11,0
data_no_conv__tp07_L2_p0p82,data_ablation_no_module,no_conv,tp07_L2_p0p82,2.0,0.82,run1,fold01,1,L2/L4/L5 gate,120,30,32,145,102,30,50,145,0,18
data_no_conv__tp07_L2_p0p82,data_ablation_no_module,no_conv,tp07_L2_p0p82,2.0,0.82,run1,fold01,2,L3,30,4,11,282,30,11,11,275,7,0
data_no_conv__tp07_L2_p0p82,data_ablation_no_module,no_conv,tp07_L2_p0p82,2.0,0.82,run1,fold02,0,L1,110,26,24,166,110,33,24,159,7,0
data_no_conv__tp07_L2_p0p82,data_ablation_no_module,no_conv,tp07_L2_p0p82,2.0,0.82,run1,fold02,1,L2/L4/L5 gate,121,28,31,146,112,28,40,146,0,9
data_no_conv__tp07_L2_p0p82,data_ablation_no_module,no_conv,tp07_L2_p0p82,2.0,0.82,run1,fold02,2,L3,30,11,10,275,30,13,10,273,2,0
data_no_conv__tp07_L2_p0p82,data_ablation_no_module,no_conv,tp07_L2_p0p82,2.0,0.82,run1,fold03,0,L1,108,28,26,164,108,37,26,155,9,0
data_no_conv__tp07_L2_p0p82,data_ablation_no_module,no_conv,tp07_L2_p0p82,2.0,0.82,run1,fold03,1,L2/L4/L5 gate,110,23,42,151,102,23,50,151,0,8
data_no_conv__tp07_L2_p0p82,data_ablation_no_module,no_conv,tp07_L2_p0p82,2.0,0.82,run1,fold03,2,L3,35,22,5,264,35,21,5,265,-1,0
data_no_conv__tp07_L2_p0p82,data_ablation_no_module,no_conv,tp07_L2_p0p82,2.0,0.82,run1,oof_pooled,0,L1,327,88,75,489,327,115,75,462,27,0
data_no_conv__tp07_L2_p0p82,data_ablation_no_module,no_conv,tp07_L2_p0p82,2.0,0.82,run1,oof_pooled,1,L2/L4/L5 gate,351,81,105,442,316,81,140,442,0,35
data_no_conv__tp07_L2_p0p82,data_ablation_no_module,no_conv,tp07_L2_p0p82,2.0,0.82,run1,oof_pooled,2,L3,95,37,26,821,95,45,26,813,8,0
data_no_conv__tp07_L2_p0p82,data_ablation_no_module,no_conv,tp07_L2_p0p82,2.0,0.82,run2,fold01,0,L2,15,12,12,33,15,12,12,33,0,0
data_no_conv__tp07_L2_p0p82,data_ablation_no_module,no_conv,tp07_L2_p0p82,2.0,0.82,run2,fold01,1,L4,16,7,15,34,16,7,15,34,0,0
data_no_conv__tp07_L2_p0p82,data_ablation_no_module,no_conv,tp07_L2_p0p82,2.0,0.82,run2,fold01,2,L5,9,13,5,45,9,13,5,45,0,0
data_no_conv__tp07_L2_p0p82,data_ablation_no_module,no_conv,tp07_L2_p0p82,2.0,0.82,run2,fold02,0,L2,17,12,9,33,17,12,9,33,0,0
data_no_conv__tp07_L2_p0p82,data_ablation_no_module,no_conv,tp07_L2_p0p82,2.0,0.82,run2,fold02,1,L4,12,6,19,34,12,6,19,34,0,0
data_no_conv__tp07_L2_p0p82,data_ablation_no_module,no_conv,tp07_L2_p0p82,2.0,0.82,run2,fold02,2,L5,11,13,3,44,11,13,3,44,0,0
data_no_conv__tp07_L2_p0p82,data_ablation_no_module,no_conv,tp07_L2_p0p82,2.0,0.82,run2,fold03,0,L2,21,21,5,24,21,21,5,24,0,0
data_no_conv__tp07_L2_p0p82,data_ablation_no_module,no_conv,tp07_L2_p0p82,2.0,0.82,run2,fold03,1,L4,14,6,17,34,14,6,17,34,0,0
data_no_conv__tp07_L2_p0p82,data_ablation_no_module,no_conv,tp07_L2_p0p82,2.0,0.82,run2,fold03,2,L5,4,5,10,52,4,5,10,52,0,0
data_no_conv__tp07_L2_p0p82,data_ablation_no_module,no_conv,tp07_L2_p0p82,2.0,0.82,run2,oof_pooled,0,L2,53,45,26,90,53,45,26,90,0,0
data_no_conv__tp07_L2_p0p82,data_ablation_no_module,no_conv,tp07_L2_p0p82,2.0,0.82,run2,oof_pooled,1,L4,42,19,51,102,42,19,51,102,0,0
data_no_conv__tp07_L2_p0p82,data_ablation_no_module,no_conv,tp07_L2_p0p82,2.0,0.82,run2,oof_pooled,2,L5,24,31,18,141,24,31,18,141,0,0
module_masked__no_conv__tp07_L2_p0p82,module_ablation_masked,no_conv,tp07_L2_p0p82,2.0,0.82,run1,fold01,0,L1,112,42,22,151,109,45,25,148,3,3
module_masked__no_conv__tp07_L2_p0p82,module_ablation_masked,no_conv,tp07_L2_p0p82,2.0,0.82,run1,fold01,1,L2/L4/L5 gate,110,30,42,145,102,30,50,145,0,8
module_masked__no_conv__tp07_L2_p0p82,module_ablation_masked,no_conv,tp07_L2_p0p82,2.0,0.82,run1,fold01,2,L3,26,7,15,279,30,11,11,275,4,-4
module_masked__no_conv__tp07_L2_p0p82,module_ablation_masked,no_conv,tp07_L2_p0p82,2.0,0.82,run1,fold02,0,L1,105,29,29,163,110,33,24,159,4,-5
module_masked__no_conv__tp07_L2_p0p82,module_ablation_masked,no_conv,tp07_L2_p0p82,2.0,0.82,run1,fold02,1,L2/L4/L5 gate,119,31,33,143,112,28,40,146,-3,7
module_masked__no_conv__tp07_L2_p0p82,module_ablation_masked,no_conv,tp07_L2_p0p82,2.0,0.82,run1,fold02,2,L3,34,8,6,278,30,13,10,273,5,4
module_masked__no_conv__tp07_L2_p0p82,module_ablation_masked,no_conv,tp07_L2_p0p82,2.0,0.82,run1,fold03,0,L1,111,26,23,166,108,37,26,155,11,3
module_masked__no_conv__tp07_L2_p0p82,module_ablation_masked,no_conv,tp07_L2_p0p82,2.0,0.82,run1,fold03,1,L2/L4/L5 gate,129,29,23,145,102,23,50,151,-6,27
module_masked__no_conv__tp07_L2_p0p82,module_ablation_masked,no_conv,tp07_L2_p0p82,2.0,0.82,run1,fold03,2,L3,28,3,12,283,35,21,5,265,18,-7
module_masked__no_conv__tp07_L2_p0p82,module_ablation_masked,no_conv,tp07_L2_p0p82,2.0,0.82,run1,oof_pooled,0,L1,328,97,74,480,327,115,75,462,18,1
module_masked__no_conv__tp07_L2_p0p82,module_ablation_masked,no_conv,tp07_L2_p0p82,2.0,0.82,run1,oof_pooled,1,L2/L4/L5 gate,358,90,98,433,316,81,140,442,-9,42
module_masked__no_conv__tp07_L2_p0p82,module_ablation_masked,no_conv,tp07_L2_p0p82,2.0,0.82,run1,oof_pooled,2,L3,88,18,33,840,95,45,26,813,27,-7
module_masked__no_conv__tp07_L2_p0p82,module_ablation_masked,no_conv,tp07_L2_p0p82,2.0,0.82,run2,fold01,0,L2,22,10,5,35,15,12,12,33,2,7
module_masked__no_conv__tp07_L2_p0p82,module_ablation_masked,no_conv,tp07_L2_p0p82,2.0,0.82,run2,fold01,1,L4,21,9,10,32,16,7,15,34,-2,5
module_masked__no_conv__tp07_L2_p0p82,module_ablation_masked,no_conv,tp07_L2_p0p82,2.0,0.82,run2,fold01,2,L5,7,3,7,55,9,13,5,45,10,-2
module_masked__no_conv__tp07_L2_p0p82,module_ablation_masked,no_conv,tp07_L2_p0p82,2.0,0.82,run2,fold02,0,L2,23,12,3,33,17,12,9,33,0,6
module_masked__no_conv__tp07_L2_p0p82,module_ablation_masked,no_conv,tp07_L2_p0p82,2.0,0.82,run2,fold02,1,L4,18,7,13,33,12,6,19,34,-1,6
module_masked__no_conv__tp07_L2_p0p82,module_ablation_masked,no_conv,tp07_L2_p0p82,2.0,0.82,run2,fold02,2,L5,8,3,6,54,11,13,3,44,10,-3
module_masked__no_conv__tp07_L2_p0p82,module_ablation_masked,no_conv,tp07_L2_p0p82,2.0,0.82,run2,fold03,0,L2,18,11,8,34,21,21,5,24,10,-3
module_masked__no_conv__tp07_L2_p0p82,module_ablation_masked,no_conv,tp07_L2_p0p82,2.0,0.82,run2,fold03,1,L4,23,10,8,30,14,6,17,34,-4,9
module_masked__no_conv__tp07_L2_p0p82,module_ablation_masked,no_conv,tp07_L2_p0p82,2.0,0.82,run2,fold03,2,L5,4,5,10,52,4,5,10,52,0,0
module_masked__no_conv__tp07_L2_p0p82,module_ablation_masked,no_conv,tp07_L2_p0p82,2.0,0.82,run2,oof_pooled,0,L2,63,33,16,102,53,45,26,90,12,10
module_masked__no_conv__tp07_L2_p0p82,module_ablation_masked,no_conv,tp07_L2_p0p82,2.0,0.82,run2,oof_pooled,1,L4,62,26,31,95,42,19,51,102,-7,20
module_masked__no_conv__tp07_L2_p0p82,module_ablation_masked,no_conv,tp07_L2_p0p82,2.0,0.82,run2,oof_pooled,2,L5,19,11,23,161,24,31,18,141,20,-5
data_no_lstm__tp07_L2_p0p82,data_ablation_no_module,no_lstm,tp07_L2_p0p82,2.0,0.82,run1,fold01,0,L1,102,35,32,158,102,42,32,151,7,0
data_no_lstm__tp07_L2_p0p82,data_ablation_no_module,no_lstm,tp07_L2_p0p82,2.0,0.82,run1,fold01,1,L2/L4/L5 gate,117,40,35,135,103,40,49,135,0,14
data_no_lstm__tp07_L2_p0p82,data_ablation_no_module,no_lstm,tp07_L2_p0p82,2.0,0.82,run1,fold01,2,L3,27,6,14,280,27,13,14,273,7,0
data_no_lstm__tp07_L2_p0p82,data_ablation_no_module,no_lstm,tp07_L2_p0p82,2.0,0.82,run1,fold02,0,L1,101,36,33,156,101,39,33,153,3,0
data_no_lstm__tp07_L2_p0p82,data_ablation_no_module,no_lstm,tp07_L2_p0p82,2.0,0.82,run1,fold02,1,L2/L4/L5 gate,113,37,39,137,108,37,44,137,0,5
data_no_lstm__tp07_L2_p0p82,data_ablation_no_module,no_lstm,tp07_L2_p0p82,2.0,0.82,run1,fold02,2,L3,28,11,12,275,28,13,12,273,2,0
data_no_lstm__tp07_L2_p0p82,data_ablation_no_module,no_lstm,tp07_L2_p0p82,2.0,0.82,run1,fold03,0,L1,104,28,30,164,104,36,30,156,8,0
data_no_lstm__tp07_L2_p0p82,data_ablation_no_module,no_lstm,tp07_L2_p0p82,2.0,0.82,run1,fold03,1,L2/L4/L5 gate,120,30,32,144,111,30,41,144,0,9
data_no_lstm__tp07_L2_p0p82,data_ablation_no_module,no_lstm,tp07_L2_p0p82,2.0,0.82,run1,fold03,2,L3,30,14,10,272,30,15,10,271,1,0
data_no_lstm__tp07_L2_p0p82,data_ablation_no_module,no_lstm,tp07_L2_p0p82,2.0,0.82,run1,oof_pooled,0,L1,307,99,95,478,307,117,95,460,18,0
data_no_lstm__tp07_L2_p0p82,data_ablation_no_module,no_lstm,tp07_L2_p0p82,2.0,0.82,run1,oof_pooled,1,L2/L4/L5 gate,350,107,106,416,322,107,134,416,0,28
data_no_lstm__tp07_L2_p0p82,data_ablation_no_module,no_lstm,tp07_L2_p0p82,2.0,0.82,run1,oof_pooled,2,L3,85,31,36,827,85,41,36,817,10,0
data_no_lstm__tp07_L2_p0p82,data_ablation_no_module,no_lstm,tp07_L2_p0p82,2.0,0.82,run2,fold01,0,L2,16,2,11,43,14,2,13,43,0,2
data_no_lstm__tp07_L2_p0p82,data_ablation_no_module,no_lstm,tp07_L2_p0p82,2.0,0.82,run2,fold01,1,L4,21,11,10,30,21,11,10,30,0,0
data_no_lstm__tp07_L2_p0p82,data_ablation_no_module,no_lstm,tp07_L2_p0p82,2.0,0.82,run2,fold01,2,L5,9,13,5,45,9,15,5,43,2,0
data_no_lstm__tp07_L2_p0p82,data_ablation_no_module,no_lstm,tp07_L2_p0p82,2.0,0.82,run2,fold02,0,L2,14,11,12,34,14,11,12,34,0,0
data_no_lstm__tp07_L2_p0p82,data_ablation_no_module,no_lstm,tp07_L2_p0p82,2.0,0.82,run2,fold02,1,L4,20,17,11,23,20,17,11,23,0,0
data_no_lstm__tp07_L2_p0p82,data_ablation_no_module,no_lstm,tp07_L2_p0p82,2.0,0.82,run2,fold02,2,L5,6,3,8,54,6,3,8,54,0,0
data_no_lstm__tp07_L2_p0p82,data_ablation_no_module,no_lstm,tp07_L2_p0p82,2.0,0.82,run2,fold03,0,L2,20,10,6,35,19,10,7,35,0,1
data_no_lstm__tp07_L2_p0p82,data_ablation_no_module,no_lstm,tp07_L2_p0p82,2.0,0.82,run2,fold03,1,L4,22,6,9,34,22,7,9,33,1,0
data_no_lstm__tp07_L2_p0p82,data_ablation_no_module,no_lstm,tp07_L2_p0p82,2.0,0.82,run2,fold03,2,L5,6,7,8,50,6,7,8,50,0,0
data_no_lstm__tp07_L2_p0p82,data_ablation_no_module,no_lstm,tp07_L2_p0p82,2.0,0.82,run2,oof_pooled,0,L2,50,23,29,112,47,23,32,112,0,3
data_no_lstm__tp07_L2_p0p82,data_ablation_no_module,no_lstm,tp07_L2_p0p82,2.0,0.82,run2,oof_pooled,1,L4,63,34,30,87,63,35,30,86,1,0
data_no_lstm__tp07_L2_p0p82,data_ablation_no_module,no_lstm,tp07_L2_p0p82,2.0,0.82,run2,oof_pooled,2,L5,21,23,21,149,21,25,21,147,2,0
module_masked__no_lstm__tp07_L2_p0p82,module_ablation_masked,no_lstm,tp07_L2_p0p82,2.0,0.82,run1,fold01,0,L1,112,42,22,151,102,42,32,151,0,10
module_masked__no_lstm__tp07_L2_p0p82,module_ablation_masked,no_lstm,tp07_L2_p0p82,2.0,0.82,run1,fold01,1,L2/L4/L5 gate,110,30,42,145,103,40,49,135,10,7
module_masked__no_lstm__tp07_L2_p0p82,module_ablation_masked,no_lstm,tp07_L2_p0p82,2.0,0.82,run1,fold01,2,L3,26,7,15,279,27,13,14,273,6,-1
module_masked__no_lstm__tp07_L2_p0p82,module_ablation_masked,no_lstm,tp07_L2_p0p82,2.0,0.82,run1,fold02,0,L1,105,29,29,163,101,39,33,153,10,4
module_masked__no_lstm__tp07_L2_p0p82,module_ablation_masked,no_lstm,tp07_L2_p0p82,2.0,0.82,run1,fold02,1,L2/L4/L5 gate,119,31,33,143,108,37,44,137,6,11
module_masked__no_lstm__tp07_L2_p0p82,module_ablation_masked,no_lstm,tp07_L2_p0p82,2.0,0.82,run1,fold02,2,L3,34,8,6,278,28,13,12,273,5,6
module_masked__no_lstm__tp07_L2_p0p82,module_ablation_masked,no_lstm,tp07_L2_p0p82,2.0,0.82,run1,fold03,0,L1,111,26,23,166,104,36,30,156,10,7
module_masked__no_lstm__tp07_L2_p0p82,module_ablation_masked,no_lstm,tp07_L2_p0p82,2.0,0.82,run1,fold03,1,L2/L4/L5 gate,129,29,23,145,111,30,41,144,1,18
module_masked__no_lstm__tp07_L2_p0p82,module_ablation_masked,no_lstm,tp07_L2_p0p82,2.0,0.82,run1,fold03,2,L3,28,3,12,283,30,15,10,271,12,-2
module_masked__no_lstm__tp07_L2_p0p82,module_ablation_masked,no_lstm,tp07_L2_p0p82,2.0,0.82,run1,oof_pooled,0,L1,328,97,74,480,307,117,95,460,20,21
module_masked__no_lstm__tp07_L2_p0p82,module_ablation_masked,no_lstm,tp07_L2_p0p82,2.0,0.82,run1,oof_pooled,1,L2/L4/L5 gate,358,90,98,433,322,107,134,416,17,36
module_masked__no_lstm__tp07_L2_p0p82,module_ablation_masked,no_lstm,tp07_L2_p0p82,2.0,0.82,run1,oof_pooled,2,L3,88,18,33,840,85,41,36,817,23,3
module_masked__no_lstm__tp07_L2_p0p82,module_ablation_masked,no_lstm,tp07_L2_p0p82,2.0,0.82,run2,fold01,0,L2,22,10,5,35,14,2,13,43,-8,8
module_masked__no_lstm__tp07_L2_p0p82,module_ablation_masked,no_lstm,tp07_L2_p0p82,2.0,0.82,run2,fold01,1,L4,21,9,10,32,21,11,10,30,2,0
module_masked__no_lstm__tp07_L2_p0p82,module_ablation_masked,no_lstm,tp07_L2_p0p82,2.0,0.82,run2,fold01,2,L5,7,3,7,55,9,15,5,43,12,-2
module_masked__no_lstm__tp07_L2_p0p82,module_ablation_masked,no_lstm,tp07_L2_p0p82,2.0,0.82,run2,fold02,0,L2,23,12,3,33,14,11,12,34,-1,9
module_masked__no_lstm__tp07_L2_p0p82,module_ablation_masked,no_lstm,tp07_L2_p0p82,2.0,0.82,run2,fold02,1,L4,18,7,13,33,20,17,11,23,10,-2
module_masked__no_lstm__tp07_L2_p0p82,module_ablation_masked,no_lstm,tp07_L2_p0p82,2.0,0.82,run2,fold02,2,L5,8,3,6,54,6,3,8,54,0,2
module_masked__no_lstm__tp07_L2_p0p82,module_ablation_masked,no_lstm,tp07_L2_p0p82,2.0,0.82,run2,fold03,0,L2,18,11,8,34,19,10,7,35,-1,-1
module_masked__no_lstm__tp07_L2_p0p82,module_ablation_masked,no_lstm,tp07_L2_p0p82,2.0,0.82,run2,fold03,1,L4,23,10,8,30,22,7,9,33,-3,1
module_masked__no_lstm__tp07_L2_p0p82,module_ablation_masked,no_lstm,tp07_L2_p0p82,2.0,0.82,run2,fold03,2,L5,4,5,10,52,6,7,8,50,2,-2
module_masked__no_lstm__tp07_L2_p0p82,module_ablation_masked,no_lstm,tp07_L2_p0p82,2.0,0.82,run2,oof_pooled,0,L2,63,33,16,102,47,23,32,112,-10,16
module_masked__no_lstm__tp07_L2_p0p82,module_ablation_masked,no_lstm,tp07_L2_p0p82,2.0,0.82,run2,oof_pooled,1,L4,62,26,31,95,63,35,30,86,9,-1
module_masked__no_lstm__tp07_L2_p0p82,module_ablation_masked,no_lstm,tp07_L2_p0p82,2.0,0.82,run2,oof_pooled,2,L5,19,11,23,161,21,25,21,147,14,-2
data_no_attention__tp07_L2_p0p82,data_ablation_no_module,no_attention,tp07_L2_p0p82,2.0,0.82,run1,fold01,0,L1,113,29,21,164,113,32,21,161,3,0
data_no_attention__tp07_L2_p0p82,data_ablation_no_module,no_attention,tp07_L2_p0p82,2.0,0.82,run1,fold01,1,L2/L4/L5 gate,125,28,27,147,106,28,46,147,0,19
data_no_attention__tp07_L2_p0p82,data_ablation_no_module,no_attention,tp07_L2_p0p82,2.0,0.82,run1,fold01,2,L3,30,2,11,284,30,18,11,268,16,0
data_no_attention__tp07_L2_p0p82,data_ablation_no_module,no_attention,tp07_L2_p0p82,2.0,0.82,run1,fold02,0,L1,107,21,27,171,107,26,27,166,5,0
data_no_attention__tp07_L2_p0p82,data_ablation_no_module,no_attention,tp07_L2_p0p82,2.0,0.82,run1,fold02,1,L2/L4/L5 gate,131,31,21,143,124,31,28,143,0,7
data_no_attention__tp07_L2_p0p82,data_ablation_no_module,no_attention,tp07_L2_p0p82,2.0,0.82,run1,fold02,2,L3,29,7,11,279,29,9,11,277,2,0
data_no_attention__tp07_L2_p0p82,data_ablation_no_module,no_attention,tp07_L2_p0p82,2.0,0.82,run1,fold03,0,L1,113,20,21,172,113,26,21,166,6,0
data_no_attention__tp07_L2_p0p82,data_ablation_no_module,no_attention,tp07_L2_p0p82,2.0,0.82,run1,fold03,1,L2/L4/L5 gate,129,23,23,151,123,23,29,151,0,6
data_no_attention__tp07_L2_p0p82,data_ablation_no_module,no_attention,tp07_L2_p0p82,2.0,0.82,run1,fold03,2,L3,33,8,7,278,33,8,7,278,0,0
data_no_attention__tp07_L2_p0p82,data_ablation_no_module,no_attention,tp07_L2_p0p82,2.0,0.82,run1,oof_pooled,0,L1,333,70,69,507,333,84,69,493,14,0
data_no_attention__tp07_L2_p0p82,data_ablation_no_module,no_attention,tp07_L2_p0p82,2.0,0.82,run1,oof_pooled,1,L2/L4/L5 gate,385,82,71,441,353,82,103,441,0,32
data_no_attention__tp07_L2_p0p82,data_ablation_no_module,no_attention,tp07_L2_p0p82,2.0,0.82,run1,oof_pooled,2,L3,92,17,29,841,92,35,29,823,18,0
data_no_attention__tp07_L2_p0p82,data_ablation_no_module,no_attention,tp07_L2_p0p82,2.0,0.82,run2,fold01,0,L2,15,6,12,39,12,6,15,39,0,3
data_no_attention__tp07_L2_p0p82,data_ablation_no_module,no_attention,tp07_L2_p0p82,2.0,0.82,run2,fold01,1,L4,21,16,10,25,21,18,10,23,2,0
data_no_attention__tp07_L2_p0p82,data_ablation_no_module,no_attention,tp07_L2_p0p82,2.0,0.82,run2,fold01,2,L5,6,8,8,50,6,9,8,49,1,0
data_no_attention__tp07_L2_p0p82,data_ablation_no_module,no_attention,tp07_L2_p0p82,2.0,0.82,run2,fold02,0,L2,16,8,10,37,15,8,11,37,0,1
data_no_attention__tp07_L2_p0p82,data_ablation_no_module,no_attention,tp07_L2_p0p82,2.0,0.82,run2,fold02,1,L4,16,6,15,34,16,7,15,33,1,0
data_no_attention__tp07_L2_p0p82,data_ablation_no_module,no_attention,tp07_L2_p0p82,2.0,0.82,run2,fold02,2,L5,13,12,1,45,13,12,1,45,0,0
data_no_attention__tp07_L2_p0p82,data_ablation_no_module,no_attention,tp07_L2_p0p82,2.0,0.82,run2,fold03,0,L2,17,10,9,35,16,10,10,35,0,1
data_no_attention__tp07_L2_p0p82,data_ablation_no_module,no_attention,tp07_L2_p0p82,2.0,0.82,run2,fold03,1,L4,19,13,12,27,19,13,12,27,0,0
data_no_attention__tp07_L2_p0p82,data_ablation_no_module,no_attention,tp07_L2_p0p82,2.0,0.82,run2,fold03,2,L5,4,8,10,49,4,9,10,48,1,0
data_no_attention__tp07_L2_p0p82,data_ablation_no_module,no_attention,tp07_L2_p0p82,2.0,0.82,run2,oof_pooled,0,L2,48,24,31,111,43,24,36,111,0,5
data_no_attention__tp07_L2_p0p82,data_ablation_no_module,no_attention,tp07_L2_p0p82,2.0,0.82,run2,oof_pooled,1,L4,56,35,37,86,56,38,37,83,3,0
data_no_attention__tp07_L2_p0p82,data_ablation_no_module,no_attention,tp07_L2_p0p82,2.0,0.82,run2,oof_pooled,2,L5,23,28,19,144,23,30,19,142,2,0
module_masked__no_attention__tp07_L2_p0p82,module_ablation_masked,no_attention,tp07_L2_p0p82,2.0,0.82,run1,fold01,0,L1,112,42,22,151,113,32,21,161,-10,-1
module_masked__no_attention__tp07_L2_p0p82,module_ablation_masked,no_attention,tp07_L2_p0p82,2.0,0.82,run1,fold01,1,L2/L4/L5 gate,110,30,42,145,106,28,46,147,-2,4
module_masked__no_attention__tp07_L2_p0p82,module_ablation_masked,no_attention,tp07_L2_p0p82,2.0,0.82,run1,fold01,2,L3,26,7,15,279,30,18,11,268,11,-4
module_masked__no_attention__tp07_L2_p0p82,module_ablation_masked,no_attention,tp07_L2_p0p82,2.0,0.82,run1,fold02,0,L1,105,29,29,163,107,26,27,166,-3,-2
module_masked__no_attention__tp07_L2_p0p82,module_ablation_masked,no_attention,tp07_L2_p0p82,2.0,0.82,run1,fold02,1,L2/L4/L5 gate,119,31,33,143,124,31,28,143,0,-5
module_masked__no_attention__tp07_L2_p0p82,module_ablation_masked,no_attention,tp07_L2_p0p82,2.0,0.82,run1,fold02,2,L3,34,8,6,278,29,9,11,277,1,5
module_masked__no_attention__tp07_L2_p0p82,module_ablation_masked,no_attention,tp07_L2_p0p82,2.0,0.82,run1,fold03,0,L1,111,26,23,166,113,26,21,166,0,-2
module_masked__no_attention__tp07_L2_p0p82,module_ablation_masked,no_attention,tp07_L2_p0p82,2.0,0.82,run1,fold03,1,L2/L4/L5 gate,129,29,23,145,123,23,29,151,-6,6
module_masked__no_attention__tp07_L2_p0p82,module_ablation_masked,no_attention,tp07_L2_p0p82,2.0,0.82,run1,fold03,2,L3,28,3,12,283,33,8,7,278,5,-5
module_masked__no_attention__tp07_L2_p0p82,module_ablation_masked,no_attention,tp07_L2_p0p82,2.0,0.82,run1,oof_pooled,0,L1,328,97,74,480,333,84,69,493,-13,-5
module_masked__no_attention__tp07_L2_p0p82,module_ablation_masked,no_attention,tp07_L2_p0p82,2.0,0.82,run1,oof_pooled,1,L2/L4/L5 gate,358,90,98,433,353,82,103,441,-8,5
module_masked__no_attention__tp07_L2_p0p82,module_ablation_masked,no_attention,tp07_L2_p0p82,2.0,0.82,run1,oof_pooled,2,L3,88,18,33,840,92,35,29,823,17,-4
module_masked__no_attention__tp07_L2_p0p82,module_ablation_masked,no_attention,tp07_L2_p0p82,2.0,0.82,run2,fold01,0,L2,22,10,5,35,12,6,15,39,-4,10
module_masked__no_attention__tp07_L2_p0p82,module_ablation_masked,no_attention,tp07_L2_p0p82,2.0,0.82,run2,fold01,1,L4,21,9,10,32,21,18,10,23,9,0
module_masked__no_attention__tp07_L2_p0p82,module_ablation_masked,no_attention,tp07_L2_p0p82,2.0,0.82,run2,fold01,2,L5,7,3,7,55,6,9,8,49,6,1
module_masked__no_attention__tp07_L2_p0p82,module_ablation_masked,no_attention,tp07_L2_p0p82,2.0,0.82,run2,fold02,0,L2,23,12,3,33,15,8,11,37,-4,8
module_masked__no_attention__tp07_L2_p0p82,module_ablation_masked,no_attention,tp07_L2_p0p82,2.0,0.82,run2,fold02,1,L4,18,7,13,33,16,7,15,33,0,2
module_masked__no_attention__tp07_L2_p0p82,module_ablation_masked,no_attention,tp07_L2_p0p82,2.0,0.82,run2,fold02,2,L5,8,3,6,54,13,12,1,45,9,-5
module_masked__no_attention__tp07_L2_p0p82,module_ablation_masked,no_attention,tp07_L2_p0p82,2.0,0.82,run2,fold03,0,L2,18,11,8,34,16,10,10,35,-1,2
module_masked__no_attention__tp07_L2_p0p82,module_ablation_masked,no_attention,tp07_L2_p0p82,2.0,0.82,run2,fold03,1,L4,23,10,8,30,19,13,12,27,3,4
module_masked__no_attention__tp07_L2_p0p82,module_ablation_masked,no_attention,tp07_L2_p0p82,2.0,0.82,run2,fold03,2,L5,4,5,10,52,4,9,10,48,4,0
module_masked__no_attention__tp07_L2_p0p82,module_ablation_masked,no_attention,tp07_L2_p0p82,2.0,0.82,run2,oof_pooled,0,L2,63,33,16,102,43,24,36,111,-9,20
module_masked__no_attention__tp07_L2_p0p82,module_ablation_masked,no_attention,tp07_L2_p0p82,2.0,0.82,run2,oof_pooled,1,L4,62,26,31,95,56,38,37,83,12,6
module_masked__no_attention__tp07_L2_p0p82,module_ablation_masked,no_attention,tp07_L2_p0p82,2.0,0.82,run2,oof_pooled,2,L5,19,11,23,161,23,30,19,142,19,-4
data_full__tp08_L3_m0p08,data_ablation_full,,tp08_L3_m0p08,3.0,-0.08,run1,fold01,0,L1,112,30,22,163,112,30,22,163,0,0
data_full__tp08_L3_m0p08,data_ablation_full,,tp08_L3_m0p08,3.0,-0.08,run1,fold01,1,L2/L4/L5 gate,126,30,26,145,126,30,26,145,0,0
data_full__tp08_L3_m0p08,data_ablation_full,,tp08_L3_m0p08,3.0,-0.08,run1,fold01,2,L3,26,3,15,283,26,3,15,283,0,0
data_full__tp08_L3_m0p08,data_ablation_full,,tp08_L3_m0p08,3.0,-0.08,run1,fold02,0,L1,105,22,29,170,105,22,29,170,0,0
data_full__tp08_L3_m0p08,data_ablation_full,,tp08_L3_m0p08,3.0,-0.08,run1,fold02,1,L2/L4/L5 gate,127,31,25,143,127,31,25,143,0,0
data_full__tp08_L3_m0p08,data_ablation_full,,tp08_L3_m0p08,3.0,-0.08,run1,fold02,2,L3,34,7,6,279,34,7,6,279,0,0
data_full__tp08_L3_m0p08,data_ablation_full,,tp08_L3_m0p08,3.0,-0.08,run1,fold03,0,L1,111,21,23,171,111,21,23,171,0,0
data_full__tp08_L3_m0p08,data_ablation_full,,tp08_L3_m0p08,3.0,-0.08,run1,fold03,1,L2/L4/L5 gate,135,29,17,145,135,29,17,145,0,0
data_full__tp08_L3_m0p08,data_ablation_full,,tp08_L3_m0p08,3.0,-0.08,run1,fold03,2,L3,28,2,12,284,28,2,12,284,0,0
data_full__tp08_L3_m0p08,data_ablation_full,,tp08_L3_m0p08,3.0,-0.08,run1,oof_pooled,0,L1,328,73,74,504,328,73,74,504,0,0
data_full__tp08_L3_m0p08,data_ablation_full,,tp08_L3_m0p08,3.0,-0.08,run1,oof_pooled,1,L2/L4/L5 gate,388,90,68,433,388,90,68,433,0,0
data_full__tp08_L3_m0p08,data_ablation_full,,tp08_L3_m0p08,3.0,-0.08,run1,oof_pooled,2,L3,88,12,33,846,88,12,33,846,0,0
data_full__tp08_L3_m0p08,data_ablation_full,,tp08_L3_m0p08,3.0,-0.08,run2,fold01,0,L2,22,10,5,35,22,10,5,35,0,0
data_full__tp08_L3_m0p08,data_ablation_full,,tp08_L3_m0p08,3.0,-0.08,run2,fold01,1,L4,21,8,10,33,20,8,11,33,0,1
data_full__tp08_L3_m0p08,data_ablation_full,,tp08_L3_m0p08,3.0,-0.08,run2,fold01,2,L5,7,4,7,54,7,5,7,53,1,0
data_full__tp08_L3_m0p08,data_ablation_full,,tp08_L3_m0p08,3.0,-0.08,run2,fold02,0,L2,21,12,5,33,21,13,5,32,1,0
data_full__tp08_L3_m0p08,data_ablation_full,,tp08_L3_m0p08,3.0,-0.08,run2,fold02,1,L4,18,9,13,31,17,9,14,31,0,1
data_full__tp08_L3_m0p08,data_ablation_full,,tp08_L3_m0p08,3.0,-0.08,run2,fold02,2,L5,8,3,6,54,8,3,6,54,0,0
data_full__tp08_L3_m0p08,data_ablation_full,,tp08_L3_m0p08,3.0,-0.08,run2,fold03,0,L2,20,11,6,34,20,11,6,34,0,0
data_full__tp08_L3_m0p08,data_ablation_full,,tp08_L3_m0p08,3.0,-0.08,run2,fold03,1,L4,23,10,8,30,23,10,8,30,0,0
data_full__tp08_L3_m0p08,data_ablation_full,,tp08_L3_m0p08,3.0,-0.08,run2,fold03,2,L5,4,3,10,54,4,3,10,54,0,0
data_full__tp08_L3_m0p08,data_ablation_full,,tp08_L3_m0p08,3.0,-0.08,run2,oof_pooled,0,L2,63,33,16,102,63,34,16,101,1,0
data_full__tp08_L3_m0p08,data_ablation_full,,tp08_L3_m0p08,3.0,-0.08,run2,oof_pooled,1,L4,62,27,31,94,60,27,33,94,0,2
data_full__tp08_L3_m0p08,data_ablation_full,,tp08_L3_m0p08,3.0,-0.08,run2,oof_pooled,2,L5,19,10,23,162,19,11,23,161,1,0
data_no_conv__tp08_L3_m0p08,data_ablation_no_module,no_conv,tp08_L3_m0p08,3.0,-0.08,run1,fold01,0,L1,109,34,25,159,109,34,25,159,0,0
data_no_conv__tp08_L3_m0p08,data_ablation_no_module,no_conv,tp08_L3_m0p08,3.0,-0.08,run1,fold01,1,L2/L4/L5 gate,120,30,32,145,120,30,32,145,0,0
data_no_conv__tp08_L3_m0p08,data_ablation_no_module,no_conv,tp08_L3_m0p08,3.0,-0.08,run1,fold01,2,L3,30,4,11,282,30,4,11,282,0,0
data_no_conv__tp08_L3_m0p08,data_ablation_no_module,no_conv,tp08_L3_m0p08,3.0,-0.08,run1,fold02,0,L1,110,26,24,166,110,26,24,166,0,0
data_no_conv__tp08_L3_m0p08,data_ablation_no_module,no_conv,tp08_L3_m0p08,3.0,-0.08,run1,fold02,1,L2/L4/L5 gate,121,28,31,146,121,28,31,146,0,0
data_no_conv__tp08_L3_m0p08,data_ablation_no_module,no_conv,tp08_L3_m0p08,3.0,-0.08,run1,fold02,2,L3,30,11,10,275,30,11,10,275,0,0
data_no_conv__tp08_L3_m0p08,data_ablation_no_module,no_conv,tp08_L3_m0p08,3.0,-0.08,run1,fold03,0,L1,108,28,26,164,108,28,26,164,0,0
data_no_conv__tp08_L3_m0p08,data_ablation_no_module,no_conv,tp08_L3_m0p08,3.0,-0.08,run1,fold03,1,L2/L4/L5 gate,110,23,42,151,110,23,42,151,0,0
data_no_conv__tp08_L3_m0p08,data_ablation_no_module,no_conv,tp08_L3_m0p08,3.0,-0.08,run1,fold03,2,L3,35,22,5,264,35,22,5,264,0,0
data_no_conv__tp08_L3_m0p08,data_ablation_no_module,no_conv,tp08_L3_m0p08,3.0,-0.08,run1,oof_pooled,0,L1,327,88,75,489,327,88,75,489,0,0
data_no_conv__tp08_L3_m0p08,data_ablation_no_module,no_conv,tp08_L3_m0p08,3.0,-0.08,run1,oof_pooled,1,L2/L4/L5 gate,351,81,105,442,351,81,105,442,0,0
data_no_conv__tp08_L3_m0p08,data_ablation_no_module,no_conv,tp08_L3_m0p08,3.0,-0.08,run1,oof_pooled,2,L3,95,37,26,821,95,37,26,821,0,0
data_no_conv__tp08_L3_m0p08,data_ablation_no_module,no_conv,tp08_L3_m0p08,3.0,-0.08,run2,fold01,0,L2,15,12,12,33,15,12,12,33,0,0
data_no_conv__tp08_L3_m0p08,data_ablation_no_module,no_conv,tp08_L3_m0p08,3.0,-0.08,run2,fold01,1,L4,16,7,15,34,16,7,15,34,0,0
data_no_conv__tp08_L3_m0p08,data_ablation_no_module,no_conv,tp08_L3_m0p08,3.0,-0.08,run2,fold01,2,L5,9,13,5,45,9,13,5,45,0,0
data_no_conv__tp08_L3_m0p08,data_ablation_no_module,no_conv,tp08_L3_m0p08,3.0,-0.08,run2,fold02,0,L2,17,12,9,33,17,12,9,33,0,0
data_no_conv__tp08_L3_m0p08,data_ablation_no_module,no_conv,tp08_L3_m0p08,3.0,-0.08,run2,fold02,1,L4,12,6,19,34,13,6,18,34,0,-1
data_no_conv__tp08_L3_m0p08,data_ablation_no_module,no_conv,tp08_L3_m0p08,3.0,-0.08,run2,fold02,2,L5,11,13,3,44,11,12,3,45,-1,0
data_no_conv__tp08_L3_m0p08,data_ablation_no_module,no_conv,tp08_L3_m0p08,3.0,-0.08,run2,fold03,0,L2,21,21,5,24,21,20,5,25,-1,0
data_no_conv__tp08_L3_m0p08,data_ablation_no_module,no_conv,tp08_L3_m0p08,3.0,-0.08,run2,fold03,1,L4,14,6,17,34,14,7,17,33,1,0
data_no_conv__tp08_L3_m0p08,data_ablation_no_module,no_conv,tp08_L3_m0p08,3.0,-0.08,run2,fold03,2,L5,4,5,10,52,4,5,10,52,0,0
data_no_conv__tp08_L3_m0p08,data_ablation_no_module,no_conv,tp08_L3_m0p08,3.0,-0.08,run2,oof_pooled,0,L2,53,45,26,90,53,44,26,91,-1,0
data_no_conv__tp08_L3_m0p08,data_ablation_no_module,no_conv,tp08_L3_m0p08,3.0,-0.08,run2,oof_pooled,1,L4,42,19,51,102,43,20,50,101,1,-1
data_no_conv__tp08_L3_m0p08,data_ablation_no_module,no_conv,tp08_L3_m0p08,3.0,-0.08,run2,oof_pooled,2,L5,24,31,18,141,24,30,18,142,-1,0
module_masked__no_conv__tp08_L3_m0p08,module_ablation_masked,no_conv,tp08_L3_m0p08,3.0,-0.08,run1,fold01,0,L1,112,30,22,163,109,34,25,159,4,3
module_masked__no_conv__tp08_L3_m0p08,module_ablation_masked,no_conv,tp08_L3_m0p08,3.0,-0.08,run1,fold01,1,L2/L4/L5 gate,126,30,26,145,120,30,32,145,0,6
module_masked__no_conv__tp08_L3_m0p08,module_ablation_masked,no_conv,tp08_L3_m0p08,3.0,-0.08,run1,fold01,2,L3,26,3,15,283,30,4,11,282,1,-4
module_masked__no_conv__tp08_L3_m0p08,module_ablation_masked,no_conv,tp08_L3_m0p08,3.0,-0.08,run1,fold02,0,L1,105,22,29,170,110,26,24,166,4,-5
module_masked__no_conv__tp08_L3_m0p08,module_ablation_masked,no_conv,tp08_L3_m0p08,3.0,-0.08,run1,fold02,1,L2/L4/L5 gate,127,31,25,143,121,28,31,146,-3,6
module_masked__no_conv__tp08_L3_m0p08,module_ablation_masked,no_conv,tp08_L3_m0p08,3.0,-0.08,run1,fold02,2,L3,34,7,6,279,30,11,10,275,4,4
module_masked__no_conv__tp08_L3_m0p08,module_ablation_masked,no_conv,tp08_L3_m0p08,3.0,-0.08,run1,fold03,0,L1,111,21,23,171,108,28,26,164,7,3
module_masked__no_conv__tp08_L3_m0p08,module_ablation_masked,no_conv,tp08_L3_m0p08,3.0,-0.08,run1,fold03,1,L2/L4/L5 gate,135,29,17,145,110,23,42,151,-6,25
module_masked__no_conv__tp08_L3_m0p08,module_ablation_masked,no_conv,tp08_L3_m0p08,3.0,-0.08,run1,fold03,2,L3,28,2,12,284,35,22,5,264,20,-7
module_masked__no_conv__tp08_L3_m0p08,module_ablation_masked,no_conv,tp08_L3_m0p08,3.0,-0.08,run1,oof_pooled,0,L1,328,73,74,504,327,88,75,489,15,1
module_masked__no_conv__tp08_L3_m0p08,module_ablation_masked,no_conv,tp08_L3_m0p08,3.0,-0.08,run1,oof_pooled,1,L2/L4/L5 gate,388,90,68,433,351,81,105,442,-9,37
module_masked__no_conv__tp08_L3_m0p08,module_ablation_masked,no_conv,tp08_L3_m0p08,3.0,-0.08,run1,oof_pooled,2,L3,88,12,33,846,95,37,26,821,25,-7
module_masked__no_conv__tp08_L3_m0p08,module_ablation_masked,no_conv,tp08_L3_m0p08,3.0,-0.08,run2,fold01,0,L2,22,10,5,35,15,12,12,33,2,7
module_masked__no_conv__tp08_L3_m0p08,module_ablation_masked,no_conv,tp08_L3_m0p08,3.0,-0.08,run2,fold01,1,L4,20,8,11,33,16,7,15,34,-1,4
module_masked__no_conv__tp08_L3_m0p08,module_ablation_masked,no_conv,tp08_L3_m0p08,3.0,-0.08,run2,fold01,2,L5,7,5,7,53,9,13,5,45,8,-2
module_masked__no_conv__tp08_L3_m0p08,module_ablation_masked,no_conv,tp08_L3_m0p08,3.0,-0.08,run2,fold02,0,L2,21,13,5,32,17,12,9,33,-1,4
module_masked__no_conv__tp08_L3_m0p08,module_ablation_masked,no_conv,tp08_L3_m0p08,3.0,-0.08,run2,fold02,1,L4,17,9,14,31,13,6,18,34,-3,4
module_masked__no_conv__tp08_L3_m0p08,module_ablation_masked,no_conv,tp08_L3_m0p08,3.0,-0.08,run2,fold02,2,L5,8,3,6,54,11,12,3,45,9,-3
module_masked__no_conv__tp08_L3_m0p08,module_ablation_masked,no_conv,tp08_L3_m0p08,3.0,-0.08,run2,fold03,0,L2,20,11,6,34,21,20,5,25,9,-1
module_masked__no_conv__tp08_L3_m0p08,module_ablation_masked,no_conv,tp08_L3_m0p08,3.0,-0.08,run2,fold03,1,L4,23,10,8,30,14,7,17,33,-3,9
module_masked__no_conv__tp08_L3_m0p08,module_ablation_masked,no_conv,tp08_L3_m0p08,3.0,-0.08,run2,fold03,2,L5,4,3,10,54,4,5,10,52,2,0
module_masked__no_conv__tp08_L3_m0p08,module_ablation_masked,no_conv,tp08_L3_m0p08,3.0,-0.08,run2,oof_pooled,0,L2,63,34,16,101,53,44,26,91,10,10
module_masked__no_conv__tp08_L3_m0p08,module_ablation_masked,no_conv,tp08_L3_m0p08,3.0,-0.08,run2,oof_pooled,1,L4,60,27,33,94,43,20,50,101,-7,17
module_masked__no_conv__tp08_L3_m0p08,module_ablation_masked,no_conv,tp08_L3_m0p08,3.0,-0.08,run2,oof_pooled,2,L5,19,11,23,161,24,30,18,142,19,-5
data_no_lstm__tp08_L3_m0p08,data_ablation_no_module,no_lstm,tp08_L3_m0p08,3.0,-0.08,run1,fold01,0,L1,102,35,32,158,102,35,32,158,0,0
data_no_lstm__tp08_L3_m0p08,data_ablation_no_module,no_lstm,tp08_L3_m0p08,3.0,-0.08,run1,fold01,1,L2/L4/L5 gate,117,40,35,135,117,40,35,135,0,0
data_no_lstm__tp08_L3_m0p08,data_ablation_no_module,no_lstm,tp08_L3_m0p08,3.0,-0.08,run1,fold01,2,L3,27,6,14,280,27,6,14,280,0,0
data_no_lstm__tp08_L3_m0p08,data_ablation_no_module,no_lstm,tp08_L3_m0p08,3.0,-0.08,run1,fold02,0,L1,101,36,33,156,101,36,33,156,0,0
data_no_lstm__tp08_L3_m0p08,data_ablation_no_module,no_lstm,tp08_L3_m0p08,3.0,-0.08,run1,fold02,1,L2/L4/L5 gate,113,37,39,137,113,37,39,137,0,0
data_no_lstm__tp08_L3_m0p08,data_ablation_no_module,no_lstm,tp08_L3_m0p08,3.0,-0.08,run1,fold02,2,L3,28,11,12,275,28,11,12,275,0,0
data_no_lstm__tp08_L3_m0p08,data_ablation_no_module,no_lstm,tp08_L3_m0p08,3.0,-0.08,run1,fold03,0,L1,104,28,30,164,104,28,30,164,0,0
data_no_lstm__tp08_L3_m0p08,data_ablation_no_module,no_lstm,tp08_L3_m0p08,3.0,-0.08,run1,fold03,1,L2/L4/L5 gate,120,30,32,144,120,30,32,144,0,0
data_no_lstm__tp08_L3_m0p08,data_ablation_no_module,no_lstm,tp08_L3_m0p08,3.0,-0.08,run1,fold03,2,L3,30,14,10,272,30,14,10,272,0,0
data_no_lstm__tp08_L3_m0p08,data_ablation_no_module,no_lstm,tp08_L3_m0p08,3.0,-0.08,run1,oof_pooled,0,L1,307,99,95,478,307,99,95,478,0,0
data_no_lstm__tp08_L3_m0p08,data_ablation_no_module,no_lstm,tp08_L3_m0p08,3.0,-0.08,run1,oof_pooled,1,L2/L4/L5 gate,350,107,106,416,350,107,106,416,0,0
data_no_lstm__tp08_L3_m0p08,data_ablation_no_module,no_lstm,tp08_L3_m0p08,3.0,-0.08,run1,oof_pooled,2,L3,85,31,36,827,85,31,36,827,0,0
data_no_lstm__tp08_L3_m0p08,data_ablation_no_module,no_lstm,tp08_L3_m0p08,3.0,-0.08,run2,fold01,0,L2,16,2,11,43,16,2,11,43,0,0
data_no_lstm__tp08_L3_m0p08,data_ablation_no_module,no_lstm,tp08_L3_m0p08,3.0,-0.08,run2,fold01,1,L4,21,11,10,30,21,11,10,30,0,0
data_no_lstm__tp08_L3_m0p08,data_ablation_no_module,no_lstm,tp08_L3_m0p08,3.0,-0.08,run2,fold01,2,L5,9,13,5,45,9,13,5,45,0,0
data_no_lstm__tp08_L3_m0p08,data_ablation_no_module,no_lstm,tp08_L3_m0p08,3.0,-0.08,run2,fold02,0,L2,14,11,12,34,14,11,12,34,0,0
data_no_lstm__tp08_L3_m0p08,data_ablation_no_module,no_lstm,tp08_L3_m0p08,3.0,-0.08,run2,fold02,1,L4,20,17,11,23,20,17,11,23,0,0
data_no_lstm__tp08_L3_m0p08,data_ablation_no_module,no_lstm,tp08_L3_m0p08,3.0,-0.08,run2,fold02,2,L5,6,3,8,54,6,3,8,54,0,0
data_no_lstm__tp08_L3_m0p08,data_ablation_no_module,no_lstm,tp08_L3_m0p08,3.0,-0.08,run2,fold03,0,L2,20,10,6,35,20,9,6,36,-1,0
data_no_lstm__tp08_L3_m0p08,data_ablation_no_module,no_lstm,tp08_L3_m0p08,3.0,-0.08,run2,fold03,1,L4,22,6,9,34,22,7,9,33,1,0
data_no_lstm__tp08_L3_m0p08,data_ablation_no_module,no_lstm,tp08_L3_m0p08,3.0,-0.08,run2,fold03,2,L5,6,7,8,50,6,7,8,50,0,0
data_no_lstm__tp08_L3_m0p08,data_ablation_no_module,no_lstm,tp08_L3_m0p08,3.0,-0.08,run2,oof_pooled,0,L2,50,23,29,112,50,22,29,113,-1,0
data_no_lstm__tp08_L3_m0p08,data_ablation_no_module,no_lstm,tp08_L3_m0p08,3.0,-0.08,run2,oof_pooled,1,L4,63,34,30,87,63,35,30,86,1,0
data_no_lstm__tp08_L3_m0p08,data_ablation_no_module,no_lstm,tp08_L3_m0p08,3.0,-0.08,run2,oof_pooled,2,L5,21,23,21,149,21,23,21,149,0,0
module_masked__no_lstm__tp08_L3_m0p08,module_ablation_masked,no_lstm,tp08_L3_m0p08,3.0,-0.08,run1,fold01,0,L1,112,30,22,163,102,35,32,158,5,10
module_masked__no_lstm__tp08_L3_m0p08,module_ablation_masked,no_lstm,tp08_L3_m0p08,3.0,-0.08,run1,fold01,1,L2/L4/L5 gate,126,30,26,145,117,40,35,135,10,9
module_masked__no_lstm__tp08_L3_m0p08,module_ablation_masked,no_lstm,tp08_L3_m0p08,3.0,-0.08,run1,fold01,2,L3,26,3,15,283,27,6,14,280,3,-1
module_masked__no_lstm__tp08_L3_m0p08,module_ablation_masked,no_lstm,tp08_L3_m0p08,3.0,-0.08,run1,fold02,0,L1,105,22,29,170,101,36,33,156,14,4
module_masked__no_lstm__tp08_L3_m0p08,module_ablation_masked,no_lstm,tp08_L3_m0p08,3.0,-0.08,run1,fold02,1,L2/L4/L5 gate,127,31,25,143,113,37,39,137,6,14
module_masked__no_lstm__tp08_L3_m0p08,module_ablation_masked,no_lstm,tp08_L3_m0p08,3.0,-0.08,run1,fold02,2,L3,34,7,6,279,28,11,12,275,4,6
module_masked__no_lstm__tp08_L3_m0p08,module_ablation_masked,no_lstm,tp08_L3_m0p08,3.0,-0.08,run1,fold03,0,L1,111,21,23,171,104,28,30,164,7,7
module_masked__no_lstm__tp08_L3_m0p08,module_ablation_masked,no_lstm,tp08_L3_m0p08,3.0,-0.08,run1,fold03,1,L2/L4/L5 gate,135,29,17,145,120,30,32,144,1,15
module_masked__no_lstm__tp08_L3_m0p08,module_ablation_masked,no_lstm,tp08_L3_m0p08,3.0,-0.08,run1,fold03,2,L3,28,2,12,284,30,14,10,272,12,-2
module_masked__no_lstm__tp08_L3_m0p08,module_ablation_masked,no_lstm,tp08_L3_m0p08,3.0,-0.08,run1,oof_pooled,0,L1,328,73,74,504,307,99,95,478,26,21
module_masked__no_lstm__tp08_L3_m0p08,module_ablation_masked,no_lstm,tp08_L3_m0p08,3.0,-0.08,run1,oof_pooled,1,L2/L4/L5 gate,388,90,68,433,350,107,106,416,17,38
module_masked__no_lstm__tp08_L3_m0p08,module_ablation_masked,no_lstm,tp08_L3_m0p08,3.0,-0.08,run1,oof_pooled,2,L3,88,12,33,846,85,31,36,827,19,3
module_masked__no_lstm__tp08_L3_m0p08,module_ablation_masked,no_lstm,tp08_L3_m0p08,3.0,-0.08,run2,fold01,0,L2,22,10,5,35,16,2,11,43,-8,6
module_masked__no_lstm__tp08_L3_m0p08,module_ablation_masked,no_lstm,tp08_L3_m0p08,3.0,-0.08,run2,fold01,1,L4,20,8,11,33,21,11,10,30,3,-1
module_masked__no_lstm__tp08_L3_m0p08,module_ablation_masked,no_lstm,tp08_L3_m0p08,3.0,-0.08,run2,fold01,2,L5,7,5,7,53,9,13,5,45,8,-2
module_masked__no_lstm__tp08_L3_m0p08,module_ablation_masked,no_lstm,tp08_L3_m0p08,3.0,-0.08,run2,fold02,0,L2,21,13,5,32,14,11,12,34,-2,7
module_masked__no_lstm__tp08_L3_m0p08,module_ablation_masked,no_lstm,tp08_L3_m0p08,3.0,-0.08,run2,fold02,1,L4,17,9,14,31,20,17,11,23,8,-3
module_masked__no_lstm__tp08_L3_m0p08,module_ablation_masked,no_lstm,tp08_L3_m0p08,3.0,-0.08,run2,fold02,2,L5,8,3,6,54,6,3,8,54,0,2
module_masked__no_lstm__tp08_L3_m0p08,module_ablation_masked,no_lstm,tp08_L3_m0p08,3.0,-0.08,run2,fold03,0,L2,20,11,6,34,20,9,6,36,-2,0
module_masked__no_lstm__tp08_L3_m0p08,module_ablation_masked,no_lstm,tp08_L3_m0p08,3.0,-0.08,run2,fold03,1,L4,23,10,8,30,22,7,9,33,-3,1
module_masked__no_lstm__tp08_L3_m0p08,module_ablation_masked,no_lstm,tp08_L3_m0p08,3.0,-0.08,run2,fold03,2,L5,4,3,10,54,6,7,8,50,4,-2
module_masked__no_lstm__tp08_L3_m0p08,module_ablation_masked,no_lstm,tp08_L3_m0p08,3.0,-0.08,run2,oof_pooled,0,L2,63,34,16,101,50,22,29,113,-12,13
module_masked__no_lstm__tp08_L3_m0p08,module_ablation_masked,no_lstm,tp08_L3_m0p08,3.0,-0.08,run2,oof_pooled,1,L4,60,27,33,94,63,35,30,86,8,-3
module_masked__no_lstm__tp08_L3_m0p08,module_ablation_masked,no_lstm,tp08_L3_m0p08,3.0,-0.08,run2,oof_pooled,2,L5,19,11,23,161,21,23,21,149,12,-2
data_no_attention__tp08_L3_m0p08,data_ablation_no_module,no_attention,tp08_L3_m0p08,3.0,-0.08,run1,fold01,0,L1,113,29,21,164,113,29,21,164,0,0
data_no_attention__tp08_L3_m0p08,data_ablation_no_module,no_attention,tp08_L3_m0p08,3.0,-0.08,run1,fold01,1,L2/L4/L5 gate,125,28,27,147,125,28,27,147,0,0
data_no_attention__tp08_L3_m0p08,data_ablation_no_module,no_attention,tp08_L3_m0p08,3.0,-0.08,run1,fold01,2,L3,30,2,11,284,30,2,11,284,0,0
data_no_attention__tp08_L3_m0p08,data_ablation_no_module,no_attention,tp08_L3_m0p08,3.0,-0.08,run1,fold02,0,L1,107,21,27,171,107,21,27,171,0,0
data_no_attention__tp08_L3_m0p08,data_ablation_no_module,no_attention,tp08_L3_m0p08,3.0,-0.08,run1,fold02,1,L2/L4/L5 gate,131,31,21,143,131,31,21,143,0,0
data_no_attention__tp08_L3_m0p08,data_ablation_no_module,no_attention,tp08_L3_m0p08,3.0,-0.08,run1,fold02,2,L3,29,7,11,279,29,7,11,279,0,0
data_no_attention__tp08_L3_m0p08,data_ablation_no_module,no_attention,tp08_L3_m0p08,3.0,-0.08,run1,fold03,0,L1,113,20,21,172,113,20,21,172,0,0
data_no_attention__tp08_L3_m0p08,data_ablation_no_module,no_attention,tp08_L3_m0p08,3.0,-0.08,run1,fold03,1,L2/L4/L5 gate,129,23,23,151,129,23,23,151,0,0
data_no_attention__tp08_L3_m0p08,data_ablation_no_module,no_attention,tp08_L3_m0p08,3.0,-0.08,run1,fold03,2,L3,33,8,7,278,33,8,7,278,0,0
data_no_attention__tp08_L3_m0p08,data_ablation_no_module,no_attention,tp08_L3_m0p08,3.0,-0.08,run1,oof_pooled,0,L1,333,70,69,507,333,70,69,507,0,0
data_no_attention__tp08_L3_m0p08,data_ablation_no_module,no_attention,tp08_L3_m0p08,3.0,-0.08,run1,oof_pooled,1,L2/L4/L5 gate,385,82,71,441,385,82,71,441,0,0
data_no_attention__tp08_L3_m0p08,data_ablation_no_module,no_attention,tp08_L3_m0p08,3.0,-0.08,run1,oof_pooled,2,L3,92,17,29,841,92,17,29,841,0,0
data_no_attention__tp08_L3_m0p08,data_ablation_no_module,no_attention,tp08_L3_m0p08,3.0,-0.08,run2,fold01,0,L2,15,6,12,39,15,6,12,39,0,0
data_no_attention__tp08_L3_m0p08,data_ablation_no_module,no_attention,tp08_L3_m0p08,3.0,-0.08,run2,fold01,1,L4,21,16,10,25,22,16,9,25,0,-1
data_no_attention__tp08_L3_m0p08,data_ablation_no_module,no_attention,tp08_L3_m0p08,3.0,-0.08,run2,fold01,2,L5,6,8,8,50,6,7,8,51,-1,0
data_no_attention__tp08_L3_m0p08,data_ablation_no_module,no_attention,tp08_L3_m0p08,3.0,-0.08,run2,fold02,0,L2,16,8,10,37,16,9,10,36,1,0
data_no_attention__tp08_L3_m0p08,data_ablation_no_module,no_attention,tp08_L3_m0p08,3.0,-0.08,run2,fold02,1,L4,16,6,15,34,16,6,15,34,0,0
data_no_attention__tp08_L3_m0p08,data_ablation_no_module,no_attention,tp08_L3_m0p08,3.0,-0.08,run2,fold02,2,L5,13,12,1,45,13,11,1,46,-1,0
data_no_attention__tp08_L3_m0p08,data_ablation_no_module,no_attention,tp08_L3_m0p08,3.0,-0.08,run2,fold03,0,L2,17,10,9,35,17,10,9,35,0,0
data_no_attention__tp08_L3_m0p08,data_ablation_no_module,no_attention,tp08_L3_m0p08,3.0,-0.08,run2,fold03,1,L4,19,13,12,27,19,13,12,27,0,0
data_no_attention__tp08_L3_m0p08,data_ablation_no_module,no_attention,tp08_L3_m0p08,3.0,-0.08,run2,fold03,2,L5,4,8,10,49,4,8,10,49,0,0
data_no_attention__tp08_L3_m0p08,data_ablation_no_module,no_attention,tp08_L3_m0p08,3.0,-0.08,run2,oof_pooled,0,L2,48,24,31,111,48,25,31,110,1,0
data_no_attention__tp08_L3_m0p08,data_ablation_no_module,no_attention,tp08_L3_m0p08,3.0,-0.08,run2,oof_pooled,1,L4,56,35,37,86,57,35,36,86,0,-1
data_no_attention__tp08_L3_m0p08,data_ablation_no_module,no_attention,tp08_L3_m0p08,3.0,-0.08,run2,oof_pooled,2,L5,23,28,19,144,23,26,19,146,-2,0
module_masked__no_attention__tp08_L3_m0p08,module_ablation_masked,no_attention,tp08_L3_m0p08,3.0,-0.08,run1,fold01,0,L1,112,30,22,163,113,29,21,164,-1,-1
module_masked__no_attention__tp08_L3_m0p08,module_ablation_masked,no_attention,tp08_L3_m0p08,3.0,-0.08,run1,fold01,1,L2/L4/L5 gate,126,30,26,145,125,28,27,147,-2,1
module_masked__no_attention__tp08_L3_m0p08,module_ablation_masked,no_attention,tp08_L3_m0p08,3.0,-0.08,run1,fold01,2,L3,26,3,15,283,30,2,11,284,-1,-4
module_masked__no_attention__tp08_L3_m0p08,module_ablation_masked,no_attention,tp08_L3_m0p08,3.0,-0.08,run1,fold02,0,L1,105,22,29,170,107,21,27,171,-1,-2
module_masked__no_attention__tp08_L3_m0p08,module_ablation_masked,no_attention,tp08_L3_m0p08,3.0,-0.08,run1,fold02,1,L2/L4/L5 gate,127,31,25,143,131,31,21,143,0,-4
module_masked__no_attention__tp08_L3_m0p08,module_ablation_masked,no_attention,tp08_L3_m0p08,3.0,-0.08,run1,fold02,2,L3,34,7,6,279,29,7,11,279,0,5
module_masked__no_attention__tp08_L3_m0p08,module_ablation_masked,no_attention,tp08_L3_m0p08,3.0,-0.08,run1,fold03,0,L1,111,21,23,171,113,20,21,172,-1,-2
module_masked__no_attention__tp08_L3_m0p08,module_ablation_masked,no_attention,tp08_L3_m0p08,3.0,-0.08,run1,fold03,1,L2/L4/L5 gate,135,29,17,145,129,23,23,151,-6,6
module_masked__no_attention__tp08_L3_m0p08,module_ablation_masked,no_attention,tp08_L3_m0p08,3.0,-0.08,run1,fold03,2,L3,28,2,12,284,33,8,7,278,6,-5
module_masked__no_attention__tp08_L3_m0p08,module_ablation_masked,no_attention,tp08_L3_m0p08,3.0,-0.08,run1,oof_pooled,0,L1,328,73,74,504,333,70,69,507,-3,-5
module_masked__no_attention__tp08_L3_m0p08,module_ablation_masked,no_attention,tp08_L3_m0p08,3.0,-0.08,run1,oof_pooled,1,L2/L4/L5 gate,388,90,68,433,385,82,71,441,-8,3
module_masked__no_attention__tp08_L3_m0p08,module_ablation_masked,no_attention,tp08_L3_m0p08,3.0,-0.08,run1,oof_pooled,2,L3,88,12,33,846,92,17,29,841,5,-4
module_masked__no_attention__tp08_L3_m0p08,module_ablation_masked,no_attention,tp08_L3_m0p08,3.0,-0.08,run2,fold01,0,L2,22,10,5,35,15,6,12,39,-4,7
module_masked__no_attention__tp08_L3_m0p08,module_ablation_masked,no_attention,tp08_L3_m0p08,3.0,-0.08,run2,fold01,1,L4,20,8,11,33,22,16,9,25,8,-2
module_masked__no_attention__tp08_L3_m0p08,module_ablation_masked,no_attention,tp08_L3_m0p08,3.0,-0.08,run2,fold01,2,L5,7,5,7,53,6,7,8,51,2,1
module_masked__no_attention__tp08_L3_m0p08,module_ablation_masked,no_attention,tp08_L3_m0p08,3.0,-0.08,run2,fold02,0,L2,21,13,5,32,16,9,10,36,-4,5
module_masked__no_attention__tp08_L3_m0p08,module_ablation_masked,no_attention,tp08_L3_m0p08,3.0,-0.08,run2,fold02,1,L4,17,9,14,31,16,6,15,34,-3,1
module_masked__no_attention__tp08_L3_m0p08,module_ablation_masked,no_attention,tp08_L3_m0p08,3.0,-0.08,run2,fold02,2,L5,8,3,6,54,13,11,1,46,8,-5
module_masked__no_attention__tp08_L3_m0p08,module_ablation_masked,no_attention,tp08_L3_m0p08,3.0,-0.08,run2,fold03,0,L2,20,11,6,34,17,10,9,35,-1,3
module_masked__no_attention__tp08_L3_m0p08,module_ablation_masked,no_attention,tp08_L3_m0p08,3.0,-0.08,run2,fold03,1,L4,23,10,8,30,19,13,12,27,3,4
module_masked__no_attention__tp08_L3_m0p08,module_ablation_masked,no_attention,tp08_L3_m0p08,3.0,-0.08,run2,fold03,2,L5,4,3,10,54,4,8,10,49,5,0
module_masked__no_attention__tp08_L3_m0p08,module_ablation_masked,no_attention,tp08_L3_m0p08,3.0,-0.08,run2,oof_pooled,0,L2,63,34,16,101,48,25,31,110,-9,15
module_masked__no_attention__tp08_L3_m0p08,module_ablation_masked,no_attention,tp08_L3_m0p08,3.0,-0.08,run2,oof_pooled,1,L4,60,27,33,94,57,35,36,86,8,3
module_masked__no_attention__tp08_L3_m0p08,module_ablation_masked,no_attention,tp08_L3_m0p08,3.0,-0.08,run2,oof_pooled,2,L5,19,11,23,161,23,26,19,146,15,-4
data_full__tp09_L3_p0p42,data_ablation_full,,tp09_L3_p0p42,3.0,0.42,run1,fold01,0,L1,112,30,22,163,112,30,22,163,0,0
data_full__tp09_L3_p0p42,data_ablation_full,,tp09_L3_p0p42,3.0,0.42,run1,fold01,1,L2/L4/L5 gate,126,30,26,145,126,30,26,145,0,0
data_full__tp09_L3_p0p42,data_ablation_full,,tp09_L3_p0p42,3.0,0.42,run1,fold01,2,L3,26,3,15,283,26,3,15,283,0,0
data_full__tp09_L3_p0p42,data_ablation_full,,tp09_L3_p0p42,3.0,0.42,run1,fold02,0,L1,105,22,29,170,105,22,29,170,0,0
data_full__tp09_L3_p0p42,data_ablation_full,,tp09_L3_p0p42,3.0,0.42,run1,fold02,1,L2/L4/L5 gate,127,31,25,143,127,31,25,143,0,0
data_full__tp09_L3_p0p42,data_ablation_full,,tp09_L3_p0p42,3.0,0.42,run1,fold02,2,L3,34,7,6,279,34,7,6,279,0,0
data_full__tp09_L3_p0p42,data_ablation_full,,tp09_L3_p0p42,3.0,0.42,run1,fold03,0,L1,111,21,23,171,111,21,23,171,0,0
data_full__tp09_L3_p0p42,data_ablation_full,,tp09_L3_p0p42,3.0,0.42,run1,fold03,1,L2/L4/L5 gate,135,29,17,145,135,29,17,145,0,0
data_full__tp09_L3_p0p42,data_ablation_full,,tp09_L3_p0p42,3.0,0.42,run1,fold03,2,L3,28,2,12,284,28,2,12,284,0,0
data_full__tp09_L3_p0p42,data_ablation_full,,tp09_L3_p0p42,3.0,0.42,run1,oof_pooled,0,L1,328,73,74,504,328,73,74,504,0,0
data_full__tp09_L3_p0p42,data_ablation_full,,tp09_L3_p0p42,3.0,0.42,run1,oof_pooled,1,L2/L4/L5 gate,388,90,68,433,388,90,68,433,0,0
data_full__tp09_L3_p0p42,data_ablation_full,,tp09_L3_p0p42,3.0,0.42,run1,oof_pooled,2,L3,88,12,33,846,88,12,33,846,0,0
data_full__tp09_L3_p0p42,data_ablation_full,,tp09_L3_p0p42,3.0,0.42,run2,fold01,0,L2,22,10,5,35,22,10,5,35,0,0
data_full__tp09_L3_p0p42,data_ablation_full,,tp09_L3_p0p42,3.0,0.42,run2,fold01,1,L4,21,8,10,33,21,8,10,33,0,0
data_full__tp09_L3_p0p42,data_ablation_full,,tp09_L3_p0p42,3.0,0.42,run2,fold01,2,L5,7,4,7,54,7,4,7,54,0,0
data_full__tp09_L3_p0p42,data_ablation_full,,tp09_L3_p0p42,3.0,0.42,run2,fold02,0,L2,21,12,5,33,21,12,5,33,0,0
data_full__tp09_L3_p0p42,data_ablation_full,,tp09_L3_p0p42,3.0,0.42,run2,fold02,1,L4,18,9,13,31,18,9,13,31,0,0
data_full__tp09_L3_p0p42,data_ablation_full,,tp09_L3_p0p42,3.0,0.42,run2,fold02,2,L5,8,3,6,54,8,3,6,54,0,0
data_full__tp09_L3_p0p42,data_ablation_full,,tp09_L3_p0p42,3.0,0.42,run2,fold03,0,L2,20,11,6,34,20,11,6,34,0,0
data_full__tp09_L3_p0p42,data_ablation_full,,tp09_L3_p0p42,3.0,0.42,run2,fold03,1,L4,23,10,8,30,23,10,8,30,0,0
data_full__tp09_L3_p0p42,data_ablation_full,,tp09_L3_p0p42,3.0,0.42,run2,fold03,2,L5,4,3,10,54,4,3,10,54,0,0
data_full__tp09_L3_p0p42,data_ablation_full,,tp09_L3_p0p42,3.0,0.42,run2,oof_pooled,0,L2,63,33,16,102,63,33,16,102,0,0
data_full__tp09_L3_p0p42,data_ablation_full,,tp09_L3_p0p42,3.0,0.42,run2,oof_pooled,1,L4,62,27,31,94,62,27,31,94,0,0
data_full__tp09_L3_p0p42,data_ablation_full,,tp09_L3_p0p42,3.0,0.42,run2,oof_pooled,2,L5,19,10,23,162,19,10,23,162,0,0
data_no_conv__tp09_L3_p0p42,data_ablation_no_module,no_conv,tp09_L3_p0p42,3.0,0.42,run1,fold01,0,L1,109,34,25,159,109,34,25,159,0,0
data_no_conv__tp09_L3_p0p42,data_ablation_no_module,no_conv,tp09_L3_p0p42,3.0,0.42,run1,fold01,1,L2/L4/L5 gate,120,30,32,145,120,30,32,145,0,0
data_no_conv__tp09_L3_p0p42,data_ablation_no_module,no_conv,tp09_L3_p0p42,3.0,0.42,run1,fold01,2,L3,30,4,11,282,30,4,11,282,0,0
data_no_conv__tp09_L3_p0p42,data_ablation_no_module,no_conv,tp09_L3_p0p42,3.0,0.42,run1,fold02,0,L1,110,26,24,166,110,26,24,166,0,0
data_no_conv__tp09_L3_p0p42,data_ablation_no_module,no_conv,tp09_L3_p0p42,3.0,0.42,run1,fold02,1,L2/L4/L5 gate,121,28,31,146,121,28,31,146,0,0
data_no_conv__tp09_L3_p0p42,data_ablation_no_module,no_conv,tp09_L3_p0p42,3.0,0.42,run1,fold02,2,L3,30,11,10,275,30,11,10,275,0,0
data_no_conv__tp09_L3_p0p42,data_ablation_no_module,no_conv,tp09_L3_p0p42,3.0,0.42,run1,fold03,0,L1,108,28,26,164,108,28,26,164,0,0
data_no_conv__tp09_L3_p0p42,data_ablation_no_module,no_conv,tp09_L3_p0p42,3.0,0.42,run1,fold03,1,L2/L4/L5 gate,110,23,42,151,110,23,42,151,0,0
data_no_conv__tp09_L3_p0p42,data_ablation_no_module,no_conv,tp09_L3_p0p42,3.0,0.42,run1,fold03,2,L3,35,22,5,264,35,22,5,264,0,0
data_no_conv__tp09_L3_p0p42,data_ablation_no_module,no_conv,tp09_L3_p0p42,3.0,0.42,run1,oof_pooled,0,L1,327,88,75,489,327,88,75,489,0,0
data_no_conv__tp09_L3_p0p42,data_ablation_no_module,no_conv,tp09_L3_p0p42,3.0,0.42,run1,oof_pooled,1,L2/L4/L5 gate,351,81,105,442,351,81,105,442,0,0
data_no_conv__tp09_L3_p0p42,data_ablation_no_module,no_conv,tp09_L3_p0p42,3.0,0.42,run1,oof_pooled,2,L3,95,37,26,821,95,37,26,821,0,0
data_no_conv__tp09_L3_p0p42,data_ablation_no_module,no_conv,tp09_L3_p0p42,3.0,0.42,run2,fold01,0,L2,15,12,12,33,15,12,12,33,0,0
data_no_conv__tp09_L3_p0p42,data_ablation_no_module,no_conv,tp09_L3_p0p42,3.0,0.42,run2,fold01,1,L4,16,7,15,34,16,7,15,34,0,0
data_no_conv__tp09_L3_p0p42,data_ablation_no_module,no_conv,tp09_L3_p0p42,3.0,0.42,run2,fold01,2,L5,9,13,5,45,9,13,5,45,0,0
data_no_conv__tp09_L3_p0p42,data_ablation_no_module,no_conv,tp09_L3_p0p42,3.0,0.42,run2,fold02,0,L2,17,12,9,33,17,12,9,33,0,0
data_no_conv__tp09_L3_p0p42,data_ablation_no_module,no_conv,tp09_L3_p0p42,3.0,0.42,run2,fold02,1,L4,12,6,19,34,12,6,19,34,0,0
data_no_conv__tp09_L3_p0p42,data_ablation_no_module,no_conv,tp09_L3_p0p42,3.0,0.42,run2,fold02,2,L5,11,13,3,44,11,13,3,44,0,0
data_no_conv__tp09_L3_p0p42,data_ablation_no_module,no_conv,tp09_L3_p0p42,3.0,0.42,run2,fold03,0,L2,21,21,5,24,21,21,5,24,0,0
data_no_conv__tp09_L3_p0p42,data_ablation_no_module,no_conv,tp09_L3_p0p42,3.0,0.42,run2,fold03,1,L4,14,6,17,34,14,6,17,34,0,0
data_no_conv__tp09_L3_p0p42,data_ablation_no_module,no_conv,tp09_L3_p0p42,3.0,0.42,run2,fold03,2,L5,4,5,10,52,4,5,10,52,0,0
data_no_conv__tp09_L3_p0p42,data_ablation_no_module,no_conv,tp09_L3_p0p42,3.0,0.42,run2,oof_pooled,0,L2,53,45,26,90,53,45,26,90,0,0
data_no_conv__tp09_L3_p0p42,data_ablation_no_module,no_conv,tp09_L3_p0p42,3.0,0.42,run2,oof_pooled,1,L4,42,19,51,102,42,19,51,102,0,0
data_no_conv__tp09_L3_p0p42,data_ablation_no_module,no_conv,tp09_L3_p0p42,3.0,0.42,run2,oof_pooled,2,L5,24,31,18,141,24,31,18,141,0,0
module_masked__no_conv__tp09_L3_p0p42,module_ablation_masked,no_conv,tp09_L3_p0p42,3.0,0.42,run1,fold01,0,L1,112,30,22,163,109,34,25,159,4,3
module_masked__no_conv__tp09_L3_p0p42,module_ablation_masked,no_conv,tp09_L3_p0p42,3.0,0.42,run1,fold01,1,L2/L4/L5 gate,126,30,26,145,120,30,32,145,0,6
module_masked__no_conv__tp09_L3_p0p42,module_ablation_masked,no_conv,tp09_L3_p0p42,3.0,0.42,run1,fold01,2,L3,26,3,15,283,30,4,11,282,1,-4
module_masked__no_conv__tp09_L3_p0p42,module_ablation_masked,no_conv,tp09_L3_p0p42,3.0,0.42,run1,fold02,0,L1,105,22,29,170,110,26,24,166,4,-5
module_masked__no_conv__tp09_L3_p0p42,module_ablation_masked,no_conv,tp09_L3_p0p42,3.0,0.42,run1,fold02,1,L2/L4/L5 gate,127,31,25,143,121,28,31,146,-3,6
module_masked__no_conv__tp09_L3_p0p42,module_ablation_masked,no_conv,tp09_L3_p0p42,3.0,0.42,run1,fold02,2,L3,34,7,6,279,30,11,10,275,4,4
module_masked__no_conv__tp09_L3_p0p42,module_ablation_masked,no_conv,tp09_L3_p0p42,3.0,0.42,run1,fold03,0,L1,111,21,23,171,108,28,26,164,7,3
module_masked__no_conv__tp09_L3_p0p42,module_ablation_masked,no_conv,tp09_L3_p0p42,3.0,0.42,run1,fold03,1,L2/L4/L5 gate,135,29,17,145,110,23,42,151,-6,25
module_masked__no_conv__tp09_L3_p0p42,module_ablation_masked,no_conv,tp09_L3_p0p42,3.0,0.42,run1,fold03,2,L3,28,2,12,284,35,22,5,264,20,-7
module_masked__no_conv__tp09_L3_p0p42,module_ablation_masked,no_conv,tp09_L3_p0p42,3.0,0.42,run1,oof_pooled,0,L1,328,73,74,504,327,88,75,489,15,1
module_masked__no_conv__tp09_L3_p0p42,module_ablation_masked,no_conv,tp09_L3_p0p42,3.0,0.42,run1,oof_pooled,1,L2/L4/L5 gate,388,90,68,433,351,81,105,442,-9,37
module_masked__no_conv__tp09_L3_p0p42,module_ablation_masked,no_conv,tp09_L3_p0p42,3.0,0.42,run1,oof_pooled,2,L3,88,12,33,846,95,37,26,821,25,-7
module_masked__no_conv__tp09_L3_p0p42,module_ablation_masked,no_conv,tp09_L3_p0p42,3.0,0.42,run2,fold01,0,L2,22,10,5,35,15,12,12,33,2,7
module_masked__no_conv__tp09_L3_p0p42,module_ablation_masked,no_conv,tp09_L3_p0p42,3.0,0.42,run2,fold01,1,L4,21,8,10,33,16,7,15,34,-1,5
module_masked__no_conv__tp09_L3_p0p42,module_ablation_masked,no_conv,tp09_L3_p0p42,3.0,0.42,run2,fold01,2,L5,7,4,7,54,9,13,5,45,9,-2
module_masked__no_conv__tp09_L3_p0p42,module_ablation_masked,no_conv,tp09_L3_p0p42,3.0,0.42,run2,fold02,0,L2,21,12,5,33,17,12,9,33,0,4
module_masked__no_conv__tp09_L3_p0p42,module_ablation_masked,no_conv,tp09_L3_p0p42,3.0,0.42,run2,fold02,1,L4,18,9,13,31,12,6,19,34,-3,6
module_masked__no_conv__tp09_L3_p0p42,module_ablation_masked,no_conv,tp09_L3_p0p42,3.0,0.42,run2,fold02,2,L5,8,3,6,54,11,13,3,44,10,-3
module_masked__no_conv__tp09_L3_p0p42,module_ablation_masked,no_conv,tp09_L3_p0p42,3.0,0.42,run2,fold03,0,L2,20,11,6,34,21,21,5,24,10,-1
module_masked__no_conv__tp09_L3_p0p42,module_ablation_masked,no_conv,tp09_L3_p0p42,3.0,0.42,run2,fold03,1,L4,23,10,8,30,14,6,17,34,-4,9
module_masked__no_conv__tp09_L3_p0p42,module_ablation_masked,no_conv,tp09_L3_p0p42,3.0,0.42,run2,fold03,2,L5,4,3,10,54,4,5,10,52,2,0
module_masked__no_conv__tp09_L3_p0p42,module_ablation_masked,no_conv,tp09_L3_p0p42,3.0,0.42,run2,oof_pooled,0,L2,63,33,16,102,53,45,26,90,12,10
module_masked__no_conv__tp09_L3_p0p42,module_ablation_masked,no_conv,tp09_L3_p0p42,3.0,0.42,run2,oof_pooled,1,L4,62,27,31,94,42,19,51,102,-8,20
module_masked__no_conv__tp09_L3_p0p42,module_ablation_masked,no_conv,tp09_L3_p0p42,3.0,0.42,run2,oof_pooled,2,L5,19,10,23,162,24,31,18,141,21,-5
data_no_lstm__tp09_L3_p0p42,data_ablation_no_module,no_lstm,tp09_L3_p0p42,3.0,0.42,run1,fold01,0,L1,102,35,32,158,102,35,32,158,0,0
data_no_lstm__tp09_L3_p0p42,data_ablation_no_module,no_lstm,tp09_L3_p0p42,3.0,0.42,run1,fold01,1,L2/L4/L5 gate,117,40,35,135,117,40,35,135,0,0
data_no_lstm__tp09_L3_p0p42,data_ablation_no_module,no_lstm,tp09_L3_p0p42,3.0,0.42,run1,fold01,2,L3,27,6,14,280,27,6,14,280,0,0
data_no_lstm__tp09_L3_p0p42,data_ablation_no_module,no_lstm,tp09_L3_p0p42,3.0,0.42,run1,fold02,0,L1,101,36,33,156,101,36,33,156,0,0
data_no_lstm__tp09_L3_p0p42,data_ablation_no_module,no_lstm,tp09_L3_p0p42,3.0,0.42,run1,fold02,1,L2/L4/L5 gate,113,37,39,137,113,37,39,137,0,0
data_no_lstm__tp09_L3_p0p42,data_ablation_no_module,no_lstm,tp09_L3_p0p42,3.0,0.42,run1,fold02,2,L3,28,11,12,275,28,11,12,275,0,0
data_no_lstm__tp09_L3_p0p42,data_ablation_no_module,no_lstm,tp09_L3_p0p42,3.0,0.42,run1,fold03,0,L1,104,28,30,164,104,28,30,164,0,0
data_no_lstm__tp09_L3_p0p42,data_ablation_no_module,no_lstm,tp09_L3_p0p42,3.0,0.42,run1,fold03,1,L2/L4/L5 gate,120,30,32,144,120,30,32,144,0,0
data_no_lstm__tp09_L3_p0p42,data_ablation_no_module,no_lstm,tp09_L3_p0p42,3.0,0.42,run1,fold03,2,L3,30,14,10,272,30,14,10,272,0,0
data_no_lstm__tp09_L3_p0p42,data_ablation_no_module,no_lstm,tp09_L3_p0p42,3.0,0.42,run1,oof_pooled,0,L1,307,99,95,478,307,99,95,478,0,0
data_no_lstm__tp09_L3_p0p42,data_ablation_no_module,no_lstm,tp09_L3_p0p42,3.0,0.42,run1,oof_pooled,1,L2/L4/L5 gate,350,107,106,416,350,107,106,416,0,0
data_no_lstm__tp09_L3_p0p42,data_ablation_no_module,no_lstm,tp09_L3_p0p42,3.0,0.42,run1,oof_pooled,2,L3,85,31,36,827,85,31,36,827,0,0
data_no_lstm__tp09_L3_p0p42,data_ablation_no_module,no_lstm,tp09_L3_p0p42,3.0,0.42,run2,fold01,0,L2,16,2,11,43,16,2,11,43,0,0
data_no_lstm__tp09_L3_p0p42,data_ablation_no_module,no_lstm,tp09_L3_p0p42,3.0,0.42,run2,fold01,1,L4,21,11,10,30,21,11,10,30,0,0
data_no_lstm__tp09_L3_p0p42,data_ablation_no_module,no_lstm,tp09_L3_p0p42,3.0,0.42,run2,fold01,2,L5,9,13,5,45,9,13,5,45,0,0
data_no_lstm__tp09_L3_p0p42,data_ablation_no_module,no_lstm,tp09_L3_p0p42,3.0,0.42,run2,fold02,0,L2,14,11,12,34,14,11,12,34,0,0
data_no_lstm__tp09_L3_p0p42,data_ablation_no_module,no_lstm,tp09_L3_p0p42,3.0,0.42,run2,fold02,1,L4,20,17,11,23,20,17,11,23,0,0
data_no_lstm__tp09_L3_p0p42,data_ablation_no_module,no_lstm,tp09_L3_p0p42,3.0,0.42,run2,fold02,2,L5,6,3,8,54,6,3,8,54,0,0
data_no_lstm__tp09_L3_p0p42,data_ablation_no_module,no_lstm,tp09_L3_p0p42,3.0,0.42,run2,fold03,0,L2,20,10,6,35,20,10,6,35,0,0
data_no_lstm__tp09_L3_p0p42,data_ablation_no_module,no_lstm,tp09_L3_p0p42,3.0,0.42,run2,fold03,1,L4,22,6,9,34,22,6,9,34,0,0
data_no_lstm__tp09_L3_p0p42,data_ablation_no_module,no_lstm,tp09_L3_p0p42,3.0,0.42,run2,fold03,2,L5,6,7,8,50,6,7,8,50,0,0
data_no_lstm__tp09_L3_p0p42,data_ablation_no_module,no_lstm,tp09_L3_p0p42,3.0,0.42,run2,oof_pooled,0,L2,50,23,29,112,50,23,29,112,0,0
data_no_lstm__tp09_L3_p0p42,data_ablation_no_module,no_lstm,tp09_L3_p0p42,3.0,0.42,run2,oof_pooled,1,L4,63,34,30,87,63,34,30,87,0,0
data_no_lstm__tp09_L3_p0p42,data_ablation_no_module,no_lstm,tp09_L3_p0p42,3.0,0.42,run2,oof_pooled,2,L5,21,23,21,149,21,23,21,149,0,0
module_masked__no_lstm__tp09_L3_p0p42,module_ablation_masked,no_lstm,tp09_L3_p0p42,3.0,0.42,run1,fold01,0,L1,112,30,22,163,102,35,32,158,5,10
module_masked__no_lstm__tp09_L3_p0p42,module_ablation_masked,no_lstm,tp09_L3_p0p42,3.0,0.42,run1,fold01,1,L2/L4/L5 gate,126,30,26,145,117,40,35,135,10,9
module_masked__no_lstm__tp09_L3_p0p42,module_ablation_masked,no_lstm,tp09_L3_p0p42,3.0,0.42,run1,fold01,2,L3,26,3,15,283,27,6,14,280,3,-1
module_masked__no_lstm__tp09_L3_p0p42,module_ablation_masked,no_lstm,tp09_L3_p0p42,3.0,0.42,run1,fold02,0,L1,105,22,29,170,101,36,33,156,14,4
module_masked__no_lstm__tp09_L3_p0p42,module_ablation_masked,no_lstm,tp09_L3_p0p42,3.0,0.42,run1,fold02,1,L2/L4/L5 gate,127,31,25,143,113,37,39,137,6,14
module_masked__no_lstm__tp09_L3_p0p42,module_ablation_masked,no_lstm,tp09_L3_p0p42,3.0,0.42,run1,fold02,2,L3,34,7,6,279,28,11,12,275,4,6
module_masked__no_lstm__tp09_L3_p0p42,module_ablation_masked,no_lstm,tp09_L3_p0p42,3.0,0.42,run1,fold03,0,L1,111,21,23,171,104,28,30,164,7,7
module_masked__no_lstm__tp09_L3_p0p42,module_ablation_masked,no_lstm,tp09_L3_p0p42,3.0,0.42,run1,fold03,1,L2/L4/L5 gate,135,29,17,145,120,30,32,144,1,15
module_masked__no_lstm__tp09_L3_p0p42,module_ablation_masked,no_lstm,tp09_L3_p0p42,3.0,0.42,run1,fold03,2,L3,28,2,12,284,30,14,10,272,12,-2
module_masked__no_lstm__tp09_L3_p0p42,module_ablation_masked,no_lstm,tp09_L3_p0p42,3.0,0.42,run1,oof_pooled,0,L1,328,73,74,504,307,99,95,478,26,21
module_masked__no_lstm__tp09_L3_p0p42,module_ablation_masked,no_lstm,tp09_L3_p0p42,3.0,0.42,run1,oof_pooled,1,L2/L4/L5 gate,388,90,68,433,350,107,106,416,17,38
module_masked__no_lstm__tp09_L3_p0p42,module_ablation_masked,no_lstm,tp09_L3_p0p42,3.0,0.42,run1,oof_pooled,2,L3,88,12,33,846,85,31,36,827,19,3
module_masked__no_lstm__tp09_L3_p0p42,module_ablation_masked,no_lstm,tp09_L3_p0p42,3.0,0.42,run2,fold01,0,L2,22,10,5,35,16,2,11,43,-8,6
module_masked__no_lstm__tp09_L3_p0p42,module_ablation_masked,no_lstm,tp09_L3_p0p42,3.0,0.42,run2,fold01,1,L4,21,8,10,33,21,11,10,30,3,0
module_masked__no_lstm__tp09_L3_p0p42,module_ablation_masked,no_lstm,tp09_L3_p0p42,3.0,0.42,run2,fold01,2,L5,7,4,7,54,9,13,5,45,9,-2
module_masked__no_lstm__tp09_L3_p0p42,module_ablation_masked,no_lstm,tp09_L3_p0p42,3.0,0.42,run2,fold02,0,L2,21,12,5,33,14,11,12,34,-1,7
module_masked__no_lstm__tp09_L3_p0p42,module_ablation_masked,no_lstm,tp09_L3_p0p42,3.0,0.42,run2,fold02,1,L4,18,9,13,31,20,17,11,23,8,-2
module_masked__no_lstm__tp09_L3_p0p42,module_ablation_masked,no_lstm,tp09_L3_p0p42,3.0,0.42,run2,fold02,2,L5,8,3,6,54,6,3,8,54,0,2
module_masked__no_lstm__tp09_L3_p0p42,module_ablation_masked,no_lstm,tp09_L3_p0p42,3.0,0.42,run2,fold03,0,L2,20,11,6,34,20,10,6,35,-1,0
module_masked__no_lstm__tp09_L3_p0p42,module_ablation_masked,no_lstm,tp09_L3_p0p42,3.0,0.42,run2,fold03,1,L4,23,10,8,30,22,6,9,34,-4,1
module_masked__no_lstm__tp09_L3_p0p42,module_ablation_masked,no_lstm,tp09_L3_p0p42,3.0,0.42,run2,fold03,2,L5,4,3,10,54,6,7,8,50,4,-2
module_masked__no_lstm__tp09_L3_p0p42,module_ablation_masked,no_lstm,tp09_L3_p0p42,3.0,0.42,run2,oof_pooled,0,L2,63,33,16,102,50,23,29,112,-10,13
module_masked__no_lstm__tp09_L3_p0p42,module_ablation_masked,no_lstm,tp09_L3_p0p42,3.0,0.42,run2,oof_pooled,1,L4,62,27,31,94,63,34,30,87,7,-1
module_masked__no_lstm__tp09_L3_p0p42,module_ablation_masked,no_lstm,tp09_L3_p0p42,3.0,0.42,run2,oof_pooled,2,L5,19,10,23,162,21,23,21,149,13,-2
data_no_attention__tp09_L3_p0p42,data_ablation_no_module,no_attention,tp09_L3_p0p42,3.0,0.42,run1,fold01,0,L1,113,29,21,164,113,29,21,164,0,0
data_no_attention__tp09_L3_p0p42,data_ablation_no_module,no_attention,tp09_L3_p0p42,3.0,0.42,run1,fold01,1,L2/L4/L5 gate,125,28,27,147,125,28,27,147,0,0
data_no_attention__tp09_L3_p0p42,data_ablation_no_module,no_attention,tp09_L3_p0p42,3.0,0.42,run1,fold01,2,L3,30,2,11,284,30,2,11,284,0,0
data_no_attention__tp09_L3_p0p42,data_ablation_no_module,no_attention,tp09_L3_p0p42,3.0,0.42,run1,fold02,0,L1,107,21,27,171,107,21,27,171,0,0
data_no_attention__tp09_L3_p0p42,data_ablation_no_module,no_attention,tp09_L3_p0p42,3.0,0.42,run1,fold02,1,L2/L4/L5 gate,131,31,21,143,131,31,21,143,0,0
data_no_attention__tp09_L3_p0p42,data_ablation_no_module,no_attention,tp09_L3_p0p42,3.0,0.42,run1,fold02,2,L3,29,7,11,279,29,7,11,279,0,0
data_no_attention__tp09_L3_p0p42,data_ablation_no_module,no_attention,tp09_L3_p0p42,3.0,0.42,run1,fold03,0,L1,113,20,21,172,113,20,21,172,0,0
data_no_attention__tp09_L3_p0p42,data_ablation_no_module,no_attention,tp09_L3_p0p42,3.0,0.42,run1,fold03,1,L2/L4/L5 gate,129,23,23,151,129,23,23,151,0,0
data_no_attention__tp09_L3_p0p42,data_ablation_no_module,no_attention,tp09_L3_p0p42,3.0,0.42,run1,fold03,2,L3,33,8,7,278,33,8,7,278,0,0
data_no_attention__tp09_L3_p0p42,data_ablation_no_module,no_attention,tp09_L3_p0p42,3.0,0.42,run1,oof_pooled,0,L1,333,70,69,507,333,70,69,507,0,0
data_no_attention__tp09_L3_p0p42,data_ablation_no_module,no_attention,tp09_L3_p0p42,3.0,0.42,run1,oof_pooled,1,L2/L4/L5 gate,385,82,71,441,385,82,71,441,0,0
data_no_attention__tp09_L3_p0p42,data_ablation_no_module,no_attention,tp09_L3_p0p42,3.0,0.42,run1,oof_pooled,2,L3,92,17,29,841,92,17,29,841,0,0
data_no_attention__tp09_L3_p0p42,data_ablation_no_module,no_attention,tp09_L3_p0p42,3.0,0.42,run2,fold01,0,L2,15,6,12,39,15,6,12,39,0,0
data_no_attention__tp09_L3_p0p42,data_ablation_no_module,no_attention,tp09_L3_p0p42,3.0,0.42,run2,fold01,1,L4,21,16,10,25,21,16,10,25,0,0
data_no_attention__tp09_L3_p0p42,data_ablation_no_module,no_attention,tp09_L3_p0p42,3.0,0.42,run2,fold01,2,L5,6,8,8,50,6,8,8,50,0,0
data_no_attention__tp09_L3_p0p42,data_ablation_no_module,no_attention,tp09_L3_p0p42,3.0,0.42,run2,fold02,0,L2,16,8,10,37,16,8,10,37,0,0
data_no_attention__tp09_L3_p0p42,data_ablation_no_module,no_attention,tp09_L3_p0p42,3.0,0.42,run2,fold02,1,L4,16,6,15,34,16,6,15,34,0,0
data_no_attention__tp09_L3_p0p42,data_ablation_no_module,no_attention,tp09_L3_p0p42,3.0,0.42,run2,fold02,2,L5,13,12,1,45,13,12,1,45,0,0
data_no_attention__tp09_L3_p0p42,data_ablation_no_module,no_attention,tp09_L3_p0p42,3.0,0.42,run2,fold03,0,L2,17,10,9,35,17,10,9,35,0,0
data_no_attention__tp09_L3_p0p42,data_ablation_no_module,no_attention,tp09_L3_p0p42,3.0,0.42,run2,fold03,1,L4,19,13,12,27,19,13,12,27,0,0
data_no_attention__tp09_L3_p0p42,data_ablation_no_module,no_attention,tp09_L3_p0p42,3.0,0.42,run2,fold03,2,L5,4,8,10,49,4,8,10,49,0,0
data_no_attention__tp09_L3_p0p42,data_ablation_no_module,no_attention,tp09_L3_p0p42,3.0,0.42,run2,oof_pooled,0,L2,48,24,31,111,48,24,31,111,0,0
data_no_attention__tp09_L3_p0p42,data_ablation_no_module,no_attention,tp09_L3_p0p42,3.0,0.42,run2,oof_pooled,1,L4,56,35,37,86,56,35,37,86,0,0
data_no_attention__tp09_L3_p0p42,data_ablation_no_module,no_attention,tp09_L3_p0p42,3.0,0.42,run2,oof_pooled,2,L5,23,28,19,144,23,28,19,144,0,0
module_masked__no_attention__tp09_L3_p0p42,module_ablation_masked,no_attention,tp09_L3_p0p42,3.0,0.42,run1,fold01,0,L1,112,30,22,163,113,29,21,164,-1,-1
module_masked__no_attention__tp09_L3_p0p42,module_ablation_masked,no_attention,tp09_L3_p0p42,3.0,0.42,run1,fold01,1,L2/L4/L5 gate,126,30,26,145,125,28,27,147,-2,1
module_masked__no_attention__tp09_L3_p0p42,module_ablation_masked,no_attention,tp09_L3_p0p42,3.0,0.42,run1,fold01,2,L3,26,3,15,283,30,2,11,284,-1,-4
module_masked__no_attention__tp09_L3_p0p42,module_ablation_masked,no_attention,tp09_L3_p0p42,3.0,0.42,run1,fold02,0,L1,105,22,29,170,107,21,27,171,-1,-2
module_masked__no_attention__tp09_L3_p0p42,module_ablation_masked,no_attention,tp09_L3_p0p42,3.0,0.42,run1,fold02,1,L2/L4/L5 gate,127,31,25,143,131,31,21,143,0,-4
module_masked__no_attention__tp09_L3_p0p42,module_ablation_masked,no_attention,tp09_L3_p0p42,3.0,0.42,run1,fold02,2,L3,34,7,6,279,29,7,11,279,0,5
module_masked__no_attention__tp09_L3_p0p42,module_ablation_masked,no_attention,tp09_L3_p0p42,3.0,0.42,run1,fold03,0,L1,111,21,23,171,113,20,21,172,-1,-2
module_masked__no_attention__tp09_L3_p0p42,module_ablation_masked,no_attention,tp09_L3_p0p42,3.0,0.42,run1,fold03,1,L2/L4/L5 gate,135,29,17,145,129,23,23,151,-6,6
module_masked__no_attention__tp09_L3_p0p42,module_ablation_masked,no_attention,tp09_L3_p0p42,3.0,0.42,run1,fold03,2,L3,28,2,12,284,33,8,7,278,6,-5
module_masked__no_attention__tp09_L3_p0p42,module_ablation_masked,no_attention,tp09_L3_p0p42,3.0,0.42,run1,oof_pooled,0,L1,328,73,74,504,333,70,69,507,-3,-5
module_masked__no_attention__tp09_L3_p0p42,module_ablation_masked,no_attention,tp09_L3_p0p42,3.0,0.42,run1,oof_pooled,1,L2/L4/L5 gate,388,90,68,433,385,82,71,441,-8,3
module_masked__no_attention__tp09_L3_p0p42,module_ablation_masked,no_attention,tp09_L3_p0p42,3.0,0.42,run1,oof_pooled,2,L3,88,12,33,846,92,17,29,841,5,-4
module_masked__no_attention__tp09_L3_p0p42,module_ablation_masked,no_attention,tp09_L3_p0p42,3.0,0.42,run2,fold01,0,L2,22,10,5,35,15,6,12,39,-4,7
module_masked__no_attention__tp09_L3_p0p42,module_ablation_masked,no_attention,tp09_L3_p0p42,3.0,0.42,run2,fold01,1,L4,21,8,10,33,21,16,10,25,8,0
module_masked__no_attention__tp09_L3_p0p42,module_ablation_masked,no_attention,tp09_L3_p0p42,3.0,0.42,run2,fold01,2,L5,7,4,7,54,6,8,8,50,4,1
module_masked__no_attention__tp09_L3_p0p42,module_ablation_masked,no_attention,tp09_L3_p0p42,3.0,0.42,run2,fold02,0,L2,21,12,5,33,16,8,10,37,-4,5
module_masked__no_attention__tp09_L3_p0p42,module_ablation_masked,no_attention,tp09_L3_p0p42,3.0,0.42,run2,fold02,1,L4,18,9,13,31,16,6,15,34,-3,2
module_masked__no_attention__tp09_L3_p0p42,module_ablation_masked,no_attention,tp09_L3_p0p42,3.0,0.42,run2,fold02,2,L5,8,3,6,54,13,12,1,45,9,-5
module_masked__no_attention__tp09_L3_p0p42,module_ablation_masked,no_attention,tp09_L3_p0p42,3.0,0.42,run2,fold03,0,L2,20,11,6,34,17,10,9,35,-1,3
module_masked__no_attention__tp09_L3_p0p42,module_ablation_masked,no_attention,tp09_L3_p0p42,3.0,0.42,run2,fold03,1,L4,23,10,8,30,19,13,12,27,3,4
module_masked__no_attention__tp09_L3_p0p42,module_ablation_masked,no_attention,tp09_L3_p0p42,3.0,0.42,run2,fold03,2,L5,4,3,10,54,4,8,10,49,5,0
module_masked__no_attention__tp09_L3_p0p42,module_ablation_masked,no_attention,tp09_L3_p0p42,3.0,0.42,run2,oof_pooled,0,L2,63,33,16,102,48,24,31,111,-9,15
module_masked__no_attention__tp09_L3_p0p42,module_ablation_masked,no_attention,tp09_L3_p0p42,3.0,0.42,run2,oof_pooled,1,L4,62,27,31,94,56,35,37,86,8,6
module_masked__no_attention__tp09_L3_p0p42,module_ablation_masked,no_attention,tp09_L3_p0p42,3.0,0.42,run2,oof_pooled,2,L5,19,10,23,162,23,28,19,144,18,-4
data_full__tp10_L3_p0p65,data_ablation_full,,tp10_L3_p0p65,3.0,0.65,run1,fold01,0,L1,112,30,22,163,112,30,22,163,0,0
data_full__tp10_L3_p0p65,data_ablation_full,,tp10_L3_p0p65,3.0,0.65,run1,fold01,1,L2/L4/L5 gate,126,30,26,145,126,30,26,145,0,0
data_full__tp10_L3_p0p65,data_ablation_full,,tp10_L3_p0p65,3.0,0.65,run1,fold01,2,L3,26,3,15,283,26,3,15,283,0,0
data_full__tp10_L3_p0p65,data_ablation_full,,tp10_L3_p0p65,3.0,0.65,run1,fold02,0,L1,105,22,29,170,105,22,29,170,0,0
data_full__tp10_L3_p0p65,data_ablation_full,,tp10_L3_p0p65,3.0,0.65,run1,fold02,1,L2/L4/L5 gate,127,31,25,143,127,31,25,143,0,0
data_full__tp10_L3_p0p65,data_ablation_full,,tp10_L3_p0p65,3.0,0.65,run1,fold02,2,L3,34,7,6,279,34,7,6,279,0,0
data_full__tp10_L3_p0p65,data_ablation_full,,tp10_L3_p0p65,3.0,0.65,run1,fold03,0,L1,111,21,23,171,111,21,23,171,0,0
data_full__tp10_L3_p0p65,data_ablation_full,,tp10_L3_p0p65,3.0,0.65,run1,fold03,1,L2/L4/L5 gate,135,29,17,145,135,29,17,145,0,0
data_full__tp10_L3_p0p65,data_ablation_full,,tp10_L3_p0p65,3.0,0.65,run1,fold03,2,L3,28,2,12,284,28,2,12,284,0,0
data_full__tp10_L3_p0p65,data_ablation_full,,tp10_L3_p0p65,3.0,0.65,run1,oof_pooled,0,L1,328,73,74,504,328,73,74,504,0,0
data_full__tp10_L3_p0p65,data_ablation_full,,tp10_L3_p0p65,3.0,0.65,run1,oof_pooled,1,L2/L4/L5 gate,388,90,68,433,388,90,68,433,0,0
data_full__tp10_L3_p0p65,data_ablation_full,,tp10_L3_p0p65,3.0,0.65,run1,oof_pooled,2,L3,88,12,33,846,88,12,33,846,0,0
data_full__tp10_L3_p0p65,data_ablation_full,,tp10_L3_p0p65,3.0,0.65,run2,fold01,0,L2,22,10,5,35,22,10,5,35,0,0
data_full__tp10_L3_p0p65,data_ablation_full,,tp10_L3_p0p65,3.0,0.65,run2,fold01,1,L4,21,8,10,33,21,8,10,33,0,0
data_full__tp10_L3_p0p65,data_ablation_full,,tp10_L3_p0p65,3.0,0.65,run2,fold01,2,L5,7,4,7,54,7,4,7,54,0,0
data_full__tp10_L3_p0p65,data_ablation_full,,tp10_L3_p0p65,3.0,0.65,run2,fold02,0,L2,21,12,5,33,21,12,5,33,0,0
data_full__tp10_L3_p0p65,data_ablation_full,,tp10_L3_p0p65,3.0,0.65,run2,fold02,1,L4,18,9,13,31,18,9,13,31,0,0
data_full__tp10_L3_p0p65,data_ablation_full,,tp10_L3_p0p65,3.0,0.65,run2,fold02,2,L5,8,3,6,54,8,3,6,54,0,0
data_full__tp10_L3_p0p65,data_ablation_full,,tp10_L3_p0p65,3.0,0.65,run2,fold03,0,L2,20,11,6,34,20,11,6,34,0,0
data_full__tp10_L3_p0p65,data_ablation_full,,tp10_L3_p0p65,3.0,0.65,run2,fold03,1,L4,23,10,8,30,23,10,8,30,0,0
data_full__tp10_L3_p0p65,data_ablation_full,,tp10_L3_p0p65,3.0,0.65,run2,fold03,2,L5,4,3,10,54,4,3,10,54,0,0
data_full__tp10_L3_p0p65,data_ablation_full,,tp10_L3_p0p65,3.0,0.65,run2,oof_pooled,0,L2,63,33,16,102,63,33,16,102,0,0
data_full__tp10_L3_p0p65,data_ablation_full,,tp10_L3_p0p65,3.0,0.65,run2,oof_pooled,1,L4,62,27,31,94,62,27,31,94,0,0
data_full__tp10_L3_p0p65,data_ablation_full,,tp10_L3_p0p65,3.0,0.65,run2,oof_pooled,2,L5,19,10,23,162,19,10,23,162,0,0
data_no_conv__tp10_L3_p0p65,data_ablation_no_module,no_conv,tp10_L3_p0p65,3.0,0.65,run1,fold01,0,L1,109,34,25,159,109,34,25,159,0,0
data_no_conv__tp10_L3_p0p65,data_ablation_no_module,no_conv,tp10_L3_p0p65,3.0,0.65,run1,fold01,1,L2/L4/L5 gate,120,30,32,145,120,30,32,145,0,0
data_no_conv__tp10_L3_p0p65,data_ablation_no_module,no_conv,tp10_L3_p0p65,3.0,0.65,run1,fold01,2,L3,30,4,11,282,30,4,11,282,0,0
data_no_conv__tp10_L3_p0p65,data_ablation_no_module,no_conv,tp10_L3_p0p65,3.0,0.65,run1,fold02,0,L1,110,26,24,166,110,26,24,166,0,0
data_no_conv__tp10_L3_p0p65,data_ablation_no_module,no_conv,tp10_L3_p0p65,3.0,0.65,run1,fold02,1,L2/L4/L5 gate,121,28,31,146,121,28,31,146,0,0
data_no_conv__tp10_L3_p0p65,data_ablation_no_module,no_conv,tp10_L3_p0p65,3.0,0.65,run1,fold02,2,L3,30,11,10,275,30,11,10,275,0,0
data_no_conv__tp10_L3_p0p65,data_ablation_no_module,no_conv,tp10_L3_p0p65,3.0,0.65,run1,fold03,0,L1,108,28,26,164,108,28,26,164,0,0
data_no_conv__tp10_L3_p0p65,data_ablation_no_module,no_conv,tp10_L3_p0p65,3.0,0.65,run1,fold03,1,L2/L4/L5 gate,110,23,42,151,110,23,42,151,0,0
data_no_conv__tp10_L3_p0p65,data_ablation_no_module,no_conv,tp10_L3_p0p65,3.0,0.65,run1,fold03,2,L3,35,22,5,264,35,22,5,264,0,0
data_no_conv__tp10_L3_p0p65,data_ablation_no_module,no_conv,tp10_L3_p0p65,3.0,0.65,run1,oof_pooled,0,L1,327,88,75,489,327,88,75,489,0,0
data_no_conv__tp10_L3_p0p65,data_ablation_no_module,no_conv,tp10_L3_p0p65,3.0,0.65,run1,oof_pooled,1,L2/L4/L5 gate,351,81,105,442,351,81,105,442,0,0
data_no_conv__tp10_L3_p0p65,data_ablation_no_module,no_conv,tp10_L3_p0p65,3.0,0.65,run1,oof_pooled,2,L3,95,37,26,821,95,37,26,821,0,0
data_no_conv__tp10_L3_p0p65,data_ablation_no_module,no_conv,tp10_L3_p0p65,3.0,0.65,run2,fold01,0,L2,15,12,12,33,15,12,12,33,0,0
data_no_conv__tp10_L3_p0p65,data_ablation_no_module,no_conv,tp10_L3_p0p65,3.0,0.65,run2,fold01,1,L4,16,7,15,34,16,7,15,34,0,0
data_no_conv__tp10_L3_p0p65,data_ablation_no_module,no_conv,tp10_L3_p0p65,3.0,0.65,run2,fold01,2,L5,9,13,5,45,9,13,5,45,0,0
data_no_conv__tp10_L3_p0p65,data_ablation_no_module,no_conv,tp10_L3_p0p65,3.0,0.65,run2,fold02,0,L2,17,12,9,33,17,12,9,33,0,0
data_no_conv__tp10_L3_p0p65,data_ablation_no_module,no_conv,tp10_L3_p0p65,3.0,0.65,run2,fold02,1,L4,12,6,19,34,12,6,19,34,0,0
data_no_conv__tp10_L3_p0p65,data_ablation_no_module,no_conv,tp10_L3_p0p65,3.0,0.65,run2,fold02,2,L5,11,13,3,44,11,13,3,44,0,0
data_no_conv__tp10_L3_p0p65,data_ablation_no_module,no_conv,tp10_L3_p0p65,3.0,0.65,run2,fold03,0,L2,21,21,5,24,21,21,5,24,0,0
data_no_conv__tp10_L3_p0p65,data_ablation_no_module,no_conv,tp10_L3_p0p65,3.0,0.65,run2,fold03,1,L4,14,6,17,34,14,6,17,34,0,0
data_no_conv__tp10_L3_p0p65,data_ablation_no_module,no_conv,tp10_L3_p0p65,3.0,0.65,run2,fold03,2,L5,4,5,10,52,4,5,10,52,0,0
data_no_conv__tp10_L3_p0p65,data_ablation_no_module,no_conv,tp10_L3_p0p65,3.0,0.65,run2,oof_pooled,0,L2,53,45,26,90,53,45,26,90,0,0
data_no_conv__tp10_L3_p0p65,data_ablation_no_module,no_conv,tp10_L3_p0p65,3.0,0.65,run2,oof_pooled,1,L4,42,19,51,102,42,19,51,102,0,0
data_no_conv__tp10_L3_p0p65,data_ablation_no_module,no_conv,tp10_L3_p0p65,3.0,0.65,run2,oof_pooled,2,L5,24,31,18,141,24,31,18,141,0,0
module_masked__no_conv__tp10_L3_p0p65,module_ablation_masked,no_conv,tp10_L3_p0p65,3.0,0.65,run1,fold01,0,L1,112,30,22,163,109,34,25,159,4,3
module_masked__no_conv__tp10_L3_p0p65,module_ablation_masked,no_conv,tp10_L3_p0p65,3.0,0.65,run1,fold01,1,L2/L4/L5 gate,126,30,26,145,120,30,32,145,0,6
module_masked__no_conv__tp10_L3_p0p65,module_ablation_masked,no_conv,tp10_L3_p0p65,3.0,0.65,run1,fold01,2,L3,26,3,15,283,30,4,11,282,1,-4
module_masked__no_conv__tp10_L3_p0p65,module_ablation_masked,no_conv,tp10_L3_p0p65,3.0,0.65,run1,fold02,0,L1,105,22,29,170,110,26,24,166,4,-5
module_masked__no_conv__tp10_L3_p0p65,module_ablation_masked,no_conv,tp10_L3_p0p65,3.0,0.65,run1,fold02,1,L2/L4/L5 gate,127,31,25,143,121,28,31,146,-3,6
module_masked__no_conv__tp10_L3_p0p65,module_ablation_masked,no_conv,tp10_L3_p0p65,3.0,0.65,run1,fold02,2,L3,34,7,6,279,30,11,10,275,4,4
module_masked__no_conv__tp10_L3_p0p65,module_ablation_masked,no_conv,tp10_L3_p0p65,3.0,0.65,run1,fold03,0,L1,111,21,23,171,108,28,26,164,7,3
module_masked__no_conv__tp10_L3_p0p65,module_ablation_masked,no_conv,tp10_L3_p0p65,3.0,0.65,run1,fold03,1,L2/L4/L5 gate,135,29,17,145,110,23,42,151,-6,25
module_masked__no_conv__tp10_L3_p0p65,module_ablation_masked,no_conv,tp10_L3_p0p65,3.0,0.65,run1,fold03,2,L3,28,2,12,284,35,22,5,264,20,-7
module_masked__no_conv__tp10_L3_p0p65,module_ablation_masked,no_conv,tp10_L3_p0p65,3.0,0.65,run1,oof_pooled,0,L1,328,73,74,504,327,88,75,489,15,1
module_masked__no_conv__tp10_L3_p0p65,module_ablation_masked,no_conv,tp10_L3_p0p65,3.0,0.65,run1,oof_pooled,1,L2/L4/L5 gate,388,90,68,433,351,81,105,442,-9,37
module_masked__no_conv__tp10_L3_p0p65,module_ablation_masked,no_conv,tp10_L3_p0p65,3.0,0.65,run1,oof_pooled,2,L3,88,12,33,846,95,37,26,821,25,-7
module_masked__no_conv__tp10_L3_p0p65,module_ablation_masked,no_conv,tp10_L3_p0p65,3.0,0.65,run2,fold01,0,L2,22,10,5,35,15,12,12,33,2,7
module_masked__no_conv__tp10_L3_p0p65,module_ablation_masked,no_conv,tp10_L3_p0p65,3.0,0.65,run2,fold01,1,L4,21,8,10,33,16,7,15,34,-1,5
module_masked__no_conv__tp10_L3_p0p65,module_ablation_masked,no_conv,tp10_L3_p0p65,3.0,0.65,run2,fold01,2,L5,7,4,7,54,9,13,5,45,9,-2
module_masked__no_conv__tp10_L3_p0p65,module_ablation_masked,no_conv,tp10_L3_p0p65,3.0,0.65,run2,fold02,0,L2,21,12,5,33,17,12,9,33,0,4
module_masked__no_conv__tp10_L3_p0p65,module_ablation_masked,no_conv,tp10_L3_p0p65,3.0,0.65,run2,fold02,1,L4,18,9,13,31,12,6,19,34,-3,6
module_masked__no_conv__tp10_L3_p0p65,module_ablation_masked,no_conv,tp10_L3_p0p65,3.0,0.65,run2,fold02,2,L5,8,3,6,54,11,13,3,44,10,-3
module_masked__no_conv__tp10_L3_p0p65,module_ablation_masked,no_conv,tp10_L3_p0p65,3.0,0.65,run2,fold03,0,L2,20,11,6,34,21,21,5,24,10,-1
module_masked__no_conv__tp10_L3_p0p65,module_ablation_masked,no_conv,tp10_L3_p0p65,3.0,0.65,run2,fold03,1,L4,23,10,8,30,14,6,17,34,-4,9
module_masked__no_conv__tp10_L3_p0p65,module_ablation_masked,no_conv,tp10_L3_p0p65,3.0,0.65,run2,fold03,2,L5,4,3,10,54,4,5,10,52,2,0
module_masked__no_conv__tp10_L3_p0p65,module_ablation_masked,no_conv,tp10_L3_p0p65,3.0,0.65,run2,oof_pooled,0,L2,63,33,16,102,53,45,26,90,12,10
module_masked__no_conv__tp10_L3_p0p65,module_ablation_masked,no_conv,tp10_L3_p0p65,3.0,0.65,run2,oof_pooled,1,L4,62,27,31,94,42,19,51,102,-8,20
module_masked__no_conv__tp10_L3_p0p65,module_ablation_masked,no_conv,tp10_L3_p0p65,3.0,0.65,run2,oof_pooled,2,L5,19,10,23,162,24,31,18,141,21,-5
data_no_lstm__tp10_L3_p0p65,data_ablation_no_module,no_lstm,tp10_L3_p0p65,3.0,0.65,run1,fold01,0,L1,102,35,32,158,102,35,32,158,0,0
data_no_lstm__tp10_L3_p0p65,data_ablation_no_module,no_lstm,tp10_L3_p0p65,3.0,0.65,run1,fold01,1,L2/L4/L5 gate,117,40,35,135,117,40,35,135,0,0
data_no_lstm__tp10_L3_p0p65,data_ablation_no_module,no_lstm,tp10_L3_p0p65,3.0,0.65,run1,fold01,2,L3,27,6,14,280,27,6,14,280,0,0
data_no_lstm__tp10_L3_p0p65,data_ablation_no_module,no_lstm,tp10_L3_p0p65,3.0,0.65,run1,fold02,0,L1,101,36,33,156,101,36,33,156,0,0
data_no_lstm__tp10_L3_p0p65,data_ablation_no_module,no_lstm,tp10_L3_p0p65,3.0,0.65,run1,fold02,1,L2/L4/L5 gate,113,37,39,137,113,37,39,137,0,0
data_no_lstm__tp10_L3_p0p65,data_ablation_no_module,no_lstm,tp10_L3_p0p65,3.0,0.65,run1,fold02,2,L3,28,11,12,275,28,11,12,275,0,0
data_no_lstm__tp10_L3_p0p65,data_ablation_no_module,no_lstm,tp10_L3_p0p65,3.0,0.65,run1,fold03,0,L1,104,28,30,164,104,28,30,164,0,0
data_no_lstm__tp10_L3_p0p65,data_ablation_no_module,no_lstm,tp10_L3_p0p65,3.0,0.65,run1,fold03,1,L2/L4/L5 gate,120,30,32,144,120,30,32,144,0,0
data_no_lstm__tp10_L3_p0p65,data_ablation_no_module,no_lstm,tp10_L3_p0p65,3.0,0.65,run1,fold03,2,L3,30,14,10,272,30,14,10,272,0,0
data_no_lstm__tp10_L3_p0p65,data_ablation_no_module,no_lstm,tp10_L3_p0p65,3.0,0.65,run1,oof_pooled,0,L1,307,99,95,478,307,99,95,478,0,0
data_no_lstm__tp10_L3_p0p65,data_ablation_no_module,no_lstm,tp10_L3_p0p65,3.0,0.65,run1,oof_pooled,1,L2/L4/L5 gate,350,107,106,416,350,107,106,416,0,0
data_no_lstm__tp10_L3_p0p65,data_ablation_no_module,no_lstm,tp10_L3_p0p65,3.0,0.65,run1,oof_pooled,2,L3,85,31,36,827,85,31,36,827,0,0
data_no_lstm__tp10_L3_p0p65,data_ablation_no_module,no_lstm,tp10_L3_p0p65,3.0,0.65,run2,fold01,0,L2,16,2,11,43,16,2,11,43,0,0
data_no_lstm__tp10_L3_p0p65,data_ablation_no_module,no_lstm,tp10_L3_p0p65,3.0,0.65,run2,fold01,1,L4,21,11,10,30,21,11,10,30,0,0
data_no_lstm__tp10_L3_p0p65,data_ablation_no_module,no_lstm,tp10_L3_p0p65,3.0,0.65,run2,fold01,2,L5,9,13,5,45,9,13,5,45,0,0
data_no_lstm__tp10_L3_p0p65,data_ablation_no_module,no_lstm,tp10_L3_p0p65,3.0,0.65,run2,fold02,0,L2,14,11,12,34,14,11,12,34,0,0
data_no_lstm__tp10_L3_p0p65,data_ablation_no_module,no_lstm,tp10_L3_p0p65,3.0,0.65,run2,fold02,1,L4,20,17,11,23,20,17,11,23,0,0
data_no_lstm__tp10_L3_p0p65,data_ablation_no_module,no_lstm,tp10_L3_p0p65,3.0,0.65,run2,fold02,2,L5,6,3,8,54,6,3,8,54,0,0
data_no_lstm__tp10_L3_p0p65,data_ablation_no_module,no_lstm,tp10_L3_p0p65,3.0,0.65,run2,fold03,0,L2,20,10,6,35,20,10,6,35,0,0
data_no_lstm__tp10_L3_p0p65,data_ablation_no_module,no_lstm,tp10_L3_p0p65,3.0,0.65,run2,fold03,1,L4,22,6,9,34,22,6,9,34,0,0
data_no_lstm__tp10_L3_p0p65,data_ablation_no_module,no_lstm,tp10_L3_p0p65,3.0,0.65,run2,fold03,2,L5,6,7,8,50,6,7,8,50,0,0
data_no_lstm__tp10_L3_p0p65,data_ablation_no_module,no_lstm,tp10_L3_p0p65,3.0,0.65,run2,oof_pooled,0,L2,50,23,29,112,50,23,29,112,0,0
data_no_lstm__tp10_L3_p0p65,data_ablation_no_module,no_lstm,tp10_L3_p0p65,3.0,0.65,run2,oof_pooled,1,L4,63,34,30,87,63,34,30,87,0,0
data_no_lstm__tp10_L3_p0p65,data_ablation_no_module,no_lstm,tp10_L3_p0p65,3.0,0.65,run2,oof_pooled,2,L5,21,23,21,149,21,23,21,149,0,0
module_masked__no_lstm__tp10_L3_p0p65,module_ablation_masked,no_lstm,tp10_L3_p0p65,3.0,0.65,run1,fold01,0,L1,112,30,22,163,102,35,32,158,5,10
module_masked__no_lstm__tp10_L3_p0p65,module_ablation_masked,no_lstm,tp10_L3_p0p65,3.0,0.65,run1,fold01,1,L2/L4/L5 gate,126,30,26,145,117,40,35,135,10,9
module_masked__no_lstm__tp10_L3_p0p65,module_ablation_masked,no_lstm,tp10_L3_p0p65,3.0,0.65,run1,fold01,2,L3,26,3,15,283,27,6,14,280,3,-1
module_masked__no_lstm__tp10_L3_p0p65,module_ablation_masked,no_lstm,tp10_L3_p0p65,3.0,0.65,run1,fold02,0,L1,105,22,29,170,101,36,33,156,14,4
module_masked__no_lstm__tp10_L3_p0p65,module_ablation_masked,no_lstm,tp10_L3_p0p65,3.0,0.65,run1,fold02,1,L2/L4/L5 gate,127,31,25,143,113,37,39,137,6,14
module_masked__no_lstm__tp10_L3_p0p65,module_ablation_masked,no_lstm,tp10_L3_p0p65,3.0,0.65,run1,fold02,2,L3,34,7,6,279,28,11,12,275,4,6
module_masked__no_lstm__tp10_L3_p0p65,module_ablation_masked,no_lstm,tp10_L3_p0p65,3.0,0.65,run1,fold03,0,L1,111,21,23,171,104,28,30,164,7,7
module_masked__no_lstm__tp10_L3_p0p65,module_ablation_masked,no_lstm,tp10_L3_p0p65,3.0,0.65,run1,fold03,1,L2/L4/L5 gate,135,29,17,145,120,30,32,144,1,15
module_masked__no_lstm__tp10_L3_p0p65,module_ablation_masked,no_lstm,tp10_L3_p0p65,3.0,0.65,run1,fold03,2,L3,28,2,12,284,30,14,10,272,12,-2
module_masked__no_lstm__tp10_L3_p0p65,module_ablation_masked,no_lstm,tp10_L3_p0p65,3.0,0.65,run1,oof_pooled,0,L1,328,73,74,504,307,99,95,478,26,21
module_masked__no_lstm__tp10_L3_p0p65,module_ablation_masked,no_lstm,tp10_L3_p0p65,3.0,0.65,run1,oof_pooled,1,L2/L4/L5 gate,388,90,68,433,350,107,106,416,17,38
module_masked__no_lstm__tp10_L3_p0p65,module_ablation_masked,no_lstm,tp10_L3_p0p65,3.0,0.65,run1,oof_pooled,2,L3,88,12,33,846,85,31,36,827,19,3
module_masked__no_lstm__tp10_L3_p0p65,module_ablation_masked,no_lstm,tp10_L3_p0p65,3.0,0.65,run2,fold01,0,L2,22,10,5,35,16,2,11,43,-8,6
module_masked__no_lstm__tp10_L3_p0p65,module_ablation_masked,no_lstm,tp10_L3_p0p65,3.0,0.65,run2,fold01,1,L4,21,8,10,33,21,11,10,30,3,0
module_masked__no_lstm__tp10_L3_p0p65,module_ablation_masked,no_lstm,tp10_L3_p0p65,3.0,0.65,run2,fold01,2,L5,7,4,7,54,9,13,5,45,9,-2
module_masked__no_lstm__tp10_L3_p0p65,module_ablation_masked,no_lstm,tp10_L3_p0p65,3.0,0.65,run2,fold02,0,L2,21,12,5,33,14,11,12,34,-1,7
module_masked__no_lstm__tp10_L3_p0p65,module_ablation_masked,no_lstm,tp10_L3_p0p65,3.0,0.65,run2,fold02,1,L4,18,9,13,31,20,17,11,23,8,-2
module_masked__no_lstm__tp10_L3_p0p65,module_ablation_masked,no_lstm,tp10_L3_p0p65,3.0,0.65,run2,fold02,2,L5,8,3,6,54,6,3,8,54,0,2
module_masked__no_lstm__tp10_L3_p0p65,module_ablation_masked,no_lstm,tp10_L3_p0p65,3.0,0.65,run2,fold03,0,L2,20,11,6,34,20,10,6,35,-1,0
module_masked__no_lstm__tp10_L3_p0p65,module_ablation_masked,no_lstm,tp10_L3_p0p65,3.0,0.65,run2,fold03,1,L4,23,10,8,30,22,6,9,34,-4,1
module_masked__no_lstm__tp10_L3_p0p65,module_ablation_masked,no_lstm,tp10_L3_p0p65,3.0,0.65,run2,fold03,2,L5,4,3,10,54,6,7,8,50,4,-2
module_masked__no_lstm__tp10_L3_p0p65,module_ablation_masked,no_lstm,tp10_L3_p0p65,3.0,0.65,run2,oof_pooled,0,L2,63,33,16,102,50,23,29,112,-10,13
module_masked__no_lstm__tp10_L3_p0p65,module_ablation_masked,no_lstm,tp10_L3_p0p65,3.0,0.65,run2,oof_pooled,1,L4,62,27,31,94,63,34,30,87,7,-1
module_masked__no_lstm__tp10_L3_p0p65,module_ablation_masked,no_lstm,tp10_L3_p0p65,3.0,0.65,run2,oof_pooled,2,L5,19,10,23,162,21,23,21,149,13,-2
data_no_attention__tp10_L3_p0p65,data_ablation_no_module,no_attention,tp10_L3_p0p65,3.0,0.65,run1,fold01,0,L1,113,29,21,164,113,29,21,164,0,0
data_no_attention__tp10_L3_p0p65,data_ablation_no_module,no_attention,tp10_L3_p0p65,3.0,0.65,run1,fold01,1,L2/L4/L5 gate,125,28,27,147,125,28,27,147,0,0
data_no_attention__tp10_L3_p0p65,data_ablation_no_module,no_attention,tp10_L3_p0p65,3.0,0.65,run1,fold01,2,L3,30,2,11,284,30,2,11,284,0,0
data_no_attention__tp10_L3_p0p65,data_ablation_no_module,no_attention,tp10_L3_p0p65,3.0,0.65,run1,fold02,0,L1,107,21,27,171,107,21,27,171,0,0
data_no_attention__tp10_L3_p0p65,data_ablation_no_module,no_attention,tp10_L3_p0p65,3.0,0.65,run1,fold02,1,L2/L4/L5 gate,131,31,21,143,131,31,21,143,0,0
data_no_attention__tp10_L3_p0p65,data_ablation_no_module,no_attention,tp10_L3_p0p65,3.0,0.65,run1,fold02,2,L3,29,7,11,279,29,7,11,279,0,0
data_no_attention__tp10_L3_p0p65,data_ablation_no_module,no_attention,tp10_L3_p0p65,3.0,0.65,run1,fold03,0,L1,113,20,21,172,113,20,21,172,0,0
data_no_attention__tp10_L3_p0p65,data_ablation_no_module,no_attention,tp10_L3_p0p65,3.0,0.65,run1,fold03,1,L2/L4/L5 gate,129,23,23,151,129,23,23,151,0,0
data_no_attention__tp10_L3_p0p65,data_ablation_no_module,no_attention,tp10_L3_p0p65,3.0,0.65,run1,fold03,2,L3,33,8,7,278,33,8,7,278,0,0
data_no_attention__tp10_L3_p0p65,data_ablation_no_module,no_attention,tp10_L3_p0p65,3.0,0.65,run1,oof_pooled,0,L1,333,70,69,507,333,70,69,507,0,0
data_no_attention__tp10_L3_p0p65,data_ablation_no_module,no_attention,tp10_L3_p0p65,3.0,0.65,run1,oof_pooled,1,L2/L4/L5 gate,385,82,71,441,385,82,71,441,0,0
data_no_attention__tp10_L3_p0p65,data_ablation_no_module,no_attention,tp10_L3_p0p65,3.0,0.65,run1,oof_pooled,2,L3,92,17,29,841,92,17,29,841,0,0
data_no_attention__tp10_L3_p0p65,data_ablation_no_module,no_attention,tp10_L3_p0p65,3.0,0.65,run2,fold01,0,L2,15,6,12,39,15,6,12,39,0,0
data_no_attention__tp10_L3_p0p65,data_ablation_no_module,no_attention,tp10_L3_p0p65,3.0,0.65,run2,fold01,1,L4,21,16,10,25,21,16,10,25,0,0
data_no_attention__tp10_L3_p0p65,data_ablation_no_module,no_attention,tp10_L3_p0p65,3.0,0.65,run2,fold01,2,L5,6,8,8,50,6,8,8,50,0,0
data_no_attention__tp10_L3_p0p65,data_ablation_no_module,no_attention,tp10_L3_p0p65,3.0,0.65,run2,fold02,0,L2,16,8,10,37,16,8,10,37,0,0
data_no_attention__tp10_L3_p0p65,data_ablation_no_module,no_attention,tp10_L3_p0p65,3.0,0.65,run2,fold02,1,L4,16,6,15,34,16,6,15,34,0,0
data_no_attention__tp10_L3_p0p65,data_ablation_no_module,no_attention,tp10_L3_p0p65,3.0,0.65,run2,fold02,2,L5,13,12,1,45,13,12,1,45,0,0
data_no_attention__tp10_L3_p0p65,data_ablation_no_module,no_attention,tp10_L3_p0p65,3.0,0.65,run2,fold03,0,L2,17,10,9,35,17,10,9,35,0,0
data_no_attention__tp10_L3_p0p65,data_ablation_no_module,no_attention,tp10_L3_p0p65,3.0,0.65,run2,fold03,1,L4,19,13,12,27,19,13,12,27,0,0
data_no_attention__tp10_L3_p0p65,data_ablation_no_module,no_attention,tp10_L3_p0p65,3.0,0.65,run2,fold03,2,L5,4,8,10,49,4,8,10,49,0,0
data_no_attention__tp10_L3_p0p65,data_ablation_no_module,no_attention,tp10_L3_p0p65,3.0,0.65,run2,oof_pooled,0,L2,48,24,31,111,48,24,31,111,0,0
data_no_attention__tp10_L3_p0p65,data_ablation_no_module,no_attention,tp10_L3_p0p65,3.0,0.65,run2,oof_pooled,1,L4,56,35,37,86,56,35,37,86,0,0
data_no_attention__tp10_L3_p0p65,data_ablation_no_module,no_attention,tp10_L3_p0p65,3.0,0.65,run2,oof_pooled,2,L5,23,28,19,144,23,28,19,144,0,0
module_masked__no_attention__tp10_L3_p0p65,module_ablation_masked,no_attention,tp10_L3_p0p65,3.0,0.65,run1,fold01,0,L1,112,30,22,163,113,29,21,164,-1,-1
module_masked__no_attention__tp10_L3_p0p65,module_ablation_masked,no_attention,tp10_L3_p0p65,3.0,0.65,run1,fold01,1,L2/L4/L5 gate,126,30,26,145,125,28,27,147,-2,1
module_masked__no_attention__tp10_L3_p0p65,module_ablation_masked,no_attention,tp10_L3_p0p65,3.0,0.65,run1,fold01,2,L3,26,3,15,283,30,2,11,284,-1,-4
module_masked__no_attention__tp10_L3_p0p65,module_ablation_masked,no_attention,tp10_L3_p0p65,3.0,0.65,run1,fold02,0,L1,105,22,29,170,107,21,27,171,-1,-2
module_masked__no_attention__tp10_L3_p0p65,module_ablation_masked,no_attention,tp10_L3_p0p65,3.0,0.65,run1,fold02,1,L2/L4/L5 gate,127,31,25,143,131,31,21,143,0,-4
module_masked__no_attention__tp10_L3_p0p65,module_ablation_masked,no_attention,tp10_L3_p0p65,3.0,0.65,run1,fold02,2,L3,34,7,6,279,29,7,11,279,0,5
module_masked__no_attention__tp10_L3_p0p65,module_ablation_masked,no_attention,tp10_L3_p0p65,3.0,0.65,run1,fold03,0,L1,111,21,23,171,113,20,21,172,-1,-2
module_masked__no_attention__tp10_L3_p0p65,module_ablation_masked,no_attention,tp10_L3_p0p65,3.0,0.65,run1,fold03,1,L2/L4/L5 gate,135,29,17,145,129,23,23,151,-6,6
module_masked__no_attention__tp10_L3_p0p65,module_ablation_masked,no_attention,tp10_L3_p0p65,3.0,0.65,run1,fold03,2,L3,28,2,12,284,33,8,7,278,6,-5
module_masked__no_attention__tp10_L3_p0p65,module_ablation_masked,no_attention,tp10_L3_p0p65,3.0,0.65,run1,oof_pooled,0,L1,328,73,74,504,333,70,69,507,-3,-5
module_masked__no_attention__tp10_L3_p0p65,module_ablation_masked,no_attention,tp10_L3_p0p65,3.0,0.65,run1,oof_pooled,1,L2/L4/L5 gate,388,90,68,433,385,82,71,441,-8,3
module_masked__no_attention__tp10_L3_p0p65,module_ablation_masked,no_attention,tp10_L3_p0p65,3.0,0.65,run1,oof_pooled,2,L3,88,12,33,846,92,17,29,841,5,-4
module_masked__no_attention__tp10_L3_p0p65,module_ablation_masked,no_attention,tp10_L3_p0p65,3.0,0.65,run2,fold01,0,L2,22,10,5,35,15,6,12,39,-4,7
module_masked__no_attention__tp10_L3_p0p65,module_ablation_masked,no_attention,tp10_L3_p0p65,3.0,0.65,run2,fold01,1,L4,21,8,10,33,21,16,10,25,8,0
module_masked__no_attention__tp10_L3_p0p65,module_ablation_masked,no_attention,tp10_L3_p0p65,3.0,0.65,run2,fold01,2,L5,7,4,7,54,6,8,8,50,4,1
module_masked__no_attention__tp10_L3_p0p65,module_ablation_masked,no_attention,tp10_L3_p0p65,3.0,0.65,run2,fold02,0,L2,21,12,5,33,16,8,10,37,-4,5
module_masked__no_attention__tp10_L3_p0p65,module_ablation_masked,no_attention,tp10_L3_p0p65,3.0,0.65,run2,fold02,1,L4,18,9,13,31,16,6,15,34,-3,2
module_masked__no_attention__tp10_L3_p0p65,module_ablation_masked,no_attention,tp10_L3_p0p65,3.0,0.65,run2,fold02,2,L5,8,3,6,54,13,12,1,45,9,-5
module_masked__no_attention__tp10_L3_p0p65,module_ablation_masked,no_attention,tp10_L3_p0p65,3.0,0.65,run2,fold03,0,L2,20,11,6,34,17,10,9,35,-1,3
module_masked__no_attention__tp10_L3_p0p65,module_ablation_masked,no_attention,tp10_L3_p0p65,3.0,0.65,run2,fold03,1,L4,23,10,8,30,19,13,12,27,3,4
module_masked__no_attention__tp10_L3_p0p65,module_ablation_masked,no_attention,tp10_L3_p0p65,3.0,0.65,run2,fold03,2,L5,4,3,10,54,4,8,10,49,5,0
module_masked__no_attention__tp10_L3_p0p65,module_ablation_masked,no_attention,tp10_L3_p0p65,3.0,0.65,run2,oof_pooled,0,L2,63,33,16,102,48,24,31,111,-9,15
module_masked__no_attention__tp10_L3_p0p65,module_ablation_masked,no_attention,tp10_L3_p0p65,3.0,0.65,run2,oof_pooled,1,L4,62,27,31,94,56,35,37,86,8,6
module_masked__no_attention__tp10_L3_p0p65,module_ablation_masked,no_attention,tp10_L3_p0p65,3.0,0.65,run2,oof_pooled,2,L5,19,10,23,162,23,28,19,144,18,-4
data_full__tp11_L3_p0p95,data_ablation_full,,tp11_L3_p0p95,3.0,0.95,run1,fold01,0,L1,112,30,22,163,112,30,22,163,0,0
data_full__tp11_L3_p0p95,data_ablation_full,,tp11_L3_p0p95,3.0,0.95,run1,fold01,1,L2/L4/L5 gate,126,30,26,145,126,30,26,145,0,0
data_full__tp11_L3_p0p95,data_ablation_full,,tp11_L3_p0p95,3.0,0.95,run1,fold01,2,L3,26,3,15,283,26,3,15,283,0,0
data_full__tp11_L3_p0p95,data_ablation_full,,tp11_L3_p0p95,3.0,0.95,run1,fold02,0,L1,105,22,29,170,105,22,29,170,0,0
data_full__tp11_L3_p0p95,data_ablation_full,,tp11_L3_p0p95,3.0,0.95,run1,fold02,1,L2/L4/L5 gate,127,31,25,143,127,31,25,143,0,0
data_full__tp11_L3_p0p95,data_ablation_full,,tp11_L3_p0p95,3.0,0.95,run1,fold02,2,L3,34,7,6,279,34,7,6,279,0,0
data_full__tp11_L3_p0p95,data_ablation_full,,tp11_L3_p0p95,3.0,0.95,run1,fold03,0,L1,111,21,23,171,111,21,23,171,0,0
data_full__tp11_L3_p0p95,data_ablation_full,,tp11_L3_p0p95,3.0,0.95,run1,fold03,1,L2/L4/L5 gate,135,29,17,145,135,28,17,146,-1,0
data_full__tp11_L3_p0p95,data_ablation_full,,tp11_L3_p0p95,3.0,0.95,run1,fold03,2,L3,28,2,12,284,29,2,11,284,0,-1
data_full__tp11_L3_p0p95,data_ablation_full,,tp11_L3_p0p95,3.0,0.95,run1,oof_pooled,0,L1,328,73,74,504,328,73,74,504,0,0
data_full__tp11_L3_p0p95,data_ablation_full,,tp11_L3_p0p95,3.0,0.95,run1,oof_pooled,1,L2/L4/L5 gate,388,90,68,433,388,89,68,434,-1,0
data_full__tp11_L3_p0p95,data_ablation_full,,tp11_L3_p0p95,3.0,0.95,run1,oof_pooled,2,L3,88,12,33,846,89,12,32,846,0,-1
data_full__tp11_L3_p0p95,data_ablation_full,,tp11_L3_p0p95,3.0,0.95,run2,fold01,0,L2,22,10,5,35,22,10,5,35,0,0
data_full__tp11_L3_p0p95,data_ablation_full,,tp11_L3_p0p95,3.0,0.95,run2,fold01,1,L4,21,8,10,33,21,8,10,33,0,0
data_full__tp11_L3_p0p95,data_ablation_full,,tp11_L3_p0p95,3.0,0.95,run2,fold01,2,L5,7,4,7,54,7,4,7,54,0,0
data_full__tp11_L3_p0p95,data_ablation_full,,tp11_L3_p0p95,3.0,0.95,run2,fold02,0,L2,21,12,5,33,21,12,5,33,0,0
data_full__tp11_L3_p0p95,data_ablation_full,,tp11_L3_p0p95,3.0,0.95,run2,fold02,1,L4,18,9,13,31,18,9,13,31,0,0
data_full__tp11_L3_p0p95,data_ablation_full,,tp11_L3_p0p95,3.0,0.95,run2,fold02,2,L5,8,3,6,54,8,3,6,54,0,0
data_full__tp11_L3_p0p95,data_ablation_full,,tp11_L3_p0p95,3.0,0.95,run2,fold03,0,L2,20,11,6,34,20,11,6,34,0,0
data_full__tp11_L3_p0p95,data_ablation_full,,tp11_L3_p0p95,3.0,0.95,run2,fold03,1,L4,23,10,8,30,23,10,8,30,0,0
data_full__tp11_L3_p0p95,data_ablation_full,,tp11_L3_p0p95,3.0,0.95,run2,fold03,2,L5,4,3,10,54,4,3,10,54,0,0
data_full__tp11_L3_p0p95,data_ablation_full,,tp11_L3_p0p95,3.0,0.95,run2,oof_pooled,0,L2,63,33,16,102,63,33,16,102,0,0
data_full__tp11_L3_p0p95,data_ablation_full,,tp11_L3_p0p95,3.0,0.95,run2,oof_pooled,1,L4,62,27,31,94,62,27,31,94,0,0
data_full__tp11_L3_p0p95,data_ablation_full,,tp11_L3_p0p95,3.0,0.95,run2,oof_pooled,2,L5,19,10,23,162,19,10,23,162,0,0
data_no_conv__tp11_L3_p0p95,data_ablation_no_module,no_conv,tp11_L3_p0p95,3.0,0.95,run1,fold01,0,L1,109,34,25,159,109,34,25,159,0,0
data_no_conv__tp11_L3_p0p95,data_ablation_no_module,no_conv,tp11_L3_p0p95,3.0,0.95,run1,fold01,1,L2/L4/L5 gate,120,30,32,145,120,30,32,145,0,0
data_no_conv__tp11_L3_p0p95,data_ablation_no_module,no_conv,tp11_L3_p0p95,3.0,0.95,run1,fold01,2,L3,30,4,11,282,30,4,11,282,0,0
data_no_conv__tp11_L3_p0p95,data_ablation_no_module,no_conv,tp11_L3_p0p95,3.0,0.95,run1,fold02,0,L1,110,26,24,166,110,26,24,166,0,0
data_no_conv__tp11_L3_p0p95,data_ablation_no_module,no_conv,tp11_L3_p0p95,3.0,0.95,run1,fold02,1,L2/L4/L5 gate,121,28,31,146,121,28,31,146,0,0
data_no_conv__tp11_L3_p0p95,data_ablation_no_module,no_conv,tp11_L3_p0p95,3.0,0.95,run1,fold02,2,L3,30,11,10,275,30,11,10,275,0,0
data_no_conv__tp11_L3_p0p95,data_ablation_no_module,no_conv,tp11_L3_p0p95,3.0,0.95,run1,fold03,0,L1,108,28,26,164,108,28,26,164,0,0
data_no_conv__tp11_L3_p0p95,data_ablation_no_module,no_conv,tp11_L3_p0p95,3.0,0.95,run1,fold03,1,L2/L4/L5 gate,110,23,42,151,110,22,42,152,-1,0
data_no_conv__tp11_L3_p0p95,data_ablation_no_module,no_conv,tp11_L3_p0p95,3.0,0.95,run1,fold03,2,L3,35,22,5,264,36,22,4,264,0,-1
data_no_conv__tp11_L3_p0p95,data_ablation_no_module,no_conv,tp11_L3_p0p95,3.0,0.95,run1,oof_pooled,0,L1,327,88,75,489,327,88,75,489,0,0
data_no_conv__tp11_L3_p0p95,data_ablation_no_module,no_conv,tp11_L3_p0p95,3.0,0.95,run1,oof_pooled,1,L2/L4/L5 gate,351,81,105,442,351,80,105,443,-1,0
data_no_conv__tp11_L3_p0p95,data_ablation_no_module,no_conv,tp11_L3_p0p95,3.0,0.95,run1,oof_pooled,2,L3,95,37,26,821,96,37,25,821,0,-1
data_no_conv__tp11_L3_p0p95,data_ablation_no_module,no_conv,tp11_L3_p0p95,3.0,0.95,run2,fold01,0,L2,15,12,12,33,15,12,12,33,0,0
data_no_conv__tp11_L3_p0p95,data_ablation_no_module,no_conv,tp11_L3_p0p95,3.0,0.95,run2,fold01,1,L4,16,7,15,34,16,7,15,34,0,0
data_no_conv__tp11_L3_p0p95,data_ablation_no_module,no_conv,tp11_L3_p0p95,3.0,0.95,run2,fold01,2,L5,9,13,5,45,9,13,5,45,0,0
data_no_conv__tp11_L3_p0p95,data_ablation_no_module,no_conv,tp11_L3_p0p95,3.0,0.95,run2,fold02,0,L2,17,12,9,33,17,12,9,33,0,0
data_no_conv__tp11_L3_p0p95,data_ablation_no_module,no_conv,tp11_L3_p0p95,3.0,0.95,run2,fold02,1,L4,12,6,19,34,12,6,19,34,0,0
data_no_conv__tp11_L3_p0p95,data_ablation_no_module,no_conv,tp11_L3_p0p95,3.0,0.95,run2,fold02,2,L5,11,13,3,44,11,13,3,44,0,0
data_no_conv__tp11_L3_p0p95,data_ablation_no_module,no_conv,tp11_L3_p0p95,3.0,0.95,run2,fold03,0,L2,21,21,5,24,21,21,5,24,0,0
data_no_conv__tp11_L3_p0p95,data_ablation_no_module,no_conv,tp11_L3_p0p95,3.0,0.95,run2,fold03,1,L4,14,6,17,34,14,6,17,34,0,0
data_no_conv__tp11_L3_p0p95,data_ablation_no_module,no_conv,tp11_L3_p0p95,3.0,0.95,run2,fold03,2,L5,4,5,10,52,4,5,10,52,0,0
data_no_conv__tp11_L3_p0p95,data_ablation_no_module,no_conv,tp11_L3_p0p95,3.0,0.95,run2,oof_pooled,0,L2,53,45,26,90,53,45,26,90,0,0
data_no_conv__tp11_L3_p0p95,data_ablation_no_module,no_conv,tp11_L3_p0p95,3.0,0.95,run2,oof_pooled,1,L4,42,19,51,102,42,19,51,102,0,0
data_no_conv__tp11_L3_p0p95,data_ablation_no_module,no_conv,tp11_L3_p0p95,3.0,0.95,run2,oof_pooled,2,L5,24,31,18,141,24,31,18,141,0,0
module_masked__no_conv__tp11_L3_p0p95,module_ablation_masked,no_conv,tp11_L3_p0p95,3.0,0.95,run1,fold01,0,L1,112,30,22,163,109,34,25,159,4,3
module_masked__no_conv__tp11_L3_p0p95,module_ablation_masked,no_conv,tp11_L3_p0p95,3.0,0.95,run1,fold01,1,L2/L4/L5 gate,126,30,26,145,120,30,32,145,0,6
module_masked__no_conv__tp11_L3_p0p95,module_ablation_masked,no_conv,tp11_L3_p0p95,3.0,0.95,run1,fold01,2,L3,26,3,15,283,30,4,11,282,1,-4
module_masked__no_conv__tp11_L3_p0p95,module_ablation_masked,no_conv,tp11_L3_p0p95,3.0,0.95,run1,fold02,0,L1,105,22,29,170,110,26,24,166,4,-5
module_masked__no_conv__tp11_L3_p0p95,module_ablation_masked,no_conv,tp11_L3_p0p95,3.0,0.95,run1,fold02,1,L2/L4/L5 gate,127,31,25,143,121,28,31,146,-3,6
module_masked__no_conv__tp11_L3_p0p95,module_ablation_masked,no_conv,tp11_L3_p0p95,3.0,0.95,run1,fold02,2,L3,34,7,6,279,30,11,10,275,4,4
module_masked__no_conv__tp11_L3_p0p95,module_ablation_masked,no_conv,tp11_L3_p0p95,3.0,0.95,run1,fold03,0,L1,111,21,23,171,108,28,26,164,7,3
module_masked__no_conv__tp11_L3_p0p95,module_ablation_masked,no_conv,tp11_L3_p0p95,3.0,0.95,run1,fold03,1,L2/L4/L5 gate,135,28,17,146,110,22,42,152,-6,25
module_masked__no_conv__tp11_L3_p0p95,module_ablation_masked,no_conv,tp11_L3_p0p95,3.0,0.95,run1,fold03,2,L3,29,2,11,284,36,22,4,264,20,-7
module_masked__no_conv__tp11_L3_p0p95,module_ablation_masked,no_conv,tp11_L3_p0p95,3.0,0.95,run1,oof_pooled,0,L1,328,73,74,504,327,88,75,489,15,1
module_masked__no_conv__tp11_L3_p0p95,module_ablation_masked,no_conv,tp11_L3_p0p95,3.0,0.95,run1,oof_pooled,1,L2/L4/L5 gate,388,89,68,434,351,80,105,443,-9,37
module_masked__no_conv__tp11_L3_p0p95,module_ablation_masked,no_conv,tp11_L3_p0p95,3.0,0.95,run1,oof_pooled,2,L3,89,12,32,846,96,37,25,821,25,-7
module_masked__no_conv__tp11_L3_p0p95,module_ablation_masked,no_conv,tp11_L3_p0p95,3.0,0.95,run2,fold01,0,L2,22,10,5,35,15,12,12,33,2,7
module_masked__no_conv__tp11_L3_p0p95,module_ablation_masked,no_conv,tp11_L3_p0p95,3.0,0.95,run2,fold01,1,L4,21,8,10,33,16,7,15,34,-1,5
module_masked__no_conv__tp11_L3_p0p95,module_ablation_masked,no_conv,tp11_L3_p0p95,3.0,0.95,run2,fold01,2,L5,7,4,7,54,9,13,5,45,9,-2
module_masked__no_conv__tp11_L3_p0p95,module_ablation_masked,no_conv,tp11_L3_p0p95,3.0,0.95,run2,fold02,0,L2,21,12,5,33,17,12,9,33,0,4
module_masked__no_conv__tp11_L3_p0p95,module_ablation_masked,no_conv,tp11_L3_p0p95,3.0,0.95,run2,fold02,1,L4,18,9,13,31,12,6,19,34,-3,6
module_masked__no_conv__tp11_L3_p0p95,module_ablation_masked,no_conv,tp11_L3_p0p95,3.0,0.95,run2,fold02,2,L5,8,3,6,54,11,13,3,44,10,-3
module_masked__no_conv__tp11_L3_p0p95,module_ablation_masked,no_conv,tp11_L3_p0p95,3.0,0.95,run2,fold03,0,L2,20,11,6,34,21,21,5,24,10,-1
module_masked__no_conv__tp11_L3_p0p95,module_ablation_masked,no_conv,tp11_L3_p0p95,3.0,0.95,run2,fold03,1,L4,23,10,8,30,14,6,17,34,-4,9
module_masked__no_conv__tp11_L3_p0p95,module_ablation_masked,no_conv,tp11_L3_p0p95,3.0,0.95,run2,fold03,2,L5,4,3,10,54,4,5,10,52,2,0
module_masked__no_conv__tp11_L3_p0p95,module_ablation_masked,no_conv,tp11_L3_p0p95,3.0,0.95,run2,oof_pooled,0,L2,63,33,16,102,53,45,26,90,12,10
module_masked__no_conv__tp11_L3_p0p95,module_ablation_masked,no_conv,tp11_L3_p0p95,3.0,0.95,run2,oof_pooled,1,L4,62,27,31,94,42,19,51,102,-8,20
module_masked__no_conv__tp11_L3_p0p95,module_ablation_masked,no_conv,tp11_L3_p0p95,3.0,0.95,run2,oof_pooled,2,L5,19,10,23,162,24,31,18,141,21,-5
data_no_lstm__tp11_L3_p0p95,data_ablation_no_module,no_lstm,tp11_L3_p0p95,3.0,0.95,run1,fold01,0,L1,102,35,32,158,102,35,32,158,0,0
data_no_lstm__tp11_L3_p0p95,data_ablation_no_module,no_lstm,tp11_L3_p0p95,3.0,0.95,run1,fold01,1,L2/L4/L5 gate,117,40,35,135,117,40,35,135,0,0
data_no_lstm__tp11_L3_p0p95,data_ablation_no_module,no_lstm,tp11_L3_p0p95,3.0,0.95,run1,fold01,2,L3,27,6,14,280,27,6,14,280,0,0
data_no_lstm__tp11_L3_p0p95,data_ablation_no_module,no_lstm,tp11_L3_p0p95,3.0,0.95,run1,fold02,0,L1,101,36,33,156,101,36,33,156,0,0
data_no_lstm__tp11_L3_p0p95,data_ablation_no_module,no_lstm,tp11_L3_p0p95,3.0,0.95,run1,fold02,1,L2/L4/L5 gate,113,37,39,137,113,37,39,137,0,0
data_no_lstm__tp11_L3_p0p95,data_ablation_no_module,no_lstm,tp11_L3_p0p95,3.0,0.95,run1,fold02,2,L3,28,11,12,275,28,11,12,275,0,0
data_no_lstm__tp11_L3_p0p95,data_ablation_no_module,no_lstm,tp11_L3_p0p95,3.0,0.95,run1,fold03,0,L1,104,28,30,164,104,28,30,164,0,0
data_no_lstm__tp11_L3_p0p95,data_ablation_no_module,no_lstm,tp11_L3_p0p95,3.0,0.95,run1,fold03,1,L2/L4/L5 gate,120,30,32,144,120,30,32,144,0,0
data_no_lstm__tp11_L3_p0p95,data_ablation_no_module,no_lstm,tp11_L3_p0p95,3.0,0.95,run1,fold03,2,L3,30,14,10,272,30,14,10,272,0,0
data_no_lstm__tp11_L3_p0p95,data_ablation_no_module,no_lstm,tp11_L3_p0p95,3.0,0.95,run1,oof_pooled,0,L1,307,99,95,478,307,99,95,478,0,0
data_no_lstm__tp11_L3_p0p95,data_ablation_no_module,no_lstm,tp11_L3_p0p95,3.0,0.95,run1,oof_pooled,1,L2/L4/L5 gate,350,107,106,416,350,107,106,416,0,0
data_no_lstm__tp11_L3_p0p95,data_ablation_no_module,no_lstm,tp11_L3_p0p95,3.0,0.95,run1,oof_pooled,2,L3,85,31,36,827,85,31,36,827,0,0
data_no_lstm__tp11_L3_p0p95,data_ablation_no_module,no_lstm,tp11_L3_p0p95,3.0,0.95,run2,fold01,0,L2,16,2,11,43,16,2,11,43,0,0
data_no_lstm__tp11_L3_p0p95,data_ablation_no_module,no_lstm,tp11_L3_p0p95,3.0,0.95,run2,fold01,1,L4,21,11,10,30,21,11,10,30,0,0
data_no_lstm__tp11_L3_p0p95,data_ablation_no_module,no_lstm,tp11_L3_p0p95,3.0,0.95,run2,fold01,2,L5,9,13,5,45,9,13,5,45,0,0
data_no_lstm__tp11_L3_p0p95,data_ablation_no_module,no_lstm,tp11_L3_p0p95,3.0,0.95,run2,fold02,0,L2,14,11,12,34,14,11,12,34,0,0
data_no_lstm__tp11_L3_p0p95,data_ablation_no_module,no_lstm,tp11_L3_p0p95,3.0,0.95,run2,fold02,1,L4,20,17,11,23,20,17,11,23,0,0
data_no_lstm__tp11_L3_p0p95,data_ablation_no_module,no_lstm,tp11_L3_p0p95,3.0,0.95,run2,fold02,2,L5,6,3,8,54,6,3,8,54,0,0
data_no_lstm__tp11_L3_p0p95,data_ablation_no_module,no_lstm,tp11_L3_p0p95,3.0,0.95,run2,fold03,0,L2,20,10,6,35,20,10,6,35,0,0
data_no_lstm__tp11_L3_p0p95,data_ablation_no_module,no_lstm,tp11_L3_p0p95,3.0,0.95,run2,fold03,1,L4,22,6,9,34,22,6,9,34,0,0
data_no_lstm__tp11_L3_p0p95,data_ablation_no_module,no_lstm,tp11_L3_p0p95,3.0,0.95,run2,fold03,2,L5,6,7,8,50,6,7,8,50,0,0
data_no_lstm__tp11_L3_p0p95,data_ablation_no_module,no_lstm,tp11_L3_p0p95,3.0,0.95,run2,oof_pooled,0,L2,50,23,29,112,50,23,29,112,0,0
data_no_lstm__tp11_L3_p0p95,data_ablation_no_module,no_lstm,tp11_L3_p0p95,3.0,0.95,run2,oof_pooled,1,L4,63,34,30,87,63,34,30,87,0,0
data_no_lstm__tp11_L3_p0p95,data_ablation_no_module,no_lstm,tp11_L3_p0p95,3.0,0.95,run2,oof_pooled,2,L5,21,23,21,149,21,23,21,149,0,0
module_masked__no_lstm__tp11_L3_p0p95,module_ablation_masked,no_lstm,tp11_L3_p0p95,3.0,0.95,run1,fold01,0,L1,112,30,22,163,102,35,32,158,5,10
module_masked__no_lstm__tp11_L3_p0p95,module_ablation_masked,no_lstm,tp11_L3_p0p95,3.0,0.95,run1,fold01,1,L2/L4/L5 gate,126,30,26,145,117,40,35,135,10,9
module_masked__no_lstm__tp11_L3_p0p95,module_ablation_masked,no_lstm,tp11_L3_p0p95,3.0,0.95,run1,fold01,2,L3,26,3,15,283,27,6,14,280,3,-1
module_masked__no_lstm__tp11_L3_p0p95,module_ablation_masked,no_lstm,tp11_L3_p0p95,3.0,0.95,run1,fold02,0,L1,105,22,29,170,101,36,33,156,14,4
module_masked__no_lstm__tp11_L3_p0p95,module_ablation_masked,no_lstm,tp11_L3_p0p95,3.0,0.95,run1,fold02,1,L2/L4/L5 gate,127,31,25,143,113,37,39,137,6,14
module_masked__no_lstm__tp11_L3_p0p95,module_ablation_masked,no_lstm,tp11_L3_p0p95,3.0,0.95,run1,fold02,2,L3,34,7,6,279,28,11,12,275,4,6
module_masked__no_lstm__tp11_L3_p0p95,module_ablation_masked,no_lstm,tp11_L3_p0p95,3.0,0.95,run1,fold03,0,L1,111,21,23,171,104,28,30,164,7,7
module_masked__no_lstm__tp11_L3_p0p95,module_ablation_masked,no_lstm,tp11_L3_p0p95,3.0,0.95,run1,fold03,1,L2/L4/L5 gate,135,28,17,146,120,30,32,144,2,15
module_masked__no_lstm__tp11_L3_p0p95,module_ablation_masked,no_lstm,tp11_L3_p0p95,3.0,0.95,run1,fold03,2,L3,29,2,11,284,30,14,10,272,12,-1
module_masked__no_lstm__tp11_L3_p0p95,module_ablation_masked,no_lstm,tp11_L3_p0p95,3.0,0.95,run1,oof_pooled,0,L1,328,73,74,504,307,99,95,478,26,21
module_masked__no_lstm__tp11_L3_p0p95,module_ablation_masked,no_lstm,tp11_L3_p0p95,3.0,0.95,run1,oof_pooled,1,L2/L4/L5 gate,388,89,68,434,350,107,106,416,18,38
module_masked__no_lstm__tp11_L3_p0p95,module_ablation_masked,no_lstm,tp11_L3_p0p95,3.0,0.95,run1,oof_pooled,2,L3,89,12,32,846,85,31,36,827,19,4
module_masked__no_lstm__tp11_L3_p0p95,module_ablation_masked,no_lstm,tp11_L3_p0p95,3.0,0.95,run2,fold01,0,L2,22,10,5,35,16,2,11,43,-8,6
module_masked__no_lstm__tp11_L3_p0p95,module_ablation_masked,no_lstm,tp11_L3_p0p95,3.0,0.95,run2,fold01,1,L4,21,8,10,33,21,11,10,30,3,0
module_masked__no_lstm__tp11_L3_p0p95,module_ablation_masked,no_lstm,tp11_L3_p0p95,3.0,0.95,run2,fold01,2,L5,7,4,7,54,9,13,5,45,9,-2
module_masked__no_lstm__tp11_L3_p0p95,module_ablation_masked,no_lstm,tp11_L3_p0p95,3.0,0.95,run2,fold02,0,L2,21,12,5,33,14,11,12,34,-1,7
module_masked__no_lstm__tp11_L3_p0p95,module_ablation_masked,no_lstm,tp11_L3_p0p95,3.0,0.95,run2,fold02,1,L4,18,9,13,31,20,17,11,23,8,-2
module_masked__no_lstm__tp11_L3_p0p95,module_ablation_masked,no_lstm,tp11_L3_p0p95,3.0,0.95,run2,fold02,2,L5,8,3,6,54,6,3,8,54,0,2
module_masked__no_lstm__tp11_L3_p0p95,module_ablation_masked,no_lstm,tp11_L3_p0p95,3.0,0.95,run2,fold03,0,L2,20,11,6,34,20,10,6,35,-1,0
module_masked__no_lstm__tp11_L3_p0p95,module_ablation_masked,no_lstm,tp11_L3_p0p95,3.0,0.95,run2,fold03,1,L4,23,10,8,30,22,6,9,34,-4,1
module_masked__no_lstm__tp11_L3_p0p95,module_ablation_masked,no_lstm,tp11_L3_p0p95,3.0,0.95,run2,fold03,2,L5,4,3,10,54,6,7,8,50,4,-2
module_masked__no_lstm__tp11_L3_p0p95,module_ablation_masked,no_lstm,tp11_L3_p0p95,3.0,0.95,run2,oof_pooled,0,L2,63,33,16,102,50,23,29,112,-10,13
module_masked__no_lstm__tp11_L3_p0p95,module_ablation_masked,no_lstm,tp11_L3_p0p95,3.0,0.95,run2,oof_pooled,1,L4,62,27,31,94,63,34,30,87,7,-1
module_masked__no_lstm__tp11_L3_p0p95,module_ablation_masked,no_lstm,tp11_L3_p0p95,3.0,0.95,run2,oof_pooled,2,L5,19,10,23,162,21,23,21,149,13,-2
data_no_attention__tp11_L3_p0p95,data_ablation_no_module,no_attention,tp11_L3_p0p95,3.0,0.95,run1,fold01,0,L1,113,29,21,164,113,29,21,164,0,0
data_no_attention__tp11_L3_p0p95,data_ablation_no_module,no_attention,tp11_L3_p0p95,3.0,0.95,run1,fold01,1,L2/L4/L5 gate,125,28,27,147,125,28,27,147,0,0
data_no_attention__tp11_L3_p0p95,data_ablation_no_module,no_attention,tp11_L3_p0p95,3.0,0.95,run1,fold01,2,L3,30,2,11,284,30,2,11,284,0,0
data_no_attention__tp11_L3_p0p95,data_ablation_no_module,no_attention,tp11_L3_p0p95,3.0,0.95,run1,fold02,0,L1,107,21,27,171,107,22,27,170,1,0
data_no_attention__tp11_L3_p0p95,data_ablation_no_module,no_attention,tp11_L3_p0p95,3.0,0.95,run1,fold02,1,L2/L4/L5 gate,131,31,21,143,131,30,21,144,-1,0
data_no_attention__tp11_L3_p0p95,data_ablation_no_module,no_attention,tp11_L3_p0p95,3.0,0.95,run1,fold02,2,L3,29,7,11,279,29,7,11,279,0,0
data_no_attention__tp11_L3_p0p95,data_ablation_no_module,no_attention,tp11_L3_p0p95,3.0,0.95,run1,fold03,0,L1,113,20,21,172,113,20,21,172,0,0
data_no_attention__tp11_L3_p0p95,data_ablation_no_module,no_attention,tp11_L3_p0p95,3.0,0.95,run1,fold03,1,L2/L4/L5 gate,129,23,23,151,129,23,23,151,0,0
data_no_attention__tp11_L3_p0p95,data_ablation_no_module,no_attention,tp11_L3_p0p95,3.0,0.95,run1,fold03,2,L3,33,8,7,278,33,8,7,278,0,0
data_no_attention__tp11_L3_p0p95,data_ablation_no_module,no_attention,tp11_L3_p0p95,3.0,0.95,run1,oof_pooled,0,L1,333,70,69,507,333,71,69,506,1,0
data_no_attention__tp11_L3_p0p95,data_ablation_no_module,no_attention,tp11_L3_p0p95,3.0,0.95,run1,oof_pooled,1,L2/L4/L5 gate,385,82,71,441,385,81,71,442,-1,0
data_no_attention__tp11_L3_p0p95,data_ablation_no_module,no_attention,tp11_L3_p0p95,3.0,0.95,run1,oof_pooled,2,L3,92,17,29,841,92,17,29,841,0,0
data_no_attention__tp11_L3_p0p95,data_ablation_no_module,no_attention,tp11_L3_p0p95,3.0,0.95,run2,fold01,0,L2,15,6,12,39,15,6,12,39,0,0
data_no_attention__tp11_L3_p0p95,data_ablation_no_module,no_attention,tp11_L3_p0p95,3.0,0.95,run2,fold01,1,L4,21,16,10,25,21,16,10,25,0,0
data_no_attention__tp11_L3_p0p95,data_ablation_no_module,no_attention,tp11_L3_p0p95,3.0,0.95,run2,fold01,2,L5,6,8,8,50,6,8,8,50,0,0
data_no_attention__tp11_L3_p0p95,data_ablation_no_module,no_attention,tp11_L3_p0p95,3.0,0.95,run2,fold02,0,L2,16,8,10,37,16,8,10,37,0,0
data_no_attention__tp11_L3_p0p95,data_ablation_no_module,no_attention,tp11_L3_p0p95,3.0,0.95,run2,fold02,1,L4,16,6,15,34,16,6,15,34,0,0
data_no_attention__tp11_L3_p0p95,data_ablation_no_module,no_attention,tp11_L3_p0p95,3.0,0.95,run2,fold02,2,L5,13,12,1,45,13,12,1,45,0,0
data_no_attention__tp11_L3_p0p95,data_ablation_no_module,no_attention,tp11_L3_p0p95,3.0,0.95,run2,fold03,0,L2,17,10,9,35,17,10,9,35,0,0
data_no_attention__tp11_L3_p0p95,data_ablation_no_module,no_attention,tp11_L3_p0p95,3.0,0.95,run2,fold03,1,L4,19,13,12,27,19,13,12,27,0,0
data_no_attention__tp11_L3_p0p95,data_ablation_no_module,no_attention,tp11_L3_p0p95,3.0,0.95,run2,fold03,2,L5,4,8,10,49,4,8,10,49,0,0
data_no_attention__tp11_L3_p0p95,data_ablation_no_module,no_attention,tp11_L3_p0p95,3.0,0.95,run2,oof_pooled,0,L2,48,24,31,111,48,24,31,111,0,0
data_no_attention__tp11_L3_p0p95,data_ablation_no_module,no_attention,tp11_L3_p0p95,3.0,0.95,run2,oof_pooled,1,L4,56,35,37,86,56,35,37,86,0,0
data_no_attention__tp11_L3_p0p95,data_ablation_no_module,no_attention,tp11_L3_p0p95,3.0,0.95,run2,oof_pooled,2,L5,23,28,19,144,23,28,19,144,0,0
module_masked__no_attention__tp11_L3_p0p95,module_ablation_masked,no_attention,tp11_L3_p0p95,3.0,0.95,run1,fold01,0,L1,112,30,22,163,113,29,21,164,-1,-1
module_masked__no_attention__tp11_L3_p0p95,module_ablation_masked,no_attention,tp11_L3_p0p95,3.0,0.95,run1,fold01,1,L2/L4/L5 gate,126,30,26,145,125,28,27,147,-2,1
module_masked__no_attention__tp11_L3_p0p95,module_ablation_masked,no_attention,tp11_L3_p0p95,3.0,0.95,run1,fold01,2,L3,26,3,15,283,30,2,11,284,-1,-4
module_masked__no_attention__tp11_L3_p0p95,module_ablation_masked,no_attention,tp11_L3_p0p95,3.0,0.95,run1,fold02,0,L1,105,22,29,170,107,22,27,170,0,-2
module_masked__no_attention__tp11_L3_p0p95,module_ablation_masked,no_attention,tp11_L3_p0p95,3.0,0.95,run1,fold02,1,L2/L4/L5 gate,127,31,25,143,131,30,21,144,-1,-4
module_masked__no_attention__tp11_L3_p0p95,module_ablation_masked,no_attention,tp11_L3_p0p95,3.0,0.95,run1,fold02,2,L3,34,7,6,279,29,7,11,279,0,5
module_masked__no_attention__tp11_L3_p0p95,module_ablation_masked,no_attention,tp11_L3_p0p95,3.0,0.95,run1,fold03,0,L1,111,21,23,171,113,20,21,172,-1,-2
module_masked__no_attention__tp11_L3_p0p95,module_ablation_masked,no_attention,tp11_L3_p0p95,3.0,0.95,run1,fold03,1,L2/L4/L5 gate,135,28,17,146,129,23,23,151,-5,6
module_masked__no_attention__tp11_L3_p0p95,module_ablation_masked,no_attention,tp11_L3_p0p95,3.0,0.95,run1,fold03,2,L3,29,2,11,284,33,8,7,278,6,-4
module_masked__no_attention__tp11_L3_p0p95,module_ablation_masked,no_attention,tp11_L3_p0p95,3.0,0.95,run1,oof_pooled,0,L1,328,73,74,504,333,71,69,506,-2,-5
module_masked__no_attention__tp11_L3_p0p95,module_ablation_masked,no_attention,tp11_L3_p0p95,3.0,0.95,run1,oof_pooled,1,L2/L4/L5 gate,388,89,68,434,385,81,71,442,-8,3
module_masked__no_attention__tp11_L3_p0p95,module_ablation_masked,no_attention,tp11_L3_p0p95,3.0,0.95,run1,oof_pooled,2,L3,89,12,32,846,92,17,29,841,5,-3
module_masked__no_attention__tp11_L3_p0p95,module_ablation_masked,no_attention,tp11_L3_p0p95,3.0,0.95,run2,fold01,0,L2,22,10,5,35,15,6,12,39,-4,7
module_masked__no_attention__tp11_L3_p0p95,module_ablation_masked,no_attention,tp11_L3_p0p95,3.0,0.95,run2,fold01,1,L4,21,8,10,33,21,16,10,25,8,0
module_masked__no_attention__tp11_L3_p0p95,module_ablation_masked,no_attention,tp11_L3_p0p95,3.0,0.95,run2,fold01,2,L5,7,4,7,54,6,8,8,50,4,1
module_masked__no_attention__tp11_L3_p0p95,module_ablation_masked,no_attention,tp11_L3_p0p95,3.0,0.95,run2,fold02,0,L2,21,12,5,33,16,8,10,37,-4,5
module_masked__no_attention__tp11_L3_p0p95,module_ablation_masked,no_attention,tp11_L3_p0p95,3.0,0.95,run2,fold02,1,L4,18,9,13,31,16,6,15,34,-3,2
module_masked__no_attention__tp11_L3_p0p95,module_ablation_masked,no_attention,tp11_L3_p0p95,3.0,0.95,run2,fold02,2,L5,8,3,6,54,13,12,1,45,9,-5
module_masked__no_attention__tp11_L3_p0p95,module_ablation_masked,no_attention,tp11_L3_p0p95,3.0,0.95,run2,fold03,0,L2,20,11,6,34,17,10,9,35,-1,3
module_masked__no_attention__tp11_L3_p0p95,module_ablation_masked,no_attention,tp11_L3_p0p95,3.0,0.95,run2,fold03,1,L4,23,10,8,30,19,13,12,27,3,4
module_masked__no_attention__tp11_L3_p0p95,module_ablation_masked,no_attention,tp11_L3_p0p95,3.0,0.95,run2,fold03,2,L5,4,3,10,54,4,8,10,49,5,0
module_masked__no_attention__tp11_L3_p0p95,module_ablation_masked,no_attention,tp11_L3_p0p95,3.0,0.95,run2,oof_pooled,0,L2,63,33,16,102,48,24,31,111,-9,15
module_masked__no_attention__tp11_L3_p0p95,module_ablation_masked,no_attention,tp11_L3_p0p95,3.0,0.95,run2,oof_pooled,1,L4,62,27,31,94,56,35,37,86,8,6
module_masked__no_attention__tp11_L3_p0p95,module_ablation_masked,no_attention,tp11_L3_p0p95,3.0,0.95,run2,oof_pooled,2,L5,19,10,23,162,23,28,19,144,18,-4
data_full__tp12_L4_m0p56,data_ablation_full,,tp12_L4_m0p56,4.0,-0.56,run1,fold01,0,L1,112,30,22,163,112,32,22,161,2,0
data_full__tp12_L4_m0p56,data_ablation_full,,tp12_L4_m0p56,4.0,-0.56,run1,fold01,1,L2/L4/L5 gate,126,30,26,145,121,30,31,145,0,5
data_full__tp12_L4_m0p56,data_ablation_full,,tp12_L4_m0p56,4.0,-0.56,run1,fold01,2,L3,26,3,15,283,26,6,15,280,3,0
data_full__tp12_L4_m0p56,data_ablation_full,,tp12_L4_m0p56,4.0,-0.56,run1,fold02,0,L1,105,22,29,170,105,30,29,162,8,0
data_full__tp12_L4_m0p56,data_ablation_full,,tp12_L4_m0p56,4.0,-0.56,run1,fold02,1,L2/L4/L5 gate,127,31,25,143,119,31,33,143,0,8
data_full__tp12_L4_m0p56,data_ablation_full,,tp12_L4_m0p56,4.0,-0.56,run1,fold02,2,L3,34,7,6,279,34,7,6,279,0,0
data_full__tp12_L4_m0p56,data_ablation_full,,tp12_L4_m0p56,4.0,-0.56,run1,fold03,0,L1,111,21,23,171,111,24,23,168,3,0
data_full__tp12_L4_m0p56,data_ablation_full,,tp12_L4_m0p56,4.0,-0.56,run1,fold03,1,L2/L4/L5 gate,135,29,17,145,132,29,20,145,0,3
data_full__tp12_L4_m0p56,data_ablation_full,,tp12_L4_m0p56,4.0,-0.56,run1,fold03,2,L3,28,2,12,284,28,2,12,284,0,0
data_full__tp12_L4_m0p56,data_ablation_full,,tp12_L4_m0p56,4.0,-0.56,run1,oof_pooled,0,L1,328,73,74,504,328,86,74,491,13,0
data_full__tp12_L4_m0p56,data_ablation_full,,tp12_L4_m0p56,4.0,-0.56,run1,oof_pooled,1,L2/L4/L5 gate,388,90,68,433,372,90,84,433,0,16
data_full__tp12_L4_m0p56,data_ablation_full,,tp12_L4_m0p56,4.0,-0.56,run1,oof_pooled,2,L3,88,12,33,846,88,15,33,843,3,0
data_full__tp12_L4_m0p56,data_ablation_full,,tp12_L4_m0p56,4.0,-0.56,run2,fold01,0,L2,22,10,5,35,23,10,4,35,0,-1
data_full__tp12_L4_m0p56,data_ablation_full,,tp12_L4_m0p56,4.0,-0.56,run2,fold01,1,L4,21,8,10,33,21,7,10,34,-1,0
data_full__tp12_L4_m0p56,data_ablation_full,,tp12_L4_m0p56,4.0,-0.56,run2,fold01,2,L5,7,4,7,54,7,4,7,54,0,0
data_full__tp12_L4_m0p56,data_ablation_full,,tp12_L4_m0p56,4.0,-0.56,run2,fold02,0,L2,21,12,5,33,21,12,5,33,0,0
data_full__tp12_L4_m0p56,data_ablation_full,,tp12_L4_m0p56,4.0,-0.56,run2,fold02,1,L4,18,9,13,31,18,9,13,31,0,0
data_full__tp12_L4_m0p56,data_ablation_full,,tp12_L4_m0p56,4.0,-0.56,run2,fold02,2,L5,8,3,6,54,8,3,6,54,0,0
data_full__tp12_L4_m0p56,data_ablation_full,,tp12_L4_m0p56,4.0,-0.56,run2,fold03,0,L2,20,11,6,34,20,11,6,34,0,0
data_full__tp12_L4_m0p56,data_ablation_full,,tp12_L4_m0p56,4.0,-0.56,run2,fold03,1,L4,23,10,8,30,23,9,8,31,-1,0
data_full__tp12_L4_m0p56,data_ablation_full,,tp12_L4_m0p56,4.0,-0.56,run2,fold03,2,L5,4,3,10,54,4,4,10,53,1,0
data_full__tp12_L4_m0p56,data_ablation_full,,tp12_L4_m0p56,4.0,-0.56,run2,oof_pooled,0,L2,63,33,16,102,64,33,15,102,0,-1
data_full__tp12_L4_m0p56,data_ablation_full,,tp12_L4_m0p56,4.0,-0.56,run2,oof_pooled,1,L4,62,27,31,94,62,25,31,96,-2,0
data_full__tp12_L4_m0p56,data_ablation_full,,tp12_L4_m0p56,4.0,-0.56,run2,oof_pooled,2,L5,19,10,23,162,19,11,23,161,1,0
data_no_conv__tp12_L4_m0p56,data_ablation_no_module,no_conv,tp12_L4_m0p56,4.0,-0.56,run1,fold01,0,L1,109,34,25,159,109,33,25,160,-1,0
data_no_conv__tp12_L4_m0p56,data_ablation_no_module,no_conv,tp12_L4_m0p56,4.0,-0.56,run1,fold01,1,L2/L4/L5 gate,120,30,32,145,115,31,37,144,1,5
data_no_conv__tp12_L4_m0p56,data_ablation_no_module,no_conv,tp12_L4_m0p56,4.0,-0.56,run1,fold01,2,L3,30,4,11,282,30,9,11,277,5,0
data_no_conv__tp12_L4_m0p56,data_ablation_no_module,no_conv,tp12_L4_m0p56,4.0,-0.56,run1,fold02,0,L1,110,26,24,166,110,34,24,158,8,0
data_no_conv__tp12_L4_m0p56,data_ablation_no_module,no_conv,tp12_L4_m0p56,4.0,-0.56,run1,fold02,1,L2/L4/L5 gate,121,28,31,146,112,28,40,146,0,9
data_no_conv__tp12_L4_m0p56,data_ablation_no_module,no_conv,tp12_L4_m0p56,4.0,-0.56,run1,fold02,2,L3,30,11,10,275,30,12,10,274,1,0
data_no_conv__tp12_L4_m0p56,data_ablation_no_module,no_conv,tp12_L4_m0p56,4.0,-0.56,run1,fold03,0,L1,108,28,26,164,108,37,26,155,9,0
data_no_conv__tp12_L4_m0p56,data_ablation_no_module,no_conv,tp12_L4_m0p56,4.0,-0.56,run1,fold03,1,L2/L4/L5 gate,110,23,42,151,99,23,53,151,0,11
data_no_conv__tp12_L4_m0p56,data_ablation_no_module,no_conv,tp12_L4_m0p56,4.0,-0.56,run1,fold03,2,L3,35,22,5,264,35,24,5,262,2,0
data_no_conv__tp12_L4_m0p56,data_ablation_no_module,no_conv,tp12_L4_m0p56,4.0,-0.56,run1,oof_pooled,0,L1,327,88,75,489,327,104,75,473,16,0
data_no_conv__tp12_L4_m0p56,data_ablation_no_module,no_conv,tp12_L4_m0p56,4.0,-0.56,run1,oof_pooled,1,L2/L4/L5 gate,351,81,105,442,326,82,130,441,1,25
data_no_conv__tp12_L4_m0p56,data_ablation_no_module,no_conv,tp12_L4_m0p56,4.0,-0.56,run1,oof_pooled,2,L3,95,37,26,821,95,45,26,813,8,0
data_no_conv__tp12_L4_m0p56,data_ablation_no_module,no_conv,tp12_L4_m0p56,4.0,-0.56,run2,fold01,0,L2,15,12,12,33,16,12,11,33,0,-1
data_no_conv__tp12_L4_m0p56,data_ablation_no_module,no_conv,tp12_L4_m0p56,4.0,-0.56,run2,fold01,1,L4,16,7,15,34,16,6,15,35,-1,0
data_no_conv__tp12_L4_m0p56,data_ablation_no_module,no_conv,tp12_L4_m0p56,4.0,-0.56,run2,fold01,2,L5,9,13,5,45,9,13,5,45,0,0
data_no_conv__tp12_L4_m0p56,data_ablation_no_module,no_conv,tp12_L4_m0p56,4.0,-0.56,run2,fold02,0,L2,17,12,9,33,17,12,9,33,0,0
data_no_conv__tp12_L4_m0p56,data_ablation_no_module,no_conv,tp12_L4_m0p56,4.0,-0.56,run2,fold02,1,L4,12,6,19,34,12,6,19,34,0,0
data_no_conv__tp12_L4_m0p56,data_ablation_no_module,no_conv,tp12_L4_m0p56,4.0,-0.56,run2,fold02,2,L5,11,13,3,44,11,13,3,44,0,0
data_no_conv__tp12_L4_m0p56,data_ablation_no_module,no_conv,tp12_L4_m0p56,4.0,-0.56,run2,fold03,0,L2,21,21,5,24,22,21,4,24,0,-1
data_no_conv__tp12_L4_m0p56,data_ablation_no_module,no_conv,tp12_L4_m0p56,4.0,-0.56,run2,fold03,1,L4,14,6,17,34,14,5,17,35,-1,0
data_no_conv__tp12_L4_m0p56,data_ablation_no_module,no_conv,tp12_L4_m0p56,4.0,-0.56,run2,fold03,2,L5,4,5,10,52,4,5,10,52,0,0
data_no_conv__tp12_L4_m0p56,data_ablation_no_module,no_conv,tp12_L4_m0p56,4.0,-0.56,run2,oof_pooled,0,L2,53,45,26,90,55,45,24,90,0,-2
data_no_conv__tp12_L4_m0p56,data_ablation_no_module,no_conv,tp12_L4_m0p56,4.0,-0.56,run2,oof_pooled,1,L4,42,19,51,102,42,17,51,104,-2,0
data_no_conv__tp12_L4_m0p56,data_ablation_no_module,no_conv,tp12_L4_m0p56,4.0,-0.56,run2,oof_pooled,2,L5,24,31,18,141,24,31,18,141,0,0
module_masked__no_conv__tp12_L4_m0p56,module_ablation_masked,no_conv,tp12_L4_m0p56,4.0,-0.56,run1,fold01,0,L1,112,32,22,161,109,33,25,160,1,3
module_masked__no_conv__tp12_L4_m0p56,module_ablation_masked,no_conv,tp12_L4_m0p56,4.0,-0.56,run1,fold01,1,L2/L4/L5 gate,121,30,31,145,115,31,37,144,1,6
module_masked__no_conv__tp12_L4_m0p56,module_ablation_masked,no_conv,tp12_L4_m0p56,4.0,-0.56,run1,fold01,2,L3,26,6,15,280,30,9,11,277,3,-4
module_masked__no_conv__tp12_L4_m0p56,module_ablation_masked,no_conv,tp12_L4_m0p56,4.0,-0.56,run1,fold02,0,L1,105,30,29,162,110,34,24,158,4,-5
module_masked__no_conv__tp12_L4_m0p56,module_ablation_masked,no_conv,tp12_L4_m0p56,4.0,-0.56,run1,fold02,1,L2/L4/L5 gate,119,31,33,143,112,28,40,146,-3,7
module_masked__no_conv__tp12_L4_m0p56,module_ablation_masked,no_conv,tp12_L4_m0p56,4.0,-0.56,run1,fold02,2,L3,34,7,6,279,30,12,10,274,5,4
module_masked__no_conv__tp12_L4_m0p56,module_ablation_masked,no_conv,tp12_L4_m0p56,4.0,-0.56,run1,fold03,0,L1,111,24,23,168,108,37,26,155,13,3
module_masked__no_conv__tp12_L4_m0p56,module_ablation_masked,no_conv,tp12_L4_m0p56,4.0,-0.56,run1,fold03,1,L2/L4/L5 gate,132,29,20,145,99,23,53,151,-6,33
module_masked__no_conv__tp12_L4_m0p56,module_ablation_masked,no_conv,tp12_L4_m0p56,4.0,-0.56,run1,fold03,2,L3,28,2,12,284,35,24,5,262,22,-7
module_masked__no_conv__tp12_L4_m0p56,module_ablation_masked,no_conv,tp12_L4_m0p56,4.0,-0.56,run1,oof_pooled,0,L1,328,86,74,491,327,104,75,473,18,1
module_masked__no_conv__tp12_L4_m0p56,module_ablation_masked,no_conv,tp12_L4_m0p56,4.0,-0.56,run1,oof_pooled,1,L2/L4/L5 gate,372,90,84,433,326,82,130,441,-8,46
module_masked__no_conv__tp12_L4_m0p56,module_ablation_masked,no_conv,tp12_L4_m0p56,4.0,-0.56,run1,oof_pooled,2,L3,88,15,33,843,95,45,26,813,30,-7
module_masked__no_conv__tp12_L4_m0p56,module_ablation_masked,no_conv,tp12_L4_m0p56,4.0,-0.56,run2,fold01,0,L2,23,10,4,35,16,12,11,33,2,7
module_masked__no_conv__tp12_L4_m0p56,module_ablation_masked,no_conv,tp12_L4_m0p56,4.0,-0.56,run2,fold01,1,L4,21,7,10,34,16,6,15,35,-1,5
module_masked__no_conv__tp12_L4_m0p56,module_ablation_masked,no_conv,tp12_L4_m0p56,4.0,-0.56,run2,fold01,2,L5,7,4,7,54,9,13,5,45,9,-2
module_masked__no_conv__tp12_L4_m0p56,module_ablation_masked,no_conv,tp12_L4_m0p56,4.0,-0.56,run2,fold02,0,L2,21,12,5,33,17,12,9,33,0,4
module_masked__no_conv__tp12_L4_m0p56,module_ablation_masked,no_conv,tp12_L4_m0p56,4.0,-0.56,run2,fold02,1,L4,18,9,13,31,12,6,19,34,-3,6
module_masked__no_conv__tp12_L4_m0p56,module_ablation_masked,no_conv,tp12_L4_m0p56,4.0,-0.56,run2,fold02,2,L5,8,3,6,54,11,13,3,44,10,-3
module_masked__no_conv__tp12_L4_m0p56,module_ablation_masked,no_conv,tp12_L4_m0p56,4.0,-0.56,run2,fold03,0,L2,20,11,6,34,22,21,4,24,10,-2
module_masked__no_conv__tp12_L4_m0p56,module_ablation_masked,no_conv,tp12_L4_m0p56,4.0,-0.56,run2,fold03,1,L4,23,9,8,31,14,5,17,35,-4,9
module_masked__no_conv__tp12_L4_m0p56,module_ablation_masked,no_conv,tp12_L4_m0p56,4.0,-0.56,run2,fold03,2,L5,4,4,10,53,4,5,10,52,1,0
module_masked__no_conv__tp12_L4_m0p56,module_ablation_masked,no_conv,tp12_L4_m0p56,4.0,-0.56,run2,oof_pooled,0,L2,64,33,15,102,55,45,24,90,12,9
module_masked__no_conv__tp12_L4_m0p56,module_ablation_masked,no_conv,tp12_L4_m0p56,4.0,-0.56,run2,oof_pooled,1,L4,62,25,31,96,42,17,51,104,-8,20
module_masked__no_conv__tp12_L4_m0p56,module_ablation_masked,no_conv,tp12_L4_m0p56,4.0,-0.56,run2,oof_pooled,2,L5,19,11,23,161,24,31,18,141,20,-5
data_no_lstm__tp12_L4_m0p56,data_ablation_no_module,no_lstm,tp12_L4_m0p56,4.0,-0.56,run1,fold01,0,L1,102,35,32,158,101,37,33,156,2,1
data_no_lstm__tp12_L4_m0p56,data_ablation_no_module,no_lstm,tp12_L4_m0p56,4.0,-0.56,run1,fold01,1,L2/L4/L5 gate,117,40,35,135,110,40,42,135,0,7
data_no_lstm__tp12_L4_m0p56,data_ablation_no_module,no_lstm,tp12_L4_m0p56,4.0,-0.56,run1,fold01,2,L3,27,6,14,280,27,12,14,274,6,0
data_no_lstm__tp12_L4_m0p56,data_ablation_no_module,no_lstm,tp12_L4_m0p56,4.0,-0.56,run1,fold02,0,L1,101,36,33,156,101,38,33,154,2,0
data_no_lstm__tp12_L4_m0p56,data_ablation_no_module,no_lstm,tp12_L4_m0p56,4.0,-0.56,run1,fold02,1,L2/L4/L5 gate,113,37,39,137,110,36,42,138,-1,3
data_no_lstm__tp12_L4_m0p56,data_ablation_no_module,no_lstm,tp12_L4_m0p56,4.0,-0.56,run1,fold02,2,L3,28,11,12,275,28,13,12,273,2,0
data_no_lstm__tp12_L4_m0p56,data_ablation_no_module,no_lstm,tp12_L4_m0p56,4.0,-0.56,run1,fold03,0,L1,104,28,30,164,104,28,30,164,0,0
data_no_lstm__tp12_L4_m0p56,data_ablation_no_module,no_lstm,tp12_L4_m0p56,4.0,-0.56,run1,fold03,1,L2/L4/L5 gate,120,30,32,144,115,30,37,144,0,5
data_no_lstm__tp12_L4_m0p56,data_ablation_no_module,no_lstm,tp12_L4_m0p56,4.0,-0.56,run1,fold03,2,L3,30,14,10,272,30,19,10,267,5,0
data_no_lstm__tp12_L4_m0p56,data_ablation_no_module,no_lstm,tp12_L4_m0p56,4.0,-0.56,run1,oof_pooled,0,L1,307,99,95,478,306,103,96,474,4,1
data_no_lstm__tp12_L4_m0p56,data_ablation_no_module,no_lstm,tp12_L4_m0p56,4.0,-0.56,run1,oof_pooled,1,L2/L4/L5 gate,350,107,106,416,335,106,121,417,-1,15
data_no_lstm__tp12_L4_m0p56,data_ablation_no_module,no_lstm,tp12_L4_m0p56,4.0,-0.56,run1,oof_pooled,2,L3,85,31,36,827,85,44,36,814,13,0
data_no_lstm__tp12_L4_m0p56,data_ablation_no_module,no_lstm,tp12_L4_m0p56,4.0,-0.56,run2,fold01,0,L2,16,2,11,43,16,2,11,43,0,0
data_no_lstm__tp12_L4_m0p56,data_ablation_no_module,no_lstm,tp12_L4_m0p56,4.0,-0.56,run2,fold01,1,L4,21,11,10,30,21,11,10,30,0,0
data_no_lstm__tp12_L4_m0p56,data_ablation_no_module,no_lstm,tp12_L4_m0p56,4.0,-0.56,run2,fold01,2,L5,9,13,5,45,9,13,5,45,0,0
data_no_lstm__tp12_L4_m0p56,data_ablation_no_module,no_lstm,tp12_L4_m0p56,4.0,-0.56,run2,fold02,0,L2,14,11,12,34,14,11,12,34,0,0
data_no_lstm__tp12_L4_m0p56,data_ablation_no_module,no_lstm,tp12_L4_m0p56,4.0,-0.56,run2,fold02,1,L4,20,17,11,23,20,17,11,23,0,0
data_no_lstm__tp12_L4_m0p56,data_ablation_no_module,no_lstm,tp12_L4_m0p56,4.0,-0.56,run2,fold02,2,L5,6,3,8,54,6,3,8,54,0,0
data_no_lstm__tp12_L4_m0p56,data_ablation_no_module,no_lstm,tp12_L4_m0p56,4.0,-0.56,run2,fold03,0,L2,20,10,6,35,20,10,6,35,0,0
data_no_lstm__tp12_L4_m0p56,data_ablation_no_module,no_lstm,tp12_L4_m0p56,4.0,-0.56,run2,fold03,1,L4,22,6,9,34,22,6,9,34,0,0
data_no_lstm__tp12_L4_m0p56,data_ablation_no_module,no_lstm,tp12_L4_m0p56,4.0,-0.56,run2,fold03,2,L5,6,7,8,50,6,7,8,50,0,0
data_no_lstm__tp12_L4_m0p56,data_ablation_no_module,no_lstm,tp12_L4_m0p56,4.0,-0.56,run2,oof_pooled,0,L2,50,23,29,112,50,23,29,112,0,0
data_no_lstm__tp12_L4_m0p56,data_ablation_no_module,no_lstm,tp12_L4_m0p56,4.0,-0.56,run2,oof_pooled,1,L4,63,34,30,87,63,34,30,87,0,0
data_no_lstm__tp12_L4_m0p56,data_ablation_no_module,no_lstm,tp12_L4_m0p56,4.0,-0.56,run2,oof_pooled,2,L5,21,23,21,149,21,23,21,149,0,0
module_masked__no_lstm__tp12_L4_m0p56,module_ablation_masked,no_lstm,tp12_L4_m0p56,4.0,-0.56,run1,fold01,0,L1,112,32,22,161,101,37,33,156,5,11
module_masked__no_lstm__tp12_L4_m0p56,module_ablation_masked,no_lstm,tp12_L4_m0p56,4.0,-0.56,run1,fold01,1,L2/L4/L5 gate,121,30,31,145,110,40,42,135,10,11
module_masked__no_lstm__tp12_L4_m0p56,module_ablation_masked,no_lstm,tp12_L4_m0p56,4.0,-0.56,run1,fold01,2,L3,26,6,15,280,27,12,14,274,6,-1
module_masked__no_lstm__tp12_L4_m0p56,module_ablation_masked,no_lstm,tp12_L4_m0p56,4.0,-0.56,run1,fold02,0,L1,105,30,29,162,101,38,33,154,8,4
module_masked__no_lstm__tp12_L4_m0p56,module_ablation_masked,no_lstm,tp12_L4_m0p56,4.0,-0.56,run1,fold02,1,L2/L4/L5 gate,119,31,33,143,110,36,42,138,5,9
module_masked__no_lstm__tp12_L4_m0p56,module_ablation_masked,no_lstm,tp12_L4_m0p56,4.0,-0.56,run1,fold02,2,L3,34,7,6,279,28,13,12,273,6,6
module_masked__no_lstm__tp12_L4_m0p56,module_ablation_masked,no_lstm,tp12_L4_m0p56,4.0,-0.56,run1,fold03,0,L1,111,24,23,168,104,28,30,164,4,7
module_masked__no_lstm__tp12_L4_m0p56,module_ablation_masked,no_lstm,tp12_L4_m0p56,4.0,-0.56,run1,fold03,1,L2/L4/L5 gate,132,29,20,145,115,30,37,144,1,17
module_masked__no_lstm__tp12_L4_m0p56,module_ablation_masked,no_lstm,tp12_L4_m0p56,4.0,-0.56,run1,fold03,2,L3,28,2,12,284,30,19,10,267,17,-2
module_masked__no_lstm__tp12_L4_m0p56,module_ablation_masked,no_lstm,tp12_L4_m0p56,4.0,-0.56,run1,oof_pooled,0,L1,328,86,74,491,306,103,96,474,17,22
module_masked__no_lstm__tp12_L4_m0p56,module_ablation_masked,no_lstm,tp12_L4_m0p56,4.0,-0.56,run1,oof_pooled,1,L2/L4/L5 gate,372,90,84,433,335,106,121,417,16,37
module_masked__no_lstm__tp12_L4_m0p56,module_ablation_masked,no_lstm,tp12_L4_m0p56,4.0,-0.56,run1,oof_pooled,2,L3,88,15,33,843,85,44,36,814,29,3
module_masked__no_lstm__tp12_L4_m0p56,module_ablation_masked,no_lstm,tp12_L4_m0p56,4.0,-0.56,run2,fold01,0,L2,23,10,4,35,16,2,11,43,-8,7
module_masked__no_lstm__tp12_L4_m0p56,module_ablation_masked,no_lstm,tp12_L4_m0p56,4.0,-0.56,run2,fold01,1,L4,21,7,10,34,21,11,10,30,4,0
module_masked__no_lstm__tp12_L4_m0p56,module_ablation_masked,no_lstm,tp12_L4_m0p56,4.0,-0.56,run2,fold01,2,L5,7,4,7,54,9,13,5,45,9,-2
module_masked__no_lstm__tp12_L4_m0p56,module_ablation_masked,no_lstm,tp12_L4_m0p56,4.0,-0.56,run2,fold02,0,L2,21,12,5,33,14,11,12,34,-1,7
module_masked__no_lstm__tp12_L4_m0p56,module_ablation_masked,no_lstm,tp12_L4_m0p56,4.0,-0.56,run2,fold02,1,L4,18,9,13,31,20,17,11,23,8,-2
module_masked__no_lstm__tp12_L4_m0p56,module_ablation_masked,no_lstm,tp12_L4_m0p56,4.0,-0.56,run2,fold02,2,L5,8,3,6,54,6,3,8,54,0,2
module_masked__no_lstm__tp12_L4_m0p56,module_ablation_masked,no_lstm,tp12_L4_m0p56,4.0,-0.56,run2,fold03,0,L2,20,11,6,34,20,10,6,35,-1,0
module_masked__no_lstm__tp12_L4_m0p56,module_ablation_masked,no_lstm,tp12_L4_m0p56,4.0,-0.56,run2,fold03,1,L4,23,9,8,31,22,6,9,34,-3,1
module_masked__no_lstm__tp12_L4_m0p56,module_ablation_masked,no_lstm,tp12_L4_m0p56,4.0,-0.56,run2,fold03,2,L5,4,4,10,53,6,7,8,50,3,-2
module_masked__no_lstm__tp12_L4_m0p56,module_ablation_masked,no_lstm,tp12_L4_m0p56,4.0,-0.56,run2,oof_pooled,0,L2,64,33,15,102,50,23,29,112,-10,14
module_masked__no_lstm__tp12_L4_m0p56,module_ablation_masked,no_lstm,tp12_L4_m0p56,4.0,-0.56,run2,oof_pooled,1,L4,62,25,31,96,63,34,30,87,9,-1
module_masked__no_lstm__tp12_L4_m0p56,module_ablation_masked,no_lstm,tp12_L4_m0p56,4.0,-0.56,run2,oof_pooled,2,L5,19,11,23,161,21,23,21,149,12,-2
data_no_attention__tp12_L4_m0p56,data_ablation_no_module,no_attention,tp12_L4_m0p56,4.0,-0.56,run1,fold01,0,L1,113,29,21,164,113,28,21,165,-1,0
data_no_attention__tp12_L4_m0p56,data_ablation_no_module,no_attention,tp12_L4_m0p56,4.0,-0.56,run1,fold01,1,L2/L4/L5 gate,125,28,27,147,115,28,37,147,0,10
data_no_attention__tp12_L4_m0p56,data_ablation_no_module,no_attention,tp12_L4_m0p56,4.0,-0.56,run1,fold01,2,L3,30,2,11,284,30,13,11,273,11,0
data_no_attention__tp12_L4_m0p56,data_ablation_no_module,no_attention,tp12_L4_m0p56,4.0,-0.56,run1,fold02,0,L1,107,21,27,171,107,33,27,159,12,0
data_no_attention__tp12_L4_m0p56,data_ablation_no_module,no_attention,tp12_L4_m0p56,4.0,-0.56,run1,fold02,1,L2/L4/L5 gate,131,31,21,143,118,31,34,143,0,13
data_no_attention__tp12_L4_m0p56,data_ablation_no_module,no_attention,tp12_L4_m0p56,4.0,-0.56,run1,fold02,2,L3,29,7,11,279,29,8,11,278,1,0
data_no_attention__tp12_L4_m0p56,data_ablation_no_module,no_attention,tp12_L4_m0p56,4.0,-0.56,run1,fold03,0,L1,113,20,21,172,112,26,22,166,6,1
data_no_attention__tp12_L4_m0p56,data_ablation_no_module,no_attention,tp12_L4_m0p56,4.0,-0.56,run1,fold03,1,L2/L4/L5 gate,129,23,23,151,120,24,32,150,1,9
data_no_attention__tp12_L4_m0p56,data_ablation_no_module,no_attention,tp12_L4_m0p56,4.0,-0.56,run1,fold03,2,L3,33,8,7,278,33,11,7,275,3,0
data_no_attention__tp12_L4_m0p56,data_ablation_no_module,no_attention,tp12_L4_m0p56,4.0,-0.56,run1,oof_pooled,0,L1,333,70,69,507,332,87,70,490,17,1
data_no_attention__tp12_L4_m0p56,data_ablation_no_module,no_attention,tp12_L4_m0p56,4.0,-0.56,run1,oof_pooled,1,L2/L4/L5 gate,385,82,71,441,353,83,103,440,1,32
data_no_attention__tp12_L4_m0p56,data_ablation_no_module,no_attention,tp12_L4_m0p56,4.0,-0.56,run1,oof_pooled,2,L3,92,17,29,841,92,32,29,826,15,0
data_no_attention__tp12_L4_m0p56,data_ablation_no_module,no_attention,tp12_L4_m0p56,4.0,-0.56,run2,fold01,0,L2,15,6,12,39,15,6,12,39,0,0
data_no_attention__tp12_L4_m0p56,data_ablation_no_module,no_attention,tp12_L4_m0p56,4.0,-0.56,run2,fold01,1,L4,21,16,10,25,21,16,10,25,0,0
data_no_attention__tp12_L4_m0p56,data_ablation_no_module,no_attention,tp12_L4_m0p56,4.0,-0.56,run2,fold01,2,L5,6,8,8,50,6,8,8,50,0,0
data_no_attention__tp12_L4_m0p56,data_ablation_no_module,no_attention,tp12_L4_m0p56,4.0,-0.56,run2,fold02,0,L2,16,8,10,37,16,8,10,37,0,0
data_no_attention__tp12_L4_m0p56,data_ablation_no_module,no_attention,tp12_L4_m0p56,4.0,-0.56,run2,fold02,1,L4,16,6,15,34,16,6,15,34,0,0
data_no_attention__tp12_L4_m0p56,data_ablation_no_module,no_attention,tp12_L4_m0p56,4.0,-0.56,run2,fold02,2,L5,13,12,1,45,13,12,1,45,0,0
data_no_attention__tp12_L4_m0p56,data_ablation_no_module,no_attention,tp12_L4_m0p56,4.0,-0.56,run2,fold03,0,L2,17,10,9,35,16,10,10,35,0,1
data_no_attention__tp12_L4_m0p56,data_ablation_no_module,no_attention,tp12_L4_m0p56,4.0,-0.56,run2,fold03,1,L4,19,13,12,27,19,14,12,26,1,0
data_no_attention__tp12_L4_m0p56,data_ablation_no_module,no_attention,tp12_L4_m0p56,4.0,-0.56,run2,fold03,2,L5,4,8,10,49,4,8,10,49,0,0
data_no_attention__tp12_L4_m0p56,data_ablation_no_module,no_attention,tp12_L4_m0p56,4.0,-0.56,run2,oof_pooled,0,L2,48,24,31,111,47,24,32,111,0,1
data_no_attention__tp12_L4_m0p56,data_ablation_no_module,no_attention,tp12_L4_m0p56,4.0,-0.56,run2,oof_pooled,1,L4,56,35,37,86,56,36,37,85,1,0
data_no_attention__tp12_L4_m0p56,data_ablation_no_module,no_attention,tp12_L4_m0p56,4.0,-0.56,run2,oof_pooled,2,L5,23,28,19,144,23,28,19,144,0,0
module_masked__no_attention__tp12_L4_m0p56,module_ablation_masked,no_attention,tp12_L4_m0p56,4.0,-0.56,run1,fold01,0,L1,112,32,22,161,113,28,21,165,-4,-1
module_masked__no_attention__tp12_L4_m0p56,module_ablation_masked,no_attention,tp12_L4_m0p56,4.0,-0.56,run1,fold01,1,L2/L4/L5 gate,121,30,31,145,115,28,37,147,-2,6
module_masked__no_attention__tp12_L4_m0p56,module_ablation_masked,no_attention,tp12_L4_m0p56,4.0,-0.56,run1,fold01,2,L3,26,6,15,280,30,13,11,273,7,-4
module_masked__no_attention__tp12_L4_m0p56,module_ablation_masked,no_attention,tp12_L4_m0p56,4.0,-0.56,run1,fold02,0,L1,105,30,29,162,107,33,27,159,3,-2
module_masked__no_attention__tp12_L4_m0p56,module_ablation_masked,no_attention,tp12_L4_m0p56,4.0,-0.56,run1,fold02,1,L2/L4/L5 gate,119,31,33,143,118,31,34,143,0,1
module_masked__no_attention__tp12_L4_m0p56,module_ablation_masked,no_attention,tp12_L4_m0p56,4.0,-0.56,run1,fold02,2,L3,34,7,6,279,29,8,11,278,1,5
module_masked__no_attention__tp12_L4_m0p56,module_ablation_masked,no_attention,tp12_L4_m0p56,4.0,-0.56,run1,fold03,0,L1,111,24,23,168,112,26,22,166,2,-1
module_masked__no_attention__tp12_L4_m0p56,module_ablation_masked,no_attention,tp12_L4_m0p56,4.0,-0.56,run1,fold03,1,L2/L4/L5 gate,132,29,20,145,120,24,32,150,-5,12
module_masked__no_attention__tp12_L4_m0p56,module_ablation_masked,no_attention,tp12_L4_m0p56,4.0,-0.56,run1,fold03,2,L3,28,2,12,284,33,11,7,275,9,-5
module_masked__no_attention__tp12_L4_m0p56,module_ablation_masked,no_attention,tp12_L4_m0p56,4.0,-0.56,run1,oof_pooled,0,L1,328,86,74,491,332,87,70,490,1,-4
module_masked__no_attention__tp12_L4_m0p56,module_ablation_masked,no_attention,tp12_L4_m0p56,4.0,-0.56,run1,oof_pooled,1,L2/L4/L5 gate,372,90,84,433,353,83,103,440,-7,19
module_masked__no_attention__tp12_L4_m0p56,module_ablation_masked,no_attention,tp12_L4_m0p56,4.0,-0.56,run1,oof_pooled,2,L3,88,15,33,843,92,32,29,826,17,-4
module_masked__no_attention__tp12_L4_m0p56,module_ablation_masked,no_attention,tp12_L4_m0p56,4.0,-0.56,run2,fold01,0,L2,23,10,4,35,15,6,12,39,-4,8
module_masked__no_attention__tp12_L4_m0p56,module_ablation_masked,no_attention,tp12_L4_m0p56,4.0,-0.56,run2,fold01,1,L4,21,7,10,34,21,16,10,25,9,0
module_masked__no_attention__tp12_L4_m0p56,module_ablation_masked,no_attention,tp12_L4_m0p56,4.0,-0.56,run2,fold01,2,L5,7,4,7,54,6,8,8,50,4,1
module_masked__no_attention__tp12_L4_m0p56,module_ablation_masked,no_attention,tp12_L4_m0p56,4.0,-0.56,run2,fold02,0,L2,21,12,5,33,16,8,10,37,-4,5
module_masked__no_attention__tp12_L4_m0p56,module_ablation_masked,no_attention,tp12_L4_m0p56,4.0,-0.56,run2,fold02,1,L4,18,9,13,31,16,6,15,34,-3,2
module_masked__no_attention__tp12_L4_m0p56,module_ablation_masked,no_attention,tp12_L4_m0p56,4.0,-0.56,run2,fold02,2,L5,8,3,6,54,13,12,1,45,9,-5
module_masked__no_attention__tp12_L4_m0p56,module_ablation_masked,no_attention,tp12_L4_m0p56,4.0,-0.56,run2,fold03,0,L2,20,11,6,34,16,10,10,35,-1,4
module_masked__no_attention__tp12_L4_m0p56,module_ablation_masked,no_attention,tp12_L4_m0p56,4.0,-0.56,run2,fold03,1,L4,23,9,8,31,19,14,12,26,5,4
module_masked__no_attention__tp12_L4_m0p56,module_ablation_masked,no_attention,tp12_L4_m0p56,4.0,-0.56,run2,fold03,2,L5,4,4,10,53,4,8,10,49,4,0
module_masked__no_attention__tp12_L4_m0p56,module_ablation_masked,no_attention,tp12_L4_m0p56,4.0,-0.56,run2,oof_pooled,0,L2,64,33,15,102,47,24,32,111,-9,17
module_masked__no_attention__tp12_L4_m0p56,module_ablation_masked,no_attention,tp12_L4_m0p56,4.0,-0.56,run2,oof_pooled,1,L4,62,25,31,96,56,36,37,85,11,6
module_masked__no_attention__tp12_L4_m0p56,module_ablation_masked,no_attention,tp12_L4_m0p56,4.0,-0.56,run2,oof_pooled,2,L5,19,11,23,161,23,28,19,144,17,-4
data_full__tp13_L4_m0p55,data_ablation_full,,tp13_L4_m0p55,4.0,-0.55,run1,fold01,0,L1,112,30,22,163,112,32,22,161,2,0
data_full__tp13_L4_m0p55,data_ablation_full,,tp13_L4_m0p55,4.0,-0.55,run1,fold01,1,L2/L4/L5 gate,126,30,26,145,122,30,30,145,0,4
data_full__tp13_L4_m0p55,data_ablation_full,,tp13_L4_m0p55,4.0,-0.55,run1,fold01,2,L3,26,3,15,283,26,5,15,281,2,0
data_full__tp13_L4_m0p55,data_ablation_full,,tp13_L4_m0p55,4.0,-0.55,run1,fold02,0,L1,105,22,29,170,105,29,29,163,7,0
data_full__tp13_L4_m0p55,data_ablation_full,,tp13_L4_m0p55,4.0,-0.55,run1,fold02,1,L2/L4/L5 gate,127,31,25,143,120,31,32,143,0,7
data_full__tp13_L4_m0p55,data_ablation_full,,tp13_L4_m0p55,4.0,-0.55,run1,fold02,2,L3,34,7,6,279,34,7,6,279,0,0
data_full__tp13_L4_m0p55,data_ablation_full,,tp13_L4_m0p55,4.0,-0.55,run1,fold03,0,L1,111,21,23,171,111,24,23,168,3,0
data_full__tp13_L4_m0p55,data_ablation_full,,tp13_L4_m0p55,4.0,-0.55,run1,fold03,1,L2/L4/L5 gate,135,29,17,145,132,29,20,145,0,3
data_full__tp13_L4_m0p55,data_ablation_full,,tp13_L4_m0p55,4.0,-0.55,run1,fold03,2,L3,28,2,12,284,28,2,12,284,0,0
data_full__tp13_L4_m0p55,data_ablation_full,,tp13_L4_m0p55,4.0,-0.55,run1,oof_pooled,0,L1,328,73,74,504,328,85,74,492,12,0
data_full__tp13_L4_m0p55,data_ablation_full,,tp13_L4_m0p55,4.0,-0.55,run1,oof_pooled,1,L2/L4/L5 gate,388,90,68,433,374,90,82,433,0,14
data_full__tp13_L4_m0p55,data_ablation_full,,tp13_L4_m0p55,4.0,-0.55,run1,oof_pooled,2,L3,88,12,33,846,88,14,33,844,2,0
data_full__tp13_L4_m0p55,data_ablation_full,,tp13_L4_m0p55,4.0,-0.55,run2,fold01,0,L2,22,10,5,35,23,10,4,35,0,-1
data_full__tp13_L4_m0p55,data_ablation_full,,tp13_L4_m0p55,4.0,-0.55,run2,fold01,1,L4,21,8,10,33,21,7,10,34,-1,0
data_full__tp13_L4_m0p55,data_ablation_full,,tp13_L4_m0p55,4.0,-0.55,run2,fold01,2,L5,7,4,7,54,7,4,7,54,0,0
data_full__tp13_L4_m0p55,data_ablation_full,,tp13_L4_m0p55,4.0,-0.55,run2,fold02,0,L2,21,12,5,33,21,12,5,33,0,0
data_full__tp13_L4_m0p55,data_ablation_full,,tp13_L4_m0p55,4.0,-0.55,run2,fold02,1,L4,18,9,13,31,18,9,13,31,0,0
data_full__tp13_L4_m0p55,data_ablation_full,,tp13_L4_m0p55,4.0,-0.55,run2,fold02,2,L5,8,3,6,54,8,3,6,54,0,0
data_full__tp13_L4_m0p55,data_ablation_full,,tp13_L4_m0p55,4.0,-0.55,run2,fold03,0,L2,20,11,6,34,20,11,6,34,0,0
data_full__tp13_L4_m0p55,data_ablation_full,,tp13_L4_m0p55,4.0,-0.55,run2,fold03,1,L4,23,10,8,30,23,9,8,31,-1,0
data_full__tp13_L4_m0p55,data_ablation_full,,tp13_L4_m0p55,4.0,-0.55,run2,fold03,2,L5,4,3,10,54,4,4,10,53,1,0
data_full__tp13_L4_m0p55,data_ablation_full,,tp13_L4_m0p55,4.0,-0.55,run2,oof_pooled,0,L2,63,33,16,102,64,33,15,102,0,-1
data_full__tp13_L4_m0p55,data_ablation_full,,tp13_L4_m0p55,4.0,-0.55,run2,oof_pooled,1,L4,62,27,31,94,62,25,31,96,-2,0
data_full__tp13_L4_m0p55,data_ablation_full,,tp13_L4_m0p55,4.0,-0.55,run2,oof_pooled,2,L5,19,10,23,162,19,11,23,161,1,0
data_no_conv__tp13_L4_m0p55,data_ablation_no_module,no_conv,tp13_L4_m0p55,4.0,-0.55,run1,fold01,0,L1,109,34,25,159,109,34,25,159,0,0
data_no_conv__tp13_L4_m0p55,data_ablation_no_module,no_conv,tp13_L4_m0p55,4.0,-0.55,run1,fold01,1,L2/L4/L5 gate,120,30,32,145,114,31,38,144,1,6
data_no_conv__tp13_L4_m0p55,data_ablation_no_module,no_conv,tp13_L4_m0p55,4.0,-0.55,run1,fold01,2,L3,30,4,11,282,30,9,11,277,5,0
data_no_conv__tp13_L4_m0p55,data_ablation_no_module,no_conv,tp13_L4_m0p55,4.0,-0.55,run1,fold02,0,L1,110,26,24,166,110,35,24,157,9,0
data_no_conv__tp13_L4_m0p55,data_ablation_no_module,no_conv,tp13_L4_m0p55,4.0,-0.55,run1,fold02,1,L2/L4/L5 gate,121,28,31,146,112,28,40,146,0,9
data_no_conv__tp13_L4_m0p55,data_ablation_no_module,no_conv,tp13_L4_m0p55,4.0,-0.55,run1,fold02,2,L3,30,11,10,275,30,11,10,275,0,0
data_no_conv__tp13_L4_m0p55,data_ablation_no_module,no_conv,tp13_L4_m0p55,4.0,-0.55,run1,fold03,0,L1,108,28,26,164,108,37,26,155,9,0
data_no_conv__tp13_L4_m0p55,data_ablation_no_module,no_conv,tp13_L4_m0p55,4.0,-0.55,run1,fold03,1,L2/L4/L5 gate,110,23,42,151,99,23,53,151,0,11
data_no_conv__tp13_L4_m0p55,data_ablation_no_module,no_conv,tp13_L4_m0p55,4.0,-0.55,run1,fold03,2,L3,35,22,5,264,35,24,5,262,2,0
data_no_conv__tp13_L4_m0p55,data_ablation_no_module,no_conv,tp13_L4_m0p55,4.0,-0.55,run1,oof_pooled,0,L1,327,88,75,489,327,106,75,471,18,0
data_no_conv__tp13_L4_m0p55,data_ablation_no_module,no_conv,tp13_L4_m0p55,4.0,-0.55,run1,oof_pooled,1,L2/L4/L5 gate,351,81,105,442,325,82,131,441,1,26
data_no_conv__tp13_L4_m0p55,data_ablation_no_module,no_conv,tp13_L4_m0p55,4.0,-0.55,run1,oof_pooled,2,L3,95,37,26,821,95,44,26,814,7,0
data_no_conv__tp13_L4_m0p55,data_ablation_no_module,no_conv,tp13_L4_m0p55,4.0,-0.55,run2,fold01,0,L2,15,12,12,33,16,12,11,33,0,-1
data_no_conv__tp13_L4_m0p55,data_ablation_no_module,no_conv,tp13_L4_m0p55,4.0,-0.55,run2,fold01,1,L4,16,7,15,34,16,6,15,35,-1,0
data_no_conv__tp13_L4_m0p55,data_ablation_no_module,no_conv,tp13_L4_m0p55,4.0,-0.55,run2,fold01,2,L5,9,13,5,45,9,13,5,45,0,0
data_no_conv__tp13_L4_m0p55,data_ablation_no_module,no_conv,tp13_L4_m0p55,4.0,-0.55,run2,fold02,0,L2,17,12,9,33,17,12,9,33,0,0
data_no_conv__tp13_L4_m0p55,data_ablation_no_module,no_conv,tp13_L4_m0p55,4.0,-0.55,run2,fold02,1,L4,12,6,19,34,12,6,19,34,0,0
data_no_conv__tp13_L4_m0p55,data_ablation_no_module,no_conv,tp13_L4_m0p55,4.0,-0.55,run2,fold02,2,L5,11,13,3,44,11,13,3,44,0,0
data_no_conv__tp13_L4_m0p55,data_ablation_no_module,no_conv,tp13_L4_m0p55,4.0,-0.55,run2,fold03,0,L2,21,21,5,24,22,21,4,24,0,-1
data_no_conv__tp13_L4_m0p55,data_ablation_no_module,no_conv,tp13_L4_m0p55,4.0,-0.55,run2,fold03,1,L4,14,6,17,34,14,5,17,35,-1,0
data_no_conv__tp13_L4_m0p55,data_ablation_no_module,no_conv,tp13_L4_m0p55,4.0,-0.55,run2,fold03,2,L5,4,5,10,52,4,5,10,52,0,0
data_no_conv__tp13_L4_m0p55,data_ablation_no_module,no_conv,tp13_L4_m0p55,4.0,-0.55,run2,oof_pooled,0,L2,53,45,26,90,55,45,24,90,0,-2
data_no_conv__tp13_L4_m0p55,data_ablation_no_module,no_conv,tp13_L4_m0p55,4.0,-0.55,run2,oof_pooled,1,L4,42,19,51,102,42,17,51,104,-2,0
data_no_conv__tp13_L4_m0p55,data_ablation_no_module,no_conv,tp13_L4_m0p55,4.0,-0.55,run2,oof_pooled,2,L5,24,31,18,141,24,31,18,141,0,0
module_masked__no_conv__tp13_L4_m0p55,module_ablation_masked,no_conv,tp13_L4_m0p55,4.0,-0.55,run1,fold01,0,L1,112,32,22,161,109,34,25,159,2,3
module_masked__no_conv__tp13_L4_m0p55,module_ablation_masked,no_conv,tp13_L4_m0p55,4.0,-0.55,run1,fold01,1,L2/L4/L5 gate,122,30,30,145,114,31,38,144,1,8
module_masked__no_conv__tp13_L4_m0p55,module_ablation_masked,no_conv,tp13_L4_m0p55,4.0,-0.55,run1,fold01,2,L3,26,5,15,281,30,9,11,277,4,-4
module_masked__no_conv__tp13_L4_m0p55,module_ablation_masked,no_conv,tp13_L4_m0p55,4.0,-0.55,run1,fold02,0,L1,105,29,29,163,110,35,24,157,6,-5
module_masked__no_conv__tp13_L4_m0p55,module_ablation_masked,no_conv,tp13_L4_m0p55,4.0,-0.55,run1,fold02,1,L2/L4/L5 gate,120,31,32,143,112,28,40,146,-3,8
module_masked__no_conv__tp13_L4_m0p55,module_ablation_masked,no_conv,tp13_L4_m0p55,4.0,-0.55,run1,fold02,2,L3,34,7,6,279,30,11,10,275,4,4
module_masked__no_conv__tp13_L4_m0p55,module_ablation_masked,no_conv,tp13_L4_m0p55,4.0,-0.55,run1,fold03,0,L1,111,24,23,168,108,37,26,155,13,3
module_masked__no_conv__tp13_L4_m0p55,module_ablation_masked,no_conv,tp13_L4_m0p55,4.0,-0.55,run1,fold03,1,L2/L4/L5 gate,132,29,20,145,99,23,53,151,-6,33
module_masked__no_conv__tp13_L4_m0p55,module_ablation_masked,no_conv,tp13_L4_m0p55,4.0,-0.55,run1,fold03,2,L3,28,2,12,284,35,24,5,262,22,-7
module_masked__no_conv__tp13_L4_m0p55,module_ablation_masked,no_conv,tp13_L4_m0p55,4.0,-0.55,run1,oof_pooled,0,L1,328,85,74,492,327,106,75,471,21,1
module_masked__no_conv__tp13_L4_m0p55,module_ablation_masked,no_conv,tp13_L4_m0p55,4.0,-0.55,run1,oof_pooled,1,L2/L4/L5 gate,374,90,82,433,325,82,131,441,-8,49
module_masked__no_conv__tp13_L4_m0p55,module_ablation_masked,no_conv,tp13_L4_m0p55,4.0,-0.55,run1,oof_pooled,2,L3,88,14,33,844,95,44,26,814,30,-7
module_masked__no_conv__tp13_L4_m0p55,module_ablation_masked,no_conv,tp13_L4_m0p55,4.0,-0.55,run2,fold01,0,L2,23,10,4,35,16,12,11,33,2,7
module_masked__no_conv__tp13_L4_m0p55,module_ablation_masked,no_conv,tp13_L4_m0p55,4.0,-0.55,run2,fold01,1,L4,21,7,10,34,16,6,15,35,-1,5
module_masked__no_conv__tp13_L4_m0p55,module_ablation_masked,no_conv,tp13_L4_m0p55,4.0,-0.55,run2,fold01,2,L5,7,4,7,54,9,13,5,45,9,-2
module_masked__no_conv__tp13_L4_m0p55,module_ablation_masked,no_conv,tp13_L4_m0p55,4.0,-0.55,run2,fold02,0,L2,21,12,5,33,17,12,9,33,0,4
module_masked__no_conv__tp13_L4_m0p55,module_ablation_masked,no_conv,tp13_L4_m0p55,4.0,-0.55,run2,fold02,1,L4,18,9,13,31,12,6,19,34,-3,6
module_masked__no_conv__tp13_L4_m0p55,module_ablation_masked,no_conv,tp13_L4_m0p55,4.0,-0.55,run2,fold02,2,L5,8,3,6,54,11,13,3,44,10,-3
module_masked__no_conv__tp13_L4_m0p55,module_ablation_masked,no_conv,tp13_L4_m0p55,4.0,-0.55,run2,fold03,0,L2,20,11,6,34,22,21,4,24,10,-2
module_masked__no_conv__tp13_L4_m0p55,module_ablation_masked,no_conv,tp13_L4_m0p55,4.0,-0.55,run2,fold03,1,L4,23,9,8,31,14,5,17,35,-4,9
module_masked__no_conv__tp13_L4_m0p55,module_ablation_masked,no_conv,tp13_L4_m0p55,4.0,-0.55,run2,fold03,2,L5,4,4,10,53,4,5,10,52,1,0
module_masked__no_conv__tp13_L4_m0p55,module_ablation_masked,no_conv,tp13_L4_m0p55,4.0,-0.55,run2,oof_pooled,0,L2,64,33,15,102,55,45,24,90,12,9
module_masked__no_conv__tp13_L4_m0p55,module_ablation_masked,no_conv,tp13_L4_m0p55,4.0,-0.55,run2,oof_pooled,1,L4,62,25,31,96,42,17,51,104,-8,20
module_masked__no_conv__tp13_L4_m0p55,module_ablation_masked,no_conv,tp13_L4_m0p55,4.0,-0.55,run2,oof_pooled,2,L5,19,11,23,161,24,31,18,141,20,-5
data_no_lstm__tp13_L4_m0p55,data_ablation_no_module,no_lstm,tp13_L4_m0p55,4.0,-0.55,run1,fold01,0,L1,102,35,32,158,101,37,33,156,2,1
data_no_lstm__tp13_L4_m0p55,data_ablation_no_module,no_lstm,tp13_L4_m0p55,4.0,-0.55,run1,fold01,1,L2/L4/L5 gate,117,40,35,135,110,40,42,135,0,7
data_no_lstm__tp13_L4_m0p55,data_ablation_no_module,no_lstm,tp13_L4_m0p55,4.0,-0.55,run1,fold01,2,L3,27,6,14,280,27,12,14,274,6,0
data_no_lstm__tp13_L4_m0p55,data_ablation_no_module,no_lstm,tp13_L4_m0p55,4.0,-0.55,run1,fold02,0,L1,101,36,33,156,101,39,33,153,3,0
data_no_lstm__tp13_L4_m0p55,data_ablation_no_module,no_lstm,tp13_L4_m0p55,4.0,-0.55,run1,fold02,1,L2/L4/L5 gate,113,37,39,137,109,36,43,138,-1,4
data_no_lstm__tp13_L4_m0p55,data_ablation_no_module,no_lstm,tp13_L4_m0p55,4.0,-0.55,run1,fold02,2,L3,28,11,12,275,28,13,12,273,2,0
data_no_lstm__tp13_L4_m0p55,data_ablation_no_module,no_lstm,tp13_L4_m0p55,4.0,-0.55,run1,fold03,0,L1,104,28,30,164,104,28,30,164,0,0
data_no_lstm__tp13_L4_m0p55,data_ablation_no_module,no_lstm,tp13_L4_m0p55,4.0,-0.55,run1,fold03,1,L2/L4/L5 gate,120,30,32,144,115,30,37,144,0,5
data_no_lstm__tp13_L4_m0p55,data_ablation_no_module,no_lstm,tp13_L4_m0p55,4.0,-0.55,run1,fold03,2,L3,30,14,10,272,30,19,10,267,5,0
data_no_lstm__tp13_L4_m0p55,data_ablation_no_module,no_lstm,tp13_L4_m0p55,4.0,-0.55,run1,oof_pooled,0,L1,307,99,95,478,306,104,96,473,5,1
data_no_lstm__tp13_L4_m0p55,data_ablation_no_module,no_lstm,tp13_L4_m0p55,4.0,-0.55,run1,oof_pooled,1,L2/L4/L5 gate,350,107,106,416,334,106,122,417,-1,16
data_no_lstm__tp13_L4_m0p55,data_ablation_no_module,no_lstm,tp13_L4_m0p55,4.0,-0.55,run1,oof_pooled,2,L3,85,31,36,827,85,44,36,814,13,0
data_no_lstm__tp13_L4_m0p55,data_ablation_no_module,no_lstm,tp13_L4_m0p55,4.0,-0.55,run2,fold01,0,L2,16,2,11,43,16,2,11,43,0,0
data_no_lstm__tp13_L4_m0p55,data_ablation_no_module,no_lstm,tp13_L4_m0p55,4.0,-0.55,run2,fold01,1,L4,21,11,10,30,21,11,10,30,0,0
data_no_lstm__tp13_L4_m0p55,data_ablation_no_module,no_lstm,tp13_L4_m0p55,4.0,-0.55,run2,fold01,2,L5,9,13,5,45,9,13,5,45,0,0
data_no_lstm__tp13_L4_m0p55,data_ablation_no_module,no_lstm,tp13_L4_m0p55,4.0,-0.55,run2,fold02,0,L2,14,11,12,34,14,11,12,34,0,0
data_no_lstm__tp13_L4_m0p55,data_ablation_no_module,no_lstm,tp13_L4_m0p55,4.0,-0.55,run2,fold02,1,L4,20,17,11,23,20,17,11,23,0,0
data_no_lstm__tp13_L4_m0p55,data_ablation_no_module,no_lstm,tp13_L4_m0p55,4.0,-0.55,run2,fold02,2,L5,6,3,8,54,6,3,8,54,0,0
data_no_lstm__tp13_L4_m0p55,data_ablation_no_module,no_lstm,tp13_L4_m0p55,4.0,-0.55,run2,fold03,0,L2,20,10,6,35,20,10,6,35,0,0
data_no_lstm__tp13_L4_m0p55,data_ablation_no_module,no_lstm,tp13_L4_m0p55,4.0,-0.55,run2,fold03,1,L4,22,6,9,34,22,6,9,34,0,0
data_no_lstm__tp13_L4_m0p55,data_ablation_no_module,no_lstm,tp13_L4_m0p55,4.0,-0.55,run2,fold03,2,L5,6,7,8,50,6,7,8,50,0,0
data_no_lstm__tp13_L4_m0p55,data_ablation_no_module,no_lstm,tp13_L4_m0p55,4.0,-0.55,run2,oof_pooled,0,L2,50,23,29,112,50,23,29,112,0,0
data_no_lstm__tp13_L4_m0p55,data_ablation_no_module,no_lstm,tp13_L4_m0p55,4.0,-0.55,run2,oof_pooled,1,L4,63,34,30,87,63,34,30,87,0,0
data_no_lstm__tp13_L4_m0p55,data_ablation_no_module,no_lstm,tp13_L4_m0p55,4.0,-0.55,run2,oof_pooled,2,L5,21,23,21,149,21,23,21,149,0,0
module_masked__no_lstm__tp13_L4_m0p55,module_ablation_masked,no_lstm,tp13_L4_m0p55,4.0,-0.55,run1,fold01,0,L1,112,32,22,161,101,37,33,156,5,11
module_masked__no_lstm__tp13_L4_m0p55,module_ablation_masked,no_lstm,tp13_L4_m0p55,4.0,-0.55,run1,fold01,1,L2/L4/L5 gate,122,30,30,145,110,40,42,135,10,12
module_masked__no_lstm__tp13_L4_m0p55,module_ablation_masked,no_lstm,tp13_L4_m0p55,4.0,-0.55,run1,fold01,2,L3,26,5,15,281,27,12,14,274,7,-1
module_masked__no_lstm__tp13_L4_m0p55,module_ablation_masked,no_lstm,tp13_L4_m0p55,4.0,-0.55,run1,fold02,0,L1,105,29,29,163,101,39,33,153,10,4
module_masked__no_lstm__tp13_L4_m0p55,module_ablation_masked,no_lstm,tp13_L4_m0p55,4.0,-0.55,run1,fold02,1,L2/L4/L5 gate,120,31,32,143,109,36,43,138,5,11
module_masked__no_lstm__tp13_L4_m0p55,module_ablation_masked,no_lstm,tp13_L4_m0p55,4.0,-0.55,run1,fold02,2,L3,34,7,6,279,28,13,12,273,6,6
module_masked__no_lstm__tp13_L4_m0p55,module_ablation_masked,no_lstm,tp13_L4_m0p55,4.0,-0.55,run1,fold03,0,L1,111,24,23,168,104,28,30,164,4,7
module_masked__no_lstm__tp13_L4_m0p55,module_ablation_masked,no_lstm,tp13_L4_m0p55,4.0,-0.55,run1,fold03,1,L2/L4/L5 gate,132,29,20,145,115,30,37,144,1,17
module_masked__no_lstm__tp13_L4_m0p55,module_ablation_masked,no_lstm,tp13_L4_m0p55,4.0,-0.55,run1,fold03,2,L3,28,2,12,284,30,19,10,267,17,-2
module_masked__no_lstm__tp13_L4_m0p55,module_ablation_masked,no_lstm,tp13_L4_m0p55,4.0,-0.55,run1,oof_pooled,0,L1,328,85,74,492,306,104,96,473,19,22
module_masked__no_lstm__tp13_L4_m0p55,module_ablation_masked,no_lstm,tp13_L4_m0p55,4.0,-0.55,run1,oof_pooled,1,L2/L4/L5 gate,374,90,82,433,334,106,122,417,16,40
module_masked__no_lstm__tp13_L4_m0p55,module_ablation_masked,no_lstm,tp13_L4_m0p55,4.0,-0.55,run1,oof_pooled,2,L3,88,14,33,844,85,44,36,814,30,3
module_masked__no_lstm__tp13_L4_m0p55,module_ablation_masked,no_lstm,tp13_L4_m0p55,4.0,-0.55,run2,fold01,0,L2,23,10,4,35,16,2,11,43,-8,7
module_masked__no_lstm__tp13_L4_m0p55,module_ablation_masked,no_lstm,tp13_L4_m0p55,4.0,-0.55,run2,fold01,1,L4,21,7,10,34,21,11,10,30,4,0
module_masked__no_lstm__tp13_L4_m0p55,module_ablation_masked,no_lstm,tp13_L4_m0p55,4.0,-0.55,run2,fold01,2,L5,7,4,7,54,9,13,5,45,9,-2
module_masked__no_lstm__tp13_L4_m0p55,module_ablation_masked,no_lstm,tp13_L4_m0p55,4.0,-0.55,run2,fold02,0,L2,21,12,5,33,14,11,12,34,-1,7
module_masked__no_lstm__tp13_L4_m0p55,module_ablation_masked,no_lstm,tp13_L4_m0p55,4.0,-0.55,run2,fold02,1,L4,18,9,13,31,20,17,11,23,8,-2
module_masked__no_lstm__tp13_L4_m0p55,module_ablation_masked,no_lstm,tp13_L4_m0p55,4.0,-0.55,run2,fold02,2,L5,8,3,6,54,6,3,8,54,0,2
module_masked__no_lstm__tp13_L4_m0p55,module_ablation_masked,no_lstm,tp13_L4_m0p55,4.0,-0.55,run2,fold03,0,L2,20,11,6,34,20,10,6,35,-1,0
module_masked__no_lstm__tp13_L4_m0p55,module_ablation_masked,no_lstm,tp13_L4_m0p55,4.0,-0.55,run2,fold03,1,L4,23,9,8,31,22,6,9,34,-3,1
module_masked__no_lstm__tp13_L4_m0p55,module_ablation_masked,no_lstm,tp13_L4_m0p55,4.0,-0.55,run2,fold03,2,L5,4,4,10,53,6,7,8,50,3,-2
module_masked__no_lstm__tp13_L4_m0p55,module_ablation_masked,no_lstm,tp13_L4_m0p55,4.0,-0.55,run2,oof_pooled,0,L2,64,33,15,102,50,23,29,112,-10,14
module_masked__no_lstm__tp13_L4_m0p55,module_ablation_masked,no_lstm,tp13_L4_m0p55,4.0,-0.55,run2,oof_pooled,1,L4,62,25,31,96,63,34,30,87,9,-1
module_masked__no_lstm__tp13_L4_m0p55,module_ablation_masked,no_lstm,tp13_L4_m0p55,4.0,-0.55,run2,oof_pooled,2,L5,19,11,23,161,21,23,21,149,12,-2
data_no_attention__tp13_L4_m0p55,data_ablation_no_module,no_attention,tp13_L4_m0p55,4.0,-0.55,run1,fold01,0,L1,113,29,21,164,113,28,21,165,-1,0
data_no_attention__tp13_L4_m0p55,data_ablation_no_module,no_attention,tp13_L4_m0p55,4.0,-0.55,run1,fold01,1,L2/L4/L5 gate,125,28,27,147,115,28,37,147,0,10
data_no_attention__tp13_L4_m0p55,data_ablation_no_module,no_attention,tp13_L4_m0p55,4.0,-0.55,run1,fold01,2,L3,30,2,11,284,30,13,11,273,11,0
data_no_attention__tp13_L4_m0p55,data_ablation_no_module,no_attention,tp13_L4_m0p55,4.0,-0.55,run1,fold02,0,L1,107,21,27,171,107,33,27,159,12,0
data_no_attention__tp13_L4_m0p55,data_ablation_no_module,no_attention,tp13_L4_m0p55,4.0,-0.55,run1,fold02,1,L2/L4/L5 gate,131,31,21,143,118,31,34,143,0,13
data_no_attention__tp13_L4_m0p55,data_ablation_no_module,no_attention,tp13_L4_m0p55,4.0,-0.55,run1,fold02,2,L3,29,7,11,279,29,8,11,278,1,0
data_no_attention__tp13_L4_m0p55,data_ablation_no_module,no_attention,tp13_L4_m0p55,4.0,-0.55,run1,fold03,0,L1,113,20,21,172,112,26,22,166,6,1
data_no_attention__tp13_L4_m0p55,data_ablation_no_module,no_attention,tp13_L4_m0p55,4.0,-0.55,run1,fold03,1,L2/L4/L5 gate,129,23,23,151,120,24,32,150,1,9
data_no_attention__tp13_L4_m0p55,data_ablation_no_module,no_attention,tp13_L4_m0p55,4.0,-0.55,run1,fold03,2,L3,33,8,7,278,33,11,7,275,3,0
data_no_attention__tp13_L4_m0p55,data_ablation_no_module,no_attention,tp13_L4_m0p55,4.0,-0.55,run1,oof_pooled,0,L1,333,70,69,507,332,87,70,490,17,1
data_no_attention__tp13_L4_m0p55,data_ablation_no_module,no_attention,tp13_L4_m0p55,4.0,-0.55,run1,oof_pooled,1,L2/L4/L5 gate,385,82,71,441,353,83,103,440,1,32
data_no_attention__tp13_L4_m0p55,data_ablation_no_module,no_attention,tp13_L4_m0p55,4.0,-0.55,run1,oof_pooled,2,L3,92,17,29,841,92,32,29,826,15,0
data_no_attention__tp13_L4_m0p55,data_ablation_no_module,no_attention,tp13_L4_m0p55,4.0,-0.55,run2,fold01,0,L2,15,6,12,39,15,6,12,39,0,0
data_no_attention__tp13_L4_m0p55,data_ablation_no_module,no_attention,tp13_L4_m0p55,4.0,-0.55,run2,fold01,1,L4,21,16,10,25,21,16,10,25,0,0
data_no_attention__tp13_L4_m0p55,data_ablation_no_module,no_attention,tp13_L4_m0p55,4.0,-0.55,run2,fold01,2,L5,6,8,8,50,6,8,8,50,0,0
data_no_attention__tp13_L4_m0p55,data_ablation_no_module,no_attention,tp13_L4_m0p55,4.0,-0.55,run2,fold02,0,L2,16,8,10,37,16,8,10,37,0,0
data_no_attention__tp13_L4_m0p55,data_ablation_no_module,no_attention,tp13_L4_m0p55,4.0,-0.55,run2,fold02,1,L4,16,6,15,34,16,6,15,34,0,0
data_no_attention__tp13_L4_m0p55,data_ablation_no_module,no_attention,tp13_L4_m0p55,4.0,-0.55,run2,fold02,2,L5,13,12,1,45,13,12,1,45,0,0
data_no_attention__tp13_L4_m0p55,data_ablation_no_module,no_attention,tp13_L4_m0p55,4.0,-0.55,run2,fold03,0,L2,17,10,9,35,16,10,10,35,0,1
data_no_attention__tp13_L4_m0p55,data_ablation_no_module,no_attention,tp13_L4_m0p55,4.0,-0.55,run2,fold03,1,L4,19,13,12,27,19,14,12,26,1,0
data_no_attention__tp13_L4_m0p55,data_ablation_no_module,no_attention,tp13_L4_m0p55,4.0,-0.55,run2,fold03,2,L5,4,8,10,49,4,8,10,49,0,0
data_no_attention__tp13_L4_m0p55,data_ablation_no_module,no_attention,tp13_L4_m0p55,4.0,-0.55,run2,oof_pooled,0,L2,48,24,31,111,47,24,32,111,0,1
data_no_attention__tp13_L4_m0p55,data_ablation_no_module,no_attention,tp13_L4_m0p55,4.0,-0.55,run2,oof_pooled,1,L4,56,35,37,86,56,36,37,85,1,0
data_no_attention__tp13_L4_m0p55,data_ablation_no_module,no_attention,tp13_L4_m0p55,4.0,-0.55,run2,oof_pooled,2,L5,23,28,19,144,23,28,19,144,0,0
module_masked__no_attention__tp13_L4_m0p55,module_ablation_masked,no_attention,tp13_L4_m0p55,4.0,-0.55,run1,fold01,0,L1,112,32,22,161,113,28,21,165,-4,-1
module_masked__no_attention__tp13_L4_m0p55,module_ablation_masked,no_attention,tp13_L4_m0p55,4.0,-0.55,run1,fold01,1,L2/L4/L5 gate,122,30,30,145,115,28,37,147,-2,7
module_masked__no_attention__tp13_L4_m0p55,module_ablation_masked,no_attention,tp13_L4_m0p55,4.0,-0.55,run1,fold01,2,L3,26,5,15,281,30,13,11,273,8,-4
module_masked__no_attention__tp13_L4_m0p55,module_ablation_masked,no_attention,tp13_L4_m0p55,4.0,-0.55,run1,fold02,0,L1,105,29,29,163,107,33,27,159,4,-2
module_masked__no_attention__tp13_L4_m0p55,module_ablation_masked,no_attention,tp13_L4_m0p55,4.0,-0.55,run1,fold02,1,L2/L4/L5 gate,120,31,32,143,118,31,34,143,0,2
module_masked__no_attention__tp13_L4_m0p55,module_ablation_masked,no_attention,tp13_L4_m0p55,4.0,-0.55,run1,fold02,2,L3,34,7,6,279,29,8,11,278,1,5
module_masked__no_attention__tp13_L4_m0p55,module_ablation_masked,no_attention,tp13_L4_m0p55,4.0,-0.55,run1,fold03,0,L1,111,24,23,168,112,26,22,166,2,-1
module_masked__no_attention__tp13_L4_m0p55,module_ablation_masked,no_attention,tp13_L4_m0p55,4.0,-0.55,run1,fold03,1,L2/L4/L5 gate,132,29,20,145,120,24,32,150,-5,12
module_masked__no_attention__tp13_L4_m0p55,module_ablation_masked,no_attention,tp13_L4_m0p55,4.0,-0.55,run1,fold03,2,L3,28,2,12,284,33,11,7,275,9,-5
module_masked__no_attention__tp13_L4_m0p55,module_ablation_masked,no_attention,tp13_L4_m0p55,4.0,-0.55,run1,oof_pooled,0,L1,328,85,74,492,332,87,70,490,2,-4
module_masked__no_attention__tp13_L4_m0p55,module_ablation_masked,no_attention,tp13_L4_m0p55,4.0,-0.55,run1,oof_pooled,1,L2/L4/L5 gate,374,90,82,433,353,83,103,440,-7,21
module_masked__no_attention__tp13_L4_m0p55,module_ablation_masked,no_attention,tp13_L4_m0p55,4.0,-0.55,run1,oof_pooled,2,L3,88,14,33,844,92,32,29,826,18,-4
module_masked__no_attention__tp13_L4_m0p55,module_ablation_masked,no_attention,tp13_L4_m0p55,4.0,-0.55,run2,fold01,0,L2,23,10,4,35,15,6,12,39,-4,8
module_masked__no_attention__tp13_L4_m0p55,module_ablation_masked,no_attention,tp13_L4_m0p55,4.0,-0.55,run2,fold01,1,L4,21,7,10,34,21,16,10,25,9,0
module_masked__no_attention__tp13_L4_m0p55,module_ablation_masked,no_attention,tp13_L4_m0p55,4.0,-0.55,run2,fold01,2,L5,7,4,7,54,6,8,8,50,4,1
module_masked__no_attention__tp13_L4_m0p55,module_ablation_masked,no_attention,tp13_L4_m0p55,4.0,-0.55,run2,fold02,0,L2,21,12,5,33,16,8,10,37,-4,5
module_masked__no_attention__tp13_L4_m0p55,module_ablation_masked,no_attention,tp13_L4_m0p55,4.0,-0.55,run2,fold02,1,L4,18,9,13,31,16,6,15,34,-3,2
module_masked__no_attention__tp13_L4_m0p55,module_ablation_masked,no_attention,tp13_L4_m0p55,4.0,-0.55,run2,fold02,2,L5,8,3,6,54,13,12,1,45,9,-5
module_masked__no_attention__tp13_L4_m0p55,module_ablation_masked,no_attention,tp13_L4_m0p55,4.0,-0.55,run2,fold03,0,L2,20,11,6,34,16,10,10,35,-1,4
module_masked__no_attention__tp13_L4_m0p55,module_ablation_masked,no_attention,tp13_L4_m0p55,4.0,-0.55,run2,fold03,1,L4,23,9,8,31,19,14,12,26,5,4
module_masked__no_attention__tp13_L4_m0p55,module_ablation_masked,no_attention,tp13_L4_m0p55,4.0,-0.55,run2,fold03,2,L5,4,4,10,53,4,8,10,49,4,0
module_masked__no_attention__tp13_L4_m0p55,module_ablation_masked,no_attention,tp13_L4_m0p55,4.0,-0.55,run2,oof_pooled,0,L2,64,33,15,102,47,24,32,111,-9,17
module_masked__no_attention__tp13_L4_m0p55,module_ablation_masked,no_attention,tp13_L4_m0p55,4.0,-0.55,run2,oof_pooled,1,L4,62,25,31,96,56,36,37,85,11,6
module_masked__no_attention__tp13_L4_m0p55,module_ablation_masked,no_attention,tp13_L4_m0p55,4.0,-0.55,run2,oof_pooled,2,L5,19,11,23,161,23,28,19,144,17,-4
data_full__tp14_L5_p0p00,data_ablation_full,,tp14_L5_p0p00,5.0,0.0,run1,fold01,0,L1,112,30,22,163,112,35,22,158,5,0
data_full__tp14_L5_p0p00,data_ablation_full,,tp14_L5_p0p00,5.0,0.0,run1,fold01,1,L2/L4/L5 gate,126,30,26,145,118,30,34,145,0,8
data_full__tp14_L5_p0p00,data_ablation_full,,tp14_L5_p0p00,5.0,0.0,run1,fold01,2,L3,26,3,15,283,26,6,15,280,3,0
data_full__tp14_L5_p0p00,data_ablation_full,,tp14_L5_p0p00,5.0,0.0,run1,fold02,0,L1,105,22,29,170,105,23,29,169,1,0
data_full__tp14_L5_p0p00,data_ablation_full,,tp14_L5_p0p00,5.0,0.0,run1,fold02,1,L2/L4/L5 gate,127,31,25,143,124,31,28,143,0,3
data_full__tp14_L5_p0p00,data_ablation_full,,tp14_L5_p0p00,5.0,0.0,run1,fold02,2,L3,34,7,6,279,34,9,6,277,2,0
data_full__tp14_L5_p0p00,data_ablation_full,,tp14_L5_p0p00,5.0,0.0,run1,fold03,0,L1,111,21,23,171,111,27,23,165,6,0
data_full__tp14_L5_p0p00,data_ablation_full,,tp14_L5_p0p00,5.0,0.0,run1,fold03,1,L2/L4/L5 gate,135,29,17,145,129,29,23,145,0,6
data_full__tp14_L5_p0p00,data_ablation_full,,tp14_L5_p0p00,5.0,0.0,run1,fold03,2,L3,28,2,12,284,28,2,12,284,0,0
data_full__tp14_L5_p0p00,data_ablation_full,,tp14_L5_p0p00,5.0,0.0,run1,oof_pooled,0,L1,328,73,74,504,328,85,74,492,12,0
data_full__tp14_L5_p0p00,data_ablation_full,,tp14_L5_p0p00,5.0,0.0,run1,oof_pooled,1,L2/L4/L5 gate,388,90,68,433,371,90,85,433,0,17
data_full__tp14_L5_p0p00,data_ablation_full,,tp14_L5_p0p00,5.0,0.0,run1,oof_pooled,2,L3,88,12,33,846,88,17,33,841,5,0
data_full__tp14_L5_p0p00,data_ablation_full,,tp14_L5_p0p00,5.0,0.0,run2,fold01,0,L2,22,10,5,35,22,10,5,35,0,0
data_full__tp14_L5_p0p00,data_ablation_full,,tp14_L5_p0p00,5.0,0.0,run2,fold01,1,L4,21,8,10,33,21,8,10,33,0,0
data_full__tp14_L5_p0p00,data_ablation_full,,tp14_L5_p0p00,5.0,0.0,run2,fold01,2,L5,7,4,7,54,7,4,7,54,0,0
data_full__tp14_L5_p0p00,data_ablation_full,,tp14_L5_p0p00,5.0,0.0,run2,fold02,0,L2,21,12,5,33,21,12,5,33,0,0
data_full__tp14_L5_p0p00,data_ablation_full,,tp14_L5_p0p00,5.0,0.0,run2,fold02,1,L4,18,9,13,31,18,10,13,30,1,0
data_full__tp14_L5_p0p00,data_ablation_full,,tp14_L5_p0p00,5.0,0.0,run2,fold02,2,L5,8,3,6,54,7,3,7,54,0,1
data_full__tp14_L5_p0p00,data_ablation_full,,tp14_L5_p0p00,5.0,0.0,run2,fold03,0,L2,20,11,6,34,20,11,6,34,0,0
data_full__tp14_L5_p0p00,data_ablation_full,,tp14_L5_p0p00,5.0,0.0,run2,fold03,1,L4,23,10,8,30,23,10,8,30,0,0
data_full__tp14_L5_p0p00,data_ablation_full,,tp14_L5_p0p00,5.0,0.0,run2,fold03,2,L5,4,3,10,54,4,3,10,54,0,0
data_full__tp14_L5_p0p00,data_ablation_full,,tp14_L5_p0p00,5.0,0.0,run2,oof_pooled,0,L2,63,33,16,102,63,33,16,102,0,0
data_full__tp14_L5_p0p00,data_ablation_full,,tp14_L5_p0p00,5.0,0.0,run2,oof_pooled,1,L4,62,27,31,94,62,28,31,93,1,0
data_full__tp14_L5_p0p00,data_ablation_full,,tp14_L5_p0p00,5.0,0.0,run2,oof_pooled,2,L5,19,10,23,162,18,10,24,162,0,1
data_no_conv__tp14_L5_p0p00,data_ablation_no_module,no_conv,tp14_L5_p0p00,5.0,0.0,run1,fold01,0,L1,109,34,25,159,109,34,25,159,0,0
data_no_conv__tp14_L5_p0p00,data_ablation_no_module,no_conv,tp14_L5_p0p00,5.0,0.0,run1,fold01,1,L2/L4/L5 gate,120,30,32,145,117,30,35,145,0,3
data_no_conv__tp14_L5_p0p00,data_ablation_no_module,no_conv,tp14_L5_p0p00,5.0,0.0,run1,fold01,2,L3,30,4,11,282,30,7,11,279,3,0
data_no_conv__tp14_L5_p0p00,data_ablation_no_module,no_conv,tp14_L5_p0p00,5.0,0.0,run1,fold02,0,L1,110,26,24,166,110,27,24,165,1,0
data_no_conv__tp14_L5_p0p00,data_ablation_no_module,no_conv,tp14_L5_p0p00,5.0,0.0,run1,fold02,1,L2/L4/L5 gate,121,28,31,146,120,28,32,146,0,1
data_no_conv__tp14_L5_p0p00,data_ablation_no_module,no_conv,tp14_L5_p0p00,5.0,0.0,run1,fold02,2,L3,30,11,10,275,30,11,10,275,0,0
data_no_conv__tp14_L5_p0p00,data_ablation_no_module,no_conv,tp14_L5_p0p00,5.0,0.0,run1,fold03,0,L1,108,28,26,164,108,33,26,159,5,0
data_no_conv__tp14_L5_p0p00,data_ablation_no_module,no_conv,tp14_L5_p0p00,5.0,0.0,run1,fold03,1,L2/L4/L5 gate,110,23,42,151,102,23,50,151,0,8
data_no_conv__tp14_L5_p0p00,data_ablation_no_module,no_conv,tp14_L5_p0p00,5.0,0.0,run1,fold03,2,L3,35,22,5,264,35,25,5,261,3,0
data_no_conv__tp14_L5_p0p00,data_ablation_no_module,no_conv,tp14_L5_p0p00,5.0,0.0,run1,oof_pooled,0,L1,327,88,75,489,327,94,75,483,6,0
data_no_conv__tp14_L5_p0p00,data_ablation_no_module,no_conv,tp14_L5_p0p00,5.0,0.0,run1,oof_pooled,1,L2/L4/L5 gate,351,81,105,442,339,81,117,442,0,12
data_no_conv__tp14_L5_p0p00,data_ablation_no_module,no_conv,tp14_L5_p0p00,5.0,0.0,run1,oof_pooled,2,L3,95,37,26,821,95,43,26,815,6,0
data_no_conv__tp14_L5_p0p00,data_ablation_no_module,no_conv,tp14_L5_p0p00,5.0,0.0,run2,fold01,0,L2,15,12,12,33,15,12,12,33,0,0
data_no_conv__tp14_L5_p0p00,data_ablation_no_module,no_conv,tp14_L5_p0p00,5.0,0.0,run2,fold01,1,L4,16,7,15,34,16,7,15,34,0,0
data_no_conv__tp14_L5_p0p00,data_ablation_no_module,no_conv,tp14_L5_p0p00,5.0,0.0,run2,fold01,2,L5,9,13,5,45,9,13,5,45,0,0
data_no_conv__tp14_L5_p0p00,data_ablation_no_module,no_conv,tp14_L5_p0p00,5.0,0.0,run2,fold02,0,L2,17,12,9,33,17,12,9,33,0,0
data_no_conv__tp14_L5_p0p00,data_ablation_no_module,no_conv,tp14_L5_p0p00,5.0,0.0,run2,fold02,1,L4,12,6,19,34,12,7,19,33,1,0
data_no_conv__tp14_L5_p0p00,data_ablation_no_module,no_conv,tp14_L5_p0p00,5.0,0.0,run2,fold02,2,L5,11,13,3,44,10,13,4,44,0,1
data_no_conv__tp14_L5_p0p00,data_ablation_no_module,no_conv,tp14_L5_p0p00,5.0,0.0,run2,fold03,0,L2,21,21,5,24,21,21,5,24,0,0
data_no_conv__tp14_L5_p0p00,data_ablation_no_module,no_conv,tp14_L5_p0p00,5.0,0.0,run2,fold03,1,L4,14,6,17,34,14,6,17,34,0,0
data_no_conv__tp14_L5_p0p00,data_ablation_no_module,no_conv,tp14_L5_p0p00,5.0,0.0,run2,fold03,2,L5,4,5,10,52,4,5,10,52,0,0
data_no_conv__tp14_L5_p0p00,data_ablation_no_module,no_conv,tp14_L5_p0p00,5.0,0.0,run2,oof_pooled,0,L2,53,45,26,90,53,45,26,90,0,0
data_no_conv__tp14_L5_p0p00,data_ablation_no_module,no_conv,tp14_L5_p0p00,5.0,0.0,run2,oof_pooled,1,L4,42,19,51,102,42,20,51,101,1,0
data_no_conv__tp14_L5_p0p00,data_ablation_no_module,no_conv,tp14_L5_p0p00,5.0,0.0,run2,oof_pooled,2,L5,24,31,18,141,23,31,19,141,0,1
module_masked__no_conv__tp14_L5_p0p00,module_ablation_masked,no_conv,tp14_L5_p0p00,5.0,0.0,run1,fold01,0,L1,112,35,22,158,109,34,25,159,-1,3
module_masked__no_conv__tp14_L5_p0p00,module_ablation_masked,no_conv,tp14_L5_p0p00,5.0,0.0,run1,fold01,1,L2/L4/L5 gate,118,30,34,145,117,30,35,145,0,1
module_masked__no_conv__tp14_L5_p0p00,module_ablation_masked,no_conv,tp14_L5_p0p00,5.0,0.0,run1,fold01,2,L3,26,6,15,280,30,7,11,279,1,-4
module_masked__no_conv__tp14_L5_p0p00,module_ablation_masked,no_conv,tp14_L5_p0p00,5.0,0.0,run1,fold02,0,L1,105,23,29,169,110,27,24,165,4,-5
module_masked__no_conv__tp14_L5_p0p00,module_ablation_masked,no_conv,tp14_L5_p0p00,5.0,0.0,run1,fold02,1,L2/L4/L5 gate,124,31,28,143,120,28,32,146,-3,4
module_masked__no_conv__tp14_L5_p0p00,module_ablation_masked,no_conv,tp14_L5_p0p00,5.0,0.0,run1,fold02,2,L3,34,9,6,277,30,11,10,275,2,4
module_masked__no_conv__tp14_L5_p0p00,module_ablation_masked,no_conv,tp14_L5_p0p00,5.0,0.0,run1,fold03,0,L1,111,27,23,165,108,33,26,159,6,3
module_masked__no_conv__tp14_L5_p0p00,module_ablation_masked,no_conv,tp14_L5_p0p00,5.0,0.0,run1,fold03,1,L2/L4/L5 gate,129,29,23,145,102,23,50,151,-6,27
module_masked__no_conv__tp14_L5_p0p00,module_ablation_masked,no_conv,tp14_L5_p0p00,5.0,0.0,run1,fold03,2,L3,28,2,12,284,35,25,5,261,23,-7
module_masked__no_conv__tp14_L5_p0p00,module_ablation_masked,no_conv,tp14_L5_p0p00,5.0,0.0,run1,oof_pooled,0,L1,328,85,74,492,327,94,75,483,9,1
module_masked__no_conv__tp14_L5_p0p00,module_ablation_masked,no_conv,tp14_L5_p0p00,5.0,0.0,run1,oof_pooled,1,L2/L4/L5 gate,371,90,85,433,339,81,117,442,-9,32
module_masked__no_conv__tp14_L5_p0p00,module_ablation_masked,no_conv,tp14_L5_p0p00,5.0,0.0,run1,oof_pooled,2,L3,88,17,33,841,95,43,26,815,26,-7
module_masked__no_conv__tp14_L5_p0p00,module_ablation_masked,no_conv,tp14_L5_p0p00,5.0,0.0,run2,fold01,0,L2,22,10,5,35,15,12,12,33,2,7
module_masked__no_conv__tp14_L5_p0p00,module_ablation_masked,no_conv,tp14_L5_p0p00,5.0,0.0,run2,fold01,1,L4,21,8,10,33,16,7,15,34,-1,5
module_masked__no_conv__tp14_L5_p0p00,module_ablation_masked,no_conv,tp14_L5_p0p00,5.0,0.0,run2,fold01,2,L5,7,4,7,54,9,13,5,45,9,-2
module_masked__no_conv__tp14_L5_p0p00,module_ablation_masked,no_conv,tp14_L5_p0p00,5.0,0.0,run2,fold02,0,L2,21,12,5,33,17,12,9,33,0,4
module_masked__no_conv__tp14_L5_p0p00,module_ablation_masked,no_conv,tp14_L5_p0p00,5.0,0.0,run2,fold02,1,L4,18,10,13,30,12,7,19,33,-3,6
module_masked__no_conv__tp14_L5_p0p00,module_ablation_masked,no_conv,tp14_L5_p0p00,5.0,0.0,run2,fold02,2,L5,7,3,7,54,10,13,4,44,10,-3
module_masked__no_conv__tp14_L5_p0p00,module_ablation_masked,no_conv,tp14_L5_p0p00,5.0,0.0,run2,fold03,0,L2,20,11,6,34,21,21,5,24,10,-1
module_masked__no_conv__tp14_L5_p0p00,module_ablation_masked,no_conv,tp14_L5_p0p00,5.0,0.0,run2,fold03,1,L4,23,10,8,30,14,6,17,34,-4,9
module_masked__no_conv__tp14_L5_p0p00,module_ablation_masked,no_conv,tp14_L5_p0p00,5.0,0.0,run2,fold03,2,L5,4,3,10,54,4,5,10,52,2,0
module_masked__no_conv__tp14_L5_p0p00,module_ablation_masked,no_conv,tp14_L5_p0p00,5.0,0.0,run2,oof_pooled,0,L2,63,33,16,102,53,45,26,90,12,10
module_masked__no_conv__tp14_L5_p0p00,module_ablation_masked,no_conv,tp14_L5_p0p00,5.0,0.0,run2,oof_pooled,1,L4,62,28,31,93,42,20,51,101,-8,20
module_masked__no_conv__tp14_L5_p0p00,module_ablation_masked,no_conv,tp14_L5_p0p00,5.0,0.0,run2,oof_pooled,2,L5,18,10,24,162,23,31,19,141,21,-5
data_no_lstm__tp14_L5_p0p00,data_ablation_no_module,no_lstm,tp14_L5_p0p00,5.0,0.0,run1,fold01,0,L1,102,35,32,158,102,35,32,158,0,0
data_no_lstm__tp14_L5_p0p00,data_ablation_no_module,no_lstm,tp14_L5_p0p00,5.0,0.0,run1,fold01,1,L2/L4/L5 gate,117,40,35,135,110,40,42,135,0,7
data_no_lstm__tp14_L5_p0p00,data_ablation_no_module,no_lstm,tp14_L5_p0p00,5.0,0.0,run1,fold01,2,L3,27,6,14,280,27,13,14,273,7,0
data_no_lstm__tp14_L5_p0p00,data_ablation_no_module,no_lstm,tp14_L5_p0p00,5.0,0.0,run1,fold02,0,L1,101,36,33,156,101,39,33,153,3,0
data_no_lstm__tp14_L5_p0p00,data_ablation_no_module,no_lstm,tp14_L5_p0p00,5.0,0.0,run1,fold02,1,L2/L4/L5 gate,113,37,39,137,111,37,41,137,0,2
data_no_lstm__tp14_L5_p0p00,data_ablation_no_module,no_lstm,tp14_L5_p0p00,5.0,0.0,run1,fold02,2,L3,28,11,12,275,28,10,12,276,-1,0
data_no_lstm__tp14_L5_p0p00,data_ablation_no_module,no_lstm,tp14_L5_p0p00,5.0,0.0,run1,fold03,0,L1,104,28,30,164,104,31,30,161,3,0
data_no_lstm__tp14_L5_p0p00,data_ablation_no_module,no_lstm,tp14_L5_p0p00,5.0,0.0,run1,fold03,1,L2/L4/L5 gate,120,30,32,144,112,30,40,144,0,8
data_no_lstm__tp14_L5_p0p00,data_ablation_no_module,no_lstm,tp14_L5_p0p00,5.0,0.0,run1,fold03,2,L3,30,14,10,272,30,19,10,267,5,0
data_no_lstm__tp14_L5_p0p00,data_ablation_no_module,no_lstm,tp14_L5_p0p00,5.0,0.0,run1,oof_pooled,0,L1,307,99,95,478,307,105,95,472,6,0
data_no_lstm__tp14_L5_p0p00,data_ablation_no_module,no_lstm,tp14_L5_p0p00,5.0,0.0,run1,oof_pooled,1,L2/L4/L5 gate,350,107,106,416,333,107,123,416,0,17
data_no_lstm__tp14_L5_p0p00,data_ablation_no_module,no_lstm,tp14_L5_p0p00,5.0,0.0,run1,oof_pooled,2,L3,85,31,36,827,85,42,36,816,11,0
data_no_lstm__tp14_L5_p0p00,data_ablation_no_module,no_lstm,tp14_L5_p0p00,5.0,0.0,run2,fold01,0,L2,16,2,11,43,16,2,11,43,0,0
data_no_lstm__tp14_L5_p0p00,data_ablation_no_module,no_lstm,tp14_L5_p0p00,5.0,0.0,run2,fold01,1,L4,21,11,10,30,21,12,10,29,1,0
data_no_lstm__tp14_L5_p0p00,data_ablation_no_module,no_lstm,tp14_L5_p0p00,5.0,0.0,run2,fold01,2,L5,9,13,5,45,8,13,6,45,0,1
data_no_lstm__tp14_L5_p0p00,data_ablation_no_module,no_lstm,tp14_L5_p0p00,5.0,0.0,run2,fold02,0,L2,14,11,12,34,14,11,12,34,0,0
data_no_lstm__tp14_L5_p0p00,data_ablation_no_module,no_lstm,tp14_L5_p0p00,5.0,0.0,run2,fold02,1,L4,20,17,11,23,20,18,11,22,1,0
data_no_lstm__tp14_L5_p0p00,data_ablation_no_module,no_lstm,tp14_L5_p0p00,5.0,0.0,run2,fold02,2,L5,6,3,8,54,5,3,9,54,0,1
data_no_lstm__tp14_L5_p0p00,data_ablation_no_module,no_lstm,tp14_L5_p0p00,5.0,0.0,run2,fold03,0,L2,20,10,6,35,20,10,6,35,0,0
data_no_lstm__tp14_L5_p0p00,data_ablation_no_module,no_lstm,tp14_L5_p0p00,5.0,0.0,run2,fold03,1,L4,22,6,9,34,22,6,9,34,0,0
data_no_lstm__tp14_L5_p0p00,data_ablation_no_module,no_lstm,tp14_L5_p0p00,5.0,0.0,run2,fold03,2,L5,6,7,8,50,6,7,8,50,0,0
data_no_lstm__tp14_L5_p0p00,data_ablation_no_module,no_lstm,tp14_L5_p0p00,5.0,0.0,run2,oof_pooled,0,L2,50,23,29,112,50,23,29,112,0,0
data_no_lstm__tp14_L5_p0p00,data_ablation_no_module,no_lstm,tp14_L5_p0p00,5.0,0.0,run2,oof_pooled,1,L4,63,34,30,87,63,36,30,85,2,0
data_no_lstm__tp14_L5_p0p00,data_ablation_no_module,no_lstm,tp14_L5_p0p00,5.0,0.0,run2,oof_pooled,2,L5,21,23,21,149,19,23,23,149,0,2
module_masked__no_lstm__tp14_L5_p0p00,module_ablation_masked,no_lstm,tp14_L5_p0p00,5.0,0.0,run1,fold01,0,L1,112,35,22,158,102,35,32,158,0,10
module_masked__no_lstm__tp14_L5_p0p00,module_ablation_masked,no_lstm,tp14_L5_p0p00,5.0,0.0,run1,fold01,1,L2/L4/L5 gate,118,30,34,145,110,40,42,135,10,8
module_masked__no_lstm__tp14_L5_p0p00,module_ablation_masked,no_lstm,tp14_L5_p0p00,5.0,0.0,run1,fold01,2,L3,26,6,15,280,27,13,14,273,7,-1
module_masked__no_lstm__tp14_L5_p0p00,module_ablation_masked,no_lstm,tp14_L5_p0p00,5.0,0.0,run1,fold02,0,L1,105,23,29,169,101,39,33,153,16,4
module_masked__no_lstm__tp14_L5_p0p00,module_ablation_masked,no_lstm,tp14_L5_p0p00,5.0,0.0,run1,fold02,1,L2/L4/L5 gate,124,31,28,143,111,37,41,137,6,13
module_masked__no_lstm__tp14_L5_p0p00,module_ablation_masked,no_lstm,tp14_L5_p0p00,5.0,0.0,run1,fold02,2,L3,34,9,6,277,28,10,12,276,1,6
module_masked__no_lstm__tp14_L5_p0p00,module_ablation_masked,no_lstm,tp14_L5_p0p00,5.0,0.0,run1,fold03,0,L1,111,27,23,165,104,31,30,161,4,7
module_masked__no_lstm__tp14_L5_p0p00,module_ablation_masked,no_lstm,tp14_L5_p0p00,5.0,0.0,run1,fold03,1,L2/L4/L5 gate,129,29,23,145,112,30,40,144,1,17
module_masked__no_lstm__tp14_L5_p0p00,module_ablation_masked,no_lstm,tp14_L5_p0p00,5.0,0.0,run1,fold03,2,L3,28,2,12,284,30,19,10,267,17,-2
module_masked__no_lstm__tp14_L5_p0p00,module_ablation_masked,no_lstm,tp14_L5_p0p00,5.0,0.0,run1,oof_pooled,0,L1,328,85,74,492,307,105,95,472,20,21
module_masked__no_lstm__tp14_L5_p0p00,module_ablation_masked,no_lstm,tp14_L5_p0p00,5.0,0.0,run1,oof_pooled,1,L2/L4/L5 gate,371,90,85,433,333,107,123,416,17,38
module_masked__no_lstm__tp14_L5_p0p00,module_ablation_masked,no_lstm,tp14_L5_p0p00,5.0,0.0,run1,oof_pooled,2,L3,88,17,33,841,85,42,36,816,25,3
module_masked__no_lstm__tp14_L5_p0p00,module_ablation_masked,no_lstm,tp14_L5_p0p00,5.0,0.0,run2,fold01,0,L2,22,10,5,35,16,2,11,43,-8,6
module_masked__no_lstm__tp14_L5_p0p00,module_ablation_masked,no_lstm,tp14_L5_p0p00,5.0,0.0,run2,fold01,1,L4,21,8,10,33,21,12,10,29,4,0
module_masked__no_lstm__tp14_L5_p0p00,module_ablation_masked,no_lstm,tp14_L5_p0p00,5.0,0.0,run2,fold01,2,L5,7,4,7,54,8,13,6,45,9,-1
module_masked__no_lstm__tp14_L5_p0p00,module_ablation_masked,no_lstm,tp14_L5_p0p00,5.0,0.0,run2,fold02,0,L2,21,12,5,33,14,11,12,34,-1,7
module_masked__no_lstm__tp14_L5_p0p00,module_ablation_masked,no_lstm,tp14_L5_p0p00,5.0,0.0,run2,fold02,1,L4,18,10,13,30,20,18,11,22,8,-2
module_masked__no_lstm__tp14_L5_p0p00,module_ablation_masked,no_lstm,tp14_L5_p0p00,5.0,0.0,run2,fold02,2,L5,7,3,7,54,5,3,9,54,0,2
module_masked__no_lstm__tp14_L5_p0p00,module_ablation_masked,no_lstm,tp14_L5_p0p00,5.0,0.0,run2,fold03,0,L2,20,11,6,34,20,10,6,35,-1,0
module_masked__no_lstm__tp14_L5_p0p00,module_ablation_masked,no_lstm,tp14_L5_p0p00,5.0,0.0,run2,fold03,1,L4,23,10,8,30,22,6,9,34,-4,1
module_masked__no_lstm__tp14_L5_p0p00,module_ablation_masked,no_lstm,tp14_L5_p0p00,5.0,0.0,run2,fold03,2,L5,4,3,10,54,6,7,8,50,4,-2
module_masked__no_lstm__tp14_L5_p0p00,module_ablation_masked,no_lstm,tp14_L5_p0p00,5.0,0.0,run2,oof_pooled,0,L2,63,33,16,102,50,23,29,112,-10,13
module_masked__no_lstm__tp14_L5_p0p00,module_ablation_masked,no_lstm,tp14_L5_p0p00,5.0,0.0,run2,oof_pooled,1,L4,62,28,31,93,63,36,30,85,8,-1
module_masked__no_lstm__tp14_L5_p0p00,module_ablation_masked,no_lstm,tp14_L5_p0p00,5.0,0.0,run2,oof_pooled,2,L5,18,10,24,162,19,23,23,149,13,-1
data_no_attention__tp14_L5_p0p00,data_ablation_no_module,no_attention,tp14_L5_p0p00,5.0,0.0,run1,fold01,0,L1,113,29,21,164,113,30,21,163,1,0
data_no_attention__tp14_L5_p0p00,data_ablation_no_module,no_attention,tp14_L5_p0p00,5.0,0.0,run1,fold01,1,L2/L4/L5 gate,125,28,27,147,112,28,40,147,0,13
data_no_attention__tp14_L5_p0p00,data_ablation_no_module,no_attention,tp14_L5_p0p00,5.0,0.0,run1,fold01,2,L3,30,2,11,284,30,14,11,272,12,0
data_no_attention__tp14_L5_p0p00,data_ablation_no_module,no_attention,tp14_L5_p0p00,5.0,0.0,run1,fold02,0,L1,107,21,27,171,107,30,27,162,9,0
data_no_attention__tp14_L5_p0p00,data_ablation_no_module,no_attention,tp14_L5_p0p00,5.0,0.0,run1,fold02,1,L2/L4/L5 gate,131,31,21,143,119,31,33,143,0,12
data_no_attention__tp14_L5_p0p00,data_ablation_no_module,no_attention,tp14_L5_p0p00,5.0,0.0,run1,fold02,2,L3,29,7,11,279,29,10,11,276,3,0
data_no_attention__tp14_L5_p0p00,data_ablation_no_module,no_attention,tp14_L5_p0p00,5.0,0.0,run1,fold03,0,L1,113,20,21,172,113,29,21,163,9,0
data_no_attention__tp14_L5_p0p00,data_ablation_no_module,no_attention,tp14_L5_p0p00,5.0,0.0,run1,fold03,1,L2/L4/L5 gate,129,23,23,151,116,23,36,151,0,13
data_no_attention__tp14_L5_p0p00,data_ablation_no_module,no_attention,tp14_L5_p0p00,5.0,0.0,run1,fold03,2,L3,33,8,7,278,33,12,7,274,4,0
data_no_attention__tp14_L5_p0p00,data_ablation_no_module,no_attention,tp14_L5_p0p00,5.0,0.0,run1,oof_pooled,0,L1,333,70,69,507,333,89,69,488,19,0
data_no_attention__tp14_L5_p0p00,data_ablation_no_module,no_attention,tp14_L5_p0p00,5.0,0.0,run1,oof_pooled,1,L2/L4/L5 gate,385,82,71,441,347,82,109,441,0,38
data_no_attention__tp14_L5_p0p00,data_ablation_no_module,no_attention,tp14_L5_p0p00,5.0,0.0,run1,oof_pooled,2,L3,92,17,29,841,92,36,29,822,19,0
data_no_attention__tp14_L5_p0p00,data_ablation_no_module,no_attention,tp14_L5_p0p00,5.0,0.0,run2,fold01,0,L2,15,6,12,39,15,6,12,39,0,0
data_no_attention__tp14_L5_p0p00,data_ablation_no_module,no_attention,tp14_L5_p0p00,5.0,0.0,run2,fold01,1,L4,21,16,10,25,21,17,10,24,1,0
data_no_attention__tp14_L5_p0p00,data_ablation_no_module,no_attention,tp14_L5_p0p00,5.0,0.0,run2,fold01,2,L5,6,8,8,50,5,8,9,50,0,1
data_no_attention__tp14_L5_p0p00,data_ablation_no_module,no_attention,tp14_L5_p0p00,5.0,0.0,run2,fold02,0,L2,16,8,10,37,16,8,10,37,0,0
data_no_attention__tp14_L5_p0p00,data_ablation_no_module,no_attention,tp14_L5_p0p00,5.0,0.0,run2,fold02,1,L4,16,6,15,34,16,7,15,33,1,0
data_no_attention__tp14_L5_p0p00,data_ablation_no_module,no_attention,tp14_L5_p0p00,5.0,0.0,run2,fold02,2,L5,13,12,1,45,12,12,2,45,0,1
data_no_attention__tp14_L5_p0p00,data_ablation_no_module,no_attention,tp14_L5_p0p00,5.0,0.0,run2,fold03,0,L2,17,10,9,35,17,10,9,35,0,0
data_no_attention__tp14_L5_p0p00,data_ablation_no_module,no_attention,tp14_L5_p0p00,5.0,0.0,run2,fold03,1,L4,19,13,12,27,19,13,12,27,0,0
data_no_attention__tp14_L5_p0p00,data_ablation_no_module,no_attention,tp14_L5_p0p00,5.0,0.0,run2,fold03,2,L5,4,8,10,49,4,8,10,49,0,0
data_no_attention__tp14_L5_p0p00,data_ablation_no_module,no_attention,tp14_L5_p0p00,5.0,0.0,run2,oof_pooled,0,L2,48,24,31,111,48,24,31,111,0,0
data_no_attention__tp14_L5_p0p00,data_ablation_no_module,no_attention,tp14_L5_p0p00,5.0,0.0,run2,oof_pooled,1,L4,56,35,37,86,56,37,37,84,2,0
data_no_attention__tp14_L5_p0p00,data_ablation_no_module,no_attention,tp14_L5_p0p00,5.0,0.0,run2,oof_pooled,2,L5,23,28,19,144,21,28,21,144,0,2
module_masked__no_attention__tp14_L5_p0p00,module_ablation_masked,no_attention,tp14_L5_p0p00,5.0,0.0,run1,fold01,0,L1,112,35,22,158,113,30,21,163,-5,-1
module_masked__no_attention__tp14_L5_p0p00,module_ablation_masked,no_attention,tp14_L5_p0p00,5.0,0.0,run1,fold01,1,L2/L4/L5 gate,118,30,34,145,112,28,40,147,-2,6
module_masked__no_attention__tp14_L5_p0p00,module_ablation_masked,no_attention,tp14_L5_p0p00,5.0,0.0,run1,fold01,2,L3,26,6,15,280,30,14,11,272,8,-4
module_masked__no_attention__tp14_L5_p0p00,module_ablation_masked,no_attention,tp14_L5_p0p00,5.0,0.0,run1,fold02,0,L1,105,23,29,169,107,30,27,162,7,-2
module_masked__no_attention__tp14_L5_p0p00,module_ablation_masked,no_attention,tp14_L5_p0p00,5.0,0.0,run1,fold02,1,L2/L4/L5 gate,124,31,28,143,119,31,33,143,0,5
module_masked__no_attention__tp14_L5_p0p00,module_ablation_masked,no_attention,tp14_L5_p0p00,5.0,0.0,run1,fold02,2,L3,34,9,6,277,29,10,11,276,1,5
module_masked__no_attention__tp14_L5_p0p00,module_ablation_masked,no_attention,tp14_L5_p0p00,5.0,0.0,run1,fold03,0,L1,111,27,23,165,113,29,21,163,2,-2
module_masked__no_attention__tp14_L5_p0p00,module_ablation_masked,no_attention,tp14_L5_p0p00,5.0,0.0,run1,fold03,1,L2/L4/L5 gate,129,29,23,145,116,23,36,151,-6,13
module_masked__no_attention__tp14_L5_p0p00,module_ablation_masked,no_attention,tp14_L5_p0p00,5.0,0.0,run1,fold03,2,L3,28,2,12,284,33,12,7,274,10,-5
module_masked__no_attention__tp14_L5_p0p00,module_ablation_masked,no_attention,tp14_L5_p0p00,5.0,0.0,run1,oof_pooled,0,L1,328,85,74,492,333,89,69,488,4,-5
module_masked__no_attention__tp14_L5_p0p00,module_ablation_masked,no_attention,tp14_L5_p0p00,5.0,0.0,run1,oof_pooled,1,L2/L4/L5 gate,371,90,85,433,347,82,109,441,-8,24
module_masked__no_attention__tp14_L5_p0p00,module_ablation_masked,no_attention,tp14_L5_p0p00,5.0,0.0,run1,oof_pooled,2,L3,88,17,33,841,92,36,29,822,19,-4
module_masked__no_attention__tp14_L5_p0p00,module_ablation_masked,no_attention,tp14_L5_p0p00,5.0,0.0,run2,fold01,0,L2,22,10,5,35,15,6,12,39,-4,7
module_masked__no_attention__tp14_L5_p0p00,module_ablation_masked,no_attention,tp14_L5_p0p00,5.0,0.0,run2,fold01,1,L4,21,8,10,33,21,17,10,24,9,0
module_masked__no_attention__tp14_L5_p0p00,module_ablation_masked,no_attention,tp14_L5_p0p00,5.0,0.0,run2,fold01,2,L5,7,4,7,54,5,8,9,50,4,2
module_masked__no_attention__tp14_L5_p0p00,module_ablation_masked,no_attention,tp14_L5_p0p00,5.0,0.0,run2,fold02,0,L2,21,12,5,33,16,8,10,37,-4,5
module_masked__no_attention__tp14_L5_p0p00,module_ablation_masked,no_attention,tp14_L5_p0p00,5.0,0.0,run2,fold02,1,L4,18,10,13,30,16,7,15,33,-3,2
module_masked__no_attention__tp14_L5_p0p00,module_ablation_masked,no_attention,tp14_L5_p0p00,5.0,0.0,run2,fold02,2,L5,7,3,7,54,12,12,2,45,9,-5
module_masked__no_attention__tp14_L5_p0p00,module_ablation_masked,no_attention,tp14_L5_p0p00,5.0,0.0,run2,fold03,0,L2,20,11,6,34,17,10,9,35,-1,3
module_masked__no_attention__tp14_L5_p0p00,module_ablation_masked,no_attention,tp14_L5_p0p00,5.0,0.0,run2,fold03,1,L4,23,10,8,30,19,13,12,27,3,4
module_masked__no_attention__tp14_L5_p0p00,module_ablation_masked,no_attention,tp14_L5_p0p00,5.0,0.0,run2,fold03,2,L5,4,3,10,54,4,8,10,49,5,0
module_masked__no_attention__tp14_L5_p0p00,module_ablation_masked,no_attention,tp14_L5_p0p00,5.0,0.0,run2,oof_pooled,0,L2,63,33,16,102,48,24,31,111,-9,15
module_masked__no_attention__tp14_L5_p0p00,module_ablation_masked,no_attention,tp14_L5_p0p00,5.0,0.0,run2,oof_pooled,1,L4,62,28,31,93,56,37,37,84,9,6
module_masked__no_attention__tp14_L5_p0p00,module_ablation_masked,no_attention,tp14_L5_p0p00,5.0,0.0,run2,oof_pooled,2,L5,18,10,24,162,21,28,21,144,18,-3
data_full__tp15_L5_p0p04,data_ablation_full,,tp15_L5_p0p04,5.0,0.04,run1,fold01,0,L1,112,30,22,163,112,34,22,159,4,0
data_full__tp15_L5_p0p04,data_ablation_full,,tp15_L5_p0p04,5.0,0.04,run1,fold01,1,L2/L4/L5 gate,126,30,26,145,119,30,33,145,0,7
data_full__tp15_L5_p0p04,data_ablation_full,,tp15_L5_p0p04,5.0,0.04,run1,fold01,2,L3,26,3,15,283,26,6,15,280,3,0
data_full__tp15_L5_p0p04,data_ablation_full,,tp15_L5_p0p04,5.0,0.04,run1,fold02,0,L1,105,22,29,170,105,23,29,169,1,0
data_full__tp15_L5_p0p04,data_ablation_full,,tp15_L5_p0p04,5.0,0.04,run1,fold02,1,L2/L4/L5 gate,127,31,25,143,124,31,28,143,0,3
data_full__tp15_L5_p0p04,data_ablation_full,,tp15_L5_p0p04,5.0,0.04,run1,fold02,2,L3,34,7,6,279,34,9,6,277,2,0
data_full__tp15_L5_p0p04,data_ablation_full,,tp15_L5_p0p04,5.0,0.04,run1,fold03,0,L1,111,21,23,171,111,28,23,164,7,0
data_full__tp15_L5_p0p04,data_ablation_full,,tp15_L5_p0p04,5.0,0.04,run1,fold03,1,L2/L4/L5 gate,135,29,17,145,128,29,24,145,0,7
data_full__tp15_L5_p0p04,data_ablation_full,,tp15_L5_p0p04,5.0,0.04,run1,fold03,2,L3,28,2,12,284,28,2,12,284,0,0
data_full__tp15_L5_p0p04,data_ablation_full,,tp15_L5_p0p04,5.0,0.04,run1,oof_pooled,0,L1,328,73,74,504,328,85,74,492,12,0
data_full__tp15_L5_p0p04,data_ablation_full,,tp15_L5_p0p04,5.0,0.04,run1,oof_pooled,1,L2/L4/L5 gate,388,90,68,433,371,90,85,433,0,17
data_full__tp15_L5_p0p04,data_ablation_full,,tp15_L5_p0p04,5.0,0.04,run1,oof_pooled,2,L3,88,12,33,846,88,17,33,841,5,0
data_full__tp15_L5_p0p04,data_ablation_full,,tp15_L5_p0p04,5.0,0.04,run2,fold01,0,L2,22,10,5,35,22,10,5,35,0,0
data_full__tp15_L5_p0p04,data_ablation_full,,tp15_L5_p0p04,5.0,0.04,run2,fold01,1,L4,21,8,10,33,21,8,10,33,0,0
data_full__tp15_L5_p0p04,data_ablation_full,,tp15_L5_p0p04,5.0,0.04,run2,fold01,2,L5,7,4,7,54,7,4,7,54,0,0
data_full__tp15_L5_p0p04,data_ablation_full,,tp15_L5_p0p04,5.0,0.04,run2,fold02,0,L2,21,12,5,33,21,12,5,33,0,0
data_full__tp15_L5_p0p04,data_ablation_full,,tp15_L5_p0p04,5.0,0.04,run2,fold02,1,L4,18,9,13,31,18,10,13,30,1,0
data_full__tp15_L5_p0p04,data_ablation_full,,tp15_L5_p0p04,5.0,0.04,run2,fold02,2,L5,8,3,6,54,7,3,7,54,0,1
data_full__tp15_L5_p0p04,data_ablation_full,,tp15_L5_p0p04,5.0,0.04,run2,fold03,0,L2,20,11,6,34,20,11,6,34,0,0
data_full__tp15_L5_p0p04,data_ablation_full,,tp15_L5_p0p04,5.0,0.04,run2,fold03,1,L4,23,10,8,30,23,10,8,30,0,0
data_full__tp15_L5_p0p04,data_ablation_full,,tp15_L5_p0p04,5.0,0.04,run2,fold03,2,L5,4,3,10,54,4,3,10,54,0,0
data_full__tp15_L5_p0p04,data_ablation_full,,tp15_L5_p0p04,5.0,0.04,run2,oof_pooled,0,L2,63,33,16,102,63,33,16,102,0,0
data_full__tp15_L5_p0p04,data_ablation_full,,tp15_L5_p0p04,5.0,0.04,run2,oof_pooled,1,L4,62,27,31,94,62,28,31,93,1,0
data_full__tp15_L5_p0p04,data_ablation_full,,tp15_L5_p0p04,5.0,0.04,run2,oof_pooled,2,L5,19,10,23,162,18,10,24,162,0,1
data_no_conv__tp15_L5_p0p04,data_ablation_no_module,no_conv,tp15_L5_p0p04,5.0,0.04,run1,fold01,0,L1,109,34,25,159,109,34,25,159,0,0
data_no_conv__tp15_L5_p0p04,data_ablation_no_module,no_conv,tp15_L5_p0p04,5.0,0.04,run1,fold01,1,L2/L4/L5 gate,120,30,32,145,117,30,35,145,0,3
data_no_conv__tp15_L5_p0p04,data_ablation_no_module,no_conv,tp15_L5_p0p04,5.0,0.04,run1,fold01,2,L3,30,4,11,282,30,7,11,279,3,0
data_no_conv__tp15_L5_p0p04,data_ablation_no_module,no_conv,tp15_L5_p0p04,5.0,0.04,run1,fold02,0,L1,110,26,24,166,110,28,24,164,2,0
data_no_conv__tp15_L5_p0p04,data_ablation_no_module,no_conv,tp15_L5_p0p04,5.0,0.04,run1,fold02,1,L2/L4/L5 gate,121,28,31,146,119,28,33,146,0,2
data_no_conv__tp15_L5_p0p04,data_ablation_no_module,no_conv,tp15_L5_p0p04,5.0,0.04,run1,fold02,2,L3,30,11,10,275,30,11,10,275,0,0
data_no_conv__tp15_L5_p0p04,data_ablation_no_module,no_conv,tp15_L5_p0p04,5.0,0.04,run1,fold03,0,L1,108,28,26,164,108,33,26,159,5,0
data_no_conv__tp15_L5_p0p04,data_ablation_no_module,no_conv,tp15_L5_p0p04,5.0,0.04,run1,fold03,1,L2/L4/L5 gate,110,23,42,151,102,23,50,151,0,8
data_no_conv__tp15_L5_p0p04,data_ablation_no_module,no_conv,tp15_L5_p0p04,5.0,0.04,run1,fold03,2,L3,35,22,5,264,35,25,5,261,3,0
data_no_conv__tp15_L5_p0p04,data_ablation_no_module,no_conv,tp15_L5_p0p04,5.0,0.04,run1,oof_pooled,0,L1,327,88,75,489,327,95,75,482,7,0
data_no_conv__tp15_L5_p0p04,data_ablation_no_module,no_conv,tp15_L5_p0p04,5.0,0.04,run1,oof_pooled,1,L2/L4/L5 gate,351,81,105,442,338,81,118,442,0,13
data_no_conv__tp15_L5_p0p04,data_ablation_no_module,no_conv,tp15_L5_p0p04,5.0,0.04,run1,oof_pooled,2,L3,95,37,26,821,95,43,26,815,6,0
data_no_conv__tp15_L5_p0p04,data_ablation_no_module,no_conv,tp15_L5_p0p04,5.0,0.04,run2,fold01,0,L2,15,12,12,33,15,12,12,33,0,0
data_no_conv__tp15_L5_p0p04,data_ablation_no_module,no_conv,tp15_L5_p0p04,5.0,0.04,run2,fold01,1,L4,16,7,15,34,16,7,15,34,0,0
data_no_conv__tp15_L5_p0p04,data_ablation_no_module,no_conv,tp15_L5_p0p04,5.0,0.04,run2,fold01,2,L5,9,13,5,45,9,13,5,45,0,0
data_no_conv__tp15_L5_p0p04,data_ablation_no_module,no_conv,tp15_L5_p0p04,5.0,0.04,run2,fold02,0,L2,17,12,9,33,17,12,9,33,0,0
data_no_conv__tp15_L5_p0p04,data_ablation_no_module,no_conv,tp15_L5_p0p04,5.0,0.04,run2,fold02,1,L4,12,6,19,34,12,7,19,33,1,0
data_no_conv__tp15_L5_p0p04,data_ablation_no_module,no_conv,tp15_L5_p0p04,5.0,0.04,run2,fold02,2,L5,11,13,3,44,10,13,4,44,0,1
data_no_conv__tp15_L5_p0p04,data_ablation_no_module,no_conv,tp15_L5_p0p04,5.0,0.04,run2,fold03,0,L2,21,21,5,24,21,21,5,24,0,0
data_no_conv__tp15_L5_p0p04,data_ablation_no_module,no_conv,tp15_L5_p0p04,5.0,0.04,run2,fold03,1,L4,14,6,17,34,14,6,17,34,0,0
data_no_conv__tp15_L5_p0p04,data_ablation_no_module,no_conv,tp15_L5_p0p04,5.0,0.04,run2,fold03,2,L5,4,5,10,52,4,5,10,52,0,0
data_no_conv__tp15_L5_p0p04,data_ablation_no_module,no_conv,tp15_L5_p0p04,5.0,0.04,run2,oof_pooled,0,L2,53,45,26,90,53,45,26,90,0,0
data_no_conv__tp15_L5_p0p04,data_ablation_no_module,no_conv,tp15_L5_p0p04,5.0,0.04,run2,oof_pooled,1,L4,42,19,51,102,42,20,51,101,1,0
data_no_conv__tp15_L5_p0p04,data_ablation_no_module,no_conv,tp15_L5_p0p04,5.0,0.04,run2,oof_pooled,2,L5,24,31,18,141,23,31,19,141,0,1
module_masked__no_conv__tp15_L5_p0p04,module_ablation_masked,no_conv,tp15_L5_p0p04,5.0,0.04,run1,fold01,0,L1,112,34,22,159,109,34,25,159,0,3
module_masked__no_conv__tp15_L5_p0p04,module_ablation_masked,no_conv,tp15_L5_p0p04,5.0,0.04,run1,fold01,1,L2/L4/L5 gate,119,30,33,145,117,30,35,145,0,2
module_masked__no_conv__tp15_L5_p0p04,module_ablation_masked,no_conv,tp15_L5_p0p04,5.0,0.04,run1,fold01,2,L3,26,6,15,280,30,7,11,279,1,-4
module_masked__no_conv__tp15_L5_p0p04,module_ablation_masked,no_conv,tp15_L5_p0p04,5.0,0.04,run1,fold02,0,L1,105,23,29,169,110,28,24,164,5,-5
module_masked__no_conv__tp15_L5_p0p04,module_ablation_masked,no_conv,tp15_L5_p0p04,5.0,0.04,run1,fold02,1,L2/L4/L5 gate,124,31,28,143,119,28,33,146,-3,5
module_masked__no_conv__tp15_L5_p0p04,module_ablation_masked,no_conv,tp15_L5_p0p04,5.0,0.04,run1,fold02,2,L3,34,9,6,277,30,11,10,275,2,4
module_masked__no_conv__tp15_L5_p0p04,module_ablation_masked,no_conv,tp15_L5_p0p04,5.0,0.04,run1,fold03,0,L1,111,28,23,164,108,33,26,159,5,3
module_masked__no_conv__tp15_L5_p0p04,module_ablation_masked,no_conv,tp15_L5_p0p04,5.0,0.04,run1,fold03,1,L2/L4/L5 gate,128,29,24,145,102,23,50,151,-6,26
module_masked__no_conv__tp15_L5_p0p04,module_ablation_masked,no_conv,tp15_L5_p0p04,5.0,0.04,run1,fold03,2,L3,28,2,12,284,35,25,5,261,23,-7
module_masked__no_conv__tp15_L5_p0p04,module_ablation_masked,no_conv,tp15_L5_p0p04,5.0,0.04,run1,oof_pooled,0,L1,328,85,74,492,327,95,75,482,10,1
module_masked__no_conv__tp15_L5_p0p04,module_ablation_masked,no_conv,tp15_L5_p0p04,5.0,0.04,run1,oof_pooled,1,L2/L4/L5 gate,371,90,85,433,338,81,118,442,-9,33
module_masked__no_conv__tp15_L5_p0p04,module_ablation_masked,no_conv,tp15_L5_p0p04,5.0,0.04,run1,oof_pooled,2,L3,88,17,33,841,95,43,26,815,26,-7
module_masked__no_conv__tp15_L5_p0p04,module_ablation_masked,no_conv,tp15_L5_p0p04,5.0,0.04,run2,fold01,0,L2,22,10,5,35,15,12,12,33,2,7
module_masked__no_conv__tp15_L5_p0p04,module_ablation_masked,no_conv,tp15_L5_p0p04,5.0,0.04,run2,fold01,1,L4,21,8,10,33,16,7,15,34,-1,5
module_masked__no_conv__tp15_L5_p0p04,module_ablation_masked,no_conv,tp15_L5_p0p04,5.0,0.04,run2,fold01,2,L5,7,4,7,54,9,13,5,45,9,-2
module_masked__no_conv__tp15_L5_p0p04,module_ablation_masked,no_conv,tp15_L5_p0p04,5.0,0.04,run2,fold02,0,L2,21,12,5,33,17,12,9,33,0,4
module_masked__no_conv__tp15_L5_p0p04,module_ablation_masked,no_conv,tp15_L5_p0p04,5.0,0.04,run2,fold02,1,L4,18,10,13,30,12,7,19,33,-3,6
module_masked__no_conv__tp15_L5_p0p04,module_ablation_masked,no_conv,tp15_L5_p0p04,5.0,0.04,run2,fold02,2,L5,7,3,7,54,10,13,4,44,10,-3
module_masked__no_conv__tp15_L5_p0p04,module_ablation_masked,no_conv,tp15_L5_p0p04,5.0,0.04,run2,fold03,0,L2,20,11,6,34,21,21,5,24,10,-1
module_masked__no_conv__tp15_L5_p0p04,module_ablation_masked,no_conv,tp15_L5_p0p04,5.0,0.04,run2,fold03,1,L4,23,10,8,30,14,6,17,34,-4,9
module_masked__no_conv__tp15_L5_p0p04,module_ablation_masked,no_conv,tp15_L5_p0p04,5.0,0.04,run2,fold03,2,L5,4,3,10,54,4,5,10,52,2,0
module_masked__no_conv__tp15_L5_p0p04,module_ablation_masked,no_conv,tp15_L5_p0p04,5.0,0.04,run2,oof_pooled,0,L2,63,33,16,102,53,45,26,90,12,10
module_masked__no_conv__tp15_L5_p0p04,module_ablation_masked,no_conv,tp15_L5_p0p04,5.0,0.04,run2,oof_pooled,1,L4,62,28,31,93,42,20,51,101,-8,20
module_masked__no_conv__tp15_L5_p0p04,module_ablation_masked,no_conv,tp15_L5_p0p04,5.0,0.04,run2,oof_pooled,2,L5,18,10,24,162,23,31,19,141,21,-5
data_no_lstm__tp15_L5_p0p04,data_ablation_no_module,no_lstm,tp15_L5_p0p04,5.0,0.04,run1,fold01,0,L1,102,35,32,158,102,36,32,157,1,0
data_no_lstm__tp15_L5_p0p04,data_ablation_no_module,no_lstm,tp15_L5_p0p04,5.0,0.04,run1,fold01,1,L2/L4/L5 gate,117,40,35,135,109,40,43,135,0,8
data_no_lstm__tp15_L5_p0p04,data_ablation_no_module,no_lstm,tp15_L5_p0p04,5.0,0.04,run1,fold01,2,L3,27,6,14,280,27,13,14,273,7,0
data_no_lstm__tp15_L5_p0p04,data_ablation_no_module,no_lstm,tp15_L5_p0p04,5.0,0.04,run1,fold02,0,L1,101,36,33,156,101,38,33,154,2,0
data_no_lstm__tp15_L5_p0p04,data_ablation_no_module,no_lstm,tp15_L5_p0p04,5.0,0.04,run1,fold02,1,L2/L4/L5 gate,113,37,39,137,112,37,40,137,0,1
data_no_lstm__tp15_L5_p0p04,data_ablation_no_module,no_lstm,tp15_L5_p0p04,5.0,0.04,run1,fold02,2,L3,28,11,12,275,28,10,12,276,-1,0
data_no_lstm__tp15_L5_p0p04,data_ablation_no_module,no_lstm,tp15_L5_p0p04,5.0,0.04,run1,fold03,0,L1,104,28,30,164,104,31,30,161,3,0
data_no_lstm__tp15_L5_p0p04,data_ablation_no_module,no_lstm,tp15_L5_p0p04,5.0,0.04,run1,fold03,1,L2/L4/L5 gate,120,30,32,144,114,30,38,144,0,6
data_no_lstm__tp15_L5_p0p04,data_ablation_no_module,no_lstm,tp15_L5_p0p04,5.0,0.04,run1,fold03,2,L3,30,14,10,272,30,17,10,269,3,0
data_no_lstm__tp15_L5_p0p04,data_ablation_no_module,no_lstm,tp15_L5_p0p04,5.0,0.04,run1,oof_pooled,0,L1,307,99,95,478,307,105,95,472,6,0
data_no_lstm__tp15_L5_p0p04,data_ablation_no_module,no_lstm,tp15_L5_p0p04,5.0,0.04,run1,oof_pooled,1,L2/L4/L5 gate,350,107,106,416,335,107,121,416,0,15
data_no_lstm__tp15_L5_p0p04,data_ablation_no_module,no_lstm,tp15_L5_p0p04,5.0,0.04,run1,oof_pooled,2,L3,85,31,36,827,85,40,36,818,9,0
data_no_lstm__tp15_L5_p0p04,data_ablation_no_module,no_lstm,tp15_L5_p0p04,5.0,0.04,run2,fold01,0,L2,16,2,11,43,16,2,11,43,0,0
data_no_lstm__tp15_L5_p0p04,data_ablation_no_module,no_lstm,tp15_L5_p0p04,5.0,0.04,run2,fold01,1,L4,21,11,10,30,21,12,10,29,1,0
data_no_lstm__tp15_L5_p0p04,data_ablation_no_module,no_lstm,tp15_L5_p0p04,5.0,0.04,run2,fold01,2,L5,9,13,5,45,8,13,6,45,0,1
data_no_lstm__tp15_L5_p0p04,data_ablation_no_module,no_lstm,tp15_L5_p0p04,5.0,0.04,run2,fold02,0,L2,14,11,12,34,14,11,12,34,0,0
data_no_lstm__tp15_L5_p0p04,data_ablation_no_module,no_lstm,tp15_L5_p0p04,5.0,0.04,run2,fold02,1,L4,20,17,11,23,20,18,11,22,1,0
data_no_lstm__tp15_L5_p0p04,data_ablation_no_module,no_lstm,tp15_L5_p0p04,5.0,0.04,run2,fold02,2,L5,6,3,8,54,5,3,9,54,0,1
data_no_lstm__tp15_L5_p0p04,data_ablation_no_module,no_lstm,tp15_L5_p0p04,5.0,0.04,run2,fold03,0,L2,20,10,6,35,20,10,6,35,0,0
data_no_lstm__tp15_L5_p0p04,data_ablation_no_module,no_lstm,tp15_L5_p0p04,5.0,0.04,run2,fold03,1,L4,22,6,9,34,22,6,9,34,0,0
data_no_lstm__tp15_L5_p0p04,data_ablation_no_module,no_lstm,tp15_L5_p0p04,5.0,0.04,run2,fold03,2,L5,6,7,8,50,6,7,8,50,0,0
data_no_lstm__tp15_L5_p0p04,data_ablation_no_module,no_lstm,tp15_L5_p0p04,5.0,0.04,run2,oof_pooled,0,L2,50,23,29,112,50,23,29,112,0,0
data_no_lstm__tp15_L5_p0p04,data_ablation_no_module,no_lstm,tp15_L5_p0p04,5.0,0.04,run2,oof_pooled,1,L4,63,34,30,87,63,36,30,85,2,0
data_no_lstm__tp15_L5_p0p04,data_ablation_no_module,no_lstm,tp15_L5_p0p04,5.0,0.04,run2,oof_pooled,2,L5,21,23,21,149,19,23,23,149,0,2
module_masked__no_lstm__tp15_L5_p0p04,module_ablation_masked,no_lstm,tp15_L5_p0p04,5.0,0.04,run1,fold01,0,L1,112,34,22,159,102,36,32,157,2,10
module_masked__no_lstm__tp15_L5_p0p04,module_ablation_masked,no_lstm,tp15_L5_p0p04,5.0,0.04,run1,fold01,1,L2/L4/L5 gate,119,30,33,145,109,40,43,135,10,10
module_masked__no_lstm__tp15_L5_p0p04,module_ablation_masked,no_lstm,tp15_L5_p0p04,5.0,0.04,run1,fold01,2,L3,26,6,15,280,27,13,14,273,7,-1
module_masked__no_lstm__tp15_L5_p0p04,module_ablation_masked,no_lstm,tp15_L5_p0p04,5.0,0.04,run1,fold02,0,L1,105,23,29,169,101,38,33,154,15,4
module_masked__no_lstm__tp15_L5_p0p04,module_ablation_masked,no_lstm,tp15_L5_p0p04,5.0,0.04,run1,fold02,1,L2/L4/L5 gate,124,31,28,143,112,37,40,137,6,12
module_masked__no_lstm__tp15_L5_p0p04,module_ablation_masked,no_lstm,tp15_L5_p0p04,5.0,0.04,run1,fold02,2,L3,34,9,6,277,28,10,12,276,1,6
module_masked__no_lstm__tp15_L5_p0p04,module_ablation_masked,no_lstm,tp15_L5_p0p04,5.0,0.04,run1,fold03,0,L1,111,28,23,164,104,31,30,161,3,7
module_masked__no_lstm__tp15_L5_p0p04,module_ablation_masked,no_lstm,tp15_L5_p0p04,5.0,0.04,run1,fold03,1,L2/L4/L5 gate,128,29,24,145,114,30,38,144,1,14
module_masked__no_lstm__tp15_L5_p0p04,module_ablation_masked,no_lstm,tp15_L5_p0p04,5.0,0.04,run1,fold03,2,L3,28,2,12,284,30,17,10,269,15,-2
module_masked__no_lstm__tp15_L5_p0p04,module_ablation_masked,no_lstm,tp15_L5_p0p04,5.0,0.04,run1,oof_pooled,0,L1,328,85,74,492,307,105,95,472,20,21
module_masked__no_lstm__tp15_L5_p0p04,module_ablation_masked,no_lstm,tp15_L5_p0p04,5.0,0.04,run1,oof_pooled,1,L2/L4/L5 gate,371,90,85,433,335,107,121,416,17,36
module_masked__no_lstm__tp15_L5_p0p04,module_ablation_masked,no_lstm,tp15_L5_p0p04,5.0,0.04,run1,oof_pooled,2,L3,88,17,33,841,85,40,36,818,23,3
module_masked__no_lstm__tp15_L5_p0p04,module_ablation_masked,no_lstm,tp15_L5_p0p04,5.0,0.04,run2,fold01,0,L2,22,10,5,35,16,2,11,43,-8,6
module_masked__no_lstm__tp15_L5_p0p04,module_ablation_masked,no_lstm,tp15_L5_p0p04,5.0,0.04,run2,fold01,1,L4,21,8,10,33,21,12,10,29,4,0
module_masked__no_lstm__tp15_L5_p0p04,module_ablation_masked,no_lstm,tp15_L5_p0p04,5.0,0.04,run2,fold01,2,L5,7,4,7,54,8,13,6,45,9,-1
module_masked__no_lstm__tp15_L5_p0p04,module_ablation_masked,no_lstm,tp15_L5_p0p04,5.0,0.04,run2,fold02,0,L2,21,12,5,33,14,11,12,34,-1,7
module_masked__no_lstm__tp15_L5_p0p04,module_ablation_masked,no_lstm,tp15_L5_p0p04,5.0,0.04,run2,fold02,1,L4,18,10,13,30,20,18,11,22,8,-2
module_masked__no_lstm__tp15_L5_p0p04,module_ablation_masked,no_lstm,tp15_L5_p0p04,5.0,0.04,run2,fold02,2,L5,7,3,7,54,5,3,9,54,0,2
module_masked__no_lstm__tp15_L5_p0p04,module_ablation_masked,no_lstm,tp15_L5_p0p04,5.0,0.04,run2,fold03,0,L2,20,11,6,34,20,10,6,35,-1,0
module_masked__no_lstm__tp15_L5_p0p04,module_ablation_masked,no_lstm,tp15_L5_p0p04,5.0,0.04,run2,fold03,1,L4,23,10,8,30,22,6,9,34,-4,1
module_masked__no_lstm__tp15_L5_p0p04,module_ablation_masked,no_lstm,tp15_L5_p0p04,5.0,0.04,run2,fold03,2,L5,4,3,10,54,6,7,8,50,4,-2
module_masked__no_lstm__tp15_L5_p0p04,module_ablation_masked,no_lstm,tp15_L5_p0p04,5.0,0.04,run2,oof_pooled,0,L2,63,33,16,102,50,23,29,112,-10,13
module_masked__no_lstm__tp15_L5_p0p04,module_ablation_masked,no_lstm,tp15_L5_p0p04,5.0,0.04,run2,oof_pooled,1,L4,62,28,31,93,63,36,30,85,8,-1
module_masked__no_lstm__tp15_L5_p0p04,module_ablation_masked,no_lstm,tp15_L5_p0p04,5.0,0.04,run2,oof_pooled,2,L5,18,10,24,162,19,23,23,149,13,-1
data_no_attention__tp15_L5_p0p04,data_ablation_no_module,no_attention,tp15_L5_p0p04,5.0,0.04,run1,fold01,0,L1,113,29,21,164,113,31,21,162,2,0
data_no_attention__tp15_L5_p0p04,data_ablation_no_module,no_attention,tp15_L5_p0p04,5.0,0.04,run1,fold01,1,L2/L4/L5 gate,125,28,27,147,112,28,40,147,0,13
data_no_attention__tp15_L5_p0p04,data_ablation_no_module,no_attention,tp15_L5_p0p04,5.0,0.04,run1,fold01,2,L3,30,2,11,284,30,13,11,273,11,0
data_no_attention__tp15_L5_p0p04,data_ablation_no_module,no_attention,tp15_L5_p0p04,5.0,0.04,run1,fold02,0,L1,107,21,27,171,107,29,27,163,8,0
data_no_attention__tp15_L5_p0p04,data_ablation_no_module,no_attention,tp15_L5_p0p04,5.0,0.04,run1,fold02,1,L2/L4/L5 gate,131,31,21,143,119,31,33,143,0,12
data_no_attention__tp15_L5_p0p04,data_ablation_no_module,no_attention,tp15_L5_p0p04,5.0,0.04,run1,fold02,2,L3,29,7,11,279,29,11,11,275,4,0
data_no_attention__tp15_L5_p0p04,data_ablation_no_module,no_attention,tp15_L5_p0p04,5.0,0.04,run1,fold03,0,L1,113,20,21,172,113,31,21,161,11,0
data_no_attention__tp15_L5_p0p04,data_ablation_no_module,no_attention,tp15_L5_p0p04,5.0,0.04,run1,fold03,1,L2/L4/L5 gate,129,23,23,151,115,23,37,151,0,14
data_no_attention__tp15_L5_p0p04,data_ablation_no_module,no_attention,tp15_L5_p0p04,5.0,0.04,run1,fold03,2,L3,33,8,7,278,33,11,7,275,3,0
data_no_attention__tp15_L5_p0p04,data_ablation_no_module,no_attention,tp15_L5_p0p04,5.0,0.04,run1,oof_pooled,0,L1,333,70,69,507,333,91,69,486,21,0
data_no_attention__tp15_L5_p0p04,data_ablation_no_module,no_attention,tp15_L5_p0p04,5.0,0.04,run1,oof_pooled,1,L2/L4/L5 gate,385,82,71,441,346,82,110,441,0,39
data_no_attention__tp15_L5_p0p04,data_ablation_no_module,no_attention,tp15_L5_p0p04,5.0,0.04,run1,oof_pooled,2,L3,92,17,29,841,92,35,29,823,18,0
data_no_attention__tp15_L5_p0p04,data_ablation_no_module,no_attention,tp15_L5_p0p04,5.0,0.04,run2,fold01,0,L2,15,6,12,39,15,6,12,39,0,0
data_no_attention__tp15_L5_p0p04,data_ablation_no_module,no_attention,tp15_L5_p0p04,5.0,0.04,run2,fold01,1,L4,21,16,10,25,21,17,10,24,1,0
data_no_attention__tp15_L5_p0p04,data_ablation_no_module,no_attention,tp15_L5_p0p04,5.0,0.04,run2,fold01,2,L5,6,8,8,50,5,8,9,50,0,1
data_no_attention__tp15_L5_p0p04,data_ablation_no_module,no_attention,tp15_L5_p0p04,5.0,0.04,run2,fold02,0,L2,16,8,10,37,16,8,10,37,0,0
data_no_attention__tp15_L5_p0p04,data_ablation_no_module,no_attention,tp15_L5_p0p04,5.0,0.04,run2,fold02,1,L4,16,6,15,34,16,7,15,33,1,0
data_no_attention__tp15_L5_p0p04,data_ablation_no_module,no_attention,tp15_L5_p0p04,5.0,0.04,run2,fold02,2,L5,13,12,1,45,12,12,2,45,0,1
data_no_attention__tp15_L5_p0p04,data_ablation_no_module,no_attention,tp15_L5_p0p04,5.0,0.04,run2,fold03,0,L2,17,10,9,35,17,10,9,35,0,0
data_no_attention__tp15_L5_p0p04,data_ablation_no_module,no_attention,tp15_L5_p0p04,5.0,0.04,run2,fold03,1,L4,19,13,12,27,19,13,12,27,0,0
data_no_attention__tp15_L5_p0p04,data_ablation_no_module,no_attention,tp15_L5_p0p04,5.0,0.04,run2,fold03,2,L5,4,8,10,49,4,8,10,49,0,0
data_no_attention__tp15_L5_p0p04,data_ablation_no_module,no_attention,tp15_L5_p0p04,5.0,0.04,run2,oof_pooled,0,L2,48,24,31,111,48,24,31,111,0,0
data_no_attention__tp15_L5_p0p04,data_ablation_no_module,no_attention,tp15_L5_p0p04,5.0,0.04,run2,oof_pooled,1,L4,56,35,37,86,56,37,37,84,2,0
data_no_attention__tp15_L5_p0p04,data_ablation_no_module,no_attention,tp15_L5_p0p04,5.0,0.04,run2,oof_pooled,2,L5,23,28,19,144,21,28,21,144,0,2
module_masked__no_attention__tp15_L5_p0p04,module_ablation_masked,no_attention,tp15_L5_p0p04,5.0,0.04,run1,fold01,0,L1,112,34,22,159,113,31,21,162,-3,-1
module_masked__no_attention__tp15_L5_p0p04,module_ablation_masked,no_attention,tp15_L5_p0p04,5.0,0.04,run1,fold01,1,L2/L4/L5 gate,119,30,33,145,112,28,40,147,-2,7
module_masked__no_attention__tp15_L5_p0p04,module_ablation_masked,no_attention,tp15_L5_p0p04,5.0,0.04,run1,fold01,2,L3,26,6,15,280,30,13,11,273,7,-4
module_masked__no_attention__tp15_L5_p0p04,module_ablation_masked,no_attention,tp15_L5_p0p04,5.0,0.04,run1,fold02,0,L1,105,23,29,169,107,29,27,163,6,-2
module_masked__no_attention__tp15_L5_p0p04,module_ablation_masked,no_attention,tp15_L5_p0p04,5.0,0.04,run1,fold02,1,L2/L4/L5 gate,124,31,28,143,119,31,33,143,0,5
module_masked__no_attention__tp15_L5_p0p04,module_ablation_masked,no_attention,tp15_L5_p0p04,5.0,0.04,run1,fold02,2,L3,34,9,6,277,29,11,11,275,2,5
module_masked__no_attention__tp15_L5_p0p04,module_ablation_masked,no_attention,tp15_L5_p0p04,5.0,0.04,run1,fold03,0,L1,111,28,23,164,113,31,21,161,3,-2
module_masked__no_attention__tp15_L5_p0p04,module_ablation_masked,no_attention,tp15_L5_p0p04,5.0,0.04,run1,fold03,1,L2/L4/L5 gate,128,29,24,145,115,23,37,151,-6,13
module_masked__no_attention__tp15_L5_p0p04,module_ablation_masked,no_attention,tp15_L5_p0p04,5.0,0.04,run1,fold03,2,L3,28,2,12,284,33,11,7,275,9,-5
module_masked__no_attention__tp15_L5_p0p04,module_ablation_masked,no_attention,tp15_L5_p0p04,5.0,0.04,run1,oof_pooled,0,L1,328,85,74,492,333,91,69,486,6,-5
module_masked__no_attention__tp15_L5_p0p04,module_ablation_masked,no_attention,tp15_L5_p0p04,5.0,0.04,run1,oof_pooled,1,L2/L4/L5 gate,371,90,85,433,346,82,110,441,-8,25
module_masked__no_attention__tp15_L5_p0p04,module_ablation_masked,no_attention,tp15_L5_p0p04,5.0,0.04,run1,oof_pooled,2,L3,88,17,33,841,92,35,29,823,18,-4
module_masked__no_attention__tp15_L5_p0p04,module_ablation_masked,no_attention,tp15_L5_p0p04,5.0,0.04,run2,fold01,0,L2,22,10,5,35,15,6,12,39,-4,7
module_masked__no_attention__tp15_L5_p0p04,module_ablation_masked,no_attention,tp15_L5_p0p04,5.0,0.04,run2,fold01,1,L4,21,8,10,33,21,17,10,24,9,0
module_masked__no_attention__tp15_L5_p0p04,module_ablation_masked,no_attention,tp15_L5_p0p04,5.0,0.04,run2,fold01,2,L5,7,4,7,54,5,8,9,50,4,2
module_masked__no_attention__tp15_L5_p0p04,module_ablation_masked,no_attention,tp15_L5_p0p04,5.0,0.04,run2,fold02,0,L2,21,12,5,33,16,8,10,37,-4,5
module_masked__no_attention__tp15_L5_p0p04,module_ablation_masked,no_attention,tp15_L5_p0p04,5.0,0.04,run2,fold02,1,L4,18,10,13,30,16,7,15,33,-3,2
module_masked__no_attention__tp15_L5_p0p04,module_ablation_masked,no_attention,tp15_L5_p0p04,5.0,0.04,run2,fold02,2,L5,7,3,7,54,12,12,2,45,9,-5
module_masked__no_attention__tp15_L5_p0p04,module_ablation_masked,no_attention,tp15_L5_p0p04,5.0,0.04,run2,fold03,0,L2,20,11,6,34,17,10,9,35,-1,3
module_masked__no_attention__tp15_L5_p0p04,module_ablation_masked,no_attention,tp15_L5_p0p04,5.0,0.04,run2,fold03,1,L4,23,10,8,30,19,13,12,27,3,4
module_masked__no_attention__tp15_L5_p0p04,module_ablation_masked,no_attention,tp15_L5_p0p04,5.0,0.04,run2,fold03,2,L5,4,3,10,54,4,8,10,49,5,0
module_masked__no_attention__tp15_L5_p0p04,module_ablation_masked,no_attention,tp15_L5_p0p04,5.0,0.04,run2,oof_pooled,0,L2,63,33,16,102,48,24,31,111,-9,15
module_masked__no_attention__tp15_L5_p0p04,module_ablation_masked,no_attention,tp15_L5_p0p04,5.0,0.04,run2,oof_pooled,1,L4,62,28,31,93,56,37,37,84,9,6
module_masked__no_attention__tp15_L5_p0p04,module_ablation_masked,no_attention,tp15_L5_p0p04,5.0,0.04,run2,oof_pooled,2,L5,18,10,24,162,21,28,21,144,18,-3
data_full__tp16_L5_p0p05,data_ablation_full,,tp16_L5_p0p05,5.0,0.05,run1,fold01,0,L1,112,30,22,163,112,34,22,159,4,0
data_full__tp16_L5_p0p05,data_ablation_full,,tp16_L5_p0p05,5.0,0.05,run1,fold01,1,L2/L4/L5 gate,126,30,26,145,119,30,33,145,0,7
data_full__tp16_L5_p0p05,data_ablation_full,,tp16_L5_p0p05,5.0,0.05,run1,fold01,2,L3,26,3,15,283,26,6,15,280,3,0
data_full__tp16_L5_p0p05,data_ablation_full,,tp16_L5_p0p05,5.0,0.05,run1,fold02,0,L1,105,22,29,170,105,24,29,168,2,0
data_full__tp16_L5_p0p05,data_ablation_full,,tp16_L5_p0p05,5.0,0.05,run1,fold02,1,L2/L4/L5 gate,127,31,25,143,123,31,29,143,0,4
data_full__tp16_L5_p0p05,data_ablation_full,,tp16_L5_p0p05,5.0,0.05,run1,fold02,2,L3,34,7,6,279,34,9,6,277,2,0
data_full__tp16_L5_p0p05,data_ablation_full,,tp16_L5_p0p05,5.0,0.05,run1,fold03,0,L1,111,21,23,171,111,28,23,164,7,0
data_full__tp16_L5_p0p05,data_ablation_full,,tp16_L5_p0p05,5.0,0.05,run1,fold03,1,L2/L4/L5 gate,135,29,17,145,128,29,24,145,0,7
data_full__tp16_L5_p0p05,data_ablation_full,,tp16_L5_p0p05,5.0,0.05,run1,fold03,2,L3,28,2,12,284,28,2,12,284,0,0
data_full__tp16_L5_p0p05,data_ablation_full,,tp16_L5_p0p05,5.0,0.05,run1,oof_pooled,0,L1,328,73,74,504,328,86,74,491,13,0
data_full__tp16_L5_p0p05,data_ablation_full,,tp16_L5_p0p05,5.0,0.05,run1,oof_pooled,1,L2/L4/L5 gate,388,90,68,433,370,90,86,433,0,18
data_full__tp16_L5_p0p05,data_ablation_full,,tp16_L5_p0p05,5.0,0.05,run1,oof_pooled,2,L3,88,12,33,846,88,17,33,841,5,0
data_full__tp16_L5_p0p05,data_ablation_full,,tp16_L5_p0p05,5.0,0.05,run2,fold01,0,L2,22,10,5,35,22,10,5,35,0,0
data_full__tp16_L5_p0p05,data_ablation_full,,tp16_L5_p0p05,5.0,0.05,run2,fold01,1,L4,21,8,10,33,21,8,10,33,0,0
data_full__tp16_L5_p0p05,data_ablation_full,,tp16_L5_p0p05,5.0,0.05,run2,fold01,2,L5,7,4,7,54,7,4,7,54,0,0
data_full__tp16_L5_p0p05,data_ablation_full,,tp16_L5_p0p05,5.0,0.05,run2,fold02,0,L2,21,12,5,33,21,12,5,33,0,0
data_full__tp16_L5_p0p05,data_ablation_full,,tp16_L5_p0p05,5.0,0.05,run2,fold02,1,L4,18,9,13,31,18,10,13,30,1,0
data_full__tp16_L5_p0p05,data_ablation_full,,tp16_L5_p0p05,5.0,0.05,run2,fold02,2,L5,8,3,6,54,7,3,7,54,0,1
data_full__tp16_L5_p0p05,data_ablation_full,,tp16_L5_p0p05,5.0,0.05,run2,fold03,0,L2,20,11,6,34,20,11,6,34,0,0
data_full__tp16_L5_p0p05,data_ablation_full,,tp16_L5_p0p05,5.0,0.05,run2,fold03,1,L4,23,10,8,30,23,10,8,30,0,0
data_full__tp16_L5_p0p05,data_ablation_full,,tp16_L5_p0p05,5.0,0.05,run2,fold03,2,L5,4,3,10,54,4,3,10,54,0,0
data_full__tp16_L5_p0p05,data_ablation_full,,tp16_L5_p0p05,5.0,0.05,run2,oof_pooled,0,L2,63,33,16,102,63,33,16,102,0,0
data_full__tp16_L5_p0p05,data_ablation_full,,tp16_L5_p0p05,5.0,0.05,run2,oof_pooled,1,L4,62,27,31,94,62,28,31,93,1,0
data_full__tp16_L5_p0p05,data_ablation_full,,tp16_L5_p0p05,5.0,0.05,run2,oof_pooled,2,L5,19,10,23,162,18,10,24,162,0,1
data_no_conv__tp16_L5_p0p05,data_ablation_no_module,no_conv,tp16_L5_p0p05,5.0,0.05,run1,fold01,0,L1,109,34,25,159,109,34,25,159,0,0
data_no_conv__tp16_L5_p0p05,data_ablation_no_module,no_conv,tp16_L5_p0p05,5.0,0.05,run1,fold01,1,L2/L4/L5 gate,120,30,32,145,117,30,35,145,0,3
data_no_conv__tp16_L5_p0p05,data_ablation_no_module,no_conv,tp16_L5_p0p05,5.0,0.05,run1,fold01,2,L3,30,4,11,282,30,7,11,279,3,0
data_no_conv__tp16_L5_p0p05,data_ablation_no_module,no_conv,tp16_L5_p0p05,5.0,0.05,run1,fold02,0,L1,110,26,24,166,110,28,24,164,2,0
data_no_conv__tp16_L5_p0p05,data_ablation_no_module,no_conv,tp16_L5_p0p05,5.0,0.05,run1,fold02,1,L2/L4/L5 gate,121,28,31,146,119,28,33,146,0,2
data_no_conv__tp16_L5_p0p05,data_ablation_no_module,no_conv,tp16_L5_p0p05,5.0,0.05,run1,fold02,2,L3,30,11,10,275,30,11,10,275,0,0
data_no_conv__tp16_L5_p0p05,data_ablation_no_module,no_conv,tp16_L5_p0p05,5.0,0.05,run1,fold03,0,L1,108,28,26,164,108,33,26,159,5,0
data_no_conv__tp16_L5_p0p05,data_ablation_no_module,no_conv,tp16_L5_p0p05,5.0,0.05,run1,fold03,1,L2/L4/L5 gate,110,23,42,151,103,23,49,151,0,7
data_no_conv__tp16_L5_p0p05,data_ablation_no_module,no_conv,tp16_L5_p0p05,5.0,0.05,run1,fold03,2,L3,35,22,5,264,35,24,5,262,2,0
data_no_conv__tp16_L5_p0p05,data_ablation_no_module,no_conv,tp16_L5_p0p05,5.0,0.05,run1,oof_pooled,0,L1,327,88,75,489,327,95,75,482,7,0
data_no_conv__tp16_L5_p0p05,data_ablation_no_module,no_conv,tp16_L5_p0p05,5.0,0.05,run1,oof_pooled,1,L2/L4/L5 gate,351,81,105,442,339,81,117,442,0,12
data_no_conv__tp16_L5_p0p05,data_ablation_no_module,no_conv,tp16_L5_p0p05,5.0,0.05,run1,oof_pooled,2,L3,95,37,26,821,95,42,26,816,5,0
data_no_conv__tp16_L5_p0p05,data_ablation_no_module,no_conv,tp16_L5_p0p05,5.0,0.05,run2,fold01,0,L2,15,12,12,33,15,12,12,33,0,0
data_no_conv__tp16_L5_p0p05,data_ablation_no_module,no_conv,tp16_L5_p0p05,5.0,0.05,run2,fold01,1,L4,16,7,15,34,16,7,15,34,0,0
data_no_conv__tp16_L5_p0p05,data_ablation_no_module,no_conv,tp16_L5_p0p05,5.0,0.05,run2,fold01,2,L5,9,13,5,45,9,13,5,45,0,0
data_no_conv__tp16_L5_p0p05,data_ablation_no_module,no_conv,tp16_L5_p0p05,5.0,0.05,run2,fold02,0,L2,17,12,9,33,17,12,9,33,0,0
data_no_conv__tp16_L5_p0p05,data_ablation_no_module,no_conv,tp16_L5_p0p05,5.0,0.05,run2,fold02,1,L4,12,6,19,34,12,7,19,33,1,0
data_no_conv__tp16_L5_p0p05,data_ablation_no_module,no_conv,tp16_L5_p0p05,5.0,0.05,run2,fold02,2,L5,11,13,3,44,10,13,4,44,0,1
data_no_conv__tp16_L5_p0p05,data_ablation_no_module,no_conv,tp16_L5_p0p05,5.0,0.05,run2,fold03,0,L2,21,21,5,24,21,21,5,24,0,0
data_no_conv__tp16_L5_p0p05,data_ablation_no_module,no_conv,tp16_L5_p0p05,5.0,0.05,run2,fold03,1,L4,14,6,17,34,14,6,17,34,0,0
data_no_conv__tp16_L5_p0p05,data_ablation_no_module,no_conv,tp16_L5_p0p05,5.0,0.05,run2,fold03,2,L5,4,5,10,52,4,5,10,52,0,0
data_no_conv__tp16_L5_p0p05,data_ablation_no_module,no_conv,tp16_L5_p0p05,5.0,0.05,run2,oof_pooled,0,L2,53,45,26,90,53,45,26,90,0,0
data_no_conv__tp16_L5_p0p05,data_ablation_no_module,no_conv,tp16_L5_p0p05,5.0,0.05,run2,oof_pooled,1,L4,42,19,51,102,42,20,51,101,1,0
data_no_conv__tp16_L5_p0p05,data_ablation_no_module,no_conv,tp16_L5_p0p05,5.0,0.05,run2,oof_pooled,2,L5,24,31,18,141,23,31,19,141,0,1
module_masked__no_conv__tp16_L5_p0p05,module_ablation_masked,no_conv,tp16_L5_p0p05,5.0,0.05,run1,fold01,0,L1,112,34,22,159,109,34,25,159,0,3
module_masked__no_conv__tp16_L5_p0p05,module_ablation_masked,no_conv,tp16_L5_p0p05,5.0,0.05,run1,fold01,1,L2/L4/L5 gate,119,30,33,145,117,30,35,145,0,2
module_masked__no_conv__tp16_L5_p0p05,module_ablation_masked,no_conv,tp16_L5_p0p05,5.0,0.05,run1,fold01,2,L3,26,6,15,280,30,7,11,279,1,-4
module_masked__no_conv__tp16_L5_p0p05,module_ablation_masked,no_conv,tp16_L5_p0p05,5.0,0.05,run1,fold02,0,L1,105,24,29,168,110,28,24,164,4,-5
module_masked__no_conv__tp16_L5_p0p05,module_ablation_masked,no_conv,tp16_L5_p0p05,5.0,0.05,run1,fold02,1,L2/L4/L5 gate,123,31,29,143,119,28,33,146,-3,4
module_masked__no_conv__tp16_L5_p0p05,module_ablation_masked,no_conv,tp16_L5_p0p05,5.0,0.05,run1,fold02,2,L3,34,9,6,277,30,11,10,275,2,4
module_masked__no_conv__tp16_L5_p0p05,module_ablation_masked,no_conv,tp16_L5_p0p05,5.0,0.05,run1,fold03,0,L1,111,28,23,164,108,33,26,159,5,3
module_masked__no_conv__tp16_L5_p0p05,module_ablation_masked,no_conv,tp16_L5_p0p05,5.0,0.05,run1,fold03,1,L2/L4/L5 gate,128,29,24,145,103,23,49,151,-6,25
module_masked__no_conv__tp16_L5_p0p05,module_ablation_masked,no_conv,tp16_L5_p0p05,5.0,0.05,run1,fold03,2,L3,28,2,12,284,35,24,5,262,22,-7
module_masked__no_conv__tp16_L5_p0p05,module_ablation_masked,no_conv,tp16_L5_p0p05,5.0,0.05,run1,oof_pooled,0,L1,328,86,74,491,327,95,75,482,9,1
module_masked__no_conv__tp16_L5_p0p05,module_ablation_masked,no_conv,tp16_L5_p0p05,5.0,0.05,run1,oof_pooled,1,L2/L4/L5 gate,370,90,86,433,339,81,117,442,-9,31
module_masked__no_conv__tp16_L5_p0p05,module_ablation_masked,no_conv,tp16_L5_p0p05,5.0,0.05,run1,oof_pooled,2,L3,88,17,33,841,95,42,26,816,25,-7
module_masked__no_conv__tp16_L5_p0p05,module_ablation_masked,no_conv,tp16_L5_p0p05,5.0,0.05,run2,fold01,0,L2,22,10,5,35,15,12,12,33,2,7
module_masked__no_conv__tp16_L5_p0p05,module_ablation_masked,no_conv,tp16_L5_p0p05,5.0,0.05,run2,fold01,1,L4,21,8,10,33,16,7,15,34,-1,5
module_masked__no_conv__tp16_L5_p0p05,module_ablation_masked,no_conv,tp16_L5_p0p05,5.0,0.05,run2,fold01,2,L5,7,4,7,54,9,13,5,45,9,-2
module_masked__no_conv__tp16_L5_p0p05,module_ablation_masked,no_conv,tp16_L5_p0p05,5.0,0.05,run2,fold02,0,L2,21,12,5,33,17,12,9,33,0,4
module_masked__no_conv__tp16_L5_p0p05,module_ablation_masked,no_conv,tp16_L5_p0p05,5.0,0.05,run2,fold02,1,L4,18,10,13,30,12,7,19,33,-3,6
module_masked__no_conv__tp16_L5_p0p05,module_ablation_masked,no_conv,tp16_L5_p0p05,5.0,0.05,run2,fold02,2,L5,7,3,7,54,10,13,4,44,10,-3
module_masked__no_conv__tp16_L5_p0p05,module_ablation_masked,no_conv,tp16_L5_p0p05,5.0,0.05,run2,fold03,0,L2,20,11,6,34,21,21,5,24,10,-1
module_masked__no_conv__tp16_L5_p0p05,module_ablation_masked,no_conv,tp16_L5_p0p05,5.0,0.05,run2,fold03,1,L4,23,10,8,30,14,6,17,34,-4,9
module_masked__no_conv__tp16_L5_p0p05,module_ablation_masked,no_conv,tp16_L5_p0p05,5.0,0.05,run2,fold03,2,L5,4,3,10,54,4,5,10,52,2,0
module_masked__no_conv__tp16_L5_p0p05,module_ablation_masked,no_conv,tp16_L5_p0p05,5.0,0.05,run2,oof_pooled,0,L2,63,33,16,102,53,45,26,90,12,10
module_masked__no_conv__tp16_L5_p0p05,module_ablation_masked,no_conv,tp16_L5_p0p05,5.0,0.05,run2,oof_pooled,1,L4,62,28,31,93,42,20,51,101,-8,20
module_masked__no_conv__tp16_L5_p0p05,module_ablation_masked,no_conv,tp16_L5_p0p05,5.0,0.05,run2,oof_pooled,2,L5,18,10,24,162,23,31,19,141,21,-5
data_no_lstm__tp16_L5_p0p05,data_ablation_no_module,no_lstm,tp16_L5_p0p05,5.0,0.05,run1,fold01,0,L1,102,35,32,158,102,37,32,156,2,0
data_no_lstm__tp16_L5_p0p05,data_ablation_no_module,no_lstm,tp16_L5_p0p05,5.0,0.05,run1,fold01,1,L2/L4/L5 gate,117,40,35,135,108,40,44,135,0,9
data_no_lstm__tp16_L5_p0p05,data_ablation_no_module,no_lstm,tp16_L5_p0p05,5.0,0.05,run1,fold01,2,L3,27,6,14,280,27,13,14,273,7,0
data_no_lstm__tp16_L5_p0p05,data_ablation_no_module,no_lstm,tp16_L5_p0p05,5.0,0.05,run1,fold02,0,L1,101,36,33,156,101,39,33,153,3,0
data_no_lstm__tp16_L5_p0p05,data_ablation_no_module,no_lstm,tp16_L5_p0p05,5.0,0.05,run1,fold02,1,L2/L4/L5 gate,113,37,39,137,111,37,41,137,0,2
data_no_lstm__tp16_L5_p0p05,data_ablation_no_module,no_lstm,tp16_L5_p0p05,5.0,0.05,run1,fold02,2,L3,28,11,12,275,28,10,12,276,-1,0
data_no_lstm__tp16_L5_p0p05,data_ablation_no_module,no_lstm,tp16_L5_p0p05,5.0,0.05,run1,fold03,0,L1,104,28,30,164,104,32,30,160,4,0
data_no_lstm__tp16_L5_p0p05,data_ablation_no_module,no_lstm,tp16_L5_p0p05,5.0,0.05,run1,fold03,1,L2/L4/L5 gate,120,30,32,144,113,30,39,144,0,7
data_no_lstm__tp16_L5_p0p05,data_ablation_no_module,no_lstm,tp16_L5_p0p05,5.0,0.05,run1,fold03,2,L3,30,14,10,272,30,17,10,269,3,0
data_no_lstm__tp16_L5_p0p05,data_ablation_no_module,no_lstm,tp16_L5_p0p05,5.0,0.05,run1,oof_pooled,0,L1,307,99,95,478,307,108,95,469,9,0
data_no_lstm__tp16_L5_p0p05,data_ablation_no_module,no_lstm,tp16_L5_p0p05,5.0,0.05,run1,oof_pooled,1,L2/L4/L5 gate,350,107,106,416,332,107,124,416,0,18
data_no_lstm__tp16_L5_p0p05,data_ablation_no_module,no_lstm,tp16_L5_p0p05,5.0,0.05,run1,oof_pooled,2,L3,85,31,36,827,85,40,36,818,9,0
data_no_lstm__tp16_L5_p0p05,data_ablation_no_module,no_lstm,tp16_L5_p0p05,5.0,0.05,run2,fold01,0,L2,16,2,11,43,16,2,11,43,0,0
data_no_lstm__tp16_L5_p0p05,data_ablation_no_module,no_lstm,tp16_L5_p0p05,5.0,0.05,run2,fold01,1,L4,21,11,10,30,21,12,10,29,1,0
data_no_lstm__tp16_L5_p0p05,data_ablation_no_module,no_lstm,tp16_L5_p0p05,5.0,0.05,run2,fold01,2,L5,9,13,5,45,8,13,6,45,0,1
data_no_lstm__tp16_L5_p0p05,data_ablation_no_module,no_lstm,tp16_L5_p0p05,5.0,0.05,run2,fold02,0,L2,14,11,12,34,14,11,12,34,0,0
data_no_lstm__tp16_L5_p0p05,data_ablation_no_module,no_lstm,tp16_L5_p0p05,5.0,0.05,run2,fold02,1,L4,20,17,11,23,20,18,11,22,1,0
data_no_lstm__tp16_L5_p0p05,data_ablation_no_module,no_lstm,tp16_L5_p0p05,5.0,0.05,run2,fold02,2,L5,6,3,8,54,5,3,9,54,0,1
data_no_lstm__tp16_L5_p0p05,data_ablation_no_module,no_lstm,tp16_L5_p0p05,5.0,0.05,run2,fold03,0,L2,20,10,6,35,20,10,6,35,0,0
data_no_lstm__tp16_L5_p0p05,data_ablation_no_module,no_lstm,tp16_L5_p0p05,5.0,0.05,run2,fold03,1,L4,22,6,9,34,22,6,9,34,0,0
data_no_lstm__tp16_L5_p0p05,data_ablation_no_module,no_lstm,tp16_L5_p0p05,5.0,0.05,run2,fold03,2,L5,6,7,8,50,6,7,8,50,0,0
data_no_lstm__tp16_L5_p0p05,data_ablation_no_module,no_lstm,tp16_L5_p0p05,5.0,0.05,run2,oof_pooled,0,L2,50,23,29,112,50,23,29,112,0,0
data_no_lstm__tp16_L5_p0p05,data_ablation_no_module,no_lstm,tp16_L5_p0p05,5.0,0.05,run2,oof_pooled,1,L4,63,34,30,87,63,36,30,85,2,0
data_no_lstm__tp16_L5_p0p05,data_ablation_no_module,no_lstm,tp16_L5_p0p05,5.0,0.05,run2,oof_pooled,2,L5,21,23,21,149,19,23,23,149,0,2
module_masked__no_lstm__tp16_L5_p0p05,module_ablation_masked,no_lstm,tp16_L5_p0p05,5.0,0.05,run1,fold01,0,L1,112,34,22,159,102,37,32,156,3,10
module_masked__no_lstm__tp16_L5_p0p05,module_ablation_masked,no_lstm,tp16_L5_p0p05,5.0,0.05,run1,fold01,1,L2/L4/L5 gate,119,30,33,145,108,40,44,135,10,11
module_masked__no_lstm__tp16_L5_p0p05,module_ablation_masked,no_lstm,tp16_L5_p0p05,5.0,0.05,run1,fold01,2,L3,26,6,15,280,27,13,14,273,7,-1
module_masked__no_lstm__tp16_L5_p0p05,module_ablation_masked,no_lstm,tp16_L5_p0p05,5.0,0.05,run1,fold02,0,L1,105,24,29,168,101,39,33,153,15,4
module_masked__no_lstm__tp16_L5_p0p05,module_ablation_masked,no_lstm,tp16_L5_p0p05,5.0,0.05,run1,fold02,1,L2/L4/L5 gate,123,31,29,143,111,37,41,137,6,12
module_masked__no_lstm__tp16_L5_p0p05,module_ablation_masked,no_lstm,tp16_L5_p0p05,5.0,0.05,run1,fold02,2,L3,34,9,6,277,28,10,12,276,1,6
module_masked__no_lstm__tp16_L5_p0p05,module_ablation_masked,no_lstm,tp16_L5_p0p05,5.0,0.05,run1,fold03,0,L1,111,28,23,164,104,32,30,160,4,7
module_masked__no_lstm__tp16_L5_p0p05,module_ablation_masked,no_lstm,tp16_L5_p0p05,5.0,0.05,run1,fold03,1,L2/L4/L5 gate,128,29,24,145,113,30,39,144,1,15
module_masked__no_lstm__tp16_L5_p0p05,module_ablation_masked,no_lstm,tp16_L5_p0p05,5.0,0.05,run1,fold03,2,L3,28,2,12,284,30,17,10,269,15,-2
module_masked__no_lstm__tp16_L5_p0p05,module_ablation_masked,no_lstm,tp16_L5_p0p05,5.0,0.05,run1,oof_pooled,0,L1,328,86,74,491,307,108,95,469,22,21
module_masked__no_lstm__tp16_L5_p0p05,module_ablation_masked,no_lstm,tp16_L5_p0p05,5.0,0.05,run1,oof_pooled,1,L2/L4/L5 gate,370,90,86,433,332,107,124,416,17,38
module_masked__no_lstm__tp16_L5_p0p05,module_ablation_masked,no_lstm,tp16_L5_p0p05,5.0,0.05,run1,oof_pooled,2,L3,88,17,33,841,85,40,36,818,23,3
module_masked__no_lstm__tp16_L5_p0p05,module_ablation_masked,no_lstm,tp16_L5_p0p05,5.0,0.05,run2,fold01,0,L2,22,10,5,35,16,2,11,43,-8,6
module_masked__no_lstm__tp16_L5_p0p05,module_ablation_masked,no_lstm,tp16_L5_p0p05,5.0,0.05,run2,fold01,1,L4,21,8,10,33,21,12,10,29,4,0
module_masked__no_lstm__tp16_L5_p0p05,module_ablation_masked,no_lstm,tp16_L5_p0p05,5.0,0.05,run2,fold01,2,L5,7,4,7,54,8,13,6,45,9,-1
module_masked__no_lstm__tp16_L5_p0p05,module_ablation_masked,no_lstm,tp16_L5_p0p05,5.0,0.05,run2,fold02,0,L2,21,12,5,33,14,11,12,34,-1,7
module_masked__no_lstm__tp16_L5_p0p05,module_ablation_masked,no_lstm,tp16_L5_p0p05,5.0,0.05,run2,fold02,1,L4,18,10,13,30,20,18,11,22,8,-2
module_masked__no_lstm__tp16_L5_p0p05,module_ablation_masked,no_lstm,tp16_L5_p0p05,5.0,0.05,run2,fold02,2,L5,7,3,7,54,5,3,9,54,0,2
module_masked__no_lstm__tp16_L5_p0p05,module_ablation_masked,no_lstm,tp16_L5_p0p05,5.0,0.05,run2,fold03,0,L2,20,11,6,34,20,10,6,35,-1,0
module_masked__no_lstm__tp16_L5_p0p05,module_ablation_masked,no_lstm,tp16_L5_p0p05,5.0,0.05,run2,fold03,1,L4,23,10,8,30,22,6,9,34,-4,1
module_masked__no_lstm__tp16_L5_p0p05,module_ablation_masked,no_lstm,tp16_L5_p0p05,5.0,0.05,run2,fold03,2,L5,4,3,10,54,6,7,8,50,4,-2
module_masked__no_lstm__tp16_L5_p0p05,module_ablation_masked,no_lstm,tp16_L5_p0p05,5.0,0.05,run2,oof_pooled,0,L2,63,33,16,102,50,23,29,112,-10,13
module_masked__no_lstm__tp16_L5_p0p05,module_ablation_masked,no_lstm,tp16_L5_p0p05,5.0,0.05,run2,oof_pooled,1,L4,62,28,31,93,63,36,30,85,8,-1
module_masked__no_lstm__tp16_L5_p0p05,module_ablation_masked,no_lstm,tp16_L5_p0p05,5.0,0.05,run2,oof_pooled,2,L5,18,10,24,162,19,23,23,149,13,-1
data_no_attention__tp16_L5_p0p05,data_ablation_no_module,no_attention,tp16_L5_p0p05,5.0,0.05,run1,fold01,0,L1,113,29,21,164,113,30,21,163,1,0
data_no_attention__tp16_L5_p0p05,data_ablation_no_module,no_attention,tp16_L5_p0p05,5.0,0.05,run1,fold01,1,L2/L4/L5 gate,125,28,27,147,112,28,40,147,0,13
data_no_attention__tp16_L5_p0p05,data_ablation_no_module,no_attention,tp16_L5_p0p05,5.0,0.05,run1,fold01,2,L3,30,2,11,284,30,14,11,272,12,0
data_no_attention__tp16_L5_p0p05,data_ablation_no_module,no_attention,tp16_L5_p0p05,5.0,0.05,run1,fold02,0,L1,107,21,27,171,107,29,27,163,8,0
data_no_attention__tp16_L5_p0p05,data_ablation_no_module,no_attention,tp16_L5_p0p05,5.0,0.05,run1,fold02,1,L2/L4/L5 gate,131,31,21,143,119,31,33,143,0,12
data_no_attention__tp16_L5_p0p05,data_ablation_no_module,no_attention,tp16_L5_p0p05,5.0,0.05,run1,fold02,2,L3,29,7,11,279,29,11,11,275,4,0
data_no_attention__tp16_L5_p0p05,data_ablation_no_module,no_attention,tp16_L5_p0p05,5.0,0.05,run1,fold03,0,L1,113,20,21,172,113,31,21,161,11,0
data_no_attention__tp16_L5_p0p05,data_ablation_no_module,no_attention,tp16_L5_p0p05,5.0,0.05,run1,fold03,1,L2/L4/L5 gate,129,23,23,151,115,23,37,151,0,14
data_no_attention__tp16_L5_p0p05,data_ablation_no_module,no_attention,tp16_L5_p0p05,5.0,0.05,run1,fold03,2,L3,33,8,7,278,33,11,7,275,3,0
data_no_attention__tp16_L5_p0p05,data_ablation_no_module,no_attention,tp16_L5_p0p05,5.0,0.05,run1,oof_pooled,0,L1,333,70,69,507,333,90,69,487,20,0
data_no_attention__tp16_L5_p0p05,data_ablation_no_module,no_attention,tp16_L5_p0p05,5.0,0.05,run1,oof_pooled,1,L2/L4/L5 gate,385,82,71,441,346,82,110,441,0,39
data_no_attention__tp16_L5_p0p05,data_ablation_no_module,no_attention,tp16_L5_p0p05,5.0,0.05,run1,oof_pooled,2,L3,92,17,29,841,92,36,29,822,19,0
data_no_attention__tp16_L5_p0p05,data_ablation_no_module,no_attention,tp16_L5_p0p05,5.0,0.05,run2,fold01,0,L2,15,6,12,39,15,6,12,39,0,0
data_no_attention__tp16_L5_p0p05,data_ablation_no_module,no_attention,tp16_L5_p0p05,5.0,0.05,run2,fold01,1,L4,21,16,10,25,21,17,10,24,1,0
data_no_attention__tp16_L5_p0p05,data_ablation_no_module,no_attention,tp16_L5_p0p05,5.0,0.05,run2,fold01,2,L5,6,8,8,50,5,8,9,50,0,1
data_no_attention__tp16_L5_p0p05,data_ablation_no_module,no_attention,tp16_L5_p0p05,5.0,0.05,run2,fold02,0,L2,16,8,10,37,16,8,10,37,0,0
data_no_attention__tp16_L5_p0p05,data_ablation_no_module,no_attention,tp16_L5_p0p05,5.0,0.05,run2,fold02,1,L4,16,6,15,34,16,7,15,33,1,0
data_no_attention__tp16_L5_p0p05,data_ablation_no_module,no_attention,tp16_L5_p0p05,5.0,0.05,run2,fold02,2,L5,13,12,1,45,12,12,2,45,0,1
data_no_attention__tp16_L5_p0p05,data_ablation_no_module,no_attention,tp16_L5_p0p05,5.0,0.05,run2,fold03,0,L2,17,10,9,35,17,10,9,35,0,0
data_no_attention__tp16_L5_p0p05,data_ablation_no_module,no_attention,tp16_L5_p0p05,5.0,0.05,run2,fold03,1,L4,19,13,12,27,19,13,12,27,0,0
data_no_attention__tp16_L5_p0p05,data_ablation_no_module,no_attention,tp16_L5_p0p05,5.0,0.05,run2,fold03,2,L5,4,8,10,49,4,8,10,49,0,0
data_no_attention__tp16_L5_p0p05,data_ablation_no_module,no_attention,tp16_L5_p0p05,5.0,0.05,run2,oof_pooled,0,L2,48,24,31,111,48,24,31,111,0,0
data_no_attention__tp16_L5_p0p05,data_ablation_no_module,no_attention,tp16_L5_p0p05,5.0,0.05,run2,oof_pooled,1,L4,56,35,37,86,56,37,37,84,2,0
data_no_attention__tp16_L5_p0p05,data_ablation_no_module,no_attention,tp16_L5_p0p05,5.0,0.05,run2,oof_pooled,2,L5,23,28,19,144,21,28,21,144,0,2
module_masked__no_attention__tp16_L5_p0p05,module_ablation_masked,no_attention,tp16_L5_p0p05,5.0,0.05,run1,fold01,0,L1,112,34,22,159,113,30,21,163,-4,-1
module_masked__no_attention__tp16_L5_p0p05,module_ablation_masked,no_attention,tp16_L5_p0p05,5.0,0.05,run1,fold01,1,L2/L4/L5 gate,119,30,33,145,112,28,40,147,-2,7
module_masked__no_attention__tp16_L5_p0p05,module_ablation_masked,no_attention,tp16_L5_p0p05,5.0,0.05,run1,fold01,2,L3,26,6,15,280,30,14,11,272,8,-4
module_masked__no_attention__tp16_L5_p0p05,module_ablation_masked,no_attention,tp16_L5_p0p05,5.0,0.05,run1,fold02,0,L1,105,24,29,168,107,29,27,163,5,-2
module_masked__no_attention__tp16_L5_p0p05,module_ablation_masked,no_attention,tp16_L5_p0p05,5.0,0.05,run1,fold02,1,L2/L4/L5 gate,123,31,29,143,119,31,33,143,0,4
module_masked__no_attention__tp16_L5_p0p05,module_ablation_masked,no_attention,tp16_L5_p0p05,5.0,0.05,run1,fold02,2,L3,34,9,6,277,29,11,11,275,2,5
module_masked__no_attention__tp16_L5_p0p05,module_ablation_masked,no_attention,tp16_L5_p0p05,5.0,0.05,run1,fold03,0,L1,111,28,23,164,113,31,21,161,3,-2
module_masked__no_attention__tp16_L5_p0p05,module_ablation_masked,no_attention,tp16_L5_p0p05,5.0,0.05,run1,fold03,1,L2/L4/L5 gate,128,29,24,145,115,23,37,151,-6,13
module_masked__no_attention__tp16_L5_p0p05,module_ablation_masked,no_attention,tp16_L5_p0p05,5.0,0.05,run1,fold03,2,L3,28,2,12,284,33,11,7,275,9,-5
module_masked__no_attention__tp16_L5_p0p05,module_ablation_masked,no_attention,tp16_L5_p0p05,5.0,0.05,run1,oof_pooled,0,L1,328,86,74,491,333,90,69,487,4,-5
module_masked__no_attention__tp16_L5_p0p05,module_ablation_masked,no_attention,tp16_L5_p0p05,5.0,0.05,run1,oof_pooled,1,L2/L4/L5 gate,370,90,86,433,346,82,110,441,-8,24
module_masked__no_attention__tp16_L5_p0p05,module_ablation_masked,no_attention,tp16_L5_p0p05,5.0,0.05,run1,oof_pooled,2,L3,88,17,33,841,92,36,29,822,19,-4
module_masked__no_attention__tp16_L5_p0p05,module_ablation_masked,no_attention,tp16_L5_p0p05,5.0,0.05,run2,fold01,0,L2,22,10,5,35,15,6,12,39,-4,7
module_masked__no_attention__tp16_L5_p0p05,module_ablation_masked,no_attention,tp16_L5_p0p05,5.0,0.05,run2,fold01,1,L4,21,8,10,33,21,17,10,24,9,0
module_masked__no_attention__tp16_L5_p0p05,module_ablation_masked,no_attention,tp16_L5_p0p05,5.0,0.05,run2,fold01,2,L5,7,4,7,54,5,8,9,50,4,2
module_masked__no_attention__tp16_L5_p0p05,module_ablation_masked,no_attention,tp16_L5_p0p05,5.0,0.05,run2,fold02,0,L2,21,12,5,33,16,8,10,37,-4,5
module_masked__no_attention__tp16_L5_p0p05,module_ablation_masked,no_attention,tp16_L5_p0p05,5.0,0.05,run2,fold02,1,L4,18,10,13,30,16,7,15,33,-3,2
module_masked__no_attention__tp16_L5_p0p05,module_ablation_masked,no_attention,tp16_L5_p0p05,5.0,0.05,run2,fold02,2,L5,7,3,7,54,12,12,2,45,9,-5
module_masked__no_attention__tp16_L5_p0p05,module_ablation_masked,no_attention,tp16_L5_p0p05,5.0,0.05,run2,fold03,0,L2,20,11,6,34,17,10,9,35,-1,3
module_masked__no_attention__tp16_L5_p0p05,module_ablation_masked,no_attention,tp16_L5_p0p05,5.0,0.05,run2,fold03,1,L4,23,10,8,30,19,13,12,27,3,4
module_masked__no_attention__tp16_L5_p0p05,module_ablation_masked,no_attention,tp16_L5_p0p05,5.0,0.05,run2,fold03,2,L5,4,3,10,54,4,8,10,49,5,0
module_masked__no_attention__tp16_L5_p0p05,module_ablation_masked,no_attention,tp16_L5_p0p05,5.0,0.05,run2,oof_pooled,0,L2,63,33,16,102,48,24,31,111,-9,15
module_masked__no_attention__tp16_L5_p0p05,module_ablation_masked,no_attention,tp16_L5_p0p05,5.0,0.05,run2,oof_pooled,1,L4,62,28,31,93,56,37,37,84,9,6
module_masked__no_attention__tp16_L5_p0p05,module_ablation_masked,no_attention,tp16_L5_p0p05,5.0,0.05,run2,oof_pooled,2,L5,18,10,24,162,21,28,21,144,18,-3
data_full__tp17_L5_p0p06,data_ablation_full,,tp17_L5_p0p06,5.0,0.06,run1,fold01,0,L1,112,30,22,163,112,35,22,158,5,0
data_full__tp17_L5_p0p06,data_ablation_full,,tp17_L5_p0p06,5.0,0.06,run1,fold01,1,L2/L4/L5 gate,126,30,26,145,118,30,34,145,0,8
data_full__tp17_L5_p0p06,data_ablation_full,,tp17_L5_p0p06,5.0,0.06,run1,fold01,2,L3,26,3,15,283,26,6,15,280,3,0
data_full__tp17_L5_p0p06,data_ablation_full,,tp17_L5_p0p06,5.0,0.06,run1,fold02,0,L1,105,22,29,170,105,24,29,168,2,0
data_full__tp17_L5_p0p06,data_ablation_full,,tp17_L5_p0p06,5.0,0.06,run1,fold02,1,L2/L4/L5 gate,127,31,25,143,123,31,29,143,0,4
data_full__tp17_L5_p0p06,data_ablation_full,,tp17_L5_p0p06,5.0,0.06,run1,fold02,2,L3,34,7,6,279,34,9,6,277,2,0
data_full__tp17_L5_p0p06,data_ablation_full,,tp17_L5_p0p06,5.0,0.06,run1,fold03,0,L1,111,21,23,171,111,26,23,166,5,0
data_full__tp17_L5_p0p06,data_ablation_full,,tp17_L5_p0p06,5.0,0.06,run1,fold03,1,L2/L4/L5 gate,135,29,17,145,130,29,22,145,0,5
data_full__tp17_L5_p0p06,data_ablation_full,,tp17_L5_p0p06,5.0,0.06,run1,fold03,2,L3,28,2,12,284,28,2,12,284,0,0
data_full__tp17_L5_p0p06,data_ablation_full,,tp17_L5_p0p06,5.0,0.06,run1,oof_pooled,0,L1,328,73,74,504,328,85,74,492,12,0
data_full__tp17_L5_p0p06,data_ablation_full,,tp17_L5_p0p06,5.0,0.06,run1,oof_pooled,1,L2/L4/L5 gate,388,90,68,433,371,90,85,433,0,17
data_full__tp17_L5_p0p06,data_ablation_full,,tp17_L5_p0p06,5.0,0.06,run1,oof_pooled,2,L3,88,12,33,846,88,17,33,841,5,0
data_full__tp17_L5_p0p06,data_ablation_full,,tp17_L5_p0p06,5.0,0.06,run2,fold01,0,L2,22,10,5,35,22,10,5,35,0,0
data_full__tp17_L5_p0p06,data_ablation_full,,tp17_L5_p0p06,5.0,0.06,run2,fold01,1,L4,21,8,10,33,21,8,10,33,0,0
data_full__tp17_L5_p0p06,data_ablation_full,,tp17_L5_p0p06,5.0,0.06,run2,fold01,2,L5,7,4,7,54,7,4,7,54,0,0
data_full__tp17_L5_p0p06,data_ablation_full,,tp17_L5_p0p06,5.0,0.06,run2,fold02,0,L2,21,12,5,33,21,12,5,33,0,0
data_full__tp17_L5_p0p06,data_ablation_full,,tp17_L5_p0p06,5.0,0.06,run2,fold02,1,L4,18,9,13,31,18,10,13,30,1,0
data_full__tp17_L5_p0p06,data_ablation_full,,tp17_L5_p0p06,5.0,0.06,run2,fold02,2,L5,8,3,6,54,7,3,7,54,0,1
data_full__tp17_L5_p0p06,data_ablation_full,,tp17_L5_p0p06,5.0,0.06,run2,fold03,0,L2,20,11,6,34,20,11,6,34,0,0
data_full__tp17_L5_p0p06,data_ablation_full,,tp17_L5_p0p06,5.0,0.06,run2,fold03,1,L4,23,10,8,30,23,10,8,30,0,0
data_full__tp17_L5_p0p06,data_ablation_full,,tp17_L5_p0p06,5.0,0.06,run2,fold03,2,L5,4,3,10,54,4,3,10,54,0,0
data_full__tp17_L5_p0p06,data_ablation_full,,tp17_L5_p0p06,5.0,0.06,run2,oof_pooled,0,L2,63,33,16,102,63,33,16,102,0,0
data_full__tp17_L5_p0p06,data_ablation_full,,tp17_L5_p0p06,5.0,0.06,run2,oof_pooled,1,L4,62,27,31,94,62,28,31,93,1,0
data_full__tp17_L5_p0p06,data_ablation_full,,tp17_L5_p0p06,5.0,0.06,run2,oof_pooled,2,L5,19,10,23,162,18,10,24,162,0,1
data_no_conv__tp17_L5_p0p06,data_ablation_no_module,no_conv,tp17_L5_p0p06,5.0,0.06,run1,fold01,0,L1,109,34,25,159,109,34,25,159,0,0
data_no_conv__tp17_L5_p0p06,data_ablation_no_module,no_conv,tp17_L5_p0p06,5.0,0.06,run1,fold01,1,L2/L4/L5 gate,120,30,32,145,117,30,35,145,0,3
data_no_conv__tp17_L5_p0p06,data_ablation_no_module,no_conv,tp17_L5_p0p06,5.0,0.06,run1,fold01,2,L3,30,4,11,282,30,7,11,279,3,0
data_no_conv__tp17_L5_p0p06,data_ablation_no_module,no_conv,tp17_L5_p0p06,5.0,0.06,run1,fold02,0,L1,110,26,24,166,110,28,24,164,2,0
data_no_conv__tp17_L5_p0p06,data_ablation_no_module,no_conv,tp17_L5_p0p06,5.0,0.06,run1,fold02,1,L2/L4/L5 gate,121,28,31,146,119,28,33,146,0,2
data_no_conv__tp17_L5_p0p06,data_ablation_no_module,no_conv,tp17_L5_p0p06,5.0,0.06,run1,fold02,2,L3,30,11,10,275,30,11,10,275,0,0
data_no_conv__tp17_L5_p0p06,data_ablation_no_module,no_conv,tp17_L5_p0p06,5.0,0.06,run1,fold03,0,L1,108,28,26,164,108,33,26,159,5,0
data_no_conv__tp17_L5_p0p06,data_ablation_no_module,no_conv,tp17_L5_p0p06,5.0,0.06,run1,fold03,1,L2/L4/L5 gate,110,23,42,151,103,23,49,151,0,7
data_no_conv__tp17_L5_p0p06,data_ablation_no_module,no_conv,tp17_L5_p0p06,5.0,0.06,run1,fold03,2,L3,35,22,5,264,35,24,5,262,2,0
data_no_conv__tp17_L5_p0p06,data_ablation_no_module,no_conv,tp17_L5_p0p06,5.0,0.06,run1,oof_pooled,0,L1,327,88,75,489,327,95,75,482,7,0
data_no_conv__tp17_L5_p0p06,data_ablation_no_module,no_conv,tp17_L5_p0p06,5.0,0.06,run1,oof_pooled,1,L2/L4/L5 gate,351,81,105,442,339,81,117,442,0,12
data_no_conv__tp17_L5_p0p06,data_ablation_no_module,no_conv,tp17_L5_p0p06,5.0,0.06,run1,oof_pooled,2,L3,95,37,26,821,95,42,26,816,5,0
data_no_conv__tp17_L5_p0p06,data_ablation_no_module,no_conv,tp17_L5_p0p06,5.0,0.06,run2,fold01,0,L2,15,12,12,33,15,12,12,33,0,0
data_no_conv__tp17_L5_p0p06,data_ablation_no_module,no_conv,tp17_L5_p0p06,5.0,0.06,run2,fold01,1,L4,16,7,15,34,16,7,15,34,0,0
data_no_conv__tp17_L5_p0p06,data_ablation_no_module,no_conv,tp17_L5_p0p06,5.0,0.06,run2,fold01,2,L5,9,13,5,45,9,13,5,45,0,0
data_no_conv__tp17_L5_p0p06,data_ablation_no_module,no_conv,tp17_L5_p0p06,5.0,0.06,run2,fold02,0,L2,17,12,9,33,17,12,9,33,0,0
data_no_conv__tp17_L5_p0p06,data_ablation_no_module,no_conv,tp17_L5_p0p06,5.0,0.06,run2,fold02,1,L4,12,6,19,34,12,7,19,33,1,0
data_no_conv__tp17_L5_p0p06,data_ablation_no_module,no_conv,tp17_L5_p0p06,5.0,0.06,run2,fold02,2,L5,11,13,3,44,10,13,4,44,0,1
data_no_conv__tp17_L5_p0p06,data_ablation_no_module,no_conv,tp17_L5_p0p06,5.0,0.06,run2,fold03,0,L2,21,21,5,24,21,21,5,24,0,0
data_no_conv__tp17_L5_p0p06,data_ablation_no_module,no_conv,tp17_L5_p0p06,5.0,0.06,run2,fold03,1,L4,14,6,17,34,14,6,17,34,0,0
data_no_conv__tp17_L5_p0p06,data_ablation_no_module,no_conv,tp17_L5_p0p06,5.0,0.06,run2,fold03,2,L5,4,5,10,52,4,5,10,52,0,0
data_no_conv__tp17_L5_p0p06,data_ablation_no_module,no_conv,tp17_L5_p0p06,5.0,0.06,run2,oof_pooled,0,L2,53,45,26,90,53,45,26,90,0,0
data_no_conv__tp17_L5_p0p06,data_ablation_no_module,no_conv,tp17_L5_p0p06,5.0,0.06,run2,oof_pooled,1,L4,42,19,51,102,42,20,51,101,1,0
data_no_conv__tp17_L5_p0p06,data_ablation_no_module,no_conv,tp17_L5_p0p06,5.0,0.06,run2,oof_pooled,2,L5,24,31,18,141,23,31,19,141,0,1
module_masked__no_conv__tp17_L5_p0p06,module_ablation_masked,no_conv,tp17_L5_p0p06,5.0,0.06,run1,fold01,0,L1,112,35,22,158,109,34,25,159,-1,3
module_masked__no_conv__tp17_L5_p0p06,module_ablation_masked,no_conv,tp17_L5_p0p06,5.0,0.06,run1,fold01,1,L2/L4/L5 gate,118,30,34,145,117,30,35,145,0,1
module_masked__no_conv__tp17_L5_p0p06,module_ablation_masked,no_conv,tp17_L5_p0p06,5.0,0.06,run1,fold01,2,L3,26,6,15,280,30,7,11,279,1,-4
module_masked__no_conv__tp17_L5_p0p06,module_ablation_masked,no_conv,tp17_L5_p0p06,5.0,0.06,run1,fold02,0,L1,105,24,29,168,110,28,24,164,4,-5
module_masked__no_conv__tp17_L5_p0p06,module_ablation_masked,no_conv,tp17_L5_p0p06,5.0,0.06,run1,fold02,1,L2/L4/L5 gate,123,31,29,143,119,28,33,146,-3,4
module_masked__no_conv__tp17_L5_p0p06,module_ablation_masked,no_conv,tp17_L5_p0p06,5.0,0.06,run1,fold02,2,L3,34,9,6,277,30,11,10,275,2,4
module_masked__no_conv__tp17_L5_p0p06,module_ablation_masked,no_conv,tp17_L5_p0p06,5.0,0.06,run1,fold03,0,L1,111,26,23,166,108,33,26,159,7,3
module_masked__no_conv__tp17_L5_p0p06,module_ablation_masked,no_conv,tp17_L5_p0p06,5.0,0.06,run1,fold03,1,L2/L4/L5 gate,130,29,22,145,103,23,49,151,-6,27
module_masked__no_conv__tp17_L5_p0p06,module_ablation_masked,no_conv,tp17_L5_p0p06,5.0,0.06,run1,fold03,2,L3,28,2,12,284,35,24,5,262,22,-7
module_masked__no_conv__tp17_L5_p0p06,module_ablation_masked,no_conv,tp17_L5_p0p06,5.0,0.06,run1,oof_pooled,0,L1,328,85,74,492,327,95,75,482,10,1
module_masked__no_conv__tp17_L5_p0p06,module_ablation_masked,no_conv,tp17_L5_p0p06,5.0,0.06,run1,oof_pooled,1,L2/L4/L5 gate,371,90,85,433,339,81,117,442,-9,32
module_masked__no_conv__tp17_L5_p0p06,module_ablation_masked,no_conv,tp17_L5_p0p06,5.0,0.06,run1,oof_pooled,2,L3,88,17,33,841,95,42,26,816,25,-7
module_masked__no_conv__tp17_L5_p0p06,module_ablation_masked,no_conv,tp17_L5_p0p06,5.0,0.06,run2,fold01,0,L2,22,10,5,35,15,12,12,33,2,7
module_masked__no_conv__tp17_L5_p0p06,module_ablation_masked,no_conv,tp17_L5_p0p06,5.0,0.06,run2,fold01,1,L4,21,8,10,33,16,7,15,34,-1,5
module_masked__no_conv__tp17_L5_p0p06,module_ablation_masked,no_conv,tp17_L5_p0p06,5.0,0.06,run2,fold01,2,L5,7,4,7,54,9,13,5,45,9,-2
module_masked__no_conv__tp17_L5_p0p06,module_ablation_masked,no_conv,tp17_L5_p0p06,5.0,0.06,run2,fold02,0,L2,21,12,5,33,17,12,9,33,0,4
module_masked__no_conv__tp17_L5_p0p06,module_ablation_masked,no_conv,tp17_L5_p0p06,5.0,0.06,run2,fold02,1,L4,18,10,13,30,12,7,19,33,-3,6
module_masked__no_conv__tp17_L5_p0p06,module_ablation_masked,no_conv,tp17_L5_p0p06,5.0,0.06,run2,fold02,2,L5,7,3,7,54,10,13,4,44,10,-3
module_masked__no_conv__tp17_L5_p0p06,module_ablation_masked,no_conv,tp17_L5_p0p06,5.0,0.06,run2,fold03,0,L2,20,11,6,34,21,21,5,24,10,-1
module_masked__no_conv__tp17_L5_p0p06,module_ablation_masked,no_conv,tp17_L5_p0p06,5.0,0.06,run2,fold03,1,L4,23,10,8,30,14,6,17,34,-4,9
module_masked__no_conv__tp17_L5_p0p06,module_ablation_masked,no_conv,tp17_L5_p0p06,5.0,0.06,run2,fold03,2,L5,4,3,10,54,4,5,10,52,2,0
module_masked__no_conv__tp17_L5_p0p06,module_ablation_masked,no_conv,tp17_L5_p0p06,5.0,0.06,run2,oof_pooled,0,L2,63,33,16,102,53,45,26,90,12,10
module_masked__no_conv__tp17_L5_p0p06,module_ablation_masked,no_conv,tp17_L5_p0p06,5.0,0.06,run2,oof_pooled,1,L4,62,28,31,93,42,20,51,101,-8,20
module_masked__no_conv__tp17_L5_p0p06,module_ablation_masked,no_conv,tp17_L5_p0p06,5.0,0.06,run2,oof_pooled,2,L5,18,10,24,162,23,31,19,141,21,-5
data_no_lstm__tp17_L5_p0p06,data_ablation_no_module,no_lstm,tp17_L5_p0p06,5.0,0.06,run1,fold01,0,L1,102,35,32,158,102,36,32,157,1,0
data_no_lstm__tp17_L5_p0p06,data_ablation_no_module,no_lstm,tp17_L5_p0p06,5.0,0.06,run1,fold01,1,L2/L4/L5 gate,117,40,35,135,109,40,43,135,0,8
data_no_lstm__tp17_L5_p0p06,data_ablation_no_module,no_lstm,tp17_L5_p0p06,5.0,0.06,run1,fold01,2,L3,27,6,14,280,27,13,14,273,7,0
data_no_lstm__tp17_L5_p0p06,data_ablation_no_module,no_lstm,tp17_L5_p0p06,5.0,0.06,run1,fold02,0,L1,101,36,33,156,101,38,33,154,2,0
data_no_lstm__tp17_L5_p0p06,data_ablation_no_module,no_lstm,tp17_L5_p0p06,5.0,0.06,run1,fold02,1,L2/L4/L5 gate,113,37,39,137,112,37,40,137,0,1
data_no_lstm__tp17_L5_p0p06,data_ablation_no_module,no_lstm,tp17_L5_p0p06,5.0,0.06,run1,fold02,2,L3,28,11,12,275,28,10,12,276,-1,0
data_no_lstm__tp17_L5_p0p06,data_ablation_no_module,no_lstm,tp17_L5_p0p06,5.0,0.06,run1,fold03,0,L1,104,28,30,164,104,31,30,161,3,0
data_no_lstm__tp17_L5_p0p06,data_ablation_no_module,no_lstm,tp17_L5_p0p06,5.0,0.06,run1,fold03,1,L2/L4/L5 gate,120,30,32,144,114,30,38,144,0,6
data_no_lstm__tp17_L5_p0p06,data_ablation_no_module,no_lstm,tp17_L5_p0p06,5.0,0.06,run1,fold03,2,L3,30,14,10,272,30,17,10,269,3,0
data_no_lstm__tp17_L5_p0p06,data_ablation_no_module,no_lstm,tp17_L5_p0p06,5.0,0.06,run1,oof_pooled,0,L1,307,99,95,478,307,105,95,472,6,0
data_no_lstm__tp17_L5_p0p06,data_ablation_no_module,no_lstm,tp17_L5_p0p06,5.0,0.06,run1,oof_pooled,1,L2/L4/L5 gate,350,107,106,416,335,107,121,416,0,15
data_no_lstm__tp17_L5_p0p06,data_ablation_no_module,no_lstm,tp17_L5_p0p06,5.0,0.06,run1,oof_pooled,2,L3,85,31,36,827,85,40,36,818,9,0
data_no_lstm__tp17_L5_p0p06,data_ablation_no_module,no_lstm,tp17_L5_p0p06,5.0,0.06,run2,fold01,0,L2,16,2,11,43,16,2,11,43,0,0
data_no_lstm__tp17_L5_p0p06,data_ablation_no_module,no_lstm,tp17_L5_p0p06,5.0,0.06,run2,fold01,1,L4,21,11,10,30,21,12,10,29,1,0
data_no_lstm__tp17_L5_p0p06,data_ablation_no_module,no_lstm,tp17_L5_p0p06,5.0,0.06,run2,fold01,2,L5,9,13,5,45,8,13,6,45,0,1
data_no_lstm__tp17_L5_p0p06,data_ablation_no_module,no_lstm,tp17_L5_p0p06,5.0,0.06,run2,fold02,0,L2,14,11,12,34,14,11,12,34,0,0
data_no_lstm__tp17_L5_p0p06,data_ablation_no_module,no_lstm,tp17_L5_p0p06,5.0,0.06,run2,fold02,1,L4,20,17,11,23,20,18,11,22,1,0
data_no_lstm__tp17_L5_p0p06,data_ablation_no_module,no_lstm,tp17_L5_p0p06,5.0,0.06,run2,fold02,2,L5,6,3,8,54,5,3,9,54,0,1
data_no_lstm__tp17_L5_p0p06,data_ablation_no_module,no_lstm,tp17_L5_p0p06,5.0,0.06,run2,fold03,0,L2,20,10,6,35,20,10,6,35,0,0
data_no_lstm__tp17_L5_p0p06,data_ablation_no_module,no_lstm,tp17_L5_p0p06,5.0,0.06,run2,fold03,1,L4,22,6,9,34,22,6,9,34,0,0
data_no_lstm__tp17_L5_p0p06,data_ablation_no_module,no_lstm,tp17_L5_p0p06,5.0,0.06,run2,fold03,2,L5,6,7,8,50,6,7,8,50,0,0
data_no_lstm__tp17_L5_p0p06,data_ablation_no_module,no_lstm,tp17_L5_p0p06,5.0,0.06,run2,oof_pooled,0,L2,50,23,29,112,50,23,29,112,0,0
data_no_lstm__tp17_L5_p0p06,data_ablation_no_module,no_lstm,tp17_L5_p0p06,5.0,0.06,run2,oof_pooled,1,L4,63,34,30,87,63,36,30,85,2,0
data_no_lstm__tp17_L5_p0p06,data_ablation_no_module,no_lstm,tp17_L5_p0p06,5.0,0.06,run2,oof_pooled,2,L5,21,23,21,149,19,23,23,149,0,2
module_masked__no_lstm__tp17_L5_p0p06,module_ablation_masked,no_lstm,tp17_L5_p0p06,5.0,0.06,run1,fold01,0,L1,112,35,22,158,102,36,32,157,1,10
module_masked__no_lstm__tp17_L5_p0p06,module_ablation_masked,no_lstm,tp17_L5_p0p06,5.0,0.06,run1,fold01,1,L2/L4/L5 gate,118,30,34,145,109,40,43,135,10,9
module_masked__no_lstm__tp17_L5_p0p06,module_ablation_masked,no_lstm,tp17_L5_p0p06,5.0,0.06,run1,fold01,2,L3,26,6,15,280,27,13,14,273,7,-1
module_masked__no_lstm__tp17_L5_p0p06,module_ablation_masked,no_lstm,tp17_L5_p0p06,5.0,0.06,run1,fold02,0,L1,105,24,29,168,101,38,33,154,14,4
module_masked__no_lstm__tp17_L5_p0p06,module_ablation_masked,no_lstm,tp17_L5_p0p06,5.0,0.06,run1,fold02,1,L2/L4/L5 gate,123,31,29,143,112,37,40,137,6,11
module_masked__no_lstm__tp17_L5_p0p06,module_ablation_masked,no_lstm,tp17_L5_p0p06,5.0,0.06,run1,fold02,2,L3,34,9,6,277,28,10,12,276,1,6
module_masked__no_lstm__tp17_L5_p0p06,module_ablation_masked,no_lstm,tp17_L5_p0p06,5.0,0.06,run1,fold03,0,L1,111,26,23,166,104,31,30,161,5,7
module_masked__no_lstm__tp17_L5_p0p06,module_ablation_masked,no_lstm,tp17_L5_p0p06,5.0,0.06,run1,fold03,1,L2/L4/L5 gate,130,29,22,145,114,30,38,144,1,16
module_masked__no_lstm__tp17_L5_p0p06,module_ablation_masked,no_lstm,tp17_L5_p0p06,5.0,0.06,run1,fold03,2,L3,28,2,12,284,30,17,10,269,15,-2
module_masked__no_lstm__tp17_L5_p0p06,module_ablation_masked,no_lstm,tp17_L5_p0p06,5.0,0.06,run1,oof_pooled,0,L1,328,85,74,492,307,105,95,472,20,21
module_masked__no_lstm__tp17_L5_p0p06,module_ablation_masked,no_lstm,tp17_L5_p0p06,5.0,0.06,run1,oof_pooled,1,L2/L4/L5 gate,371,90,85,433,335,107,121,416,17,36
module_masked__no_lstm__tp17_L5_p0p06,module_ablation_masked,no_lstm,tp17_L5_p0p06,5.0,0.06,run1,oof_pooled,2,L3,88,17,33,841,85,40,36,818,23,3
module_masked__no_lstm__tp17_L5_p0p06,module_ablation_masked,no_lstm,tp17_L5_p0p06,5.0,0.06,run2,fold01,0,L2,22,10,5,35,16,2,11,43,-8,6
module_masked__no_lstm__tp17_L5_p0p06,module_ablation_masked,no_lstm,tp17_L5_p0p06,5.0,0.06,run2,fold01,1,L4,21,8,10,33,21,12,10,29,4,0
module_masked__no_lstm__tp17_L5_p0p06,module_ablation_masked,no_lstm,tp17_L5_p0p06,5.0,0.06,run2,fold01,2,L5,7,4,7,54,8,13,6,45,9,-1
module_masked__no_lstm__tp17_L5_p0p06,module_ablation_masked,no_lstm,tp17_L5_p0p06,5.0,0.06,run2,fold02,0,L2,21,12,5,33,14,11,12,34,-1,7
module_masked__no_lstm__tp17_L5_p0p06,module_ablation_masked,no_lstm,tp17_L5_p0p06,5.0,0.06,run2,fold02,1,L4,18,10,13,30,20,18,11,22,8,-2
module_masked__no_lstm__tp17_L5_p0p06,module_ablation_masked,no_lstm,tp17_L5_p0p06,5.0,0.06,run2,fold02,2,L5,7,3,7,54,5,3,9,54,0,2
module_masked__no_lstm__tp17_L5_p0p06,module_ablation_masked,no_lstm,tp17_L5_p0p06,5.0,0.06,run2,fold03,0,L2,20,11,6,34,20,10,6,35,-1,0
module_masked__no_lstm__tp17_L5_p0p06,module_ablation_masked,no_lstm,tp17_L5_p0p06,5.0,0.06,run2,fold03,1,L4,23,10,8,30,22,6,9,34,-4,1
module_masked__no_lstm__tp17_L5_p0p06,module_ablation_masked,no_lstm,tp17_L5_p0p06,5.0,0.06,run2,fold03,2,L5,4,3,10,54,6,7,8,50,4,-2
module_masked__no_lstm__tp17_L5_p0p06,module_ablation_masked,no_lstm,tp17_L5_p0p06,5.0,0.06,run2,oof_pooled,0,L2,63,33,16,102,50,23,29,112,-10,13
module_masked__no_lstm__tp17_L5_p0p06,module_ablation_masked,no_lstm,tp17_L5_p0p06,5.0,0.06,run2,oof_pooled,1,L4,62,28,31,93,63,36,30,85,8,-1
module_masked__no_lstm__tp17_L5_p0p06,module_ablation_masked,no_lstm,tp17_L5_p0p06,5.0,0.06,run2,oof_pooled,2,L5,18,10,24,162,19,23,23,149,13,-1
data_no_attention__tp17_L5_p0p06,data_ablation_no_module,no_attention,tp17_L5_p0p06,5.0,0.06,run1,fold01,0,L1,113,29,21,164,113,30,21,163,1,0
data_no_attention__tp17_L5_p0p06,data_ablation_no_module,no_attention,tp17_L5_p0p06,5.0,0.06,run1,fold01,1,L2/L4/L5 gate,125,28,27,147,112,28,40,147,0,13
data_no_attention__tp17_L5_p0p06,data_ablation_no_module,no_attention,tp17_L5_p0p06,5.0,0.06,run1,fold01,2,L3,30,2,11,284,30,14,11,272,12,0
data_no_attention__tp17_L5_p0p06,data_ablation_no_module,no_attention,tp17_L5_p0p06,5.0,0.06,run1,fold02,0,L1,107,21,27,171,107,31,27,161,10,0
data_no_attention__tp17_L5_p0p06,data_ablation_no_module,no_attention,tp17_L5_p0p06,5.0,0.06,run1,fold02,1,L2/L4/L5 gate,131,31,21,143,118,31,34,143,0,13
data_no_attention__tp17_L5_p0p06,data_ablation_no_module,no_attention,tp17_L5_p0p06,5.0,0.06,run1,fold02,2,L3,29,7,11,279,29,10,11,276,3,0
data_no_attention__tp17_L5_p0p06,data_ablation_no_module,no_attention,tp17_L5_p0p06,5.0,0.06,run1,fold03,0,L1,113,20,21,172,113,30,21,162,10,0
data_no_attention__tp17_L5_p0p06,data_ablation_no_module,no_attention,tp17_L5_p0p06,5.0,0.06,run1,fold03,1,L2/L4/L5 gate,129,23,23,151,116,23,36,151,0,13
data_no_attention__tp17_L5_p0p06,data_ablation_no_module,no_attention,tp17_L5_p0p06,5.0,0.06,run1,fold03,2,L3,33,8,7,278,33,11,7,275,3,0
data_no_attention__tp17_L5_p0p06,data_ablation_no_module,no_attention,tp17_L5_p0p06,5.0,0.06,run1,oof_pooled,0,L1,333,70,69,507,333,91,69,486,21,0
data_no_attention__tp17_L5_p0p06,data_ablation_no_module,no_attention,tp17_L5_p0p06,5.0,0.06,run1,oof_pooled,1,L2/L4/L5 gate,385,82,71,441,346,82,110,441,0,39
data_no_attention__tp17_L5_p0p06,data_ablation_no_module,no_attention,tp17_L5_p0p06,5.0,0.06,run1,oof_pooled,2,L3,92,17,29,841,92,35,29,823,18,0
data_no_attention__tp17_L5_p0p06,data_ablation_no_module,no_attention,tp17_L5_p0p06,5.0,0.06,run2,fold01,0,L2,15,6,12,39,15,6,12,39,0,0
data_no_attention__tp17_L5_p0p06,data_ablation_no_module,no_attention,tp17_L5_p0p06,5.0,0.06,run2,fold01,1,L4,21,16,10,25,21,17,10,24,1,0
data_no_attention__tp17_L5_p0p06,data_ablation_no_module,no_attention,tp17_L5_p0p06,5.0,0.06,run2,fold01,2,L5,6,8,8,50,5,8,9,50,0,1
data_no_attention__tp17_L5_p0p06,data_ablation_no_module,no_attention,tp17_L5_p0p06,5.0,0.06,run2,fold02,0,L2,16,8,10,37,16,8,10,37,0,0
data_no_attention__tp17_L5_p0p06,data_ablation_no_module,no_attention,tp17_L5_p0p06,5.0,0.06,run2,fold02,1,L4,16,6,15,34,16,7,15,33,1,0
data_no_attention__tp17_L5_p0p06,data_ablation_no_module,no_attention,tp17_L5_p0p06,5.0,0.06,run2,fold02,2,L5,13,12,1,45,12,12,2,45,0,1
data_no_attention__tp17_L5_p0p06,data_ablation_no_module,no_attention,tp17_L5_p0p06,5.0,0.06,run2,fold03,0,L2,17,10,9,35,17,10,9,35,0,0
data_no_attention__tp17_L5_p0p06,data_ablation_no_module,no_attention,tp17_L5_p0p06,5.0,0.06,run2,fold03,1,L4,19,13,12,27,19,13,12,27,0,0
data_no_attention__tp17_L5_p0p06,data_ablation_no_module,no_attention,tp17_L5_p0p06,5.0,0.06,run2,fold03,2,L5,4,8,10,49,4,8,10,49,0,0
data_no_attention__tp17_L5_p0p06,data_ablation_no_module,no_attention,tp17_L5_p0p06,5.0,0.06,run2,oof_pooled,0,L2,48,24,31,111,48,24,31,111,0,0
data_no_attention__tp17_L5_p0p06,data_ablation_no_module,no_attention,tp17_L5_p0p06,5.0,0.06,run2,oof_pooled,1,L4,56,35,37,86,56,37,37,84,2,0
data_no_attention__tp17_L5_p0p06,data_ablation_no_module,no_attention,tp17_L5_p0p06,5.0,0.06,run2,oof_pooled,2,L5,23,28,19,144,21,28,21,144,0,2
module_masked__no_attention__tp17_L5_p0p06,module_ablation_masked,no_attention,tp17_L5_p0p06,5.0,0.06,run1,fold01,0,L1,112,35,22,158,113,30,21,163,-5,-1
module_masked__no_attention__tp17_L5_p0p06,module_ablation_masked,no_attention,tp17_L5_p0p06,5.0,0.06,run1,fold01,1,L2/L4/L5 gate,118,30,34,145,112,28,40,147,-2,6
module_masked__no_attention__tp17_L5_p0p06,module_ablation_masked,no_attention,tp17_L5_p0p06,5.0,0.06,run1,fold01,2,L3,26,6,15,280,30,14,11,272,8,-4
module_masked__no_attention__tp17_L5_p0p06,module_ablation_masked,no_attention,tp17_L5_p0p06,5.0,0.06,run1,fold02,0,L1,105,24,29,168,107,31,27,161,7,-2
module_masked__no_attention__tp17_L5_p0p06,module_ablation_masked,no_attention,tp17_L5_p0p06,5.0,0.06,run1,fold02,1,L2/L4/L5 gate,123,31,29,143,118,31,34,143,0,5
module_masked__no_attention__tp17_L5_p0p06,module_ablation_masked,no_attention,tp17_L5_p0p06,5.0,0.06,run1,fold02,2,L3,34,9,6,277,29,10,11,276,1,5
module_masked__no_attention__tp17_L5_p0p06,module_ablation_masked,no_attention,tp17_L5_p0p06,5.0,0.06,run1,fold03,0,L1,111,26,23,166,113,30,21,162,4,-2
module_masked__no_attention__tp17_L5_p0p06,module_ablation_masked,no_attention,tp17_L5_p0p06,5.0,0.06,run1,fold03,1,L2/L4/L5 gate,130,29,22,145,116,23,36,151,-6,14
module_masked__no_attention__tp17_L5_p0p06,module_ablation_masked,no_attention,tp17_L5_p0p06,5.0,0.06,run1,fold03,2,L3,28,2,12,284,33,11,7,275,9,-5
module_masked__no_attention__tp17_L5_p0p06,module_ablation_masked,no_attention,tp17_L5_p0p06,5.0,0.06,run1,oof_pooled,0,L1,328,85,74,492,333,91,69,486,6,-5
module_masked__no_attention__tp17_L5_p0p06,module_ablation_masked,no_attention,tp17_L5_p0p06,5.0,0.06,run1,oof_pooled,1,L2/L4/L5 gate,371,90,85,433,346,82,110,441,-8,25
module_masked__no_attention__tp17_L5_p0p06,module_ablation_masked,no_attention,tp17_L5_p0p06,5.0,0.06,run1,oof_pooled,2,L3,88,17,33,841,92,35,29,823,18,-4
module_masked__no_attention__tp17_L5_p0p06,module_ablation_masked,no_attention,tp17_L5_p0p06,5.0,0.06,run2,fold01,0,L2,22,10,5,35,15,6,12,39,-4,7
module_masked__no_attention__tp17_L5_p0p06,module_ablation_masked,no_attention,tp17_L5_p0p06,5.0,0.06,run2,fold01,1,L4,21,8,10,33,21,17,10,24,9,0
module_masked__no_attention__tp17_L5_p0p06,module_ablation_masked,no_attention,tp17_L5_p0p06,5.0,0.06,run2,fold01,2,L5,7,4,7,54,5,8,9,50,4,2
module_masked__no_attention__tp17_L5_p0p06,module_ablation_masked,no_attention,tp17_L5_p0p06,5.0,0.06,run2,fold02,0,L2,21,12,5,33,16,8,10,37,-4,5
module_masked__no_attention__tp17_L5_p0p06,module_ablation_masked,no_attention,tp17_L5_p0p06,5.0,0.06,run2,fold02,1,L4,18,10,13,30,16,7,15,33,-3,2
module_masked__no_attention__tp17_L5_p0p06,module_ablation_masked,no_attention,tp17_L5_p0p06,5.0,0.06,run2,fold02,2,L5,7,3,7,54,12,12,2,45,9,-5
module_masked__no_attention__tp17_L5_p0p06,module_ablation_masked,no_attention,tp17_L5_p0p06,5.0,0.06,run2,fold03,0,L2,20,11,6,34,17,10,9,35,-1,3
module_masked__no_attention__tp17_L5_p0p06,module_ablation_masked,no_attention,tp17_L5_p0p06,5.0,0.06,run2,fold03,1,L4,23,10,8,30,19,13,12,27,3,4
module_masked__no_attention__tp17_L5_p0p06,module_ablation_masked,no_attention,tp17_L5_p0p06,5.0,0.06,run2,fold03,2,L5,4,3,10,54,4,8,10,49,5,0
module_masked__no_attention__tp17_L5_p0p06,module_ablation_masked,no_attention,tp17_L5_p0p06,5.0,0.06,run2,oof_pooled,0,L2,63,33,16,102,48,24,31,111,-9,15
module_masked__no_attention__tp17_L5_p0p06,module_ablation_masked,no_attention,tp17_L5_p0p06,5.0,0.06,run2,oof_pooled,1,L4,62,28,31,93,56,37,37,84,9,6
module_masked__no_attention__tp17_L5_p0p06,module_ablation_masked,no_attention,tp17_L5_p0p06,5.0,0.06,run2,oof_pooled,2,L5,18,10,24,162,21,28,21,144,18,-3
data_full__tp18_L5_p0p07,data_ablation_full,,tp18_L5_p0p07,5.0,0.07,run1,fold01,0,L1,112,30,22,163,112,34,22,159,4,0
data_full__tp18_L5_p0p07,data_ablation_full,,tp18_L5_p0p07,5.0,0.07,run1,fold01,1,L2/L4/L5 gate,126,30,26,145,119,30,33,145,0,7
data_full__tp18_L5_p0p07,data_ablation_full,,tp18_L5_p0p07,5.0,0.07,run1,fold01,2,L3,26,3,15,283,26,6,15,280,3,0
data_full__tp18_L5_p0p07,data_ablation_full,,tp18_L5_p0p07,5.0,0.07,run1,fold02,0,L1,105,22,29,170,105,24,29,168,2,0
data_full__tp18_L5_p0p07,data_ablation_full,,tp18_L5_p0p07,5.0,0.07,run1,fold02,1,L2/L4/L5 gate,127,31,25,143,123,31,29,143,0,4
data_full__tp18_L5_p0p07,data_ablation_full,,tp18_L5_p0p07,5.0,0.07,run1,fold02,2,L3,34,7,6,279,34,9,6,277,2,0
data_full__tp18_L5_p0p07,data_ablation_full,,tp18_L5_p0p07,5.0,0.07,run1,fold03,0,L1,111,21,23,171,111,26,23,166,5,0
data_full__tp18_L5_p0p07,data_ablation_full,,tp18_L5_p0p07,5.0,0.07,run1,fold03,1,L2/L4/L5 gate,135,29,17,145,130,29,22,145,0,5
data_full__tp18_L5_p0p07,data_ablation_full,,tp18_L5_p0p07,5.0,0.07,run1,fold03,2,L3,28,2,12,284,28,2,12,284,0,0
data_full__tp18_L5_p0p07,data_ablation_full,,tp18_L5_p0p07,5.0,0.07,run1,oof_pooled,0,L1,328,73,74,504,328,84,74,493,11,0
data_full__tp18_L5_p0p07,data_ablation_full,,tp18_L5_p0p07,5.0,0.07,run1,oof_pooled,1,L2/L4/L5 gate,388,90,68,433,372,90,84,433,0,16
data_full__tp18_L5_p0p07,data_ablation_full,,tp18_L5_p0p07,5.0,0.07,run1,oof_pooled,2,L3,88,12,33,846,88,17,33,841,5,0
data_full__tp18_L5_p0p07,data_ablation_full,,tp18_L5_p0p07,5.0,0.07,run2,fold01,0,L2,22,10,5,35,22,10,5,35,0,0
data_full__tp18_L5_p0p07,data_ablation_full,,tp18_L5_p0p07,5.0,0.07,run2,fold01,1,L4,21,8,10,33,21,8,10,33,0,0
data_full__tp18_L5_p0p07,data_ablation_full,,tp18_L5_p0p07,5.0,0.07,run2,fold01,2,L5,7,4,7,54,7,4,7,54,0,0
data_full__tp18_L5_p0p07,data_ablation_full,,tp18_L5_p0p07,5.0,0.07,run2,fold02,0,L2,21,12,5,33,21,12,5,33,0,0
data_full__tp18_L5_p0p07,data_ablation_full,,tp18_L5_p0p07,5.0,0.07,run2,fold02,1,L4,18,9,13,31,18,10,13,30,1,0
data_full__tp18_L5_p0p07,data_ablation_full,,tp18_L5_p0p07,5.0,0.07,run2,fold02,2,L5,8,3,6,54,7,3,7,54,0,1
data_full__tp18_L5_p0p07,data_ablation_full,,tp18_L5_p0p07,5.0,0.07,run2,fold03,0,L2,20,11,6,34,20,11,6,34,0,0
data_full__tp18_L5_p0p07,data_ablation_full,,tp18_L5_p0p07,5.0,0.07,run2,fold03,1,L4,23,10,8,30,23,10,8,30,0,0
data_full__tp18_L5_p0p07,data_ablation_full,,tp18_L5_p0p07,5.0,0.07,run2,fold03,2,L5,4,3,10,54,4,3,10,54,0,0
data_full__tp18_L5_p0p07,data_ablation_full,,tp18_L5_p0p07,5.0,0.07,run2,oof_pooled,0,L2,63,33,16,102,63,33,16,102,0,0
data_full__tp18_L5_p0p07,data_ablation_full,,tp18_L5_p0p07,5.0,0.07,run2,oof_pooled,1,L4,62,27,31,94,62,28,31,93,1,0
data_full__tp18_L5_p0p07,data_ablation_full,,tp18_L5_p0p07,5.0,0.07,run2,oof_pooled,2,L5,19,10,23,162,18,10,24,162,0,1
data_no_conv__tp18_L5_p0p07,data_ablation_no_module,no_conv,tp18_L5_p0p07,5.0,0.07,run1,fold01,0,L1,109,34,25,159,109,34,25,159,0,0
data_no_conv__tp18_L5_p0p07,data_ablation_no_module,no_conv,tp18_L5_p0p07,5.0,0.07,run1,fold01,1,L2/L4/L5 gate,120,30,32,145,117,30,35,145,0,3
data_no_conv__tp18_L5_p0p07,data_ablation_no_module,no_conv,tp18_L5_p0p07,5.0,0.07,run1,fold01,2,L3,30,4,11,282,30,7,11,279,3,0
data_no_conv__tp18_L5_p0p07,data_ablation_no_module,no_conv,tp18_L5_p0p07,5.0,0.07,run1,fold02,0,L1,110,26,24,166,110,28,24,164,2,0
data_no_conv__tp18_L5_p0p07,data_ablation_no_module,no_conv,tp18_L5_p0p07,5.0,0.07,run1,fold02,1,L2/L4/L5 gate,121,28,31,146,119,28,33,146,0,2
data_no_conv__tp18_L5_p0p07,data_ablation_no_module,no_conv,tp18_L5_p0p07,5.0,0.07,run1,fold02,2,L3,30,11,10,275,30,11,10,275,0,0
data_no_conv__tp18_L5_p0p07,data_ablation_no_module,no_conv,tp18_L5_p0p07,5.0,0.07,run1,fold03,0,L1,108,28,26,164,108,32,26,160,4,0
data_no_conv__tp18_L5_p0p07,data_ablation_no_module,no_conv,tp18_L5_p0p07,5.0,0.07,run1,fold03,1,L2/L4/L5 gate,110,23,42,151,103,23,49,151,0,7
data_no_conv__tp18_L5_p0p07,data_ablation_no_module,no_conv,tp18_L5_p0p07,5.0,0.07,run1,fold03,2,L3,35,22,5,264,35,25,5,261,3,0
data_no_conv__tp18_L5_p0p07,data_ablation_no_module,no_conv,tp18_L5_p0p07,5.0,0.07,run1,oof_pooled,0,L1,327,88,75,489,327,94,75,483,6,0
data_no_conv__tp18_L5_p0p07,data_ablation_no_module,no_conv,tp18_L5_p0p07,5.0,0.07,run1,oof_pooled,1,L2/L4/L5 gate,351,81,105,442,339,81,117,442,0,12
data_no_conv__tp18_L5_p0p07,data_ablation_no_module,no_conv,tp18_L5_p0p07,5.0,0.07,run1,oof_pooled,2,L3,95,37,26,821,95,43,26,815,6,0
data_no_conv__tp18_L5_p0p07,data_ablation_no_module,no_conv,tp18_L5_p0p07,5.0,0.07,run2,fold01,0,L2,15,12,12,33,15,12,12,33,0,0
data_no_conv__tp18_L5_p0p07,data_ablation_no_module,no_conv,tp18_L5_p0p07,5.0,0.07,run2,fold01,1,L4,16,7,15,34,16,7,15,34,0,0
data_no_conv__tp18_L5_p0p07,data_ablation_no_module,no_conv,tp18_L5_p0p07,5.0,0.07,run2,fold01,2,L5,9,13,5,45,9,13,5,45,0,0
data_no_conv__tp18_L5_p0p07,data_ablation_no_module,no_conv,tp18_L5_p0p07,5.0,0.07,run2,fold02,0,L2,17,12,9,33,17,12,9,33,0,0
data_no_conv__tp18_L5_p0p07,data_ablation_no_module,no_conv,tp18_L5_p0p07,5.0,0.07,run2,fold02,1,L4,12,6,19,34,12,7,19,33,1,0
data_no_conv__tp18_L5_p0p07,data_ablation_no_module,no_conv,tp18_L5_p0p07,5.0,0.07,run2,fold02,2,L5,11,13,3,44,10,13,4,44,0,1
data_no_conv__tp18_L5_p0p07,data_ablation_no_module,no_conv,tp18_L5_p0p07,5.0,0.07,run2,fold03,0,L2,21,21,5,24,21,21,5,24,0,0
data_no_conv__tp18_L5_p0p07,data_ablation_no_module,no_conv,tp18_L5_p0p07,5.0,0.07,run2,fold03,1,L4,14,6,17,34,14,6,17,34,0,0
data_no_conv__tp18_L5_p0p07,data_ablation_no_module,no_conv,tp18_L5_p0p07,5.0,0.07,run2,fold03,2,L5,4,5,10,52,4,5,10,52,0,0
data_no_conv__tp18_L5_p0p07,data_ablation_no_module,no_conv,tp18_L5_p0p07,5.0,0.07,run2,oof_pooled,0,L2,53,45,26,90,53,45,26,90,0,0
data_no_conv__tp18_L5_p0p07,data_ablation_no_module,no_conv,tp18_L5_p0p07,5.0,0.07,run2,oof_pooled,1,L4,42,19,51,102,42,20,51,101,1,0
data_no_conv__tp18_L5_p0p07,data_ablation_no_module,no_conv,tp18_L5_p0p07,5.0,0.07,run2,oof_pooled,2,L5,24,31,18,141,23,31,19,141,0,1
module_masked__no_conv__tp18_L5_p0p07,module_ablation_masked,no_conv,tp18_L5_p0p07,5.0,0.07,run1,fold01,0,L1,112,34,22,159,109,34,25,159,0,3
module_masked__no_conv__tp18_L5_p0p07,module_ablation_masked,no_conv,tp18_L5_p0p07,5.0,0.07,run1,fold01,1,L2/L4/L5 gate,119,30,33,145,117,30,35,145,0,2
module_masked__no_conv__tp18_L5_p0p07,module_ablation_masked,no_conv,tp18_L5_p0p07,5.0,0.07,run1,fold01,2,L3,26,6,15,280,30,7,11,279,1,-4
module_masked__no_conv__tp18_L5_p0p07,module_ablation_masked,no_conv,tp18_L5_p0p07,5.0,0.07,run1,fold02,0,L1,105,24,29,168,110,28,24,164,4,-5
module_masked__no_conv__tp18_L5_p0p07,module_ablation_masked,no_conv,tp18_L5_p0p07,5.0,0.07,run1,fold02,1,L2/L4/L5 gate,123,31,29,143,119,28,33,146,-3,4
module_masked__no_conv__tp18_L5_p0p07,module_ablation_masked,no_conv,tp18_L5_p0p07,5.0,0.07,run1,fold02,2,L3,34,9,6,277,30,11,10,275,2,4
module_masked__no_conv__tp18_L5_p0p07,module_ablation_masked,no_conv,tp18_L5_p0p07,5.0,0.07,run1,fold03,0,L1,111,26,23,166,108,32,26,160,6,3
module_masked__no_conv__tp18_L5_p0p07,module_ablation_masked,no_conv,tp18_L5_p0p07,5.0,0.07,run1,fold03,1,L2/L4/L5 gate,130,29,22,145,103,23,49,151,-6,27
module_masked__no_conv__tp18_L5_p0p07,module_ablation_masked,no_conv,tp18_L5_p0p07,5.0,0.07,run1,fold03,2,L3,28,2,12,284,35,25,5,261,23,-7
module_masked__no_conv__tp18_L5_p0p07,module_ablation_masked,no_conv,tp18_L5_p0p07,5.0,0.07,run1,oof_pooled,0,L1,328,84,74,493,327,94,75,483,10,1
module_masked__no_conv__tp18_L5_p0p07,module_ablation_masked,no_conv,tp18_L5_p0p07,5.0,0.07,run1,oof_pooled,1,L2/L4/L5 gate,372,90,84,433,339,81,117,442,-9,33
module_masked__no_conv__tp18_L5_p0p07,module_ablation_masked,no_conv,tp18_L5_p0p07,5.0,0.07,run1,oof_pooled,2,L3,88,17,33,841,95,43,26,815,26,-7
module_masked__no_conv__tp18_L5_p0p07,module_ablation_masked,no_conv,tp18_L5_p0p07,5.0,0.07,run2,fold01,0,L2,22,10,5,35,15,12,12,33,2,7
module_masked__no_conv__tp18_L5_p0p07,module_ablation_masked,no_conv,tp18_L5_p0p07,5.0,0.07,run2,fold01,1,L4,21,8,10,33,16,7,15,34,-1,5
module_masked__no_conv__tp18_L5_p0p07,module_ablation_masked,no_conv,tp18_L5_p0p07,5.0,0.07,run2,fold01,2,L5,7,4,7,54,9,13,5,45,9,-2
module_masked__no_conv__tp18_L5_p0p07,module_ablation_masked,no_conv,tp18_L5_p0p07,5.0,0.07,run2,fold02,0,L2,21,12,5,33,17,12,9,33,0,4
module_masked__no_conv__tp18_L5_p0p07,module_ablation_masked,no_conv,tp18_L5_p0p07,5.0,0.07,run2,fold02,1,L4,18,10,13,30,12,7,19,33,-3,6
module_masked__no_conv__tp18_L5_p0p07,module_ablation_masked,no_conv,tp18_L5_p0p07,5.0,0.07,run2,fold02,2,L5,7,3,7,54,10,13,4,44,10,-3
module_masked__no_conv__tp18_L5_p0p07,module_ablation_masked,no_conv,tp18_L5_p0p07,5.0,0.07,run2,fold03,0,L2,20,11,6,34,21,21,5,24,10,-1
module_masked__no_conv__tp18_L5_p0p07,module_ablation_masked,no_conv,tp18_L5_p0p07,5.0,0.07,run2,fold03,1,L4,23,10,8,30,14,6,17,34,-4,9
module_masked__no_conv__tp18_L5_p0p07,module_ablation_masked,no_conv,tp18_L5_p0p07,5.0,0.07,run2,fold03,2,L5,4,3,10,54,4,5,10,52,2,0
module_masked__no_conv__tp18_L5_p0p07,module_ablation_masked,no_conv,tp18_L5_p0p07,5.0,0.07,run2,oof_pooled,0,L2,63,33,16,102,53,45,26,90,12,10
module_masked__no_conv__tp18_L5_p0p07,module_ablation_masked,no_conv,tp18_L5_p0p07,5.0,0.07,run2,oof_pooled,1,L4,62,28,31,93,42,20,51,101,-8,20
module_masked__no_conv__tp18_L5_p0p07,module_ablation_masked,no_conv,tp18_L5_p0p07,5.0,0.07,run2,oof_pooled,2,L5,18,10,24,162,23,31,19,141,21,-5
data_no_lstm__tp18_L5_p0p07,data_ablation_no_module,no_lstm,tp18_L5_p0p07,5.0,0.07,run1,fold01,0,L1,102,35,32,158,102,37,32,156,2,0
data_no_lstm__tp18_L5_p0p07,data_ablation_no_module,no_lstm,tp18_L5_p0p07,5.0,0.07,run1,fold01,1,L2/L4/L5 gate,117,40,35,135,108,40,44,135,0,9
data_no_lstm__tp18_L5_p0p07,data_ablation_no_module,no_lstm,tp18_L5_p0p07,5.0,0.07,run1,fold01,2,L3,27,6,14,280,27,13,14,273,7,0
data_no_lstm__tp18_L5_p0p07,data_ablation_no_module,no_lstm,tp18_L5_p0p07,5.0,0.07,run1,fold02,0,L1,101,36,33,156,101,39,33,153,3,0
data_no_lstm__tp18_L5_p0p07,data_ablation_no_module,no_lstm,tp18_L5_p0p07,5.0,0.07,run1,fold02,1,L2/L4/L5 gate,113,37,39,137,111,37,41,137,0,2
data_no_lstm__tp18_L5_p0p07,data_ablation_no_module,no_lstm,tp18_L5_p0p07,5.0,0.07,run1,fold02,2,L3,28,11,12,275,28,10,12,276,-1,0
data_no_lstm__tp18_L5_p0p07,data_ablation_no_module,no_lstm,tp18_L5_p0p07,5.0,0.07,run1,fold03,0,L1,104,28,30,164,104,30,30,162,2,0
data_no_lstm__tp18_L5_p0p07,data_ablation_no_module,no_lstm,tp18_L5_p0p07,5.0,0.07,run1,fold03,1,L2/L4/L5 gate,120,30,32,144,115,30,37,144,0,5
data_no_lstm__tp18_L5_p0p07,data_ablation_no_module,no_lstm,tp18_L5_p0p07,5.0,0.07,run1,fold03,2,L3,30,14,10,272,30,17,10,269,3,0
data_no_lstm__tp18_L5_p0p07,data_ablation_no_module,no_lstm,tp18_L5_p0p07,5.0,0.07,run1,oof_pooled,0,L1,307,99,95,478,307,106,95,471,7,0
data_no_lstm__tp18_L5_p0p07,data_ablation_no_module,no_lstm,tp18_L5_p0p07,5.0,0.07,run1,oof_pooled,1,L2/L4/L5 gate,350,107,106,416,334,107,122,416,0,16
data_no_lstm__tp18_L5_p0p07,data_ablation_no_module,no_lstm,tp18_L5_p0p07,5.0,0.07,run1,oof_pooled,2,L3,85,31,36,827,85,40,36,818,9,0
data_no_lstm__tp18_L5_p0p07,data_ablation_no_module,no_lstm,tp18_L5_p0p07,5.0,0.07,run2,fold01,0,L2,16,2,11,43,16,2,11,43,0,0
data_no_lstm__tp18_L5_p0p07,data_ablation_no_module,no_lstm,tp18_L5_p0p07,5.0,0.07,run2,fold01,1,L4,21,11,10,30,21,12,10,29,1,0
data_no_lstm__tp18_L5_p0p07,data_ablation_no_module,no_lstm,tp18_L5_p0p07,5.0,0.07,run2,fold01,2,L5,9,13,5,45,8,13,6,45,0,1
data_no_lstm__tp18_L5_p0p07,data_ablation_no_module,no_lstm,tp18_L5_p0p07,5.0,0.07,run2,fold02,0,L2,14,11,12,34,14,11,12,34,0,0
data_no_lstm__tp18_L5_p0p07,data_ablation_no_module,no_lstm,tp18_L5_p0p07,5.0,0.07,run2,fold02,1,L4,20,17,11,23,20,18,11,22,1,0
data_no_lstm__tp18_L5_p0p07,data_ablation_no_module,no_lstm,tp18_L5_p0p07,5.0,0.07,run2,fold02,2,L5,6,3,8,54,5,3,9,54,0,1
data_no_lstm__tp18_L5_p0p07,data_ablation_no_module,no_lstm,tp18_L5_p0p07,5.0,0.07,run2,fold03,0,L2,20,10,6,35,20,10,6,35,0,0
data_no_lstm__tp18_L5_p0p07,data_ablation_no_module,no_lstm,tp18_L5_p0p07,5.0,0.07,run2,fold03,1,L4,22,6,9,34,22,6,9,34,0,0
data_no_lstm__tp18_L5_p0p07,data_ablation_no_module,no_lstm,tp18_L5_p0p07,5.0,0.07,run2,fold03,2,L5,6,7,8,50,6,7,8,50,0,0
data_no_lstm__tp18_L5_p0p07,data_ablation_no_module,no_lstm,tp18_L5_p0p07,5.0,0.07,run2,oof_pooled,0,L2,50,23,29,112,50,23,29,112,0,0
data_no_lstm__tp18_L5_p0p07,data_ablation_no_module,no_lstm,tp18_L5_p0p07,5.0,0.07,run2,oof_pooled,1,L4,63,34,30,87,63,36,30,85,2,0
data_no_lstm__tp18_L5_p0p07,data_ablation_no_module,no_lstm,tp18_L5_p0p07,5.0,0.07,run2,oof_pooled,2,L5,21,23,21,149,19,23,23,149,0,2
module_masked__no_lstm__tp18_L5_p0p07,module_ablation_masked,no_lstm,tp18_L5_p0p07,5.0,0.07,run1,fold01,0,L1,112,34,22,159,102,37,32,156,3,10
module_masked__no_lstm__tp18_L5_p0p07,module_ablation_masked,no_lstm,tp18_L5_p0p07,5.0,0.07,run1,fold01,1,L2/L4/L5 gate,119,30,33,145,108,40,44,135,10,11
module_masked__no_lstm__tp18_L5_p0p07,module_ablation_masked,no_lstm,tp18_L5_p0p07,5.0,0.07,run1,fold01,2,L3,26,6,15,280,27,13,14,273,7,-1
module_masked__no_lstm__tp18_L5_p0p07,module_ablation_masked,no_lstm,tp18_L5_p0p07,5.0,0.07,run1,fold02,0,L1,105,24,29,168,101,39,33,153,15,4
module_masked__no_lstm__tp18_L5_p0p07,module_ablation_masked,no_lstm,tp18_L5_p0p07,5.0,0.07,run1,fold02,1,L2/L4/L5 gate,123,31,29,143,111,37,41,137,6,12
module_masked__no_lstm__tp18_L5_p0p07,module_ablation_masked,no_lstm,tp18_L5_p0p07,5.0,0.07,run1,fold02,2,L3,34,9,6,277,28,10,12,276,1,6
module_masked__no_lstm__tp18_L5_p0p07,module_ablation_masked,no_lstm,tp18_L5_p0p07,5.0,0.07,run1,fold03,0,L1,111,26,23,166,104,30,30,162,4,7
module_masked__no_lstm__tp18_L5_p0p07,module_ablation_masked,no_lstm,tp18_L5_p0p07,5.0,0.07,run1,fold03,1,L2/L4/L5 gate,130,29,22,145,115,30,37,144,1,15
module_masked__no_lstm__tp18_L5_p0p07,module_ablation_masked,no_lstm,tp18_L5_p0p07,5.0,0.07,run1,fold03,2,L3,28,2,12,284,30,17,10,269,15,-2
module_masked__no_lstm__tp18_L5_p0p07,module_ablation_masked,no_lstm,tp18_L5_p0p07,5.0,0.07,run1,oof_pooled,0,L1,328,84,74,493,307,106,95,471,22,21
module_masked__no_lstm__tp18_L5_p0p07,module_ablation_masked,no_lstm,tp18_L5_p0p07,5.0,0.07,run1,oof_pooled,1,L2/L4/L5 gate,372,90,84,433,334,107,122,416,17,38
module_masked__no_lstm__tp18_L5_p0p07,module_ablation_masked,no_lstm,tp18_L5_p0p07,5.0,0.07,run1,oof_pooled,2,L3,88,17,33,841,85,40,36,818,23,3
module_masked__no_lstm__tp18_L5_p0p07,module_ablation_masked,no_lstm,tp18_L5_p0p07,5.0,0.07,run2,fold01,0,L2,22,10,5,35,16,2,11,43,-8,6
module_masked__no_lstm__tp18_L5_p0p07,module_ablation_masked,no_lstm,tp18_L5_p0p07,5.0,0.07,run2,fold01,1,L4,21,8,10,33,21,12,10,29,4,0
module_masked__no_lstm__tp18_L5_p0p07,module_ablation_masked,no_lstm,tp18_L5_p0p07,5.0,0.07,run2,fold01,2,L5,7,4,7,54,8,13,6,45,9,-1
module_masked__no_lstm__tp18_L5_p0p07,module_ablation_masked,no_lstm,tp18_L5_p0p07,5.0,0.07,run2,fold02,0,L2,21,12,5,33,14,11,12,34,-1,7
module_masked__no_lstm__tp18_L5_p0p07,module_ablation_masked,no_lstm,tp18_L5_p0p07,5.0,0.07,run2,fold02,1,L4,18,10,13,30,20,18,11,22,8,-2
module_masked__no_lstm__tp18_L5_p0p07,module_ablation_masked,no_lstm,tp18_L5_p0p07,5.0,0.07,run2,fold02,2,L5,7,3,7,54,5,3,9,54,0,2
module_masked__no_lstm__tp18_L5_p0p07,module_ablation_masked,no_lstm,tp18_L5_p0p07,5.0,0.07,run2,fold03,0,L2,20,11,6,34,20,10,6,35,-1,0
module_masked__no_lstm__tp18_L5_p0p07,module_ablation_masked,no_lstm,tp18_L5_p0p07,5.0,0.07,run2,fold03,1,L4,23,10,8,30,22,6,9,34,-4,1
module_masked__no_lstm__tp18_L5_p0p07,module_ablation_masked,no_lstm,tp18_L5_p0p07,5.0,0.07,run2,fold03,2,L5,4,3,10,54,6,7,8,50,4,-2
module_masked__no_lstm__tp18_L5_p0p07,module_ablation_masked,no_lstm,tp18_L5_p0p07,5.0,0.07,run2,oof_pooled,0,L2,63,33,16,102,50,23,29,112,-10,13
module_masked__no_lstm__tp18_L5_p0p07,module_ablation_masked,no_lstm,tp18_L5_p0p07,5.0,0.07,run2,oof_pooled,1,L4,62,28,31,93,63,36,30,85,8,-1
module_masked__no_lstm__tp18_L5_p0p07,module_ablation_masked,no_lstm,tp18_L5_p0p07,5.0,0.07,run2,oof_pooled,2,L5,18,10,24,162,19,23,23,149,13,-1
data_no_attention__tp18_L5_p0p07,data_ablation_no_module,no_attention,tp18_L5_p0p07,5.0,0.07,run1,fold01,0,L1,113,29,21,164,113,30,21,163,1,0
data_no_attention__tp18_L5_p0p07,data_ablation_no_module,no_attention,tp18_L5_p0p07,5.0,0.07,run1,fold01,1,L2/L4/L5 gate,125,28,27,147,112,28,40,147,0,13
data_no_attention__tp18_L5_p0p07,data_ablation_no_module,no_attention,tp18_L5_p0p07,5.0,0.07,run1,fold01,2,L3,30,2,11,284,30,14,11,272,12,0
data_no_attention__tp18_L5_p0p07,data_ablation_no_module,no_attention,tp18_L5_p0p07,5.0,0.07,run1,fold02,0,L1,107,21,27,171,107,31,27,161,10,0
data_no_attention__tp18_L5_p0p07,data_ablation_no_module,no_attention,tp18_L5_p0p07,5.0,0.07,run1,fold02,1,L2/L4/L5 gate,131,31,21,143,118,31,34,143,0,13
data_no_attention__tp18_L5_p0p07,data_ablation_no_module,no_attention,tp18_L5_p0p07,5.0,0.07,run1,fold02,2,L3,29,7,11,279,29,10,11,276,3,0
data_no_attention__tp18_L5_p0p07,data_ablation_no_module,no_attention,tp18_L5_p0p07,5.0,0.07,run1,fold03,0,L1,113,20,21,172,113,32,21,160,12,0
data_no_attention__tp18_L5_p0p07,data_ablation_no_module,no_attention,tp18_L5_p0p07,5.0,0.07,run1,fold03,1,L2/L4/L5 gate,129,23,23,151,114,23,38,151,0,15
data_no_attention__tp18_L5_p0p07,data_ablation_no_module,no_attention,tp18_L5_p0p07,5.0,0.07,run1,fold03,2,L3,33,8,7,278,33,11,7,275,3,0
data_no_attention__tp18_L5_p0p07,data_ablation_no_module,no_attention,tp18_L5_p0p07,5.0,0.07,run1,oof_pooled,0,L1,333,70,69,507,333,93,69,484,23,0
data_no_attention__tp18_L5_p0p07,data_ablation_no_module,no_attention,tp18_L5_p0p07,5.0,0.07,run1,oof_pooled,1,L2/L4/L5 gate,385,82,71,441,344,82,112,441,0,41
data_no_attention__tp18_L5_p0p07,data_ablation_no_module,no_attention,tp18_L5_p0p07,5.0,0.07,run1,oof_pooled,2,L3,92,17,29,841,92,35,29,823,18,0
data_no_attention__tp18_L5_p0p07,data_ablation_no_module,no_attention,tp18_L5_p0p07,5.0,0.07,run2,fold01,0,L2,15,6,12,39,15,6,12,39,0,0
data_no_attention__tp18_L5_p0p07,data_ablation_no_module,no_attention,tp18_L5_p0p07,5.0,0.07,run2,fold01,1,L4,21,16,10,25,21,17,10,24,1,0
data_no_attention__tp18_L5_p0p07,data_ablation_no_module,no_attention,tp18_L5_p0p07,5.0,0.07,run2,fold01,2,L5,6,8,8,50,5,8,9,50,0,1
data_no_attention__tp18_L5_p0p07,data_ablation_no_module,no_attention,tp18_L5_p0p07,5.0,0.07,run2,fold02,0,L2,16,8,10,37,16,8,10,37,0,0
data_no_attention__tp18_L5_p0p07,data_ablation_no_module,no_attention,tp18_L5_p0p07,5.0,0.07,run2,fold02,1,L4,16,6,15,34,16,7,15,33,1,0
data_no_attention__tp18_L5_p0p07,data_ablation_no_module,no_attention,tp18_L5_p0p07,5.0,0.07,run2,fold02,2,L5,13,12,1,45,12,12,2,45,0,1
data_no_attention__tp18_L5_p0p07,data_ablation_no_module,no_attention,tp18_L5_p0p07,5.0,0.07,run2,fold03,0,L2,17,10,9,35,17,10,9,35,0,0
data_no_attention__tp18_L5_p0p07,data_ablation_no_module,no_attention,tp18_L5_p0p07,5.0,0.07,run2,fold03,1,L4,19,13,12,27,19,13,12,27,0,0
data_no_attention__tp18_L5_p0p07,data_ablation_no_module,no_attention,tp18_L5_p0p07,5.0,0.07,run2,fold03,2,L5,4,8,10,49,4,8,10,49,0,0
data_no_attention__tp18_L5_p0p07,data_ablation_no_module,no_attention,tp18_L5_p0p07,5.0,0.07,run2,oof_pooled,0,L2,48,24,31,111,48,24,31,111,0,0
data_no_attention__tp18_L5_p0p07,data_ablation_no_module,no_attention,tp18_L5_p0p07,5.0,0.07,run2,oof_pooled,1,L4,56,35,37,86,56,37,37,84,2,0
data_no_attention__tp18_L5_p0p07,data_ablation_no_module,no_attention,tp18_L5_p0p07,5.0,0.07,run2,oof_pooled,2,L5,23,28,19,144,21,28,21,144,0,2
module_masked__no_attention__tp18_L5_p0p07,module_ablation_masked,no_attention,tp18_L5_p0p07,5.0,0.07,run1,fold01,0,L1,112,34,22,159,113,30,21,163,-4,-1
module_masked__no_attention__tp18_L5_p0p07,module_ablation_masked,no_attention,tp18_L5_p0p07,5.0,0.07,run1,fold01,1,L2/L4/L5 gate,119,30,33,145,112,28,40,147,-2,7
module_masked__no_attention__tp18_L5_p0p07,module_ablation_masked,no_attention,tp18_L5_p0p07,5.0,0.07,run1,fold01,2,L3,26,6,15,280,30,14,11,272,8,-4
module_masked__no_attention__tp18_L5_p0p07,module_ablation_masked,no_attention,tp18_L5_p0p07,5.0,0.07,run1,fold02,0,L1,105,24,29,168,107,31,27,161,7,-2
module_masked__no_attention__tp18_L5_p0p07,module_ablation_masked,no_attention,tp18_L5_p0p07,5.0,0.07,run1,fold02,1,L2/L4/L5 gate,123,31,29,143,118,31,34,143,0,5
module_masked__no_attention__tp18_L5_p0p07,module_ablation_masked,no_attention,tp18_L5_p0p07,5.0,0.07,run1,fold02,2,L3,34,9,6,277,29,10,11,276,1,5
module_masked__no_attention__tp18_L5_p0p07,module_ablation_masked,no_attention,tp18_L5_p0p07,5.0,0.07,run1,fold03,0,L1,111,26,23,166,113,32,21,160,6,-2
module_masked__no_attention__tp18_L5_p0p07,module_ablation_masked,no_attention,tp18_L5_p0p07,5.0,0.07,run1,fold03,1,L2/L4/L5 gate,130,29,22,145,114,23,38,151,-6,16
module_masked__no_attention__tp18_L5_p0p07,module_ablation_masked,no_attention,tp18_L5_p0p07,5.0,0.07,run1,fold03,2,L3,28,2,12,284,33,11,7,275,9,-5
module_masked__no_attention__tp18_L5_p0p07,module_ablation_masked,no_attention,tp18_L5_p0p07,5.0,0.07,run1,oof_pooled,0,L1,328,84,74,493,333,93,69,484,9,-5
module_masked__no_attention__tp18_L5_p0p07,module_ablation_masked,no_attention,tp18_L5_p0p07,5.0,0.07,run1,oof_pooled,1,L2/L4/L5 gate,372,90,84,433,344,82,112,441,-8,28
module_masked__no_attention__tp18_L5_p0p07,module_ablation_masked,no_attention,tp18_L5_p0p07,5.0,0.07,run1,oof_pooled,2,L3,88,17,33,841,92,35,29,823,18,-4
module_masked__no_attention__tp18_L5_p0p07,module_ablation_masked,no_attention,tp18_L5_p0p07,5.0,0.07,run2,fold01,0,L2,22,10,5,35,15,6,12,39,-4,7
module_masked__no_attention__tp18_L5_p0p07,module_ablation_masked,no_attention,tp18_L5_p0p07,5.0,0.07,run2,fold01,1,L4,21,8,10,33,21,17,10,24,9,0
module_masked__no_attention__tp18_L5_p0p07,module_ablation_masked,no_attention,tp18_L5_p0p07,5.0,0.07,run2,fold01,2,L5,7,4,7,54,5,8,9,50,4,2
module_masked__no_attention__tp18_L5_p0p07,module_ablation_masked,no_attention,tp18_L5_p0p07,5.0,0.07,run2,fold02,0,L2,21,12,5,33,16,8,10,37,-4,5
module_masked__no_attention__tp18_L5_p0p07,module_ablation_masked,no_attention,tp18_L5_p0p07,5.0,0.07,run2,fold02,1,L4,18,10,13,30,16,7,15,33,-3,2
module_masked__no_attention__tp18_L5_p0p07,module_ablation_masked,no_attention,tp18_L5_p0p07,5.0,0.07,run2,fold02,2,L5,7,3,7,54,12,12,2,45,9,-5
module_masked__no_attention__tp18_L5_p0p07,module_ablation_masked,no_attention,tp18_L5_p0p07,5.0,0.07,run2,fold03,0,L2,20,11,6,34,17,10,9,35,-1,3
module_masked__no_attention__tp18_L5_p0p07,module_ablation_masked,no_attention,tp18_L5_p0p07,5.0,0.07,run2,fold03,1,L4,23,10,8,30,19,13,12,27,3,4
module_masked__no_attention__tp18_L5_p0p07,module_ablation_masked,no_attention,tp18_L5_p0p07,5.0,0.07,run2,fold03,2,L5,4,3,10,54,4,8,10,49,5,0
module_masked__no_attention__tp18_L5_p0p07,module_ablation_masked,no_attention,tp18_L5_p0p07,5.0,0.07,run2,oof_pooled,0,L2,63,33,16,102,48,24,31,111,-9,15
module_masked__no_attention__tp18_L5_p0p07,module_ablation_masked,no_attention,tp18_L5_p0p07,5.0,0.07,run2,oof_pooled,1,L4,62,28,31,93,56,37,37,84,9,6
module_masked__no_attention__tp18_L5_p0p07,module_ablation_masked,no_attention,tp18_L5_p0p07,5.0,0.07,run2,oof_pooled,2,L5,18,10,24,162,21,28,21,144,18,-3
data_full__tp19_L5_p0p08,data_ablation_full,,tp19_L5_p0p08,5.0,0.08,run1,fold01,0,L1,112,30,22,163,112,34,22,159,4,0
data_full__tp19_L5_p0p08,data_ablation_full,,tp19_L5_p0p08,5.0,0.08,run1,fold01,1,L2/L4/L5 gate,126,30,26,145,119,30,33,145,0,7
data_full__tp19_L5_p0p08,data_ablation_full,,tp19_L5_p0p08,5.0,0.08,run1,fold01,2,L3,26,3,15,283,26,6,15,280,3,0
data_full__tp19_L5_p0p08,data_ablation_full,,tp19_L5_p0p08,5.0,0.08,run1,fold02,0,L1,105,22,29,170,105,24,29,168,2,0
data_full__tp19_L5_p0p08,data_ablation_full,,tp19_L5_p0p08,5.0,0.08,run1,fold02,1,L2/L4/L5 gate,127,31,25,143,123,31,29,143,0,4
data_full__tp19_L5_p0p08,data_ablation_full,,tp19_L5_p0p08,5.0,0.08,run1,fold02,2,L3,34,7,6,279,34,9,6,277,2,0
data_full__tp19_L5_p0p08,data_ablation_full,,tp19_L5_p0p08,5.0,0.08,run1,fold03,0,L1,111,21,23,171,111,24,23,168,3,0
data_full__tp19_L5_p0p08,data_ablation_full,,tp19_L5_p0p08,5.0,0.08,run1,fold03,1,L2/L4/L5 gate,135,29,17,145,132,29,20,145,0,3
data_full__tp19_L5_p0p08,data_ablation_full,,tp19_L5_p0p08,5.0,0.08,run1,fold03,2,L3,28,2,12,284,28,2,12,284,0,0
data_full__tp19_L5_p0p08,data_ablation_full,,tp19_L5_p0p08,5.0,0.08,run1,oof_pooled,0,L1,328,73,74,504,328,82,74,495,9,0
data_full__tp19_L5_p0p08,data_ablation_full,,tp19_L5_p0p08,5.0,0.08,run1,oof_pooled,1,L2/L4/L5 gate,388,90,68,433,374,90,82,433,0,14
data_full__tp19_L5_p0p08,data_ablation_full,,tp19_L5_p0p08,5.0,0.08,run1,oof_pooled,2,L3,88,12,33,846,88,17,33,841,5,0
data_full__tp19_L5_p0p08,data_ablation_full,,tp19_L5_p0p08,5.0,0.08,run2,fold01,0,L2,22,10,5,35,22,10,5,35,0,0
data_full__tp19_L5_p0p08,data_ablation_full,,tp19_L5_p0p08,5.0,0.08,run2,fold01,1,L4,21,8,10,33,21,8,10,33,0,0
data_full__tp19_L5_p0p08,data_ablation_full,,tp19_L5_p0p08,5.0,0.08,run2,fold01,2,L5,7,4,7,54,7,4,7,54,0,0
data_full__tp19_L5_p0p08,data_ablation_full,,tp19_L5_p0p08,5.0,0.08,run2,fold02,0,L2,21,12,5,33,21,12,5,33,0,0
data_full__tp19_L5_p0p08,data_ablation_full,,tp19_L5_p0p08,5.0,0.08,run2,fold02,1,L4,18,9,13,31,18,10,13,30,1,0
data_full__tp19_L5_p0p08,data_ablation_full,,tp19_L5_p0p08,5.0,0.08,run2,fold02,2,L5,8,3,6,54,7,3,7,54,0,1
data_full__tp19_L5_p0p08,data_ablation_full,,tp19_L5_p0p08,5.0,0.08,run2,fold03,0,L2,20,11,6,34,20,11,6,34,0,0
data_full__tp19_L5_p0p08,data_ablation_full,,tp19_L5_p0p08,5.0,0.08,run2,fold03,1,L4,23,10,8,30,23,10,8,30,0,0
data_full__tp19_L5_p0p08,data_ablation_full,,tp19_L5_p0p08,5.0,0.08,run2,fold03,2,L5,4,3,10,54,4,3,10,54,0,0
data_full__tp19_L5_p0p08,data_ablation_full,,tp19_L5_p0p08,5.0,0.08,run2,oof_pooled,0,L2,63,33,16,102,63,33,16,102,0,0
data_full__tp19_L5_p0p08,data_ablation_full,,tp19_L5_p0p08,5.0,0.08,run2,oof_pooled,1,L4,62,27,31,94,62,28,31,93,1,0
data_full__tp19_L5_p0p08,data_ablation_full,,tp19_L5_p0p08,5.0,0.08,run2,oof_pooled,2,L5,19,10,23,162,18,10,24,162,0,1
data_no_conv__tp19_L5_p0p08,data_ablation_no_module,no_conv,tp19_L5_p0p08,5.0,0.08,run1,fold01,0,L1,109,34,25,159,109,36,25,157,2,0
data_no_conv__tp19_L5_p0p08,data_ablation_no_module,no_conv,tp19_L5_p0p08,5.0,0.08,run1,fold01,1,L2/L4/L5 gate,120,30,32,145,115,30,37,145,0,5
data_no_conv__tp19_L5_p0p08,data_ablation_no_module,no_conv,tp19_L5_p0p08,5.0,0.08,run1,fold01,2,L3,30,4,11,282,30,7,11,279,3,0
data_no_conv__tp19_L5_p0p08,data_ablation_no_module,no_conv,tp19_L5_p0p08,5.0,0.08,run1,fold02,0,L1,110,26,24,166,110,28,24,164,2,0
data_no_conv__tp19_L5_p0p08,data_ablation_no_module,no_conv,tp19_L5_p0p08,5.0,0.08,run1,fold02,1,L2/L4/L5 gate,121,28,31,146,119,28,33,146,0,2
data_no_conv__tp19_L5_p0p08,data_ablation_no_module,no_conv,tp19_L5_p0p08,5.0,0.08,run1,fold02,2,L3,30,11,10,275,30,11,10,275,0,0
data_no_conv__tp19_L5_p0p08,data_ablation_no_module,no_conv,tp19_L5_p0p08,5.0,0.08,run1,fold03,0,L1,108,28,26,164,108,33,26,159,5,0
data_no_conv__tp19_L5_p0p08,data_ablation_no_module,no_conv,tp19_L5_p0p08,5.0,0.08,run1,fold03,1,L2/L4/L5 gate,110,23,42,151,102,23,50,151,0,8
data_no_conv__tp19_L5_p0p08,data_ablation_no_module,no_conv,tp19_L5_p0p08,5.0,0.08,run1,fold03,2,L3,35,22,5,264,35,25,5,261,3,0
data_no_conv__tp19_L5_p0p08,data_ablation_no_module,no_conv,tp19_L5_p0p08,5.0,0.08,run1,oof_pooled,0,L1,327,88,75,489,327,97,75,480,9,0
data_no_conv__tp19_L5_p0p08,data_ablation_no_module,no_conv,tp19_L5_p0p08,5.0,0.08,run1,oof_pooled,1,L2/L4/L5 gate,351,81,105,442,336,81,120,442,0,15
data_no_conv__tp19_L5_p0p08,data_ablation_no_module,no_conv,tp19_L5_p0p08,5.0,0.08,run1,oof_pooled,2,L3,95,37,26,821,95,43,26,815,6,0
data_no_conv__tp19_L5_p0p08,data_ablation_no_module,no_conv,tp19_L5_p0p08,5.0,0.08,run2,fold01,0,L2,15,12,12,33,15,12,12,33,0,0
data_no_conv__tp19_L5_p0p08,data_ablation_no_module,no_conv,tp19_L5_p0p08,5.0,0.08,run2,fold01,1,L4,16,7,15,34,16,7,15,34,0,0
data_no_conv__tp19_L5_p0p08,data_ablation_no_module,no_conv,tp19_L5_p0p08,5.0,0.08,run2,fold01,2,L5,9,13,5,45,9,13,5,45,0,0
data_no_conv__tp19_L5_p0p08,data_ablation_no_module,no_conv,tp19_L5_p0p08,5.0,0.08,run2,fold02,0,L2,17,12,9,33,17,12,9,33,0,0
data_no_conv__tp19_L5_p0p08,data_ablation_no_module,no_conv,tp19_L5_p0p08,5.0,0.08,run2,fold02,1,L4,12,6,19,34,12,7,19,33,1,0
data_no_conv__tp19_L5_p0p08,data_ablation_no_module,no_conv,tp19_L5_p0p08,5.0,0.08,run2,fold02,2,L5,11,13,3,44,10,13,4,44,0,1
data_no_conv__tp19_L5_p0p08,data_ablation_no_module,no_conv,tp19_L5_p0p08,5.0,0.08,run2,fold03,0,L2,21,21,5,24,21,21,5,24,0,0
data_no_conv__tp19_L5_p0p08,data_ablation_no_module,no_conv,tp19_L5_p0p08,5.0,0.08,run2,fold03,1,L4,14,6,17,34,14,6,17,34,0,0
data_no_conv__tp19_L5_p0p08,data_ablation_no_module,no_conv,tp19_L5_p0p08,5.0,0.08,run2,fold03,2,L5,4,5,10,52,4,5,10,52,0,0
data_no_conv__tp19_L5_p0p08,data_ablation_no_module,no_conv,tp19_L5_p0p08,5.0,0.08,run2,oof_pooled,0,L2,53,45,26,90,53,45,26,90,0,0
data_no_conv__tp19_L5_p0p08,data_ablation_no_module,no_conv,tp19_L5_p0p08,5.0,0.08,run2,oof_pooled,1,L4,42,19,51,102,42,20,51,101,1,0
data_no_conv__tp19_L5_p0p08,data_ablation_no_module,no_conv,tp19_L5_p0p08,5.0,0.08,run2,oof_pooled,2,L5,24,31,18,141,23,31,19,141,0,1
module_masked__no_conv__tp19_L5_p0p08,module_ablation_masked,no_conv,tp19_L5_p0p08,5.0,0.08,run1,fold01,0,L1,112,34,22,159,109,36,25,157,2,3
module_masked__no_conv__tp19_L5_p0p08,module_ablation_masked,no_conv,tp19_L5_p0p08,5.0,0.08,run1,fold01,1,L2/L4/L5 gate,119,30,33,145,115,30,37,145,0,4
module_masked__no_conv__tp19_L5_p0p08,module_ablation_masked,no_conv,tp19_L5_p0p08,5.0,0.08,run1,fold01,2,L3,26,6,15,280,30,7,11,279,1,-4
module_masked__no_conv__tp19_L5_p0p08,module_ablation_masked,no_conv,tp19_L5_p0p08,5.0,0.08,run1,fold02,0,L1,105,24,29,168,110,28,24,164,4,-5
module_masked__no_conv__tp19_L5_p0p08,module_ablation_masked,no_conv,tp19_L5_p0p08,5.0,0.08,run1,fold02,1,L2/L4/L5 gate,123,31,29,143,119,28,33,146,-3,4
module_masked__no_conv__tp19_L5_p0p08,module_ablation_masked,no_conv,tp19_L5_p0p08,5.0,0.08,run1,fold02,2,L3,34,9,6,277,30,11,10,275,2,4
module_masked__no_conv__tp19_L5_p0p08,module_ablation_masked,no_conv,tp19_L5_p0p08,5.0,0.08,run1,fold03,0,L1,111,24,23,168,108,33,26,159,9,3
module_masked__no_conv__tp19_L5_p0p08,module_ablation_masked,no_conv,tp19_L5_p0p08,5.0,0.08,run1,fold03,1,L2/L4/L5 gate,132,29,20,145,102,23,50,151,-6,30
module_masked__no_conv__tp19_L5_p0p08,module_ablation_masked,no_conv,tp19_L5_p0p08,5.0,0.08,run1,fold03,2,L3,28,2,12,284,35,25,5,261,23,-7
module_masked__no_conv__tp19_L5_p0p08,module_ablation_masked,no_conv,tp19_L5_p0p08,5.0,0.08,run1,oof_pooled,0,L1,328,82,74,495,327,97,75,480,15,1
module_masked__no_conv__tp19_L5_p0p08,module_ablation_masked,no_conv,tp19_L5_p0p08,5.0,0.08,run1,oof_pooled,1,L2/L4/L5 gate,374,90,82,433,336,81,120,442,-9,38
module_masked__no_conv__tp19_L5_p0p08,module_ablation_masked,no_conv,tp19_L5_p0p08,5.0,0.08,run1,oof_pooled,2,L3,88,17,33,841,95,43,26,815,26,-7
module_masked__no_conv__tp19_L5_p0p08,module_ablation_masked,no_conv,tp19_L5_p0p08,5.0,0.08,run2,fold01,0,L2,22,10,5,35,15,12,12,33,2,7
module_masked__no_conv__tp19_L5_p0p08,module_ablation_masked,no_conv,tp19_L5_p0p08,5.0,0.08,run2,fold01,1,L4,21,8,10,33,16,7,15,34,-1,5
module_masked__no_conv__tp19_L5_p0p08,module_ablation_masked,no_conv,tp19_L5_p0p08,5.0,0.08,run2,fold01,2,L5,7,4,7,54,9,13,5,45,9,-2
module_masked__no_conv__tp19_L5_p0p08,module_ablation_masked,no_conv,tp19_L5_p0p08,5.0,0.08,run2,fold02,0,L2,21,12,5,33,17,12,9,33,0,4
module_masked__no_conv__tp19_L5_p0p08,module_ablation_masked,no_conv,tp19_L5_p0p08,5.0,0.08,run2,fold02,1,L4,18,10,13,30,12,7,19,33,-3,6
module_masked__no_conv__tp19_L5_p0p08,module_ablation_masked,no_conv,tp19_L5_p0p08,5.0,0.08,run2,fold02,2,L5,7,3,7,54,10,13,4,44,10,-3
module_masked__no_conv__tp19_L5_p0p08,module_ablation_masked,no_conv,tp19_L5_p0p08,5.0,0.08,run2,fold03,0,L2,20,11,6,34,21,21,5,24,10,-1
module_masked__no_conv__tp19_L5_p0p08,module_ablation_masked,no_conv,tp19_L5_p0p08,5.0,0.08,run2,fold03,1,L4,23,10,8,30,14,6,17,34,-4,9
module_masked__no_conv__tp19_L5_p0p08,module_ablation_masked,no_conv,tp19_L5_p0p08,5.0,0.08,run2,fold03,2,L5,4,3,10,54,4,5,10,52,2,0
module_masked__no_conv__tp19_L5_p0p08,module_ablation_masked,no_conv,tp19_L5_p0p08,5.0,0.08,run2,oof_pooled,0,L2,63,33,16,102,53,45,26,90,12,10
module_masked__no_conv__tp19_L5_p0p08,module_ablation_masked,no_conv,tp19_L5_p0p08,5.0,0.08,run2,oof_pooled,1,L4,62,28,31,93,42,20,51,101,-8,20
module_masked__no_conv__tp19_L5_p0p08,module_ablation_masked,no_conv,tp19_L5_p0p08,5.0,0.08,run2,oof_pooled,2,L5,18,10,24,162,23,31,19,141,21,-5
data_no_lstm__tp19_L5_p0p08,data_ablation_no_module,no_lstm,tp19_L5_p0p08,5.0,0.08,run1,fold01,0,L1,102,35,32,158,102,36,32,157,1,0
data_no_lstm__tp19_L5_p0p08,data_ablation_no_module,no_lstm,tp19_L5_p0p08,5.0,0.08,run1,fold01,1,L2/L4/L5 gate,117,40,35,135,109,40,43,135,0,8
data_no_lstm__tp19_L5_p0p08,data_ablation_no_module,no_lstm,tp19_L5_p0p08,5.0,0.08,run1,fold01,2,L3,27,6,14,280,27,13,14,273,7,0
data_no_lstm__tp19_L5_p0p08,data_ablation_no_module,no_lstm,tp19_L5_p0p08,5.0,0.08,run1,fold02,0,L1,101,36,33,156,101,39,33,153,3,0
data_no_lstm__tp19_L5_p0p08,data_ablation_no_module,no_lstm,tp19_L5_p0p08,5.0,0.08,run1,fold02,1,L2/L4/L5 gate,113,37,39,137,111,37,41,137,0,2
data_no_lstm__tp19_L5_p0p08,data_ablation_no_module,no_lstm,tp19_L5_p0p08,5.0,0.08,run1,fold02,2,L3,28,11,12,275,28,10,12,276,-1,0
data_no_lstm__tp19_L5_p0p08,data_ablation_no_module,no_lstm,tp19_L5_p0p08,5.0,0.08,run1,fold03,0,L1,104,28,30,164,104,31,30,161,3,0
data_no_lstm__tp19_L5_p0p08,data_ablation_no_module,no_lstm,tp19_L5_p0p08,5.0,0.08,run1,fold03,1,L2/L4/L5 gate,120,30,32,144,113,30,39,144,0,7
data_no_lstm__tp19_L5_p0p08,data_ablation_no_module,no_lstm,tp19_L5_p0p08,5.0,0.08,run1,fold03,2,L3,30,14,10,272,30,18,10,268,4,0
data_no_lstm__tp19_L5_p0p08,data_ablation_no_module,no_lstm,tp19_L5_p0p08,5.0,0.08,run1,oof_pooled,0,L1,307,99,95,478,307,106,95,471,7,0
data_no_lstm__tp19_L5_p0p08,data_ablation_no_module,no_lstm,tp19_L5_p0p08,5.0,0.08,run1,oof_pooled,1,L2/L4/L5 gate,350,107,106,416,333,107,123,416,0,17
data_no_lstm__tp19_L5_p0p08,data_ablation_no_module,no_lstm,tp19_L5_p0p08,5.0,0.08,run1,oof_pooled,2,L3,85,31,36,827,85,41,36,817,10,0
data_no_lstm__tp19_L5_p0p08,data_ablation_no_module,no_lstm,tp19_L5_p0p08,5.0,0.08,run2,fold01,0,L2,16,2,11,43,16,2,11,43,0,0
data_no_lstm__tp19_L5_p0p08,data_ablation_no_module,no_lstm,tp19_L5_p0p08,5.0,0.08,run2,fold01,1,L4,21,11,10,30,21,12,10,29,1,0
data_no_lstm__tp19_L5_p0p08,data_ablation_no_module,no_lstm,tp19_L5_p0p08,5.0,0.08,run2,fold01,2,L5,9,13,5,45,8,13,6,45,0,1
data_no_lstm__tp19_L5_p0p08,data_ablation_no_module,no_lstm,tp19_L5_p0p08,5.0,0.08,run2,fold02,0,L2,14,11,12,34,14,11,12,34,0,0
data_no_lstm__tp19_L5_p0p08,data_ablation_no_module,no_lstm,tp19_L5_p0p08,5.0,0.08,run2,fold02,1,L4,20,17,11,23,20,18,11,22,1,0
data_no_lstm__tp19_L5_p0p08,data_ablation_no_module,no_lstm,tp19_L5_p0p08,5.0,0.08,run2,fold02,2,L5,6,3,8,54,5,3,9,54,0,1
data_no_lstm__tp19_L5_p0p08,data_ablation_no_module,no_lstm,tp19_L5_p0p08,5.0,0.08,run2,fold03,0,L2,20,10,6,35,20,10,6,35,0,0
data_no_lstm__tp19_L5_p0p08,data_ablation_no_module,no_lstm,tp19_L5_p0p08,5.0,0.08,run2,fold03,1,L4,22,6,9,34,22,6,9,34,0,0
data_no_lstm__tp19_L5_p0p08,data_ablation_no_module,no_lstm,tp19_L5_p0p08,5.0,0.08,run2,fold03,2,L5,6,7,8,50,6,7,8,50,0,0
data_no_lstm__tp19_L5_p0p08,data_ablation_no_module,no_lstm,tp19_L5_p0p08,5.0,0.08,run2,oof_pooled,0,L2,50,23,29,112,50,23,29,112,0,0
data_no_lstm__tp19_L5_p0p08,data_ablation_no_module,no_lstm,tp19_L5_p0p08,5.0,0.08,run2,oof_pooled,1,L4,63,34,30,87,63,36,30,85,2,0
data_no_lstm__tp19_L5_p0p08,data_ablation_no_module,no_lstm,tp19_L5_p0p08,5.0,0.08,run2,oof_pooled,2,L5,21,23,21,149,19,23,23,149,0,2
module_masked__no_lstm__tp19_L5_p0p08,module_ablation_masked,no_lstm,tp19_L5_p0p08,5.0,0.08,run1,fold01,0,L1,112,34,22,159,102,36,32,157,2,10
module_masked__no_lstm__tp19_L5_p0p08,module_ablation_masked,no_lstm,tp19_L5_p0p08,5.0,0.08,run1,fold01,1,L2/L4/L5 gate,119,30,33,145,109,40,43,135,10,10
module_masked__no_lstm__tp19_L5_p0p08,module_ablation_masked,no_lstm,tp19_L5_p0p08,5.0,0.08,run1,fold01,2,L3,26,6,15,280,27,13,14,273,7,-1
module_masked__no_lstm__tp19_L5_p0p08,module_ablation_masked,no_lstm,tp19_L5_p0p08,5.0,0.08,run1,fold02,0,L1,105,24,29,168,101,39,33,153,15,4
module_masked__no_lstm__tp19_L5_p0p08,module_ablation_masked,no_lstm,tp19_L5_p0p08,5.0,0.08,run1,fold02,1,L2/L4/L5 gate,123,31,29,143,111,37,41,137,6,12
module_masked__no_lstm__tp19_L5_p0p08,module_ablation_masked,no_lstm,tp19_L5_p0p08,5.0,0.08,run1,fold02,2,L3,34,9,6,277,28,10,12,276,1,6
module_masked__no_lstm__tp19_L5_p0p08,module_ablation_masked,no_lstm,tp19_L5_p0p08,5.0,0.08,run1,fold03,0,L1,111,24,23,168,104,31,30,161,7,7
module_masked__no_lstm__tp19_L5_p0p08,module_ablation_masked,no_lstm,tp19_L5_p0p08,5.0,0.08,run1,fold03,1,L2/L4/L5 gate,132,29,20,145,113,30,39,144,1,19
module_masked__no_lstm__tp19_L5_p0p08,module_ablation_masked,no_lstm,tp19_L5_p0p08,5.0,0.08,run1,fold03,2,L3,28,2,12,284,30,18,10,268,16,-2
module_masked__no_lstm__tp19_L5_p0p08,module_ablation_masked,no_lstm,tp19_L5_p0p08,5.0,0.08,run1,oof_pooled,0,L1,328,82,74,495,307,106,95,471,24,21
module_masked__no_lstm__tp19_L5_p0p08,module_ablation_masked,no_lstm,tp19_L5_p0p08,5.0,0.08,run1,oof_pooled,1,L2/L4/L5 gate,374,90,82,433,333,107,123,416,17,41
module_masked__no_lstm__tp19_L5_p0p08,module_ablation_masked,no_lstm,tp19_L5_p0p08,5.0,0.08,run1,oof_pooled,2,L3,88,17,33,841,85,41,36,817,24,3
module_masked__no_lstm__tp19_L5_p0p08,module_ablation_masked,no_lstm,tp19_L5_p0p08,5.0,0.08,run2,fold01,0,L2,22,10,5,35,16,2,11,43,-8,6
module_masked__no_lstm__tp19_L5_p0p08,module_ablation_masked,no_lstm,tp19_L5_p0p08,5.0,0.08,run2,fold01,1,L4,21,8,10,33,21,12,10,29,4,0
module_masked__no_lstm__tp19_L5_p0p08,module_ablation_masked,no_lstm,tp19_L5_p0p08,5.0,0.08,run2,fold01,2,L5,7,4,7,54,8,13,6,45,9,-1
module_masked__no_lstm__tp19_L5_p0p08,module_ablation_masked,no_lstm,tp19_L5_p0p08,5.0,0.08,run2,fold02,0,L2,21,12,5,33,14,11,12,34,-1,7
module_masked__no_lstm__tp19_L5_p0p08,module_ablation_masked,no_lstm,tp19_L5_p0p08,5.0,0.08,run2,fold02,1,L4,18,10,13,30,20,18,11,22,8,-2
module_masked__no_lstm__tp19_L5_p0p08,module_ablation_masked,no_lstm,tp19_L5_p0p08,5.0,0.08,run2,fold02,2,L5,7,3,7,54,5,3,9,54,0,2
module_masked__no_lstm__tp19_L5_p0p08,module_ablation_masked,no_lstm,tp19_L5_p0p08,5.0,0.08,run2,fold03,0,L2,20,11,6,34,20,10,6,35,-1,0
module_masked__no_lstm__tp19_L5_p0p08,module_ablation_masked,no_lstm,tp19_L5_p0p08,5.0,0.08,run2,fold03,1,L4,23,10,8,30,22,6,9,34,-4,1
module_masked__no_lstm__tp19_L5_p0p08,module_ablation_masked,no_lstm,tp19_L5_p0p08,5.0,0.08,run2,fold03,2,L5,4,3,10,54,6,7,8,50,4,-2
module_masked__no_lstm__tp19_L5_p0p08,module_ablation_masked,no_lstm,tp19_L5_p0p08,5.0,0.08,run2,oof_pooled,0,L2,63,33,16,102,50,23,29,112,-10,13
module_masked__no_lstm__tp19_L5_p0p08,module_ablation_masked,no_lstm,tp19_L5_p0p08,5.0,0.08,run2,oof_pooled,1,L4,62,28,31,93,63,36,30,85,8,-1
module_masked__no_lstm__tp19_L5_p0p08,module_ablation_masked,no_lstm,tp19_L5_p0p08,5.0,0.08,run2,oof_pooled,2,L5,18,10,24,162,19,23,23,149,13,-1
data_no_attention__tp19_L5_p0p08,data_ablation_no_module,no_attention,tp19_L5_p0p08,5.0,0.08,run1,fold01,0,L1,113,29,21,164,113,31,21,162,2,0
data_no_attention__tp19_L5_p0p08,data_ablation_no_module,no_attention,tp19_L5_p0p08,5.0,0.08,run1,fold01,1,L2/L4/L5 gate,125,28,27,147,111,28,41,147,0,14
data_no_attention__tp19_L5_p0p08,data_ablation_no_module,no_attention,tp19_L5_p0p08,5.0,0.08,run1,fold01,2,L3,30,2,11,284,30,14,11,272,12,0
data_no_attention__tp19_L5_p0p08,data_ablation_no_module,no_attention,tp19_L5_p0p08,5.0,0.08,run1,fold02,0,L1,107,21,27,171,107,29,27,163,8,0
data_no_attention__tp19_L5_p0p08,data_ablation_no_module,no_attention,tp19_L5_p0p08,5.0,0.08,run1,fold02,1,L2/L4/L5 gate,131,31,21,143,119,31,33,143,0,12
data_no_attention__tp19_L5_p0p08,data_ablation_no_module,no_attention,tp19_L5_p0p08,5.0,0.08,run1,fold02,2,L3,29,7,11,279,29,11,11,275,4,0
data_no_attention__tp19_L5_p0p08,data_ablation_no_module,no_attention,tp19_L5_p0p08,5.0,0.08,run1,fold03,0,L1,113,20,21,172,113,33,21,159,13,0
data_no_attention__tp19_L5_p0p08,data_ablation_no_module,no_attention,tp19_L5_p0p08,5.0,0.08,run1,fold03,1,L2/L4/L5 gate,129,23,23,151,113,23,39,151,0,16
data_no_attention__tp19_L5_p0p08,data_ablation_no_module,no_attention,tp19_L5_p0p08,5.0,0.08,run1,fold03,2,L3,33,8,7,278,33,11,7,275,3,0
data_no_attention__tp19_L5_p0p08,data_ablation_no_module,no_attention,tp19_L5_p0p08,5.0,0.08,run1,oof_pooled,0,L1,333,70,69,507,333,93,69,484,23,0
data_no_attention__tp19_L5_p0p08,data_ablation_no_module,no_attention,tp19_L5_p0p08,5.0,0.08,run1,oof_pooled,1,L2/L4/L5 gate,385,82,71,441,343,82,113,441,0,42
data_no_attention__tp19_L5_p0p08,data_ablation_no_module,no_attention,tp19_L5_p0p08,5.0,0.08,run1,oof_pooled,2,L3,92,17,29,841,92,36,29,822,19,0
data_no_attention__tp19_L5_p0p08,data_ablation_no_module,no_attention,tp19_L5_p0p08,5.0,0.08,run2,fold01,0,L2,15,6,12,39,15,6,12,39,0,0
data_no_attention__tp19_L5_p0p08,data_ablation_no_module,no_attention,tp19_L5_p0p08,5.0,0.08,run2,fold01,1,L4,21,16,10,25,21,17,10,24,1,0
data_no_attention__tp19_L5_p0p08,data_ablation_no_module,no_attention,tp19_L5_p0p08,5.0,0.08,run2,fold01,2,L5,6,8,8,50,5,8,9,50,0,1
data_no_attention__tp19_L5_p0p08,data_ablation_no_module,no_attention,tp19_L5_p0p08,5.0,0.08,run2,fold02,0,L2,16,8,10,37,16,8,10,37,0,0
data_no_attention__tp19_L5_p0p08,data_ablation_no_module,no_attention,tp19_L5_p0p08,5.0,0.08,run2,fold02,1,L4,16,6,15,34,16,7,15,33,1,0
data_no_attention__tp19_L5_p0p08,data_ablation_no_module,no_attention,tp19_L5_p0p08,5.0,0.08,run2,fold02,2,L5,13,12,1,45,12,12,2,45,0,1
data_no_attention__tp19_L5_p0p08,data_ablation_no_module,no_attention,tp19_L5_p0p08,5.0,0.08,run2,fold03,0,L2,17,10,9,35,17,10,9,35,0,0
data_no_attention__tp19_L5_p0p08,data_ablation_no_module,no_attention,tp19_L5_p0p08,5.0,0.08,run2,fold03,1,L4,19,13,12,27,19,13,12,27,0,0
data_no_attention__tp19_L5_p0p08,data_ablation_no_module,no_attention,tp19_L5_p0p08,5.0,0.08,run2,fold03,2,L5,4,8,10,49,4,8,10,49,0,0
data_no_attention__tp19_L5_p0p08,data_ablation_no_module,no_attention,tp19_L5_p0p08,5.0,0.08,run2,oof_pooled,0,L2,48,24,31,111,48,24,31,111,0,0
data_no_attention__tp19_L5_p0p08,data_ablation_no_module,no_attention,tp19_L5_p0p08,5.0,0.08,run2,oof_pooled,1,L4,56,35,37,86,56,37,37,84,2,0
data_no_attention__tp19_L5_p0p08,data_ablation_no_module,no_attention,tp19_L5_p0p08,5.0,0.08,run2,oof_pooled,2,L5,23,28,19,144,21,28,21,144,0,2
module_masked__no_attention__tp19_L5_p0p08,module_ablation_masked,no_attention,tp19_L5_p0p08,5.0,0.08,run1,fold01,0,L1,112,34,22,159,113,31,21,162,-3,-1
module_masked__no_attention__tp19_L5_p0p08,module_ablation_masked,no_attention,tp19_L5_p0p08,5.0,0.08,run1,fold01,1,L2/L4/L5 gate,119,30,33,145,111,28,41,147,-2,8
module_masked__no_attention__tp19_L5_p0p08,module_ablation_masked,no_attention,tp19_L5_p0p08,5.0,0.08,run1,fold01,2,L3,26,6,15,280,30,14,11,272,8,-4
module_masked__no_attention__tp19_L5_p0p08,module_ablation_masked,no_attention,tp19_L5_p0p08,5.0,0.08,run1,fold02,0,L1,105,24,29,168,107,29,27,163,5,-2
module_masked__no_attention__tp19_L5_p0p08,module_ablation_masked,no_attention,tp19_L5_p0p08,5.0,0.08,run1,fold02,1,L2/L4/L5 gate,123,31,29,143,119,31,33,143,0,4
module_masked__no_attention__tp19_L5_p0p08,module_ablation_masked,no_attention,tp19_L5_p0p08,5.0,0.08,run1,fold02,2,L3,34,9,6,277,29,11,11,275,2,5
module_masked__no_attention__tp19_L5_p0p08,module_ablation_masked,no_attention,tp19_L5_p0p08,5.0,0.08,run1,fold03,0,L1,111,24,23,168,113,33,21,159,9,-2
module_masked__no_attention__tp19_L5_p0p08,module_ablation_masked,no_attention,tp19_L5_p0p08,5.0,0.08,run1,fold03,1,L2/L4/L5 gate,132,29,20,145,113,23,39,151,-6,19
module_masked__no_attention__tp19_L5_p0p08,module_ablation_masked,no_attention,tp19_L5_p0p08,5.0,0.08,run1,fold03,2,L3,28,2,12,284,33,11,7,275,9,-5
module_masked__no_attention__tp19_L5_p0p08,module_ablation_masked,no_attention,tp19_L5_p0p08,5.0,0.08,run1,oof_pooled,0,L1,328,82,74,495,333,93,69,484,11,-5
module_masked__no_attention__tp19_L5_p0p08,module_ablation_masked,no_attention,tp19_L5_p0p08,5.0,0.08,run1,oof_pooled,1,L2/L4/L5 gate,374,90,82,433,343,82,113,441,-8,31
module_masked__no_attention__tp19_L5_p0p08,module_ablation_masked,no_attention,tp19_L5_p0p08,5.0,0.08,run1,oof_pooled,2,L3,88,17,33,841,92,36,29,822,19,-4
module_masked__no_attention__tp19_L5_p0p08,module_ablation_masked,no_attention,tp19_L5_p0p08,5.0,0.08,run2,fold01,0,L2,22,10,5,35,15,6,12,39,-4,7
module_masked__no_attention__tp19_L5_p0p08,module_ablation_masked,no_attention,tp19_L5_p0p08,5.0,0.08,run2,fold01,1,L4,21,8,10,33,21,17,10,24,9,0
module_masked__no_attention__tp19_L5_p0p08,module_ablation_masked,no_attention,tp19_L5_p0p08,5.0,0.08,run2,fold01,2,L5,7,4,7,54,5,8,9,50,4,2
module_masked__no_attention__tp19_L5_p0p08,module_ablation_masked,no_attention,tp19_L5_p0p08,5.0,0.08,run2,fold02,0,L2,21,12,5,33,16,8,10,37,-4,5
module_masked__no_attention__tp19_L5_p0p08,module_ablation_masked,no_attention,tp19_L5_p0p08,5.0,0.08,run2,fold02,1,L4,18,10,13,30,16,7,15,33,-3,2
module_masked__no_attention__tp19_L5_p0p08,module_ablation_masked,no_attention,tp19_L5_p0p08,5.0,0.08,run2,fold02,2,L5,7,3,7,54,12,12,2,45,9,-5
module_masked__no_attention__tp19_L5_p0p08,module_ablation_masked,no_attention,tp19_L5_p0p08,5.0,0.08,run2,fold03,0,L2,20,11,6,34,17,10,9,35,-1,3
module_masked__no_attention__tp19_L5_p0p08,module_ablation_masked,no_attention,tp19_L5_p0p08,5.0,0.08,run2,fold03,1,L4,23,10,8,30,19,13,12,27,3,4
module_masked__no_attention__tp19_L5_p0p08,module_ablation_masked,no_attention,tp19_L5_p0p08,5.0,0.08,run2,fold03,2,L5,4,3,10,54,4,8,10,49,5,0
module_masked__no_attention__tp19_L5_p0p08,module_ablation_masked,no_attention,tp19_L5_p0p08,5.0,0.08,run2,oof_pooled,0,L2,63,33,16,102,48,24,31,111,-9,15
module_masked__no_attention__tp19_L5_p0p08,module_ablation_masked,no_attention,tp19_L5_p0p08,5.0,0.08,run2,oof_pooled,1,L4,62,28,31,93,56,37,37,84,9,6
module_masked__no_attention__tp19_L5_p0p08,module_ablation_masked,no_attention,tp19_L5_p0p08,5.0,0.08,run2,oof_pooled,2,L5,18,10,24,162,21,28,21,144,18,-3
data_full__tp20_L5_p0p12,data_ablation_full,,tp20_L5_p0p12,5.0,0.12,run1,fold01,0,L1,112,30,22,163,112,32,22,161,2,0
data_full__tp20_L5_p0p12,data_ablation_full,,tp20_L5_p0p12,5.0,0.12,run1,fold01,1,L2/L4/L5 gate,126,30,26,145,121,30,31,145,0,5
data_full__tp20_L5_p0p12,data_ablation_full,,tp20_L5_p0p12,5.0,0.12,run1,fold01,2,L3,26,3,15,283,26,6,15,280,3,0
data_full__tp20_L5_p0p12,data_ablation_full,,tp20_L5_p0p12,5.0,0.12,run1,fold02,0,L1,105,22,29,170,105,24,29,168,2,0
data_full__tp20_L5_p0p12,data_ablation_full,,tp20_L5_p0p12,5.0,0.12,run1,fold02,1,L2/L4/L5 gate,127,31,25,143,122,31,30,143,0,5
data_full__tp20_L5_p0p12,data_ablation_full,,tp20_L5_p0p12,5.0,0.12,run1,fold02,2,L3,34,7,6,279,34,10,6,276,3,0
data_full__tp20_L5_p0p12,data_ablation_full,,tp20_L5_p0p12,5.0,0.12,run1,fold03,0,L1,111,21,23,171,111,27,23,165,6,0
data_full__tp20_L5_p0p12,data_ablation_full,,tp20_L5_p0p12,5.0,0.12,run1,fold03,1,L2/L4/L5 gate,135,29,17,145,129,29,23,145,0,6
data_full__tp20_L5_p0p12,data_ablation_full,,tp20_L5_p0p12,5.0,0.12,run1,fold03,2,L3,28,2,12,284,28,2,12,284,0,0
data_full__tp20_L5_p0p12,data_ablation_full,,tp20_L5_p0p12,5.0,0.12,run1,oof_pooled,0,L1,328,73,74,504,328,83,74,494,10,0
data_full__tp20_L5_p0p12,data_ablation_full,,tp20_L5_p0p12,5.0,0.12,run1,oof_pooled,1,L2/L4/L5 gate,388,90,68,433,372,90,84,433,0,16
data_full__tp20_L5_p0p12,data_ablation_full,,tp20_L5_p0p12,5.0,0.12,run1,oof_pooled,2,L3,88,12,33,846,88,18,33,840,6,0
data_full__tp20_L5_p0p12,data_ablation_full,,tp20_L5_p0p12,5.0,0.12,run2,fold01,0,L2,22,10,5,35,22,10,5,35,0,0
data_full__tp20_L5_p0p12,data_ablation_full,,tp20_L5_p0p12,5.0,0.12,run2,fold01,1,L4,21,8,10,33,21,8,10,33,0,0
data_full__tp20_L5_p0p12,data_ablation_full,,tp20_L5_p0p12,5.0,0.12,run2,fold01,2,L5,7,4,7,54,7,4,7,54,0,0
data_full__tp20_L5_p0p12,data_ablation_full,,tp20_L5_p0p12,5.0,0.12,run2,fold02,0,L2,21,12,5,33,21,12,5,33,0,0
data_full__tp20_L5_p0p12,data_ablation_full,,tp20_L5_p0p12,5.0,0.12,run2,fold02,1,L4,18,9,13,31,18,10,13,30,1,0
data_full__tp20_L5_p0p12,data_ablation_full,,tp20_L5_p0p12,5.0,0.12,run2,fold02,2,L5,8,3,6,54,7,3,7,54,0,1
data_full__tp20_L5_p0p12,data_ablation_full,,tp20_L5_p0p12,5.0,0.12,run2,fold03,0,L2,20,11,6,34,20,11,6,34,0,0
data_full__tp20_L5_p0p12,data_ablation_full,,tp20_L5_p0p12,5.0,0.12,run2,fold03,1,L4,23,10,8,30,23,10,8,30,0,0
data_full__tp20_L5_p0p12,data_ablation_full,,tp20_L5_p0p12,5.0,0.12,run2,fold03,2,L5,4,3,10,54,4,3,10,54,0,0
data_full__tp20_L5_p0p12,data_ablation_full,,tp20_L5_p0p12,5.0,0.12,run2,oof_pooled,0,L2,63,33,16,102,63,33,16,102,0,0
data_full__tp20_L5_p0p12,data_ablation_full,,tp20_L5_p0p12,5.0,0.12,run2,oof_pooled,1,L4,62,27,31,94,62,28,31,93,1,0
data_full__tp20_L5_p0p12,data_ablation_full,,tp20_L5_p0p12,5.0,0.12,run2,oof_pooled,2,L5,19,10,23,162,18,10,24,162,0,1
data_no_conv__tp20_L5_p0p12,data_ablation_no_module,no_conv,tp20_L5_p0p12,5.0,0.12,run1,fold01,0,L1,109,34,25,159,109,35,25,158,1,0
data_no_conv__tp20_L5_p0p12,data_ablation_no_module,no_conv,tp20_L5_p0p12,5.0,0.12,run1,fold01,1,L2/L4/L5 gate,120,30,32,145,116,30,36,145,0,4
data_no_conv__tp20_L5_p0p12,data_ablation_no_module,no_conv,tp20_L5_p0p12,5.0,0.12,run1,fold01,2,L3,30,4,11,282,30,7,11,279,3,0
data_no_conv__tp20_L5_p0p12,data_ablation_no_module,no_conv,tp20_L5_p0p12,5.0,0.12,run1,fold02,0,L1,110,26,24,166,110,27,24,165,1,0
data_no_conv__tp20_L5_p0p12,data_ablation_no_module,no_conv,tp20_L5_p0p12,5.0,0.12,run1,fold02,1,L2/L4/L5 gate,121,28,31,146,120,28,32,146,0,1
data_no_conv__tp20_L5_p0p12,data_ablation_no_module,no_conv,tp20_L5_p0p12,5.0,0.12,run1,fold02,2,L3,30,11,10,275,30,11,10,275,0,0
data_no_conv__tp20_L5_p0p12,data_ablation_no_module,no_conv,tp20_L5_p0p12,5.0,0.12,run1,fold03,0,L1,108,28,26,164,108,31,26,161,3,0
data_no_conv__tp20_L5_p0p12,data_ablation_no_module,no_conv,tp20_L5_p0p12,5.0,0.12,run1,fold03,1,L2/L4/L5 gate,110,23,42,151,104,23,48,151,0,6
data_no_conv__tp20_L5_p0p12,data_ablation_no_module,no_conv,tp20_L5_p0p12,5.0,0.12,run1,fold03,2,L3,35,22,5,264,35,25,5,261,3,0
data_no_conv__tp20_L5_p0p12,data_ablation_no_module,no_conv,tp20_L5_p0p12,5.0,0.12,run1,oof_pooled,0,L1,327,88,75,489,327,93,75,484,5,0
data_no_conv__tp20_L5_p0p12,data_ablation_no_module,no_conv,tp20_L5_p0p12,5.0,0.12,run1,oof_pooled,1,L2/L4/L5 gate,351,81,105,442,340,81,116,442,0,11
data_no_conv__tp20_L5_p0p12,data_ablation_no_module,no_conv,tp20_L5_p0p12,5.0,0.12,run1,oof_pooled,2,L3,95,37,26,821,95,43,26,815,6,0
data_no_conv__tp20_L5_p0p12,data_ablation_no_module,no_conv,tp20_L5_p0p12,5.0,0.12,run2,fold01,0,L2,15,12,12,33,15,12,12,33,0,0
data_no_conv__tp20_L5_p0p12,data_ablation_no_module,no_conv,tp20_L5_p0p12,5.0,0.12,run2,fold01,1,L4,16,7,15,34,16,7,15,34,0,0
data_no_conv__tp20_L5_p0p12,data_ablation_no_module,no_conv,tp20_L5_p0p12,5.0,0.12,run2,fold01,2,L5,9,13,5,45,9,13,5,45,0,0
data_no_conv__tp20_L5_p0p12,data_ablation_no_module,no_conv,tp20_L5_p0p12,5.0,0.12,run2,fold02,0,L2,17,12,9,33,17,12,9,33,0,0
data_no_conv__tp20_L5_p0p12,data_ablation_no_module,no_conv,tp20_L5_p0p12,5.0,0.12,run2,fold02,1,L4,12,6,19,34,12,7,19,33,1,0
data_no_conv__tp20_L5_p0p12,data_ablation_no_module,no_conv,tp20_L5_p0p12,5.0,0.12,run2,fold02,2,L5,11,13,3,44,10,13,4,44,0,1
data_no_conv__tp20_L5_p0p12,data_ablation_no_module,no_conv,tp20_L5_p0p12,5.0,0.12,run2,fold03,0,L2,21,21,5,24,21,21,5,24,0,0
data_no_conv__tp20_L5_p0p12,data_ablation_no_module,no_conv,tp20_L5_p0p12,5.0,0.12,run2,fold03,1,L4,14,6,17,34,14,6,17,34,0,0
data_no_conv__tp20_L5_p0p12,data_ablation_no_module,no_conv,tp20_L5_p0p12,5.0,0.12,run2,fold03,2,L5,4,5,10,52,4,5,10,52,0,0
data_no_conv__tp20_L5_p0p12,data_ablation_no_module,no_conv,tp20_L5_p0p12,5.0,0.12,run2,oof_pooled,0,L2,53,45,26,90,53,45,26,90,0,0
data_no_conv__tp20_L5_p0p12,data_ablation_no_module,no_conv,tp20_L5_p0p12,5.0,0.12,run2,oof_pooled,1,L4,42,19,51,102,42,20,51,101,1,0
data_no_conv__tp20_L5_p0p12,data_ablation_no_module,no_conv,tp20_L5_p0p12,5.0,0.12,run2,oof_pooled,2,L5,24,31,18,141,23,31,19,141,0,1
module_masked__no_conv__tp20_L5_p0p12,module_ablation_masked,no_conv,tp20_L5_p0p12,5.0,0.12,run1,fold01,0,L1,112,32,22,161,109,35,25,158,3,3
module_masked__no_conv__tp20_L5_p0p12,module_ablation_masked,no_conv,tp20_L5_p0p12,5.0,0.12,run1,fold01,1,L2/L4/L5 gate,121,30,31,145,116,30,36,145,0,5
module_masked__no_conv__tp20_L5_p0p12,module_ablation_masked,no_conv,tp20_L5_p0p12,5.0,0.12,run1,fold01,2,L3,26,6,15,280,30,7,11,279,1,-4
module_masked__no_conv__tp20_L5_p0p12,module_ablation_masked,no_conv,tp20_L5_p0p12,5.0,0.12,run1,fold02,0,L1,105,24,29,168,110,27,24,165,3,-5
module_masked__no_conv__tp20_L5_p0p12,module_ablation_masked,no_conv,tp20_L5_p0p12,5.0,0.12,run1,fold02,1,L2/L4/L5 gate,122,31,30,143,120,28,32,146,-3,2
module_masked__no_conv__tp20_L5_p0p12,module_ablation_masked,no_conv,tp20_L5_p0p12,5.0,0.12,run1,fold02,2,L3,34,10,6,276,30,11,10,275,1,4
module_masked__no_conv__tp20_L5_p0p12,module_ablation_masked,no_conv,tp20_L5_p0p12,5.0,0.12,run1,fold03,0,L1,111,27,23,165,108,31,26,161,4,3
module_masked__no_conv__tp20_L5_p0p12,module_ablation_masked,no_conv,tp20_L5_p0p12,5.0,0.12,run1,fold03,1,L2/L4/L5 gate,129,29,23,145,104,23,48,151,-6,25
module_masked__no_conv__tp20_L5_p0p12,module_ablation_masked,no_conv,tp20_L5_p0p12,5.0,0.12,run1,fold03,2,L3,28,2,12,284,35,25,5,261,23,-7
module_masked__no_conv__tp20_L5_p0p12,module_ablation_masked,no_conv,tp20_L5_p0p12,5.0,0.12,run1,oof_pooled,0,L1,328,83,74,494,327,93,75,484,10,1
module_masked__no_conv__tp20_L5_p0p12,module_ablation_masked,no_conv,tp20_L5_p0p12,5.0,0.12,run1,oof_pooled,1,L2/L4/L5 gate,372,90,84,433,340,81,116,442,-9,32
module_masked__no_conv__tp20_L5_p0p12,module_ablation_masked,no_conv,tp20_L5_p0p12,5.0,0.12,run1,oof_pooled,2,L3,88,18,33,840,95,43,26,815,25,-7
module_masked__no_conv__tp20_L5_p0p12,module_ablation_masked,no_conv,tp20_L5_p0p12,5.0,0.12,run2,fold01,0,L2,22,10,5,35,15,12,12,33,2,7
module_masked__no_conv__tp20_L5_p0p12,module_ablation_masked,no_conv,tp20_L5_p0p12,5.0,0.12,run2,fold01,1,L4,21,8,10,33,16,7,15,34,-1,5
module_masked__no_conv__tp20_L5_p0p12,module_ablation_masked,no_conv,tp20_L5_p0p12,5.0,0.12,run2,fold01,2,L5,7,4,7,54,9,13,5,45,9,-2
module_masked__no_conv__tp20_L5_p0p12,module_ablation_masked,no_conv,tp20_L5_p0p12,5.0,0.12,run2,fold02,0,L2,21,12,5,33,17,12,9,33,0,4
module_masked__no_conv__tp20_L5_p0p12,module_ablation_masked,no_conv,tp20_L5_p0p12,5.0,0.12,run2,fold02,1,L4,18,10,13,30,12,7,19,33,-3,6
module_masked__no_conv__tp20_L5_p0p12,module_ablation_masked,no_conv,tp20_L5_p0p12,5.0,0.12,run2,fold02,2,L5,7,3,7,54,10,13,4,44,10,-3
module_masked__no_conv__tp20_L5_p0p12,module_ablation_masked,no_conv,tp20_L5_p0p12,5.0,0.12,run2,fold03,0,L2,20,11,6,34,21,21,5,24,10,-1
module_masked__no_conv__tp20_L5_p0p12,module_ablation_masked,no_conv,tp20_L5_p0p12,5.0,0.12,run2,fold03,1,L4,23,10,8,30,14,6,17,34,-4,9
module_masked__no_conv__tp20_L5_p0p12,module_ablation_masked,no_conv,tp20_L5_p0p12,5.0,0.12,run2,fold03,2,L5,4,3,10,54,4,5,10,52,2,0
module_masked__no_conv__tp20_L5_p0p12,module_ablation_masked,no_conv,tp20_L5_p0p12,5.0,0.12,run2,oof_pooled,0,L2,63,33,16,102,53,45,26,90,12,10
module_masked__no_conv__tp20_L5_p0p12,module_ablation_masked,no_conv,tp20_L5_p0p12,5.0,0.12,run2,oof_pooled,1,L4,62,28,31,93,42,20,51,101,-8,20
module_masked__no_conv__tp20_L5_p0p12,module_ablation_masked,no_conv,tp20_L5_p0p12,5.0,0.12,run2,oof_pooled,2,L5,18,10,24,162,23,31,19,141,21,-5
data_no_lstm__tp20_L5_p0p12,data_ablation_no_module,no_lstm,tp20_L5_p0p12,5.0,0.12,run1,fold01,0,L1,102,35,32,158,102,36,32,157,1,0
data_no_lstm__tp20_L5_p0p12,data_ablation_no_module,no_lstm,tp20_L5_p0p12,5.0,0.12,run1,fold01,1,L2/L4/L5 gate,117,40,35,135,109,40,43,135,0,8
data_no_lstm__tp20_L5_p0p12,data_ablation_no_module,no_lstm,tp20_L5_p0p12,5.0,0.12,run1,fold01,2,L3,27,6,14,280,27,13,14,273,7,0
data_no_lstm__tp20_L5_p0p12,data_ablation_no_module,no_lstm,tp20_L5_p0p12,5.0,0.12,run1,fold02,0,L1,101,36,33,156,101,40,33,152,4,0
data_no_lstm__tp20_L5_p0p12,data_ablation_no_module,no_lstm,tp20_L5_p0p12,5.0,0.12,run1,fold02,1,L2/L4/L5 gate,113,37,39,137,110,37,42,137,0,3
data_no_lstm__tp20_L5_p0p12,data_ablation_no_module,no_lstm,tp20_L5_p0p12,5.0,0.12,run1,fold02,2,L3,28,11,12,275,28,10,12,276,-1,0
data_no_lstm__tp20_L5_p0p12,data_ablation_no_module,no_lstm,tp20_L5_p0p12,5.0,0.12,run1,fold03,0,L1,104,28,30,164,104,31,30,161,3,0
data_no_lstm__tp20_L5_p0p12,data_ablation_no_module,no_lstm,tp20_L5_p0p12,5.0,0.12,run1,fold03,1,L2/L4/L5 gate,120,30,32,144,113,30,39,144,0,7
data_no_lstm__tp20_L5_p0p12,data_ablation_no_module,no_lstm,tp20_L5_p0p12,5.0,0.12,run1,fold03,2,L3,30,14,10,272,30,18,10,268,4,0
data_no_lstm__tp20_L5_p0p12,data_ablation_no_module,no_lstm,tp20_L5_p0p12,5.0,0.12,run1,oof_pooled,0,L1,307,99,95,478,307,107,95,470,8,0
data_no_lstm__tp20_L5_p0p12,data_ablation_no_module,no_lstm,tp20_L5_p0p12,5.0,0.12,run1,oof_pooled,1,L2/L4/L5 gate,350,107,106,416,332,107,124,416,0,18
data_no_lstm__tp20_L5_p0p12,data_ablation_no_module,no_lstm,tp20_L5_p0p12,5.0,0.12,run1,oof_pooled,2,L3,85,31,36,827,85,41,36,817,10,0
data_no_lstm__tp20_L5_p0p12,data_ablation_no_module,no_lstm,tp20_L5_p0p12,5.0,0.12,run2,fold01,0,L2,16,2,11,43,16,2,11,43,0,0
data_no_lstm__tp20_L5_p0p12,data_ablation_no_module,no_lstm,tp20_L5_p0p12,5.0,0.12,run2,fold01,1,L4,21,11,10,30,21,12,10,29,1,0
data_no_lstm__tp20_L5_p0p12,data_ablation_no_module,no_lstm,tp20_L5_p0p12,5.0,0.12,run2,fold01,2,L5,9,13,5,45,8,13,6,45,0,1
data_no_lstm__tp20_L5_p0p12,data_ablation_no_module,no_lstm,tp20_L5_p0p12,5.0,0.12,run2,fold02,0,L2,14,11,12,34,14,11,12,34,0,0
data_no_lstm__tp20_L5_p0p12,data_ablation_no_module,no_lstm,tp20_L5_p0p12,5.0,0.12,run2,fold02,1,L4,20,17,11,23,20,18,11,22,1,0
data_no_lstm__tp20_L5_p0p12,data_ablation_no_module,no_lstm,tp20_L5_p0p12,5.0,0.12,run2,fold02,2,L5,6,3,8,54,5,3,9,54,0,1
data_no_lstm__tp20_L5_p0p12,data_ablation_no_module,no_lstm,tp20_L5_p0p12,5.0,0.12,run2,fold03,0,L2,20,10,6,35,20,10,6,35,0,0
data_no_lstm__tp20_L5_p0p12,data_ablation_no_module,no_lstm,tp20_L5_p0p12,5.0,0.12,run2,fold03,1,L4,22,6,9,34,22,6,9,34,0,0
data_no_lstm__tp20_L5_p0p12,data_ablation_no_module,no_lstm,tp20_L5_p0p12,5.0,0.12,run2,fold03,2,L5,6,7,8,50,6,7,8,50,0,0
data_no_lstm__tp20_L5_p0p12,data_ablation_no_module,no_lstm,tp20_L5_p0p12,5.0,0.12,run2,oof_pooled,0,L2,50,23,29,112,50,23,29,112,0,0
data_no_lstm__tp20_L5_p0p12,data_ablation_no_module,no_lstm,tp20_L5_p0p12,5.0,0.12,run2,oof_pooled,1,L4,63,34,30,87,63,36,30,85,2,0
data_no_lstm__tp20_L5_p0p12,data_ablation_no_module,no_lstm,tp20_L5_p0p12,5.0,0.12,run2,oof_pooled,2,L5,21,23,21,149,19,23,23,149,0,2
module_masked__no_lstm__tp20_L5_p0p12,module_ablation_masked,no_lstm,tp20_L5_p0p12,5.0,0.12,run1,fold01,0,L1,112,32,22,161,102,36,32,157,4,10
module_masked__no_lstm__tp20_L5_p0p12,module_ablation_masked,no_lstm,tp20_L5_p0p12,5.0,0.12,run1,fold01,1,L2/L4/L5 gate,121,30,31,145,109,40,43,135,10,12
module_masked__no_lstm__tp20_L5_p0p12,module_ablation_masked,no_lstm,tp20_L5_p0p12,5.0,0.12,run1,fold01,2,L3,26,6,15,280,27,13,14,273,7,-1
module_masked__no_lstm__tp20_L5_p0p12,module_ablation_masked,no_lstm,tp20_L5_p0p12,5.0,0.12,run1,fold02,0,L1,105,24,29,168,101,40,33,152,16,4
module_masked__no_lstm__tp20_L5_p0p12,module_ablation_masked,no_lstm,tp20_L5_p0p12,5.0,0.12,run1,fold02,1,L2/L4/L5 gate,122,31,30,143,110,37,42,137,6,12
module_masked__no_lstm__tp20_L5_p0p12,module_ablation_masked,no_lstm,tp20_L5_p0p12,5.0,0.12,run1,fold02,2,L3,34,10,6,276,28,10,12,276,0,6
module_masked__no_lstm__tp20_L5_p0p12,module_ablation_masked,no_lstm,tp20_L5_p0p12,5.0,0.12,run1,fold03,0,L1,111,27,23,165,104,31,30,161,4,7
module_masked__no_lstm__tp20_L5_p0p12,module_ablation_masked,no_lstm,tp20_L5_p0p12,5.0,0.12,run1,fold03,1,L2/L4/L5 gate,129,29,23,145,113,30,39,144,1,16
module_masked__no_lstm__tp20_L5_p0p12,module_ablation_masked,no_lstm,tp20_L5_p0p12,5.0,0.12,run1,fold03,2,L3,28,2,12,284,30,18,10,268,16,-2
module_masked__no_lstm__tp20_L5_p0p12,module_ablation_masked,no_lstm,tp20_L5_p0p12,5.0,0.12,run1,oof_pooled,0,L1,328,83,74,494,307,107,95,470,24,21
module_masked__no_lstm__tp20_L5_p0p12,module_ablation_masked,no_lstm,tp20_L5_p0p12,5.0,0.12,run1,oof_pooled,1,L2/L4/L5 gate,372,90,84,433,332,107,124,416,17,40
module_masked__no_lstm__tp20_L5_p0p12,module_ablation_masked,no_lstm,tp20_L5_p0p12,5.0,0.12,run1,oof_pooled,2,L3,88,18,33,840,85,41,36,817,23,3
module_masked__no_lstm__tp20_L5_p0p12,module_ablation_masked,no_lstm,tp20_L5_p0p12,5.0,0.12,run2,fold01,0,L2,22,10,5,35,16,2,11,43,-8,6
module_masked__no_lstm__tp20_L5_p0p12,module_ablation_masked,no_lstm,tp20_L5_p0p12,5.0,0.12,run2,fold01,1,L4,21,8,10,33,21,12,10,29,4,0
module_masked__no_lstm__tp20_L5_p0p12,module_ablation_masked,no_lstm,tp20_L5_p0p12,5.0,0.12,run2,fold01,2,L5,7,4,7,54,8,13,6,45,9,-1
module_masked__no_lstm__tp20_L5_p0p12,module_ablation_masked,no_lstm,tp20_L5_p0p12,5.0,0.12,run2,fold02,0,L2,21,12,5,33,14,11,12,34,-1,7
module_masked__no_lstm__tp20_L5_p0p12,module_ablation_masked,no_lstm,tp20_L5_p0p12,5.0,0.12,run2,fold02,1,L4,18,10,13,30,20,18,11,22,8,-2
module_masked__no_lstm__tp20_L5_p0p12,module_ablation_masked,no_lstm,tp20_L5_p0p12,5.0,0.12,run2,fold02,2,L5,7,3,7,54,5,3,9,54,0,2
module_masked__no_lstm__tp20_L5_p0p12,module_ablation_masked,no_lstm,tp20_L5_p0p12,5.0,0.12,run2,fold03,0,L2,20,11,6,34,20,10,6,35,-1,0
module_masked__no_lstm__tp20_L5_p0p12,module_ablation_masked,no_lstm,tp20_L5_p0p12,5.0,0.12,run2,fold03,1,L4,23,10,8,30,22,6,9,34,-4,1
module_masked__no_lstm__tp20_L5_p0p12,module_ablation_masked,no_lstm,tp20_L5_p0p12,5.0,0.12,run2,fold03,2,L5,4,3,10,54,6,7,8,50,4,-2
module_masked__no_lstm__tp20_L5_p0p12,module_ablation_masked,no_lstm,tp20_L5_p0p12,5.0,0.12,run2,oof_pooled,0,L2,63,33,16,102,50,23,29,112,-10,13
module_masked__no_lstm__tp20_L5_p0p12,module_ablation_masked,no_lstm,tp20_L5_p0p12,5.0,0.12,run2,oof_pooled,1,L4,62,28,31,93,63,36,30,85,8,-1
module_masked__no_lstm__tp20_L5_p0p12,module_ablation_masked,no_lstm,tp20_L5_p0p12,5.0,0.12,run2,oof_pooled,2,L5,18,10,24,162,19,23,23,149,13,-1
data_no_attention__tp20_L5_p0p12,data_ablation_no_module,no_attention,tp20_L5_p0p12,5.0,0.12,run1,fold01,0,L1,113,29,21,164,113,31,21,162,2,0
data_no_attention__tp20_L5_p0p12,data_ablation_no_module,no_attention,tp20_L5_p0p12,5.0,0.12,run1,fold01,1,L2/L4/L5 gate,125,28,27,147,111,28,41,147,0,14
data_no_attention__tp20_L5_p0p12,data_ablation_no_module,no_attention,tp20_L5_p0p12,5.0,0.12,run1,fold01,2,L3,30,2,11,284,30,14,11,272,12,0
data_no_attention__tp20_L5_p0p12,data_ablation_no_module,no_attention,tp20_L5_p0p12,5.0,0.12,run1,fold02,0,L1,107,21,27,171,107,31,27,161,10,0
data_no_attention__tp20_L5_p0p12,data_ablation_no_module,no_attention,tp20_L5_p0p12,5.0,0.12,run1,fold02,1,L2/L4/L5 gate,131,31,21,143,119,31,33,143,0,12
data_no_attention__tp20_L5_p0p12,data_ablation_no_module,no_attention,tp20_L5_p0p12,5.0,0.12,run1,fold02,2,L3,29,7,11,279,29,9,11,277,2,0
data_no_attention__tp20_L5_p0p12,data_ablation_no_module,no_attention,tp20_L5_p0p12,5.0,0.12,run1,fold03,0,L1,113,20,21,172,113,34,21,158,14,0
data_no_attention__tp20_L5_p0p12,data_ablation_no_module,no_attention,tp20_L5_p0p12,5.0,0.12,run1,fold03,1,L2/L4/L5 gate,129,23,23,151,112,23,40,151,0,17
data_no_attention__tp20_L5_p0p12,data_ablation_no_module,no_attention,tp20_L5_p0p12,5.0,0.12,run1,fold03,2,L3,33,8,7,278,33,11,7,275,3,0
data_no_attention__tp20_L5_p0p12,data_ablation_no_module,no_attention,tp20_L5_p0p12,5.0,0.12,run1,oof_pooled,0,L1,333,70,69,507,333,96,69,481,26,0
data_no_attention__tp20_L5_p0p12,data_ablation_no_module,no_attention,tp20_L5_p0p12,5.0,0.12,run1,oof_pooled,1,L2/L4/L5 gate,385,82,71,441,342,82,114,441,0,43
data_no_attention__tp20_L5_p0p12,data_ablation_no_module,no_attention,tp20_L5_p0p12,5.0,0.12,run1,oof_pooled,2,L3,92,17,29,841,92,34,29,824,17,0
data_no_attention__tp20_L5_p0p12,data_ablation_no_module,no_attention,tp20_L5_p0p12,5.0,0.12,run2,fold01,0,L2,15,6,12,39,15,6,12,39,0,0
data_no_attention__tp20_L5_p0p12,data_ablation_no_module,no_attention,tp20_L5_p0p12,5.0,0.12,run2,fold01,1,L4,21,16,10,25,21,17,10,24,1,0
data_no_attention__tp20_L5_p0p12,data_ablation_no_module,no_attention,tp20_L5_p0p12,5.0,0.12,run2,fold01,2,L5,6,8,8,50,5,8,9,50,0,1
data_no_attention__tp20_L5_p0p12,data_ablation_no_module,no_attention,tp20_L5_p0p12,5.0,0.12,run2,fold02,0,L2,16,8,10,37,16,8,10,37,0,0
data_no_attention__tp20_L5_p0p12,data_ablation_no_module,no_attention,tp20_L5_p0p12,5.0,0.12,run2,fold02,1,L4,16,6,15,34,16,7,15,33,1,0
data_no_attention__tp20_L5_p0p12,data_ablation_no_module,no_attention,tp20_L5_p0p12,5.0,0.12,run2,fold02,2,L5,13,12,1,45,12,12,2,45,0,1
data_no_attention__tp20_L5_p0p12,data_ablation_no_module,no_attention,tp20_L5_p0p12,5.0,0.12,run2,fold03,0,L2,17,10,9,35,17,10,9,35,0,0
data_no_attention__tp20_L5_p0p12,data_ablation_no_module,no_attention,tp20_L5_p0p12,5.0,0.12,run2,fold03,1,L4,19,13,12,27,19,13,12,27,0,0
data_no_attention__tp20_L5_p0p12,data_ablation_no_module,no_attention,tp20_L5_p0p12,5.0,0.12,run2,fold03,2,L5,4,8,10,49,4,8,10,49,0,0
data_no_attention__tp20_L5_p0p12,data_ablation_no_module,no_attention,tp20_L5_p0p12,5.0,0.12,run2,oof_pooled,0,L2,48,24,31,111,48,24,31,111,0,0
data_no_attention__tp20_L5_p0p12,data_ablation_no_module,no_attention,tp20_L5_p0p12,5.0,0.12,run2,oof_pooled,1,L4,56,35,37,86,56,37,37,84,2,0
data_no_attention__tp20_L5_p0p12,data_ablation_no_module,no_attention,tp20_L5_p0p12,5.0,0.12,run2,oof_pooled,2,L5,23,28,19,144,21,28,21,144,0,2
module_masked__no_attention__tp20_L5_p0p12,module_ablation_masked,no_attention,tp20_L5_p0p12,5.0,0.12,run1,fold01,0,L1,112,32,22,161,113,31,21,162,-1,-1
module_masked__no_attention__tp20_L5_p0p12,module_ablation_masked,no_attention,tp20_L5_p0p12,5.0,0.12,run1,fold01,1,L2/L4/L5 gate,121,30,31,145,111,28,41,147,-2,10
module_masked__no_attention__tp20_L5_p0p12,module_ablation_masked,no_attention,tp20_L5_p0p12,5.0,0.12,run1,fold01,2,L3,26,6,15,280,30,14,11,272,8,-4
module_masked__no_attention__tp20_L5_p0p12,module_ablation_masked,no_attention,tp20_L5_p0p12,5.0,0.12,run1,fold02,0,L1,105,24,29,168,107,31,27,161,7,-2
module_masked__no_attention__tp20_L5_p0p12,module_ablation_masked,no_attention,tp20_L5_p0p12,5.0,0.12,run1,fold02,1,L2/L4/L5 gate,122,31,30,143,119,31,33,143,0,3
module_masked__no_attention__tp20_L5_p0p12,module_ablation_masked,no_attention,tp20_L5_p0p12,5.0,0.12,run1,fold02,2,L3,34,10,6,276,29,9,11,277,-1,5
module_masked__no_attention__tp20_L5_p0p12,module_ablation_masked,no_attention,tp20_L5_p0p12,5.0,0.12,run1,fold03,0,L1,111,27,23,165,113,34,21,158,7,-2
module_masked__no_attention__tp20_L5_p0p12,module_ablation_masked,no_attention,tp20_L5_p0p12,5.0,0.12,run1,fold03,1,L2/L4/L5 gate,129,29,23,145,112,23,40,151,-6,17
module_masked__no_attention__tp20_L5_p0p12,module_ablation_masked,no_attention,tp20_L5_p0p12,5.0,0.12,run1,fold03,2,L3,28,2,12,284,33,11,7,275,9,-5
module_masked__no_attention__tp20_L5_p0p12,module_ablation_masked,no_attention,tp20_L5_p0p12,5.0,0.12,run1,oof_pooled,0,L1,328,83,74,494,333,96,69,481,13,-5
module_masked__no_attention__tp20_L5_p0p12,module_ablation_masked,no_attention,tp20_L5_p0p12,5.0,0.12,run1,oof_pooled,1,L2/L4/L5 gate,372,90,84,433,342,82,114,441,-8,30
module_masked__no_attention__tp20_L5_p0p12,module_ablation_masked,no_attention,tp20_L5_p0p12,5.0,0.12,run1,oof_pooled,2,L3,88,18,33,840,92,34,29,824,16,-4
module_masked__no_attention__tp20_L5_p0p12,module_ablation_masked,no_attention,tp20_L5_p0p12,5.0,0.12,run2,fold01,0,L2,22,10,5,35,15,6,12,39,-4,7
module_masked__no_attention__tp20_L5_p0p12,module_ablation_masked,no_attention,tp20_L5_p0p12,5.0,0.12,run2,fold01,1,L4,21,8,10,33,21,17,10,24,9,0
module_masked__no_attention__tp20_L5_p0p12,module_ablation_masked,no_attention,tp20_L5_p0p12,5.0,0.12,run2,fold01,2,L5,7,4,7,54,5,8,9,50,4,2
module_masked__no_attention__tp20_L5_p0p12,module_ablation_masked,no_attention,tp20_L5_p0p12,5.0,0.12,run2,fold02,0,L2,21,12,5,33,16,8,10,37,-4,5
module_masked__no_attention__tp20_L5_p0p12,module_ablation_masked,no_attention,tp20_L5_p0p12,5.0,0.12,run2,fold02,1,L4,18,10,13,30,16,7,15,33,-3,2
module_masked__no_attention__tp20_L5_p0p12,module_ablation_masked,no_attention,tp20_L5_p0p12,5.0,0.12,run2,fold02,2,L5,7,3,7,54,12,12,2,45,9,-5
module_masked__no_attention__tp20_L5_p0p12,module_ablation_masked,no_attention,tp20_L5_p0p12,5.0,0.12,run2,fold03,0,L2,20,11,6,34,17,10,9,35,-1,3
module_masked__no_attention__tp20_L5_p0p12,module_ablation_masked,no_attention,tp20_L5_p0p12,5.0,0.12,run2,fold03,1,L4,23,10,8,30,19,13,12,27,3,4
module_masked__no_attention__tp20_L5_p0p12,module_ablation_masked,no_attention,tp20_L5_p0p12,5.0,0.12,run2,fold03,2,L5,4,3,10,54,4,8,10,49,5,0
module_masked__no_attention__tp20_L5_p0p12,module_ablation_masked,no_attention,tp20_L5_p0p12,5.0,0.12,run2,oof_pooled,0,L2,63,33,16,102,48,24,31,111,-9,15
module_masked__no_attention__tp20_L5_p0p12,module_ablation_masked,no_attention,tp20_L5_p0p12,5.0,0.12,run2,oof_pooled,1,L4,62,28,31,93,56,37,37,84,9,6
module_masked__no_attention__tp20_L5_p0p12,module_ablation_masked,no_attention,tp20_L5_p0p12,5.0,0.12,run2,oof_pooled,2,L5,18,10,24,162,21,28,21,144,18,-3
data_full__tp21_L5_p0p13,data_ablation_full,,tp21_L5_p0p13,5.0,0.13,run1,fold01,0,L1,112,30,22,163,112,32,22,161,2,0
data_full__tp21_L5_p0p13,data_ablation_full,,tp21_L5_p0p13,5.0,0.13,run1,fold01,1,L2/L4/L5 gate,126,30,26,145,121,30,31,145,0,5
data_full__tp21_L5_p0p13,data_ablation_full,,tp21_L5_p0p13,5.0,0.13,run1,fold01,2,L3,26,3,15,283,26,6,15,280,3,0
data_full__tp21_L5_p0p13,data_ablation_full,,tp21_L5_p0p13,5.0,0.13,run1,fold02,0,L1,105,22,29,170,105,24,29,168,2,0
data_full__tp21_L5_p0p13,data_ablation_full,,tp21_L5_p0p13,5.0,0.13,run1,fold02,1,L2/L4/L5 gate,127,31,25,143,122,31,30,143,0,5
data_full__tp21_L5_p0p13,data_ablation_full,,tp21_L5_p0p13,5.0,0.13,run1,fold02,2,L3,34,7,6,279,34,10,6,276,3,0
data_full__tp21_L5_p0p13,data_ablation_full,,tp21_L5_p0p13,5.0,0.13,run1,fold03,0,L1,111,21,23,171,111,26,23,166,5,0
data_full__tp21_L5_p0p13,data_ablation_full,,tp21_L5_p0p13,5.0,0.13,run1,fold03,1,L2/L4/L5 gate,135,29,17,145,130,29,22,145,0,5
data_full__tp21_L5_p0p13,data_ablation_full,,tp21_L5_p0p13,5.0,0.13,run1,fold03,2,L3,28,2,12,284,28,2,12,284,0,0
data_full__tp21_L5_p0p13,data_ablation_full,,tp21_L5_p0p13,5.0,0.13,run1,oof_pooled,0,L1,328,73,74,504,328,82,74,495,9,0
data_full__tp21_L5_p0p13,data_ablation_full,,tp21_L5_p0p13,5.0,0.13,run1,oof_pooled,1,L2/L4/L5 gate,388,90,68,433,373,90,83,433,0,15
data_full__tp21_L5_p0p13,data_ablation_full,,tp21_L5_p0p13,5.0,0.13,run1,oof_pooled,2,L3,88,12,33,846,88,18,33,840,6,0
data_full__tp21_L5_p0p13,data_ablation_full,,tp21_L5_p0p13,5.0,0.13,run2,fold01,0,L2,22,10,5,35,22,10,5,35,0,0
data_full__tp21_L5_p0p13,data_ablation_full,,tp21_L5_p0p13,5.0,0.13,run2,fold01,1,L4,21,8,10,33,21,8,10,33,0,0
data_full__tp21_L5_p0p13,data_ablation_full,,tp21_L5_p0p13,5.0,0.13,run2,fold01,2,L5,7,4,7,54,7,4,7,54,0,0
data_full__tp21_L5_p0p13,data_ablation_full,,tp21_L5_p0p13,5.0,0.13,run2,fold02,0,L2,21,12,5,33,21,12,5,33,0,0
data_full__tp21_L5_p0p13,data_ablation_full,,tp21_L5_p0p13,5.0,0.13,run2,fold02,1,L4,18,9,13,31,18,10,13,30,1,0
data_full__tp21_L5_p0p13,data_ablation_full,,tp21_L5_p0p13,5.0,0.13,run2,fold02,2,L5,8,3,6,54,7,3,7,54,0,1
data_full__tp21_L5_p0p13,data_ablation_full,,tp21_L5_p0p13,5.0,0.13,run2,fold03,0,L2,20,11,6,34,20,11,6,34,0,0
data_full__tp21_L5_p0p13,data_ablation_full,,tp21_L5_p0p13,5.0,0.13,run2,fold03,1,L4,23,10,8,30,23,10,8,30,0,0
data_full__tp21_L5_p0p13,data_ablation_full,,tp21_L5_p0p13,5.0,0.13,run2,fold03,2,L5,4,3,10,54,4,3,10,54,0,0
data_full__tp21_L5_p0p13,data_ablation_full,,tp21_L5_p0p13,5.0,0.13,run2,oof_pooled,0,L2,63,33,16,102,63,33,16,102,0,0
data_full__tp21_L5_p0p13,data_ablation_full,,tp21_L5_p0p13,5.0,0.13,run2,oof_pooled,1,L4,62,27,31,94,62,28,31,93,1,0
data_full__tp21_L5_p0p13,data_ablation_full,,tp21_L5_p0p13,5.0,0.13,run2,oof_pooled,2,L5,19,10,23,162,18,10,24,162,0,1
data_no_conv__tp21_L5_p0p13,data_ablation_no_module,no_conv,tp21_L5_p0p13,5.0,0.13,run1,fold01,0,L1,109,34,25,159,109,35,25,158,1,0
data_no_conv__tp21_L5_p0p13,data_ablation_no_module,no_conv,tp21_L5_p0p13,5.0,0.13,run1,fold01,1,L2/L4/L5 gate,120,30,32,145,116,30,36,145,0,4
data_no_conv__tp21_L5_p0p13,data_ablation_no_module,no_conv,tp21_L5_p0p13,5.0,0.13,run1,fold01,2,L3,30,4,11,282,30,7,11,279,3,0
data_no_conv__tp21_L5_p0p13,data_ablation_no_module,no_conv,tp21_L5_p0p13,5.0,0.13,run1,fold02,0,L1,110,26,24,166,110,27,24,165,1,0
data_no_conv__tp21_L5_p0p13,data_ablation_no_module,no_conv,tp21_L5_p0p13,5.0,0.13,run1,fold02,1,L2/L4/L5 gate,121,28,31,146,120,28,32,146,0,1
data_no_conv__tp21_L5_p0p13,data_ablation_no_module,no_conv,tp21_L5_p0p13,5.0,0.13,run1,fold02,2,L3,30,11,10,275,30,11,10,275,0,0
data_no_conv__tp21_L5_p0p13,data_ablation_no_module,no_conv,tp21_L5_p0p13,5.0,0.13,run1,fold03,0,L1,108,28,26,164,108,31,26,161,3,0
data_no_conv__tp21_L5_p0p13,data_ablation_no_module,no_conv,tp21_L5_p0p13,5.0,0.13,run1,fold03,1,L2/L4/L5 gate,110,23,42,151,104,23,48,151,0,6
data_no_conv__tp21_L5_p0p13,data_ablation_no_module,no_conv,tp21_L5_p0p13,5.0,0.13,run1,fold03,2,L3,35,22,5,264,35,25,5,261,3,0
data_no_conv__tp21_L5_p0p13,data_ablation_no_module,no_conv,tp21_L5_p0p13,5.0,0.13,run1,oof_pooled,0,L1,327,88,75,489,327,93,75,484,5,0
data_no_conv__tp21_L5_p0p13,data_ablation_no_module,no_conv,tp21_L5_p0p13,5.0,0.13,run1,oof_pooled,1,L2/L4/L5 gate,351,81,105,442,340,81,116,442,0,11
data_no_conv__tp21_L5_p0p13,data_ablation_no_module,no_conv,tp21_L5_p0p13,5.0,0.13,run1,oof_pooled,2,L3,95,37,26,821,95,43,26,815,6,0
data_no_conv__tp21_L5_p0p13,data_ablation_no_module,no_conv,tp21_L5_p0p13,5.0,0.13,run2,fold01,0,L2,15,12,12,33,15,12,12,33,0,0
data_no_conv__tp21_L5_p0p13,data_ablation_no_module,no_conv,tp21_L5_p0p13,5.0,0.13,run2,fold01,1,L4,16,7,15,34,16,7,15,34,0,0
data_no_conv__tp21_L5_p0p13,data_ablation_no_module,no_conv,tp21_L5_p0p13,5.0,0.13,run2,fold01,2,L5,9,13,5,45,9,13,5,45,0,0
data_no_conv__tp21_L5_p0p13,data_ablation_no_module,no_conv,tp21_L5_p0p13,5.0,0.13,run2,fold02,0,L2,17,12,9,33,17,12,9,33,0,0
data_no_conv__tp21_L5_p0p13,data_ablation_no_module,no_conv,tp21_L5_p0p13,5.0,0.13,run2,fold02,1,L4,12,6,19,34,12,7,19,33,1,0
data_no_conv__tp21_L5_p0p13,data_ablation_no_module,no_conv,tp21_L5_p0p13,5.0,0.13,run2,fold02,2,L5,11,13,3,44,10,13,4,44,0,1
data_no_conv__tp21_L5_p0p13,data_ablation_no_module,no_conv,tp21_L5_p0p13,5.0,0.13,run2,fold03,0,L2,21,21,5,24,21,21,5,24,0,0
data_no_conv__tp21_L5_p0p13,data_ablation_no_module,no_conv,tp21_L5_p0p13,5.0,0.13,run2,fold03,1,L4,14,6,17,34,14,6,17,34,0,0
data_no_conv__tp21_L5_p0p13,data_ablation_no_module,no_conv,tp21_L5_p0p13,5.0,0.13,run2,fold03,2,L5,4,5,10,52,4,5,10,52,0,0
data_no_conv__tp21_L5_p0p13,data_ablation_no_module,no_conv,tp21_L5_p0p13,5.0,0.13,run2,oof_pooled,0,L2,53,45,26,90,53,45,26,90,0,0
data_no_conv__tp21_L5_p0p13,data_ablation_no_module,no_conv,tp21_L5_p0p13,5.0,0.13,run2,oof_pooled,1,L4,42,19,51,102,42,20,51,101,1,0
data_no_conv__tp21_L5_p0p13,data_ablation_no_module,no_conv,tp21_L5_p0p13,5.0,0.13,run2,oof_pooled,2,L5,24,31,18,141,23,31,19,141,0,1
module_masked__no_conv__tp21_L5_p0p13,module_ablation_masked,no_conv,tp21_L5_p0p13,5.0,0.13,run1,fold01,0,L1,112,32,22,161,109,35,25,158,3,3
module_masked__no_conv__tp21_L5_p0p13,module_ablation_masked,no_conv,tp21_L5_p0p13,5.0,0.13,run1,fold01,1,L2/L4/L5 gate,121,30,31,145,116,30,36,145,0,5
module_masked__no_conv__tp21_L5_p0p13,module_ablation_masked,no_conv,tp21_L5_p0p13,5.0,0.13,run1,fold01,2,L3,26,6,15,280,30,7,11,279,1,-4
module_masked__no_conv__tp21_L5_p0p13,module_ablation_masked,no_conv,tp21_L5_p0p13,5.0,0.13,run1,fold02,0,L1,105,24,29,168,110,27,24,165,3,-5
module_masked__no_conv__tp21_L5_p0p13,module_ablation_masked,no_conv,tp21_L5_p0p13,5.0,0.13,run1,fold02,1,L2/L4/L5 gate,122,31,30,143,120,28,32,146,-3,2
module_masked__no_conv__tp21_L5_p0p13,module_ablation_masked,no_conv,tp21_L5_p0p13,5.0,0.13,run1,fold02,2,L3,34,10,6,276,30,11,10,275,1,4
module_masked__no_conv__tp21_L5_p0p13,module_ablation_masked,no_conv,tp21_L5_p0p13,5.0,0.13,run1,fold03,0,L1,111,26,23,166,108,31,26,161,5,3
module_masked__no_conv__tp21_L5_p0p13,module_ablation_masked,no_conv,tp21_L5_p0p13,5.0,0.13,run1,fold03,1,L2/L4/L5 gate,130,29,22,145,104,23,48,151,-6,26
module_masked__no_conv__tp21_L5_p0p13,module_ablation_masked,no_conv,tp21_L5_p0p13,5.0,0.13,run1,fold03,2,L3,28,2,12,284,35,25,5,261,23,-7
module_masked__no_conv__tp21_L5_p0p13,module_ablation_masked,no_conv,tp21_L5_p0p13,5.0,0.13,run1,oof_pooled,0,L1,328,82,74,495,327,93,75,484,11,1
module_masked__no_conv__tp21_L5_p0p13,module_ablation_masked,no_conv,tp21_L5_p0p13,5.0,0.13,run1,oof_pooled,1,L2/L4/L5 gate,373,90,83,433,340,81,116,442,-9,33
module_masked__no_conv__tp21_L5_p0p13,module_ablation_masked,no_conv,tp21_L5_p0p13,5.0,0.13,run1,oof_pooled,2,L3,88,18,33,840,95,43,26,815,25,-7
module_masked__no_conv__tp21_L5_p0p13,module_ablation_masked,no_conv,tp21_L5_p0p13,5.0,0.13,run2,fold01,0,L2,22,10,5,35,15,12,12,33,2,7
module_masked__no_conv__tp21_L5_p0p13,module_ablation_masked,no_conv,tp21_L5_p0p13,5.0,0.13,run2,fold01,1,L4,21,8,10,33,16,7,15,34,-1,5
module_masked__no_conv__tp21_L5_p0p13,module_ablation_masked,no_conv,tp21_L5_p0p13,5.0,0.13,run2,fold01,2,L5,7,4,7,54,9,13,5,45,9,-2
module_masked__no_conv__tp21_L5_p0p13,module_ablation_masked,no_conv,tp21_L5_p0p13,5.0,0.13,run2,fold02,0,L2,21,12,5,33,17,12,9,33,0,4
module_masked__no_conv__tp21_L5_p0p13,module_ablation_masked,no_conv,tp21_L5_p0p13,5.0,0.13,run2,fold02,1,L4,18,10,13,30,12,7,19,33,-3,6
module_masked__no_conv__tp21_L5_p0p13,module_ablation_masked,no_conv,tp21_L5_p0p13,5.0,0.13,run2,fold02,2,L5,7,3,7,54,10,13,4,44,10,-3
module_masked__no_conv__tp21_L5_p0p13,module_ablation_masked,no_conv,tp21_L5_p0p13,5.0,0.13,run2,fold03,0,L2,20,11,6,34,21,21,5,24,10,-1
module_masked__no_conv__tp21_L5_p0p13,module_ablation_masked,no_conv,tp21_L5_p0p13,5.0,0.13,run2,fold03,1,L4,23,10,8,30,14,6,17,34,-4,9
module_masked__no_conv__tp21_L5_p0p13,module_ablation_masked,no_conv,tp21_L5_p0p13,5.0,0.13,run2,fold03,2,L5,4,3,10,54,4,5,10,52,2,0
module_masked__no_conv__tp21_L5_p0p13,module_ablation_masked,no_conv,tp21_L5_p0p13,5.0,0.13,run2,oof_pooled,0,L2,63,33,16,102,53,45,26,90,12,10
module_masked__no_conv__tp21_L5_p0p13,module_ablation_masked,no_conv,tp21_L5_p0p13,5.0,0.13,run2,oof_pooled,1,L4,62,28,31,93,42,20,51,101,-8,20
module_masked__no_conv__tp21_L5_p0p13,module_ablation_masked,no_conv,tp21_L5_p0p13,5.0,0.13,run2,oof_pooled,2,L5,18,10,24,162,23,31,19,141,21,-5
data_no_lstm__tp21_L5_p0p13,data_ablation_no_module,no_lstm,tp21_L5_p0p13,5.0,0.13,run1,fold01,0,L1,102,35,32,158,102,38,32,155,3,0
data_no_lstm__tp21_L5_p0p13,data_ablation_no_module,no_lstm,tp21_L5_p0p13,5.0,0.13,run1,fold01,1,L2/L4/L5 gate,117,40,35,135,108,40,44,135,0,9
data_no_lstm__tp21_L5_p0p13,data_ablation_no_module,no_lstm,tp21_L5_p0p13,5.0,0.13,run1,fold01,2,L3,27,6,14,280,27,12,14,274,6,0
data_no_lstm__tp21_L5_p0p13,data_ablation_no_module,no_lstm,tp21_L5_p0p13,5.0,0.13,run1,fold02,0,L1,101,36,33,156,101,39,33,153,3,0
data_no_lstm__tp21_L5_p0p13,data_ablation_no_module,no_lstm,tp21_L5_p0p13,5.0,0.13,run1,fold02,1,L2/L4/L5 gate,113,37,39,137,111,37,41,137,0,2
data_no_lstm__tp21_L5_p0p13,data_ablation_no_module,no_lstm,tp21_L5_p0p13,5.0,0.13,run1,fold02,2,L3,28,11,12,275,28,10,12,276,-1,0
data_no_lstm__tp21_L5_p0p13,data_ablation_no_module,no_lstm,tp21_L5_p0p13,5.0,0.13,run1,fold03,0,L1,104,28,30,164,104,29,30,163,1,0
data_no_lstm__tp21_L5_p0p13,data_ablation_no_module,no_lstm,tp21_L5_p0p13,5.0,0.13,run1,fold03,1,L2/L4/L5 gate,120,30,32,144,116,30,36,144,0,4
data_no_lstm__tp21_L5_p0p13,data_ablation_no_module,no_lstm,tp21_L5_p0p13,5.0,0.13,run1,fold03,2,L3,30,14,10,272,30,17,10,269,3,0
data_no_lstm__tp21_L5_p0p13,data_ablation_no_module,no_lstm,tp21_L5_p0p13,5.0,0.13,run1,oof_pooled,0,L1,307,99,95,478,307,106,95,471,7,0
data_no_lstm__tp21_L5_p0p13,data_ablation_no_module,no_lstm,tp21_L5_p0p13,5.0,0.13,run1,oof_pooled,1,L2/L4/L5 gate,350,107,106,416,335,107,121,416,0,15
data_no_lstm__tp21_L5_p0p13,data_ablation_no_module,no_lstm,tp21_L5_p0p13,5.0,0.13,run1,oof_pooled,2,L3,85,31,36,827,85,39,36,819,8,0
data_no_lstm__tp21_L5_p0p13,data_ablation_no_module,no_lstm,tp21_L5_p0p13,5.0,0.13,run2,fold01,0,L2,16,2,11,43,16,2,11,43,0,0
data_no_lstm__tp21_L5_p0p13,data_ablation_no_module,no_lstm,tp21_L5_p0p13,5.0,0.13,run2,fold01,1,L4,21,11,10,30,21,12,10,29,1,0
data_no_lstm__tp21_L5_p0p13,data_ablation_no_module,no_lstm,tp21_L5_p0p13,5.0,0.13,run2,fold01,2,L5,9,13,5,45,8,13,6,45,0,1
data_no_lstm__tp21_L5_p0p13,data_ablation_no_module,no_lstm,tp21_L5_p0p13,5.0,0.13,run2,fold02,0,L2,14,11,12,34,14,11,12,34,0,0
data_no_lstm__tp21_L5_p0p13,data_ablation_no_module,no_lstm,tp21_L5_p0p13,5.0,0.13,run2,fold02,1,L4,20,17,11,23,20,18,11,22,1,0
data_no_lstm__tp21_L5_p0p13,data_ablation_no_module,no_lstm,tp21_L5_p0p13,5.0,0.13,run2,fold02,2,L5,6,3,8,54,5,3,9,54,0,1
data_no_lstm__tp21_L5_p0p13,data_ablation_no_module,no_lstm,tp21_L5_p0p13,5.0,0.13,run2,fold03,0,L2,20,10,6,35,20,10,6,35,0,0
data_no_lstm__tp21_L5_p0p13,data_ablation_no_module,no_lstm,tp21_L5_p0p13,5.0,0.13,run2,fold03,1,L4,22,6,9,34,22,6,9,34,0,0
data_no_lstm__tp21_L5_p0p13,data_ablation_no_module,no_lstm,tp21_L5_p0p13,5.0,0.13,run2,fold03,2,L5,6,7,8,50,6,7,8,50,0,0
data_no_lstm__tp21_L5_p0p13,data_ablation_no_module,no_lstm,tp21_L5_p0p13,5.0,0.13,run2,oof_pooled,0,L2,50,23,29,112,50,23,29,112,0,0
data_no_lstm__tp21_L5_p0p13,data_ablation_no_module,no_lstm,tp21_L5_p0p13,5.0,0.13,run2,oof_pooled,1,L4,63,34,30,87,63,36,30,85,2,0
data_no_lstm__tp21_L5_p0p13,data_ablation_no_module,no_lstm,tp21_L5_p0p13,5.0,0.13,run2,oof_pooled,2,L5,21,23,21,149,19,23,23,149,0,2
module_masked__no_lstm__tp21_L5_p0p13,module_ablation_masked,no_lstm,tp21_L5_p0p13,5.0,0.13,run1,fold01,0,L1,112,32,22,161,102,38,32,155,6,10
module_masked__no_lstm__tp21_L5_p0p13,module_ablation_masked,no_lstm,tp21_L5_p0p13,5.0,0.13,run1,fold01,1,L2/L4/L5 gate,121,30,31,145,108,40,44,135,10,13
module_masked__no_lstm__tp21_L5_p0p13,module_ablation_masked,no_lstm,tp21_L5_p0p13,5.0,0.13,run1,fold01,2,L3,26,6,15,280,27,12,14,274,6,-1
module_masked__no_lstm__tp21_L5_p0p13,module_ablation_masked,no_lstm,tp21_L5_p0p13,5.0,0.13,run1,fold02,0,L1,105,24,29,168,101,39,33,153,15,4
module_masked__no_lstm__tp21_L5_p0p13,module_ablation_masked,no_lstm,tp21_L5_p0p13,5.0,0.13,run1,fold02,1,L2/L4/L5 gate,122,31,30,143,111,37,41,137,6,11
module_masked__no_lstm__tp21_L5_p0p13,module_ablation_masked,no_lstm,tp21_L5_p0p13,5.0,0.13,run1,fold02,2,L3,34,10,6,276,28,10,12,276,0,6
module_masked__no_lstm__tp21_L5_p0p13,module_ablation_masked,no_lstm,tp21_L5_p0p13,5.0,0.13,run1,fold03,0,L1,111,26,23,166,104,29,30,163,3,7
module_masked__no_lstm__tp21_L5_p0p13,module_ablation_masked,no_lstm,tp21_L5_p0p13,5.0,0.13,run1,fold03,1,L2/L4/L5 gate,130,29,22,145,116,30,36,144,1,14
module_masked__no_lstm__tp21_L5_p0p13,module_ablation_masked,no_lstm,tp21_L5_p0p13,5.0,0.13,run1,fold03,2,L3,28,2,12,284,30,17,10,269,15,-2
module_masked__no_lstm__tp21_L5_p0p13,module_ablation_masked,no_lstm,tp21_L5_p0p13,5.0,0.13,run1,oof_pooled,0,L1,328,82,74,495,307,106,95,471,24,21
module_masked__no_lstm__tp21_L5_p0p13,module_ablation_masked,no_lstm,tp21_L5_p0p13,5.0,0.13,run1,oof_pooled,1,L2/L4/L5 gate,373,90,83,433,335,107,121,416,17,38
module_masked__no_lstm__tp21_L5_p0p13,module_ablation_masked,no_lstm,tp21_L5_p0p13,5.0,0.13,run1,oof_pooled,2,L3,88,18,33,840,85,39,36,819,21,3
module_masked__no_lstm__tp21_L5_p0p13,module_ablation_masked,no_lstm,tp21_L5_p0p13,5.0,0.13,run2,fold01,0,L2,22,10,5,35,16,2,11,43,-8,6
module_masked__no_lstm__tp21_L5_p0p13,module_ablation_masked,no_lstm,tp21_L5_p0p13,5.0,0.13,run2,fold01,1,L4,21,8,10,33,21,12,10,29,4,0
module_masked__no_lstm__tp21_L5_p0p13,module_ablation_masked,no_lstm,tp21_L5_p0p13,5.0,0.13,run2,fold01,2,L5,7,4,7,54,8,13,6,45,9,-1
module_masked__no_lstm__tp21_L5_p0p13,module_ablation_masked,no_lstm,tp21_L5_p0p13,5.0,0.13,run2,fold02,0,L2,21,12,5,33,14,11,12,34,-1,7
module_masked__no_lstm__tp21_L5_p0p13,module_ablation_masked,no_lstm,tp21_L5_p0p13,5.0,0.13,run2,fold02,1,L4,18,10,13,30,20,18,11,22,8,-2
module_masked__no_lstm__tp21_L5_p0p13,module_ablation_masked,no_lstm,tp21_L5_p0p13,5.0,0.13,run2,fold02,2,L5,7,3,7,54,5,3,9,54,0,2
module_masked__no_lstm__tp21_L5_p0p13,module_ablation_masked,no_lstm,tp21_L5_p0p13,5.0,0.13,run2,fold03,0,L2,20,11,6,34,20,10,6,35,-1,0
module_masked__no_lstm__tp21_L5_p0p13,module_ablation_masked,no_lstm,tp21_L5_p0p13,5.0,0.13,run2,fold03,1,L4,23,10,8,30,22,6,9,34,-4,1
module_masked__no_lstm__tp21_L5_p0p13,module_ablation_masked,no_lstm,tp21_L5_p0p13,5.0,0.13,run2,fold03,2,L5,4,3,10,54,6,7,8,50,4,-2
module_masked__no_lstm__tp21_L5_p0p13,module_ablation_masked,no_lstm,tp21_L5_p0p13,5.0,0.13,run2,oof_pooled,0,L2,63,33,16,102,50,23,29,112,-10,13
module_masked__no_lstm__tp21_L5_p0p13,module_ablation_masked,no_lstm,tp21_L5_p0p13,5.0,0.13,run2,oof_pooled,1,L4,62,28,31,93,63,36,30,85,8,-1
module_masked__no_lstm__tp21_L5_p0p13,module_ablation_masked,no_lstm,tp21_L5_p0p13,5.0,0.13,run2,oof_pooled,2,L5,18,10,24,162,19,23,23,149,13,-1
data_no_attention__tp21_L5_p0p13,data_ablation_no_module,no_attention,tp21_L5_p0p13,5.0,0.13,run1,fold01,0,L1,113,29,21,164,113,31,21,162,2,0
data_no_attention__tp21_L5_p0p13,data_ablation_no_module,no_attention,tp21_L5_p0p13,5.0,0.13,run1,fold01,1,L2/L4/L5 gate,125,28,27,147,109,28,43,147,0,16
data_no_attention__tp21_L5_p0p13,data_ablation_no_module,no_attention,tp21_L5_p0p13,5.0,0.13,run1,fold01,2,L3,30,2,11,284,30,16,11,270,14,0
data_no_attention__tp21_L5_p0p13,data_ablation_no_module,no_attention,tp21_L5_p0p13,5.0,0.13,run1,fold02,0,L1,107,21,27,171,107,30,27,162,9,0
data_no_attention__tp21_L5_p0p13,data_ablation_no_module,no_attention,tp21_L5_p0p13,5.0,0.13,run1,fold02,1,L2/L4/L5 gate,131,31,21,143,119,31,33,143,0,12
data_no_attention__tp21_L5_p0p13,data_ablation_no_module,no_attention,tp21_L5_p0p13,5.0,0.13,run1,fold02,2,L3,29,7,11,279,29,10,11,276,3,0
data_no_attention__tp21_L5_p0p13,data_ablation_no_module,no_attention,tp21_L5_p0p13,5.0,0.13,run1,fold03,0,L1,113,20,21,172,113,32,21,160,12,0
data_no_attention__tp21_L5_p0p13,data_ablation_no_module,no_attention,tp21_L5_p0p13,5.0,0.13,run1,fold03,1,L2/L4/L5 gate,129,23,23,151,114,23,38,151,0,15
data_no_attention__tp21_L5_p0p13,data_ablation_no_module,no_attention,tp21_L5_p0p13,5.0,0.13,run1,fold03,2,L3,33,8,7,278,33,11,7,275,3,0
data_no_attention__tp21_L5_p0p13,data_ablation_no_module,no_attention,tp21_L5_p0p13,5.0,0.13,run1,oof_pooled,0,L1,333,70,69,507,333,93,69,484,23,0
data_no_attention__tp21_L5_p0p13,data_ablation_no_module,no_attention,tp21_L5_p0p13,5.0,0.13,run1,oof_pooled,1,L2/L4/L5 gate,385,82,71,441,342,82,114,441,0,43
data_no_attention__tp21_L5_p0p13,data_ablation_no_module,no_attention,tp21_L5_p0p13,5.0,0.13,run1,oof_pooled,2,L3,92,17,29,841,92,37,29,821,20,0
data_no_attention__tp21_L5_p0p13,data_ablation_no_module,no_attention,tp21_L5_p0p13,5.0,0.13,run2,fold01,0,L2,15,6,12,39,15,6,12,39,0,0
data_no_attention__tp21_L5_p0p13,data_ablation_no_module,no_attention,tp21_L5_p0p13,5.0,0.13,run2,fold01,1,L4,21,16,10,25,21,17,10,24,1,0
data_no_attention__tp21_L5_p0p13,data_ablation_no_module,no_attention,tp21_L5_p0p13,5.0,0.13,run2,fold01,2,L5,6,8,8,50,5,8,9,50,0,1
data_no_attention__tp21_L5_p0p13,data_ablation_no_module,no_attention,tp21_L5_p0p13,5.0,0.13,run2,fold02,0,L2,16,8,10,37,16,8,10,37,0,0
data_no_attention__tp21_L5_p0p13,data_ablation_no_module,no_attention,tp21_L5_p0p13,5.0,0.13,run2,fold02,1,L4,16,6,15,34,16,7,15,33,1,0
data_no_attention__tp21_L5_p0p13,data_ablation_no_module,no_attention,tp21_L5_p0p13,5.0,0.13,run2,fold02,2,L5,13,12,1,45,12,12,2,45,0,1
data_no_attention__tp21_L5_p0p13,data_ablation_no_module,no_attention,tp21_L5_p0p13,5.0,0.13,run2,fold03,0,L2,17,10,9,35,17,10,9,35,0,0
data_no_attention__tp21_L5_p0p13,data_ablation_no_module,no_attention,tp21_L5_p0p13,5.0,0.13,run2,fold03,1,L4,19,13,12,27,19,13,12,27,0,0
data_no_attention__tp21_L5_p0p13,data_ablation_no_module,no_attention,tp21_L5_p0p13,5.0,0.13,run2,fold03,2,L5,4,8,10,49,4,8,10,49,0,0
data_no_attention__tp21_L5_p0p13,data_ablation_no_module,no_attention,tp21_L5_p0p13,5.0,0.13,run2,oof_pooled,0,L2,48,24,31,111,48,24,31,111,0,0
data_no_attention__tp21_L5_p0p13,data_ablation_no_module,no_attention,tp21_L5_p0p13,5.0,0.13,run2,oof_pooled,1,L4,56,35,37,86,56,37,37,84,2,0
data_no_attention__tp21_L5_p0p13,data_ablation_no_module,no_attention,tp21_L5_p0p13,5.0,0.13,run2,oof_pooled,2,L5,23,28,19,144,21,28,21,144,0,2
module_masked__no_attention__tp21_L5_p0p13,module_ablation_masked,no_attention,tp21_L5_p0p13,5.0,0.13,run1,fold01,0,L1,112,32,22,161,113,31,21,162,-1,-1
module_masked__no_attention__tp21_L5_p0p13,module_ablation_masked,no_attention,tp21_L5_p0p13,5.0,0.13,run1,fold01,1,L2/L4/L5 gate,121,30,31,145,109,28,43,147,-2,12
module_masked__no_attention__tp21_L5_p0p13,module_ablation_masked,no_attention,tp21_L5_p0p13,5.0,0.13,run1,fold01,2,L3,26,6,15,280,30,16,11,270,10,-4
module_masked__no_attention__tp21_L5_p0p13,module_ablation_masked,no_attention,tp21_L5_p0p13,5.0,0.13,run1,fold02,0,L1,105,24,29,168,107,30,27,162,6,-2
module_masked__no_attention__tp21_L5_p0p13,module_ablation_masked,no_attention,tp21_L5_p0p13,5.0,0.13,run1,fold02,1,L2/L4/L5 gate,122,31,30,143,119,31,33,143,0,3
module_masked__no_attention__tp21_L5_p0p13,module_ablation_masked,no_attention,tp21_L5_p0p13,5.0,0.13,run1,fold02,2,L3,34,10,6,276,29,10,11,276,0,5
module_masked__no_attention__tp21_L5_p0p13,module_ablation_masked,no_attention,tp21_L5_p0p13,5.0,0.13,run1,fold03,0,L1,111,26,23,166,113,32,21,160,6,-2
module_masked__no_attention__tp21_L5_p0p13,module_ablation_masked,no_attention,tp21_L5_p0p13,5.0,0.13,run1,fold03,1,L2/L4/L5 gate,130,29,22,145,114,23,38,151,-6,16
module_masked__no_attention__tp21_L5_p0p13,module_ablation_masked,no_attention,tp21_L5_p0p13,5.0,0.13,run1,fold03,2,L3,28,2,12,284,33,11,7,275,9,-5
module_masked__no_attention__tp21_L5_p0p13,module_ablation_masked,no_attention,tp21_L5_p0p13,5.0,0.13,run1,oof_pooled,0,L1,328,82,74,495,333,93,69,484,11,-5
module_masked__no_attention__tp21_L5_p0p13,module_ablation_masked,no_attention,tp21_L5_p0p13,5.0,0.13,run1,oof_pooled,1,L2/L4/L5 gate,373,90,83,433,342,82,114,441,-8,31
module_masked__no_attention__tp21_L5_p0p13,module_ablation_masked,no_attention,tp21_L5_p0p13,5.0,0.13,run1,oof_pooled,2,L3,88,18,33,840,92,37,29,821,19,-4
module_masked__no_attention__tp21_L5_p0p13,module_ablation_masked,no_attention,tp21_L5_p0p13,5.0,0.13,run2,fold01,0,L2,22,10,5,35,15,6,12,39,-4,7
module_masked__no_attention__tp21_L5_p0p13,module_ablation_masked,no_attention,tp21_L5_p0p13,5.0,0.13,run2,fold01,1,L4,21,8,10,33,21,17,10,24,9,0
module_masked__no_attention__tp21_L5_p0p13,module_ablation_masked,no_attention,tp21_L5_p0p13,5.0,0.13,run2,fold01,2,L5,7,4,7,54,5,8,9,50,4,2
module_masked__no_attention__tp21_L5_p0p13,module_ablation_masked,no_attention,tp21_L5_p0p13,5.0,0.13,run2,fold02,0,L2,21,12,5,33,16,8,10,37,-4,5
module_masked__no_attention__tp21_L5_p0p13,module_ablation_masked,no_attention,tp21_L5_p0p13,5.0,0.13,run2,fold02,1,L4,18,10,13,30,16,7,15,33,-3,2
module_masked__no_attention__tp21_L5_p0p13,module_ablation_masked,no_attention,tp21_L5_p0p13,5.0,0.13,run2,fold02,2,L5,7,3,7,54,12,12,2,45,9,-5
module_masked__no_attention__tp21_L5_p0p13,module_ablation_masked,no_attention,tp21_L5_p0p13,5.0,0.13,run2,fold03,0,L2,20,11,6,34,17,10,9,35,-1,3
module_masked__no_attention__tp21_L5_p0p13,module_ablation_masked,no_attention,tp21_L5_p0p13,5.0,0.13,run2,fold03,1,L4,23,10,8,30,19,13,12,27,3,4
module_masked__no_attention__tp21_L5_p0p13,module_ablation_masked,no_attention,tp21_L5_p0p13,5.0,0.13,run2,fold03,2,L5,4,3,10,54,4,8,10,49,5,0
module_masked__no_attention__tp21_L5_p0p13,module_ablation_masked,no_attention,tp21_L5_p0p13,5.0,0.13,run2,oof_pooled,0,L2,63,33,16,102,48,24,31,111,-9,15
module_masked__no_attention__tp21_L5_p0p13,module_ablation_masked,no_attention,tp21_L5_p0p13,5.0,0.13,run2,oof_pooled,1,L4,62,28,31,93,56,37,37,84,9,6
module_masked__no_attention__tp21_L5_p0p13,module_ablation_masked,no_attention,tp21_L5_p0p13,5.0,0.13,run2,oof_pooled,2,L5,18,10,24,162,21,28,21,144,18,-3
data_full__tp22_L5_p0p33,data_ablation_full,,tp22_L5_p0p33,5.0,0.33,run1,fold01,0,L1,112,30,22,163,112,32,22,161,2,0
data_full__tp22_L5_p0p33,data_ablation_full,,tp22_L5_p0p33,5.0,0.33,run1,fold01,1,L2/L4/L5 gate,126,30,26,145,120,30,32,145,0,6
data_full__tp22_L5_p0p33,data_ablation_full,,tp22_L5_p0p33,5.0,0.33,run1,fold01,2,L3,26,3,15,283,26,7,15,279,4,0
data_full__tp22_L5_p0p33,data_ablation_full,,tp22_L5_p0p33,5.0,0.33,run1,fold02,0,L1,105,22,29,170,105,25,29,167,3,0
data_full__tp22_L5_p0p33,data_ablation_full,,tp22_L5_p0p33,5.0,0.33,run1,fold02,1,L2/L4/L5 gate,127,31,25,143,123,31,29,143,0,4
data_full__tp22_L5_p0p33,data_ablation_full,,tp22_L5_p0p33,5.0,0.33,run1,fold02,2,L3,34,7,6,279,34,8,6,278,1,0
data_full__tp22_L5_p0p33,data_ablation_full,,tp22_L5_p0p33,5.0,0.33,run1,fold03,0,L1,111,21,23,171,111,25,23,167,4,0
data_full__tp22_L5_p0p33,data_ablation_full,,tp22_L5_p0p33,5.0,0.33,run1,fold03,1,L2/L4/L5 gate,135,29,17,145,130,29,22,145,0,5
data_full__tp22_L5_p0p33,data_ablation_full,,tp22_L5_p0p33,5.0,0.33,run1,fold03,2,L3,28,2,12,284,28,3,12,283,1,0
data_full__tp22_L5_p0p33,data_ablation_full,,tp22_L5_p0p33,5.0,0.33,run1,oof_pooled,0,L1,328,73,74,504,328,82,74,495,9,0
data_full__tp22_L5_p0p33,data_ablation_full,,tp22_L5_p0p33,5.0,0.33,run1,oof_pooled,1,L2/L4/L5 gate,388,90,68,433,373,90,83,433,0,15
data_full__tp22_L5_p0p33,data_ablation_full,,tp22_L5_p0p33,5.0,0.33,run1,oof_pooled,2,L3,88,12,33,846,88,18,33,840,6,0
data_full__tp22_L5_p0p33,data_ablation_full,,tp22_L5_p0p33,5.0,0.33,run2,fold01,0,L2,22,10,5,35,22,11,5,34,1,0
data_full__tp22_L5_p0p33,data_ablation_full,,tp22_L5_p0p33,5.0,0.33,run2,fold01,1,L4,21,8,10,33,21,8,10,33,0,0
data_full__tp22_L5_p0p33,data_ablation_full,,tp22_L5_p0p33,5.0,0.33,run2,fold01,2,L5,7,4,7,54,6,4,8,54,0,1
data_full__tp22_L5_p0p33,data_ablation_full,,tp22_L5_p0p33,5.0,0.33,run2,fold02,0,L2,21,12,5,33,21,12,5,33,0,0
data_full__tp22_L5_p0p33,data_ablation_full,,tp22_L5_p0p33,5.0,0.33,run2,fold02,1,L4,18,9,13,31,18,11,13,29,2,0
data_full__tp22_L5_p0p33,data_ablation_full,,tp22_L5_p0p33,5.0,0.33,run2,fold02,2,L5,8,3,6,54,6,3,8,54,0,2
data_full__tp22_L5_p0p33,data_ablation_full,,tp22_L5_p0p33,5.0,0.33,run2,fold03,0,L2,20,11,6,34,20,11,6,34,0,0
data_full__tp22_L5_p0p33,data_ablation_full,,tp22_L5_p0p33,5.0,0.33,run2,fold03,1,L4,23,10,8,30,23,10,8,30,0,0
data_full__tp22_L5_p0p33,data_ablation_full,,tp22_L5_p0p33,5.0,0.33,run2,fold03,2,L5,4,3,10,54,4,3,10,54,0,0
data_full__tp22_L5_p0p33,data_ablation_full,,tp22_L5_p0p33,5.0,0.33,run2,oof_pooled,0,L2,63,33,16,102,63,34,16,101,1,0
data_full__tp22_L5_p0p33,data_ablation_full,,tp22_L5_p0p33,5.0,0.33,run2,oof_pooled,1,L4,62,27,31,94,62,29,31,92,2,0
data_full__tp22_L5_p0p33,data_ablation_full,,tp22_L5_p0p33,5.0,0.33,run2,oof_pooled,2,L5,19,10,23,162,16,10,26,162,0,3
data_no_conv__tp22_L5_p0p33,data_ablation_no_module,no_conv,tp22_L5_p0p33,5.0,0.33,run1,fold01,0,L1,109,34,25,159,109,34,25,159,0,0
data_no_conv__tp22_L5_p0p33,data_ablation_no_module,no_conv,tp22_L5_p0p33,5.0,0.33,run1,fold01,1,L2/L4/L5 gate,120,30,32,145,116,30,36,145,0,4
data_no_conv__tp22_L5_p0p33,data_ablation_no_module,no_conv,tp22_L5_p0p33,5.0,0.33,run1,fold01,2,L3,30,4,11,282,30,8,11,278,4,0
data_no_conv__tp22_L5_p0p33,data_ablation_no_module,no_conv,tp22_L5_p0p33,5.0,0.33,run1,fold02,0,L1,110,26,24,166,110,28,24,164,2,0
data_no_conv__tp22_L5_p0p33,data_ablation_no_module,no_conv,tp22_L5_p0p33,5.0,0.33,run1,fold02,1,L2/L4/L5 gate,121,28,31,146,119,28,33,146,0,2
data_no_conv__tp22_L5_p0p33,data_ablation_no_module,no_conv,tp22_L5_p0p33,5.0,0.33,run1,fold02,2,L3,30,11,10,275,30,11,10,275,0,0
data_no_conv__tp22_L5_p0p33,data_ablation_no_module,no_conv,tp22_L5_p0p33,5.0,0.33,run1,fold03,0,L1,108,28,26,164,108,31,26,161,3,0
data_no_conv__tp22_L5_p0p33,data_ablation_no_module,no_conv,tp22_L5_p0p33,5.0,0.33,run1,fold03,1,L2/L4/L5 gate,110,23,42,151,105,23,47,151,0,5
data_no_conv__tp22_L5_p0p33,data_ablation_no_module,no_conv,tp22_L5_p0p33,5.0,0.33,run1,fold03,2,L3,35,22,5,264,35,24,5,262,2,0
data_no_conv__tp22_L5_p0p33,data_ablation_no_module,no_conv,tp22_L5_p0p33,5.0,0.33,run1,oof_pooled,0,L1,327,88,75,489,327,93,75,484,5,0
data_no_conv__tp22_L5_p0p33,data_ablation_no_module,no_conv,tp22_L5_p0p33,5.0,0.33,run1,oof_pooled,1,L2/L4/L5 gate,351,81,105,442,340,81,116,442,0,11
data_no_conv__tp22_L5_p0p33,data_ablation_no_module,no_conv,tp22_L5_p0p33,5.0,0.33,run1,oof_pooled,2,L3,95,37,26,821,95,43,26,815,6,0
data_no_conv__tp22_L5_p0p33,data_ablation_no_module,no_conv,tp22_L5_p0p33,5.0,0.33,run2,fold01,0,L2,15,12,12,33,15,12,12,33,0,0
data_no_conv__tp22_L5_p0p33,data_ablation_no_module,no_conv,tp22_L5_p0p33,5.0,0.33,run2,fold01,1,L4,16,7,15,34,16,8,15,33,1,0
data_no_conv__tp22_L5_p0p33,data_ablation_no_module,no_conv,tp22_L5_p0p33,5.0,0.33,run2,fold01,2,L5,9,13,5,45,8,13,6,45,0,1
data_no_conv__tp22_L5_p0p33,data_ablation_no_module,no_conv,tp22_L5_p0p33,5.0,0.33,run2,fold02,0,L2,17,12,9,33,17,12,9,33,0,0
data_no_conv__tp22_L5_p0p33,data_ablation_no_module,no_conv,tp22_L5_p0p33,5.0,0.33,run2,fold02,1,L4,12,6,19,34,12,8,19,32,2,0
data_no_conv__tp22_L5_p0p33,data_ablation_no_module,no_conv,tp22_L5_p0p33,5.0,0.33,run2,fold02,2,L5,11,13,3,44,9,13,5,44,0,2
data_no_conv__tp22_L5_p0p33,data_ablation_no_module,no_conv,tp22_L5_p0p33,5.0,0.33,run2,fold03,0,L2,21,21,5,24,21,20,5,25,-1,0
data_no_conv__tp22_L5_p0p33,data_ablation_no_module,no_conv,tp22_L5_p0p33,5.0,0.33,run2,fold03,1,L4,14,6,17,34,14,7,17,33,1,0
data_no_conv__tp22_L5_p0p33,data_ablation_no_module,no_conv,tp22_L5_p0p33,5.0,0.33,run2,fold03,2,L5,4,5,10,52,4,5,10,52,0,0
data_no_conv__tp22_L5_p0p33,data_ablation_no_module,no_conv,tp22_L5_p0p33,5.0,0.33,run2,oof_pooled,0,L2,53,45,26,90,53,44,26,91,-1,0
data_no_conv__tp22_L5_p0p33,data_ablation_no_module,no_conv,tp22_L5_p0p33,5.0,0.33,run2,oof_pooled,1,L4,42,19,51,102,42,23,51,98,4,0
data_no_conv__tp22_L5_p0p33,data_ablation_no_module,no_conv,tp22_L5_p0p33,5.0,0.33,run2,oof_pooled,2,L5,24,31,18,141,21,31,21,141,0,3
module_masked__no_conv__tp22_L5_p0p33,module_ablation_masked,no_conv,tp22_L5_p0p33,5.0,0.33,run1,fold01,0,L1,112,32,22,161,109,34,25,159,2,3
module_masked__no_conv__tp22_L5_p0p33,module_ablation_masked,no_conv,tp22_L5_p0p33,5.0,0.33,run1,fold01,1,L2/L4/L5 gate,120,30,32,145,116,30,36,145,0,4
module_masked__no_conv__tp22_L5_p0p33,module_ablation_masked,no_conv,tp22_L5_p0p33,5.0,0.33,run1,fold01,2,L3,26,7,15,279,30,8,11,278,1,-4
module_masked__no_conv__tp22_L5_p0p33,module_ablation_masked,no_conv,tp22_L5_p0p33,5.0,0.33,run1,fold02,0,L1,105,25,29,167,110,28,24,164,3,-5
module_masked__no_conv__tp22_L5_p0p33,module_ablation_masked,no_conv,tp22_L5_p0p33,5.0,0.33,run1,fold02,1,L2/L4/L5 gate,123,31,29,143,119,28,33,146,-3,4
module_masked__no_conv__tp22_L5_p0p33,module_ablation_masked,no_conv,tp22_L5_p0p33,5.0,0.33,run1,fold02,2,L3,34,8,6,278,30,11,10,275,3,4
module_masked__no_conv__tp22_L5_p0p33,module_ablation_masked,no_conv,tp22_L5_p0p33,5.0,0.33,run1,fold03,0,L1,111,25,23,167,108,31,26,161,6,3
module_masked__no_conv__tp22_L5_p0p33,module_ablation_masked,no_conv,tp22_L5_p0p33,5.0,0.33,run1,fold03,1,L2/L4/L5 gate,130,29,22,145,105,23,47,151,-6,25
module_masked__no_conv__tp22_L5_p0p33,module_ablation_masked,no_conv,tp22_L5_p0p33,5.0,0.33,run1,fold03,2,L3,28,3,12,283,35,24,5,262,21,-7
module_masked__no_conv__tp22_L5_p0p33,module_ablation_masked,no_conv,tp22_L5_p0p33,5.0,0.33,run1,oof_pooled,0,L1,328,82,74,495,327,93,75,484,11,1
module_masked__no_conv__tp22_L5_p0p33,module_ablation_masked,no_conv,tp22_L5_p0p33,5.0,0.33,run1,oof_pooled,1,L2/L4/L5 gate,373,90,83,433,340,81,116,442,-9,33
module_masked__no_conv__tp22_L5_p0p33,module_ablation_masked,no_conv,tp22_L5_p0p33,5.0,0.33,run1,oof_pooled,2,L3,88,18,33,840,95,43,26,815,25,-7
module_masked__no_conv__tp22_L5_p0p33,module_ablation_masked,no_conv,tp22_L5_p0p33,5.0,0.33,run2,fold01,0,L2,22,11,5,34,15,12,12,33,1,7
module_masked__no_conv__tp22_L5_p0p33,module_ablation_masked,no_conv,tp22_L5_p0p33,5.0,0.33,run2,fold01,1,L4,21,8,10,33,16,8,15,33,0,5
module_masked__no_conv__tp22_L5_p0p33,module_ablation_masked,no_conv,tp22_L5_p0p33,5.0,0.33,run2,fold01,2,L5,6,4,8,54,8,13,6,45,9,-2
module_masked__no_conv__tp22_L5_p0p33,module_ablation_masked,no_conv,tp22_L5_p0p33,5.0,0.33,run2,fold02,0,L2,21,12,5,33,17,12,9,33,0,4
module_masked__no_conv__tp22_L5_p0p33,module_ablation_masked,no_conv,tp22_L5_p0p33,5.0,0.33,run2,fold02,1,L4,18,11,13,29,12,8,19,32,-3,6
module_masked__no_conv__tp22_L5_p0p33,module_ablation_masked,no_conv,tp22_L5_p0p33,5.0,0.33,run2,fold02,2,L5,6,3,8,54,9,13,5,44,10,-3
module_masked__no_conv__tp22_L5_p0p33,module_ablation_masked,no_conv,tp22_L5_p0p33,5.0,0.33,run2,fold03,0,L2,20,11,6,34,21,20,5,25,9,-1
module_masked__no_conv__tp22_L5_p0p33,module_ablation_masked,no_conv,tp22_L5_p0p33,5.0,0.33,run2,fold03,1,L4,23,10,8,30,14,7,17,33,-3,9
module_masked__no_conv__tp22_L5_p0p33,module_ablation_masked,no_conv,tp22_L5_p0p33,5.0,0.33,run2,fold03,2,L5,4,3,10,54,4,5,10,52,2,0
module_masked__no_conv__tp22_L5_p0p33,module_ablation_masked,no_conv,tp22_L5_p0p33,5.0,0.33,run2,oof_pooled,0,L2,63,34,16,101,53,44,26,91,10,10
module_masked__no_conv__tp22_L5_p0p33,module_ablation_masked,no_conv,tp22_L5_p0p33,5.0,0.33,run2,oof_pooled,1,L4,62,29,31,92,42,23,51,98,-6,20
module_masked__no_conv__tp22_L5_p0p33,module_ablation_masked,no_conv,tp22_L5_p0p33,5.0,0.33,run2,oof_pooled,2,L5,16,10,26,162,21,31,21,141,21,-5
data_no_lstm__tp22_L5_p0p33,data_ablation_no_module,no_lstm,tp22_L5_p0p33,5.0,0.33,run1,fold01,0,L1,102,35,32,158,102,38,32,155,3,0
data_no_lstm__tp22_L5_p0p33,data_ablation_no_module,no_lstm,tp22_L5_p0p33,5.0,0.33,run1,fold01,1,L2/L4/L5 gate,117,40,35,135,106,40,46,135,0,11
data_no_lstm__tp22_L5_p0p33,data_ablation_no_module,no_lstm,tp22_L5_p0p33,5.0,0.33,run1,fold01,2,L3,27,6,14,280,27,14,14,272,8,0
data_no_lstm__tp22_L5_p0p33,data_ablation_no_module,no_lstm,tp22_L5_p0p33,5.0,0.33,run1,fold02,0,L1,101,36,33,156,101,39,33,153,3,0
data_no_lstm__tp22_L5_p0p33,data_ablation_no_module,no_lstm,tp22_L5_p0p33,5.0,0.33,run1,fold02,1,L2/L4/L5 gate,113,37,39,137,111,37,41,137,0,2
data_no_lstm__tp22_L5_p0p33,data_ablation_no_module,no_lstm,tp22_L5_p0p33,5.0,0.33,run1,fold02,2,L3,28,11,12,275,28,10,12,276,-1,0
data_no_lstm__tp22_L5_p0p33,data_ablation_no_module,no_lstm,tp22_L5_p0p33,5.0,0.33,run1,fold03,0,L1,104,28,30,164,104,30,30,162,2,0
data_no_lstm__tp22_L5_p0p33,data_ablation_no_module,no_lstm,tp22_L5_p0p33,5.0,0.33,run1,fold03,1,L2/L4/L5 gate,120,30,32,144,114,30,38,144,0,6
data_no_lstm__tp22_L5_p0p33,data_ablation_no_module,no_lstm,tp22_L5_p0p33,5.0,0.33,run1,fold03,2,L3,30,14,10,272,30,18,10,268,4,0
data_no_lstm__tp22_L5_p0p33,data_ablation_no_module,no_lstm,tp22_L5_p0p33,5.0,0.33,run1,oof_pooled,0,L1,307,99,95,478,307,107,95,470,8,0
data_no_lstm__tp22_L5_p0p33,data_ablation_no_module,no_lstm,tp22_L5_p0p33,5.0,0.33,run1,oof_pooled,1,L2/L4/L5 gate,350,107,106,416,331,107,125,416,0,19
data_no_lstm__tp22_L5_p0p33,data_ablation_no_module,no_lstm,tp22_L5_p0p33,5.0,0.33,run1,oof_pooled,2,L3,85,31,36,827,85,42,36,816,11,0
data_no_lstm__tp22_L5_p0p33,data_ablation_no_module,no_lstm,tp22_L5_p0p33,5.0,0.33,run2,fold01,0,L2,16,2,11,43,16,2,11,43,0,0
data_no_lstm__tp22_L5_p0p33,data_ablation_no_module,no_lstm,tp22_L5_p0p33,5.0,0.33,run2,fold01,1,L4,21,11,10,30,21,12,10,29,1,0
data_no_lstm__tp22_L5_p0p33,data_ablation_no_module,no_lstm,tp22_L5_p0p33,5.0,0.33,run2,fold01,2,L5,9,13,5,45,8,13,6,45,0,1
data_no_lstm__tp22_L5_p0p33,data_ablation_no_module,no_lstm,tp22_L5_p0p33,5.0,0.33,run2,fold02,0,L2,14,11,12,34,14,11,12,34,0,0
data_no_lstm__tp22_L5_p0p33,data_ablation_no_module,no_lstm,tp22_L5_p0p33,5.0,0.33,run2,fold02,1,L4,20,17,11,23,20,18,11,22,1,0
data_no_lstm__tp22_L5_p0p33,data_ablation_no_module,no_lstm,tp22_L5_p0p33,5.0,0.33,run2,fold02,2,L5,6,3,8,54,5,3,9,54,0,1
data_no_lstm__tp22_L5_p0p33,data_ablation_no_module,no_lstm,tp22_L5_p0p33,5.0,0.33,run2,fold03,0,L2,20,10,6,35,20,9,6,36,-1,0
data_no_lstm__tp22_L5_p0p33,data_ablation_no_module,no_lstm,tp22_L5_p0p33,5.0,0.33,run2,fold03,1,L4,22,6,9,34,22,7,9,33,1,0
data_no_lstm__tp22_L5_p0p33,data_ablation_no_module,no_lstm,tp22_L5_p0p33,5.0,0.33,run2,fold03,2,L5,6,7,8,50,6,7,8,50,0,0
data_no_lstm__tp22_L5_p0p33,data_ablation_no_module,no_lstm,tp22_L5_p0p33,5.0,0.33,run2,oof_pooled,0,L2,50,23,29,112,50,22,29,113,-1,0
data_no_lstm__tp22_L5_p0p33,data_ablation_no_module,no_lstm,tp22_L5_p0p33,5.0,0.33,run2,oof_pooled,1,L4,63,34,30,87,63,37,30,84,3,0
data_no_lstm__tp22_L5_p0p33,data_ablation_no_module,no_lstm,tp22_L5_p0p33,5.0,0.33,run2,oof_pooled,2,L5,21,23,21,149,19,23,23,149,0,2
module_masked__no_lstm__tp22_L5_p0p33,module_ablation_masked,no_lstm,tp22_L5_p0p33,5.0,0.33,run1,fold01,0,L1,112,32,22,161,102,38,32,155,6,10
module_masked__no_lstm__tp22_L5_p0p33,module_ablation_masked,no_lstm,tp22_L5_p0p33,5.0,0.33,run1,fold01,1,L2/L4/L5 gate,120,30,32,145,106,40,46,135,10,14
module_masked__no_lstm__tp22_L5_p0p33,module_ablation_masked,no_lstm,tp22_L5_p0p33,5.0,0.33,run1,fold01,2,L3,26,7,15,279,27,14,14,272,7,-1
module_masked__no_lstm__tp22_L5_p0p33,module_ablation_masked,no_lstm,tp22_L5_p0p33,5.0,0.33,run1,fold02,0,L1,105,25,29,167,101,39,33,153,14,4
module_masked__no_lstm__tp22_L5_p0p33,module_ablation_masked,no_lstm,tp22_L5_p0p33,5.0,0.33,run1,fold02,1,L2/L4/L5 gate,123,31,29,143,111,37,41,137,6,12
module_masked__no_lstm__tp22_L5_p0p33,module_ablation_masked,no_lstm,tp22_L5_p0p33,5.0,0.33,run1,fold02,2,L3,34,8,6,278,28,10,12,276,2,6
module_masked__no_lstm__tp22_L5_p0p33,module_ablation_masked,no_lstm,tp22_L5_p0p33,5.0,0.33,run1,fold03,0,L1,111,25,23,167,104,30,30,162,5,7
module_masked__no_lstm__tp22_L5_p0p33,module_ablation_masked,no_lstm,tp22_L5_p0p33,5.0,0.33,run1,fold03,1,L2/L4/L5 gate,130,29,22,145,114,30,38,144,1,16
module_masked__no_lstm__tp22_L5_p0p33,module_ablation_masked,no_lstm,tp22_L5_p0p33,5.0,0.33,run1,fold03,2,L3,28,3,12,283,30,18,10,268,15,-2
module_masked__no_lstm__tp22_L5_p0p33,module_ablation_masked,no_lstm,tp22_L5_p0p33,5.0,0.33,run1,oof_pooled,0,L1,328,82,74,495,307,107,95,470,25,21
module_masked__no_lstm__tp22_L5_p0p33,module_ablation_masked,no_lstm,tp22_L5_p0p33,5.0,0.33,run1,oof_pooled,1,L2/L4/L5 gate,373,90,83,433,331,107,125,416,17,42
module_masked__no_lstm__tp22_L5_p0p33,module_ablation_masked,no_lstm,tp22_L5_p0p33,5.0,0.33,run1,oof_pooled,2,L3,88,18,33,840,85,42,36,816,24,3
module_masked__no_lstm__tp22_L5_p0p33,module_ablation_masked,no_lstm,tp22_L5_p0p33,5.0,0.33,run2,fold01,0,L2,22,11,5,34,16,2,11,43,-9,6
module_masked__no_lstm__tp22_L5_p0p33,module_ablation_masked,no_lstm,tp22_L5_p0p33,5.0,0.33,run2,fold01,1,L4,21,8,10,33,21,12,10,29,4,0
module_masked__no_lstm__tp22_L5_p0p33,module_ablation_masked,no_lstm,tp22_L5_p0p33,5.0,0.33,run2,fold01,2,L5,6,4,8,54,8,13,6,45,9,-2
module_masked__no_lstm__tp22_L5_p0p33,module_ablation_masked,no_lstm,tp22_L5_p0p33,5.0,0.33,run2,fold02,0,L2,21,12,5,33,14,11,12,34,-1,7
module_masked__no_lstm__tp22_L5_p0p33,module_ablation_masked,no_lstm,tp22_L5_p0p33,5.0,0.33,run2,fold02,1,L4,18,11,13,29,20,18,11,22,7,-2
module_masked__no_lstm__tp22_L5_p0p33,module_ablation_masked,no_lstm,tp22_L5_p0p33,5.0,0.33,run2,fold02,2,L5,6,3,8,54,5,3,9,54,0,1
module_masked__no_lstm__tp22_L5_p0p33,module_ablation_masked,no_lstm,tp22_L5_p0p33,5.0,0.33,run2,fold03,0,L2,20,11,6,34,20,9,6,36,-2,0
module_masked__no_lstm__tp22_L5_p0p33,module_ablation_masked,no_lstm,tp22_L5_p0p33,5.0,0.33,run2,fold03,1,L4,23,10,8,30,22,7,9,33,-3,1
module_masked__no_lstm__tp22_L5_p0p33,module_ablation_masked,no_lstm,tp22_L5_p0p33,5.0,0.33,run2,fold03,2,L5,4,3,10,54,6,7,8,50,4,-2
module_masked__no_lstm__tp22_L5_p0p33,module_ablation_masked,no_lstm,tp22_L5_p0p33,5.0,0.33,run2,oof_pooled,0,L2,63,34,16,101,50,22,29,113,-12,13
module_masked__no_lstm__tp22_L5_p0p33,module_ablation_masked,no_lstm,tp22_L5_p0p33,5.0,0.33,run2,oof_pooled,1,L4,62,29,31,92,63,37,30,84,8,-1
module_masked__no_lstm__tp22_L5_p0p33,module_ablation_masked,no_lstm,tp22_L5_p0p33,5.0,0.33,run2,oof_pooled,2,L5,16,10,26,162,19,23,23,149,13,-3
data_no_attention__tp22_L5_p0p33,data_ablation_no_module,no_attention,tp22_L5_p0p33,5.0,0.33,run1,fold01,0,L1,113,29,21,164,113,30,21,163,1,0
data_no_attention__tp22_L5_p0p33,data_ablation_no_module,no_attention,tp22_L5_p0p33,5.0,0.33,run1,fold01,1,L2/L4/L5 gate,125,28,27,147,109,28,43,147,0,16
data_no_attention__tp22_L5_p0p33,data_ablation_no_module,no_attention,tp22_L5_p0p33,5.0,0.33,run1,fold01,2,L3,30,2,11,284,30,17,11,269,15,0
data_no_attention__tp22_L5_p0p33,data_ablation_no_module,no_attention,tp22_L5_p0p33,5.0,0.33,run1,fold02,0,L1,107,21,27,171,107,31,27,161,10,0
data_no_attention__tp22_L5_p0p33,data_ablation_no_module,no_attention,tp22_L5_p0p33,5.0,0.33,run1,fold02,1,L2/L4/L5 gate,131,31,21,143,116,31,36,143,0,15
data_no_attention__tp22_L5_p0p33,data_ablation_no_module,no_attention,tp22_L5_p0p33,5.0,0.33,run1,fold02,2,L3,29,7,11,279,29,12,11,274,5,0
data_no_attention__tp22_L5_p0p33,data_ablation_no_module,no_attention,tp22_L5_p0p33,5.0,0.33,run1,fold03,0,L1,113,20,21,172,113,28,21,164,8,0
data_no_attention__tp22_L5_p0p33,data_ablation_no_module,no_attention,tp22_L5_p0p33,5.0,0.33,run1,fold03,1,L2/L4/L5 gate,129,23,23,151,117,23,35,151,0,12
data_no_attention__tp22_L5_p0p33,data_ablation_no_module,no_attention,tp22_L5_p0p33,5.0,0.33,run1,fold03,2,L3,33,8,7,278,33,12,7,274,4,0
data_no_attention__tp22_L5_p0p33,data_ablation_no_module,no_attention,tp22_L5_p0p33,5.0,0.33,run1,oof_pooled,0,L1,333,70,69,507,333,89,69,488,19,0
data_no_attention__tp22_L5_p0p33,data_ablation_no_module,no_attention,tp22_L5_p0p33,5.0,0.33,run1,oof_pooled,1,L2/L4/L5 gate,385,82,71,441,342,82,114,441,0,43
data_no_attention__tp22_L5_p0p33,data_ablation_no_module,no_attention,tp22_L5_p0p33,5.0,0.33,run1,oof_pooled,2,L3,92,17,29,841,92,41,29,817,24,0
data_no_attention__tp22_L5_p0p33,data_ablation_no_module,no_attention,tp22_L5_p0p33,5.0,0.33,run2,fold01,0,L2,15,6,12,39,15,6,12,39,0,0
data_no_attention__tp22_L5_p0p33,data_ablation_no_module,no_attention,tp22_L5_p0p33,5.0,0.33,run2,fold01,1,L4,21,16,10,25,21,17,10,24,1,0
data_no_attention__tp22_L5_p0p33,data_ablation_no_module,no_attention,tp22_L5_p0p33,5.0,0.33,run2,fold01,2,L5,6,8,8,50,5,8,9,50,0,1
data_no_attention__tp22_L5_p0p33,data_ablation_no_module,no_attention,tp22_L5_p0p33,5.0,0.33,run2,fold02,0,L2,16,8,10,37,16,8,10,37,0,0
data_no_attention__tp22_L5_p0p33,data_ablation_no_module,no_attention,tp22_L5_p0p33,5.0,0.33,run2,fold02,1,L4,16,6,15,34,16,8,15,32,2,0
data_no_attention__tp22_L5_p0p33,data_ablation_no_module,no_attention,tp22_L5_p0p33,5.0,0.33,run2,fold02,2,L5,13,12,1,45,11,12,3,45,0,2
data_no_attention__tp22_L5_p0p33,data_ablation_no_module,no_attention,tp22_L5_p0p33,5.0,0.33,run2,fold03,0,L2,17,10,9,35,17,10,9,35,0,0
data_no_attention__tp22_L5_p0p33,data_ablation_no_module,no_attention,tp22_L5_p0p33,5.0,0.33,run2,fold03,1,L4,19,13,12,27,19,13,12,27,0,0
data_no_attention__tp22_L5_p0p33,data_ablation_no_module,no_attention,tp22_L5_p0p33,5.0,0.33,run2,fold03,2,L5,4,8,10,49,4,8,10,49,0,0
data_no_attention__tp22_L5_p0p33,data_ablation_no_module,no_attention,tp22_L5_p0p33,5.0,0.33,run2,oof_pooled,0,L2,48,24,31,111,48,24,31,111,0,0
data_no_attention__tp22_L5_p0p33,data_ablation_no_module,no_attention,tp22_L5_p0p33,5.0,0.33,run2,oof_pooled,1,L4,56,35,37,86,56,38,37,83,3,0
data_no_attention__tp22_L5_p0p33,data_ablation_no_module,no_attention,tp22_L5_p0p33,5.0,0.33,run2,oof_pooled,2,L5,23,28,19,144,20,28,22,144,0,3
module_masked__no_attention__tp22_L5_p0p33,module_ablation_masked,no_attention,tp22_L5_p0p33,5.0,0.33,run1,fold01,0,L1,112,32,22,161,113,30,21,163,-2,-1
module_masked__no_attention__tp22_L5_p0p33,module_ablation_masked,no_attention,tp22_L5_p0p33,5.0,0.33,run1,fold01,1,L2/L4/L5 gate,120,30,32,145,109,28,43,147,-2,11
module_masked__no_attention__tp22_L5_p0p33,module_ablation_masked,no_attention,tp22_L5_p0p33,5.0,0.33,run1,fold01,2,L3,26,7,15,279,30,17,11,269,10,-4
module_masked__no_attention__tp22_L5_p0p33,module_ablation_masked,no_attention,tp22_L5_p0p33,5.0,0.33,run1,fold02,0,L1,105,25,29,167,107,31,27,161,6,-2
module_masked__no_attention__tp22_L5_p0p33,module_ablation_masked,no_attention,tp22_L5_p0p33,5.0,0.33,run1,fold02,1,L2/L4/L5 gate,123,31,29,143,116,31,36,143,0,7
module_masked__no_attention__tp22_L5_p0p33,module_ablation_masked,no_attention,tp22_L5_p0p33,5.0,0.33,run1,fold02,2,L3,34,8,6,278,29,12,11,274,4,5
module_masked__no_attention__tp22_L5_p0p33,module_ablation_masked,no_attention,tp22_L5_p0p33,5.0,0.33,run1,fold03,0,L1,111,25,23,167,113,28,21,164,3,-2
module_masked__no_attention__tp22_L5_p0p33,module_ablation_masked,no_attention,tp22_L5_p0p33,5.0,0.33,run1,fold03,1,L2/L4/L5 gate,130,29,22,145,117,23,35,151,-6,13
module_masked__no_attention__tp22_L5_p0p33,module_ablation_masked,no_attention,tp22_L5_p0p33,5.0,0.33,run1,fold03,2,L3,28,3,12,283,33,12,7,274,9,-5
module_masked__no_attention__tp22_L5_p0p33,module_ablation_masked,no_attention,tp22_L5_p0p33,5.0,0.33,run1,oof_pooled,0,L1,328,82,74,495,333,89,69,488,7,-5
module_masked__no_attention__tp22_L5_p0p33,module_ablation_masked,no_attention,tp22_L5_p0p33,5.0,0.33,run1,oof_pooled,1,L2/L4/L5 gate,373,90,83,433,342,82,114,441,-8,31
module_masked__no_attention__tp22_L5_p0p33,module_ablation_masked,no_attention,tp22_L5_p0p33,5.0,0.33,run1,oof_pooled,2,L3,88,18,33,840,92,41,29,817,23,-4
module_masked__no_attention__tp22_L5_p0p33,module_ablation_masked,no_attention,tp22_L5_p0p33,5.0,0.33,run2,fold01,0,L2,22,11,5,34,15,6,12,39,-5,7
module_masked__no_attention__tp22_L5_p0p33,module_ablation_masked,no_attention,tp22_L5_p0p33,5.0,0.33,run2,fold01,1,L4,21,8,10,33,21,17,10,24,9,0
module_masked__no_attention__tp22_L5_p0p33,module_ablation_masked,no_attention,tp22_L5_p0p33,5.0,0.33,run2,fold01,2,L5,6,4,8,54,5,8,9,50,4,1
module_masked__no_attention__tp22_L5_p0p33,module_ablation_masked,no_attention,tp22_L5_p0p33,5.0,0.33,run2,fold02,0,L2,21,12,5,33,16,8,10,37,-4,5
module_masked__no_attention__tp22_L5_p0p33,module_ablation_masked,no_attention,tp22_L5_p0p33,5.0,0.33,run2,fold02,1,L4,18,11,13,29,16,8,15,32,-3,2
module_masked__no_attention__tp22_L5_p0p33,module_ablation_masked,no_attention,tp22_L5_p0p33,5.0,0.33,run2,fold02,2,L5,6,3,8,54,11,12,3,45,9,-5
module_masked__no_attention__tp22_L5_p0p33,module_ablation_masked,no_attention,tp22_L5_p0p33,5.0,0.33,run2,fold03,0,L2,20,11,6,34,17,10,9,35,-1,3
module_masked__no_attention__tp22_L5_p0p33,module_ablation_masked,no_attention,tp22_L5_p0p33,5.0,0.33,run2,fold03,1,L4,23,10,8,30,19,13,12,27,3,4
module_masked__no_attention__tp22_L5_p0p33,module_ablation_masked,no_attention,tp22_L5_p0p33,5.0,0.33,run2,fold03,2,L5,4,3,10,54,4,8,10,49,5,0
module_masked__no_attention__tp22_L5_p0p33,module_ablation_masked,no_attention,tp22_L5_p0p33,5.0,0.33,run2,oof_pooled,0,L2,63,34,16,101,48,24,31,111,-10,15
module_masked__no_attention__tp22_L5_p0p33,module_ablation_masked,no_attention,tp22_L5_p0p33,5.0,0.33,run2,oof_pooled,1,L4,62,29,31,92,56,38,37,83,9,6
module_masked__no_attention__tp22_L5_p0p33,module_ablation_masked,no_attention,tp22_L5_p0p33,5.0,0.33,run2,oof_pooled,2,L5,16,10,26,162,20,28,22,144,18,-4
data_full__tp23_L5_p0p35,data_ablation_full,,tp23_L5_p0p35,5.0,0.35,run1,fold01,0,L1,112,30,22,163,112,32,22,161,2,0
data_full__tp23_L5_p0p35,data_ablation_full,,tp23_L5_p0p35,5.0,0.35,run1,fold01,1,L2/L4/L5 gate,126,30,26,145,120,30,32,145,0,6
data_full__tp23_L5_p0p35,data_ablation_full,,tp23_L5_p0p35,5.0,0.35,run1,fold01,2,L3,26,3,15,283,26,7,15,279,4,0
data_full__tp23_L5_p0p35,data_ablation_full,,tp23_L5_p0p35,5.0,0.35,run1,fold02,0,L1,105,22,29,170,105,25,29,167,3,0
data_full__tp23_L5_p0p35,data_ablation_full,,tp23_L5_p0p35,5.0,0.35,run1,fold02,1,L2/L4/L5 gate,127,31,25,143,123,31,29,143,0,4
data_full__tp23_L5_p0p35,data_ablation_full,,tp23_L5_p0p35,5.0,0.35,run1,fold02,2,L3,34,7,6,279,34,8,6,278,1,0
data_full__tp23_L5_p0p35,data_ablation_full,,tp23_L5_p0p35,5.0,0.35,run1,fold03,0,L1,111,21,23,171,111,27,23,165,6,0
data_full__tp23_L5_p0p35,data_ablation_full,,tp23_L5_p0p35,5.0,0.35,run1,fold03,1,L2/L4/L5 gate,135,29,17,145,128,29,24,145,0,7
data_full__tp23_L5_p0p35,data_ablation_full,,tp23_L5_p0p35,5.0,0.35,run1,fold03,2,L3,28,2,12,284,28,3,12,283,1,0
data_full__tp23_L5_p0p35,data_ablation_full,,tp23_L5_p0p35,5.0,0.35,run1,oof_pooled,0,L1,328,73,74,504,328,84,74,493,11,0
data_full__tp23_L5_p0p35,data_ablation_full,,tp23_L5_p0p35,5.0,0.35,run1,oof_pooled,1,L2/L4/L5 gate,388,90,68,433,371,90,85,433,0,17
data_full__tp23_L5_p0p35,data_ablation_full,,tp23_L5_p0p35,5.0,0.35,run1,oof_pooled,2,L3,88,12,33,846,88,18,33,840,6,0
data_full__tp23_L5_p0p35,data_ablation_full,,tp23_L5_p0p35,5.0,0.35,run2,fold01,0,L2,22,10,5,35,22,11,5,34,1,0
data_full__tp23_L5_p0p35,data_ablation_full,,tp23_L5_p0p35,5.0,0.35,run2,fold01,1,L4,21,8,10,33,21,8,10,33,0,0
data_full__tp23_L5_p0p35,data_ablation_full,,tp23_L5_p0p35,5.0,0.35,run2,fold01,2,L5,7,4,7,54,6,4,8,54,0,1
data_full__tp23_L5_p0p35,data_ablation_full,,tp23_L5_p0p35,5.0,0.35,run2,fold02,0,L2,21,12,5,33,21,12,5,33,0,0
data_full__tp23_L5_p0p35,data_ablation_full,,tp23_L5_p0p35,5.0,0.35,run2,fold02,1,L4,18,9,13,31,18,11,13,29,2,0
data_full__tp23_L5_p0p35,data_ablation_full,,tp23_L5_p0p35,5.0,0.35,run2,fold02,2,L5,8,3,6,54,6,3,8,54,0,2
data_full__tp23_L5_p0p35,data_ablation_full,,tp23_L5_p0p35,5.0,0.35,run2,fold03,0,L2,20,11,6,34,20,11,6,34,0,0
data_full__tp23_L5_p0p35,data_ablation_full,,tp23_L5_p0p35,5.0,0.35,run2,fold03,1,L4,23,10,8,30,23,10,8,30,0,0
data_full__tp23_L5_p0p35,data_ablation_full,,tp23_L5_p0p35,5.0,0.35,run2,fold03,2,L5,4,3,10,54,4,3,10,54,0,0
data_full__tp23_L5_p0p35,data_ablation_full,,tp23_L5_p0p35,5.0,0.35,run2,oof_pooled,0,L2,63,33,16,102,63,34,16,101,1,0
data_full__tp23_L5_p0p35,data_ablation_full,,tp23_L5_p0p35,5.0,0.35,run2,oof_pooled,1,L4,62,27,31,94,62,29,31,92,2,0
data_full__tp23_L5_p0p35,data_ablation_full,,tp23_L5_p0p35,5.0,0.35,run2,oof_pooled,2,L5,19,10,23,162,16,10,26,162,0,3
data_no_conv__tp23_L5_p0p35,data_ablation_no_module,no_conv,tp23_L5_p0p35,5.0,0.35,run1,fold01,0,L1,109,34,25,159,109,34,25,159,0,0
data_no_conv__tp23_L5_p0p35,data_ablation_no_module,no_conv,tp23_L5_p0p35,5.0,0.35,run1,fold01,1,L2/L4/L5 gate,120,30,32,145,116,30,36,145,0,4
data_no_conv__tp23_L5_p0p35,data_ablation_no_module,no_conv,tp23_L5_p0p35,5.0,0.35,run1,fold01,2,L3,30,4,11,282,30,8,11,278,4,0
data_no_conv__tp23_L5_p0p35,data_ablation_no_module,no_conv,tp23_L5_p0p35,5.0,0.35,run1,fold02,0,L1,110,26,24,166,110,28,24,164,2,0
data_no_conv__tp23_L5_p0p35,data_ablation_no_module,no_conv,tp23_L5_p0p35,5.0,0.35,run1,fold02,1,L2/L4/L5 gate,121,28,31,146,118,28,34,146,0,3
data_no_conv__tp23_L5_p0p35,data_ablation_no_module,no_conv,tp23_L5_p0p35,5.0,0.35,run1,fold02,2,L3,30,11,10,275,30,12,10,274,1,0
data_no_conv__tp23_L5_p0p35,data_ablation_no_module,no_conv,tp23_L5_p0p35,5.0,0.35,run1,fold03,0,L1,108,28,26,164,108,31,26,161,3,0
data_no_conv__tp23_L5_p0p35,data_ablation_no_module,no_conv,tp23_L5_p0p35,5.0,0.35,run1,fold03,1,L2/L4/L5 gate,110,23,42,151,105,23,47,151,0,5
data_no_conv__tp23_L5_p0p35,data_ablation_no_module,no_conv,tp23_L5_p0p35,5.0,0.35,run1,fold03,2,L3,35,22,5,264,35,24,5,262,2,0
data_no_conv__tp23_L5_p0p35,data_ablation_no_module,no_conv,tp23_L5_p0p35,5.0,0.35,run1,oof_pooled,0,L1,327,88,75,489,327,93,75,484,5,0
data_no_conv__tp23_L5_p0p35,data_ablation_no_module,no_conv,tp23_L5_p0p35,5.0,0.35,run1,oof_pooled,1,L2/L4/L5 gate,351,81,105,442,339,81,117,442,0,12
data_no_conv__tp23_L5_p0p35,data_ablation_no_module,no_conv,tp23_L5_p0p35,5.0,0.35,run1,oof_pooled,2,L3,95,37,26,821,95,44,26,814,7,0
data_no_conv__tp23_L5_p0p35,data_ablation_no_module,no_conv,tp23_L5_p0p35,5.0,0.35,run2,fold01,0,L2,15,12,12,33,15,12,12,33,0,0
data_no_conv__tp23_L5_p0p35,data_ablation_no_module,no_conv,tp23_L5_p0p35,5.0,0.35,run2,fold01,1,L4,16,7,15,34,16,8,15,33,1,0
data_no_conv__tp23_L5_p0p35,data_ablation_no_module,no_conv,tp23_L5_p0p35,5.0,0.35,run2,fold01,2,L5,9,13,5,45,8,13,6,45,0,1
data_no_conv__tp23_L5_p0p35,data_ablation_no_module,no_conv,tp23_L5_p0p35,5.0,0.35,run2,fold02,0,L2,17,12,9,33,17,12,9,33,0,0
data_no_conv__tp23_L5_p0p35,data_ablation_no_module,no_conv,tp23_L5_p0p35,5.0,0.35,run2,fold02,1,L4,12,6,19,34,12,8,19,32,2,0
data_no_conv__tp23_L5_p0p35,data_ablation_no_module,no_conv,tp23_L5_p0p35,5.0,0.35,run2,fold02,2,L5,11,13,3,44,9,13,5,44,0,2
data_no_conv__tp23_L5_p0p35,data_ablation_no_module,no_conv,tp23_L5_p0p35,5.0,0.35,run2,fold03,0,L2,21,21,5,24,21,20,5,25,-1,0
data_no_conv__tp23_L5_p0p35,data_ablation_no_module,no_conv,tp23_L5_p0p35,5.0,0.35,run2,fold03,1,L4,14,6,17,34,14,7,17,33,1,0
data_no_conv__tp23_L5_p0p35,data_ablation_no_module,no_conv,tp23_L5_p0p35,5.0,0.35,run2,fold03,2,L5,4,5,10,52,4,5,10,52,0,0
data_no_conv__tp23_L5_p0p35,data_ablation_no_module,no_conv,tp23_L5_p0p35,5.0,0.35,run2,oof_pooled,0,L2,53,45,26,90,53,44,26,91,-1,0
data_no_conv__tp23_L5_p0p35,data_ablation_no_module,no_conv,tp23_L5_p0p35,5.0,0.35,run2,oof_pooled,1,L4,42,19,51,102,42,23,51,98,4,0
data_no_conv__tp23_L5_p0p35,data_ablation_no_module,no_conv,tp23_L5_p0p35,5.0,0.35,run2,oof_pooled,2,L5,24,31,18,141,21,31,21,141,0,3
module_masked__no_conv__tp23_L5_p0p35,module_ablation_masked,no_conv,tp23_L5_p0p35,5.0,0.35,run1,fold01,0,L1,112,32,22,161,109,34,25,159,2,3
module_masked__no_conv__tp23_L5_p0p35,module_ablation_masked,no_conv,tp23_L5_p0p35,5.0,0.35,run1,fold01,1,L2/L4/L5 gate,120,30,32,145,116,30,36,145,0,4
module_masked__no_conv__tp23_L5_p0p35,module_ablation_masked,no_conv,tp23_L5_p0p35,5.0,0.35,run1,fold01,2,L3,26,7,15,279,30,8,11,278,1,-4
module_masked__no_conv__tp23_L5_p0p35,module_ablation_masked,no_conv,tp23_L5_p0p35,5.0,0.35,run1,fold02,0,L1,105,25,29,167,110,28,24,164,3,-5
module_masked__no_conv__tp23_L5_p0p35,module_ablation_masked,no_conv,tp23_L5_p0p35,5.0,0.35,run1,fold02,1,L2/L4/L5 gate,123,31,29,143,118,28,34,146,-3,5
module_masked__no_conv__tp23_L5_p0p35,module_ablation_masked,no_conv,tp23_L5_p0p35,5.0,0.35,run1,fold02,2,L3,34,8,6,278,30,12,10,274,4,4
module_masked__no_conv__tp23_L5_p0p35,module_ablation_masked,no_conv,tp23_L5_p0p35,5.0,0.35,run1,fold03,0,L1,111,27,23,165,108,31,26,161,4,3
module_masked__no_conv__tp23_L5_p0p35,module_ablation_masked,no_conv,tp23_L5_p0p35,5.0,0.35,run1,fold03,1,L2/L4/L5 gate,128,29,24,145,105,23,47,151,-6,23
module_masked__no_conv__tp23_L5_p0p35,module_ablation_masked,no_conv,tp23_L5_p0p35,5.0,0.35,run1,fold03,2,L3,28,3,12,283,35,24,5,262,21,-7
module_masked__no_conv__tp23_L5_p0p35,module_ablation_masked,no_conv,tp23_L5_p0p35,5.0,0.35,run1,oof_pooled,0,L1,328,84,74,493,327,93,75,484,9,1
module_masked__no_conv__tp23_L5_p0p35,module_ablation_masked,no_conv,tp23_L5_p0p35,5.0,0.35,run1,oof_pooled,1,L2/L4/L5 gate,371,90,85,433,339,81,117,442,-9,32
module_masked__no_conv__tp23_L5_p0p35,module_ablation_masked,no_conv,tp23_L5_p0p35,5.0,0.35,run1,oof_pooled,2,L3,88,18,33,840,95,44,26,814,26,-7
module_masked__no_conv__tp23_L5_p0p35,module_ablation_masked,no_conv,tp23_L5_p0p35,5.0,0.35,run2,fold01,0,L2,22,11,5,34,15,12,12,33,1,7
module_masked__no_conv__tp23_L5_p0p35,module_ablation_masked,no_conv,tp23_L5_p0p35,5.0,0.35,run2,fold01,1,L4,21,8,10,33,16,8,15,33,0,5
module_masked__no_conv__tp23_L5_p0p35,module_ablation_masked,no_conv,tp23_L5_p0p35,5.0,0.35,run2,fold01,2,L5,6,4,8,54,8,13,6,45,9,-2
module_masked__no_conv__tp23_L5_p0p35,module_ablation_masked,no_conv,tp23_L5_p0p35,5.0,0.35,run2,fold02,0,L2,21,12,5,33,17,12,9,33,0,4
module_masked__no_conv__tp23_L5_p0p35,module_ablation_masked,no_conv,tp23_L5_p0p35,5.0,0.35,run2,fold02,1,L4,18,11,13,29,12,8,19,32,-3,6
module_masked__no_conv__tp23_L5_p0p35,module_ablation_masked,no_conv,tp23_L5_p0p35,5.0,0.35,run2,fold02,2,L5,6,3,8,54,9,13,5,44,10,-3
module_masked__no_conv__tp23_L5_p0p35,module_ablation_masked,no_conv,tp23_L5_p0p35,5.0,0.35,run2,fold03,0,L2,20,11,6,34,21,20,5,25,9,-1
module_masked__no_conv__tp23_L5_p0p35,module_ablation_masked,no_conv,tp23_L5_p0p35,5.0,0.35,run2,fold03,1,L4,23,10,8,30,14,7,17,33,-3,9
module_masked__no_conv__tp23_L5_p0p35,module_ablation_masked,no_conv,tp23_L5_p0p35,5.0,0.35,run2,fold03,2,L5,4,3,10,54,4,5,10,52,2,0
module_masked__no_conv__tp23_L5_p0p35,module_ablation_masked,no_conv,tp23_L5_p0p35,5.0,0.35,run2,oof_pooled,0,L2,63,34,16,101,53,44,26,91,10,10
module_masked__no_conv__tp23_L5_p0p35,module_ablation_masked,no_conv,tp23_L5_p0p35,5.0,0.35,run2,oof_pooled,1,L4,62,29,31,92,42,23,51,98,-6,20
module_masked__no_conv__tp23_L5_p0p35,module_ablation_masked,no_conv,tp23_L5_p0p35,5.0,0.35,run2,oof_pooled,2,L5,16,10,26,162,21,31,21,141,21,-5
data_no_lstm__tp23_L5_p0p35,data_ablation_no_module,no_lstm,tp23_L5_p0p35,5.0,0.35,run1,fold01,0,L1,102,35,32,158,102,38,32,155,3,0
data_no_lstm__tp23_L5_p0p35,data_ablation_no_module,no_lstm,tp23_L5_p0p35,5.0,0.35,run1,fold01,1,L2/L4/L5 gate,117,40,35,135,106,40,46,135,0,11
data_no_lstm__tp23_L5_p0p35,data_ablation_no_module,no_lstm,tp23_L5_p0p35,5.0,0.35,run1,fold01,2,L3,27,6,14,280,27,14,14,272,8,0
data_no_lstm__tp23_L5_p0p35,data_ablation_no_module,no_lstm,tp23_L5_p0p35,5.0,0.35,run1,fold02,0,L1,101,36,33,156,101,42,33,150,6,0
data_no_lstm__tp23_L5_p0p35,data_ablation_no_module,no_lstm,tp23_L5_p0p35,5.0,0.35,run1,fold02,1,L2/L4/L5 gate,113,37,39,137,108,37,44,137,0,5
data_no_lstm__tp23_L5_p0p35,data_ablation_no_module,no_lstm,tp23_L5_p0p35,5.0,0.35,run1,fold02,2,L3,28,11,12,275,28,10,12,276,-1,0
data_no_lstm__tp23_L5_p0p35,data_ablation_no_module,no_lstm,tp23_L5_p0p35,5.0,0.35,run1,fold03,0,L1,104,28,30,164,104,30,30,162,2,0
data_no_lstm__tp23_L5_p0p35,data_ablation_no_module,no_lstm,tp23_L5_p0p35,5.0,0.35,run1,fold03,1,L2/L4/L5 gate,120,30,32,144,114,30,38,144,0,6
data_no_lstm__tp23_L5_p0p35,data_ablation_no_module,no_lstm,tp23_L5_p0p35,5.0,0.35,run1,fold03,2,L3,30,14,10,272,30,18,10,268,4,0
data_no_lstm__tp23_L5_p0p35,data_ablation_no_module,no_lstm,tp23_L5_p0p35,5.0,0.35,run1,oof_pooled,0,L1,307,99,95,478,307,110,95,467,11,0
data_no_lstm__tp23_L5_p0p35,data_ablation_no_module,no_lstm,tp23_L5_p0p35,5.0,0.35,run1,oof_pooled,1,L2/L4/L5 gate,350,107,106,416,328,107,128,416,0,22
data_no_lstm__tp23_L5_p0p35,data_ablation_no_module,no_lstm,tp23_L5_p0p35,5.0,0.35,run1,oof_pooled,2,L3,85,31,36,827,85,42,36,816,11,0
data_no_lstm__tp23_L5_p0p35,data_ablation_no_module,no_lstm,tp23_L5_p0p35,5.0,0.35,run2,fold01,0,L2,16,2,11,43,16,2,11,43,0,0
data_no_lstm__tp23_L5_p0p35,data_ablation_no_module,no_lstm,tp23_L5_p0p35,5.0,0.35,run2,fold01,1,L4,21,11,10,30,21,12,10,29,1,0
data_no_lstm__tp23_L5_p0p35,data_ablation_no_module,no_lstm,tp23_L5_p0p35,5.0,0.35,run2,fold01,2,L5,9,13,5,45,8,13,6,45,0,1
data_no_lstm__tp23_L5_p0p35,data_ablation_no_module,no_lstm,tp23_L5_p0p35,5.0,0.35,run2,fold02,0,L2,14,11,12,34,14,11,12,34,0,0
data_no_lstm__tp23_L5_p0p35,data_ablation_no_module,no_lstm,tp23_L5_p0p35,5.0,0.35,run2,fold02,1,L4,20,17,11,23,20,18,11,22,1,0
data_no_lstm__tp23_L5_p0p35,data_ablation_no_module,no_lstm,tp23_L5_p0p35,5.0,0.35,run2,fold02,2,L5,6,3,8,54,5,3,9,54,0,1
data_no_lstm__tp23_L5_p0p35,data_ablation_no_module,no_lstm,tp23_L5_p0p35,5.0,0.35,run2,fold03,0,L2,20,10,6,35,20,9,6,36,-1,0
data_no_lstm__tp23_L5_p0p35,data_ablation_no_module,no_lstm,tp23_L5_p0p35,5.0,0.35,run2,fold03,1,L4,22,6,9,34,22,7,9,33,1,0
data_no_lstm__tp23_L5_p0p35,data_ablation_no_module,no_lstm,tp23_L5_p0p35,5.0,0.35,run2,fold03,2,L5,6,7,8,50,6,7,8,50,0,0
data_no_lstm__tp23_L5_p0p35,data_ablation_no_module,no_lstm,tp23_L5_p0p35,5.0,0.35,run2,oof_pooled,0,L2,50,23,29,112,50,22,29,113,-1,0
data_no_lstm__tp23_L5_p0p35,data_ablation_no_module,no_lstm,tp23_L5_p0p35,5.0,0.35,run2,oof_pooled,1,L4,63,34,30,87,63,37,30,84,3,0
data_no_lstm__tp23_L5_p0p35,data_ablation_no_module,no_lstm,tp23_L5_p0p35,5.0,0.35,run2,oof_pooled,2,L5,21,23,21,149,19,23,23,149,0,2
module_masked__no_lstm__tp23_L5_p0p35,module_ablation_masked,no_lstm,tp23_L5_p0p35,5.0,0.35,run1,fold01,0,L1,112,32,22,161,102,38,32,155,6,10
module_masked__no_lstm__tp23_L5_p0p35,module_ablation_masked,no_lstm,tp23_L5_p0p35,5.0,0.35,run1,fold01,1,L2/L4/L5 gate,120,30,32,145,106,40,46,135,10,14
module_masked__no_lstm__tp23_L5_p0p35,module_ablation_masked,no_lstm,tp23_L5_p0p35,5.0,0.35,run1,fold01,2,L3,26,7,15,279,27,14,14,272,7,-1
module_masked__no_lstm__tp23_L5_p0p35,module_ablation_masked,no_lstm,tp23_L5_p0p35,5.0,0.35,run1,fold02,0,L1,105,25,29,167,101,42,33,150,17,4
module_masked__no_lstm__tp23_L5_p0p35,module_ablation_masked,no_lstm,tp23_L5_p0p35,5.0,0.35,run1,fold02,1,L2/L4/L5 gate,123,31,29,143,108,37,44,137,6,15
module_masked__no_lstm__tp23_L5_p0p35,module_ablation_masked,no_lstm,tp23_L5_p0p35,5.0,0.35,run1,fold02,2,L3,34,8,6,278,28,10,12,276,2,6
module_masked__no_lstm__tp23_L5_p0p35,module_ablation_masked,no_lstm,tp23_L5_p0p35,5.0,0.35,run1,fold03,0,L1,111,27,23,165,104,30,30,162,3,7
module_masked__no_lstm__tp23_L5_p0p35,module_ablation_masked,no_lstm,tp23_L5_p0p35,5.0,0.35,run1,fold03,1,L2/L4/L5 gate,128,29,24,145,114,30,38,144,1,14
module_masked__no_lstm__tp23_L5_p0p35,module_ablation_masked,no_lstm,tp23_L5_p0p35,5.0,0.35,run1,fold03,2,L3,28,3,12,283,30,18,10,268,15,-2
module_masked__no_lstm__tp23_L5_p0p35,module_ablation_masked,no_lstm,tp23_L5_p0p35,5.0,0.35,run1,oof_pooled,0,L1,328,84,74,493,307,110,95,467,26,21
module_masked__no_lstm__tp23_L5_p0p35,module_ablation_masked,no_lstm,tp23_L5_p0p35,5.0,0.35,run1,oof_pooled,1,L2/L4/L5 gate,371,90,85,433,328,107,128,416,17,43
module_masked__no_lstm__tp23_L5_p0p35,module_ablation_masked,no_lstm,tp23_L5_p0p35,5.0,0.35,run1,oof_pooled,2,L3,88,18,33,840,85,42,36,816,24,3
module_masked__no_lstm__tp23_L5_p0p35,module_ablation_masked,no_lstm,tp23_L5_p0p35,5.0,0.35,run2,fold01,0,L2,22,11,5,34,16,2,11,43,-9,6
module_masked__no_lstm__tp23_L5_p0p35,module_ablation_masked,no_lstm,tp23_L5_p0p35,5.0,0.35,run2,fold01,1,L4,21,8,10,33,21,12,10,29,4,0
module_masked__no_lstm__tp23_L5_p0p35,module_ablation_masked,no_lstm,tp23_L5_p0p35,5.0,0.35,run2,fold01,2,L5,6,4,8,54,8,13,6,45,9,-2
module_masked__no_lstm__tp23_L5_p0p35,module_ablation_masked,no_lstm,tp23_L5_p0p35,5.0,0.35,run2,fold02,0,L2,21,12,5,33,14,11,12,34,-1,7
module_masked__no_lstm__tp23_L5_p0p35,module_ablation_masked,no_lstm,tp23_L5_p0p35,5.0,0.35,run2,fold02,1,L4,18,11,13,29,20,18,11,22,7,-2
module_masked__no_lstm__tp23_L5_p0p35,module_ablation_masked,no_lstm,tp23_L5_p0p35,5.0,0.35,run2,fold02,2,L5,6,3,8,54,5,3,9,54,0,1
module_masked__no_lstm__tp23_L5_p0p35,module_ablation_masked,no_lstm,tp23_L5_p0p35,5.0,0.35,run2,fold03,0,L2,20,11,6,34,20,9,6,36,-2,0
module_masked__no_lstm__tp23_L5_p0p35,module_ablation_masked,no_lstm,tp23_L5_p0p35,5.0,0.35,run2,fold03,1,L4,23,10,8,30,22,7,9,33,-3,1
module_masked__no_lstm__tp23_L5_p0p35,module_ablation_masked,no_lstm,tp23_L5_p0p35,5.0,0.35,run2,fold03,2,L5,4,3,10,54,6,7,8,50,4,-2
module_masked__no_lstm__tp23_L5_p0p35,module_ablation_masked,no_lstm,tp23_L5_p0p35,5.0,0.35,run2,oof_pooled,0,L2,63,34,16,101,50,22,29,113,-12,13
module_masked__no_lstm__tp23_L5_p0p35,module_ablation_masked,no_lstm,tp23_L5_p0p35,5.0,0.35,run2,oof_pooled,1,L4,62,29,31,92,63,37,30,84,8,-1
module_masked__no_lstm__tp23_L5_p0p35,module_ablation_masked,no_lstm,tp23_L5_p0p35,5.0,0.35,run2,oof_pooled,2,L5,16,10,26,162,19,23,23,149,13,-3
data_no_attention__tp23_L5_p0p35,data_ablation_no_module,no_attention,tp23_L5_p0p35,5.0,0.35,run1,fold01,0,L1,113,29,21,164,113,32,21,161,3,0
data_no_attention__tp23_L5_p0p35,data_ablation_no_module,no_attention,tp23_L5_p0p35,5.0,0.35,run1,fold01,1,L2/L4/L5 gate,125,28,27,147,109,28,43,147,0,16
data_no_attention__tp23_L5_p0p35,data_ablation_no_module,no_attention,tp23_L5_p0p35,5.0,0.35,run1,fold01,2,L3,30,2,11,284,30,15,11,271,13,0
data_no_attention__tp23_L5_p0p35,data_ablation_no_module,no_attention,tp23_L5_p0p35,5.0,0.35,run1,fold02,0,L1,107,21,27,171,107,30,27,162,9,0
data_no_attention__tp23_L5_p0p35,data_ablation_no_module,no_attention,tp23_L5_p0p35,5.0,0.35,run1,fold02,1,L2/L4/L5 gate,131,31,21,143,117,31,35,143,0,14
data_no_attention__tp23_L5_p0p35,data_ablation_no_module,no_attention,tp23_L5_p0p35,5.0,0.35,run1,fold02,2,L3,29,7,11,279,29,12,11,274,5,0
data_no_attention__tp23_L5_p0p35,data_ablation_no_module,no_attention,tp23_L5_p0p35,5.0,0.35,run1,fold03,0,L1,113,20,21,172,113,29,21,163,9,0
data_no_attention__tp23_L5_p0p35,data_ablation_no_module,no_attention,tp23_L5_p0p35,5.0,0.35,run1,fold03,1,L2/L4/L5 gate,129,23,23,151,116,23,36,151,0,13
data_no_attention__tp23_L5_p0p35,data_ablation_no_module,no_attention,tp23_L5_p0p35,5.0,0.35,run1,fold03,2,L3,33,8,7,278,33,12,7,274,4,0
data_no_attention__tp23_L5_p0p35,data_ablation_no_module,no_attention,tp23_L5_p0p35,5.0,0.35,run1,oof_pooled,0,L1,333,70,69,507,333,91,69,486,21,0
data_no_attention__tp23_L5_p0p35,data_ablation_no_module,no_attention,tp23_L5_p0p35,5.0,0.35,run1,oof_pooled,1,L2/L4/L5 gate,385,82,71,441,342,82,114,441,0,43
data_no_attention__tp23_L5_p0p35,data_ablation_no_module,no_attention,tp23_L5_p0p35,5.0,0.35,run1,oof_pooled,2,L3,92,17,29,841,92,39,29,819,22,0
data_no_attention__tp23_L5_p0p35,data_ablation_no_module,no_attention,tp23_L5_p0p35,5.0,0.35,run2,fold01,0,L2,15,6,12,39,15,6,12,39,0,0
data_no_attention__tp23_L5_p0p35,data_ablation_no_module,no_attention,tp23_L5_p0p35,5.0,0.35,run2,fold01,1,L4,21,16,10,25,21,17,10,24,1,0
data_no_attention__tp23_L5_p0p35,data_ablation_no_module,no_attention,tp23_L5_p0p35,5.0,0.35,run2,fold01,2,L5,6,8,8,50,5,8,9,50,0,1
data_no_attention__tp23_L5_p0p35,data_ablation_no_module,no_attention,tp23_L5_p0p35,5.0,0.35,run2,fold02,0,L2,16,8,10,37,16,8,10,37,0,0
data_no_attention__tp23_L5_p0p35,data_ablation_no_module,no_attention,tp23_L5_p0p35,5.0,0.35,run2,fold02,1,L4,16,6,15,34,16,8,15,32,2,0
data_no_attention__tp23_L5_p0p35,data_ablation_no_module,no_attention,tp23_L5_p0p35,5.0,0.35,run2,fold02,2,L5,13,12,1,45,11,12,3,45,0,2
data_no_attention__tp23_L5_p0p35,data_ablation_no_module,no_attention,tp23_L5_p0p35,5.0,0.35,run2,fold03,0,L2,17,10,9,35,17,10,9,35,0,0
data_no_attention__tp23_L5_p0p35,data_ablation_no_module,no_attention,tp23_L5_p0p35,5.0,0.35,run2,fold03,1,L4,19,13,12,27,19,13,12,27,0,0
data_no_attention__tp23_L5_p0p35,data_ablation_no_module,no_attention,tp23_L5_p0p35,5.0,0.35,run2,fold03,2,L5,4,8,10,49,4,8,10,49,0,0
data_no_attention__tp23_L5_p0p35,data_ablation_no_module,no_attention,tp23_L5_p0p35,5.0,0.35,run2,oof_pooled,0,L2,48,24,31,111,48,24,31,111,0,0
data_no_attention__tp23_L5_p0p35,data_ablation_no_module,no_attention,tp23_L5_p0p35,5.0,0.35,run2,oof_pooled,1,L4,56,35,37,86,56,38,37,83,3,0
data_no_attention__tp23_L5_p0p35,data_ablation_no_module,no_attention,tp23_L5_p0p35,5.0,0.35,run2,oof_pooled,2,L5,23,28,19,144,20,28,22,144,0,3
module_masked__no_attention__tp23_L5_p0p35,module_ablation_masked,no_attention,tp23_L5_p0p35,5.0,0.35,run1,fold01,0,L1,112,32,22,161,113,32,21,161,0,-1
module_masked__no_attention__tp23_L5_p0p35,module_ablation_masked,no_attention,tp23_L5_p0p35,5.0,0.35,run1,fold01,1,L2/L4/L5 gate,120,30,32,145,109,28,43,147,-2,11
module_masked__no_attention__tp23_L5_p0p35,module_ablation_masked,no_attention,tp23_L5_p0p35,5.0,0.35,run1,fold01,2,L3,26,7,15,279,30,15,11,271,8,-4
module_masked__no_attention__tp23_L5_p0p35,module_ablation_masked,no_attention,tp23_L5_p0p35,5.0,0.35,run1,fold02,0,L1,105,25,29,167,107,30,27,162,5,-2
module_masked__no_attention__tp23_L5_p0p35,module_ablation_masked,no_attention,tp23_L5_p0p35,5.0,0.35,run1,fold02,1,L2/L4/L5 gate,123,31,29,143,117,31,35,143,0,6
module_masked__no_attention__tp23_L5_p0p35,module_ablation_masked,no_attention,tp23_L5_p0p35,5.0,0.35,run1,fold02,2,L3,34,8,6,278,29,12,11,274,4,5
module_masked__no_attention__tp23_L5_p0p35,module_ablation_masked,no_attention,tp23_L5_p0p35,5.0,0.35,run1,fold03,0,L1,111,27,23,165,113,29,21,163,2,-2
module_masked__no_attention__tp23_L5_p0p35,module_ablation_masked,no_attention,tp23_L5_p0p35,5.0,0.35,run1,fold03,1,L2/L4/L5 gate,128,29,24,145,116,23,36,151,-6,12
module_masked__no_attention__tp23_L5_p0p35,module_ablation_masked,no_attention,tp23_L5_p0p35,5.0,0.35,run1,fold03,2,L3,28,3,12,283,33,12,7,274,9,-5
module_masked__no_attention__tp23_L5_p0p35,module_ablation_masked,no_attention,tp23_L5_p0p35,5.0,0.35,run1,oof_pooled,0,L1,328,84,74,493,333,91,69,486,7,-5
module_masked__no_attention__tp23_L5_p0p35,module_ablation_masked,no_attention,tp23_L5_p0p35,5.0,0.35,run1,oof_pooled,1,L2/L4/L5 gate,371,90,85,433,342,82,114,441,-8,29
module_masked__no_attention__tp23_L5_p0p35,module_ablation_masked,no_attention,tp23_L5_p0p35,5.0,0.35,run1,oof_pooled,2,L3,88,18,33,840,92,39,29,819,21,-4
module_masked__no_attention__tp23_L5_p0p35,module_ablation_masked,no_attention,tp23_L5_p0p35,5.0,0.35,run2,fold01,0,L2,22,11,5,34,15,6,12,39,-5,7
module_masked__no_attention__tp23_L5_p0p35,module_ablation_masked,no_attention,tp23_L5_p0p35,5.0,0.35,run2,fold01,1,L4,21,8,10,33,21,17,10,24,9,0
module_masked__no_attention__tp23_L5_p0p35,module_ablation_masked,no_attention,tp23_L5_p0p35,5.0,0.35,run2,fold01,2,L5,6,4,8,54,5,8,9,50,4,1
module_masked__no_attention__tp23_L5_p0p35,module_ablation_masked,no_attention,tp23_L5_p0p35,5.0,0.35,run2,fold02,0,L2,21,12,5,33,16,8,10,37,-4,5
module_masked__no_attention__tp23_L5_p0p35,module_ablation_masked,no_attention,tp23_L5_p0p35,5.0,0.35,run2,fold02,1,L4,18,11,13,29,16,8,15,32,-3,2
module_masked__no_attention__tp23_L5_p0p35,module_ablation_masked,no_attention,tp23_L5_p0p35,5.0,0.35,run2,fold02,2,L5,6,3,8,54,11,12,3,45,9,-5
module_masked__no_attention__tp23_L5_p0p35,module_ablation_masked,no_attention,tp23_L5_p0p35,5.0,0.35,run2,fold03,0,L2,20,11,6,34,17,10,9,35,-1,3
module_masked__no_attention__tp23_L5_p0p35,module_ablation_masked,no_attention,tp23_L5_p0p35,5.0,0.35,run2,fold03,1,L4,23,10,8,30,19,13,12,27,3,4
module_masked__no_attention__tp23_L5_p0p35,module_ablation_masked,no_attention,tp23_L5_p0p35,5.0,0.35,run2,fold03,2,L5,4,3,10,54,4,8,10,49,5,0
module_masked__no_attention__tp23_L5_p0p35,module_ablation_masked,no_attention,tp23_L5_p0p35,5.0,0.35,run2,oof_pooled,0,L2,63,34,16,101,48,24,31,111,-10,15
module_masked__no_attention__tp23_L5_p0p35,module_ablation_masked,no_attention,tp23_L5_p0p35,5.0,0.35,run2,oof_pooled,1,L4,62,29,31,92,56,38,37,83,9,6
module_masked__no_attention__tp23_L5_p0p35,module_ablation_masked,no_attention,tp23_L5_p0p35,5.0,0.35,run2,oof_pooled,2,L5,16,10,26,162,20,28,22,144,18,-4
data_full__tp24_L5_p0p70,data_ablation_full,,tp24_L5_p0p70,5.0,0.7,run1,fold01,0,L1,112,30,22,163,112,35,22,158,5,0
data_full__tp24_L5_p0p70,data_ablation_full,,tp24_L5_p0p70,5.0,0.7,run1,fold01,1,L2/L4/L5 gate,126,30,26,145,115,30,37,145,0,11
data_full__tp24_L5_p0p70,data_ablation_full,,tp24_L5_p0p70,5.0,0.7,run1,fold01,2,L3,26,3,15,283,26,9,15,277,6,0
data_full__tp24_L5_p0p70,data_ablation_full,,tp24_L5_p0p70,5.0,0.7,run1,fold02,0,L1,105,22,29,170,105,25,29,167,3,0
data_full__tp24_L5_p0p70,data_ablation_full,,tp24_L5_p0p70,5.0,0.7,run1,fold02,1,L2/L4/L5 gate,127,31,25,143,122,31,30,143,0,5
data_full__tp24_L5_p0p70,data_ablation_full,,tp24_L5_p0p70,5.0,0.7,run1,fold02,2,L3,34,7,6,279,34,9,6,277,2,0
data_full__tp24_L5_p0p70,data_ablation_full,,tp24_L5_p0p70,5.0,0.7,run1,fold03,0,L1,111,21,23,171,111,28,23,164,7,0
data_full__tp24_L5_p0p70,data_ablation_full,,tp24_L5_p0p70,5.0,0.7,run1,fold03,1,L2/L4/L5 gate,135,29,17,145,126,29,26,145,0,9
data_full__tp24_L5_p0p70,data_ablation_full,,tp24_L5_p0p70,5.0,0.7,run1,fold03,2,L3,28,2,12,284,28,4,12,282,2,0
data_full__tp24_L5_p0p70,data_ablation_full,,tp24_L5_p0p70,5.0,0.7,run1,oof_pooled,0,L1,328,73,74,504,328,88,74,489,15,0
data_full__tp24_L5_p0p70,data_ablation_full,,tp24_L5_p0p70,5.0,0.7,run1,oof_pooled,1,L2/L4/L5 gate,388,90,68,433,363,90,93,433,0,25
data_full__tp24_L5_p0p70,data_ablation_full,,tp24_L5_p0p70,5.0,0.7,run1,oof_pooled,2,L3,88,12,33,846,88,22,33,836,10,0
data_full__tp24_L5_p0p70,data_ablation_full,,tp24_L5_p0p70,5.0,0.7,run2,fold01,0,L2,22,10,5,35,22,11,5,34,1,0
data_full__tp24_L5_p0p70,data_ablation_full,,tp24_L5_p0p70,5.0,0.7,run2,fold01,1,L4,21,8,10,33,21,8,10,33,0,0
data_full__tp24_L5_p0p70,data_ablation_full,,tp24_L5_p0p70,5.0,0.7,run2,fold01,2,L5,7,4,7,54,6,4,8,54,0,1
data_full__tp24_L5_p0p70,data_ablation_full,,tp24_L5_p0p70,5.0,0.7,run2,fold02,0,L2,21,12,5,33,21,12,5,33,0,0
data_full__tp24_L5_p0p70,data_ablation_full,,tp24_L5_p0p70,5.0,0.7,run2,fold02,1,L4,18,9,13,31,18,11,13,29,2,0
data_full__tp24_L5_p0p70,data_ablation_full,,tp24_L5_p0p70,5.0,0.7,run2,fold02,2,L5,8,3,6,54,6,3,8,54,0,2
data_full__tp24_L5_p0p70,data_ablation_full,,tp24_L5_p0p70,5.0,0.7,run2,fold03,0,L2,20,11,6,34,20,12,6,33,1,0
data_full__tp24_L5_p0p70,data_ablation_full,,tp24_L5_p0p70,5.0,0.7,run2,fold03,1,L4,23,10,8,30,23,9,8,31,-1,0
data_full__tp24_L5_p0p70,data_ablation_full,,tp24_L5_p0p70,5.0,0.7,run2,fold03,2,L5,4,3,10,54,4,3,10,54,0,0
data_full__tp24_L5_p0p70,data_ablation_full,,tp24_L5_p0p70,5.0,0.7,run2,oof_pooled,0,L2,63,33,16,102,63,35,16,100,2,0
data_full__tp24_L5_p0p70,data_ablation_full,,tp24_L5_p0p70,5.0,0.7,run2,oof_pooled,1,L4,62,27,31,94,62,28,31,93,1,0
data_full__tp24_L5_p0p70,data_ablation_full,,tp24_L5_p0p70,5.0,0.7,run2,oof_pooled,2,L5,19,10,23,162,16,10,26,162,0,3
data_no_conv__tp24_L5_p0p70,data_ablation_no_module,no_conv,tp24_L5_p0p70,5.0,0.7,run1,fold01,0,L1,109,34,25,159,109,36,25,157,2,0
data_no_conv__tp24_L5_p0p70,data_ablation_no_module,no_conv,tp24_L5_p0p70,5.0,0.7,run1,fold01,1,L2/L4/L5 gate,120,30,32,145,115,30,37,145,0,5
data_no_conv__tp24_L5_p0p70,data_ablation_no_module,no_conv,tp24_L5_p0p70,5.0,0.7,run1,fold01,2,L3,30,4,11,282,30,7,11,279,3,0
data_no_conv__tp24_L5_p0p70,data_ablation_no_module,no_conv,tp24_L5_p0p70,5.0,0.7,run1,fold02,0,L1,110,26,24,166,110,27,24,165,1,0
data_no_conv__tp24_L5_p0p70,data_ablation_no_module,no_conv,tp24_L5_p0p70,5.0,0.7,run1,fold02,1,L2/L4/L5 gate,121,28,31,146,119,28,33,146,0,2
data_no_conv__tp24_L5_p0p70,data_ablation_no_module,no_conv,tp24_L5_p0p70,5.0,0.7,run1,fold02,2,L3,30,11,10,275,30,12,10,274,1,0
data_no_conv__tp24_L5_p0p70,data_ablation_no_module,no_conv,tp24_L5_p0p70,5.0,0.7,run1,fold03,0,L1,108,28,26,164,108,34,26,158,6,0
data_no_conv__tp24_L5_p0p70,data_ablation_no_module,no_conv,tp24_L5_p0p70,5.0,0.7,run1,fold03,1,L2/L4/L5 gate,110,23,42,151,104,23,48,151,0,6
data_no_conv__tp24_L5_p0p70,data_ablation_no_module,no_conv,tp24_L5_p0p70,5.0,0.7,run1,fold03,2,L3,35,22,5,264,35,22,5,264,0,0
data_no_conv__tp24_L5_p0p70,data_ablation_no_module,no_conv,tp24_L5_p0p70,5.0,0.7,run1,oof_pooled,0,L1,327,88,75,489,327,97,75,480,9,0
data_no_conv__tp24_L5_p0p70,data_ablation_no_module,no_conv,tp24_L5_p0p70,5.0,0.7,run1,oof_pooled,1,L2/L4/L5 gate,351,81,105,442,338,81,118,442,0,13
data_no_conv__tp24_L5_p0p70,data_ablation_no_module,no_conv,tp24_L5_p0p70,5.0,0.7,run1,oof_pooled,2,L3,95,37,26,821,95,41,26,817,4,0
data_no_conv__tp24_L5_p0p70,data_ablation_no_module,no_conv,tp24_L5_p0p70,5.0,0.7,run2,fold01,0,L2,15,12,12,33,15,12,12,33,0,0
data_no_conv__tp24_L5_p0p70,data_ablation_no_module,no_conv,tp24_L5_p0p70,5.0,0.7,run2,fold01,1,L4,16,7,15,34,16,8,15,33,1,0
data_no_conv__tp24_L5_p0p70,data_ablation_no_module,no_conv,tp24_L5_p0p70,5.0,0.7,run2,fold01,2,L5,9,13,5,45,8,13,6,45,0,1
data_no_conv__tp24_L5_p0p70,data_ablation_no_module,no_conv,tp24_L5_p0p70,5.0,0.7,run2,fold02,0,L2,17,12,9,33,17,12,9,33,0,0
data_no_conv__tp24_L5_p0p70,data_ablation_no_module,no_conv,tp24_L5_p0p70,5.0,0.7,run2,fold02,1,L4,12,6,19,34,12,8,19,32,2,0
data_no_conv__tp24_L5_p0p70,data_ablation_no_module,no_conv,tp24_L5_p0p70,5.0,0.7,run2,fold02,2,L5,11,13,3,44,9,13,5,44,0,2
data_no_conv__tp24_L5_p0p70,data_ablation_no_module,no_conv,tp24_L5_p0p70,5.0,0.7,run2,fold03,0,L2,21,21,5,24,21,20,5,25,-1,0
data_no_conv__tp24_L5_p0p70,data_ablation_no_module,no_conv,tp24_L5_p0p70,5.0,0.7,run2,fold03,1,L4,14,6,17,34,14,8,17,32,2,0
data_no_conv__tp24_L5_p0p70,data_ablation_no_module,no_conv,tp24_L5_p0p70,5.0,0.7,run2,fold03,2,L5,4,5,10,52,3,5,11,52,0,1
data_no_conv__tp24_L5_p0p70,data_ablation_no_module,no_conv,tp24_L5_p0p70,5.0,0.7,run2,oof_pooled,0,L2,53,45,26,90,53,44,26,91,-1,0
data_no_conv__tp24_L5_p0p70,data_ablation_no_module,no_conv,tp24_L5_p0p70,5.0,0.7,run2,oof_pooled,1,L4,42,19,51,102,42,24,51,97,5,0
data_no_conv__tp24_L5_p0p70,data_ablation_no_module,no_conv,tp24_L5_p0p70,5.0,0.7,run2,oof_pooled,2,L5,24,31,18,141,20,31,22,141,0,4
module_masked__no_conv__tp24_L5_p0p70,module_ablation_masked,no_conv,tp24_L5_p0p70,5.0,0.7,run1,fold01,0,L1,112,35,22,158,109,36,25,157,1,3
module_masked__no_conv__tp24_L5_p0p70,module_ablation_masked,no_conv,tp24_L5_p0p70,5.0,0.7,run1,fold01,1,L2/L4/L5 gate,115,30,37,145,115,30,37,145,0,0
module_masked__no_conv__tp24_L5_p0p70,module_ablation_masked,no_conv,tp24_L5_p0p70,5.0,0.7,run1,fold01,2,L3,26,9,15,277,30,7,11,279,-2,-4
module_masked__no_conv__tp24_L5_p0p70,module_ablation_masked,no_conv,tp24_L5_p0p70,5.0,0.7,run1,fold02,0,L1,105,25,29,167,110,27,24,165,2,-5
module_masked__no_conv__tp24_L5_p0p70,module_ablation_masked,no_conv,tp24_L5_p0p70,5.0,0.7,run1,fold02,1,L2/L4/L5 gate,122,31,30,143,119,28,33,146,-3,3
module_masked__no_conv__tp24_L5_p0p70,module_ablation_masked,no_conv,tp24_L5_p0p70,5.0,0.7,run1,fold02,2,L3,34,9,6,277,30,12,10,274,3,4
module_masked__no_conv__tp24_L5_p0p70,module_ablation_masked,no_conv,tp24_L5_p0p70,5.0,0.7,run1,fold03,0,L1,111,28,23,164,108,34,26,158,6,3
module_masked__no_conv__tp24_L5_p0p70,module_ablation_masked,no_conv,tp24_L5_p0p70,5.0,0.7,run1,fold03,1,L2/L4/L5 gate,126,29,26,145,104,23,48,151,-6,22
module_masked__no_conv__tp24_L5_p0p70,module_ablation_masked,no_conv,tp24_L5_p0p70,5.0,0.7,run1,fold03,2,L3,28,4,12,282,35,22,5,264,18,-7
module_masked__no_conv__tp24_L5_p0p70,module_ablation_masked,no_conv,tp24_L5_p0p70,5.0,0.7,run1,oof_pooled,0,L1,328,88,74,489,327,97,75,480,9,1
module_masked__no_conv__tp24_L5_p0p70,module_ablation_masked,no_conv,tp24_L5_p0p70,5.0,0.7,run1,oof_pooled,1,L2/L4/L5 gate,363,90,93,433,338,81,118,442,-9,25
module_masked__no_conv__tp24_L5_p0p70,module_ablation_masked,no_conv,tp24_L5_p0p70,5.0,0.7,run1,oof_pooled,2,L3,88,22,33,836,95,41,26,817,19,-7
module_masked__no_conv__tp24_L5_p0p70,module_ablation_masked,no_conv,tp24_L5_p0p70,5.0,0.7,run2,fold01,0,L2,22,11,5,34,15,12,12,33,1,7
module_masked__no_conv__tp24_L5_p0p70,module_ablation_masked,no_conv,tp24_L5_p0p70,5.0,0.7,run2,fold01,1,L4,21,8,10,33,16,8,15,33,0,5
module_masked__no_conv__tp24_L5_p0p70,module_ablation_masked,no_conv,tp24_L5_p0p70,5.0,0.7,run2,fold01,2,L5,6,4,8,54,8,13,6,45,9,-2
module_masked__no_conv__tp24_L5_p0p70,module_ablation_masked,no_conv,tp24_L5_p0p70,5.0,0.7,run2,fold02,0,L2,21,12,5,33,17,12,9,33,0,4
module_masked__no_conv__tp24_L5_p0p70,module_ablation_masked,no_conv,tp24_L5_p0p70,5.0,0.7,run2,fold02,1,L4,18,11,13,29,12,8,19,32,-3,6
module_masked__no_conv__tp24_L5_p0p70,module_ablation_masked,no_conv,tp24_L5_p0p70,5.0,0.7,run2,fold02,2,L5,6,3,8,54,9,13,5,44,10,-3
module_masked__no_conv__tp24_L5_p0p70,module_ablation_masked,no_conv,tp24_L5_p0p70,5.0,0.7,run2,fold03,0,L2,20,12,6,33,21,20,5,25,8,-1
module_masked__no_conv__tp24_L5_p0p70,module_ablation_masked,no_conv,tp24_L5_p0p70,5.0,0.7,run2,fold03,1,L4,23,9,8,31,14,8,17,32,-1,9
module_masked__no_conv__tp24_L5_p0p70,module_ablation_masked,no_conv,tp24_L5_p0p70,5.0,0.7,run2,fold03,2,L5,4,3,10,54,3,5,11,52,2,1
module_masked__no_conv__tp24_L5_p0p70,module_ablation_masked,no_conv,tp24_L5_p0p70,5.0,0.7,run2,oof_pooled,0,L2,63,35,16,100,53,44,26,91,9,10
module_masked__no_conv__tp24_L5_p0p70,module_ablation_masked,no_conv,tp24_L5_p0p70,5.0,0.7,run2,oof_pooled,1,L4,62,28,31,93,42,24,51,97,-4,20
module_masked__no_conv__tp24_L5_p0p70,module_ablation_masked,no_conv,tp24_L5_p0p70,5.0,0.7,run2,oof_pooled,2,L5,16,10,26,162,20,31,22,141,21,-4
data_no_lstm__tp24_L5_p0p70,data_ablation_no_module,no_lstm,tp24_L5_p0p70,5.0,0.7,run1,fold01,0,L1,102,35,32,158,102,41,32,152,6,0
data_no_lstm__tp24_L5_p0p70,data_ablation_no_module,no_lstm,tp24_L5_p0p70,5.0,0.7,run1,fold01,1,L2/L4/L5 gate,117,40,35,135,99,40,53,135,0,18
data_no_lstm__tp24_L5_p0p70,data_ablation_no_module,no_lstm,tp24_L5_p0p70,5.0,0.7,run1,fold01,2,L3,27,6,14,280,27,18,14,268,12,0
data_no_lstm__tp24_L5_p0p70,data_ablation_no_module,no_lstm,tp24_L5_p0p70,5.0,0.7,run1,fold02,0,L1,101,36,33,156,101,38,33,154,2,0
data_no_lstm__tp24_L5_p0p70,data_ablation_no_module,no_lstm,tp24_L5_p0p70,5.0,0.7,run1,fold02,1,L2/L4/L5 gate,113,37,39,137,111,37,41,137,0,2
data_no_lstm__tp24_L5_p0p70,data_ablation_no_module,no_lstm,tp24_L5_p0p70,5.0,0.7,run1,fold02,2,L3,28,11,12,275,28,11,12,275,0,0
data_no_lstm__tp24_L5_p0p70,data_ablation_no_module,no_lstm,tp24_L5_p0p70,5.0,0.7,run1,fold03,0,L1,104,28,30,164,104,30,30,162,2,0
data_no_lstm__tp24_L5_p0p70,data_ablation_no_module,no_lstm,tp24_L5_p0p70,5.0,0.7,run1,fold03,1,L2/L4/L5 gate,120,30,32,144,114,30,38,144,0,6
data_no_lstm__tp24_L5_p0p70,data_ablation_no_module,no_lstm,tp24_L5_p0p70,5.0,0.7,run1,fold03,2,L3,30,14,10,272,30,18,10,268,4,0
data_no_lstm__tp24_L5_p0p70,data_ablation_no_module,no_lstm,tp24_L5_p0p70,5.0,0.7,run1,oof_pooled,0,L1,307,99,95,478,307,109,95,468,10,0
data_no_lstm__tp24_L5_p0p70,data_ablation_no_module,no_lstm,tp24_L5_p0p70,5.0,0.7,run1,oof_pooled,1,L2/L4/L5 gate,350,107,106,416,324,107,132,416,0,26
data_no_lstm__tp24_L5_p0p70,data_ablation_no_module,no_lstm,tp24_L5_p0p70,5.0,0.7,run1,oof_pooled,2,L3,85,31,36,827,85,47,36,811,16,0
data_no_lstm__tp24_L5_p0p70,data_ablation_no_module,no_lstm,tp24_L5_p0p70,5.0,0.7,run2,fold01,0,L2,16,2,11,43,16,2,11,43,0,0
data_no_lstm__tp24_L5_p0p70,data_ablation_no_module,no_lstm,tp24_L5_p0p70,5.0,0.7,run2,fold01,1,L4,21,11,10,30,21,12,10,29,1,0
data_no_lstm__tp24_L5_p0p70,data_ablation_no_module,no_lstm,tp24_L5_p0p70,5.0,0.7,run2,fold01,2,L5,9,13,5,45,8,13,6,45,0,1
data_no_lstm__tp24_L5_p0p70,data_ablation_no_module,no_lstm,tp24_L5_p0p70,5.0,0.7,run2,fold02,0,L2,14,11,12,34,14,11,12,34,0,0
data_no_lstm__tp24_L5_p0p70,data_ablation_no_module,no_lstm,tp24_L5_p0p70,5.0,0.7,run2,fold02,1,L4,20,17,11,23,20,18,11,22,1,0
data_no_lstm__tp24_L5_p0p70,data_ablation_no_module,no_lstm,tp24_L5_p0p70,5.0,0.7,run2,fold02,2,L5,6,3,8,54,5,3,9,54,0,1
data_no_lstm__tp24_L5_p0p70,data_ablation_no_module,no_lstm,tp24_L5_p0p70,5.0,0.7,run2,fold03,0,L2,20,10,6,35,20,9,6,36,-1,0
data_no_lstm__tp24_L5_p0p70,data_ablation_no_module,no_lstm,tp24_L5_p0p70,5.0,0.7,run2,fold03,1,L4,22,6,9,34,22,7,9,33,1,0
data_no_lstm__tp24_L5_p0p70,data_ablation_no_module,no_lstm,tp24_L5_p0p70,5.0,0.7,run2,fold03,2,L5,6,7,8,50,6,7,8,50,0,0
data_no_lstm__tp24_L5_p0p70,data_ablation_no_module,no_lstm,tp24_L5_p0p70,5.0,0.7,run2,oof_pooled,0,L2,50,23,29,112,50,22,29,113,-1,0
data_no_lstm__tp24_L5_p0p70,data_ablation_no_module,no_lstm,tp24_L5_p0p70,5.0,0.7,run2,oof_pooled,1,L4,63,34,30,87,63,37,30,84,3,0
data_no_lstm__tp24_L5_p0p70,data_ablation_no_module,no_lstm,tp24_L5_p0p70,5.0,0.7,run2,oof_pooled,2,L5,21,23,21,149,19,23,23,149,0,2
module_masked__no_lstm__tp24_L5_p0p70,module_ablation_masked,no_lstm,tp24_L5_p0p70,5.0,0.7,run1,fold01,0,L1,112,35,22,158,102,41,32,152,6,10
module_masked__no_lstm__tp24_L5_p0p70,module_ablation_masked,no_lstm,tp24_L5_p0p70,5.0,0.7,run1,fold01,1,L2/L4/L5 gate,115,30,37,145,99,40,53,135,10,16
module_masked__no_lstm__tp24_L5_p0p70,module_ablation_masked,no_lstm,tp24_L5_p0p70,5.0,0.7,run1,fold01,2,L3,26,9,15,277,27,18,14,268,9,-1
module_masked__no_lstm__tp24_L5_p0p70,module_ablation_masked,no_lstm,tp24_L5_p0p70,5.0,0.7,run1,fold02,0,L1,105,25,29,167,101,38,33,154,13,4
module_masked__no_lstm__tp24_L5_p0p70,module_ablation_masked,no_lstm,tp24_L5_p0p70,5.0,0.7,run1,fold02,1,L2/L4/L5 gate,122,31,30,143,111,37,41,137,6,11
module_masked__no_lstm__tp24_L5_p0p70,module_ablation_masked,no_lstm,tp24_L5_p0p70,5.0,0.7,run1,fold02,2,L3,34,9,6,277,28,11,12,275,2,6
module_masked__no_lstm__tp24_L5_p0p70,module_ablation_masked,no_lstm,tp24_L5_p0p70,5.0,0.7,run1,fold03,0,L1,111,28,23,164,104,30,30,162,2,7
module_masked__no_lstm__tp24_L5_p0p70,module_ablation_masked,no_lstm,tp24_L5_p0p70,5.0,0.7,run1,fold03,1,L2/L4/L5 gate,126,29,26,145,114,30,38,144,1,12
module_masked__no_lstm__tp24_L5_p0p70,module_ablation_masked,no_lstm,tp24_L5_p0p70,5.0,0.7,run1,fold03,2,L3,28,4,12,282,30,18,10,268,14,-2
module_masked__no_lstm__tp24_L5_p0p70,module_ablation_masked,no_lstm,tp24_L5_p0p70,5.0,0.7,run1,oof_pooled,0,L1,328,88,74,489,307,109,95,468,21,21
module_masked__no_lstm__tp24_L5_p0p70,module_ablation_masked,no_lstm,tp24_L5_p0p70,5.0,0.7,run1,oof_pooled,1,L2/L4/L5 gate,363,90,93,433,324,107,132,416,17,39
module_masked__no_lstm__tp24_L5_p0p70,module_ablation_masked,no_lstm,tp24_L5_p0p70,5.0,0.7,run1,oof_pooled,2,L3,88,22,33,836,85,47,36,811,25,3
module_masked__no_lstm__tp24_L5_p0p70,module_ablation_masked,no_lstm,tp24_L5_p0p70,5.0,0.7,run2,fold01,0,L2,22,11,5,34,16,2,11,43,-9,6
module_masked__no_lstm__tp24_L5_p0p70,module_ablation_masked,no_lstm,tp24_L5_p0p70,5.0,0.7,run2,fold01,1,L4,21,8,10,33,21,12,10,29,4,0
module_masked__no_lstm__tp24_L5_p0p70,module_ablation_masked,no_lstm,tp24_L5_p0p70,5.0,0.7,run2,fold01,2,L5,6,4,8,54,8,13,6,45,9,-2
module_masked__no_lstm__tp24_L5_p0p70,module_ablation_masked,no_lstm,tp24_L5_p0p70,5.0,0.7,run2,fold02,0,L2,21,12,5,33,14,11,12,34,-1,7
module_masked__no_lstm__tp24_L5_p0p70,module_ablation_masked,no_lstm,tp24_L5_p0p70,5.0,0.7,run2,fold02,1,L4,18,11,13,29,20,18,11,22,7,-2
module_masked__no_lstm__tp24_L5_p0p70,module_ablation_masked,no_lstm,tp24_L5_p0p70,5.0,0.7,run2,fold02,2,L5,6,3,8,54,5,3,9,54,0,1
module_masked__no_lstm__tp24_L5_p0p70,module_ablation_masked,no_lstm,tp24_L5_p0p70,5.0,0.7,run2,fold03,0,L2,20,12,6,33,20,9,6,36,-3,0
module_masked__no_lstm__tp24_L5_p0p70,module_ablation_masked,no_lstm,tp24_L5_p0p70,5.0,0.7,run2,fold03,1,L4,23,9,8,31,22,7,9,33,-2,1
module_masked__no_lstm__tp24_L5_p0p70,module_ablation_masked,no_lstm,tp24_L5_p0p70,5.0,0.7,run2,fold03,2,L5,4,3,10,54,6,7,8,50,4,-2
module_masked__no_lstm__tp24_L5_p0p70,module_ablation_masked,no_lstm,tp24_L5_p0p70,5.0,0.7,run2,oof_pooled,0,L2,63,35,16,100,50,22,29,113,-13,13
module_masked__no_lstm__tp24_L5_p0p70,module_ablation_masked,no_lstm,tp24_L5_p0p70,5.0,0.7,run2,oof_pooled,1,L4,62,28,31,93,63,37,30,84,9,-1
module_masked__no_lstm__tp24_L5_p0p70,module_ablation_masked,no_lstm,tp24_L5_p0p70,5.0,0.7,run2,oof_pooled,2,L5,16,10,26,162,19,23,23,149,13,-3
data_no_attention__tp24_L5_p0p70,data_ablation_no_module,no_attention,tp24_L5_p0p70,5.0,0.7,run1,fold01,0,L1,113,29,21,164,113,32,21,161,3,0
data_no_attention__tp24_L5_p0p70,data_ablation_no_module,no_attention,tp24_L5_p0p70,5.0,0.7,run1,fold01,1,L2/L4/L5 gate,125,28,27,147,108,28,44,147,0,17
data_no_attention__tp24_L5_p0p70,data_ablation_no_module,no_attention,tp24_L5_p0p70,5.0,0.7,run1,fold01,2,L3,30,2,11,284,30,16,11,270,14,0
data_no_attention__tp24_L5_p0p70,data_ablation_no_module,no_attention,tp24_L5_p0p70,5.0,0.7,run1,fold02,0,L1,107,21,27,171,107,32,27,160,11,0
data_no_attention__tp24_L5_p0p70,data_ablation_no_module,no_attention,tp24_L5_p0p70,5.0,0.7,run1,fold02,1,L2/L4/L5 gate,131,31,21,143,118,31,34,143,0,13
data_no_attention__tp24_L5_p0p70,data_ablation_no_module,no_attention,tp24_L5_p0p70,5.0,0.7,run1,fold02,2,L3,29,7,11,279,29,9,11,277,2,0
data_no_attention__tp24_L5_p0p70,data_ablation_no_module,no_attention,tp24_L5_p0p70,5.0,0.7,run1,fold03,0,L1,113,20,21,172,113,30,21,162,10,0
data_no_attention__tp24_L5_p0p70,data_ablation_no_module,no_attention,tp24_L5_p0p70,5.0,0.7,run1,fold03,1,L2/L4/L5 gate,129,23,23,151,117,23,35,151,0,12
data_no_attention__tp24_L5_p0p70,data_ablation_no_module,no_attention,tp24_L5_p0p70,5.0,0.7,run1,fold03,2,L3,33,8,7,278,33,10,7,276,2,0
data_no_attention__tp24_L5_p0p70,data_ablation_no_module,no_attention,tp24_L5_p0p70,5.0,0.7,run1,oof_pooled,0,L1,333,70,69,507,333,94,69,483,24,0
data_no_attention__tp24_L5_p0p70,data_ablation_no_module,no_attention,tp24_L5_p0p70,5.0,0.7,run1,oof_pooled,1,L2/L4/L5 gate,385,82,71,441,343,82,113,441,0,42
data_no_attention__tp24_L5_p0p70,data_ablation_no_module,no_attention,tp24_L5_p0p70,5.0,0.7,run1,oof_pooled,2,L3,92,17,29,841,92,35,29,823,18,0
data_no_attention__tp24_L5_p0p70,data_ablation_no_module,no_attention,tp24_L5_p0p70,5.0,0.7,run2,fold01,0,L2,15,6,12,39,15,6,12,39,0,0
data_no_attention__tp24_L5_p0p70,data_ablation_no_module,no_attention,tp24_L5_p0p70,5.0,0.7,run2,fold01,1,L4,21,16,10,25,21,17,10,24,1,0
data_no_attention__tp24_L5_p0p70,data_ablation_no_module,no_attention,tp24_L5_p0p70,5.0,0.7,run2,fold01,2,L5,6,8,8,50,5,8,9,50,0,1
data_no_attention__tp24_L5_p0p70,data_ablation_no_module,no_attention,tp24_L5_p0p70,5.0,0.7,run2,fold02,0,L2,16,8,10,37,16,8,10,37,0,0
data_no_attention__tp24_L5_p0p70,data_ablation_no_module,no_attention,tp24_L5_p0p70,5.0,0.7,run2,fold02,1,L4,16,6,15,34,16,8,15,32,2,0
data_no_attention__tp24_L5_p0p70,data_ablation_no_module,no_attention,tp24_L5_p0p70,5.0,0.7,run2,fold02,2,L5,13,12,1,45,11,12,3,45,0,2
data_no_attention__tp24_L5_p0p70,data_ablation_no_module,no_attention,tp24_L5_p0p70,5.0,0.7,run2,fold03,0,L2,17,10,9,35,17,11,9,34,1,0
data_no_attention__tp24_L5_p0p70,data_ablation_no_module,no_attention,tp24_L5_p0p70,5.0,0.7,run2,fold03,1,L4,19,13,12,27,19,12,12,28,-1,0
data_no_attention__tp24_L5_p0p70,data_ablation_no_module,no_attention,tp24_L5_p0p70,5.0,0.7,run2,fold03,2,L5,4,8,10,49,4,8,10,49,0,0
data_no_attention__tp24_L5_p0p70,data_ablation_no_module,no_attention,tp24_L5_p0p70,5.0,0.7,run2,oof_pooled,0,L2,48,24,31,111,48,25,31,110,1,0
data_no_attention__tp24_L5_p0p70,data_ablation_no_module,no_attention,tp24_L5_p0p70,5.0,0.7,run2,oof_pooled,1,L4,56,35,37,86,56,37,37,84,2,0
data_no_attention__tp24_L5_p0p70,data_ablation_no_module,no_attention,tp24_L5_p0p70,5.0,0.7,run2,oof_pooled,2,L5,23,28,19,144,20,28,22,144,0,3
module_masked__no_attention__tp24_L5_p0p70,module_ablation_masked,no_attention,tp24_L5_p0p70,5.0,0.7,run1,fold01,0,L1,112,35,22,158,113,32,21,161,-3,-1
module_masked__no_attention__tp24_L5_p0p70,module_ablation_masked,no_attention,tp24_L5_p0p70,5.0,0.7,run1,fold01,1,L2/L4/L5 gate,115,30,37,145,108,28,44,147,-2,7
module_masked__no_attention__tp24_L5_p0p70,module_ablation_masked,no_attention,tp24_L5_p0p70,5.0,0.7,run1,fold01,2,L3,26,9,15,277,30,16,11,270,7,-4
module_masked__no_attention__tp24_L5_p0p70,module_ablation_masked,no_attention,tp24_L5_p0p70,5.0,0.7,run1,fold02,0,L1,105,25,29,167,107,32,27,160,7,-2
module_masked__no_attention__tp24_L5_p0p70,module_ablation_masked,no_attention,tp24_L5_p0p70,5.0,0.7,run1,fold02,1,L2/L4/L5 gate,122,31,30,143,118,31,34,143,0,4
module_masked__no_attention__tp24_L5_p0p70,module_ablation_masked,no_attention,tp24_L5_p0p70,5.0,0.7,run1,fold02,2,L3,34,9,6,277,29,9,11,277,0,5
module_masked__no_attention__tp24_L5_p0p70,module_ablation_masked,no_attention,tp24_L5_p0p70,5.0,0.7,run1,fold03,0,L1,111,28,23,164,113,30,21,162,2,-2
module_masked__no_attention__tp24_L5_p0p70,module_ablation_masked,no_attention,tp24_L5_p0p70,5.0,0.7,run1,fold03,1,L2/L4/L5 gate,126,29,26,145,117,23,35,151,-6,9
module_masked__no_attention__tp24_L5_p0p70,module_ablation_masked,no_attention,tp24_L5_p0p70,5.0,0.7,run1,fold03,2,L3,28,4,12,282,33,10,7,276,6,-5
module_masked__no_attention__tp24_L5_p0p70,module_ablation_masked,no_attention,tp24_L5_p0p70,5.0,0.7,run1,oof_pooled,0,L1,328,88,74,489,333,94,69,483,6,-5
module_masked__no_attention__tp24_L5_p0p70,module_ablation_masked,no_attention,tp24_L5_p0p70,5.0,0.7,run1,oof_pooled,1,L2/L4/L5 gate,363,90,93,433,343,82,113,441,-8,20
module_masked__no_attention__tp24_L5_p0p70,module_ablation_masked,no_attention,tp24_L5_p0p70,5.0,0.7,run1,oof_pooled,2,L3,88,22,33,836,92,35,29,823,13,-4
module_masked__no_attention__tp24_L5_p0p70,module_ablation_masked,no_attention,tp24_L5_p0p70,5.0,0.7,run2,fold01,0,L2,22,11,5,34,15,6,12,39,-5,7
module_masked__no_attention__tp24_L5_p0p70,module_ablation_masked,no_attention,tp24_L5_p0p70,5.0,0.7,run2,fold01,1,L4,21,8,10,33,21,17,10,24,9,0
module_masked__no_attention__tp24_L5_p0p70,module_ablation_masked,no_attention,tp24_L5_p0p70,5.0,0.7,run2,fold01,2,L5,6,4,8,54,5,8,9,50,4,1
module_masked__no_attention__tp24_L5_p0p70,module_ablation_masked,no_attention,tp24_L5_p0p70,5.0,0.7,run2,fold02,0,L2,21,12,5,33,16,8,10,37,-4,5
module_masked__no_attention__tp24_L5_p0p70,module_ablation_masked,no_attention,tp24_L5_p0p70,5.0,0.7,run2,fold02,1,L4,18,11,13,29,16,8,15,32,-3,2
module_masked__no_attention__tp24_L5_p0p70,module_ablation_masked,no_attention,tp24_L5_p0p70,5.0,0.7,run2,fold02,2,L5,6,3,8,54,11,12,3,45,9,-5
module_masked__no_attention__tp24_L5_p0p70,module_ablation_masked,no_attention,tp24_L5_p0p70,5.0,0.7,run2,fold03,0,L2,20,12,6,33,17,11,9,34,-1,3
module_masked__no_attention__tp24_L5_p0p70,module_ablation_masked,no_attention,tp24_L5_p0p70,5.0,0.7,run2,fold03,1,L4,23,9,8,31,19,12,12,28,3,4
module_masked__no_attention__tp24_L5_p0p70,module_ablation_masked,no_attention,tp24_L5_p0p70,5.0,0.7,run2,fold03,2,L5,4,3,10,54,4,8,10,49,5,0
module_masked__no_attention__tp24_L5_p0p70,module_ablation_masked,no_attention,tp24_L5_p0p70,5.0,0.7,run2,oof_pooled,0,L2,63,35,16,100,48,25,31,110,-10,15
module_masked__no_attention__tp24_L5_p0p70,module_ablation_masked,no_attention,tp24_L5_p0p70,5.0,0.7,run2,oof_pooled,1,L4,62,28,31,93,56,37,37,84,9,6
module_masked__no_attention__tp24_L5_p0p70,module_ablation_masked,no_attention,tp24_L5_p0p70,5.0,0.7,run2,oof_pooled,2,L5,16,10,26,162,20,28,22,144,18,-4
module_clean__no_conv,module_ablation_clean,no_conv,,,,run1,fold01,0,L1,112,30,22,163,109,34,25,159,4,3
module_clean__no_conv,module_ablation_clean,no_conv,,,,run1,fold01,1,L2/L4/L5 gate,126,30,26,145,120,30,32,145,0,6
module_clean__no_conv,module_ablation_clean,no_conv,,,,run1,fold01,2,L3,26,3,15,283,30,4,11,282,1,-4
module_clean__no_conv,module_ablation_clean,no_conv,,,,run1,fold02,0,L1,105,22,29,170,110,26,24,166,4,-5
module_clean__no_conv,module_ablation_clean,no_conv,,,,run1,fold02,1,L2/L4/L5 gate,127,31,25,143,121,28,31,146,-3,6
module_clean__no_conv,module_ablation_clean,no_conv,,,,run1,fold02,2,L3,34,7,6,279,30,11,10,275,4,4
module_clean__no_conv,module_ablation_clean,no_conv,,,,run1,fold03,0,L1,111,21,23,171,108,28,26,164,7,3
module_clean__no_conv,module_ablation_clean,no_conv,,,,run1,fold03,1,L2/L4/L5 gate,135,29,17,145,110,23,42,151,-6,25
module_clean__no_conv,module_ablation_clean,no_conv,,,,run1,fold03,2,L3,28,2,12,284,35,22,5,264,20,-7
module_clean__no_conv,module_ablation_clean,no_conv,,,,run1,oof_pooled,0,L1,328,73,74,504,327,88,75,489,15,1
module_clean__no_conv,module_ablation_clean,no_conv,,,,run1,oof_pooled,1,L2/L4/L5 gate,388,90,68,433,351,81,105,442,-9,37
module_clean__no_conv,module_ablation_clean,no_conv,,,,run1,oof_pooled,2,L3,88,12,33,846,95,37,26,821,25,-7
module_clean__no_conv,module_ablation_clean,no_conv,,,,run2,fold01,0,L2,22,10,5,35,15,12,12,33,2,7
module_clean__no_conv,module_ablation_clean,no_conv,,,,run2,fold01,1,L4,21,8,10,33,16,7,15,34,-1,5
module_clean__no_conv,module_ablation_clean,no_conv,,,,run2,fold01,2,L5,7,4,7,54,9,13,5,45,9,-2
module_clean__no_conv,module_ablation_clean,no_conv,,,,run2,fold02,0,L2,21,12,5,33,17,12,9,33,0,4
module_clean__no_conv,module_ablation_clean,no_conv,,,,run2,fold02,1,L4,18,9,13,31,12,6,19,34,-3,6
module_clean__no_conv,module_ablation_clean,no_conv,,,,run2,fold02,2,L5,8,3,6,54,11,13,3,44,10,-3
module_clean__no_conv,module_ablation_clean,no_conv,,,,run2,fold03,0,L2,20,11,6,34,21,21,5,24,10,-1
module_clean__no_conv,module_ablation_clean,no_conv,,,,run2,fold03,1,L4,23,10,8,30,14,6,17,34,-4,9
module_clean__no_conv,module_ablation_clean,no_conv,,,,run2,fold03,2,L5,4,3,10,54,4,5,10,52,2,0
module_clean__no_conv,module_ablation_clean,no_conv,,,,run2,oof_pooled,0,L2,63,33,16,102,53,45,26,90,12,10
module_clean__no_conv,module_ablation_clean,no_conv,,,,run2,oof_pooled,1,L4,62,27,31,94,42,19,51,102,-8,20
module_clean__no_conv,module_ablation_clean,no_conv,,,,run2,oof_pooled,2,L5,19,10,23,162,24,31,18,141,21,-5
module_clean__no_lstm,module_ablation_clean,no_lstm,,,,run1,fold01,0,L1,112,30,22,163,102,35,32,158,5,10
module_clean__no_lstm,module_ablation_clean,no_lstm,,,,run1,fold01,1,L2/L4/L5 gate,126,30,26,145,117,40,35,135,10,9
module_clean__no_lstm,module_ablation_clean,no_lstm,,,,run1,fold01,2,L3,26,3,15,283,27,6,14,280,3,-1
module_clean__no_lstm,module_ablation_clean,no_lstm,,,,run1,fold02,0,L1,105,22,29,170,101,36,33,156,14,4
module_clean__no_lstm,module_ablation_clean,no_lstm,,,,run1,fold02,1,L2/L4/L5 gate,127,31,25,143,113,37,39,137,6,14
module_clean__no_lstm,module_ablation_clean,no_lstm,,,,run1,fold02,2,L3,34,7,6,279,28,11,12,275,4,6
module_clean__no_lstm,module_ablation_clean,no_lstm,,,,run1,fold03,0,L1,111,21,23,171,104,28,30,164,7,7
module_clean__no_lstm,module_ablation_clean,no_lstm,,,,run1,fold03,1,L2/L4/L5 gate,135,29,17,145,120,30,32,144,1,15
module_clean__no_lstm,module_ablation_clean,no_lstm,,,,run1,fold03,2,L3,28,2,12,284,30,14,10,272,12,-2
module_clean__no_lstm,module_ablation_clean,no_lstm,,,,run1,oof_pooled,0,L1,328,73,74,504,307,99,95,478,26,21
module_clean__no_lstm,module_ablation_clean,no_lstm,,,,run1,oof_pooled,1,L2/L4/L5 gate,388,90,68,433,350,107,106,416,17,38
module_clean__no_lstm,module_ablation_clean,no_lstm,,,,run1,oof_pooled,2,L3,88,12,33,846,85,31,36,827,19,3
module_clean__no_lstm,module_ablation_clean,no_lstm,,,,run2,fold01,0,L2,22,10,5,35,16,2,11,43,-8,6
module_clean__no_lstm,module_ablation_clean,no_lstm,,,,run2,fold01,1,L4,21,8,10,33,21,11,10,30,3,0
module_clean__no_lstm,module_ablation_clean,no_lstm,,,,run2,fold01,2,L5,7,4,7,54,9,13,5,45,9,-2
module_clean__no_lstm,module_ablation_clean,no_lstm,,,,run2,fold02,0,L2,21,12,5,33,14,11,12,34,-1,7
module_clean__no_lstm,module_ablation_clean,no_lstm,,,,run2,fold02,1,L4,18,9,13,31,20,17,11,23,8,-2
module_clean__no_lstm,module_ablation_clean,no_lstm,,,,run2,fold02,2,L5,8,3,6,54,6,3,8,54,0,2
module_clean__no_lstm,module_ablation_clean,no_lstm,,,,run2,fold03,0,L2,20,11,6,34,20,10,6,35,-1,0
module_clean__no_lstm,module_ablation_clean,no_lstm,,,,run2,fold03,1,L4,23,10,8,30,22,6,9,34,-4,1
module_clean__no_lstm,module_ablation_clean,no_lstm,,,,run2,fold03,2,L5,4,3,10,54,6,7,8,50,4,-2
module_clean__no_lstm,module_ablation_clean,no_lstm,,,,run2,oof_pooled,0,L2,63,33,16,102,50,23,29,112,-10,13
module_clean__no_lstm,module_ablation_clean,no_lstm,,,,run2,oof_pooled,1,L4,62,27,31,94,63,34,30,87,7,-1
module_clean__no_lstm,module_ablation_clean,no_lstm,,,,run2,oof_pooled,2,L5,19,10,23,162,21,23,21,149,13,-2
module_clean__no_attention,module_ablation_clean,no_attention,,,,run1,fold01,0,L1,112,30,22,163,113,29,21,164,-1,-1
module_clean__no_attention,module_ablation_clean,no_attention,,,,run1,fold01,1,L2/L4/L5 gate,126,30,26,145,125,28,27,147,-2,1
module_clean__no_attention,module_ablation_clean,no_attention,,,,run1,fold01,2,L3,26,3,15,283,30,2,11,284,-1,-4
module_clean__no_attention,module_ablation_clean,no_attention,,,,run1,fold02,0,L1,105,22,29,170,107,21,27,171,-1,-2
module_clean__no_attention,module_ablation_clean,no_attention,,,,run1,fold02,1,L2/L4/L5 gate,127,31,25,143,131,31,21,143,0,-4
module_clean__no_attention,module_ablation_clean,no_attention,,,,run1,fold02,2,L3,34,7,6,279,29,7,11,279,0,5
module_clean__no_attention,module_ablation_clean,no_attention,,,,run1,fold03,0,L1,111,21,23,171,113,20,21,172,-1,-2
module_clean__no_attention,module_ablation_clean,no_attention,,,,run1,fold03,1,L2/L4/L5 gate,135,29,17,145,129,23,23,151,-6,6
module_clean__no_attention,module_ablation_clean,no_attention,,,,run1,fold03,2,L3,28,2,12,284,33,8,7,278,6,-5
module_clean__no_attention,module_ablation_clean,no_attention,,,,run1,oof_pooled,0,L1,328,73,74,504,333,70,69,507,-3,-5
module_clean__no_attention,module_ablation_clean,no_attention,,,,run1,oof_pooled,1,L2/L4/L5 gate,388,90,68,433,385,82,71,441,-8,3
module_clean__no_attention,module_ablation_clean,no_attention,,,,run1,oof_pooled,2,L3,88,12,33,846,92,17,29,841,5,-4
module_clean__no_attention,module_ablation_clean,no_attention,,,,run2,fold01,0,L2,22,10,5,35,15,6,12,39,-4,7
module_clean__no_attention,module_ablation_clean,no_attention,,,,run2,fold01,1,L4,21,8,10,33,21,16,10,25,8,0
module_clean__no_attention,module_ablation_clean,no_attention,,,,run2,fold01,2,L5,7,4,7,54,6,8,8,50,4,1
module_clean__no_attention,module_ablation_clean,no_attention,,,,run2,fold02,0,L2,21,12,5,33,16,8,10,37,-4,5
module_clean__no_attention,module_ablation_clean,no_attention,,,,run2,fold02,1,L4,18,9,13,31,16,6,15,34,-3,2
module_clean__no_attention,module_ablation_clean,no_attention,,,,run2,fold02,2,L5,8,3,6,54,13,12,1,45,9,-5
module_clean__no_attention,module_ablation_clean,no_attention,,,,run2,fold03,0,L2,20,11,6,34,17,10,9,35,-1,3
module_clean__no_attention,module_ablation_clean,no_attention,,,,run2,fold03,1,L4,23,10,8,30,19,13,12,27,3,4
module_clean__no_attention,module_ablation_clean,no_attention,,,,run2,fold03,2,L5,4,3,10,54,4,8,10,49,5,0
module_clean__no_attention,module_ablation_clean,no_attention,,,,run2,oof_pooled,0,L2,63,33,16,102,48,24,31,111,-9,15
module_clean__no_attention,module_ablation_clean,no_attention,,,,run2,oof_pooled,1,L4,62,27,31,94,56,35,37,86,8,6
module_clean__no_attention,module_ablation_clean,no_attention,,,,run2,oof_pooled,2,L5,19,10,23,162,23,28,19,144,18,-4
