comparison_id,comparison_family,module,condition_id,target_label,time_s,stage,scope,n_samples,baseline_accuracy_pct,ablated_accuracy_pct,delta_accuracy_pct,delta_accuracy_pct_sign,baseline_macro_recall_pct,ablated_macro_recall_pct,delta_macro_recall_pct,delta_macro_recall_pct_sign,baseline_macro_f1_pct,ablated_macro_f1_pct,delta_macro_f1_pct,delta_macro_f1_pct_sign,baseline_mcc,ablated_mcc,delta_mcc,delta_mcc_sign,baseline_recall_class_0_pct,ablated_recall_class_0_pct,delta_recall_class_0_pct,baseline_recall_class_1_pct,ablated_recall_class_1_pct,delta_recall_class_1_pct,baseline_recall_class_2_pct,ablated_recall_class_2_pct,delta_recall_class_2_pct,confusion_baseline_json,confusion_ablated_json,confusion_delta_json,mean_true_probability_delta,mean_logit_margin_delta,CC,CW,WC,WW,affected_windows,replaced_bins
data_full__tp01_L1_m0p69,data_ablation_full,,tp01_L1_m0p69,1.0,-0.69,run1,fold01,327,80.73394495412845,80.42813455657493,-0.3058103975535147,-,76.63048684689517,76.41118860128114,-0.2192982456140271,-,79.0877721312504,78.61069388842456,-0.47707824282584,-,0.6743426700043699,0.6695388785382586,-0.004803791466111318,-,83.5820895522388,83.5820895522388,0.0,82.89473684210526,82.23684210526315,-0.6578947368421098,63.41463414634146,63.41463414634146,0.0,"[[112, 20, 2], [25, 126, 1], [5, 10, 26]]","[[112, 20, 2], [25, 125, 2], [5, 10, 26]]","[[0, 0, 0], [0, -1, 1], [0, 0, 0]]",-0.0031945374462658657,-0.0641043479654038,263,1,0,63,7,974
data_full__tp01_L1_m0p69,data_ablation_full,,tp01_L1_m0p69,1.0,-0.69,run1,fold02,326,81.59509202453987,81.59509202453987,0.0,0,82.30361351139041,82.30361351139041,0.0,0,82.11529042328695,82.11529042328695,0.0,0,0.6929312561648969,0.6929312561648969,0.0,0,78.35820895522389,78.35820895522389,0.0,83.55263157894737,83.55263157894737,0.0,85.0,85.0,0.0,"[[105, 27, 2], [20, 127, 5], [2, 4, 34]]","[[105, 27, 2], [20, 127, 5], [2, 4, 34]]","[[0, 0, 0], [0, 0, 0], [0, 0, 0]]",-2.6285282673280274e-05,-0.020581243228327273,266,0,0,60,2,270
data_full__tp01_L1_m0p69,data_ablation_full,,tp01_L1_m0p69,1.0,-0.69,run1,fold03,326,84.04907975460122,83.43558282208589,-0.6134969325153321,-,80.55053678973553,80.11194029850745,-0.43859649122808264,-,82.96722819707497,82.51639889723359,-0.45082929984138786,-,0.7301975910800922,0.7196067633159757,-0.010590827764116462,-,82.83582089552239,82.83582089552239,0.0,88.81578947368422,87.5,-1.3157894736842195,70.0,70.0,0.0,"[[111, 21, 2], [17, 135, 0], [4, 8, 28]]","[[111, 21, 2], [19, 133, 0], [4, 8, 28]]","[[0, 0, 0], [2, -2, 0], [0, 0, 0]]",-0.005077904091892262,-0.04489838254232348,272,2,0,52,4,556
data_full__tp01_L1_m0p69,data_ablation_full,,tp01_L1_m0p69,1.0,-0.69,run1,oof_pooled,979,82.12461695607763,81.81818181818183,-0.3064351378958037,-,79.80234394217112,79.58304569655708,-0.21929824561404132,-,81.47172321467072,81.15890980879539,-0.3128134058753318,-,0.6985628449866854,0.6935107563983487,-0.005052088588336723,-,81.59203980099502,81.59203980099502,0.0,85.08771929824562,84.4298245614035,-0.6578947368421098,72.72727272727273,72.72727272727273,0.0,"[[328, 68, 6], [62, 388, 6], [11, 22, 88]]","[[328, 68, 6], [64, 385, 7], [11, 22, 88]]","[[0, 0, 0], [2, -3, 1], [0, 0, 0]]",-0.002766679755911445,-0.04321601612453441,801,3,0,175,13,1800
data_full__tp01_L1_m0p69,data_ablation_full,,tp01_L1_m0p69,1.0,-0.69,run2,fold01,72,69.44444444444444,63.888888888888886,-5.555555555555557,-,66.40780565511749,61.94743130227002,-4.460374352847467,-,66.85875706214689,62.73424716742305,-4.124509894723843,-,0.5182264323917611,0.4304241553929715,-0.08780227699878962,-,81.48148148148148,77.77777777777779,-3.7037037037036953,67.74193548387096,58.06451612903226,-9.677419354838698,50.0,50.0,0.0,"[[22, 3, 2], [8, 21, 2], [2, 5, 7]]","[[21, 5, 1], [11, 18, 2], [2, 5, 7]]","[[-1, 2, -1], [3, -3, 0], [0, 0, 0]]",-0.020418316564175143,-0.2446545015813576,46,4,0,22,10,1765
data_full__tp01_L1_m0p69,data_ablation_full,,tp01_L1_m0p69,1.0,-0.69,run2,fold02,71,66.19718309859155,64.7887323943662,-1.408450704225345,-,65.3255346803734,62.944582299421015,-2.3809523809523796,-,65.75180206506916,63.51224105461394,-2.239561010455219,-,0.47169889043248636,0.44625508538458314,-0.025443805047903223,-,80.76923076923077,80.76923076923077,0.0,58.06451612903226,58.06451612903226,0.0,57.14285714285714,50.0,-7.142857142857139,"[[21, 5, 0], [10, 18, 3], [2, 4, 8]]","[[21, 5, 0], [10, 18, 3], [2, 5, 7]]","[[0, 0, 0], [0, 0, 0], [0, 1, -1]]",-0.005487252681903131,-0.10273607211633468,46,1,0,24,5,905
data_full__tp01_L1_m0p69,data_ablation_full,,tp01_L1_m0p69,1.0,-0.69,run2,fold03,71,66.19718309859155,64.7887323943662,-1.408450704225345,-,59.89601796053409,60.12643270707787,0.23041474654377936,+,60.04855889724311,60.72066605993191,0.6721071626887962,+,0.45896608905667236,0.43929893540671433,-0.019667153649958025,-,76.92307692307693,76.92307692307693,0.0,74.19354838709677,67.74193548387096,-6.451612903225808,28.57142857142857,35.714285714285715,7.142857142857146,"[[20, 5, 1], [6, 23, 2], [5, 5, 4]]","[[20, 5, 1], [8, 21, 2], [4, 5, 5]]","[[0, 0, 0], [2, -2, 0], [-1, 0, 1]]",-0.013796887758626903,-0.18823777286099716,45,2,1,23,4,711
data_full__tp01_L1_m0p69,data_ablation_full,,tp01_L1_m0p69,1.0,-0.69,run2,oof_pooled,214,67.28971962616822,64.48598130841121,-2.803738317757009,-,63.883865782599955,61.669810158989414,-2.214055623610541,-,64.55099829747716,62.42732298912074,-2.1236753083564253,-,0.4824688400261222,0.4384454769316591,-0.04402336309446314,-,79.74683544303798,78.48101265822784,-1.2658227848101404,66.66666666666666,61.29032258064516,-5.376344086021497,45.23809523809524,45.23809523809524,0.0,"[[63, 13, 3], [24, 62, 7], [9, 14, 19]]","[[62, 15, 2], [29, 57, 7], [8, 15, 19]]","[[-1, 2, -1], [5, -5, 0], [-1, 1, 0]]",-0.013267723195786181,-0.17885171545443135,137,7,1,69,19,3381
data_no_conv__tp01_L1_m0p69,data_ablation_no_module,no_conv,tp01_L1_m0p69,1.0,-0.69,run1,fold01,327,79.20489296636084,78.89908256880734,-0.3058103975535005,-,77.82046123681977,77.60116299120571,-0.21929824561405553,-,79.390186562109,78.90583229124779,-0.4843542708612034,-,0.6509524121737486,0.6463688584704784,-0.004583553703270127,-,81.34328358208955,81.34328358208955,0.0,78.94736842105263,78.28947368421053,-0.6578947368420955,73.17073170731707,73.17073170731707,0.0,"[[109, 24, 1], [29, 120, 3], [5, 6, 30]]","[[109, 24, 1], [29, 119, 4], [5, 6, 30]]","[[0, 0, 0], [0, -1, 1], [0, 0, 0]]",-0.0014458067065523392,0.016154988574872322,258,1,0,68,7,974
data_no_conv__tp01_L1_m0p69,data_ablation_no_module,no_conv,tp01_L1_m0p69,1.0,-0.69,run1,fold02,326,80.06134969325154,79.75460122699386,-0.30674846625768737,-,78.89827179890023,78.6789735532862,-0.2192982456140271,-,78.65140888396702,78.41829529406405,-0.23311358990297038,-,0.667755761900005,0.6628004462055131,-0.004955315694491813,-,82.08955223880598,82.08955223880598,0.0,79.60526315789474,78.94736842105263,-0.6578947368421098,75.0,75.0,0.0,"[[110, 22, 2], [22, 121, 9], [4, 6, 30]]","[[110, 22, 2], [23, 120, 9], [4, 6, 30]]","[[0, 0, 0], [1, -1, 0], [0, 0, 0]]",-0.0023936627659820985,-0.0260604960055439,260,1,0,65,2,270
data_no_conv__tp01_L1_m0p69,data_ablation_no_module,no_conv,tp01_L1_m0p69,1.0,-0.69,run1,fold03,326,77.60736196319019,77.60736196319019,0.0,0,80.15514532600157,80.15514532600157,0.0,0,76.45264363658288,76.45264363658288,0.0,0,0.6403712014169086,0.6403712014169086,0.0,0,80.59701492537313,80.59701492537313,0.0,72.36842105263158,72.36842105263158,0.0,87.5,87.5,0.0,"[[108, 18, 8], [28, 110, 14], [0, 5, 35]]","[[108, 18, 8], [28, 110, 14], [0, 5, 35]]","[[0, 0, 0], [0, 0, 0], [0, 0, 0]]",-0.0011391992812142039,0.002030658095709385,252,1,1,72,4,556
data_no_conv__tp01_L1_m0p69,data_ablation_no_module,no_conv,tp01_L1_m0p69,1.0,-0.69,run1,oof_pooled,979,78.95812053115424,78.75383043922369,-0.20429009193054526,-,78.94312149561026,78.7969226652009,-0.14619883040936088,-,78.0672759638754,77.84509607517194,-0.22217988870346517,-,0.6519762827892167,0.6489127857880932,-0.0030634970011235163,-,81.34328358208955,81.34328358208955,0.0,76.97368421052632,76.53508771929825,-0.43859649122806843,78.51239669421489,78.51239669421489,0.0,"[[327, 64, 11], [79, 351, 26], [9, 17, 95]]","[[327, 64, 11], [80, 349, 27], [9, 17, 95]]","[[0, 0, 0], [1, -2, 1], [0, 0, 0]]",-0.0016593379166788655,-0.0026057670016576126,770,3,1,205,13,1800
data_no_conv__tp01_L1_m0p69,data_ablation_no_module,no_conv,tp01_L1_m0p69,1.0,-0.69,run2,fold01,72,55.55555555555556,55.55555555555556,0.0,0,57.151391022358766,57.151391022358766,0.0,0,54.93827160493828,54.93827160493828,0.0,0,0.3353881275042346,0.3353881275042346,0.0,0,55.55555555555556,55.55555555555556,0.0,51.61290322580645,51.61290322580645,0.0,64.28571428571429,64.28571428571429,0.0,"[[15, 6, 6], [8, 16, 7], [4, 1, 9]]","[[15, 6, 6], [8, 16, 7], [4, 1, 9]]","[[0, 0, 0], [0, 0, 0], [0, 0, 0]]",-0.0013265932644167676,-0.16867815444452894,40,0,0,32,10,1765
data_no_conv__tp01_L1_m0p69,data_ablation_no_module,no_conv,tp01_L1_m0p69,1.0,-0.69,run2,fold02,71,56.33802816901409,53.52112676056338,-2.816901408450711,-,60.888573791799594,57.43235259364292,-3.456221198156676,-,56.23083683234059,53.222099650671076,-3.0087371816695168,-,0.3663549852444777,0.3196055183362228,-0.04674946690825488,-,65.38461538461539,65.38461538461539,0.0,38.70967741935484,35.483870967741936,-3.225806451612904,78.57142857142857,71.42857142857143,-7.142857142857139,"[[17, 6, 3], [9, 12, 10], [3, 0, 11]]","[[17, 6, 3], [10, 11, 10], [3, 1, 10]]","[[0, 0, 0], [1, -1, 0], [0, 1, -1]]",-0.017900197943445037,-0.2117367218917524,38,2,0,31,5,905
data_no_conv__tp01_L1_m0p69,data_ablation_no_module,no_conv,tp01_L1_m0p69,1.0,-0.69,run2,fold03,71,54.929577464788736,53.52112676056338,-1.4084507042253591,-,51.50064988774666,50.425381070542365,-1.0752688172042966,-,50.483091787439605,49.21739130434783,-1.265700483091777,-,0.3108593378795985,0.29122763321146794,-0.01963170466813058,-,80.76923076923077,80.76923076923077,0.0,45.16129032258064,41.935483870967744,-3.225806451612897,28.57142857142857,28.57142857142857,0.0,"[[21, 4, 1], [13, 14, 4], [8, 2, 4]]","[[21, 4, 1], [14, 13, 4], [8, 2, 4]]","[[0, 0, 0], [1, -1, 0], [0, 0, 0]]",-0.0055043367852627405,-0.027133423310350364,38,1,0,32,4,711
data_no_conv__tp01_L1_m0p69,data_ablation_no_module,no_conv,tp01_L1_m0p69,1.0,-0.69,run2,oof_pooled,214,55.60747663551402,54.20560747663551,-1.4018691588785117,-,56.4642516867915,54.95375501500451,-1.5104966717869885,-,54.638998759215426,53.140708486995045,-1.4982902722203804,-,0.33252990827619394,0.3107057382651363,-0.02182417001105763,-,67.08860759493672,67.08860759493672,0.0,45.16129032258064,43.01075268817204,-2.1505376344086002,57.14285714285714,54.761904761904766,-2.3809523809523725,"[[53, 16, 10], [30, 42, 21], [15, 3, 24]]","[[53, 16, 10], [32, 40, 21], [15, 4, 23]]","[[0, 0, 0], [2, -2, 0], [0, 1, -1]]",-0.008211386358767567,-0.1360028384549317,116,3,0,95,19,3381
module_masked__no_conv__tp01_L1_m0p69,module_ablation_masked,no_conv,tp01_L1_m0p69,1.0,-0.69,run1,fold01,327,80.42813455657493,78.89908256880734,-1.5290519877675877,-,76.41118860128114,77.60116299120571,1.189974389924572,+,78.61069388842456,78.90583229124779,0.2951384028232269,+,0.6695388785382586,0.6463688584704784,-0.023170020067780128,-,83.5820895522388,81.34328358208955,-2.2388059701492438,82.23684210526315,78.28947368421053,-3.947368421052616,63.41463414634146,73.17073170731707,9.756097560975611,"[[112, 20, 2], [25, 125, 2], [5, 10, 26]]","[[109, 24, 1], [29, 119, 4], [5, 6, 30]]","[[-3, 4, -1], [4, -6, 2], [0, -4, 4]]",-0.01316574862651598,0.29663515206004865,234,29,24,40,7,974
module_masked__no_conv__tp01_L1_m0p69,module_ablation_masked,no_conv,tp01_L1_m0p69,1.0,-0.69,run1,fold02,326,81.59509202453987,79.75460122699386,-1.8404907975460105,-,82.30361351139041,78.6789735532862,-3.6246399581042112,-,82.11529042328695,78.41829529406405,-3.6969951292228984,-,0.6929312561648969,0.6628004462055131,-0.030130809959383775,-,78.35820895522389,82.08955223880598,3.731343283582092,83.55263157894737,78.94736842105263,-4.60526315789474,85.0,75.0,-10.0,"[[105, 27, 2], [20, 127, 5], [2, 4, 34]]","[[110, 22, 2], [23, 120, 9], [4, 6, 30]]","[[5, -5, 0], [3, -7, 4], [2, 2, -4]]",-0.038437319717153924,-1.4170194626985793,227,39,33,27,2,270
module_masked__no_conv__tp01_L1_m0p69,module_ablation_masked,no_conv,tp01_L1_m0p69,1.0,-0.69,run1,fold03,326,83.43558282208589,77.60736196319019,-5.828220858895705,-,80.11194029850745,80.15514532600157,0.04320502749412469,+,82.51639889723359,76.45264363658288,-6.063755260650709,-,0.7196067633159757,0.6403712014169086,-0.07923556189906711,-,82.83582089552239,80.59701492537313,-2.238805970149258,87.5,72.36842105263158,-15.131578947368425,70.0,87.5,17.5,"[[111, 21, 2], [19, 133, 0], [4, 8, 28]]","[[108, 18, 8], [28, 110, 14], [0, 5, 35]]","[[-3, -3, 6], [9, -23, 14], [-4, -3, 7]]",-0.09090347668747299,-2.3691253347288064,223,49,30,24,4,556
module_masked__no_conv__tp01_L1_m0p69,module_ablation_masked,no_conv,tp01_L1_m0p69,1.0,-0.69,run1,oof_pooled,979,81.81818181818183,78.75383043922369,-3.0643513789581363,-,79.58304569655708,78.7969226652009,-0.7861230313561833,-,81.15890980879539,77.84509607517194,-3.313813733623448,-,0.6935107563983487,0.6489127857880932,-0.0445979706102555,-,81.59203980099502,81.34328358208955,-0.24875621890546995,84.4298245614035,76.53508771929825,-7.89473684210526,72.72727272727273,78.51239669421489,5.785123966942152,"[[328, 68, 6], [64, 385, 7], [11, 22, 88]]","[[327, 64, 11], [80, 349, 27], [9, 17, 95]]","[[-1, -4, 5], [16, -36, 20], [-2, -5, 7]]",-0.04746710871172533,-1.1616787632662837,684,117,87,91,13,1800
module_masked__no_conv__tp01_L1_m0p69,module_ablation_masked,no_conv,tp01_L1_m0p69,1.0,-0.69,run2,fold01,72,63.888888888888886,55.55555555555556,-8.333333333333329,-,61.94743130227002,57.151391022358766,-4.796040279911253,-,62.73424716742305,54.93827160493828,-7.79597556248477,-,0.4304241553929715,0.3353881275042346,-0.09503602788873694,-,77.77777777777779,55.55555555555556,-22.22222222222223,58.06451612903226,51.61290322580645,-6.451612903225815,50.0,64.28571428571429,14.285714285714292,"[[21, 5, 1], [11, 18, 2], [2, 5, 7]]","[[15, 6, 6], [8, 16, 7], [4, 1, 9]]","[[-6, 1, 5], [-3, -2, 5], [2, -4, 2]]",-0.1397715234095816,-1.9258894991556492,29,17,11,15,10,1765
module_masked__no_conv__tp01_L1_m0p69,module_ablation_masked,no_conv,tp01_L1_m0p69,1.0,-0.69,run2,fold02,71,64.7887323943662,53.52112676056338,-11.26760563380283,-,62.944582299421015,57.43235259364292,-5.512229705778097,-,63.51224105461394,53.222099650671076,-10.290141403942862,-,0.44625508538458314,0.3196055183362228,-0.12664956704836033,-,80.76923076923077,65.38461538461539,-15.384615384615387,58.06451612903226,35.483870967741936,-22.580645161290327,50.0,71.42857142857143,21.42857142857143,"[[21, 5, 0], [10, 18, 3], [2, 5, 7]]","[[17, 6, 3], [10, 11, 10], [3, 1, 10]]","[[-4, 1, 3], [0, -7, 7], [1, -4, 3]]",-0.18112450519843984,-2.533720206810345,29,17,9,16,5,905
module_masked__no_conv__tp01_L1_m0p69,module_ablation_masked,no_conv,tp01_L1_m0p69,1.0,-0.69,run2,fold03,71,64.7887323943662,53.52112676056338,-11.26760563380283,-,60.12643270707787,50.425381070542365,-9.701051636535503,-,60.72066605993191,49.21739130434783,-11.50327475558408,-,0.43929893540671433,0.29122763321146794,-0.1480713021952464,-,76.92307692307693,80.76923076923077,3.8461538461538396,67.74193548387096,41.935483870967744,-25.806451612903217,35.714285714285715,28.57142857142857,-7.142857142857146,"[[20, 5, 1], [8, 21, 2], [4, 5, 5]]","[[21, 4, 1], [14, 13, 4], [8, 2, 4]]","[[1, -1, 0], [6, -8, 2], [4, -3, -1]]",-0.21064670917619163,-2.783048891163969,33,13,5,20,4,711
module_masked__no_conv__tp01_L1_m0p69,module_ablation_masked,no_conv,tp01_L1_m0p69,1.0,-0.69,run2,oof_pooled,214,64.48598130841121,54.20560747663551,-10.280373831775705,-,61.669810158989414,54.95375501500451,-6.716055143984903,-,62.42732298912074,53.140708486995045,-9.286614502125694,-,0.4384454769316591,0.3107057382651363,-0.12773973866652277,-,78.48101265822784,67.08860759493672,-11.392405063291122,61.29032258064516,43.01075268817204,-18.27956989247312,45.23809523809524,54.761904761904766,9.523809523809526,"[[62, 15, 2], [29, 57, 7], [8, 15, 19]]","[[53, 16, 10], [32, 40, 21], [15, 4, 23]]","[[-9, 1, 8], [3, -17, 14], [7, -11, 4]]",-0.17700610236490052,-2.4119376163335655,91,47,25,51,19,3381
data_no_lstm__tp01_L1_m0p69,data_ablation_no_module,no_lstm,tp01_L1_m0p69,1.0,-0.69,run1,fold01,327,75.22935779816514,75.22935779816514,0.0,0,72.98224857739544,72.98224857739544,0.0,0,74.65929369343549,74.42790363178712,-0.23139006164836928,-,0.5824277209957041,0.5829358557544331,0.0005081347587290175,+,76.11940298507463,76.11940298507463,0.0,76.97368421052632,76.97368421052632,0.0,65.85365853658537,65.85365853658537,0.0,"[[102, 30, 2], [31, 117, 4], [4, 10, 27]]","[[102, 30, 2], [30, 117, 5], [4, 10, 27]]","[[0, 0, 0], [-1, 0, 1], [0, 0, 0]]",1.1149978167392025e-05,-0.03925457296021489,245,1,1,80,7,974
data_no_lstm__tp01_L1_m0p69,data_ablation_no_module,no_lstm,tp01_L1_m0p69,1.0,-0.69,run1,fold02,326,74.23312883435584,73.92638036809815,-0.30674846625768737,-,73.23841319717204,73.019114951558,-0.21929824561404132,-,73.4197528076379,73.18979549429429,-0.22995731334361835,-,0.5692124265740279,0.5642592776927028,-0.004953148881325142,-,75.3731343283582,75.3731343283582,0.0,74.3421052631579,73.68421052631578,-0.657894736842124,70.0,70.0,0.0,"[[101, 30, 3], [31, 113, 8], [5, 7, 28]]","[[101, 30, 3], [32, 112, 8], [5, 7, 28]]","[[0, 0, 0], [1, -1, 0], [0, 0, 0]]",-0.002843243715587569,-0.01957981895792521,241,1,0,84,2,270
data_no_lstm__tp01_L1_m0p69,data_ablation_no_module,no_lstm,tp01_L1_m0p69,1.0,-0.69,run1,fold03,326,77.91411042944786,77.91411042944786,0.0,0,77.18643623985336,77.18643623985336,0.0,0,76.36475294195755,76.36475294195755,0.0,0,0.6335414855138196,0.6335414855138196,0.0,0,77.61194029850746,77.61194029850746,0.0,78.94736842105263,78.94736842105263,0.0,75.0,75.0,0.0,"[[104, 23, 7], [25, 120, 7], [3, 7, 30]]","[[104, 23, 7], [25, 120, 7], [3, 7, 30]]","[[0, 0, 0], [0, 0, 0], [0, 0, 0]]",0.0008949251750779963,-0.022154579773270993,254,0,0,72,4,556
data_no_lstm__tp01_L1_m0p69,data_ablation_no_module,no_lstm,tp01_L1_m0p69,1.0,-0.69,run1,oof_pooled,979,75.79162410623084,75.68947906026557,-0.10214504596527263,-,74.4568263510633,74.38372693585862,-0.07309941520468044,-,74.79679148332708,74.65125271925687,-0.14553876407020994,-,0.5949564188779985,0.5934789797661119,-0.0014774391118866914,-,76.3681592039801,76.3681592039801,0.0,76.75438596491229,76.53508771929825,-0.21929824561404132,70.24793388429752,70.24793388429752,0.0,"[[307, 83, 12], [87, 350, 19], [12, 24, 85]]","[[307, 83, 12], [87, 349, 20], [12, 24, 85]]","[[0, 0, 0], [0, -1, 1], [0, 0, 0]]",-0.0006450518910575931,-0.027008845091277052,740,2,1,236,13,1800
data_no_lstm__tp01_L1_m0p69,data_ablation_no_module,no_lstm,tp01_L1_m0p69,1.0,-0.69,run2,fold01,72,63.888888888888886,63.888888888888886,0.0,0,63.762303009614826,63.762303009614826,0.0,0,62.59259259259259,62.50056508121023,-0.09202751138235499,-,0.45896250049990833,0.4628344210084855,0.0038719205085771535,+,59.25925925925925,59.25925925925925,0.0,67.74193548387096,67.74193548387096,0.0,64.28571428571429,64.28571428571429,0.0,"[[16, 6, 5], [2, 21, 8], [0, 5, 9]]","[[16, 5, 6], [2, 21, 8], [0, 5, 9]]","[[0, -1, 1], [0, 0, 0], [0, 0, 0]]",0.002438760848437795,-0.021975053901163253,45,1,1,25,10,1765
data_no_lstm__tp01_L1_m0p69,data_ablation_no_module,no_lstm,tp01_L1_m0p69,1.0,-0.69,run2,fold02,71,56.33802816901409,54.929577464788736,-1.408450704225352,-,53.73980857851826,51.35885619756587,-2.3809523809523867,-,55.29980107985223,52.775840243870945,-2.523960835981285,-,0.2972806093565435,0.2714189397390067,-0.025861669617536776,-,53.84615384615385,53.84615384615385,0.0,64.51612903225806,64.51612903225806,0.0,42.857142857142854,35.714285714285715,-7.142857142857139,"[[14, 11, 1], [9, 20, 2], [2, 6, 6]]","[[14, 11, 1], [9, 20, 2], [2, 7, 5]]","[[0, 0, 0], [0, 0, 0], [0, 1, -1]]",0.00013855603379263004,-0.021036499324189113,39,1,0,31,5,905
data_no_lstm__tp01_L1_m0p69,data_ablation_no_module,no_lstm,tp01_L1_m0p69,1.0,-0.69,run2,fold03,71,67.6056338028169,66.19718309859155,-1.408450704225345,-,63.58265390523455,62.507385088030254,-1.0752688172042966,-,63.48309568648551,62.23316912972086,-1.249926556764656,-,0.4934358082473687,0.47447110266085507,-0.01896470558651364,-,76.92307692307693,76.92307692307693,0.0,70.96774193548387,67.74193548387096,-3.225806451612911,42.857142857142854,42.857142857142854,0.0,"[[20, 4, 2], [4, 22, 5], [6, 2, 6]]","[[20, 4, 2], [4, 21, 6], [6, 2, 6]]","[[0, 0, 0], [0, -1, 1], [0, 0, 0]]",0.0026733423517623423,0.0282326833226941,47,1,0,23,4,711
data_no_lstm__tp01_L1_m0p69,data_ablation_no_module,no_lstm,tp01_L1_m0p69,1.0,-0.69,run2,oof_pooled,214,62.616822429906534,61.6822429906542,-0.9345794392523317,-,60.344358241459105,59.192284508740215,-1.1520737327188897,-,60.31415748674011,59.12498359564301,-1.1891738910970986,-,0.41329125049232496,0.3996372011327276,-0.013654049359597353,-,63.29113924050633,63.29113924050633,0.0,67.74193548387096,66.66666666666666,-1.0752688172043037,50.0,47.61904761904761,-2.3809523809523867,"[[50, 21, 8], [15, 63, 15], [8, 13, 21]]","[[50, 20, 9], [15, 62, 16], [8, 14, 20]]","[[0, -1, 1], [0, -1, 1], [0, 1, -1]]",0.00175343722645759,-0.0050059570887378505,131,3,1,79,19,3381
module_masked__no_lstm__tp01_L1_m0p69,module_ablation_masked,no_lstm,tp01_L1_m0p69,1.0,-0.69,run1,fold01,327,80.42813455657493,75.22935779816514,-5.198776758409792,-,76.41118860128114,72.98224857739544,-3.4289400238857013,-,78.61069388842456,74.42790363178712,-4.182790256637446,-,0.6695388785382586,0.5829358557544331,-0.08660302278382548,-,83.5820895522388,76.11940298507463,-7.46268656716417,82.23684210526315,76.97368421052632,-5.263157894736835,63.41463414634146,65.85365853658537,2.439024390243908,"[[112, 20, 2], [25, 125, 2], [5, 10, 26]]","[[102, 30, 2], [30, 117, 5], [4, 10, 27]]","[[-10, 10, 0], [5, -8, 3], [-1, 0, 1]]",-0.07228698378715549,-1.4602611559878933,220,43,26,38,7,974
module_masked__no_lstm__tp01_L1_m0p69,module_ablation_masked,no_lstm,tp01_L1_m0p69,1.0,-0.69,run1,fold02,326,81.59509202453987,73.92638036809815,-7.668711656441715,-,82.30361351139041,73.019114951558,-9.284498559832414,-,82.11529042328695,73.18979549429429,-8.925494928992663,-,0.6929312561648969,0.5642592776927028,-0.12867197847219414,-,78.35820895522389,75.3731343283582,-2.985074626865682,83.55263157894737,73.68421052631578,-9.86842105263159,85.0,70.0,-15.0,"[[105, 27, 2], [20, 127, 5], [2, 4, 34]]","[[101, 30, 3], [32, 112, 8], [5, 7, 28]]","[[-4, 3, 1], [12, -15, 3], [3, 3, -6]]",-0.0925803081250853,-2.395151172421781,211,55,30,30,2,270
module_masked__no_lstm__tp01_L1_m0p69,module_ablation_masked,no_lstm,tp01_L1_m0p69,1.0,-0.69,run1,fold03,326,83.43558282208589,77.91411042944786,-5.521472392638032,-,80.11194029850745,77.18643623985336,-2.9255040586540844,-,82.51639889723359,76.36475294195755,-6.151645955276038,-,0.7196067633159757,0.6335414855138196,-0.08606527780215611,-,82.83582089552239,77.61194029850746,-5.223880597014926,87.5,78.94736842105263,-8.55263157894737,70.0,75.0,5.0,"[[111, 21, 2], [19, 133, 0], [4, 8, 28]]","[[104, 23, 7], [25, 120, 7], [3, 7, 30]]","[[-7, 2, 5], [6, -13, 7], [-1, -1, 2]]",-0.0525119138703926,1.1034096804121796,228,44,26,28,4,556
module_masked__no_lstm__tp01_L1_m0p69,module_ablation_masked,no_lstm,tp01_L1_m0p69,1.0,-0.69,run1,oof_pooled,979,81.81818181818183,75.68947906026557,-6.128702757916258,-,79.58304569655708,74.38372693585862,-5.1993187606984606,-,81.15890980879539,74.65125271925687,-6.507657089538512,-,0.6935107563983487,0.5934789797661119,-0.10003177663223684,-,81.59203980099502,76.3681592039801,-5.223880597014926,84.4298245614035,76.53508771929825,-7.89473684210526,72.72727272727273,70.24793388429752,-2.47933884297521,"[[328, 68, 6], [64, 385, 7], [11, 22, 88]]","[[307, 83, 12], [87, 349, 20], [12, 24, 85]]","[[-21, 15, 6], [23, -36, 13], [1, 2, -3]]",-0.07245955880380556,-0.9178887889715743,659,142,82,96,13,1800
module_masked__no_lstm__tp01_L1_m0p69,module_ablation_masked,no_lstm,tp01_L1_m0p69,1.0,-0.69,run2,fold01,72,63.888888888888886,63.888888888888886,0.0,0,61.94743130227002,63.762303009614826,1.8148717073448069,+,62.73424716742305,62.50056508121023,-0.2336820862128164,-,0.4304241553929715,0.4628344210084855,0.03241026561551397,+,77.77777777777779,59.25925925925925,-18.518518518518533,58.06451612903226,67.74193548387096,9.677419354838698,50.0,64.28571428571429,14.285714285714292,"[[21, 5, 1], [11, 18, 2], [2, 5, 7]]","[[16, 5, 6], [2, 21, 8], [0, 5, 9]]","[[-5, 0, 5], [-9, 3, 6], [-2, 0, 2]]",-0.05495899929430613,-1.7777879455566614,36,10,10,16,10,1765
module_masked__no_lstm__tp01_L1_m0p69,module_ablation_masked,no_lstm,tp01_L1_m0p69,1.0,-0.69,run2,fold02,71,64.7887323943662,54.929577464788736,-9.859154929577471,-,62.944582299421015,51.35885619756587,-11.585726101855144,-,63.51224105461394,52.775840243870945,-10.736400810742992,-,0.44625508538458314,0.2714189397390067,-0.17483614564557642,-,80.76923076923077,53.84615384615385,-26.923076923076927,58.06451612903226,64.51612903225806,6.451612903225801,50.0,35.714285714285715,-14.285714285714285,"[[21, 5, 0], [10, 18, 3], [2, 5, 7]]","[[14, 11, 1], [9, 20, 2], [2, 7, 5]]","[[-7, 6, 1], [-1, 2, -1], [0, 2, -2]]",-0.24814713207038167,-2.525978076619319,29,17,10,15,5,905
module_masked__no_lstm__tp01_L1_m0p69,module_ablation_masked,no_lstm,tp01_L1_m0p69,1.0,-0.69,run2,fold03,71,64.7887323943662,66.19718309859155,1.408450704225345,+,60.12643270707787,62.507385088030254,2.3809523809523867,+,60.72066605993191,62.23316912972086,1.5125030697889486,+,0.43929893540671433,0.47447110266085507,0.03517216725414074,+,76.92307692307693,76.92307692307693,0.0,67.74193548387096,67.74193548387096,0.0,35.714285714285715,42.857142857142854,7.142857142857139,"[[20, 5, 1], [8, 21, 2], [4, 5, 5]]","[[20, 4, 2], [4, 21, 6], [6, 2, 6]]","[[0, -1, 1], [-4, 0, 4], [2, -3, 1]]",-0.05314912980268278,-2.463650244917773,38,8,9,16,4,711
module_masked__no_lstm__tp01_L1_m0p69,module_ablation_masked,no_lstm,tp01_L1_m0p69,1.0,-0.69,run2,oof_pooled,214,64.48598130841121,61.6822429906542,-2.803738317757009,-,61.669810158989414,59.192284508740215,-2.4775256502491985,-,62.42732298912074,59.12498359564301,-3.3023393934777303,-,0.4384454769316591,0.3996372011327276,-0.03880827579893148,-,78.48101265822784,63.29113924050633,-15.189873417721508,61.29032258064516,66.66666666666666,5.376344086021497,45.23809523809524,47.61904761904761,2.3809523809523725,"[[62, 15, 2], [29, 57, 7], [8, 15, 19]]","[[50, 20, 9], [15, 62, 16], [8, 14, 20]]","[[-12, 5, 7], [-14, 5, 9], [0, -1, 1]]",-0.11845365673914775,-2.2535716958374445,103,35,29,47,19,3381
data_no_attention__tp01_L1_m0p69,data_ablation_no_module,no_attention,tp01_L1_m0p69,1.0,-0.69,run1,fold01,327,81.9571865443425,81.65137614678899,-0.3058103975535147,-,79.91197734051183,79.69267909489778,-0.21929824561404132,-,82.01435063589545,81.51469547350554,-0.4996551623899137,-,0.6962494375241386,0.6915046018646442,-0.004744835659494351,-,84.32835820895522,84.32835820895522,0.0,82.23684210526315,81.57894736842105,-0.6578947368420955,73.17073170731707,73.17073170731707,0.0,"[[113, 19, 2], [27, 125, 0], [2, 9, 30]]","[[113, 19, 2], [27, 124, 1], [2, 9, 30]]","[[0, 0, 0], [0, -1, 1], [0, 0, 0]]",-0.0020370302052340685,-0.026480315680350718,267,1,0,59,7,974
data_no_attention__tp01_L1_m0p69,data_ablation_no_module,no_attention,tp01_L1_m0p69,1.0,-0.69,run1,fold02,326,81.90184049079755,81.90184049079755,0.0,0,79.51165226499084,79.51165226499084,0.0,0,80.47822307750707,80.47822307750707,0.0,0,0.6958625448093783,0.6958625448093783,0.0,0,79.8507462686567,79.8507462686567,0.0,86.18421052631578,86.18421052631578,0.0,72.5,72.5,0.0,"[[107, 24, 3], [17, 131, 4], [4, 7, 29]]","[[107, 24, 3], [17, 131, 4], [4, 7, 29]]","[[0, 0, 0], [0, 0, 0], [0, 0, 0]]",0.0001732697881803929,0.036466455989820096,267,0,0,59,2,270
data_no_attention__tp01_L1_m0p69,data_ablation_no_module,no_attention,tp01_L1_m0p69,1.0,-0.69,run1,fold03,326,84.3558282208589,84.3558282208589,0.0,0,83.89892642052894,83.89892642052894,0.0,0,83.66469909688912,83.66469909688912,0.0,0,0.7390486456524588,0.7390486456524588,0.0,0,84.32835820895522,84.32835820895522,0.0,84.86842105263158,84.86842105263158,0.0,82.5,82.5,0.0,"[[113, 20, 1], [16, 129, 7], [4, 3, 33]]","[[113, 20, 1], [16, 129, 7], [4, 3, 33]]","[[0, 0, 0], [0, 0, 0], [0, 0, 0]]",-7.16404120749685e-05,-0.01116170171945373,275,0,0,51,4,556
data_no_attention__tp01_L1_m0p69,data_ablation_no_module,no_attention,tp01_L1_m0p69,1.0,-0.69,run1,oof_pooled,979,82.73748723186925,82.63534218590398,-0.10214504596527263,-,81.09956776938853,81.02646835418385,-0.07309941520468044,-,82.05217929651486,81.89459298390732,-0.15758631260754896,-,0.7100686691507885,0.7084924482139963,-0.0015762209367922164,-,82.83582089552239,82.83582089552239,0.0,84.4298245614035,84.21052631578947,-0.21929824561404132,76.03305785123968,76.03305785123968,0.0,"[[333, 63, 6], [60, 385, 11], [10, 19, 92]]","[[333, 63, 6], [60, 384, 12], [10, 19, 92]]","[[0, 0, 0], [0, -1, 1], [0, 0, 0]]",-0.0006465553631268356,-0.0004185018747040341,809,1,0,169,13,1800
data_no_attention__tp01_L1_m0p69,data_ablation_no_module,no_attention,tp01_L1_m0p69,1.0,-0.69,run2,fold01,72,58.333333333333336,54.166666666666664,-4.166666666666671,-,55.384877965523124,51.999772429879954,-3.38510553564317,-,55.707282913165265,51.86813186813186,-3.839151045033404,-,0.3440986103748549,0.2842396231261923,-0.05985898724866262,-,55.55555555555556,51.85185185185185,-3.7037037037037095,67.74193548387096,61.29032258064516,-6.451612903225801,42.857142857142854,42.857142857142854,0.0,"[[15, 9, 3], [5, 21, 5], [1, 7, 6]]","[[14, 8, 5], [7, 19, 5], [1, 7, 6]]","[[-1, -1, 2], [2, -2, 0], [0, 0, 0]]",-0.00828108205071961,-0.11825698365767796,38,4,1,29,10,1765
data_no_attention__tp01_L1_m0p69,data_ablation_no_module,no_attention,tp01_L1_m0p69,1.0,-0.69,run2,fold02,71,63.38028169014085,60.56338028169014,-2.816901408450711,-,68.66950254047029,65.00649887746661,-3.6630036630036784,-,63.681341719077565,60.85473423819289,-2.8266074808846753,-,0.4690406293950227,0.41880887828329977,-0.050231751111722955,-,61.53846153846154,57.692307692307686,-3.846153846153854,51.61290322580645,51.61290322580645,0.0,92.85714285714286,85.71428571428571,-7.142857142857153,"[[16, 6, 4], [7, 16, 8], [1, 0, 13]]","[[15, 7, 4], [7, 16, 8], [1, 1, 12]]","[[-1, 1, 0], [0, 0, 0], [0, 1, -1]]",-0.008638050877649016,-0.13714475593936276,43,2,0,26,5,905
data_no_attention__tp01_L1_m0p69,data_ablation_no_module,no_attention,tp01_L1_m0p69,1.0,-0.69,run2,fold03,71,56.33802816901409,57.74647887323944,1.408450704225352,+,51.74878884556304,52.824057662767345,1.0752688172043037,+,51.7458781609725,52.88461538461539,1.1387372236428845,+,0.30795014030702567,0.32936120444356937,0.0214110641365437,+,65.38461538461539,65.38461538461539,0.0,61.29032258064516,64.51612903225806,3.225806451612904,28.57142857142857,28.57142857142857,0.0,"[[17, 7, 2], [6, 19, 6], [4, 6, 4]]","[[17, 7, 2], [5, 20, 6], [4, 6, 4]]","[[0, 0, 0], [-1, 1, 0], [0, 0, 0]]",0.00555763534231106,0.12809772054914018,40,0,1,30,4,711
data_no_attention__tp01_L1_m0p69,data_ablation_no_module,no_attention,tp01_L1_m0p69,1.0,-0.69,run2,oof_pooled,214,59.345794392523366,57.476635514018696,-1.8691588785046704,-,58.5788173987439,56.58286180948492,-1.9959555892589833,-,57.96936324972884,55.97481755576113,-1.9945456939677157,-,0.36980374236342506,0.3417494559079723,-0.02805428645545277,-,60.75949367088608,58.22784810126582,-2.5316455696202596,60.215053763440864,59.13978494623656,-1.0752688172043037,54.761904761904766,52.38095238095239,-2.3809523809523796,"[[48, 22, 9], [18, 56, 19], [6, 13, 23]]","[[46, 22, 11], [19, 55, 19], [6, 14, 22]]","[[-2, 0, 2], [1, -1, 0], [0, 1, -1]]",-0.003808165470377601,-0.04278898287877858,121,6,2,85,19,3381
module_masked__no_attention__tp01_L1_m0p69,module_ablation_masked,no_attention,tp01_L1_m0p69,1.0,-0.69,run1,fold01,327,80.42813455657493,81.65137614678899,1.2232415902140588,+,76.41118860128114,79.69267909489778,3.2814904936166442,+,78.61069388842456,81.51469547350554,2.9040015850809766,+,0.6695388785382586,0.6915046018646442,0.02196572332638569,+,83.5820895522388,84.32835820895522,0.7462686567164241,82.23684210526315,81.57894736842105,-0.6578947368420955,63.41463414634146,73.17073170731707,9.756097560975611,"[[112, 20, 2], [25, 125, 2], [5, 10, 26]]","[[113, 19, 2], [27, 124, 1], [2, 9, 30]]","[[1, -1, 0], [2, -1, -1], [-3, -1, 4]]",-0.005202989751080558,0.5557521646642994,234,29,33,31,7,974
module_masked__no_attention__tp01_L1_m0p69,module_ablation_masked,no_attention,tp01_L1_m0p69,1.0,-0.69,run1,fold02,326,81.59509202453987,81.90184049079755,0.30674846625768737,+,82.30361351139041,79.51165226499084,-2.791961246399566,-,82.11529042328695,80.47822307750707,-1.637067345779883,-,0.6929312561648969,0.6958625448093783,0.0029312886444813335,+,78.35820895522389,79.8507462686567,1.4925373134328197,83.55263157894737,86.18421052631578,2.6315789473684106,85.0,72.5,-12.5,"[[105, 27, 2], [20, 127, 5], [2, 4, 34]]","[[107, 24, 3], [17, 131, 4], [4, 7, 29]]","[[2, -3, 1], [-3, 4, -1], [2, 3, -5]]",-0.002560894036835847,2.034702712504273,232,34,35,25,2,270
module_masked__no_attention__tp01_L1_m0p69,module_ablation_masked,no_attention,tp01_L1_m0p69,1.0,-0.69,run1,fold03,326,83.43558282208589,84.3558282208589,0.9202453987730053,+,80.11194029850745,83.89892642052894,3.7869861220214887,+,82.51639889723359,83.66469909688912,1.1483001996555373,+,0.7196067633159757,0.7390486456524588,0.01944188233648303,+,82.83582089552239,84.32835820895522,1.492537313432834,87.5,84.86842105263158,-2.631578947368425,70.0,82.5,12.5,"[[111, 21, 2], [19, 133, 0], [4, 8, 28]]","[[113, 20, 1], [16, 129, 7], [4, 3, 33]]","[[2, -1, -1], [-3, -4, 7], [0, -5, 5]]",-0.0031955345338816597,0.9980382293154217,243,29,32,22,4,556
module_masked__no_attention__tp01_L1_m0p69,module_ablation_masked,no_attention,tp01_L1_m0p69,1.0,-0.69,run1,oof_pooled,979,81.81818181818183,82.63534218590398,0.8171603677221526,+,79.58304569655708,81.02646835418385,1.443422657626769,+,81.15890980879539,81.89459298390732,0.7356831751119302,+,0.6935107563983487,0.7084924482139963,0.014981691815647569,+,81.59203980099502,82.83582089552239,1.243781094527364,84.4298245614035,84.21052631578947,-0.21929824561404132,72.72727272727273,76.03305785123968,3.305785123966942,"[[328, 68, 6], [64, 385, 7], [11, 22, 88]]","[[333, 63, 6], [60, 384, 12], [10, 19, 92]]","[[5, -5, 0], [-4, -1, 5], [-1, -3, 4]]",-0.003654722535911387,1.1955102194876879,709,92,100,78,13,1800
module_masked__no_attention__tp01_L1_m0p69,module_ablation_masked,no_attention,tp01_L1_m0p69,1.0,-0.69,run2,fold01,72,63.888888888888886,54.166666666666664,-9.722222222222221,-,61.94743130227002,51.999772429879954,-9.947658872390065,-,62.73424716742305,51.86813186813186,-10.866115299291188,-,0.4304241553929715,0.2842396231261923,-0.14618453226677924,-,77.77777777777779,51.85185185185185,-25.925925925925938,58.06451612903226,61.29032258064516,3.225806451612897,50.0,42.857142857142854,-7.142857142857146,"[[21, 5, 1], [11, 18, 2], [2, 5, 7]]","[[14, 8, 5], [7, 19, 5], [1, 7, 6]]","[[-7, 3, 4], [-4, 1, 3], [-1, 2, -1]]",-0.14121630889392142,-2.208519486458196,34,12,5,21,10,1765
module_masked__no_attention__tp01_L1_m0p69,module_ablation_masked,no_attention,tp01_L1_m0p69,1.0,-0.69,run2,fold02,71,64.7887323943662,60.56338028169014,-4.22535211267607,-,62.944582299421015,65.00649887746661,2.0619165780455972,+,63.51224105461394,60.85473423819289,-2.657506816421048,-,0.44625508538458314,0.41880887828329977,-0.02744620710128337,-,80.76923076923077,57.692307692307686,-23.076923076923087,58.06451612903226,51.61290322580645,-6.451612903225815,50.0,85.71428571428571,35.71428571428571,"[[21, 5, 0], [10, 18, 3], [2, 5, 7]]","[[15, 7, 4], [7, 16, 8], [1, 1, 12]]","[[-6, 2, 4], [-3, -2, 5], [-1, -4, 5]]",-0.08796329872496912,-1.8487385114946757,31,15,12,13,5,905
module_masked__no_attention__tp01_L1_m0p69,module_ablation_masked,no_attention,tp01_L1_m0p69,1.0,-0.69,run2,fold03,71,64.7887323943662,57.74647887323944,-7.042253521126767,-,60.12643270707787,52.824057662767345,-7.302375044310523,-,60.72066605993191,52.88461538461539,-7.836050675316521,-,0.43929893540671433,0.32936120444356937,-0.10993773096314496,-,76.92307692307693,65.38461538461539,-11.538461538461547,67.74193548387096,64.51612903225806,-3.225806451612897,35.714285714285715,28.57142857142857,-7.142857142857146,"[[20, 5, 1], [8, 21, 2], [4, 5, 5]]","[[17, 7, 2], [5, 20, 6], [4, 6, 4]]","[[-3, 2, 1], [-3, -1, 4], [0, 1, -1]]",-0.1692389913845585,-3.510158709709493,34,12,7,18,4,711
module_masked__no_attention__tp01_L1_m0p69,module_ablation_masked,no_attention,tp01_L1_m0p69,1.0,-0.69,run2,oof_pooled,214,64.48598130841121,57.476635514018696,-7.009345794392516,-,61.669810158989414,56.58286180948492,-5.086948349504496,-,62.42732298912074,55.97481755576113,-6.452505433359612,-,0.4384454769316591,0.3417494559079723,-0.0966960210236868,-,78.48101265822784,58.22784810126582,-20.25316455696202,61.29032258064516,59.13978494623656,-2.1505376344086002,45.23809523809524,52.38095238095239,7.142857142857146,"[[62, 15, 2], [29, 57, 7], [8, 15, 19]]","[[46, 22, 11], [19, 55, 19], [6, 14, 22]]","[[-16, 7, 9], [-10, -2, 12], [-2, -1, 3]]",-0.13284549924363925,-2.5210051669648883,99,39,24,52,19,3381
data_full__tp02_L1_m0p15,data_ablation_full,,tp02_L1_m0p15,1.0,-0.15,run1,fold01,327,80.73394495412845,80.42813455657493,-0.3058103975535147,-,76.63048684689517,76.41118860128114,-0.2192982456140271,-,79.0877721312504,78.61069388842456,-0.47707824282584,-,0.6743426700043699,0.6695388785382586,-0.004803791466111318,-,83.5820895522388,83.5820895522388,0.0,82.89473684210526,82.23684210526315,-0.6578947368421098,63.41463414634146,63.41463414634146,0.0,"[[112, 20, 2], [25, 126, 1], [5, 10, 26]]","[[112, 20, 2], [25, 125, 2], [5, 10, 26]]","[[0, 0, 0], [0, -1, 1], [0, 0, 0]]",-0.0030792241146566732,-0.06188842936757872,263,1,0,63,2,215
data_full__tp02_L1_m0p15,data_ablation_full,,tp02_L1_m0p15,1.0,-0.15,run1,fold02,326,81.59509202453987,81.59509202453987,0.0,0,82.30361351139041,82.30361351139041,0.0,0,82.11529042328695,82.11529042328695,0.0,0,0.6929312561648969,0.6929312561648969,0.0,0,78.35820895522389,78.35820895522389,0.0,83.55263157894737,83.55263157894737,0.0,85.0,85.0,0.0,"[[105, 27, 2], [20, 127, 5], [2, 4, 34]]","[[105, 27, 2], [20, 127, 5], [2, 4, 34]]","[[0, 0, 0], [0, 0, 0], [0, 0, 0]]",-2.0477669371026907e-08,-0.00023911847658683371,266,0,0,60,1,115
data_full__tp02_L1_m0p15,data_ablation_full,,tp02_L1_m0p15,1.0,-0.15,run1,fold03,326,84.04907975460122,84.04907975460122,0.0,0,80.55053678973553,80.55053678973553,0.0,0,82.96722819707497,82.96722819707497,0.0,0,0.7301975910800922,0.7301975910800922,0.0,0,82.83582089552239,82.83582089552239,0.0,88.81578947368422,88.81578947368422,0.0,70.0,70.0,0.0,"[[111, 21, 2], [17, 135, 0], [4, 8, 28]]","[[111, 21, 2], [17, 135, 0], [4, 8, 28]]","[[0, 0, 0], [0, 0, 0], [0, 0, 0]]",0.0,0.0,274,0,0,52,0,0
data_full__tp02_L1_m0p15,data_ablation_full,,tp02_L1_m0p15,1.0,-0.15,run1,oof_pooled,979,82.12461695607763,82.02247191011236,-0.10214504596527263,-,79.80234394217112,79.72924452696644,-0.07309941520468044,-,81.47172321467072,81.31037581770964,-0.16134739696107658,-,0.6985628449866854,0.6969566053151139,-0.0016062396715714744,-,81.59203980099502,81.59203980099502,0.0,85.08771929824562,84.86842105263158,-0.21929824561404132,72.72727272727273,72.72727272727273,0.0,"[[328, 68, 6], [62, 388, 6], [11, 22, 88]]","[[328, 68, 6], [62, 387, 7], [11, 22, 88]]","[[0, 0, 0], [0, -1, 1], [0, 0, 0]]",-0.001028511707061233,-0.020751245175245712,803,1,0,175,3,330
data_full__tp02_L1_m0p15,data_ablation_full,,tp02_L1_m0p15,1.0,-0.15,run2,fold01,72,69.44444444444444,66.66666666666666,-2.7777777777777857,-,66.40780565511749,64.09796893667861,-2.3098367184388735,-,66.85875706214689,65.03118150103423,-1.827575561112667,-,0.5182264323917611,0.47146101350323194,-0.0467654188885292,-,81.48148148148148,77.77777777777779,-3.7037037037036953,67.74193548387096,64.51612903225806,-3.225806451612897,50.0,50.0,0.0,"[[22, 3, 2], [8, 21, 2], [2, 5, 7]]","[[21, 5, 1], [9, 20, 2], [2, 5, 7]]","[[-1, 2, -1], [1, -1, 0], [0, 0, 0]]",0.00023650326227514043,-0.10766523238271472,48,2,0,22,8,1477
data_full__tp02_L1_m0p15,data_ablation_full,,tp02_L1_m0p15,1.0,-0.15,run2,fold02,71,66.19718309859155,67.6056338028169,1.408450704225345,+,65.3255346803734,65.30190239867659,-0.023632281696805535,-,65.75180206506916,66.20322607058054,0.4514240055113845,+,0.47169889043248636,0.4915534850418973,0.019854594609410914,+,80.76923076923077,84.61538461538461,3.8461538461538396,58.06451612903226,61.29032258064516,3.225806451612897,57.14285714285714,50.0,-7.142857142857139,"[[21, 5, 0], [10, 18, 3], [2, 4, 8]]","[[22, 4, 0], [10, 19, 2], [2, 5, 7]]","[[1, -1, 0], [0, 1, -1], [0, 1, -1]]",0.017318046847930407,0.2585628794532427,46,1,2,22,8,1254
data_full__tp02_L1_m0p15,data_ablation_full,,tp02_L1_m0p15,1.0,-0.15,run2,fold03,71,66.19718309859155,61.97183098591549,-4.225352112676063,-,59.89601796053409,56.463429044074196,-3.432588916459892,-,60.04855889724311,56.54093774227255,-3.5076211549705647,-,0.45896608905667236,0.3934646600005766,-0.06550142905609574,-,76.92307692307693,73.07692307692307,-3.846153846153868,74.19354838709677,67.74193548387096,-6.451612903225808,28.57142857142857,28.57142857142857,0.0,"[[20, 5, 1], [6, 23, 2], [5, 5, 4]]","[[19, 5, 2], [8, 21, 2], [5, 5, 4]]","[[-1, 0, 1], [2, -2, 0], [0, 0, 0]]",-0.041241633384179556,-0.7085455832347064,44,3,0,24,4,698
data_full__tp02_L1_m0p15,data_ablation_full,,tp02_L1_m0p15,1.0,-0.15,run2,oof_pooled,214,67.28971962616822,65.42056074766354,-1.8691588785046775,-,63.883865782599955,61.95142818254292,-1.9324376000570354,-,64.55099829747716,62.72149205089516,-1.8295062465820067,-,0.4824688400261222,0.452053666047423,-0.03041517397869925,-,79.74683544303798,78.48101265822784,-1.2658227848101404,66.66666666666666,64.51612903225806,-2.150537634408593,45.23809523809524,42.857142857142854,-2.3809523809523867,"[[63, 13, 3], [24, 62, 7], [9, 14, 19]]","[[62, 14, 3], [27, 60, 6], [9, 15, 18]]","[[-1, 1, 0], [3, -2, -1], [0, 1, -1]]",-0.007857693500887287,-0.18551714345812798,138,6,2,68,20,3429
data_no_conv__tp02_L1_m0p15,data_ablation_no_module,no_conv,tp02_L1_m0p15,1.0,-0.15,run1,fold01,327,79.20489296636084,78.89908256880734,-0.3058103975535005,-,77.82046123681977,77.60116299120571,-0.21929824561405553,-,79.390186562109,78.90583229124779,-0.4843542708612034,-,0.6509524121737486,0.6463688584704784,-0.004583553703270127,-,81.34328358208955,81.34328358208955,0.0,78.94736842105263,78.28947368421053,-0.6578947368420955,73.17073170731707,73.17073170731707,0.0,"[[109, 24, 1], [29, 120, 3], [5, 6, 30]]","[[109, 24, 1], [29, 119, 4], [5, 6, 30]]","[[0, 0, 0], [0, -1, 1], [0, 0, 0]]",-0.0025414902042072726,-0.04001295748836038,258,1,0,68,2,215
data_no_conv__tp02_L1_m0p15,data_ablation_no_module,no_conv,tp02_L1_m0p15,1.0,-0.15,run1,fold02,326,80.06134969325154,79.75460122699386,-0.30674846625768737,-,78.89827179890023,78.6789735532862,-0.2192982456140271,-,78.65140888396702,78.41829529406405,-0.23311358990297038,-,0.667755761900005,0.6628004462055131,-0.004955315694491813,-,82.08955223880598,82.08955223880598,0.0,79.60526315789474,78.94736842105263,-0.6578947368421098,75.0,75.0,0.0,"[[110, 22, 2], [22, 121, 9], [4, 6, 30]]","[[110, 22, 2], [23, 120, 9], [4, 6, 30]]","[[0, 0, 0], [1, -1, 0], [0, 0, 0]]",-0.002371996818281756,-0.017983046366027527,260,1,0,65,1,115
data_no_conv__tp02_L1_m0p15,data_ablation_no_module,no_conv,tp02_L1_m0p15,1.0,-0.15,run1,fold03,326,77.60736196319019,77.60736196319019,0.0,0,80.15514532600157,80.15514532600157,0.0,0,76.45264363658288,76.45264363658288,0.0,0,0.6403712014169086,0.6403712014169086,0.0,0,80.59701492537313,80.59701492537313,0.0,72.36842105263158,72.36842105263158,0.0,87.5,87.5,0.0,"[[108, 18, 8], [28, 110, 14], [0, 5, 35]]","[[108, 18, 8], [28, 110, 14], [0, 5, 35]]","[[0, 0, 0], [0, 0, 0], [0, 0, 0]]",0.0,0.0,253,0,0,73,0,0
data_no_conv__tp02_L1_m0p15,data_ablation_no_module,no_conv,tp02_L1_m0p15,1.0,-0.15,run1,oof_pooled,979,78.95812053115424,78.75383043922369,-0.20429009193054526,-,78.94312149561026,78.7969226652009,-0.14619883040936088,-,78.0672759638754,77.84509607517194,-0.22217988870346517,-,0.6519762827892167,0.6489127857880932,-0.0030634970011235163,-,81.34328358208955,81.34328358208955,0.0,76.97368421052632,76.53508771929825,-0.43859649122806843,78.51239669421489,78.51239669421489,0.0,"[[327, 64, 11], [79, 351, 26], [9, 17, 95]]","[[327, 64, 11], [80, 349, 27], [9, 17, 95]]","[[0, 0, 0], [1, -2, 1], [0, 0, 0]]",-0.0016387520526410936,-0.01935312585701616,771,2,0,206,3,330
data_no_conv__tp02_L1_m0p15,data_ablation_no_module,no_conv,tp02_L1_m0p15,1.0,-0.15,run2,fold01,72,55.55555555555556,55.55555555555556,0.0,0,57.151391022358766,57.151391022358766,0.0,0,54.93827160493828,54.93827160493828,0.0,0,0.3353881275042346,0.3353881275042346,0.0,0,55.55555555555556,55.55555555555556,0.0,51.61290322580645,51.61290322580645,0.0,64.28571428571429,64.28571428571429,0.0,"[[15, 6, 6], [8, 16, 7], [4, 1, 9]]","[[15, 6, 6], [8, 16, 7], [4, 1, 9]]","[[0, 0, 0], [0, 0, 0], [0, 0, 0]]",-0.0019176151872670754,-0.16964033437478873,40,0,0,32,8,1477
data_no_conv__tp02_L1_m0p15,data_ablation_no_module,no_conv,tp02_L1_m0p15,1.0,-0.15,run2,fold02,71,56.33802816901409,56.33802816901409,0.0,0,60.888573791799594,59.582890228051525,-1.3056835637480688,-,56.23083683234059,56.118043176866706,-0.11279365547388664,-,0.3663549852444777,0.35504558670841607,-0.01130939853606161,-,65.38461538461539,65.38461538461539,0.0,38.70967741935484,41.935483870967744,3.225806451612904,78.57142857142857,71.42857142857143,-7.142857142857139,"[[17, 6, 3], [9, 12, 10], [3, 0, 11]]","[[17, 6, 3], [9, 13, 9], [3, 1, 10]]","[[0, 0, 0], [0, 1, -1], [0, 1, -1]]",-0.002677659119360895,-0.04726836547045638,39,1,1,30,8,1254
data_no_conv__tp02_L1_m0p15,data_ablation_no_module,no_conv,tp02_L1_m0p15,1.0,-0.15,run2,fold03,71,54.929577464788736,53.52112676056338,-1.4084507042253591,-,51.50064988774666,50.425381070542365,-1.0752688172042966,-,50.483091787439605,49.21739130434783,-1.265700483091777,-,0.3108593378795985,0.29122763321146794,-0.01963170466813058,-,80.76923076923077,80.76923076923077,0.0,45.16129032258064,41.935483870967744,-3.225806451612897,28.57142857142857,28.57142857142857,0.0,"[[21, 4, 1], [13, 14, 4], [8, 2, 4]]","[[21, 4, 1], [14, 13, 4], [8, 2, 4]]","[[0, 0, 0], [1, -1, 0], [0, 0, 0]]",-0.005419682239142942,-0.02695295324837657,38,1,0,32,4,698
data_no_conv__tp02_L1_m0p15,data_ablation_no_module,no_conv,tp02_L1_m0p15,1.0,-0.15,run2,oof_pooled,214,55.60747663551402,55.140186915887845,-0.46728971962617294,-,56.4642516867915,55.67060089314071,-0.7936507936507908,-,54.638998759215426,54.05505427214285,-0.5839444870725785,-,0.33252990827619394,0.3227910263733714,-0.009738881902822516,-,67.08860759493672,67.08860759493672,0.0,45.16129032258064,45.16129032258064,0.0,57.14285714285714,54.761904761904766,-2.3809523809523725,"[[53, 16, 10], [30, 42, 21], [15, 3, 24]]","[[53, 16, 10], [31, 42, 20], [15, 4, 23]]","[[0, 0, 0], [1, 0, -1], [0, 1, -1]]",-0.003331680046434589,-0.08170008272907445,117,2,1,94,20,3429
module_masked__no_conv__tp02_L1_m0p15,module_ablation_masked,no_conv,tp02_L1_m0p15,1.0,-0.15,run1,fold01,327,80.42813455657493,78.89908256880734,-1.5290519877675877,-,76.41118860128114,77.60116299120571,1.189974389924572,+,78.61069388842456,78.90583229124779,0.2951384028232269,+,0.6695388785382586,0.6463688584704784,-0.023170020067780128,-,83.5820895522388,81.34328358208955,-2.2388059701492438,82.23684210526315,78.28947368421053,-3.947368421052616,63.41463414634146,73.17073170731707,9.756097560975611,"[[112, 20, 2], [25, 125, 2], [5, 10, 26]]","[[109, 24, 1], [29, 119, 4], [5, 6, 30]]","[[-3, 4, -1], [4, -6, 2], [0, -4, 4]]",-0.014376745455780106,0.23825128739899087,234,29,24,40,2,215
module_masked__no_conv__tp02_L1_m0p15,module_ablation_masked,no_conv,tp02_L1_m0p15,1.0,-0.15,run1,fold02,326,81.59509202453987,79.75460122699386,-1.8404907975460105,-,82.30361351139041,78.6789735532862,-3.6246399581042112,-,82.11529042328695,78.41829529406405,-3.6969951292228984,-,0.6929312561648969,0.6628004462055131,-0.030130809959383775,-,78.35820895522389,82.08955223880598,3.731343283582092,83.55263157894737,78.94736842105263,-4.60526315789474,85.0,75.0,-10.0,"[[105, 27, 2], [20, 127, 5], [2, 4, 34]]","[[110, 22, 2], [23, 120, 9], [4, 6, 30]]","[[5, -5, 0], [3, -7, 4], [2, 2, -4]]",-0.03844191857445749,-1.4292841378108032,227,39,33,27,1,115
module_masked__no_conv__tp02_L1_m0p15,module_ablation_masked,no_conv,tp02_L1_m0p15,1.0,-0.15,run1,fold03,326,84.04907975460122,77.60736196319019,-6.441717791411037,-,80.55053678973553,80.15514532600157,-0.39539146373395795,-,82.96722819707497,76.45264363658288,-6.514584560492096,-,0.7301975910800922,0.6403712014169086,-0.08982638966318357,-,82.83582089552239,80.59701492537313,-2.238805970149258,88.81578947368422,72.36842105263158,-16.447368421052644,70.0,87.5,17.5,"[[111, 21, 2], [17, 135, 0], [4, 8, 28]]","[[108, 18, 8], [28, 110, 14], [0, 5, 35]]","[[-3, -3, 6], [11, -25, 14], [-4, -3, 7]]",-0.09484218149815106,-2.4160543753668393,224,50,29,23,0,0
module_masked__no_conv__tp02_L1_m0p15,module_ablation_masked,no_conv,tp02_L1_m0p15,1.0,-0.15,run1,oof_pooled,979,82.02247191011236,78.75383043922369,-3.2686414708886673,-,79.72924452696644,78.7969226652009,-0.9323218617655442,-,81.31037581770964,77.84509607517194,-3.465279742537703,-,0.6969566053151139,0.6489127857880932,-0.04804381952702075,-,81.59203980099502,81.34328358208955,-0.24875621890546995,84.86842105263158,76.53508771929825,-8.333333333333329,72.72727272727273,78.51239669421489,5.785123966942152,"[[328, 68, 6], [62, 387, 7], [11, 22, 88]]","[[327, 64, 11], [80, 349, 27], [9, 17, 95]]","[[-1, -4, 5], [18, -38, 20], [-2, -5, 7]]",-0.04918469089653777,-1.200890893070931,685,118,86,90,3,330
module_masked__no_conv__tp02_L1_m0p15,module_ablation_masked,no_conv,tp02_L1_m0p15,1.0,-0.15,run2,fold01,72,66.66666666666666,55.55555555555556,-11.1111111111111,-,64.09796893667861,57.151391022358766,-6.946577914319846,-,65.03118150103423,54.93827160493828,-10.092909896095946,-,0.47146101350323194,0.3353881275042346,-0.13607288599899736,-,77.77777777777779,55.55555555555556,-22.22222222222223,64.51612903225806,51.61290322580645,-12.903225806451616,50.0,64.28571428571429,14.285714285714292,"[[21, 5, 1], [9, 20, 2], [2, 5, 7]]","[[15, 6, 6], [8, 16, 7], [4, 1, 9]]","[[-6, 1, 5], [-1, -4, 5], [2, -4, 2]]",-0.16101736515888218,-2.063840948284552,29,19,11,13,8,1477
module_masked__no_conv__tp02_L1_m0p15,module_ablation_masked,no_conv,tp02_L1_m0p15,1.0,-0.15,run2,fold02,71,67.6056338028169,56.33802816901409,-11.267605633802809,-,65.30190239867659,59.582890228051525,-5.719012170625064,-,66.20322607058054,56.118043176866706,-10.085182893713835,-,0.4915534850418973,0.35504558670841607,-0.1365078983334812,-,84.61538461538461,65.38461538461539,-19.230769230769226,61.29032258064516,41.935483870967744,-19.354838709677416,50.0,71.42857142857143,21.42857142857143,"[[22, 4, 0], [10, 19, 2], [2, 5, 7]]","[[17, 6, 3], [9, 13, 9], [3, 1, 10]]","[[-5, 2, 3], [-1, -6, 7], [1, -4, 3]]",-0.18870726590418924,-2.730550801958626,32,16,8,15,8,1254
module_masked__no_conv__tp02_L1_m0p15,module_ablation_masked,no_conv,tp02_L1_m0p15,1.0,-0.15,run2,fold03,71,61.97183098591549,53.52112676056338,-8.450704225352112,-,56.463429044074196,50.425381070542365,-6.038047973531832,-,56.54093774227255,49.21739130434783,-7.323546437924719,-,0.3934646600005766,0.29122763321146794,-0.10223702678910868,-,73.07692307692307,80.76923076923077,7.692307692307708,67.74193548387096,41.935483870967744,-25.806451612903217,28.57142857142857,28.57142857142857,0.0,"[[19, 5, 2], [8, 21, 2], [5, 5, 4]]","[[21, 4, 1], [14, 13, 4], [8, 2, 4]]","[[2, -1, -1], [6, -8, 2], [3, -3, 0]]",-0.1831173090045192,-2.262560610728286,32,12,6,21,4,698
module_masked__no_conv__tp02_L1_m0p15,module_ablation_masked,no_conv,tp02_L1_m0p15,1.0,-0.15,run2,oof_pooled,214,65.42056074766354,55.140186915887845,-10.280373831775698,-,61.95142818254292,55.67060089314071,-6.280827289402211,-,62.72149205089516,54.05505427214285,-8.66643777875231,-,0.452053666047423,0.3227910263733714,-0.12926263967405155,-,78.48101265822784,67.08860759493672,-11.392405063291122,64.51612903225806,45.16129032258064,-19.354838709677423,42.857142857142854,54.761904761904766,11.904761904761912,"[[62, 14, 3], [27, 60, 6], [9, 15, 18]]","[[53, 16, 10], [31, 42, 20], [15, 4, 23]]","[[-9, 2, 7], [4, -18, 14], [6, -11, 5]]",-0.17753642574746642,-2.350969432604012,93,47,25,49,20,3429
data_no_lstm__tp02_L1_m0p15,data_ablation_no_module,no_lstm,tp02_L1_m0p15,1.0,-0.15,run1,fold01,327,75.22935779816514,75.22935779816514,0.0,0,72.98224857739544,72.98224857739544,0.0,0,74.65929369343549,74.65929369343549,0.0,0,0.5824277209957041,0.5824277209957041,0.0,0,76.11940298507463,76.11940298507463,0.0,76.97368421052632,76.97368421052632,0.0,65.85365853658537,65.85365853658537,0.0,"[[102, 30, 2], [31, 117, 4], [4, 10, 27]]","[[102, 30, 2], [31, 117, 4], [4, 10, 27]]","[[0, 0, 0], [0, 0, 0], [0, 0, 0]]",3.5528188853650115e-05,0.0026850146255726426,246,0,0,81,2,215
data_no_lstm__tp02_L1_m0p15,data_ablation_no_module,no_lstm,tp02_L1_m0p15,1.0,-0.15,run1,fold02,326,74.23312883435584,73.92638036809815,-0.30674846625768737,-,73.23841319717204,73.019114951558,-0.21929824561404132,-,73.4197528076379,73.18979549429429,-0.22995731334361835,-,0.5692124265740279,0.5642592776927028,-0.004953148881325142,-,75.3731343283582,75.3731343283582,0.0,74.3421052631579,73.68421052631578,-0.657894736842124,70.0,70.0,0.0,"[[101, 30, 3], [31, 113, 8], [5, 7, 28]]","[[101, 30, 3], [32, 112, 8], [5, 7, 28]]","[[0, 0, 0], [1, -1, 0], [0, 0, 0]]",-0.0026415534934566063,-0.016093748427378984,241,1,0,84,1,115
data_no_lstm__tp02_L1_m0p15,data_ablation_no_module,no_lstm,tp02_L1_m0p15,1.0,-0.15,run1,fold03,326,77.91411042944786,77.91411042944786,0.0,0,77.18643623985336,77.18643623985336,0.0,0,76.36475294195755,76.36475294195755,0.0,0,0.6335414855138196,0.6335414855138196,0.0,0,77.61194029850746,77.61194029850746,0.0,78.94736842105263,78.94736842105263,0.0,75.0,75.0,0.0,"[[104, 23, 7], [25, 120, 7], [3, 7, 30]]","[[104, 23, 7], [25, 120, 7], [3, 7, 30]]","[[0, 0, 0], [0, 0, 0], [0, 0, 0]]",0.0,0.0,254,0,0,72,0,0
data_no_lstm__tp02_L1_m0p15,data_ablation_no_module,no_lstm,tp02_L1_m0p15,1.0,-0.15,run1,oof_pooled,979,75.79162410623084,75.68947906026557,-0.10214504596527263,-,74.4568263510633,74.38372693585862,-0.07309941520468044,-,74.79679148332708,74.72040454466057,-0.07638693866651636,-,0.5949564188779985,0.5932895605504673,-0.0016668583275312177,-,76.3681592039801,76.3681592039801,0.0,76.75438596491229,76.53508771929825,-0.21929824561404132,70.24793388429752,70.24793388429752,0.0,"[[307, 83, 12], [87, 350, 19], [12, 24, 85]]","[[307, 83, 12], [88, 349, 19], [12, 24, 85]]","[[0, 0, 0], [1, -1, 0], [0, 0, 0]]",-0.0008677515026677324,-0.00446226987207691,741,1,0,237,3,330
data_no_lstm__tp02_L1_m0p15,data_ablation_no_module,no_lstm,tp02_L1_m0p15,1.0,-0.15,run2,fold01,72,63.888888888888886,63.888888888888886,0.0,0,63.762303009614826,63.762303009614826,0.0,0,62.59259259259259,62.59259259259259,0.0,0,0.45896250049990833,0.45896250049990833,0.0,0,59.25925925925925,59.25925925925925,0.0,67.74193548387096,67.74193548387096,0.0,64.28571428571429,64.28571428571429,0.0,"[[16, 6, 5], [2, 21, 8], [0, 5, 9]]","[[16, 6, 5], [2, 21, 8], [0, 5, 9]]","[[0, 0, 0], [0, 0, 0], [0, 0, 0]]",-0.00407891580430765,-0.06297573572697326,46,0,0,26,8,1477
data_no_lstm__tp02_L1_m0p15,data_ablation_no_module,no_lstm,tp02_L1_m0p15,1.0,-0.15,run2,fold02,71,56.33802816901409,56.33802816901409,0.0,0,53.73980857851826,52.434125014770174,-1.305683563748083,-,55.29980107985223,53.81818181818182,-1.48161926167041,-,0.2972806093565435,0.29444867992713775,-0.002831929429405744,-,53.84615384615385,53.84615384615385,0.0,64.51612903225806,67.74193548387096,3.225806451612897,42.857142857142854,35.714285714285715,-7.142857142857139,"[[14, 11, 1], [9, 20, 2], [2, 6, 6]]","[[14, 11, 1], [8, 21, 2], [2, 7, 5]]","[[0, 0, 0], [-1, 1, 0], [0, 1, -1]]",0.005304939520191139,-0.0022651256770420303,39,1,1,30,8,1254
data_no_lstm__tp02_L1_m0p15,data_ablation_no_module,no_lstm,tp02_L1_m0p15,1.0,-0.15,run2,fold03,71,67.6056338028169,67.6056338028169,0.0,0,63.58265390523455,63.58265390523455,0.0,0,63.48309568648551,63.48309568648551,0.0,0,0.4934358082473687,0.4934358082473687,0.0,0,76.92307692307693,76.92307692307693,0.0,70.96774193548387,70.96774193548387,0.0,42.857142857142854,42.857142857142854,0.0,"[[20, 4, 2], [4, 22, 5], [6, 2, 6]]","[[20, 4, 2], [4, 22, 5], [6, 2, 6]]","[[0, 0, 0], [0, 0, 0], [0, 0, 0]]",-0.001603630174633486,-4.374109943148272e-05,48,0,0,23,4,698
data_no_lstm__tp02_L1_m0p15,data_ablation_no_module,no_lstm,tp02_L1_m0p15,1.0,-0.15,run2,oof_pooled,214,62.616822429906534,62.616822429906534,0.0,0,60.344358241459105,59.909130386876406,-0.4352278545826991,-,60.31415748674011,59.983551919664116,-0.33060556707599176,-,0.41329125049232496,0.4121939096142817,-0.0010973408780432514,-,63.29113924050633,63.29113924050633,0.0,67.74193548387096,68.81720430107528,1.0752688172043179,50.0,47.61904761904761,-2.3809523809523867,"[[50, 21, 8], [15, 63, 15], [8, 13, 21]]","[[50, 21, 8], [14, 64, 15], [8, 14, 20]]","[[0, 0, 0], [-1, 1, 0], [0, 1, -1]]",-0.00014434100175494128,-0.021954123894727545,133,1,1,79,20,3429
module_masked__no_lstm__tp02_L1_m0p15,module_ablation_masked,no_lstm,tp02_L1_m0p15,1.0,-0.15,run1,fold01,327,80.42813455657493,75.22935779816514,-5.198776758409792,-,76.41118860128114,72.98224857739544,-3.4289400238857013,-,78.61069388842456,74.65929369343549,-3.951400194989077,-,0.6695388785382586,0.5824277209957041,-0.0871111575425545,-,83.5820895522388,76.11940298507463,-7.46268656716417,82.23684210526315,76.97368421052632,-5.263157894736835,63.41463414634146,65.85365853658537,2.439024390243908,"[[112, 20, 2], [25, 125, 2], [5, 10, 26]]","[[102, 30, 2], [31, 117, 4], [4, 10, 27]]","[[-10, 10, 0], [6, -8, 2], [-1, 0, 1]]",-0.07237791890807842,-1.4205374869999308,220,43,26,38,2,215
module_masked__no_lstm__tp02_L1_m0p15,module_ablation_masked,no_lstm,tp02_L1_m0p15,1.0,-0.15,run1,fold02,326,81.59509202453987,73.92638036809815,-7.668711656441715,-,82.30361351139041,73.019114951558,-9.284498559832414,-,82.11529042328695,73.18979549429429,-8.925494928992663,-,0.6929312561648969,0.5642592776927028,-0.12867197847219414,-,78.35820895522389,75.3731343283582,-2.985074626865682,83.55263157894737,73.68421052631578,-9.86842105263159,85.0,70.0,-15.0,"[[105, 27, 2], [20, 127, 5], [2, 4, 34]]","[[101, 30, 3], [32, 112, 8], [5, 7, 28]]","[[-4, 3, 1], [12, -15, 3], [3, 3, -6]]",-0.09240488270795826,-2.4120072266429755,211,55,30,30,1,115
module_masked__no_lstm__tp02_L1_m0p15,module_ablation_masked,no_lstm,tp02_L1_m0p15,1.0,-0.15,run1,fold03,326,84.04907975460122,77.91411042944786,-6.134969325153364,-,80.55053678973553,77.18643623985336,-3.364100549882167,-,82.96722819707497,76.36475294195755,-6.602475255117426,-,0.7301975910800922,0.6335414855138196,-0.09665610556627258,-,82.83582089552239,77.61194029850746,-5.223880597014926,88.81578947368422,78.94736842105263,-9.86842105263159,70.0,75.0,5.0,"[[111, 21, 2], [17, 135, 0], [4, 8, 28]]","[[104, 23, 7], [25, 120, 7], [3, 7, 30]]","[[-7, 2, 5], [8, -15, 7], [-1, -1, 2]]",-0.058484743137362856,1.080665877643127,230,44,24,28,0,0
module_masked__no_lstm__tp02_L1_m0p15,module_ablation_masked,no_lstm,tp02_L1_m0p15,1.0,-0.15,run1,oof_pooled,979,82.02247191011236,75.68947906026557,-6.332992849846789,-,79.72924452696644,74.38372693585862,-5.345517591107821,-,81.31037581770964,74.72040454466057,-6.589971273049073,-,0.6969566053151139,0.5932895605504673,-0.10366704476464661,-,81.59203980099502,76.3681592039801,-5.223880597014926,84.86842105263158,76.53508771929825,-8.333333333333329,72.72727272727273,70.24793388429752,-2.47933884297521,"[[328, 68, 6], [62, 387, 7], [11, 22, 88]]","[[307, 83, 12], [88, 349, 19], [12, 24, 85]]","[[-21, 15, 6], [26, -38, 12], [1, 2, -3]]",-0.0744204264642659,-0.9178069847016629,661,142,80,96,3,330
module_masked__no_lstm__tp02_L1_m0p15,module_ablation_masked,no_lstm,tp02_L1_m0p15,1.0,-0.15,run2,fold01,72,66.66666666666666,63.888888888888886,-2.7777777777777715,-,64.09796893667861,63.762303009614826,-0.3356659270637863,-,65.03118150103423,62.59259259259259,-2.4385889084416377,-,0.47146101350323194,0.45896250049990833,-0.012498513003323608,-,77.77777777777779,59.25925925925925,-18.518518518518533,64.51612903225806,67.74193548387096,3.225806451612897,50.0,64.28571428571429,14.285714285714292,"[[21, 5, 1], [9, 20, 2], [2, 5, 7]]","[[16, 6, 5], [2, 21, 8], [0, 5, 9]]","[[-5, 1, 4], [-7, 1, 6], [-2, 0, 2]]",-0.08213149577350186,-1.9557778965811141,39,9,7,17,8,1477
module_masked__no_lstm__tp02_L1_m0p15,module_ablation_masked,no_lstm,tp02_L1_m0p15,1.0,-0.15,run2,fold02,71,67.6056338028169,56.33802816901409,-11.267605633802809,-,65.30190239867659,52.434125014770174,-12.867777383906414,-,66.20322607058054,53.81818181818182,-12.385044252398721,-,0.4915534850418973,0.29444867992713775,-0.19710480511475953,-,84.61538461538461,53.84615384615385,-30.769230769230766,61.29032258064516,67.74193548387096,6.451612903225801,50.0,35.714285714285715,-14.285714285714285,"[[22, 4, 0], [10, 19, 2], [2, 5, 7]]","[[14, 11, 1], [8, 21, 2], [2, 7, 5]]","[[-8, 7, 1], [-2, 2, 0], [0, 2, -2]]",-0.26578604811381673,-2.8685056545417495,31,17,9,14,8,1254
module_masked__no_lstm__tp02_L1_m0p15,module_ablation_masked,no_lstm,tp02_L1_m0p15,1.0,-0.15,run2,fold03,71,61.97183098591549,67.6056338028169,5.633802816901408,+,56.463429044074196,63.58265390523455,7.119224861160355,+,56.54093774227255,63.48309568648551,6.9421579442129655,+,0.3934646600005766,0.4934358082473687,0.0999711482467921,+,73.07692307692307,76.92307692307693,3.846153846153868,67.74193548387096,70.96774193548387,3.225806451612911,28.57142857142857,42.857142857142854,14.285714285714285,"[[19, 5, 2], [8, 21, 2], [5, 5, 4]]","[[20, 4, 2], [4, 22, 5], [6, 2, 6]]","[[1, -1, 0], [-4, 1, 3], [1, -3, 2]]",-0.029981356703525953,-1.9716188589661894,37,7,11,16,4,698
module_masked__no_lstm__tp02_L1_m0p15,module_ablation_masked,no_lstm,tp02_L1_m0p15,1.0,-0.15,run2,oof_pooled,214,65.42056074766354,62.616822429906534,-2.803738317757009,-,61.95142818254292,59.909130386876406,-2.0422977956665136,-,62.72149205089516,59.983551919664116,-2.737940131231042,-,0.452053666047423,0.4121939096142817,-0.03985975643314127,-,78.48101265822784,63.29113924050633,-15.189873417721508,64.51612903225806,68.81720430107528,4.301075268817215,42.857142857142854,47.61904761904761,4.761904761904759,"[[62, 14, 3], [27, 60, 6], [9, 15, 18]]","[[50, 21, 8], [14, 64, 15], [8, 14, 20]]","[[-12, 7, 5], [-13, 4, 9], [-1, -1, 2]]",-0.12576146466225918,-2.263854434639738,107,33,27,47,20,3429
data_no_attention__tp02_L1_m0p15,data_ablation_no_module,no_attention,tp02_L1_m0p15,1.0,-0.15,run1,fold01,327,81.9571865443425,81.9571865443425,0.0,0,79.91197734051183,79.91197734051183,0.0,0,82.01435063589545,82.01435063589545,0.0,0,0.6962494375241386,0.6962494375241386,0.0,0,84.32835820895522,84.32835820895522,0.0,82.23684210526315,82.23684210526315,0.0,73.17073170731707,73.17073170731707,0.0,"[[113, 19, 2], [27, 125, 0], [2, 9, 30]]","[[113, 19, 2], [27, 125, 0], [2, 9, 30]]","[[0, 0, 0], [0, 0, 0], [0, 0, 0]]",-0.00021260104424089383,-0.02886668193960044,268,0,0,59,2,215
data_no_attention__tp02_L1_m0p15,data_ablation_no_module,no_attention,tp02_L1_m0p15,1.0,-0.15,run1,fold02,326,81.90184049079755,81.90184049079755,0.0,0,79.51165226499084,79.51165226499084,0.0,0,80.47822307750707,80.47822307750707,0.0,0,0.6958625448093783,0.6958625448093783,0.0,0,79.8507462686567,79.8507462686567,0.0,86.18421052631578,86.18421052631578,0.0,72.5,72.5,0.0,"[[107, 24, 3], [17, 131, 4], [4, 7, 29]]","[[107, 24, 3], [17, 131, 4], [4, 7, 29]]","[[0, 0, 0], [0, 0, 0], [0, 0, 0]]",2.1368630824645212e-05,0.018791868277122637,267,0,0,59,1,115
data_no_attention__tp02_L1_m0p15,data_ablation_no_module,no_attention,tp02_L1_m0p15,1.0,-0.15,run1,fold03,326,84.3558282208589,84.3558282208589,0.0,0,83.89892642052894,83.89892642052894,0.0,0,83.66469909688912,83.66469909688912,0.0,0,0.7390486456524588,0.7390486456524588,0.0,0,84.32835820895522,84.32835820895522,0.0,84.86842105263158,84.86842105263158,0.0,82.5,82.5,0.0,"[[113, 20, 1], [16, 129, 7], [4, 3, 33]]","[[113, 20, 1], [16, 129, 7], [4, 3, 33]]","[[0, 0, 0], [0, 0, 0], [0, 0, 0]]",0.0,0.0,275,0,0,51,0,0
data_no_attention__tp02_L1_m0p15,data_ablation_no_module,no_attention,tp02_L1_m0p15,1.0,-0.15,run1,oof_pooled,979,82.73748723186925,82.73748723186925,0.0,0,81.09956776938853,81.09956776938853,0.0,0,82.05217929651486,82.05217929651486,0.0,0,0.7100686691507885,0.7100686691507885,0.0,0,82.83582089552239,82.83582089552239,0.0,84.4298245614035,84.4298245614035,0.0,76.03305785123968,76.03305785123968,0.0,"[[333, 63, 6], [60, 385, 11], [10, 19, 92]]","[[333, 63, 6], [60, 385, 11], [10, 19, 92]]","[[0, 0, 0], [0, 0, 0], [0, 0, 0]]",-6.38961877609172e-05,-0.0033843267986796363,810,0,0,169,3,330
data_no_attention__tp02_L1_m0p15,data_ablation_no_module,no_attention,tp02_L1_m0p15,1.0,-0.15,run2,fold01,72,58.333333333333336,54.166666666666664,-4.166666666666671,-,55.384877965523124,51.999772429879954,-3.38510553564317,-,55.707282913165265,52.032641687814106,-3.6746412253511593,-,0.3440986103748549,0.2807039378972762,-0.06339467247757868,-,55.55555555555556,51.85185185185185,-3.7037037037037095,67.74193548387096,61.29032258064516,-6.451612903225801,42.857142857142854,42.857142857142854,0.0,"[[15, 9, 3], [5, 21, 5], [1, 7, 6]]","[[14, 9, 4], [7, 19, 5], [1, 7, 6]]","[[-1, 0, 1], [2, -2, 0], [0, 0, 0]]",-0.01653725098973761,-0.13970205581022632,38,4,1,29,8,1477
data_no_attention__tp02_L1_m0p15,data_ablation_no_module,no_attention,tp02_L1_m0p15,1.0,-0.15,run2,fold02,71,63.38028169014085,61.97183098591549,-1.4084507042253591,-,68.66950254047029,66.08176769467092,-2.5877348457993747,-,63.681341719077565,62.26788012502298,-1.4134615940545885,-,0.4690406293950227,0.4353862436670692,-0.03365438572795354,-,61.53846153846154,57.692307692307686,-3.846153846153854,51.61290322580645,54.83870967741935,3.225806451612904,92.85714285714286,85.71428571428571,-7.142857142857153,"[[16, 6, 4], [7, 16, 8], [1, 0, 13]]","[[15, 7, 4], [7, 17, 7], [1, 1, 12]]","[[-1, 1, 0], [0, 1, -1], [0, 1, -1]]",0.009749806301545214,0.01389559117001547,43,2,1,25,8,1254
data_no_attention__tp02_L1_m0p15,data_ablation_no_module,no_attention,tp02_L1_m0p15,1.0,-0.15,run2,fold03,71,56.33802816901409,56.33802816901409,0.0,0,51.74878884556304,51.54200638071605,-0.20678246484698803,-,51.7458781609725,51.62490922294843,-0.12096893802407038,-,0.30795014030702567,0.3094660330408319,0.0015158927338062567,+,65.38461538461539,61.53846153846154,-3.8461538461538467,61.29032258064516,64.51612903225806,3.225806451612904,28.57142857142857,28.57142857142857,0.0,"[[17, 7, 2], [6, 19, 6], [4, 6, 4]]","[[16, 7, 3], [5, 20, 6], [4, 6, 4]]","[[-1, 0, 1], [-1, 1, 0], [0, 0, 0]]",-0.0025698995401321986,-0.031104649876205013,39,1,1,30,4,698
data_no_attention__tp02_L1_m0p15,data_ablation_no_module,no_attention,tp02_L1_m0p15,1.0,-0.15,run2,oof_pooled,214,59.345794392523366,57.476635514018696,-1.8691588785046704,-,58.5788173987439,56.519343820282984,-2.059473578460917,-,57.96936324972884,55.97652209472951,-1.9928411549993328,-,0.36980374236342506,0.3402520090471957,-0.029551733316229345,-,60.75949367088608,56.9620253164557,-3.7974683544303787,60.215053763440864,60.215053763440864,0.0,54.761904761904766,52.38095238095239,-2.3809523809523796,"[[48, 22, 9], [18, 56, 19], [6, 13, 23]]","[[45, 23, 11], [19, 56, 18], [6, 14, 22]]","[[-3, 1, 2], [1, 0, -1], [0, 1, -1]]",-0.0031818163140223546,-0.05271210834801754,120,7,3,84,20,3429
module_masked__no_attention__tp02_L1_m0p15,module_ablation_masked,no_attention,tp02_L1_m0p15,1.0,-0.15,run1,fold01,327,80.42813455657493,81.9571865443425,1.5290519877675735,+,76.41118860128114,79.91197734051183,3.5007887392306856,+,78.61069388842456,82.01435063589545,3.4036567474708903,+,0.6695388785382586,0.6962494375241386,0.02671055898588004,+,83.5820895522388,84.32835820895522,0.7462686567164241,82.23684210526315,82.23684210526315,0.0,63.41463414634146,73.17073170731707,9.756097560975611,"[[112, 20, 2], [25, 125, 2], [5, 10, 26]]","[[113, 19, 2], [27, 125, 0], [2, 9, 30]]","[[1, -1, 0], [2, 0, -2], [-3, -1, 4]]",-0.003493873921696576,0.5511498798072247,234,29,34,30,2,215
module_masked__no_attention__tp02_L1_m0p15,module_ablation_masked,no_attention,tp02_L1_m0p15,1.0,-0.15,run1,fold02,326,81.59509202453987,81.90184049079755,0.30674846625768737,+,82.30361351139041,79.51165226499084,-2.791961246399566,-,82.11529042328695,80.47822307750707,-1.637067345779883,-,0.6929312561648969,0.6958625448093783,0.0029312886444813335,+,78.35820895522389,79.8507462686567,1.4925373134328197,83.55263157894737,86.18421052631578,2.6315789473684106,85.0,72.5,-12.5,"[[105, 27, 2], [20, 127, 5], [2, 4, 34]]","[[107, 24, 3], [17, 131, 4], [4, 7, 29]]","[[2, -3, 1], [-3, 4, -1], [2, 3, -5]]",-0.0027390599991955035,1.9966860000398352,232,34,35,25,1,115
module_masked__no_attention__tp02_L1_m0p15,module_ablation_masked,no_attention,tp02_L1_m0p15,1.0,-0.15,run1,fold03,326,84.04907975460122,84.3558282208589,0.30674846625767316,+,80.55053678973553,83.89892642052894,3.348389630793406,+,82.96722819707497,83.66469909688912,0.6974708998141494,+,0.7301975910800922,0.7390486456524588,0.008851054572366568,+,82.83582089552239,84.32835820895522,1.492537313432834,88.81578947368422,84.86842105263158,-3.9473684210526443,70.0,82.5,12.5,"[[111, 21, 2], [17, 135, 0], [4, 8, 28]]","[[113, 20, 1], [16, 129, 7], [4, 3, 33]]","[[2, -1, -1], [-1, -6, 7], [0, -5, 5]]",-0.008201798213698952,0.9643015484925519,244,30,31,21,0,0
module_masked__no_attention__tp02_L1_m0p15,module_ablation_masked,no_attention,tp02_L1_m0p15,1.0,-0.15,run1,oof_pooled,979,82.02247191011236,82.73748723186925,0.7150153217568942,+,79.72924452696644,81.09956776938853,1.3703232424220886,+,81.31037581770964,82.05217929651486,0.7418034788052239,+,0.6969566053151139,0.7100686691507885,0.013112063835674537,+,81.59203980099502,82.83582089552239,1.243781094527364,84.86842105263158,84.4298245614035,-0.43859649122806843,72.72727272727273,76.03305785123968,3.305785123966942,"[[328, 68, 6], [62, 387, 7], [11, 22, 88]]","[[333, 63, 6], [60, 385, 11], [10, 19, 92]]","[[5, -5, 0], [-2, -2, 4], [-1, -3, 4]]",-0.004810231409395681,1.1700796236144235,710,93,100,76,3,330
module_masked__no_attention__tp02_L1_m0p15,module_ablation_masked,no_attention,tp02_L1_m0p15,1.0,-0.15,run2,fold01,72,66.66666666666666,54.166666666666664,-12.499999999999993,-,64.09796893667861,51.999772429879954,-12.098196506798658,-,65.03118150103423,52.032641687814106,-12.99853981322012,-,0.47146101350323194,0.2807039378972762,-0.19075707560595573,-,77.77777777777779,51.85185185185185,-25.925925925925938,64.51612903225806,61.29032258064516,-3.225806451612904,50.0,42.857142857142854,-7.142857142857146,"[[21, 5, 1], [9, 20, 2], [2, 5, 7]]","[[14, 9, 4], [7, 19, 5], [1, 7, 6]]","[[-7, 4, 3], [-2, -1, 3], [-1, 2, -1]]",-0.1701272976593897,-2.3669538278093873,34,14,5,19,8,1477
module_masked__no_attention__tp02_L1_m0p15,module_ablation_masked,no_attention,tp02_L1_m0p15,1.0,-0.15,run2,fold02,71,67.6056338028169,61.97183098591549,-5.633802816901408,-,65.30190239867659,66.08176769467092,0.7798652959943269,+,66.20322607058054,62.26788012502298,-3.9353459455575646,-,0.4915534850418973,0.4353862436670692,-0.05616724137482809,-,84.61538461538461,57.692307692307686,-26.923076923076927,61.29032258064516,54.83870967741935,-6.451612903225808,50.0,85.71428571428571,35.71428571428571,"[[22, 4, 0], [10, 19, 2], [2, 5, 7]]","[[15, 7, 4], [7, 17, 7], [1, 1, 12]]","[[-7, 3, 4], [-3, -2, 5], [-1, -4, 5]]",-0.09238074107560841,-2.058997115954875,33,15,11,12,8,1254
module_masked__no_attention__tp02_L1_m0p15,module_ablation_masked,no_attention,tp02_L1_m0p15,1.0,-0.15,run2,fold03,71,61.97183098591549,56.33802816901409,-5.633802816901401,-,56.463429044074196,51.54200638071605,-4.921422663358143,-,56.54093774227255,51.62490922294843,-4.916028519324115,-,0.3934646600005766,0.3094660330408319,-0.0839986269597447,-,73.07692307692307,61.53846153846154,-11.538461538461526,67.74193548387096,64.51612903225806,-3.225806451612897,28.57142857142857,28.57142857142857,0.0,"[[19, 5, 2], [8, 21, 2], [5, 5, 4]]","[[16, 7, 3], [5, 20, 6], [4, 6, 4]]","[[-3, 2, 1], [-3, -1, 4], [-1, 1, 0]]",-0.1499217806414491,-3.1490532697611293,33,11,7,20,4,698
module_masked__no_attention__tp02_L1_m0p15,module_ablation_masked,no_attention,tp02_L1_m0p15,1.0,-0.15,run2,oof_pooled,214,65.42056074766354,57.476635514018696,-7.943925233644848,-,61.95142818254292,56.519343820282984,-5.4320843622599355,-,62.72149205089516,55.97652209472951,-6.744969956165647,-,0.452053666047423,0.3402520090471957,-0.11180165700022726,-,78.48101265822784,56.9620253164557,-21.51898734177214,64.51612903225806,60.215053763440864,-4.3010752688172005,42.857142857142854,52.38095238095239,9.523809523809533,"[[62, 14, 3], [27, 60, 6], [9, 15, 18]]","[[45, 23, 11], [19, 56, 18], [6, 14, 22]]","[[-17, 9, 8], [-8, -4, 12], [-3, -1, 4]]",-0.13762917978218292,-2.5242628644304306,100,40,23,51,20,3429
data_full__tp03_L2_m0p57,data_ablation_full,,tp03_L2_m0p57,2.0,-0.57,run1,fold01,327,80.73394495412845,76.14678899082568,-4.587155963302763,-,76.63048684689517,73.34101316268466,-3.289473684210506,-,79.0877721312504,74.9261908596146,-4.161581271635811,-,0.6743426700043699,0.6015558155264147,-0.07278685447795519,-,83.5820895522388,83.5820895522388,0.0,82.89473684210526,73.02631578947368,-9.868421052631575,63.41463414634146,63.41463414634146,0.0,"[[112, 20, 2], [25, 126, 1], [5, 10, 26]]","[[112, 20, 2], [37, 111, 4], [5, 10, 26]]","[[0, 0, 0], [12, -15, 3], [0, 0, 0]]",-0.043153138832435885,-0.7251052486080825,246,18,3,60,60,11216
data_full__tp03_L2_m0p57,data_ablation_full,,tp03_L2_m0p57,2.0,-0.57,run1,fold02,326,81.59509202453987,80.98159509202453,-0.6134969325153321,-,82.30361351139041,81.89447499345378,-0.4091385179366256,-,82.11529042328695,81.66545630597918,-0.44983411730777334,-,0.6929312561648969,0.6826458596153814,-0.010285396549515546,-,78.35820895522389,79.1044776119403,0.7462686567164099,83.55263157894737,81.57894736842105,-1.973684210526315,85.0,85.0,0.0,"[[105, 27, 2], [20, 127, 5], [2, 4, 34]]","[[106, 26, 2], [23, 124, 5], [2, 4, 34]]","[[1, -1, 0], [3, -3, 0], [0, 0, 0]]",-0.009481449817845447,-0.23707102709935488,262,4,2,58,35,6274
data_full__tp03_L2_m0p57,data_ablation_full,,tp03_L2_m0p57,2.0,-0.57,run1,fold03,326,84.04907975460122,82.82208588957054,-1.2269938650306784,-,80.55053678973553,79.67334380727938,-0.8771929824561511,-,82.96722819707497,81.79182648395695,-1.1754017131180206,-,0.7301975910800922,0.7094209393380266,-0.020776651742065555,-,82.83582089552239,82.83582089552239,0.0,88.81578947368422,86.18421052631578,-2.631578947368439,70.0,70.0,0.0,"[[111, 21, 2], [17, 135, 0], [4, 8, 28]]","[[111, 21, 2], [20, 131, 1], [4, 8, 28]]","[[0, 0, 0], [3, -4, 1], [0, 0, 0]]",-0.01448403511557182,-0.2125326803902541,267,7,3,49,37,6978
data_full__tp03_L2_m0p57,data_ablation_full,,tp03_L2_m0p57,2.0,-0.57,run1,oof_pooled,979,82.12461695607763,79.97957099080695,-2.1450459652706826,-,79.80234394217112,78.27707554730337,-1.5252683948677515,-,81.47172321467072,79.5407154572586,-1.931007757412118,-,0.6985628449866854,0.6634712596597904,-0.03509158532689505,-,81.59203980099502,81.8407960199005,0.24875621890546995,85.08771929824562,80.26315789473685,-4.824561403508767,72.72727272727273,72.72727272727273,0.0,"[[328, 68, 6], [62, 388, 6], [11, 22, 88]]","[[329, 67, 6], [80, 366, 10], [11, 22, 88]]","[[1, -1, 0], [18, -22, 4], [0, 0, 0]]",-0.02239410059908127,-0.3919103421209964,775,29,8,167,132,24468
data_full__tp03_L2_m0p57,data_ablation_full,,tp03_L2_m0p57,2.0,-0.57,run2,fold01,72,69.44444444444444,69.44444444444444,0.0,0,66.40780565511749,66.40780565511749,0.0,0,66.85875706214689,66.56940760389035,-0.28934945825653813,-,0.5182264323917611,0.5189937167591026,0.0007672843673414143,+,81.48148148148148,81.48148148148148,0.0,67.74193548387096,67.74193548387096,0.0,50.0,50.0,0.0,"[[22, 3, 2], [8, 21, 2], [2, 5, 7]]","[[22, 3, 2], [7, 21, 3], [2, 5, 7]]","[[0, 0, 0], [-1, 0, 1], [0, 0, 0]]",-0.0003350431385721694,-0.03987017294598951,50,0,0,22,2,234
data_full__tp03_L2_m0p57,data_ablation_full,,tp03_L2_m0p57,2.0,-0.57,run2,fold02,71,66.19718309859155,66.19718309859155,0.0,0,65.3255346803734,65.3255346803734,0.0,0,65.75180206506916,65.75180206506916,0.0,0,0.47169889043248636,0.47169889043248636,0.0,0,80.76923076923077,80.76923076923077,0.0,58.06451612903226,58.06451612903226,0.0,57.14285714285714,57.14285714285714,0.0,"[[21, 5, 0], [10, 18, 3], [2, 4, 8]]","[[21, 5, 0], [10, 18, 3], [2, 4, 8]]","[[0, 0, 0], [0, 0, 0], [0, 0, 0]]",2.0406459491785354e-05,0.03791087781879264,47,0,0,24,3,366
data_full__tp03_L2_m0p57,data_ablation_full,,tp03_L2_m0p57,2.0,-0.57,run2,fold03,71,66.19718309859155,66.19718309859155,0.0,0,59.89601796053409,59.89601796053409,0.0,0,60.04855889724311,60.02554278416348,-0.023016113079634692,-,0.45896608905667236,0.460437150159194,0.0014710611025216536,+,76.92307692307693,76.92307692307693,0.0,74.19354838709677,74.19354838709677,0.0,28.57142857142857,28.57142857142857,0.0,"[[20, 5, 1], [6, 23, 2], [5, 5, 4]]","[[20, 5, 1], [6, 23, 2], [6, 4, 4]]","[[0, 0, 0], [0, 0, 0], [1, -1, 0]]",2.4163727446188157e-08,0.024797043330232835,47,0,0,24,2,265
data_full__tp03_L2_m0p57,data_ablation_full,,tp03_L2_m0p57,2.0,-0.57,run2,oof_pooled,214,67.28971962616822,67.28971962616822,0.0,0,63.883865782599955,63.883865782599955,0.0,0,64.55099829747716,64.42868835686517,-0.12230994061199851,-,0.4824688400261222,0.483236229225805,0.0007673891996827775,+,79.74683544303798,79.74683544303798,0.0,66.66666666666666,66.66666666666666,0.0,45.23809523809524,45.23809523809524,0.0,"[[63, 13, 3], [24, 62, 7], [9, 14, 19]]","[[63, 13, 3], [23, 62, 8], [10, 13, 19]]","[[0, 0, 0], [-1, 0, 1], [1, -1, 0]]",-0.0001059464099468727,0.007390700698455907,144,0,0,70,7,865
data_no_conv__tp03_L2_m0p57,data_ablation_no_module,no_conv,tp03_L2_m0p57,2.0,-0.57,run1,fold01,327,79.20489296636084,74.31192660550458,-4.8929663608562635,-,77.82046123681977,74.28223133370375,-3.5382299031160187,-,79.390186562109,74.48038073038073,-4.909805831728264,-,0.6509524121737486,0.5753642656978617,-0.07558814647588685,-,81.34328358208955,80.59701492537313,-0.7462686567164241,78.94736842105263,69.07894736842105,-9.868421052631575,73.17073170731707,73.17073170731707,0.0,"[[109, 24, 1], [29, 120, 3], [5, 6, 30]]","[[108, 25, 1], [39, 105, 8], [5, 6, 30]]","[[-1, 1, 0], [10, -15, 5], [0, 0, 0]]",-0.04499978810843278,-0.7196145961317447,241,18,2,66,60,11216
data_no_conv__tp03_L2_m0p57,data_ablation_no_module,no_conv,tp03_L2_m0p57,2.0,-0.57,run1,fold02,326,80.06134969325154,77.30061349693251,-2.76073619631903,-,78.89827179890023,76.92458758837391,-1.973684210526315,-,78.65140888396702,75.76685468708033,-2.884554196886697,-,0.667755761900005,0.6259190746413257,-0.041836687258679284,-,82.08955223880598,82.08955223880598,0.0,79.60526315789474,73.68421052631578,-5.921052631578959,75.0,75.0,0.0,"[[110, 22, 2], [22, 121, 9], [4, 6, 30]]","[[110, 22, 2], [27, 112, 13], [4, 6, 30]]","[[0, 0, 0], [5, -9, 4], [0, 0, 0]]",-0.019600018408983136,-0.08217641388414645,250,11,2,63,35,6274
data_no_conv__tp03_L2_m0p57,data_ablation_no_module,no_conv,tp03_L2_m0p57,2.0,-0.57,run1,fold03,326,77.60736196319019,75.76687116564416,-1.8404907975460247,-,80.15514532600157,78.83935585231737,-1.3157894736842053,-,76.45264363658288,74.69705294051892,-1.7555906960639618,-,0.6403712014169086,0.6138868493061312,-0.026484352110777376,-,80.59701492537313,80.59701492537313,0.0,72.36842105263158,68.42105263157895,-3.94736842105263,87.5,87.5,0.0,"[[108, 18, 8], [28, 110, 14], [0, 5, 35]]","[[108, 18, 8], [32, 104, 16], [0, 5, 35]]","[[0, 0, 0], [4, -6, 2], [0, 0, 0]]",-0.01387457326347397,-0.05741405345362388,242,11,5,68,37,6978
data_no_conv__tp03_L2_m0p57,data_ablation_no_module,no_conv,tp03_L2_m0p57,2.0,-0.57,run1,oof_pooled,979,78.95812053115424,75.79162410623084,-3.1664964249233947,-,78.94312149561026,76.66722029983474,-2.2759011957755177,-,78.0672759638754,74.93053227513295,-3.136743688742456,-,0.6519762827892167,0.6044731333872411,-0.04750314940197564,-,81.34328358208955,81.09452736318407,-0.24875621890548416,76.97368421052632,70.39473684210526,-6.578947368421055,78.51239669421489,78.51239669421489,0.0,"[[327, 64, 11], [79, 351, 26], [9, 17, 95]]","[[326, 65, 11], [98, 321, 37], [9, 17, 95]]","[[-1, 1, 0], [19, -30, 11], [0, 0, 0]]",-0.026177372417444878,-0.28684419334749095,733,40,9,197,132,24468
data_no_conv__tp03_L2_m0p57,data_ablation_no_module,no_conv,tp03_L2_m0p57,2.0,-0.57,run2,fold01,72,55.55555555555556,54.166666666666664,-1.3888888888888928,-,57.151391022358766,56.07612220515447,-1.0752688172042966,-,54.93827160493828,53.71640937678674,-1.2218622281515366,-,0.3353881275042346,0.3156643605414336,-0.01972376696280098,-,55.55555555555556,55.55555555555556,0.0,51.61290322580645,48.38709677419355,-3.225806451612897,64.28571428571429,64.28571428571429,0.0,"[[15, 6, 6], [8, 16, 7], [4, 1, 9]]","[[15, 6, 6], [9, 15, 7], [4, 1, 9]]","[[0, 0, 0], [1, -1, 0], [0, 0, 0]]",-0.013842718028980825,-0.12524509450627697,39,1,0,32,2,234
data_no_conv__tp03_L2_m0p57,data_ablation_no_module,no_conv,tp03_L2_m0p57,2.0,-0.57,run2,fold02,71,56.33802816901409,56.33802816901409,0.0,0,60.888573791799594,60.888573791799594,0.0,0,56.23083683234059,56.23083683234059,0.0,0,0.3663549852444777,0.3663549852444777,0.0,0,65.38461538461539,65.38461538461539,0.0,38.70967741935484,38.70967741935484,0.0,78.57142857142857,78.57142857142857,0.0,"[[17, 6, 3], [9, 12, 10], [3, 0, 11]]","[[17, 6, 3], [9, 12, 10], [3, 0, 11]]","[[0, 0, 0], [0, 0, 0], [0, 0, 0]]",-8.661814138922853e-05,-0.009628039010813539,40,0,0,31,3,366
data_no_conv__tp03_L2_m0p57,data_ablation_no_module,no_conv,tp03_L2_m0p57,2.0,-0.57,run2,fold03,71,54.929577464788736,54.929577464788736,0.0,0,51.50064988774666,51.50064988774666,0.0,0,50.483091787439605,50.550724637681164,0.06763285024155863,+,0.3108593378795985,0.315131866688941,0.00427252880934248,+,80.76923076923077,80.76923076923077,0.0,45.16129032258064,45.16129032258064,0.0,28.57142857142857,28.57142857142857,0.0,"[[21, 4, 1], [13, 14, 4], [8, 2, 4]]","[[21, 4, 1], [13, 14, 4], [9, 1, 4]]","[[0, 0, 0], [0, 0, 0], [1, -1, 0]]",0.0003024744192502321,-0.09073543590559087,39,0,0,32,2,265
data_no_conv__tp03_L2_m0p57,data_ablation_no_module,no_conv,tp03_L2_m0p57,2.0,-0.57,run2,oof_pooled,214,55.60747663551402,55.140186915887845,-0.46728971962617294,-,56.4642516867915,56.10582874772339,-0.35842293906810596,-,54.638998759215426,54.21659386616632,-0.4224048930491051,-,0.33252990827619394,0.32704787272703617,-0.005482035549157771,-,67.08860759493672,67.08860759493672,0.0,45.16129032258064,44.086021505376344,-1.0752688172042966,57.14285714285714,57.14285714285714,0.0,"[[53, 16, 10], [30, 42, 21], [15, 3, 24]]","[[53, 16, 10], [31, 41, 21], [16, 2, 24]]","[[0, 0, 0], [1, -1, 0], [1, -1, 0]]",-0.004585747207282655,-0.07543669870802175,118,1,0,95,7,865
module_masked__no_conv__tp03_L2_m0p57,module_ablation_masked,no_conv,tp03_L2_m0p57,2.0,-0.57,run1,fold01,327,76.14678899082568,74.31192660550458,-1.8348623853211024,-,73.34101316268466,74.28223133370375,0.9412181710190879,+,74.9261908596146,74.48038073038073,-0.44581012923386254,-,0.6015558155264147,0.5753642656978617,-0.026191549828552985,-,83.5820895522388,80.59701492537313,-2.985074626865668,73.02631578947368,69.07894736842105,-3.94736842105263,63.41463414634146,73.17073170731707,9.756097560975611,"[[112, 20, 2], [37, 111, 4], [5, 10, 26]]","[[108, 25, 1], [39, 105, 8], [5, 6, 30]]","[[-4, 5, -1], [2, -6, 4], [0, -4, 4]]",-0.016761128642226397,0.22186646799611023,215,34,28,50,60,11216
module_masked__no_conv__tp03_L2_m0p57,module_ablation_masked,no_conv,tp03_L2_m0p57,2.0,-0.57,run1,fold02,326,80.98159509202453,77.30061349693251,-3.680981595092021,-,81.89447499345378,76.92458758837391,-4.969887405079874,-,81.66545630597918,75.76685468708033,-5.8986016188988515,-,0.6826458596153814,0.6259190746413257,-0.0567267849740557,-,79.1044776119403,82.08955223880598,2.985074626865682,81.57894736842105,73.68421052631578,-7.894736842105274,85.0,75.0,-10.0,"[[106, 26, 2], [23, 124, 5], [2, 4, 34]]","[[110, 22, 2], [27, 112, 13], [4, 6, 30]]","[[4, -4, 0], [4, -12, 8], [2, 2, -4]]",-0.046188510824982786,-1.256645596706154,218,46,34,28,35,6274
module_masked__no_conv__tp03_L2_m0p57,module_ablation_masked,no_conv,tp03_L2_m0p57,2.0,-0.57,run1,fold03,326,82.82208588957054,75.76687116564416,-7.055214723926383,-,79.67334380727938,78.83935585231737,-0.8339879549620122,-,81.79182648395695,74.69705294051892,-7.094773543438038,-,0.7094209393380266,0.6138868493061312,-0.09553409003189539,-,82.83582089552239,80.59701492537313,-2.238805970149258,86.18421052631578,68.42105263157895,-17.763157894736835,70.0,87.5,17.5,"[[111, 21, 2], [20, 131, 1], [4, 8, 28]]","[[108, 18, 8], [32, 104, 16], [0, 5, 35]]","[[-3, -3, 6], [12, -27, 15], [-4, -3, 7]]",-0.0942327196460532,-2.260935748430209,217,53,30,26,37,6978
module_masked__no_conv__tp03_L2_m0p57,module_ablation_masked,no_conv,tp03_L2_m0p57,2.0,-0.57,run1,oof_pooled,979,79.97957099080695,75.79162410623084,-4.187946884576107,-,78.27707554730337,76.66722029983474,-1.60985524746863,-,79.5407154572586,74.93053227513295,-4.6101831821256525,-,0.6634712596597904,0.6044731333872411,-0.0589981262725493,-,81.8407960199005,81.09452736318407,-0.7462686567164241,80.26315789473685,70.39473684210526,-9.86842105263159,72.72727272727273,78.51239669421489,5.785123966942152,"[[329, 67, 6], [80, 366, 10], [11, 22, 88]]","[[326, 65, 11], [98, 321, 37], [9, 17, 95]]","[[-3, -2, 5], [18, -45, 27], [-2, -5, 7]]",-0.05235772236932152,-1.0972228636156551,650,133,92,104,132,24468
module_masked__no_conv__tp03_L2_m0p57,module_ablation_masked,no_conv,tp03_L2_m0p57,2.0,-0.57,run2,fold01,72,69.44444444444444,54.166666666666664,-15.277777777777779,-,66.40780565511749,56.07612220515447,-10.331683449963016,-,66.56940760389035,53.71640937678674,-12.852998227103612,-,0.5189937167591026,0.3156643605414336,-0.20332935621766896,-,81.48148148148148,55.55555555555556,-25.925925925925924,67.74193548387096,48.38709677419355,-19.35483870967741,50.0,64.28571428571429,14.285714285714292,"[[22, 3, 2], [7, 21, 3], [2, 5, 7]]","[[15, 6, 6], [9, 15, 7], [4, 1, 9]]","[[-7, 3, 4], [2, -6, 4], [2, -4, 2]]",-0.17237092159974862,-2.0872407678527654,30,20,9,13,2,234
module_masked__no_conv__tp03_L2_m0p57,module_ablation_masked,no_conv,tp03_L2_m0p57,2.0,-0.57,run2,fold02,71,66.19718309859155,56.33802816901409,-9.859154929577464,-,65.3255346803734,60.888573791799594,-4.4369608885738,-,65.75180206506916,56.23083683234059,-9.520965232728564,-,0.47169889043248636,0.3663549852444777,-0.10534390518800868,-,80.76923076923077,65.38461538461539,-15.384615384615387,58.06451612903226,38.70967741935484,-19.354838709677423,57.14285714285714,78.57142857142857,21.42857142857143,"[[21, 5, 0], [10, 18, 3], [2, 4, 8]]","[[17, 6, 3], [9, 12, 10], [3, 0, 11]]","[[-4, 1, 3], [-1, -6, 7], [1, -4, 3]]",-0.16881858453777895,-2.4722584738645335,31,16,9,15,3,366
module_masked__no_conv__tp03_L2_m0p57,module_ablation_masked,no_conv,tp03_L2_m0p57,2.0,-0.57,run2,fold03,71,66.19718309859155,54.929577464788736,-11.267605633802816,-,59.89601796053409,51.50064988774666,-8.395368072787427,-,60.02554278416348,50.550724637681164,-9.474818146482313,-,0.460437150159194,0.315131866688941,-0.145305283470253,-,76.92307692307693,80.76923076923077,3.8461538461538396,74.19354838709677,45.16129032258064,-29.032258064516128,28.57142857142857,28.57142857142857,0.0,"[[20, 5, 1], [6, 23, 2], [6, 4, 4]]","[[21, 4, 1], [13, 14, 4], [9, 1, 4]]","[[1, -1, 0], [7, -9, 2], [3, -3, 0]]",-0.218636809894033,-3.0596857199504393,34,13,5,19,2,265
module_masked__no_conv__tp03_L2_m0p57,module_ablation_masked,no_conv,tp03_L2_m0p57,2.0,-0.57,run2,oof_pooled,214,67.28971962616822,55.140186915887845,-12.149532710280376,-,63.883865782599955,56.10582874772339,-7.7780370348765615,-,64.42868835686517,54.21659386616632,-10.212094490698846,-,0.483236229225805,0.32704787272703617,-0.15618835649876883,-,79.74683544303798,67.08860759493672,-12.658227848101262,66.66666666666666,44.086021505376344,-22.580645161290313,45.23809523809524,57.14285714285714,11.904761904761898,"[[63, 13, 3], [23, 62, 8], [10, 13, 19]]","[[53, 16, 10], [31, 41, 21], [16, 2, 24]]","[[-10, 3, 7], [8, -21, 13], [6, -11, 5]]",-0.1865422399992549,-2.537613892739543,95,49,23,47,7,865
data_no_lstm__tp03_L2_m0p57,data_ablation_no_module,no_lstm,tp03_L2_m0p57,2.0,-0.57,run1,fold01,327,75.22935779816514,69.41896024464832,-5.810397553516822,-,72.98224857739544,68.84503988402021,-4.137208693375229,-,74.65929369343549,68.58332697176736,-6.075966721668124,-,0.5824277209957041,0.4947991894243755,-0.08762853157132855,-,76.11940298507463,76.86567164179104,0.7462686567164099,76.97368421052632,63.81578947368421,-13.157894736842103,65.85365853658537,65.85365853658537,0.0,"[[102, 30, 2], [31, 117, 4], [4, 10, 27]]","[[103, 29, 2], [43, 97, 12], [4, 10, 27]]","[[1, -1, 0], [12, -20, 8], [0, 0, 0]]",-0.048660122663613026,-0.758356614135183,223,23,4,77,60,11216
data_no_lstm__tp03_L2_m0p57,data_ablation_no_module,no_lstm,tp03_L2_m0p57,2.0,-0.57,run1,fold02,326,74.23312883435584,72.69938650306749,-1.5337423312883516,-,73.23841319717204,72.14192196910186,-1.0964912280701782,-,73.4197528076379,71.86190097787826,-1.5578518297596418,-,0.5692124265740279,0.5458613646892074,-0.0233510618848205,-,75.3731343283582,75.3731343283582,0.0,74.3421052631579,71.05263157894737,-3.2894736842105345,70.0,70.0,0.0,"[[101, 30, 3], [31, 113, 8], [5, 7, 28]]","[[101, 30, 3], [34, 108, 10], [5, 7, 28]]","[[0, 0, 0], [3, -5, 2], [0, 0, 0]]",-0.008837179142976053,-0.09475172421340745,235,7,2,82,35,6274
data_no_lstm__tp03_L2_m0p57,data_ablation_no_module,no_lstm,tp03_L2_m0p57,2.0,-0.57,run1,fold03,326,77.91411042944786,75.76687116564416,-2.147239263803698,-,77.18643623985336,75.65134852055513,-1.5350877192982324,-,76.36475294195755,74.20424125664726,-2.160511685310283,-,0.6335414855138196,0.6009825698162041,-0.03255891569761549,-,77.61194029850746,77.61194029850746,0.0,78.94736842105263,74.3421052631579,-4.605263157894726,75.0,75.0,0.0,"[[104, 23, 7], [25, 120, 7], [3, 7, 30]]","[[104, 23, 7], [29, 113, 10], [3, 7, 30]]","[[0, 0, 0], [4, -7, 3], [0, 0, 0]]",-0.021984843807787837,-0.5118724802063287,247,7,0,72,37,6978
data_no_lstm__tp03_L2_m0p57,data_ablation_no_module,no_lstm,tp03_L2_m0p57,2.0,-0.57,run1,oof_pooled,979,75.79162410623084,72.62512768130746,-3.1664964249233805,-,74.4568263510633,72.20056380414874,-2.256262546914556,-,74.79679148332708,71.55628751280925,-3.2405039705178353,-,0.5949564188779985,0.5470496958471316,-0.04790672303086696,-,76.3681592039801,76.61691542288557,0.24875621890546995,76.75438596491229,69.73684210526315,-7.0175438596491375,70.24793388429752,70.24793388429752,0.0,"[[307, 83, 12], [87, 350, 19], [12, 24, 85]]","[[308, 82, 12], [106, 318, 32], [12, 24, 85]]","[[1, -1, 0], [19, -32, 13], [0, 0, 0]]",-0.026516690084729812,-0.4553034764688854,705,37,6,231,132,24468
data_no_lstm__tp03_L2_m0p57,data_ablation_no_module,no_lstm,tp03_L2_m0p57,2.0,-0.57,run2,fold01,72,63.888888888888886,63.888888888888886,0.0,0,63.762303009614826,63.762303009614826,0.0,0,62.59259259259259,62.68086268086268,0.08827008827009308,+,0.45896250049990833,0.46356439467040195,0.0046018941704936145,+,59.25925925925925,59.25925925925925,0.0,67.74193548387096,67.74193548387096,0.0,64.28571428571429,64.28571428571429,0.0,"[[16, 6, 5], [2, 21, 8], [0, 5, 9]]","[[16, 6, 5], [1, 21, 9], [0, 5, 9]]","[[0, 0, 0], [-1, 0, 1], [0, 0, 0]]",0.0007949260891311707,0.015084783236185704,46,0,0,26,2,234
data_no_lstm__tp03_L2_m0p57,data_ablation_no_module,no_lstm,tp03_L2_m0p57,2.0,-0.57,run2,fold02,71,56.33802816901409,54.929577464788736,-1.408450704225352,-,53.73980857851826,51.35885619756587,-2.3809523809523867,-,55.29980107985223,52.775840243870945,-2.523960835981285,-,0.2972806093565435,0.2714189397390067,-0.025861669617536776,-,53.84615384615385,53.84615384615385,0.0,64.51612903225806,64.51612903225806,0.0,42.857142857142854,35.714285714285715,-7.142857142857139,"[[14, 11, 1], [9, 20, 2], [2, 6, 6]]","[[14, 11, 1], [9, 20, 2], [2, 7, 5]]","[[0, 0, 0], [0, 0, 0], [0, 1, -1]]",-0.0050922683636907135,-0.0415464010037167,39,1,0,31,3,366
data_no_lstm__tp03_L2_m0p57,data_ablation_no_module,no_lstm,tp03_L2_m0p57,2.0,-0.57,run2,fold03,71,67.6056338028169,67.6056338028169,0.0,0,63.58265390523455,63.58265390523455,0.0,0,63.48309568648551,63.48309568648551,0.0,0,0.4934358082473687,0.4934358082473687,0.0,0,76.92307692307693,76.92307692307693,0.0,70.96774193548387,70.96774193548387,0.0,42.857142857142854,42.857142857142854,0.0,"[[20, 4, 2], [4, 22, 5], [6, 2, 6]]","[[20, 4, 2], [4, 22, 5], [6, 2, 6]]","[[0, 0, 0], [0, 0, 0], [0, 0, 0]]",-0.00038354778268807454,-0.002620975736161359,48,0,0,23,2,265
data_no_lstm__tp03_L2_m0p57,data_ablation_no_module,no_lstm,tp03_L2_m0p57,2.0,-0.57,run2,oof_pooled,214,62.616822429906534,62.149532710280376,-0.46728971962615873,-,60.344358241459105,59.550707447808314,-0.7936507936507908,-,60.31415748674011,59.568459952441735,-0.7456975342983725,-,0.41329125049232496,0.4058133280500379,-0.007477922442287066,-,63.29113924050633,63.29113924050633,0.0,67.74193548387096,67.74193548387096,0.0,50.0,47.61904761904761,-2.3809523809523867,"[[50, 21, 8], [15, 63, 15], [8, 13, 21]]","[[50, 21, 8], [14, 63, 16], [8, 14, 20]]","[[0, 0, 0], [-1, 0, 1], [0, 1, -1]]",-0.0015492909718478956,-0.009578408203392388,133,1,0,80,7,865
module_masked__no_lstm__tp03_L2_m0p57,module_ablation_masked,no_lstm,tp03_L2_m0p57,2.0,-0.57,run1,fold01,327,76.14678899082568,69.41896024464832,-6.727828746177366,-,73.34101316268466,68.84503988402021,-4.495973278664451,-,74.9261908596146,68.58332697176736,-6.34286388784723,-,0.6015558155264147,0.4947991894243755,-0.10675662610203918,-,83.5820895522388,76.86567164179104,-6.71641791044776,73.02631578947368,63.81578947368421,-9.210526315789473,63.41463414634146,65.85365853658537,2.439024390243908,"[[112, 20, 2], [37, 111, 4], [5, 10, 26]]","[[103, 29, 2], [43, 97, 12], [4, 10, 27]]","[[-9, 9, 0], [6, -14, 8], [-1, 0, 1]]",-0.08099965504276588,-1.5183622965201826,200,49,27,51,60,11216
module_masked__no_lstm__tp03_L2_m0p57,module_ablation_masked,no_lstm,tp03_L2_m0p57,2.0,-0.57,run1,fold02,326,80.98159509202453,72.69938650306749,-8.282208588957047,-,81.89447499345378,72.14192196910186,-9.752553024351926,-,81.66545630597918,71.86190097787826,-9.803555328100913,-,0.6826458596153814,0.5458613646892074,-0.13678449492617395,-,79.1044776119403,75.3731343283582,-3.731343283582092,81.57894736842105,71.05263157894737,-10.526315789473685,85.0,70.0,-15.0,"[[106, 26, 2], [23, 124, 5], [2, 4, 34]]","[[101, 30, 3], [34, 108, 10], [5, 7, 28]]","[[-5, 4, 1], [11, -16, 5], [3, 3, -6]]",-0.08911907901730162,-2.253833293806236,206,58,31,31,35,6274
module_masked__no_lstm__tp03_L2_m0p57,module_ablation_masked,no_lstm,tp03_L2_m0p57,2.0,-0.57,run1,fold03,326,82.82208588957054,75.76687116564416,-7.055214723926383,-,79.67334380727938,75.65134852055513,-4.021995286724248,-,81.79182648395695,74.20424125664726,-7.587585227309688,-,0.7094209393380266,0.6009825698162041,-0.10843836952182251,-,82.83582089552239,77.61194029850746,-5.223880597014926,86.18421052631578,74.3421052631579,-11.842105263157876,70.0,75.0,5.0,"[[111, 21, 2], [20, 131, 1], [4, 8, 28]]","[[104, 23, 7], [29, 113, 10], [3, 7, 30]]","[[-7, 2, 5], [9, -18, 9], [-1, -1, 2]]",-0.06598555182957885,0.7813260778270524,224,46,23,33,37,6978
module_masked__no_lstm__tp03_L2_m0p57,module_ablation_masked,no_lstm,tp03_L2_m0p57,2.0,-0.57,run1,oof_pooled,979,79.97957099080695,72.62512768130746,-7.354443309499487,-,78.27707554730337,72.20056380414874,-6.076511743154626,-,79.5407154572586,71.55628751280925,-7.984427944449351,-,0.6634712596597904,0.5470496958471316,-0.11642156381265878,-,81.8407960199005,76.61691542288557,-5.223880597014926,80.26315789473685,69.73684210526315,-10.5263157894737,72.72727272727273,70.24793388429752,-2.47933884297521,"[[329, 67, 6], [80, 366, 10], [11, 22, 88]]","[[308, 82, 12], [106, 318, 32], [12, 24, 85]]","[[-21, 15, 6], [26, -48, 22], [1, 2, -3]]",-0.07870377615430794,-0.9974890943527206,630,153,81,115,132,24468
module_masked__no_lstm__tp03_L2_m0p57,module_ablation_masked,no_lstm,tp03_L2_m0p57,2.0,-0.57,run2,fold01,72,69.44444444444444,63.888888888888886,-5.555555555555557,-,66.40780565511749,63.762303009614826,-2.64550264550266,-,66.56940760389035,62.68086268086268,-3.8885449230276734,-,0.5189937167591026,0.46356439467040195,-0.055429322088700606,-,81.48148148148148,59.25925925925925,-22.22222222222223,67.74193548387096,67.74193548387096,0.0,50.0,64.28571428571429,14.285714285714292,"[[22, 3, 2], [7, 21, 3], [2, 5, 7]]","[[16, 6, 5], [1, 21, 9], [0, 5, 9]]","[[-6, 3, 3], [-6, 0, 6], [-2, 0, 2]]",-0.07668610747921573,-1.9455124370546804,40,10,6,16,2,234
module_masked__no_lstm__tp03_L2_m0p57,module_ablation_masked,no_lstm,tp03_L2_m0p57,2.0,-0.57,run2,fold02,71,66.19718309859155,54.929577464788736,-11.267605633802816,-,65.3255346803734,51.35885619756587,-13.966678482807524,-,65.75180206506916,52.775840243870945,-12.975961821198212,-,0.47169889043248636,0.2714189397390067,-0.20027995069347965,-,80.76923076923077,53.84615384615385,-26.923076923076927,58.06451612903226,64.51612903225806,6.451612903225801,57.14285714285714,35.714285714285715,-21.428571428571423,"[[21, 5, 0], [10, 18, 3], [2, 4, 8]]","[[14, 11, 1], [9, 20, 2], [2, 7, 5]]","[[-7, 6, 1], [-1, 2, -1], [0, 3, -3]]",-0.25888561560925993,-2.687134928233974,30,17,9,15,3,366
module_masked__no_lstm__tp03_L2_m0p57,module_ablation_masked,no_lstm,tp03_L2_m0p57,2.0,-0.57,run2,fold03,71,66.19718309859155,67.6056338028169,1.408450704225345,+,59.89601796053409,63.58265390523455,3.6866359447004626,+,60.02554278416348,63.48309568648551,3.4575529023220355,+,0.460437150159194,0.4934358082473687,0.032998658088174704,+,76.92307692307693,76.92307692307693,0.0,74.19354838709677,70.96774193548387,-3.225806451612897,28.57142857142857,42.857142857142854,14.285714285714285,"[[20, 5, 1], [6, 23, 2], [6, 4, 4]]","[[20, 4, 2], [4, 22, 5], [6, 2, 6]]","[[0, -1, 1], [-2, -1, 3], [0, -2, 2]]",-0.07000293185948754,-2.7075387201678587,40,7,8,16,2,265
module_masked__no_lstm__tp03_L2_m0p57,module_ablation_masked,no_lstm,tp03_L2_m0p57,2.0,-0.57,run2,oof_pooled,214,67.28971962616822,62.149532710280376,-5.1401869158878455,-,63.883865782599955,59.550707447808314,-4.333158334791641,-,64.42868835686517,59.568459952441735,-4.860228404423431,-,0.483236229225805,0.4058133280500379,-0.07742290117576711,-,79.74683544303798,63.29113924050633,-16.455696202531648,66.66666666666666,67.74193548387096,1.0752688172043037,45.23809523809524,47.61904761904761,2.3809523809523725,"[[63, 13, 3], [23, 62, 8], [10, 13, 19]]","[[50, 21, 8], [14, 63, 16], [8, 14, 20]]","[[-13, 8, 5], [-9, 1, 8], [-2, 1, 1]]",-0.13491816172329255,-2.4443865631049864,110,34,23,47,7,865
data_no_attention__tp03_L2_m0p57,data_ablation_no_module,no_attention,tp03_L2_m0p57,2.0,-0.57,run1,fold01,327,81.9571865443425,75.84097859327217,-6.116207951070336,-,79.91197734051183,75.49655445493967,-4.415422885572156,-,82.01435063589545,74.2777043533982,-7.736646282497247,-,0.6962494375241386,0.6044704411772247,-0.09177899634691389,-,84.32835820895522,83.5820895522388,-0.7462686567164241,82.23684210526315,69.73684210526315,-12.5,73.17073170731707,73.17073170731707,0.0,"[[113, 19, 2], [27, 125, 0], [2, 9, 30]]","[[112, 20, 2], [32, 106, 14], [2, 9, 30]]","[[-1, 1, 0], [5, -19, 14], [0, 0, 0]]",-0.059326692192226346,-0.898978103829451,243,25,5,54,60,11216
data_no_attention__tp03_L2_m0p57,data_ablation_no_module,no_attention,tp03_L2_m0p57,2.0,-0.57,run1,fold02,326,81.90184049079755,78.52760736196319,-3.374233128834362,-,79.51165226499084,77.09937156323645,-2.4122807017543977,-,80.47822307750707,77.08727471260137,-3.3909483649056966,-,0.6958625448093783,0.6413967824321634,-0.0544657623772149,-,79.8507462686567,79.8507462686567,0.0,86.18421052631578,78.94736842105263,-7.23684210526315,72.5,72.5,0.0,"[[107, 24, 3], [17, 131, 4], [4, 7, 29]]","[[107, 24, 3], [24, 120, 8], [4, 7, 29]]","[[0, 0, 0], [7, -11, 4], [0, 0, 0]]",-0.037684349283400725,-0.414086325608331,255,12,1,58,35,6274
data_no_attention__tp03_L2_m0p57,data_ablation_no_module,no_attention,tp03_L2_m0p57,2.0,-0.57,run1,fold03,326,84.3558282208589,80.98159509202453,-3.374233128834362,-,83.89892642052894,81.48664571877454,-2.4122807017543977,-,83.66469909688912,80.87410920560086,-2.7905898912882634,-,0.7390486456524588,0.6853069605661744,-0.05374168508628441,-,84.32835820895522,84.32835820895522,0.0,84.86842105263158,77.63157894736842,-7.23684210526315,82.5,82.5,0.0,"[[113, 20, 1], [16, 129, 7], [4, 3, 33]]","[[113, 20, 1], [26, 118, 8], [4, 3, 33]]","[[0, 0, 0], [10, -11, 1], [0, 0, 0]]",-0.02373011711648569,-0.3653673579562113,264,11,0,51,37,6978
data_no_attention__tp03_L2_m0p57,data_ablation_no_module,no_attention,tp03_L2_m0p57,2.0,-0.57,run1,oof_pooled,979,82.73748723186925,78.44739530132789,-4.290091930541365,-,81.09956776938853,78.01957300636157,-3.07999476302696,-,82.05217929651486,77.39972877359092,-4.652450522923942,-,0.7100686691507885,0.6432588018745964,-0.06680986727619209,-,82.83582089552239,82.58706467661692,-0.24875621890546995,84.4298245614035,75.43859649122807,-8.991228070175438,76.03305785123968,76.03305785123968,0.0,"[[333, 63, 6], [60, 385, 11], [10, 19, 92]]","[[332, 64, 6], [82, 344, 30], [10, 19, 92]]","[[-1, 1, 0], [22, -41, 19], [0, 0, 0]]",-0.04026654177039938,-0.5598240457551289,762,48,6,163,132,24468
data_no_attention__tp03_L2_m0p57,data_ablation_no_module,no_attention,tp03_L2_m0p57,2.0,-0.57,run2,fold01,72,58.333333333333336,59.72222222222222,1.3888888888888857,+,55.384877965523124,56.46014678272743,1.0752688172043037,+,55.707282913165265,56.90418679549115,1.1969038823258842,+,0.3440986103748549,0.36384550732954973,0.019746896954694837,+,55.55555555555556,55.55555555555556,0.0,67.74193548387096,70.96774193548387,3.225806451612911,42.857142857142854,42.857142857142854,0.0,"[[15, 9, 3], [5, 21, 5], [1, 7, 6]]","[[15, 9, 3], [5, 22, 4], [1, 7, 6]]","[[0, 0, 0], [0, 1, -1], [0, 0, 0]]",0.00998777109715674,0.05058557175410291,42,0,1,29,2,234
data_no_attention__tp03_L2_m0p57,data_ablation_no_module,no_attention,tp03_L2_m0p57,2.0,-0.57,run2,fold02,71,63.38028169014085,61.97183098591549,-1.4084507042253591,-,68.66950254047029,66.2885501595179,-2.380952380952394,-,63.681341719077565,62.13905133203379,-1.5422903870437779,-,0.4690406293950227,0.4419575871920494,-0.027083042202973306,-,61.53846153846154,61.53846153846154,0.0,51.61290322580645,51.61290322580645,0.0,92.85714285714286,85.71428571428571,-7.142857142857153,"[[16, 6, 4], [7, 16, 8], [1, 0, 13]]","[[16, 6, 4], [7, 16, 8], [1, 1, 12]]","[[0, 0, 0], [0, 0, 0], [0, 1, -1]]",0.0004154196874776357,-0.002553155986775815,44,1,0,26,3,366
data_no_attention__tp03_L2_m0p57,data_ablation_no_module,no_attention,tp03_L2_m0p57,2.0,-0.57,run2,fold03,71,56.33802816901409,56.33802816901409,0.0,0,51.74878884556304,51.74878884556304,0.0,0,51.7458781609725,51.7458781609725,0.0,0,0.30795014030702567,0.30795014030702567,0.0,0,65.38461538461539,65.38461538461539,0.0,61.29032258064516,61.29032258064516,0.0,28.57142857142857,28.57142857142857,0.0,"[[17, 7, 2], [6, 19, 6], [4, 6, 4]]","[[17, 7, 2], [6, 19, 6], [4, 6, 4]]","[[0, 0, 0], [0, 0, 0], [0, 0, 0]]",-0.00013821671332857078,-0.07523179211666889,40,0,0,31,2,265
data_no_attention__tp03_L2_m0p57,data_ablation_no_module,no_attention,tp03_L2_m0p57,2.0,-0.57,run2,oof_pooled,214,59.345794392523366,59.345794392523366,0.0,0,58.5788173987439,58.1435895441612,-0.4352278545826991,-,57.96936324972884,57.73937662423029,-0.22998662549855453,-,0.36980374236342506,0.36737789545991917,-0.0024258469035058905,-,60.75949367088608,60.75949367088608,0.0,60.215053763440864,61.29032258064516,1.0752688172042966,54.761904761904766,52.38095238095239,-2.3809523809523796,"[[48, 22, 9], [18, 56, 19], [6, 13, 23]]","[[48, 22, 9], [18, 57, 18], [6, 14, 22]]","[[0, 0, 0], [0, 1, -1], [0, 1, -1]]",0.0034523407951395743,-0.008787710976865256,126,1,1,86,7,865
module_masked__no_attention__tp03_L2_m0p57,module_ablation_masked,no_attention,tp03_L2_m0p57,2.0,-0.57,run1,fold01,327,76.14678899082568,75.84097859327217,-0.3058103975535147,-,73.34101316268466,75.49655445493967,2.155541292255009,+,74.9261908596146,74.2777043533982,-0.6484865062163863,-,0.6015558155264147,0.6044704411772247,0.002914625650810021,+,83.5820895522388,83.5820895522388,0.0,73.02631578947368,69.73684210526315,-3.2894736842105345,63.41463414634146,73.17073170731707,9.756097560975611,"[[112, 20, 2], [37, 111, 4], [5, 10, 26]]","[[112, 20, 2], [32, 106, 14], [2, 9, 30]]","[[0, 0, 0], [-5, -5, 10], [-3, -1, 4]]",-0.0225340503519028,0.3442552771578779,211,38,37,41,60,11216
module_masked__no_attention__tp03_L2_m0p57,module_ablation_masked,no_attention,tp03_L2_m0p57,2.0,-0.57,run1,fold02,326,80.98159509202453,78.52760736196319,-2.4539877300613426,-,81.89447499345378,77.09937156323645,-4.795103430217338,-,81.66545630597918,77.08727471260137,-4.578181593377806,-,0.6826458596153814,0.6413967824321634,-0.04124907718321802,-,79.1044776119403,79.8507462686567,0.7462686567164099,81.57894736842105,78.94736842105263,-2.631578947368425,85.0,72.5,-12.5,"[[106, 26, 2], [23, 124, 5], [2, 4, 34]]","[[107, 24, 3], [24, 120, 8], [4, 7, 29]]","[[1, -2, 1], [1, -4, 3], [2, 3, -5]]",-0.030963348573244797,1.8006397147771496,219,45,37,25,35,6274
module_masked__no_attention__tp03_L2_m0p57,module_ablation_masked,no_attention,tp03_L2_m0p57,2.0,-0.57,run1,fold03,326,82.82208588957054,80.98159509202453,-1.8404907975460105,-,79.67334380727938,81.48664571877454,1.8133019114951594,+,81.79182648395695,80.87410920560086,-0.9177172783560934,-,0.7094209393380266,0.6853069605661744,-0.024113978771852285,-,82.83582089552239,84.32835820895522,1.492537313432834,86.18421052631578,77.63157894736842,-8.552631578947356,70.0,82.5,12.5,"[[111, 21, 2], [20, 131, 1], [4, 8, 28]]","[[113, 20, 1], [26, 118, 8], [4, 3, 33]]","[[2, -1, -1], [6, -13, 7], [0, -5, 5]]",-0.017447880214612826,0.8114668709265948,232,38,32,24,37,6978
module_masked__no_attention__tp03_L2_m0p57,module_ablation_masked,no_attention,tp03_L2_m0p57,2.0,-0.57,run1,oof_pooled,979,79.97957099080695,78.44739530132789,-1.532175689479061,-,78.27707554730337,78.01957300636157,-0.25750254094180036,-,79.5407154572586,77.39972877359092,-2.140986683667677,-,0.6634712596597904,0.6432588018745964,-0.020212457785193982,-,81.8407960199005,82.58706467661692,0.7462686567164241,80.26315789473685,75.43859649122807,-4.824561403508781,72.72727272727273,76.03305785123968,3.305785123966942,"[[329, 67, 6], [80, 366, 10], [11, 22, 88]]","[[332, 64, 6], [82, 344, 30], [10, 19, 92]]","[[3, -3, 0], [2, -22, 20], [-1, -3, 4]]",-0.023647288100014104,0.984799001603725,662,121,106,90,132,24468
module_masked__no_attention__tp03_L2_m0p57,module_ablation_masked,no_attention,tp03_L2_m0p57,2.0,-0.57,run2,fold01,72,69.44444444444444,59.72222222222222,-9.722222222222221,-,66.40780565511749,56.46014678272743,-9.947658872390058,-,66.56940760389035,56.90418679549115,-9.665220808399205,-,0.5189937167591026,0.36384550732954973,-0.15514820942955282,-,81.48148148148148,55.55555555555556,-25.925925925925924,67.74193548387096,70.96774193548387,3.225806451612911,50.0,42.857142857142854,-7.142857142857146,"[[22, 3, 2], [7, 21, 3], [2, 5, 7]]","[[15, 9, 3], [5, 22, 4], [1, 7, 6]]","[[-7, 6, 1], [-2, 1, 1], [-1, 2, -1]]",-0.14303072917164805,-2.244461259681783,37,13,6,16,2,234
module_masked__no_attention__tp03_L2_m0p57,module_ablation_masked,no_attention,tp03_L2_m0p57,2.0,-0.57,run2,fold02,71,66.19718309859155,61.97183098591549,-4.225352112676063,-,65.3255346803734,66.2885501595179,0.9630154791445023,+,65.75180206506916,62.13905133203379,-3.6127507330353694,-,0.47169889043248636,0.4419575871920494,-0.029741303240436945,-,80.76923076923077,61.53846153846154,-19.230769230769234,58.06451612903226,51.61290322580645,-6.451612903225815,57.14285714285714,85.71428571428571,28.57142857142857,"[[21, 5, 0], [10, 18, 3], [2, 4, 8]]","[[16, 6, 4], [7, 16, 8], [1, 1, 12]]","[[-5, 1, 4], [-3, -2, 5], [-1, -3, 4]]",-0.08441748730123738,-1.8547938614772161,33,14,11,13,3,366
module_masked__no_attention__tp03_L2_m0p57,module_ablation_masked,no_attention,tp03_L2_m0p57,2.0,-0.57,run2,fold03,71,66.19718309859155,56.33802816901409,-9.859154929577464,-,59.89601796053409,51.74878884556304,-8.147229114971047,-,60.02554278416348,51.7458781609725,-8.279664623190975,-,0.460437150159194,0.30795014030702567,-0.15248700985216834,-,76.92307692307693,65.38461538461539,-11.538461538461547,74.19354838709677,61.29032258064516,-12.903225806451609,28.57142857142857,28.57142857142857,0.0,"[[20, 5, 1], [6, 23, 2], [6, 4, 4]]","[[17, 7, 2], [6, 19, 6], [4, 6, 4]]","[[-3, 2, 1], [0, -4, 4], [-2, 2, 0]]",-0.18873175536255246,-3.926523038566532,35,12,5,19,2,265
module_masked__no_attention__tp03_L2_m0p57,module_ablation_masked,no_attention,tp03_L2_m0p57,2.0,-0.57,run2,oof_pooled,214,67.28971962616822,59.345794392523366,-7.943925233644855,-,63.883865782599955,58.1435895441612,-5.740276238438753,-,64.42868835686517,57.73937662423029,-6.689311732634877,-,0.483236229225805,0.36737789545991917,-0.11585833376588583,-,79.74683544303798,60.75949367088608,-18.9873417721519,66.66666666666666,61.29032258064516,-5.376344086021497,45.23809523809524,52.38095238095239,7.142857142857146,"[[63, 13, 3], [23, 62, 8], [10, 13, 19]]","[[48, 22, 9], [18, 57, 18], [6, 14, 22]]","[[-15, 9, 6], [-5, -5, 10], [-4, 1, 3]]",-0.1387467697639614,-2.673246311215862,105,39,22,48,7,865
data_full__tp04_L2_m0p39,data_ablation_full,,tp04_L2_m0p39,2.0,-0.39,run1,fold01,327,80.73394495412845,76.14678899082568,-4.587155963302763,-,76.63048684689517,73.34101316268466,-3.289473684210506,-,79.0877721312504,74.9261908596146,-4.161581271635811,-,0.6743426700043699,0.6015558155264147,-0.07278685447795519,-,83.5820895522388,83.5820895522388,0.0,82.89473684210526,73.02631578947368,-9.868421052631575,63.41463414634146,63.41463414634146,0.0,"[[112, 20, 2], [25, 126, 1], [5, 10, 26]]","[[112, 20, 2], [37, 111, 4], [5, 10, 26]]","[[0, 0, 0], [12, -15, 3], [0, 0, 0]]",-0.04495684665031351,-0.7755306767077621,247,17,2,61,59,10946
data_full__tp04_L2_m0p39,data_ablation_full,,tp04_L2_m0p39,2.0,-0.39,run1,fold02,326,81.59509202453987,80.06134969325154,-1.5337423312883232,-,82.30361351139041,81.23658025661167,-1.0670332547787353,-,82.11529042328695,80.73185504354767,-1.3834353797392822,-,0.6929312561648969,0.6680176072272989,-0.024913648937598065,-,78.35820895522389,79.1044776119403,0.7462686567164099,83.55263157894737,79.60526315789474,-3.94736842105263,85.0,85.0,0.0,"[[105, 27, 2], [20, 127, 5], [2, 4, 34]]","[[106, 26, 2], [25, 121, 6], [2, 4, 34]]","[[1, -1, 0], [5, -6, 1], [0, 0, 0]]",-0.01623659637899308,-0.265426352163034,260,6,1,59,33,6052
data_full__tp04_L2_m0p39,data_ablation_full,,tp04_L2_m0p39,2.0,-0.39,run1,fold03,326,84.04907975460122,82.51533742331289,-1.5337423312883374,-,80.55053678973553,79.45404556166537,-1.096491228070164,-,82.96722819707497,81.56558261082513,-1.4016455862498418,-,0.7301975910800922,0.7042215943743606,-0.025975996705731585,-,82.83582089552239,82.83582089552239,0.0,88.81578947368422,85.52631578947368,-3.2894736842105345,70.0,70.0,0.0,"[[111, 21, 2], [17, 135, 0], [4, 8, 28]]","[[111, 21, 2], [21, 130, 1], [4, 8, 28]]","[[0, 0, 0], [4, -5, 1], [0, 0, 0]]",-0.01479326914447087,-0.18266566680527171,266,8,3,49,37,7087
data_full__tp04_L2_m0p39,data_ablation_full,,tp04_L2_m0p39,2.0,-0.39,run1,oof_pooled,979,82.12461695607763,79.57099080694586,-2.553626149131773,-,79.80234394217112,77.98467788648465,-1.8176660556864732,-,81.47172321467072,79.15242540635991,-2.3192978083108073,-,0.6985628449866854,0.6569490430970854,-0.041613801889600066,-,81.59203980099502,81.8407960199005,0.24875621890546995,85.08771929824562,79.3859649122807,-5.701754385964918,72.72727272727273,72.72727272727273,0.0,"[[328, 68, 6], [62, 388, 6], [11, 22, 88]]","[[329, 67, 6], [83, 362, 11], [11, 22, 88]]","[[1, -1, 0], [21, -26, 5], [0, 0, 0]]",-0.02534895302890885,-0.4082497747365739,773,31,6,169,129,24085
data_full__tp04_L2_m0p39,data_ablation_full,,tp04_L2_m0p39,2.0,-0.39,run2,fold01,72,69.44444444444444,69.44444444444444,0.0,0,66.40780565511749,66.40780565511749,0.0,0,66.85875706214689,66.56940760389035,-0.28934945825653813,-,0.5182264323917611,0.5189937167591026,0.0007672843673414143,+,81.48148148148148,81.48148148148148,0.0,67.74193548387096,67.74193548387096,0.0,50.0,50.0,0.0,"[[22, 3, 2], [8, 21, 2], [2, 5, 7]]","[[22, 3, 2], [7, 21, 3], [2, 5, 7]]","[[0, 0, 0], [-1, 0, 1], [0, 0, 0]]",-0.00028187735652964997,-0.025419619969195797,50,0,0,22,1,102
data_full__tp04_L2_m0p39,data_ablation_full,,tp04_L2_m0p39,2.0,-0.39,run2,fold02,71,66.19718309859155,66.19718309859155,0.0,0,65.3255346803734,65.3255346803734,0.0,0,65.75180206506916,65.75180206506916,0.0,0,0.47169889043248636,0.47169889043248636,0.0,0,80.76923076923077,80.76923076923077,0.0,58.06451612903226,58.06451612903226,0.0,57.14285714285714,57.14285714285714,0.0,"[[21, 5, 0], [10, 18, 3], [2, 4, 8]]","[[21, 5, 0], [10, 18, 3], [2, 4, 8]]","[[0, 0, 0], [0, 0, 0], [0, 0, 0]]",1.1417227731624119e-07,0.0004271957236276546,47,0,0,24,1,123
data_full__tp04_L2_m0p39,data_ablation_full,,tp04_L2_m0p39,2.0,-0.39,run2,fold03,71,66.19718309859155,66.19718309859155,0.0,0,59.89601796053409,59.89601796053409,0.0,0,60.04855889724311,60.02554278416348,-0.023016113079634692,-,0.45896608905667236,0.460437150159194,0.0014710611025216536,+,76.92307692307693,76.92307692307693,0.0,74.19354838709677,74.19354838709677,0.0,28.57142857142857,28.57142857142857,0.0,"[[20, 5, 1], [6, 23, 2], [5, 5, 4]]","[[20, 5, 1], [6, 23, 2], [6, 4, 4]]","[[0, 0, 0], [0, 0, 0], [1, -1, 0]]",2.5397758039079638e-08,0.02495822772173812,47,0,0,24,2,229
data_full__tp04_L2_m0p39,data_ablation_full,,tp04_L2_m0p39,2.0,-0.39,run2,oof_pooled,214,67.28971962616822,67.28971962616822,0.0,0,63.883865782599955,63.883865782599955,0.0,0,64.55099829747716,64.42868835686517,-0.12230994061199851,-,0.4824688400261222,0.483236229225805,0.0007673891996827775,+,79.74683544303798,79.74683544303798,0.0,66.66666666666666,66.66666666666666,0.0,45.23809523809524,45.23809523809524,0.0,"[[63, 13, 3], [24, 62, 7], [9, 14, 19]]","[[63, 13, 3], [23, 62, 8], [10, 13, 19]]","[[0, 0, 0], [-1, 0, 1], [1, -1, 0]]",-9.479093550291854e-05,-0.00013012884654732432,144,0,0,70,4,454
data_no_conv__tp04_L2_m0p39,data_ablation_no_module,no_conv,tp04_L2_m0p39,2.0,-0.39,run1,fold01,327,79.20489296636084,74.31192660550458,-4.8929663608562635,-,77.82046123681977,74.28223133370375,-3.5382299031160187,-,79.390186562109,74.70911926569536,-4.68106729641363,-,0.6509524121737486,0.5749392001471847,-0.07601321202656386,-,81.34328358208955,80.59701492537313,-0.7462686567164241,78.94736842105263,69.07894736842105,-9.868421052631575,73.17073170731707,73.17073170731707,0.0,"[[109, 24, 1], [29, 120, 3], [5, 6, 30]]","[[108, 25, 1], [40, 105, 7], [5, 6, 30]]","[[-1, 1, 0], [11, -15, 4], [0, 0, 0]]",-0.04507044941196462,-0.7325136456239844,241,18,2,66,59,10946
data_no_conv__tp04_L2_m0p39,data_ablation_no_module,no_conv,tp04_L2_m0p39,2.0,-0.39,run1,fold02,326,80.06134969325154,77.30061349693251,-2.76073619631903,-,78.89827179890023,76.92458758837391,-1.973684210526315,-,78.65140888396702,75.76685468708033,-2.884554196886697,-,0.667755761900005,0.6259190746413257,-0.041836687258679284,-,82.08955223880598,82.08955223880598,0.0,79.60526315789474,73.68421052631578,-5.921052631578959,75.0,75.0,0.0,"[[110, 22, 2], [22, 121, 9], [4, 6, 30]]","[[110, 22, 2], [27, 112, 13], [4, 6, 30]]","[[0, 0, 0], [5, -9, 4], [0, 0, 0]]",-0.020206687663725725,-0.10220216710029022,251,10,1,64,33,6052
data_no_conv__tp04_L2_m0p39,data_ablation_no_module,no_conv,tp04_L2_m0p39,2.0,-0.39,run1,fold03,326,77.60736196319019,75.76687116564416,-1.8404907975460247,-,80.15514532600157,78.83935585231737,-1.3157894736842053,-,76.45264363658288,74.69705294051892,-1.7555906960639618,-,0.6403712014169086,0.6138868493061312,-0.026484352110777376,-,80.59701492537313,80.59701492537313,0.0,72.36842105263158,68.42105263157895,-3.94736842105263,87.5,87.5,0.0,"[[108, 18, 8], [28, 110, 14], [0, 5, 35]]","[[108, 18, 8], [32, 104, 16], [0, 5, 35]]","[[0, 0, 0], [4, -6, 2], [0, 0, 0]]",-0.012459777122841251,-0.0385604128241539,243,10,4,69,37,7087
data_no_conv__tp04_L2_m0p39,data_ablation_no_module,no_conv,tp04_L2_m0p39,2.0,-0.39,run1,oof_pooled,979,78.95812053115424,75.79162410623084,-3.1664964249233947,-,78.94312149561026,76.66722029983474,-2.2759011957755177,-,78.0672759638754,74.99061471666222,-3.076661247213181,-,0.6519762827892167,0.6042886850064513,-0.047687597782765434,-,81.34328358208955,81.09452736318407,-0.24875621890548416,76.97368421052632,70.39473684210526,-6.578947368421055,78.51239669421489,78.51239669421489,0.0,"[[327, 64, 11], [79, 351, 26], [9, 17, 95]]","[[326, 65, 11], [99, 321, 36], [9, 17, 95]]","[[-1, 1, 0], [20, -30, 10], [0, 0, 0]]",-0.02593187382853245,-0.29154296544883723,735,38,7,199,129,24085
data_no_conv__tp04_L2_m0p39,data_ablation_no_module,no_conv,tp04_L2_m0p39,2.0,-0.39,run2,fold01,72,55.55555555555556,55.55555555555556,0.0,0,57.151391022358766,57.151391022358766,0.0,0,54.93827160493828,54.93827160493828,0.0,0,0.3353881275042346,0.3353881275042346,0.0,0,55.55555555555556,55.55555555555556,0.0,51.61290322580645,51.61290322580645,0.0,64.28571428571429,64.28571428571429,0.0,"[[15, 6, 6], [8, 16, 7], [4, 1, 9]]","[[15, 6, 6], [8, 16, 7], [4, 1, 9]]","[[0, 0, 0], [0, 0, 0], [0, 0, 0]]",-0.0020136890105075305,-0.039656943538122706,40,0,0,32,1,102
data_no_conv__tp04_L2_m0p39,data_ablation_no_module,no_conv,tp04_L2_m0p39,2.0,-0.39,run2,fold02,71,56.33802816901409,56.33802816901409,0.0,0,60.888573791799594,60.888573791799594,0.0,0,56.23083683234059,56.23083683234059,0.0,0,0.3663549852444777,0.3663549852444777,0.0,0,65.38461538461539,65.38461538461539,0.0,38.70967741935484,38.70967741935484,0.0,78.57142857142857,78.57142857142857,0.0,"[[17, 6, 3], [9, 12, 10], [3, 0, 11]]","[[17, 6, 3], [9, 12, 10], [3, 0, 11]]","[[0, 0, 0], [0, 0, 0], [0, 0, 0]]",-0.00023240396674250292,-0.0022035341867258852,40,0,0,31,1,123
data_no_conv__tp04_L2_m0p39,data_ablation_no_module,no_conv,tp04_L2_m0p39,2.0,-0.39,run2,fold03,71,54.929577464788736,54.929577464788736,0.0,0,51.50064988774666,51.50064988774666,0.0,0,50.483091787439605,50.550724637681164,0.06763285024155863,+,0.3108593378795985,0.315131866688941,0.00427252880934248,+,80.76923076923077,80.76923076923077,0.0,45.16129032258064,45.16129032258064,0.0,28.57142857142857,28.57142857142857,0.0,"[[21, 4, 1], [13, 14, 4], [8, 2, 4]]","[[21, 4, 1], [13, 14, 4], [9, 1, 4]]","[[0, 0, 0], [0, 0, 0], [1, -1, 0]]",0.0002950705988758943,-0.09058381847932305,39,0,0,32,2,229
data_no_conv__tp04_L2_m0p39,data_ablation_no_module,no_conv,tp04_L2_m0p39,2.0,-0.39,run2,oof_pooled,214,55.60747663551402,55.60747663551402,0.0,0,56.4642516867915,56.4642516867915,0.0,0,54.638998759215426,54.64568622151358,0.00668746229815298,+,0.33252990827619394,0.33343840783819406,0.0009084995620001202,+,67.08860759493672,67.08860759493672,0.0,45.16129032258064,45.16129032258064,0.0,57.14285714285714,57.14285714285714,0.0,"[[53, 16, 10], [30, 42, 21], [15, 3, 24]]","[[53, 16, 10], [30, 42, 21], [16, 2, 24]]","[[0, 0, 0], [0, 0, 0], [1, -1, 0]]",-0.0006567115788554739,-0.044127112028197704,119,0,0,95,4,454
module_masked__no_conv__tp04_L2_m0p39,module_ablation_masked,no_conv,tp04_L2_m0p39,2.0,-0.39,run1,fold01,327,76.14678899082568,74.31192660550458,-1.8348623853211024,-,73.34101316268466,74.28223133370375,0.9412181710190879,+,74.9261908596146,74.70911926569536,-0.21707159391922914,-,0.6015558155264147,0.5749392001471847,-0.02661661537922999,-,83.5820895522388,80.59701492537313,-2.985074626865668,73.02631578947368,69.07894736842105,-3.94736842105263,63.41463414634146,73.17073170731707,9.756097560975611,"[[112, 20, 2], [37, 111, 4], [5, 10, 26]]","[[108, 25, 1], [40, 105, 7], [5, 6, 30]]","[[-4, 5, -1], [3, -6, 3], [0, -4, 4]]",-0.015028082127880614,0.25939284660355033,216,33,27,51,59,10946
module_masked__no_conv__tp04_L2_m0p39,module_ablation_masked,no_conv,tp04_L2_m0p39,2.0,-0.39,run1,fold02,326,80.06134969325154,77.30061349693251,-2.76073619631903,-,81.23658025661167,76.92458758837391,-4.311992668237764,-,80.73185504354767,75.76685468708033,-4.965000356467343,-,0.6680176072272989,0.6259190746413257,-0.04209853258597318,-,79.1044776119403,82.08955223880598,2.985074626865682,79.60526315789474,73.68421052631578,-5.921052631578959,85.0,75.0,-10.0,"[[106, 26, 2], [25, 121, 6], [2, 4, 34]]","[[110, 22, 2], [27, 112, 13], [4, 6, 30]]","[[4, -4, 0], [2, -9, 7], [2, 2, -4]]",-0.040040033518577746,-1.2483160248586187,216,45,36,29,33,6052
module_masked__no_conv__tp04_L2_m0p39,module_ablation_masked,no_conv,tp04_L2_m0p39,2.0,-0.39,run1,fold03,326,82.51533742331289,75.76687116564416,-6.748466257668724,-,79.45404556166537,78.83935585231737,-0.6146897093479993,-,81.56558261082513,74.69705294051892,-6.868529670306216,-,0.7042215943743606,0.6138868493061312,-0.09033474506822936,-,82.83582089552239,80.59701492537313,-2.238805970149258,85.52631578947368,68.42105263157895,-17.10526315789474,70.0,87.5,17.5,"[[111, 21, 2], [21, 130, 1], [4, 8, 28]]","[[108, 18, 8], [32, 104, 16], [0, 5, 35]]","[[-3, -3, 6], [11, -26, 15], [-4, -3, 7]]",-0.09250868947652144,-2.2719491213857212,217,52,30,27,37,7087
module_masked__no_conv__tp04_L2_m0p39,module_ablation_masked,no_conv,tp04_L2_m0p39,2.0,-0.39,run1,oof_pooled,979,79.57099080694586,75.79162410623084,-3.7793667007150162,-,77.98467788648465,76.66722029983474,-1.3174575866499083,-,79.15242540635991,74.99061471666222,-4.161810689697688,-,0.6569490430970854,0.6042886850064513,-0.052660358090634074,-,81.8407960199005,81.09452736318407,-0.7462686567164241,79.3859649122807,70.39473684210526,-8.991228070175438,72.72727272727273,78.51239669421489,5.785123966942152,"[[329, 67, 6], [83, 362, 11], [11, 22, 88]]","[[326, 65, 11], [99, 321, 36], [9, 17, 95]]","[[-3, -2, 5], [16, -41, 25], [-2, -5, 7]]",-0.04915737135058151,-1.0855822031014237,649,130,93,107,129,24085
module_masked__no_conv__tp04_L2_m0p39,module_ablation_masked,no_conv,tp04_L2_m0p39,2.0,-0.39,run2,fold01,72,69.44444444444444,55.55555555555556,-13.888888888888886,-,66.40780565511749,57.151391022358766,-9.25641463275872,-,66.56940760389035,54.93827160493828,-11.631135998952075,-,0.5189937167591026,0.3353881275042346,-0.18360558925486797,-,81.48148148148148,55.55555555555556,-25.925925925925924,67.74193548387096,51.61290322580645,-16.129032258064512,50.0,64.28571428571429,14.285714285714292,"[[22, 3, 2], [7, 21, 3], [2, 5, 7]]","[[15, 6, 6], [8, 16, 7], [4, 1, 9]]","[[-7, 3, 4], [1, -5, 4], [2, -4, 2]]",-0.16059505836331786,-2.0161031698614047,30,20,10,12,1,102
module_masked__no_conv__tp04_L2_m0p39,module_ablation_masked,no_conv,tp04_L2_m0p39,2.0,-0.39,run2,fold02,71,66.19718309859155,56.33802816901409,-9.859154929577464,-,65.3255346803734,60.888573791799594,-4.4369608885738,-,65.75180206506916,56.23083683234059,-9.520965232728564,-,0.47169889043248636,0.3663549852444777,-0.10534390518800868,-,80.76923076923077,65.38461538461539,-15.384615384615387,58.06451612903226,38.70967741935484,-19.354838709677423,57.14285714285714,78.57142857142857,21.42857142857143,"[[21, 5, 0], [10, 18, 3], [2, 4, 8]]","[[17, 6, 3], [9, 12, 10], [3, 0, 11]]","[[-4, 1, 3], [-1, -6, 7], [1, -4, 3]]",-0.16894407807591774,-2.427350286945281,31,16,9,15,1,123
module_masked__no_conv__tp04_L2_m0p39,module_ablation_masked,no_conv,tp04_L2_m0p39,2.0,-0.39,run2,fold03,71,66.19718309859155,54.929577464788736,-11.267605633802816,-,59.89601796053409,51.50064988774666,-8.395368072787427,-,60.02554278416348,50.550724637681164,-9.474818146482313,-,0.460437150159194,0.315131866688941,-0.145305283470253,-,76.92307692307693,80.76923076923077,3.8461538461538396,74.19354838709677,45.16129032258064,-29.032258064516128,28.57142857142857,28.57142857142857,0.0,"[[20, 5, 1], [6, 23, 2], [6, 4, 4]]","[[21, 4, 1], [13, 14, 4], [9, 1, 4]]","[[1, -1, 0], [7, -9, 2], [3, -3, 0]]",-0.21864421494843794,-3.059695286915677,34,13,5,19,2,229
module_masked__no_conv__tp04_L2_m0p39,module_ablation_masked,no_conv,tp04_L2_m0p39,2.0,-0.39,run2,oof_pooled,214,67.28971962616822,55.60747663551402,-11.682242990654203,-,63.883865782599955,56.4642516867915,-7.4196140958084555,-,64.42868835686517,54.64568622151358,-9.783002135351587,-,0.483236229225805,0.33343840783819406,-0.14979782138761094,-,79.74683544303798,67.08860759493672,-12.658227848101262,66.66666666666666,45.16129032258064,-21.505376344086017,45.23809523809524,57.14285714285714,11.904761904761898,"[[63, 13, 3], [23, 62, 8], [10, 13, 19]]","[[53, 16, 10], [30, 42, 21], [16, 2, 24]]","[[-10, 3, 7], [7, -20, 13], [6, -11, 5]]",-0.18262435984527167,-2.4987834765147157,95,49,24,46,4,454
data_no_lstm__tp04_L2_m0p39,data_ablation_no_module,no_lstm,tp04_L2_m0p39,2.0,-0.39,run1,fold01,327,75.22935779816514,70.33639143730886,-4.892966360856278,-,72.98224857739544,69.5029346208623,-3.479313956533133,-,74.65929369343549,69.29726313809347,-5.362030555342017,-,0.5824277209957041,0.5089726041418343,-0.07345511685386974,-,76.11940298507463,76.86567164179104,0.7462686567164099,76.97368421052632,65.78947368421053,-11.18421052631578,65.85365853658537,65.85365853658537,0.0,"[[102, 30, 2], [31, 117, 4], [4, 10, 27]]","[[103, 29, 2], [40, 100, 12], [4, 10, 27]]","[[1, -1, 0], [9, -17, 8], [0, 0, 0]]",-0.04187274634686783,-0.6379142516842311,226,20,4,77,59,10946
data_no_lstm__tp04_L2_m0p39,data_ablation_no_module,no_lstm,tp04_L2_m0p39,2.0,-0.39,run1,fold02,326,74.23312883435584,73.31288343558282,-0.9202453987730195,-,73.23841319717204,72.58051846032993,-0.6578947368421098,-,73.4197528076379,72.32636788973817,-1.0933849178997406,-,0.5692124265740279,0.5556392501300622,-0.013573176443965718,-,75.3731343283582,75.3731343283582,0.0,74.3421052631579,72.36842105263158,-1.9736842105263293,70.0,70.0,0.0,"[[101, 30, 3], [31, 113, 8], [5, 7, 28]]","[[101, 30, 3], [32, 110, 10], [5, 7, 28]]","[[0, 0, 0], [1, -3, 2], [0, 0, 0]]",-0.005046941772598966,-0.08513856469510706,237,5,2,82,33,6052
data_no_lstm__tp04_L2_m0p39,data_ablation_no_module,no_lstm,tp04_L2_m0p39,2.0,-0.39,run1,fold03,326,77.91411042944786,76.07361963190185,-1.8404907975460105,-,77.18643623985336,75.87064676616916,-1.3157894736842053,-,76.36475294195755,74.61050197484306,-1.754250967114487,-,0.6335414855138196,0.6052095182385916,-0.02833196727522802,-,77.61194029850746,77.61194029850746,0.0,78.94736842105263,75.0,-3.94736842105263,75.0,75.0,0.0,"[[104, 23, 7], [25, 120, 7], [3, 7, 30]]","[[104, 23, 7], [29, 114, 9], [3, 7, 30]]","[[0, 0, 0], [4, -6, 2], [0, 0, 0]]",-0.017134898298177062,-0.42763377204994485,248,6,0,72,37,7087
data_no_lstm__tp04_L2_m0p39,data_ablation_no_module,no_lstm,tp04_L2_m0p39,2.0,-0.39,run1,oof_pooled,979,75.79162410623084,73.23799795709908,-2.553626149131759,-,74.4568263510633,72.63916029537683,-1.8176660556864732,-,74.79679148332708,72.08630217760782,-2.710489305719264,-,0.5949564188779985,0.5564781385232231,-0.03847828035477541,-,76.3681592039801,76.61691542288557,0.24875621890546995,76.75438596491229,71.05263157894737,-5.701754385964918,70.24793388429752,70.24793388429752,0.0,"[[307, 83, 12], [87, 350, 19], [12, 24, 85]]","[[308, 82, 12], [101, 324, 31], [12, 24, 85]]","[[1, -1, 0], [14, -26, 12], [0, 0, 0]]",-0.021372490212971156,-0.38382200416714046,711,31,6,231,129,24085
data_no_lstm__tp04_L2_m0p39,data_ablation_no_module,no_lstm,tp04_L2_m0p39,2.0,-0.39,run2,fold01,72,63.888888888888886,63.888888888888886,0.0,0,63.762303009614826,63.762303009614826,0.0,0,62.59259259259259,62.59259259259259,0.0,0,0.45896250049990833,0.45896250049990833,0.0,0,59.25925925925925,59.25925925925925,0.0,67.74193548387096,67.74193548387096,0.0,64.28571428571429,64.28571428571429,0.0,"[[16, 6, 5], [2, 21, 8], [0, 5, 9]]","[[16, 6, 5], [2, 21, 8], [0, 5, 9]]","[[0, 0, 0], [0, 0, 0], [0, 0, 0]]",0.00023504263824886812,0.003975703484482229,46,0,0,26,1,102
data_no_lstm__tp04_L2_m0p39,data_ablation_no_module,no_lstm,tp04_L2_m0p39,2.0,-0.39,run2,fold02,71,56.33802816901409,56.33802816901409,0.0,0,53.73980857851826,53.73980857851826,0.0,0,55.29980107985223,55.29980107985223,0.0,0,0.2972806093565435,0.2972806093565435,0.0,0,53.84615384615385,53.84615384615385,0.0,64.51612903225806,64.51612903225806,0.0,42.857142857142854,42.857142857142854,0.0,"[[14, 11, 1], [9, 20, 2], [2, 6, 6]]","[[14, 11, 1], [9, 20, 2], [2, 6, 6]]","[[0, 0, 0], [0, 0, 0], [0, 0, 0]]",-0.001087520324008565,-0.009824036082751317,40,0,0,31,1,123
data_no_lstm__tp04_L2_m0p39,data_ablation_no_module,no_lstm,tp04_L2_m0p39,2.0,-0.39,run2,fold03,71,67.6056338028169,67.6056338028169,0.0,0,63.58265390523455,63.58265390523455,0.0,0,63.48309568648551,63.48309568648551,0.0,0,0.4934358082473687,0.4934358082473687,0.0,0,76.92307692307693,76.92307692307693,0.0,70.96774193548387,70.96774193548387,0.0,42.857142857142854,42.857142857142854,0.0,"[[20, 4, 2], [4, 22, 5], [6, 2, 6]]","[[20, 4, 2], [4, 22, 5], [6, 2, 6]]","[[0, 0, 0], [0, 0, 0], [0, 0, 0]]",-0.0009162180965215396,-0.010817077797903155,48,0,0,23,2,229
data_no_lstm__tp04_L2_m0p39,data_ablation_no_module,no_lstm,tp04_L2_m0p39,2.0,-0.39,run2,oof_pooled,214,62.616822429906534,62.616822429906534,0.0,0,60.344358241459105,60.344358241459105,0.0,0,60.31415748674011,60.31415748674011,0.0,0,0.41329125049232496,0.41329125049232496,0.0,0,63.29113924050633,63.29113924050633,0.0,67.74193548387096,67.74193548387096,0.0,50.0,50.0,0.0,"[[50, 21, 8], [15, 63, 15], [8, 13, 21]]","[[50, 21, 8], [15, 63, 15], [8, 13, 21]]","[[0, 0, 0], [0, 0, 0], [0, 0, 0]]",-0.0005857119528211164,-0.005510600161886668,134,0,0,80,4,454
module_masked__no_lstm__tp04_L2_m0p39,module_ablation_masked,no_lstm,tp04_L2_m0p39,2.0,-0.39,run1,fold01,327,76.14678899082568,70.33639143730886,-5.810397553516822,-,73.34101316268466,69.5029346208623,-3.8380785418223553,-,74.9261908596146,69.29726313809347,-5.628927721521123,-,0.6015558155264147,0.5089726041418343,-0.09258321138458037,-,83.5820895522388,76.86567164179104,-6.71641791044776,73.02631578947368,65.78947368421053,-7.23684210526315,63.41463414634146,65.85365853658537,2.439024390243908,"[[112, 20, 2], [37, 111, 4], [5, 10, 26]]","[[103, 29, 2], [40, 100, 12], [4, 10, 27]]","[[-9, 9, 0], [3, -11, 8], [-1, 0, 1]]",-0.07240857090814305,-1.3474945059695511,202,47,28,50,59,10946
module_masked__no_lstm__tp04_L2_m0p39,module_ablation_masked,no_lstm,tp04_L2_m0p39,2.0,-0.39,run1,fold02,326,80.06134969325154,73.31288343558282,-6.748466257668724,-,81.23658025661167,72.58051846032993,-8.656061796281747,-,80.73185504354767,72.32636788973817,-8.405487153809503,-,0.6680176072272989,0.5556392501300622,-0.11237835709723665,-,79.1044776119403,75.3731343283582,-3.731343283582092,79.60526315789474,72.36842105263158,-7.236842105263165,85.0,70.0,-15.0,"[[106, 26, 2], [25, 121, 6], [2, 4, 34]]","[[101, 30, 3], [32, 110, 10], [5, 7, 28]]","[[-5, 4, 1], [7, -11, 4], [3, 3, -6]]",-0.0785736950857769,-2.2158648092242563,206,55,33,32,33,6052
module_masked__no_lstm__tp04_L2_m0p39,module_ablation_masked,no_lstm,tp04_L2_m0p39,2.0,-0.39,run1,fold03,326,82.51533742331289,76.07361963190185,-6.441717791411037,-,79.45404556166537,75.87064676616916,-3.5833987954962083,-,81.56558261082513,74.61050197484306,-6.955080635982071,-,0.7042215943743606,0.6052095182385916,-0.09901207613576901,-,82.83582089552239,77.61194029850746,-5.223880597014926,85.52631578947368,75.0,-10.526315789473685,70.0,75.0,5.0,"[[111, 21, 2], [21, 130, 1], [4, 8, 28]]","[[104, 23, 7], [29, 114, 9], [3, 7, 30]]","[[-7, 2, 5], [8, -16, 8], [-1, -1, 2]]",-0.06082637229106904,0.8356977723984539,223,46,25,32,37,7087
module_masked__no_lstm__tp04_L2_m0p39,module_ablation_masked,no_lstm,tp04_L2_m0p39,2.0,-0.39,run1,oof_pooled,979,79.57099080694586,73.23799795709908,-6.332992849846775,-,77.98467788648465,72.63916029537683,-5.345517591107821,-,79.15242540635991,72.08630217760782,-7.06612322875209,-,0.6569490430970854,0.5564781385232231,-0.10047090457386221,-,81.8407960199005,76.61691542288557,-5.223880597014926,79.3859649122807,71.05263157894737,-8.333333333333329,72.72727272727273,70.24793388429752,-2.47933884297521,"[[329, 67, 6], [83, 362, 11], [11, 22, 88]]","[[308, 82, 12], [101, 324, 31], [12, 24, 85]]","[[-21, 15, 6], [18, -38, 20], [1, 2, -3]]",-0.0706047238527217,-0.9096681894353982,631,148,86,114,129,24085
module_masked__no_lstm__tp04_L2_m0p39,module_ablation_masked,no_lstm,tp04_L2_m0p39,2.0,-0.39,run2,fold01,72,69.44444444444444,63.888888888888886,-5.555555555555557,-,66.40780565511749,63.762303009614826,-2.64550264550266,-,66.56940760389035,62.59259259259259,-3.9768150112977665,-,0.5189937167591026,0.45896250049990833,-0.06003121625919422,-,81.48148148148148,59.25925925925925,-22.22222222222223,67.74193548387096,67.74193548387096,0.0,50.0,64.28571428571429,14.285714285714292,"[[22, 3, 2], [7, 21, 3], [2, 5, 7]]","[[16, 6, 5], [2, 21, 8], [0, 5, 9]]","[[-6, 3, 3], [-5, 0, 5], [-2, 0, 2]]",-0.07729915671214055,-1.9710720697831776,40,10,6,16,1,102
module_masked__no_lstm__tp04_L2_m0p39,module_ablation_masked,no_lstm,tp04_L2_m0p39,2.0,-0.39,run2,fold02,71,66.19718309859155,56.33802816901409,-9.859154929577464,-,65.3255346803734,53.73980857851826,-11.585726101855137,-,65.75180206506916,55.29980107985223,-10.452000985216927,-,0.47169889043248636,0.2972806093565435,-0.17441828107594287,-,80.76923076923077,53.84615384615385,-26.923076923076927,58.06451612903226,64.51612903225806,6.451612903225801,57.14285714285714,42.857142857142854,-14.285714285714285,"[[21, 5, 0], [10, 18, 3], [2, 4, 8]]","[[14, 11, 1], [9, 20, 2], [2, 6, 6]]","[[-7, 6, 1], [-1, 2, -1], [0, 2, -2]]",-0.25486057528236333,-2.6179288812178436,30,17,10,14,1,123
module_masked__no_lstm__tp04_L2_m0p39,module_ablation_masked,no_lstm,tp04_L2_m0p39,2.0,-0.39,run2,fold03,71,66.19718309859155,67.6056338028169,1.408450704225345,+,59.89601796053409,63.58265390523455,3.6866359447004626,+,60.02554278416348,63.48309568648551,3.4575529023220355,+,0.460437150159194,0.4934358082473687,0.032998658088174704,+,76.92307692307693,76.92307692307693,0.0,74.19354838709677,70.96774193548387,-3.225806451612897,28.57142857142857,42.857142857142854,14.285714285714285,"[[20, 5, 1], [6, 23, 2], [6, 4, 4]]","[[20, 4, 2], [4, 22, 5], [6, 2, 6]]","[[0, -1, 1], [-2, -1, 3], [0, -2, 2]]",-0.0705356034073516,-2.7158960066211058,40,7,8,16,2,229
module_masked__no_lstm__tp04_L2_m0p39,module_ablation_masked,no_lstm,tp04_L2_m0p39,2.0,-0.39,run2,oof_pooled,214,67.28971962616822,62.616822429906534,-4.672897196261687,-,63.883865782599955,60.344358241459105,-3.53950754114085,-,64.42868835686517,60.31415748674011,-4.1145308701250585,-,0.483236229225805,0.41329125049232496,-0.06994497873348005,-,79.74683544303798,63.29113924050633,-16.455696202531648,66.66666666666666,67.74193548387096,1.0752688172043037,45.23809523809524,50.0,4.761904761904759,"[[63, 13, 3], [23, 62, 8], [10, 13, 19]]","[[50, 21, 8], [15, 63, 15], [8, 13, 21]]","[[-13, 8, 5], [-8, 1, 7], [-2, 0, 2]]",-0.13396573817870971,-2.4327979255184773,110,34,24,46,4,454
data_no_attention__tp04_L2_m0p39,data_ablation_no_module,no_attention,tp04_L2_m0p39,2.0,-0.39,run1,fold01,327,81.9571865443425,77.06422018348624,-4.8929663608562635,-,79.91197734051183,76.3737474373958,-3.5382299031160187,-,82.01435063589545,75.24210403389371,-6.7722466020017436,-,0.6962494375241386,0.6232984900461659,-0.0729509474779727,-,84.32835820895522,83.5820895522388,-0.7462686567164241,82.23684210526315,72.36842105263158,-9.868421052631575,73.17073170731707,73.17073170731707,0.0,"[[113, 19, 2], [27, 125, 0], [2, 9, 30]]","[[112, 20, 2], [28, 110, 14], [2, 9, 30]]","[[-1, 1, 0], [1, -15, 14], [0, 0, 0]]",-0.050906344931447134,-0.7800145803833956,248,20,4,55,59,10946
data_no_attention__tp04_L2_m0p39,data_ablation_no_module,no_attention,tp04_L2_m0p39,2.0,-0.39,run1,fold02,326,81.90184049079755,78.52760736196319,-3.374233128834362,-,79.51165226499084,77.09937156323645,-2.4122807017543977,-,80.47822307750707,77.08727471260137,-3.3909483649056966,-,0.6958625448093783,0.6413967824321634,-0.0544657623772149,-,79.8507462686567,79.8507462686567,0.0,86.18421052631578,78.94736842105263,-7.23684210526315,72.5,72.5,0.0,"[[107, 24, 3], [17, 131, 4], [4, 7, 29]]","[[107, 24, 3], [24, 120, 8], [4, 7, 29]]","[[0, 0, 0], [7, -11, 4], [0, 0, 0]]",-0.033162369457217074,-0.41913198745928054,255,12,1,58,33,6052
data_no_attention__tp04_L2_m0p39,data_ablation_no_module,no_attention,tp04_L2_m0p39,2.0,-0.39,run1,fold03,326,84.3558282208589,81.59509202453987,-2.76073619631903,-,83.89892642052894,81.92524221000262,-1.973684210526315,-,83.66469909688912,81.34185175441893,-2.3228473424701974,-,0.7390486456524588,0.6949472685750522,-0.04410137707740658,-,84.32835820895522,84.32835820895522,0.0,84.86842105263158,78.94736842105263,-5.921052631578945,82.5,82.5,0.0,"[[113, 20, 1], [16, 129, 7], [4, 3, 33]]","[[113, 20, 1], [24, 120, 8], [4, 3, 33]]","[[0, 0, 0], [8, -9, 1], [0, 0, 0]]",-0.023387510150662448,-0.29405841996973275,265,10,1,50,37,7087
data_no_attention__tp04_L2_m0p39,data_ablation_no_module,no_attention,tp04_L2_m0p39,2.0,-0.39,run1,oof_pooled,979,82.73748723186925,79.06026557711951,-3.6772216547497436,-,81.09956776938853,78.45816949758962,-2.6413982717989057,-,82.05217929651486,77.87044985524327,-4.1817294412715995,-,0.7100686691507885,0.6529366681203035,-0.05713200103048499,-,82.83582089552239,82.58706467661692,-0.24875621890546995,84.4298245614035,76.75438596491229,-7.675438596491219,76.03305785123968,76.03305785123968,0.0,"[[333, 63, 6], [60, 385, 11], [10, 19, 92]]","[[332, 64, 6], [76, 350, 30], [10, 19, 92]]","[[-1, 1, 0], [16, -35, 19], [0, 0, 0]]",-0.0358341527525556,-0.4980233305487525,768,42,6,163,129,24085
data_no_attention__tp04_L2_m0p39,data_ablation_no_module,no_attention,tp04_L2_m0p39,2.0,-0.39,run2,fold01,72,58.333333333333336,59.72222222222222,1.3888888888888857,+,55.384877965523124,56.46014678272743,1.0752688172043037,+,55.707282913165265,56.90418679549115,1.1969038823258842,+,0.3440986103748549,0.36384550732954973,0.019746896954694837,+,55.55555555555556,55.55555555555556,0.0,67.74193548387096,70.96774193548387,3.225806451612911,42.857142857142854,42.857142857142854,0.0,"[[15, 9, 3], [5, 21, 5], [1, 7, 6]]","[[15, 9, 3], [5, 22, 4], [1, 7, 6]]","[[0, 0, 0], [0, 1, -1], [0, 0, 0]]",0.007309225284390981,0.03780721459123823,42,0,1,29,1,102
data_no_attention__tp04_L2_m0p39,data_ablation_no_module,no_attention,tp04_L2_m0p39,2.0,-0.39,run2,fold02,71,63.38028169014085,63.38028169014085,0.0,0,68.66950254047029,68.66950254047029,0.0,0,63.681341719077565,63.681341719077565,0.0,0,0.4690406293950227,0.4690406293950227,0.0,0,61.53846153846154,61.53846153846154,0.0,51.61290322580645,51.61290322580645,0.0,92.85714285714286,92.85714285714286,0.0,"[[16, 6, 4], [7, 16, 8], [1, 0, 13]]","[[16, 6, 4], [7, 16, 8], [1, 0, 13]]","[[0, 0, 0], [0, 0, 0], [0, 0, 0]]",0.0074120705396356745,0.059850137156080195,45,0,0,26,1,123
data_no_attention__tp04_L2_m0p39,data_ablation_no_module,no_attention,tp04_L2_m0p39,2.0,-0.39,run2,fold03,71,56.33802816901409,56.33802816901409,0.0,0,51.74878884556304,51.74878884556304,0.0,0,51.7458781609725,51.7458781609725,0.0,0,0.30795014030702567,0.30795014030702567,0.0,0,65.38461538461539,65.38461538461539,0.0,61.29032258064516,61.29032258064516,0.0,28.57142857142857,28.57142857142857,0.0,"[[17, 7, 2], [6, 19, 6], [4, 6, 4]]","[[17, 7, 2], [6, 19, 6], [4, 6, 4]]","[[0, 0, 0], [0, 0, 0], [0, 0, 0]]",-0.00012130322963624218,-0.06409385999743368,40,0,0,31,2,229
data_no_attention__tp04_L2_m0p39,data_ablation_no_module,no_attention,tp04_L2_m0p39,2.0,-0.39,run2,oof_pooled,214,59.345794392523366,59.813084112149525,0.46728971962615873,+,58.5788173987439,58.937240337812,0.35842293906809886,+,57.96936324972884,58.399260187339664,0.4298969376108204,+,0.36980374236342506,0.3758601542504724,0.006056411887047364,+,60.75949367088608,60.75949367088608,0.0,60.215053763440864,61.29032258064516,1.0752688172042966,54.761904761904766,54.761904761904766,0.0,"[[48, 22, 9], [18, 56, 19], [6, 13, 23]]","[[48, 22, 9], [18, 57, 18], [6, 13, 23]]","[[0, 0, 0], [0, 1, -1], [0, 0, 0]]",0.004878078034981825,0.011312220228191849,127,0,1,86,4,454
module_masked__no_attention__tp04_L2_m0p39,module_ablation_masked,no_attention,tp04_L2_m0p39,2.0,-0.39,run1,fold01,327,76.14678899082568,77.06422018348624,0.9174311926605583,+,73.34101316268466,76.3737474373958,3.032734274711146,+,74.9261908596146,75.24210403389371,0.31591317427911747,+,0.6015558155264147,0.6232984900461659,0.021742674519751204,+,83.5820895522388,83.5820895522388,0.0,73.02631578947368,72.36842105263158,-0.6578947368421098,63.41463414634146,73.17073170731707,9.756097560975611,"[[112, 20, 2], [37, 111, 4], [5, 10, 26]]","[[112, 20, 2], [28, 110, 14], [2, 9, 30]]","[[0, 0, 0], [-9, -1, 10], [-3, -1, 4]]",-0.012309995273245979,0.5136442287036129,215,34,37,41,59,10946
module_masked__no_attention__tp04_L2_m0p39,module_ablation_masked,no_attention,tp04_L2_m0p39,2.0,-0.39,run1,fold02,326,80.06134969325154,78.52760736196319,-1.5337423312883516,-,81.23658025661167,77.09937156323645,-4.137208693375229,-,80.73185504354767,77.08727471260137,-3.6445803309462974,-,0.6680176072272989,0.6413967824321634,-0.0266208247951355,-,79.1044776119403,79.8507462686567,0.7462686567164099,79.60526315789474,78.94736842105263,-0.6578947368421098,85.0,72.5,-12.5,"[[106, 26, 2], [25, 121, 6], [2, 4, 34]]","[[107, 24, 3], [24, 120, 8], [4, 7, 29]]","[[1, -2, 1], [-1, -1, 2], [2, 3, -5]]",-0.019686222185913513,1.8239493779898792,217,44,39,26,33,6052
module_masked__no_attention__tp04_L2_m0p39,module_ablation_masked,no_attention,tp04_L2_m0p39,2.0,-0.39,run1,fold03,326,82.51533742331289,81.59509202453987,-0.9202453987730195,-,79.45404556166537,81.92524221000262,2.471196648337255,+,81.56558261082513,81.34185175441893,-0.22373085640620616,-,0.7042215943743606,0.6949472685750522,-0.009274325799308425,-,82.83582089552239,84.32835820895522,1.492537313432834,85.52631578947368,78.94736842105263,-6.578947368421055,70.0,82.5,12.5,"[[111, 21, 2], [21, 130, 1], [4, 8, 28]]","[[113, 20, 1], [24, 120, 8], [4, 3, 33]]","[[2, -1, -1], [3, -10, 7], [0, -5, 5]]",-0.016796039219890528,0.8529087953280909,233,36,33,24,37,7087
module_masked__no_attention__tp04_L2_m0p39,module_ablation_masked,no_attention,tp04_L2_m0p39,2.0,-0.39,run1,oof_pooled,979,79.57099080694586,79.06026557711951,-0.5107252298263489,-,77.98467788648465,78.45816949758962,0.4734916111049756,+,79.15242540635991,77.87044985524327,-1.2819755511166449,-,0.6569490430970854,0.6529366681203035,-0.004012374976781863,-,81.8407960199005,82.58706467661692,0.7462686567164241,79.3859649122807,76.75438596491229,-2.6315789473684106,72.72727272727273,76.03305785123968,3.305785123966942,"[[329, 67, 6], [83, 362, 11], [11, 22, 88]]","[[332, 64, 6], [76, 350, 30], [10, 19, 92]]","[[3, -3, 0], [-7, -12, 19], [-1, -3, 4]]",-0.016260046652342753,1.062939149425679,665,114,109,91,129,24085
module_masked__no_attention__tp04_L2_m0p39,module_ablation_masked,no_attention,tp04_L2_m0p39,2.0,-0.39,run2,fold01,72,69.44444444444444,59.72222222222222,-9.722222222222221,-,66.40780565511749,56.46014678272743,-9.947658872390058,-,66.56940760389035,56.90418679549115,-9.665220808399205,-,0.5189937167591026,0.36384550732954973,-0.15514820942955282,-,81.48148148148148,55.55555555555556,-25.925925925925924,67.74193548387096,70.96774193548387,3.225806451612911,50.0,42.857142857142854,-7.142857142857146,"[[22, 3, 2], [7, 21, 3], [2, 5, 7]]","[[15, 9, 3], [5, 22, 4], [1, 7, 6]]","[[-7, 6, 1], [-2, 1, 1], [-1, 2, -1]]",-0.1457624407664563,-2.271690169821442,37,13,6,16,1,102
module_masked__no_attention__tp04_L2_m0p39,module_ablation_masked,no_attention,tp04_L2_m0p39,2.0,-0.39,run2,fold02,71,66.19718309859155,63.38028169014085,-2.816901408450704,-,65.3255346803734,68.66950254047029,3.343967860096896,+,65.75180206506916,63.681341719077565,-2.0704603459915916,-,0.47169889043248636,0.4690406293950227,-0.0026582610374636384,-,80.76923076923077,61.53846153846154,-19.230769230769234,58.06451612903226,51.61290322580645,-6.451612903225815,57.14285714285714,92.85714285714286,35.71428571428572,"[[21, 5, 0], [10, 18, 3], [2, 4, 8]]","[[16, 6, 4], [7, 16, 8], [1, 0, 13]]","[[-5, 1, 4], [-3, -2, 5], [-1, -4, 5]]",-0.07740054416186487,-1.754906886239195,33,14,12,12,1,123
module_masked__no_attention__tp04_L2_m0p39,module_ablation_masked,no_attention,tp04_L2_m0p39,2.0,-0.39,run2,fold03,71,66.19718309859155,56.33802816901409,-9.859154929577464,-,59.89601796053409,51.74878884556304,-8.147229114971047,-,60.02554278416348,51.7458781609725,-8.279664623190975,-,0.460437150159194,0.30795014030702567,-0.15248700985216834,-,76.92307692307693,65.38461538461539,-11.538461538461547,74.19354838709677,61.29032258064516,-12.903225806451609,28.57142857142857,28.57142857142857,0.0,"[[20, 5, 1], [6, 23, 2], [6, 4, 4]]","[[17, 7, 2], [6, 19, 6], [4, 6, 4]]","[[-3, 2, 1], [0, -4, 4], [-2, 2, 0]]",-0.18871484311289075,-3.9155462908388023,35,12,5,19,2,229
module_masked__no_attention__tp04_L2_m0p39,module_ablation_masked,no_attention,tp04_L2_m0p39,2.0,-0.39,run2,oof_pooled,214,67.28971962616822,59.813084112149525,-7.476635514018696,-,63.883865782599955,58.937240337812,-4.946625444787955,-,64.42868835686517,58.399260187339664,-6.029428169525502,-,0.483236229225805,0.3758601542504724,-0.10737607497533258,-,79.74683544303798,60.75949367088608,-18.9873417721519,66.66666666666666,61.29032258064516,-5.376344086021497,45.23809523809524,54.761904761904766,9.523809523809526,"[[63, 13, 3], [23, 62, 8], [10, 13, 19]]","[[48, 22, 9], [18, 57, 18], [6, 13, 23]]","[[-15, 9, 6], [-5, -5, 10], [-4, 0, 4]]",-0.13733218799856312,-2.6456255504658017,105,39,23,47,4,454
data_full__tp05_L2_p0p06,data_ablation_full,,tp05_L2_p0p06,2.0,0.06,run1,fold01,327,80.73394495412845,75.22935779816514,-5.504587155963307,-,76.63048684689517,72.68311842584255,-3.947368421052616,-,79.0877721312504,74.23052678340018,-4.857245347850224,-,0.6743426700043699,0.5873502560514479,-0.08699241395292201,-,83.5820895522388,83.5820895522388,0.0,82.89473684210526,71.05263157894737,-11.84210526315789,63.41463414634146,63.41463414634146,0.0,"[[112, 20, 2], [25, 126, 1], [5, 10, 26]]","[[112, 20, 2], [40, 108, 4], [5, 10, 26]]","[[0, 0, 0], [15, -18, 3], [0, 0, 0]]",-0.05017318217390253,-0.8293292684201435,243,21,3,60,59,10862
data_full__tp05_L2_p0p06,data_ablation_full,,tp05_L2_p0p06,2.0,0.06,run1,fold02,326,81.59509202453987,79.75460122699386,-1.8404907975460105,-,82.30361351139041,80.98782403770622,-1.315789473684191,-,82.11529042328695,80.49315361574668,-1.6221368075402722,-,0.6929312561648969,0.6628240731491538,-0.03010718301574311,-,78.35820895522389,78.35820895522389,0.0,83.55263157894737,79.60526315789474,-3.94736842105263,85.0,85.0,0.0,"[[105, 27, 2], [20, 127, 5], [2, 4, 34]]","[[105, 27, 2], [25, 121, 6], [2, 4, 34]]","[[0, 0, 0], [5, -6, 1], [0, 0, 0]]",-0.015145094136904251,-0.25017766535647806,260,6,0,60,29,5543
data_full__tp05_L2_p0p06,data_ablation_full,,tp05_L2_p0p06,2.0,0.06,run1,fold03,326,84.04907975460122,82.82208588957054,-1.2269938650306784,-,80.55053678973553,79.67334380727938,-0.8771929824561511,-,82.96722819707497,81.79182648395695,-1.1754017131180206,-,0.7301975910800922,0.7094209393380266,-0.020776651742065555,-,82.83582089552239,82.83582089552239,0.0,88.81578947368422,86.18421052631578,-2.631578947368439,70.0,70.0,0.0,"[[111, 21, 2], [17, 135, 0], [4, 8, 28]]","[[111, 21, 2], [20, 131, 1], [4, 8, 28]]","[[0, 0, 0], [3, -4, 1], [0, 0, 0]]",-0.012404633265849188,-0.20142847013894033,267,7,3,49,39,7399
data_full__tp05_L2_p0p06,data_ablation_full,,tp05_L2_p0p06,2.0,0.06,run1,oof_pooled,979,82.12461695607763,79.26455566905005,-2.860061287027577,-,79.80234394217112,77.75556031644012,-2.0467836257309955,-,81.47172321467072,78.92173035624474,-2.5499928584259806,-,0.6985628449866854,0.6518569357945858,-0.046705909192099604,-,81.59203980099502,81.59203980099502,0.0,85.08771929824562,78.94736842105263,-6.1403508771929864,72.72727272727273,72.72727272727273,0.0,"[[328, 68, 6], [62, 388, 6], [11, 22, 88]]","[[328, 68, 6], [85, 360, 11], [11, 22, 88]]","[[0, 0, 0], [23, -28, 5], [0, 0, 0]]",-0.02593242257830822,-0.42738944938191353,770,34,6,169,127,23804
data_full__tp05_L2_p0p06,data_ablation_full,,tp05_L2_p0p06,2.0,0.06,run2,fold01,72,69.44444444444444,66.66666666666666,-2.7777777777777857,-,66.40780565511749,63.938669852648346,-2.4691358024691397,-,66.85875706214689,65.05847953216374,-1.8002775299831484,-,0.5182264323917611,0.4689829004230573,-0.049243531968703846,-,81.48148148148148,74.07407407407408,-7.407407407407405,67.74193548387096,67.74193548387096,0.0,50.0,50.0,0.0,"[[22, 3, 2], [8, 21, 2], [2, 5, 7]]","[[20, 6, 1], [8, 21, 2], [2, 5, 7]]","[[-2, 3, -1], [0, 0, 0], [0, 0, 0]]",-0.019556295415837453,-0.30134363617334103,48,2,0,22,6,910
data_full__tp05_L2_p0p06,data_ablation_full,,tp05_L2_p0p06,2.0,0.06,run2,fold02,71,66.19718309859155,67.6056338028169,1.408450704225345,+,65.3255346803734,66.60758596242468,1.2820512820512846,+,65.75180206506916,66.83040935672514,1.0786072916559846,+,0.47169889043248636,0.49691364576377434,0.025214755331287975,+,80.76923076923077,84.61538461538461,3.8461538461538396,58.06451612903226,58.06451612903226,0.0,57.14285714285714,57.14285714285714,0.0,"[[21, 5, 0], [10, 18, 3], [2, 4, 8]]","[[22, 4, 0], [10, 18, 3], [2, 4, 8]]","[[1, -1, 0], [0, 0, 0], [0, 0, 0]]",0.015544090050676699,0.3468755750169217,47,0,1,23,5,768
data_full__tp05_L2_p0p06,data_ablation_full,,tp05_L2_p0p06,2.0,0.06,run2,fold03,71,66.19718309859155,64.7887323943662,-1.408450704225345,-,59.89601796053409,58.6139666784828,-1.2820512820512917,-,60.04855889724311,58.698593073593074,-1.349965823650038,-,0.45896608905667236,0.43636295355333465,-0.0226031355033377,-,76.92307692307693,73.07692307692307,-3.846153846153868,74.19354838709677,74.19354838709677,0.0,28.57142857142857,28.57142857142857,0.0,"[[20, 5, 1], [6, 23, 2], [5, 5, 4]]","[[19, 5, 2], [6, 23, 2], [5, 5, 4]]","[[-1, 0, 1], [0, 0, 0], [0, 0, 0]]",-0.013657520687925782,-0.19859386497819928,46,1,0,24,2,298
data_full__tp05_L2_p0p06,data_ablation_full,,tp05_L2_p0p06,2.0,0.06,run2,oof_pooled,214,67.28971962616822,66.35514018691589,-0.9345794392523317,-,63.883865782599955,63.039983926059875,-0.8438818565400794,-,64.55099829747716,63.81088744075411,-0.7401108567230565,-,0.4824688400261222,0.46628568685558625,-0.01618315317053598,-,79.74683544303798,77.21518987341773,-2.5316455696202524,66.66666666666666,66.66666666666666,0.0,45.23809523809524,45.23809523809524,0.0,"[[63, 13, 3], [24, 62, 7], [9, 14, 19]]","[[61, 15, 3], [24, 62, 7], [9, 14, 19]]","[[-2, 2, 0], [0, 0, 0], [0, 0, 0]]",-0.005953770304602718,-0.05219037566229561,141,3,1,69,13,1976
data_no_conv__tp05_L2_p0p06,data_ablation_no_module,no_conv,tp05_L2_p0p06,2.0,0.06,run1,fold01,327,79.20489296636084,73.70030581039755,-5.504587155963293,-,77.82046123681977,73.87309281576712,-3.9473684210526443,-,79.390186562109,74.0011332361988,-5.389053325910197,-,0.6509524121737486,0.5669814970647864,-0.08397091510896215,-,81.34328358208955,81.34328358208955,0.0,78.94736842105263,67.10526315789474,-11.84210526315789,73.17073170731707,73.17073170731707,0.0,"[[109, 24, 1], [29, 120, 3], [5, 6, 30]]","[[109, 24, 1], [42, 102, 8], [5, 6, 30]]","[[0, 0, 0], [13, -18, 5], [0, 0, 0]]",-0.05115652989323353,-0.8265047903409063,239,20,2,66,59,10862
data_no_conv__tp05_L2_p0p06,data_ablation_no_module,no_conv,tp05_L2_p0p06,2.0,0.06,run1,fold02,326,80.06134969325154,77.30061349693251,-2.76073619631903,-,78.89827179890023,76.92458758837391,-1.973684210526315,-,78.65140888396702,75.59058047683604,-3.060828407130984,-,0.667755761900005,0.6264652863431559,-0.04129047555684906,-,82.08955223880598,82.08955223880598,0.0,79.60526315789474,73.68421052631578,-5.921052631578959,75.0,75.0,0.0,"[[110, 22, 2], [22, 121, 9], [4, 6, 30]]","[[110, 22, 2], [26, 112, 14], [4, 6, 30]]","[[0, 0, 0], [4, -9, 5], [0, 0, 0]]",-0.020582266647920035,-0.10970924090182671,251,10,1,64,29,5543
data_no_conv__tp05_L2_p0p06,data_ablation_no_module,no_conv,tp05_L2_p0p06,2.0,0.06,run1,fold03,326,77.60736196319019,75.15337423312883,-2.453987730061357,-,80.15514532600157,78.40075936108929,-1.754385964912288,-,76.45264363658288,74.35104005501115,-2.101603581571723,-,0.6403712014169086,0.6040446290205486,-0.03632657239636006,-,80.59701492537313,80.59701492537313,0.0,72.36842105263158,67.10526315789474,-5.263157894736835,87.5,87.5,0.0,"[[108, 18, 8], [28, 110, 14], [0, 5, 35]]","[[108, 18, 8], [35, 102, 15], [0, 5, 35]]","[[0, 0, 0], [7, -8, 1], [0, 0, 0]]",-0.019569185340314234,-0.10418904837837979,241,12,4,69,39,7399
data_no_conv__tp05_L2_p0p06,data_ablation_no_module,no_conv,tp05_L2_p0p06,2.0,0.06,run1,oof_pooled,979,78.95812053115424,75.38304392236977,-3.575076608784471,-,78.94312149561026,76.3846419634465,-2.5584795321637586,-,78.0672759638754,74.60856831069398,-3.4587076531814205,-,0.6519762827892167,0.5985120012225927,-0.05346428156662397,-,81.34328358208955,81.34328358208955,0.0,76.97368421052632,69.2982456140351,-7.675438596491219,78.51239669421489,78.51239669421489,0.0,"[[327, 64, 11], [79, 351, 26], [9, 17, 95]]","[[327, 64, 11], [103, 316, 37], [9, 17, 95]]","[[0, 0, 0], [24, -35, 11], [0, 0, 0]]",-0.030457158961442018,-0.3472910201704021,731,42,7,199,127,23804
data_no_conv__tp05_L2_p0p06,data_ablation_no_module,no_conv,tp05_L2_p0p06,2.0,0.06,run2,fold01,72,55.55555555555556,55.55555555555556,0.0,0,57.151391022358766,57.151391022358766,0.0,0,54.93827160493828,54.93827160493828,0.0,0,0.3353881275042346,0.3353881275042346,0.0,0,55.55555555555556,55.55555555555556,0.0,51.61290322580645,51.61290322580645,0.0,64.28571428571429,64.28571428571429,0.0,"[[15, 6, 6], [8, 16, 7], [4, 1, 9]]","[[15, 6, 6], [8, 16, 7], [4, 1, 9]]","[[0, 0, 0], [0, 0, 0], [0, 0, 0]]",0.0026270581616295702,0.004207152718057234,40,0,0,32,6,910
data_no_conv__tp05_L2_p0p06,data_ablation_no_module,no_conv,tp05_L2_p0p06,2.0,0.06,run2,fold02,71,56.33802816901409,56.33802816901409,0.0,0,60.888573791799594,60.888573791799594,0.0,0,56.23083683234059,56.23083683234059,0.0,0,0.3663549852444777,0.3663549852444777,0.0,0,65.38461538461539,65.38461538461539,0.0,38.70967741935484,38.70967741935484,0.0,78.57142857142857,78.57142857142857,0.0,"[[17, 6, 3], [9, 12, 10], [3, 0, 11]]","[[17, 6, 3], [9, 12, 10], [3, 0, 11]]","[[0, 0, 0], [0, 0, 0], [0, 0, 0]]",0.0006939382961001026,-0.037154767714755586,40,0,0,31,5,768
data_no_conv__tp05_L2_p0p06,data_ablation_no_module,no_conv,tp05_L2_p0p06,2.0,0.06,run2,fold03,71,54.929577464788736,54.929577464788736,0.0,0,51.50064988774666,51.50064988774666,0.0,0,50.483091787439605,50.483091787439605,0.0,0,0.3108593378795985,0.3108593378795985,0.0,0,80.76923076923077,80.76923076923077,0.0,45.16129032258064,45.16129032258064,0.0,28.57142857142857,28.57142857142857,0.0,"[[21, 4, 1], [13, 14, 4], [8, 2, 4]]","[[21, 4, 1], [13, 14, 4], [8, 2, 4]]","[[0, 0, 0], [0, 0, 0], [0, 0, 0]]",0.0008470621747030339,0.0033560333852197103,39,0,0,32,2,298
data_no_conv__tp05_L2_p0p06,data_ablation_no_module,no_conv,tp05_L2_p0p06,2.0,0.06,run2,oof_pooled,214,55.60747663551402,55.60747663551402,0.0,0,56.4642516867915,56.4642516867915,0.0,0,54.638998759215426,54.638998759215426,0.0,0,0.33252990827619394,0.33252990827619394,0.0,0,67.08860759493672,67.08860759493672,0.0,45.16129032258064,45.16129032258064,0.0,57.14285714285714,57.14285714285714,0.0,"[[53, 16, 10], [30, 42, 21], [15, 3, 24]]","[[53, 16, 10], [30, 42, 21], [15, 3, 24]]","[[0, 0, 0], [0, 0, 0], [0, 0, 0]]",0.001395136547029681,-0.009798108138770684,119,0,0,95,13,1976
module_masked__no_conv__tp05_L2_p0p06,module_ablation_masked,no_conv,tp05_L2_p0p06,2.0,0.06,run1,fold01,327,75.22935779816514,73.70030581039755,-1.5290519877675877,-,72.68311842584255,73.87309281576712,1.189974389924572,+,74.23052678340018,74.0011332361988,-0.22939354720138283,-,0.5873502560514479,0.5669814970647864,-0.02036875898666146,-,83.5820895522388,81.34328358208955,-2.2388059701492438,71.05263157894737,67.10526315789474,-3.94736842105263,63.41463414634146,73.17073170731707,9.756097560975611,"[[112, 20, 2], [40, 108, 4], [5, 10, 26]]","[[109, 24, 1], [42, 102, 8], [5, 6, 30]]","[[-3, 4, -1], [2, -6, 4], [0, -4, 4]]",-0.015897827085560496,0.2192002935990099,213,33,28,53,59,10862
module_masked__no_conv__tp05_L2_p0p06,module_ablation_masked,no_conv,tp05_L2_p0p06,2.0,0.06,run1,fold02,326,79.75460122699386,77.30061349693251,-2.4539877300613426,-,80.98782403770622,76.92458758837391,-4.063236449332308,-,80.49315361574668,75.59058047683604,-4.90257313891064,-,0.6628240731491538,0.6264652863431559,-0.03635878680599791,-,78.35820895522389,82.08955223880598,3.731343283582092,79.60526315789474,73.68421052631578,-5.921052631578959,85.0,75.0,-10.0,"[[105, 27, 2], [25, 121, 6], [2, 4, 34]]","[[110, 22, 2], [26, 112, 14], [4, 6, 30]]","[[5, -5, 0], [1, -9, 8], [2, 2, -4]]",-0.04150711474486088,-1.2710717854667113,217,43,35,31,29,5543
module_masked__no_conv__tp05_L2_p0p06,module_ablation_masked,no_conv,tp05_L2_p0p06,2.0,0.06,run1,fold03,326,82.82208588957054,75.15337423312883,-7.668711656441715,-,79.67334380727938,78.40075936108929,-1.2725844461900948,-,81.79182648395695,74.35104005501115,-7.440786428945799,-,0.7094209393380266,0.6040446290205486,-0.10537631031747807,-,82.83582089552239,80.59701492537313,-2.238805970149258,86.18421052631578,67.10526315789474,-19.07894736842104,70.0,87.5,17.5,"[[111, 21, 2], [20, 131, 1], [4, 8, 28]]","[[108, 18, 8], [35, 102, 15], [0, 5, 35]]","[[-3, -3, 6], [15, -29, 14], [-4, -3, 7]]",-0.1020067335726161,-2.3188149536062785,216,54,29,27,39,7399
module_masked__no_conv__tp05_L2_p0p06,module_ablation_masked,no_conv,tp05_L2_p0p06,2.0,0.06,run1,oof_pooled,979,79.26455566905005,75.38304392236977,-3.881511746680289,-,77.75556031644012,76.3846419634465,-1.3709183529936269,-,78.92173035624474,74.60856831069398,-4.313162045550754,-,0.6518569357945858,0.5985120012225927,-0.053344934571993075,-,81.59203980099502,81.34328358208955,-0.24875621890546995,78.94736842105263,69.2982456140351,-9.649122807017534,72.72727272727273,78.51239669421489,5.785123966942152,"[[328, 68, 6], [85, 360, 11], [11, 22, 88]]","[[327, 64, 11], [103, 316, 37], [9, 17, 95]]","[[-1, -4, 5], [18, -44, 26], [-2, -5, 7]]",-0.053099186934091706,-1.122190583177649,646,130,92,111,127,23804
module_masked__no_conv__tp05_L2_p0p06,module_ablation_masked,no_conv,tp05_L2_p0p06,2.0,0.06,run2,fold01,72,66.66666666666666,55.55555555555556,-11.1111111111111,-,63.938669852648346,57.151391022358766,-6.78727883028958,-,65.05847953216374,54.93827160493828,-10.120207927225465,-,0.4689829004230573,0.3353881275042346,-0.1335947729188227,-,74.07407407407408,55.55555555555556,-18.51851851851852,67.74193548387096,51.61290322580645,-16.129032258064512,50.0,64.28571428571429,14.285714285714292,"[[20, 6, 1], [8, 21, 2], [2, 5, 7]]","[[15, 6, 6], [8, 16, 7], [4, 1, 9]]","[[-5, 0, 5], [0, -5, 5], [2, -4, 2]]",-0.13667989313187295,-1.6963150574010797,28,20,12,12,6,910
module_masked__no_conv__tp05_L2_p0p06,module_ablation_masked,no_conv,tp05_L2_p0p06,2.0,0.06,run2,fold02,71,67.6056338028169,56.33802816901409,-11.267605633802809,-,66.60758596242468,60.888573791799594,-5.719012170625085,-,66.83040935672514,56.23083683234059,-10.599572524384548,-,0.49691364576377434,0.3663549852444777,-0.13055866051929665,-,84.61538461538461,65.38461538461539,-19.230769230769226,58.06451612903226,38.70967741935484,-19.354838709677423,57.14285714285714,78.57142857142857,21.42857142857143,"[[22, 4, 0], [10, 18, 3], [2, 4, 8]]","[[17, 6, 3], [9, 12, 10], [3, 0, 11]]","[[-5, 2, 3], [-1, -6, 7], [1, -4, 3]]",-0.18356171169147453,-2.8087498997666045,32,16,8,15,5,768
module_masked__no_conv__tp05_L2_p0p06,module_ablation_masked,no_conv,tp05_L2_p0p06,2.0,0.06,run2,fold03,71,64.7887323943662,54.929577464788736,-9.859154929577471,-,58.6139666784828,51.50064988774666,-7.113316790736135,-,58.698593073593074,50.483091787439605,-8.215501286153469,-,0.43636295355333465,0.3108593378795985,-0.12550361567373614,-,73.07692307692307,80.76923076923077,7.692307692307708,74.19354838709677,45.16129032258064,-29.032258064516128,28.57142857142857,28.57142857142857,0.0,"[[19, 5, 2], [6, 23, 2], [5, 5, 4]]","[[21, 4, 1], [13, 14, 4], [8, 2, 4]]","[[2, -1, -1], [7, -9, 2], [3, -3, 0]]",-0.204434677286927,-2.7422033423511967,33,13,6,19,2,298
module_masked__no_conv__tp05_L2_p0p06,module_ablation_masked,no_conv,tp05_L2_p0p06,2.0,0.06,run2,oof_pooled,214,66.35514018691589,55.60747663551402,-10.747663551401871,-,63.039983926059875,56.4642516867915,-6.575732239268376,-,63.81088744075411,54.638998759215426,-9.171888681538682,-,0.46628568685558625,0.33252990827619394,-0.1337557785793923,-,77.21518987341773,67.08860759493672,-10.12658227848101,66.66666666666666,45.16129032258064,-21.505376344086017,45.23809523809524,57.14285714285714,11.904761904761898,"[[61, 15, 3], [24, 62, 7], [9, 14, 19]]","[[53, 16, 10], [30, 42, 21], [15, 3, 24]]","[[-8, 1, 7], [6, -20, 14], [6, -11, 5]]",-0.17471353235028672,-2.4123942258095403,93,49,26,46,13,1976
data_no_lstm__tp05_L2_p0p06,data_ablation_no_module,no_lstm,tp05_L2_p0p06,2.0,0.06,run1,fold01,327,75.22935779816514,69.41896024464832,-5.810397553516822,-,72.98224857739544,68.81558191072877,-4.166666666666671,-,74.65929369343549,68.593430321684,-6.06586337175149,-,0.5824277209957041,0.4940541071283769,-0.08837361386732717,-,76.11940298507463,76.11940298507463,0.0,76.97368421052632,64.47368421052632,-12.5,65.85365853658537,65.85365853658537,0.0,"[[102, 30, 2], [31, 117, 4], [4, 10, 27]]","[[102, 30, 2], [42, 98, 12], [4, 10, 27]]","[[0, 0, 0], [11, -19, 8], [0, 0, 0]]",-0.05254200913722636,-0.8434955034553093,225,21,2,79,59,10862
data_no_lstm__tp05_L2_p0p06,data_ablation_no_module,no_lstm,tp05_L2_p0p06,2.0,0.06,run1,fold02,326,74.23312883435584,73.61963190184049,-0.6134969325153463,-,73.23841319717204,72.79981670594395,-0.43859649122808264,-,73.4197528076379,72.55818261886323,-0.8615701887746781,-,0.5692124265740279,0.560556114845556,-0.008656311728471922,-,75.3731343283582,75.3731343283582,0.0,74.3421052631579,73.02631578947368,-1.3157894736842195,70.0,70.0,0.0,"[[101, 30, 3], [31, 113, 8], [5, 7, 28]]","[[101, 30, 3], [31, 111, 10], [5, 7, 28]]","[[0, 0, 0], [0, -2, 2], [0, 0, 0]]",-0.0055054560435101665,-0.07575135539211561,237,5,3,81,29,5543
data_no_lstm__tp05_L2_p0p06,data_ablation_no_module,no_lstm,tp05_L2_p0p06,2.0,0.06,run1,fold03,326,77.91411042944786,75.4601226993865,-2.453987730061357,-,77.18643623985336,75.43205027494109,-1.7543859649122737,-,76.36475294195755,74.14283542874513,-2.221917513212418,-,0.6335414855138196,0.5955146991904232,-0.0380267863233964,-,77.61194029850746,77.61194029850746,0.0,78.94736842105263,73.68421052631578,-5.26315789473685,75.0,75.0,0.0,"[[104, 23, 7], [25, 120, 7], [3, 7, 30]]","[[104, 23, 7], [31, 112, 9], [3, 7, 30]]","[[0, 0, 0], [6, -8, 2], [0, 0, 0]]",-0.02192810589235836,-0.5010247195790882,245,9,1,71,39,7399
data_no_lstm__tp05_L2_p0p06,data_ablation_no_module,no_lstm,tp05_L2_p0p06,2.0,0.06,run1,oof_pooled,979,75.79162410623084,72.829417773238,-2.962206332992835,-,74.4568263510633,72.33694331012762,-2.119883040935676,-,74.79679148332708,71.77392306095354,-3.0228684223735485,-,0.5949564188779985,0.5498661378966601,-0.04509028098133849,-,76.3681592039801,76.3681592039801,0.0,76.75438596491229,70.39473684210526,-6.359649122807028,70.24793388429752,70.24793388429752,0.0,"[[307, 83, 12], [87, 350, 19], [12, 24, 85]]","[[307, 83, 12], [104, 321, 31], [12, 24, 85]]","[[0, 0, 0], [17, -29, 12], [0, 0, 0]]",-0.02668496238913806,-0.473801869326352,707,35,6,231,127,23804
data_no_lstm__tp05_L2_p0p06,data_ablation_no_module,no_lstm,tp05_L2_p0p06,2.0,0.06,run2,fold01,72,63.888888888888886,62.5,-1.3888888888888857,-,63.762303009614826,62.52773510838027,-1.2345679012345556,-,62.59259259259259,61.165711165711166,-1.4268814268814225,-,0.45896250049990833,0.441877171527927,-0.01708532897198134,-,59.25925925925925,55.55555555555556,-3.7037037037036953,67.74193548387096,67.74193548387096,0.0,64.28571428571429,64.28571428571429,0.0,"[[16, 6, 5], [2, 21, 8], [0, 5, 9]]","[[15, 6, 6], [2, 21, 8], [0, 5, 9]]","[[-1, 0, 1], [0, 0, 0], [0, 0, 0]]",-0.00045511732443830885,-0.04961065202951431,45,1,0,26,6,910
data_no_lstm__tp05_L2_p0p06,data_ablation_no_module,no_lstm,tp05_L2_p0p06,2.0,0.06,run2,fold02,71,56.33802816901409,56.33802816901409,0.0,0,53.73980857851826,53.73980857851826,0.0,0,55.29980107985223,55.29980107985223,0.0,0,0.2972806093565435,0.2972806093565435,0.0,0,53.84615384615385,53.84615384615385,0.0,64.51612903225806,64.51612903225806,0.0,42.857142857142854,42.857142857142854,0.0,"[[14, 11, 1], [9, 20, 2], [2, 6, 6]]","[[14, 11, 1], [9, 20, 2], [2, 6, 6]]","[[0, 0, 0], [0, 0, 0], [0, 0, 0]]",0.0014846401525215355,-0.009007997581289262,40,0,0,31,5,768
data_no_lstm__tp05_L2_p0p06,data_ablation_no_module,no_lstm,tp05_L2_p0p06,2.0,0.06,run2,fold03,71,67.6056338028169,67.6056338028169,0.0,0,63.58265390523455,63.58265390523455,0.0,0,63.48309568648551,63.48309568648551,0.0,0,0.4934358082473687,0.4934358082473687,0.0,0,76.92307692307693,76.92307692307693,0.0,70.96774193548387,70.96774193548387,0.0,42.857142857142854,42.857142857142854,0.0,"[[20, 4, 2], [4, 22, 5], [6, 2, 6]]","[[20, 4, 2], [4, 22, 5], [6, 2, 6]]","[[0, 0, 0], [0, 0, 0], [0, 0, 0]]",-0.0012701175267427736,-0.0019979571897379045,48,0,0,23,2,298
data_no_lstm__tp05_L2_p0p06,data_ablation_no_module,no_lstm,tp05_L2_p0p06,2.0,0.06,run2,oof_pooled,214,62.616822429906534,62.149532710280376,-0.46728971962615873,-,60.344358241459105,59.92241731318906,-0.4219409282700468,-,60.31415748674011,59.83077126476846,-0.4833862219716494,-,0.41329125049232496,0.4068244945177056,-0.006466755974619376,-,63.29113924050633,62.0253164556962,-1.2658227848101333,67.74193548387096,67.74193548387096,0.0,50.0,50.0,0.0,"[[50, 21, 8], [15, 63, 15], [8, 13, 21]]","[[49, 21, 9], [15, 63, 15], [8, 13, 21]]","[[-1, 0, 1], [0, 0, 0], [0, 0, 0]]",-8.195019125825297e-05,-0.020342942686298875,133,1,0,80,13,1976
module_masked__no_lstm__tp05_L2_p0p06,module_ablation_masked,no_lstm,tp05_L2_p0p06,2.0,0.06,run1,fold01,327,75.22935779816514,69.41896024464832,-5.810397553516822,-,72.68311842584255,68.81558191072877,-3.867536515113784,-,74.23052678340018,68.593430321684,-5.637096461716183,-,0.5873502560514479,0.4940541071283769,-0.09329614892307098,-,83.5820895522388,76.11940298507463,-7.46268656716417,71.05263157894737,64.47368421052632,-6.578947368421055,63.41463414634146,65.85365853658537,2.439024390243908,"[[112, 20, 2], [40, 108, 4], [5, 10, 26]]","[[102, 30, 2], [42, 98, 12], [4, 10, 27]]","[[-10, 10, 0], [2, -10, 8], [-1, 0, 1]]",-0.07786149817491256,-1.4992771660282478,199,47,28,53,59,10862
module_masked__no_lstm__tp05_L2_p0p06,module_ablation_masked,no_lstm,tp05_L2_p0p06,2.0,0.06,run1,fold02,326,79.75460122699386,73.61963190184049,-6.134969325153364,-,80.98782403770622,72.79981670594395,-8.188007331762265,-,80.49315361574668,72.55818261886323,-7.93497099688345,-,0.6628240731491538,0.560556114845556,-0.1022679583035978,-,78.35820895522389,75.3731343283582,-2.985074626865682,79.60526315789474,73.02631578947368,-6.578947368421055,85.0,70.0,-15.0,"[[105, 27, 2], [25, 121, 6], [2, 4, 34]]","[[101, 30, 3], [31, 111, 10], [5, 7, 28]]","[[-4, 3, 1], [6, -10, 4], [3, 3, -6]]",-0.08012371159877693,-2.221726286727821,206,54,34,32,29,5543
module_masked__no_lstm__tp05_L2_p0p06,module_ablation_masked,no_lstm,tp05_L2_p0p06,2.0,0.06,run1,fold03,326,82.82208588957054,75.4601226993865,-7.361963190184042,-,79.67334380727938,75.43205027494109,-4.24129353233829,-,81.79182648395695,74.14283542874513,-7.648991055211823,-,0.7094209393380266,0.5955146991904232,-0.11390624014760342,-,82.83582089552239,77.61194029850746,-5.223880597014926,86.18421052631578,73.68421052631578,-12.5,70.0,75.0,5.0,"[[111, 21, 2], [20, 131, 1], [4, 8, 28]]","[[104, 23, 7], [31, 112, 9], [3, 7, 30]]","[[-7, 2, 5], [11, -19, 8], [-1, -1, 2]]",-0.06800821576387203,0.7810696282029792,223,47,23,33,39,7399
module_masked__no_lstm__tp05_L2_p0p06,module_ablation_masked,no_lstm,tp05_L2_p0p06,2.0,0.06,run1,oof_pooled,979,79.26455566905005,72.829417773238,-6.435137895812048,-,77.75556031644012,72.33694331012762,-5.418617006312502,-,78.92173035624474,71.77392306095354,-7.1478072952912015,-,0.6518569357945858,0.5498661378966601,-0.10199079789792576,-,81.59203980099502,76.3681592039801,-5.223880597014926,78.94736842105263,70.39473684210526,-8.55263157894737,72.72727272727273,70.24793388429752,-2.47933884297521,"[[328, 68, 6], [85, 360, 11], [11, 22, 88]]","[[307, 83, 12], [104, 321, 31], [12, 24, 85]]","[[-21, 15, 6], [19, -39, 20], [1, 2, -3]]",-0.07533372647948924,-0.9805083799492701,628,148,85,118,127,23804
module_masked__no_lstm__tp05_L2_p0p06,module_ablation_masked,no_lstm,tp05_L2_p0p06,2.0,0.06,run2,fold01,72,66.66666666666666,62.5,-4.166666666666657,-,63.938669852648346,62.52773510838027,-1.4109347442680757,-,65.05847953216374,61.165711165711166,-3.8927683664525787,-,0.4689829004230573,0.441877171527927,-0.0271057288951303,-,74.07407407407408,55.55555555555556,-18.51851851851852,67.74193548387096,67.74193548387096,0.0,50.0,64.28571428571429,14.285714285714292,"[[20, 6, 1], [8, 21, 2], [2, 5, 7]]","[[15, 6, 6], [2, 21, 8], [0, 5, 9]]","[[-5, 0, 5], [-6, 0, 6], [-2, 0, 2]]",-0.05871489861551993,-1.748734409093029,39,9,6,18,6,910
module_masked__no_lstm__tp05_L2_p0p06,module_ablation_masked,no_lstm,tp05_L2_p0p06,2.0,0.06,run2,fold02,71,67.6056338028169,56.33802816901409,-11.267605633802809,-,66.60758596242468,53.73980857851826,-12.867777383906422,-,66.83040935672514,55.29980107985223,-11.530608276872911,-,0.49691364576377434,0.2972806093565435,-0.19963303640723085,-,84.61538461538461,53.84615384615385,-30.769230769230766,58.06451612903226,64.51612903225806,6.451612903225801,57.14285714285714,42.857142857142854,-14.285714285714285,"[[22, 4, 0], [10, 18, 3], [2, 4, 8]]","[[14, 11, 1], [9, 20, 2], [2, 6, 6]]","[[-8, 7, 1], [-1, 2, -1], [0, 2, -2]]",-0.2678323906842326,-2.9635612220096754,31,17,9,14,5,768
module_masked__no_lstm__tp05_L2_p0p06,module_ablation_masked,no_lstm,tp05_L2_p0p06,2.0,0.06,run2,fold03,71,64.7887323943662,67.6056338028169,2.81690140845069,+,58.6139666784828,63.58265390523455,4.968687226751754,+,58.698593073593074,63.48309568648551,4.784502612892439,+,0.43636295355333465,0.4934358082473687,0.05707285469403406,+,73.07692307692307,76.92307692307693,3.846153846153868,74.19354838709677,70.96774193548387,-3.225806451612897,28.57142857142857,42.857142857142854,14.285714285714285,"[[19, 5, 2], [6, 23, 2], [5, 5, 4]]","[[20, 4, 2], [4, 22, 5], [6, 2, 6]]","[[1, -1, 0], [-2, -1, 3], [1, -3, 2]]",-0.05723195675188902,-2.483524793313003,39,7,9,16,2,298
module_masked__no_lstm__tp05_L2_p0p06,module_ablation_masked,no_lstm,tp05_L2_p0p06,2.0,0.06,run2,oof_pooled,214,66.35514018691589,62.149532710280376,-4.205607476635514,-,63.039983926059875,59.92241731318906,-3.1175666128708173,-,63.81088744075411,59.83077126476846,-3.98011617598565,-,0.46628568685558625,0.4068244945177056,-0.059461192337880664,-,77.21518987341773,62.0253164556962,-15.189873417721529,66.66666666666666,67.74193548387096,1.0752688172043037,45.23809523809524,50.0,4.761904761904759,"[[61, 15, 3], [24, 62, 7], [9, 14, 19]]","[[49, 21, 9], [15, 63, 15], [8, 13, 21]]","[[-12, 6, 6], [-9, 1, 8], [-1, -1, 2]]",-0.12760299704804706,-2.3955700212271416,109,33,24,48,13,1976
data_no_attention__tp05_L2_p0p06,data_ablation_no_module,no_attention,tp05_L2_p0p06,2.0,0.06,run1,fold01,327,81.9571865443425,76.14678899082568,-5.810397553516822,-,79.91197734051183,75.74531067384514,-4.166666666666686,-,82.01435063589545,74.0291682737726,-7.985182362122856,-,0.6962494375241386,0.6114747001363573,-0.0847747373877813,-,84.32835820895522,84.32835820895522,0.0,82.23684210526315,69.73684210526315,-12.5,73.17073170731707,73.17073170731707,0.0,"[[113, 19, 2], [27, 125, 0], [2, 9, 30]]","[[113, 19, 2], [29, 106, 17], [2, 9, 30]]","[[0, 0, 0], [2, -19, 17], [0, 0, 0]]",-0.061233654874309276,-0.8806142447692903,244,24,5,54,59,10862
data_no_attention__tp05_L2_p0p06,data_ablation_no_module,no_attention,tp05_L2_p0p06,2.0,0.06,run1,fold02,326,81.90184049079755,79.14110429447852,-2.76073619631903,-,79.51165226499084,77.53796805446453,-1.973684210526315,-,80.47822307750707,77.75615592921469,-2.722067148292382,-,0.6958625448093783,0.6509309078894878,-0.04493163691989044,-,79.8507462686567,79.8507462686567,0.0,86.18421052631578,80.26315789473685,-5.921052631578931,72.5,72.5,0.0,"[[107, 24, 3], [17, 131, 4], [4, 7, 29]]","[[107, 24, 3], [23, 122, 7], [4, 7, 29]]","[[0, 0, 0], [6, -9, 3], [0, 0, 0]]",-0.027690075068442874,-0.2752028720144845,257,10,1,58,29,5543
data_no_attention__tp05_L2_p0p06,data_ablation_no_module,no_attention,tp05_L2_p0p06,2.0,0.06,run1,fold03,326,84.3558282208589,81.90184049079755,-2.4539877300613426,-,83.89892642052894,82.14454045561665,-1.754385964912288,-,83.66469909688912,81.57543781987435,-2.0892612770147707,-,0.7390486456524588,0.6998001334558712,-0.03924851219658754,-,84.32835820895522,84.32835820895522,0.0,84.86842105263158,79.60526315789474,-5.263157894736835,82.5,82.5,0.0,"[[113, 20, 1], [16, 129, 7], [4, 3, 33]]","[[113, 20, 1], [23, 121, 8], [4, 3, 33]]","[[0, 0, 0], [7, -8, 1], [0, 0, 0]]",-0.01772455579042639,-0.16590818061144805,266,9,1,50,39,7399
data_no_attention__tp05_L2_p0p06,data_ablation_no_module,no_attention,tp05_L2_p0p06,2.0,0.06,run1,oof_pooled,979,82.73748723186925,79.06026557711951,-3.6772216547497436,-,81.09956776938853,78.4679888220201,-2.631578947368425,-,82.05217929651486,77.7395020243496,-4.31267727216526,-,0.7100686691507885,0.6534152221343842,-0.05665344701640429,-,82.83582089552239,82.83582089552239,0.0,84.4298245614035,76.53508771929825,-7.89473684210526,76.03305785123968,76.03305785123968,0.0,"[[333, 63, 6], [60, 385, 11], [10, 19, 92]]","[[333, 63, 6], [75, 349, 32], [10, 19, 92]]","[[0, 0, 0], [15, -36, 21], [0, 0, 0]]",-0.03557566374248265,-0.4410245773193176,767,43,7,162,127,23804
data_no_attention__tp05_L2_p0p06,data_ablation_no_module,no_attention,tp05_L2_p0p06,2.0,0.06,run2,fold01,72,58.333333333333336,56.94444444444444,-1.3888888888888928,-,55.384877965523124,54.150310064288554,-1.2345679012345698,-,55.707282913165265,54.2394947707623,-1.4677881424029664,-,0.3440986103748549,0.32526084988688053,-0.018837760487974364,-,55.55555555555556,51.85185185185185,-3.7037037037037095,67.74193548387096,67.74193548387096,0.0,42.857142857142854,42.857142857142854,0.0,"[[15, 9, 3], [5, 21, 5], [1, 7, 6]]","[[14, 9, 4], [5, 21, 5], [1, 7, 6]]","[[-1, 0, 1], [0, 0, 0], [0, 0, 0]]",-0.002168690151948897,-0.0543922974417607,40,2,1,29,6,910
data_no_attention__tp05_L2_p0p06,data_ablation_no_module,no_attention,tp05_L2_p0p06,2.0,0.06,run2,fold02,71,63.38028169014085,61.97183098591549,-1.4084507042253591,-,68.66950254047029,67.38745125841899,-1.2820512820512988,-,63.681341719077565,62.38347190728143,-1.297869811796133,-,0.4690406293950227,0.4457453285408833,-0.023295300854139445,-,61.53846153846154,57.692307692307686,-3.846153846153854,51.61290322580645,51.61290322580645,0.0,92.85714285714286,92.85714285714286,0.0,"[[16, 6, 4], [7, 16, 8], [1, 0, 13]]","[[15, 7, 4], [7, 16, 8], [1, 0, 13]]","[[-1, 1, 0], [0, 0, 0], [0, 0, 0]]",0.0010475257448901252,-0.08950416806717992,44,1,0,26,5,768
data_no_attention__tp05_L2_p0p06,data_ablation_no_module,no_attention,tp05_L2_p0p06,2.0,0.06,run2,fold03,71,56.33802816901409,54.929577464788736,-1.408450704225352,-,51.74878884556304,50.46673756351176,-1.2820512820512846,-,51.7458781609725,50.49518382851716,-1.250694332455339,-,0.30795014030702567,0.28809236066213245,-0.019857779644893214,-,65.38461538461539,61.53846153846154,-3.8461538461538467,61.29032258064516,61.29032258064516,0.0,28.57142857142857,28.57142857142857,0.0,"[[17, 7, 2], [6, 19, 6], [4, 6, 4]]","[[16, 7, 3], [6, 19, 6], [4, 6, 4]]","[[-1, 0, 1], [0, 0, 0], [0, 0, 0]]",-0.009923237835017732,-0.08623602818435347,39,1,0,31,2,298
data_no_attention__tp05_L2_p0p06,data_ablation_no_module,no_attention,tp05_L2_p0p06,2.0,0.06,run2,oof_pooled,214,59.345794392523366,57.943925233644855,-1.4018691588785117,-,58.5788173987439,57.312994613933775,-1.2658227848101262,-,57.96936324972884,56.59080132764343,-1.3785619220854102,-,0.36980374236342506,0.34984282131027455,-0.019960921053150504,-,60.75949367088608,56.9620253164557,-3.7974683544303787,60.215053763440864,60.215053763440864,0.0,54.761904761904766,54.761904761904766,0.0,"[[48, 22, 9], [18, 56, 19], [6, 13, 23]]","[[45, 23, 11], [18, 56, 19], [6, 13, 23]]","[[-3, 1, 2], [0, 0, 0], [0, 0, 0]]",-0.003674398361398975,-0.07660653901712916,123,4,1,86,13,1976
module_masked__no_attention__tp05_L2_p0p06,module_ablation_masked,no_attention,tp05_L2_p0p06,2.0,0.06,run1,fold01,327,75.22935779816514,76.14678899082568,0.9174311926605441,+,72.68311842584255,75.74531067384514,3.0621922480025887,+,74.23052678340018,74.0291682737726,-0.20135850962758184,-,0.5873502560514479,0.6114747001363573,0.024124444084909435,+,83.5820895522388,84.32835820895522,0.7462686567164241,71.05263157894737,69.73684210526315,-1.3157894736842195,63.41463414634146,73.17073170731707,9.756097560975611,"[[112, 20, 2], [40, 108, 4], [5, 10, 26]]","[[113, 19, 2], [29, 106, 17], [2, 9, 30]]","[[1, -1, 0], [-11, -2, 13], [-3, -1, 4]]",-0.0174209696925191,0.4668431560300997,207,39,42,39,59,10862
module_masked__no_attention__tp05_L2_p0p06,module_ablation_masked,no_attention,tp05_L2_p0p06,2.0,0.06,run1,fold02,326,79.75460122699386,79.14110429447852,-0.6134969325153321,-,80.98782403770622,77.53796805446453,-3.44985598324169,-,80.49315361574668,77.75615592921469,-2.7369976865319927,-,0.6628240731491538,0.6509309078894878,-0.011893165259665994,-,78.35820895522389,79.8507462686567,1.4925373134328197,79.60526315789474,80.26315789473685,0.6578947368421098,85.0,72.5,-12.5,"[[105, 27, 2], [25, 121, 6], [2, 4, 34]]","[[107, 24, 3], [23, 122, 7], [4, 7, 29]]","[[2, -3, 1], [-2, 1, 1], [2, 3, -5]]",-0.015305430039228152,1.9526298066281194,218,42,40,26,29,5543
module_masked__no_attention__tp05_L2_p0p06,module_ablation_masked,no_attention,tp05_L2_p0p06,2.0,0.06,run1,fold03,326,82.82208588957054,81.90184049079755,-0.920245398772991,-,79.67334380727938,82.14454045561665,2.471196648337269,+,81.79182648395695,81.57543781987435,-0.2163886640826007,-,0.7094209393380266,0.6998001334558712,-0.009620805882155414,-,82.83582089552239,84.32835820895522,1.492537313432834,86.18421052631578,79.60526315789474,-6.578947368421041,70.0,82.5,12.5,"[[111, 21, 2], [20, 131, 1], [4, 8, 28]]","[[113, 20, 1], [23, 121, 8], [4, 3, 33]]","[[2, -1, -1], [3, -10, 7], [0, -5, 5]]",-0.013521720738276156,0.9998218380200442,233,37,34,22,39,7399
module_masked__no_attention__tp05_L2_p0p06,module_ablation_masked,no_attention,tp05_L2_p0p06,2.0,0.06,run1,oof_pooled,979,79.26455566905005,79.06026557711951,-0.20429009193054526,-,77.75556031644012,78.4679888220201,0.7124285055799788,+,78.92173035624474,77.7395020243496,-1.182228331895132,-,0.6518569357945858,0.6534152221343842,0.001558286339798376,+,81.59203980099502,82.83582089552239,1.243781094527364,78.94736842105263,76.53508771929825,-2.4122807017543835,72.72727272727273,76.03305785123968,3.305785123966942,"[[328, 68, 6], [85, 360, 11], [11, 22, 88]]","[[333, 63, 6], [75, 349, 32], [10, 19, 92]]","[[5, -5, 0], [-10, -11, 21], [-1, -3, 4]]",-0.01541808809287043,1.1390775773004536,658,118,116,87,127,23804
module_masked__no_attention__tp05_L2_p0p06,module_ablation_masked,no_attention,tp05_L2_p0p06,2.0,0.06,run2,fold01,72,66.66666666666666,56.94444444444444,-9.722222222222214,-,63.938669852648346,54.150310064288554,-9.788359788359791,-,65.05847953216374,54.2394947707623,-10.818984761401445,-,0.4689829004230573,0.32526084988688053,-0.14372205053617676,-,74.07407407407408,51.85185185185185,-22.22222222222223,67.74193548387096,67.74193548387096,0.0,50.0,42.857142857142854,-7.142857142857146,"[[20, 6, 1], [8, 21, 2], [2, 5, 7]]","[[14, 9, 4], [5, 21, 5], [1, 7, 6]]","[[-6, 3, 3], [-3, 0, 3], [-1, 2, -1]]",-0.1359659381434884,-2.0879656656502954,35,13,6,18,6,910
module_masked__no_attention__tp05_L2_p0p06,module_ablation_masked,no_attention,tp05_L2_p0p06,2.0,0.06,run2,fold02,71,67.6056338028169,61.97183098591549,-5.633802816901408,-,66.60758596242468,67.38745125841899,0.7798652959943126,+,66.83040935672514,62.38347190728143,-4.446937449443709,-,0.49691364576377434,0.4457453285408833,-0.05116831722289106,-,84.61538461538461,57.692307692307686,-26.923076923076927,58.06451612903226,51.61290322580645,-6.451612903225815,57.14285714285714,92.85714285714286,35.71428571428572,"[[22, 4, 0], [10, 18, 3], [2, 4, 8]]","[[15, 7, 4], [7, 16, 8], [1, 0, 13]]","[[-7, 3, 4], [-3, -2, 5], [-1, -4, 5]]",-0.0993090648350098,-2.2507095707557494,33,15,11,12,5,768
module_masked__no_attention__tp05_L2_p0p06,module_ablation_masked,no_attention,tp05_L2_p0p06,2.0,0.06,run2,fold03,71,64.7887323943662,54.929577464788736,-9.859154929577471,-,58.6139666784828,50.46673756351176,-8.14722911497104,-,58.698593073593074,50.49518382851716,-8.20340924507591,-,0.43636295355333465,0.28809236066213245,-0.1482705928912022,-,73.07692307692307,61.53846153846154,-11.538461538461526,74.19354838709677,61.29032258064516,-12.903225806451609,28.57142857142857,28.57142857142857,0.0,"[[19, 5, 2], [6, 23, 2], [5, 5, 4]]","[[16, 7, 3], [6, 19, 6], [4, 6, 4]]","[[-3, 2, 1], [0, -4, 4], [-1, 1, 0]]",-0.1848592316325884,-3.7141363663257847,34,12,5,20,2,298
module_masked__no_attention__tp05_L2_p0p06,module_ablation_masked,no_attention,tp05_L2_p0p06,2.0,0.06,run2,oof_pooled,214,66.35514018691589,57.943925233644855,-8.411214953271035,-,63.039983926059875,57.312994613933775,-5.726989312126101,-,63.81088744075411,56.59080132764343,-7.220086113110675,-,0.46628568685558625,0.34984282131027455,-0.11644286554531169,-,77.21518987341773,56.9620253164557,-20.253164556962027,66.66666666666666,60.215053763440864,-6.451612903225794,45.23809523809524,54.761904761904766,9.523809523809526,"[[61, 15, 3], [24, 62, 7], [9, 14, 19]]","[[45, 23, 11], [18, 56, 19], [6, 13, 23]]","[[-16, 8, 8], [-6, -6, 12], [-3, -1, 4]]",-0.14002568502584412,-2.6814840628953744,102,40,22,50,13,1976
data_full__tp06_L2_p0p46,data_ablation_full,,tp06_L2_p0p46,2.0,0.46,run1,fold01,327,80.73394495412845,74.61773700305811,-6.116207951070336,-,76.63048684689517,72.24452193461448,-4.385964912280684,-,79.0877721312504,73.30679648720886,-5.780975644041547,-,0.6743426700043699,0.578582763325098,-0.09575990667927192,-,83.5820895522388,83.5820895522388,0.0,82.89473684210526,69.73684210526315,-13.15789473684211,63.41463414634146,63.41463414634146,0.0,"[[112, 20, 2], [25, 126, 1], [5, 10, 26]]","[[112, 20, 2], [40, 106, 6], [5, 10, 26]]","[[0, 0, 0], [15, -20, 5], [0, 0, 0]]",-0.05652777623855595,-0.937850973611578,243,21,1,62,58,10719
data_full__tp06_L2_p0p46,data_ablation_full,,tp06_L2_p0p46,2.0,0.46,run1,fold02,326,81.59509202453987,80.06134969325154,-1.5337423312883232,-,82.30361351139041,81.20712228332025,-1.096491228070164,-,82.11529042328695,80.72403742905352,-1.391252994233426,-,0.6929312561648969,0.6678709153603514,-0.025060340804545556,-,78.35820895522389,78.35820895522389,0.0,83.55263157894737,80.26315789473685,-3.2894736842105203,85.0,85.0,0.0,"[[105, 27, 2], [20, 127, 5], [2, 4, 34]]","[[105, 27, 2], [24, 122, 6], [2, 4, 34]]","[[0, 0, 0], [4, -5, 1], [0, 0, 0]]",-0.013319149436391647,-0.20551636862208597,261,5,0,60,26,5007
data_full__tp06_L2_p0p46,data_ablation_full,,tp06_L2_p0p46,2.0,0.46,run1,fold03,326,84.04907975460122,82.20858895705521,-1.8404907975460105,-,80.55053678973553,79.23474731605133,-1.3157894736842053,-,82.96722819707497,81.33928835880816,-1.627939838266812,-,0.7301975910800922,0.6990491123495569,-0.03114847873053528,-,82.83582089552239,82.83582089552239,0.0,88.81578947368422,84.86842105263158,-3.9473684210526443,70.0,70.0,0.0,"[[111, 21, 2], [17, 135, 0], [4, 8, 28]]","[[111, 21, 2], [22, 129, 1], [4, 8, 28]]","[[0, 0, 0], [5, -6, 1], [0, 0, 0]]",-0.01819999779665545,-0.23819303777685927,265,9,3,49,42,7767
data_full__tp06_L2_p0p46,data_ablation_full,,tp06_L2_p0p46,2.0,0.46,run1,oof_pooled,979,82.12461695607763,78.95812053115424,-3.1664964249233947,-,79.80234394217112,77.53626207082608,-2.266081871345037,-,81.47172321467072,78.5285345286766,-2.943188685994116,-,0.6985628449866854,0.6471609195194833,-0.051401925467202125,-,81.59203980099502,81.59203980099502,0.0,85.08771929824562,78.28947368421053,-6.798245614035082,72.72727272727273,72.72727272727273,0.0,"[[328, 68, 6], [62, 388, 6], [11, 22, 88]]","[[328, 68, 6], [86, 357, 13], [11, 22, 88]]","[[0, 0, 0], [24, -31, 7], [0, 0, 0]]",-0.029376736290072675,-0.4610076964831891,769,35,4,171,126,23493
data_full__tp06_L2_p0p46,data_ablation_full,,tp06_L2_p0p46,2.0,0.46,run2,fold01,72,69.44444444444444,68.05555555555556,-1.3888888888888857,-,66.40780565511749,65.17323775388292,-1.2345679012345698,-,66.85875706214689,66.16302064021752,-0.695736421929368,-,0.5182264323917611,0.4923691862972405,-0.025857246094520614,-,81.48148148148148,77.77777777777779,-3.7037037037036953,67.74193548387096,67.74193548387096,0.0,50.0,50.0,0.0,"[[22, 3, 2], [8, 21, 2], [2, 5, 7]]","[[21, 5, 1], [8, 21, 2], [2, 5, 7]]","[[-1, 2, -1], [0, 0, 0], [0, 0, 0]]",-0.00988156050943366,-0.20910056768399146,49,1,0,22,6,1290
data_full__tp06_L2_p0p46,data_ablation_full,,tp06_L2_p0p46,2.0,0.46,run2,fold02,71,66.19718309859155,69.01408450704226,2.816901408450704,+,65.3255346803734,67.88963724447595,2.564102564102555,+,65.75180206506916,67.89851678376269,2.1467147186935307,+,0.47169889043248636,0.5225856506096458,0.05088676017715943,+,80.76923076923077,88.46153846153845,7.692307692307679,58.06451612903226,58.06451612903226,0.0,57.14285714285714,57.14285714285714,0.0,"[[21, 5, 0], [10, 18, 3], [2, 4, 8]]","[[23, 3, 0], [10, 18, 3], [2, 4, 8]]","[[2, -2, 0], [0, 0, 0], [0, 0, 0]]",0.024173684070680698,0.3694996105533251,47,0,2,22,5,888
data_full__tp06_L2_p0p46,data_ablation_full,,tp06_L2_p0p46,2.0,0.46,run2,fold03,71,66.19718309859155,64.7887323943662,-1.408450704225345,-,59.89601796053409,58.6139666784828,-1.2820512820512917,-,60.04855889724311,58.698593073593074,-1.349965823650038,-,0.45896608905667236,0.43636295355333465,-0.0226031355033377,-,76.92307692307693,73.07692307692307,-3.846153846153868,74.19354838709677,74.19354838709677,0.0,28.57142857142857,28.57142857142857,0.0,"[[20, 5, 1], [6, 23, 2], [5, 5, 4]]","[[19, 5, 2], [6, 23, 2], [5, 5, 4]]","[[-1, 0, 1], [0, 0, 0], [0, 0, 0]]",-0.013853384112754327,-0.2095115453424588,46,1,0,24,2,298
data_full__tp06_L2_p0p46,data_ablation_full,,tp06_L2_p0p46,2.0,0.46,run2,oof_pooled,214,67.28971962616822,67.28971962616822,0.0,0,63.883865782599955,63.883865782599955,0.0,0,64.55099829747716,64.55099829747716,0.0,0,0.4824688400261222,0.4824688400261222,0.0,0,79.74683544303798,79.74683544303798,0.0,66.66666666666666,66.66666666666666,0.0,45.23809523809524,45.23809523809524,0.0,"[[63, 13, 3], [24, 62, 7], [9, 14, 19]]","[[63, 13, 3], [24, 62, 7], [9, 14, 19]]","[[0, 0, 0], [0, 0, 0], [0, 0, 0]]",9.938757165209751e-05,-0.017271440389139622,142,2,2,68,13,2476
data_no_conv__tp06_L2_p0p46,data_ablation_no_module,no_conv,tp06_L2_p0p46,2.0,0.46,run1,fold01,327,79.20489296636084,73.39449541284404,-5.8103975535168075,-,77.82046123681977,73.6537945701531,-4.166666666666671,-,79.390186562109,73.32711651055523,-6.063070051553765,-,0.6509524121737486,0.5632283419951534,-0.08772407017859518,-,81.34328358208955,81.34328358208955,0.0,78.94736842105263,66.44736842105263,-12.5,73.17073170731707,73.17073170731707,0.0,"[[109, 24, 1], [29, 120, 3], [5, 6, 30]]","[[109, 24, 1], [41, 101, 10], [5, 6, 30]]","[[0, 0, 0], [12, -19, 7], [0, 0, 0]]",-0.0541073109104118,-0.8704896455328763,238,21,2,66,58,10719
data_no_conv__tp06_L2_p0p46,data_ablation_no_module,no_conv,tp06_L2_p0p46,2.0,0.46,run1,fold02,326,80.06134969325154,77.30061349693251,-2.76073619631903,-,78.89827179890023,76.92458758837391,-1.973684210526315,-,78.65140888396702,75.95034837441031,-2.7010605095567115,-,0.667755761900005,0.6253919750887033,-0.04236378681130171,-,82.08955223880598,82.08955223880598,0.0,79.60526315789474,73.68421052631578,-5.921052631578959,75.0,75.0,0.0,"[[110, 22, 2], [22, 121, 9], [4, 6, 30]]","[[110, 22, 2], [28, 112, 12], [4, 6, 30]]","[[0, 0, 0], [6, -9, 3], [0, 0, 0]]",-0.022244945318165645,-0.1399903629729353,251,10,1,64,26,5007
data_no_conv__tp06_L2_p0p46,data_ablation_no_module,no_conv,tp06_L2_p0p46,2.0,0.46,run1,fold03,326,77.60736196319019,75.76687116564416,-1.8404907975460247,-,80.15514532600157,78.83935585231737,-1.3157894736842053,-,76.45264363658288,74.8419991000636,-1.610644536519274,-,0.6403712014169086,0.6131979424445299,-0.027173258972378767,-,80.59701492537313,80.59701492537313,0.0,72.36842105263158,68.42105263157895,-3.94736842105263,87.5,87.5,0.0,"[[108, 18, 8], [28, 110, 14], [0, 5, 35]]","[[108, 18, 8], [33, 104, 15], [0, 5, 35]]","[[0, 0, 0], [5, -6, 1], [0, 0, 0]]",-0.016737212531680694,-0.09253359531149542,241,12,6,67,42,7767
data_no_conv__tp06_L2_p0p46,data_ablation_no_module,no_conv,tp06_L2_p0p46,2.0,0.46,run1,oof_pooled,979,78.95812053115424,75.48518896833504,-3.4729315628191983,-,78.94312149561026,76.45774137865118,-2.485380116959078,-,78.0672759638754,74.68857190168666,-3.3787040621887456,-,0.6519762827892167,0.6000624329462423,-0.051913849842974424,-,81.34328358208955,81.34328358208955,0.0,76.97368421052632,69.51754385964912,-7.456140350877192,78.51239669421489,78.51239669421489,0.0,"[[327, 64, 11], [79, 351, 26], [9, 17, 95]]","[[327, 64, 11], [102, 317, 37], [9, 17, 95]]","[[0, 0, 0], [23, -34, 11], [0, 0, 0]]",-0.031053395430801396,-0.3681848054034474,730,43,9,197,126,23493
data_no_conv__tp06_L2_p0p46,data_ablation_no_module,no_conv,tp06_L2_p0p46,2.0,0.46,run2,fold01,72,55.55555555555556,55.55555555555556,0.0,0,57.151391022358766,57.151391022358766,0.0,0,54.93827160493828,54.93827160493828,0.0,0,0.3353881275042346,0.3353881275042346,0.0,0,55.55555555555556,55.55555555555556,0.0,51.61290322580645,51.61290322580645,0.0,64.28571428571429,64.28571428571429,0.0,"[[15, 6, 6], [8, 16, 7], [4, 1, 9]]","[[15, 6, 6], [8, 16, 7], [4, 1, 9]]","[[0, 0, 0], [0, 0, 0], [0, 0, 0]]",0.003355083780156241,0.007221337563047805,40,0,0,32,6,1290
data_no_conv__tp06_L2_p0p46,data_ablation_no_module,no_conv,tp06_L2_p0p46,2.0,0.46,run2,fold02,71,56.33802816901409,56.33802816901409,0.0,0,60.888573791799594,60.888573791799594,0.0,0,56.23083683234059,56.23083683234059,0.0,0,0.3663549852444777,0.3663549852444777,0.0,0,65.38461538461539,65.38461538461539,0.0,38.70967741935484,38.70967741935484,0.0,78.57142857142857,78.57142857142857,0.0,"[[17, 6, 3], [9, 12, 10], [3, 0, 11]]","[[17, 6, 3], [9, 12, 10], [3, 0, 11]]","[[0, 0, 0], [0, 0, 0], [0, 0, 0]]",0.0019711662047689382,-0.01522134821599638,40,0,0,31,5,888
data_no_conv__tp06_L2_p0p46,data_ablation_no_module,no_conv,tp06_L2_p0p46,2.0,0.46,run2,fold03,71,54.929577464788736,54.929577464788736,0.0,0,51.50064988774666,51.50064988774666,0.0,0,50.483091787439605,50.483091787439605,0.0,0,0.3108593378795985,0.3108593378795985,0.0,0,80.76923076923077,80.76923076923077,0.0,45.16129032258064,45.16129032258064,0.0,28.57142857142857,28.57142857142857,0.0,"[[21, 4, 1], [13, 14, 4], [8, 2, 4]]","[[21, 4, 1], [13, 14, 4], [8, 2, 4]]","[[0, 0, 0], [0, 0, 0], [0, 0, 0]]",0.0010593567096011747,0.00417990127289799,39,0,0,32,2,298
data_no_conv__tp06_L2_p0p46,data_ablation_no_module,no_conv,tp06_L2_p0p46,2.0,0.46,run2,oof_pooled,214,55.60747663551402,55.60747663551402,0.0,0,56.4642516867915,56.4642516867915,0.0,0,54.638998759215426,54.638998759215426,0.0,0,0.33252990827619394,0.33252990827619394,0.0,0,67.08860759493672,67.08860759493672,0.0,45.16129032258064,45.16129032258064,0.0,57.14285714285714,57.14285714285714,0.0,"[[53, 16, 10], [30, 42, 21], [15, 3, 24]]","[[53, 16, 10], [30, 42, 21], [15, 3, 24]]","[[0, 0, 0], [0, 0, 0], [0, 0, 0]]",0.002134267098558539,-0.001233674899161419,119,0,0,95,13,2476
module_masked__no_conv__tp06_L2_p0p46,module_ablation_masked,no_conv,tp06_L2_p0p46,2.0,0.46,run1,fold01,327,74.61773700305811,73.39449541284404,-1.223241590214073,-,72.24452193461448,73.6537945701531,1.4092726355386134,+,73.30679648720886,73.32711651055523,0.02032002334637184,+,0.578582763325098,0.5632283419951534,-0.015354421329944579,-,83.5820895522388,81.34328358208955,-2.2388059701492438,69.73684210526315,66.44736842105263,-3.2894736842105203,63.41463414634146,73.17073170731707,9.756097560975611,"[[112, 20, 2], [40, 106, 6], [5, 10, 26]]","[[109, 24, 1], [41, 101, 10], [5, 6, 30]]","[[-3, 4, -1], [1, -5, 4], [0, -4, 4]]",-0.012494014038085357,0.28373714359847413,208,36,32,51,58,10719
module_masked__no_conv__tp06_L2_p0p46,module_ablation_masked,no_conv,tp06_L2_p0p46,2.0,0.46,run1,fold02,326,80.06134969325154,77.30061349693251,-2.76073619631903,-,81.20712228332025,76.92458758837391,-4.282534694946335,-,80.72403742905352,75.95034837441031,-4.773689054643214,-,0.6678709153603514,0.6253919750887033,-0.042478940271648113,-,78.35820895522389,82.08955223880598,3.731343283582092,80.26315789473685,73.68421052631578,-6.578947368421069,85.0,75.0,-10.0,"[[105, 27, 2], [24, 122, 6], [2, 4, 34]]","[[110, 22, 2], [28, 112, 12], [4, 6, 30]]","[[5, -5, 0], [4, -10, 6], [2, 2, -4]]",-0.0449957381156191,-1.3460142042722119,217,44,35,30,26,5007
module_masked__no_conv__tp06_L2_p0p46,module_ablation_masked,no_conv,tp06_L2_p0p46,2.0,0.46,run1,fold03,326,82.20858895705521,75.76687116564416,-6.441717791411051,-,79.23474731605133,78.83935585231737,-0.39539146373395795,-,81.33928835880816,74.8419991000636,-6.4972892587445585,-,0.6990491123495569,0.6131979424445299,-0.08585116990502706,-,82.83582089552239,80.59701492537313,-2.238805970149258,84.86842105263158,68.42105263157895,-16.44736842105263,70.0,87.5,17.5,"[[111, 21, 2], [22, 129, 1], [4, 8, 28]]","[[108, 18, 8], [33, 104, 15], [0, 5, 35]]","[[-3, -3, 6], [11, -25, 14], [-4, -3, 7]]",-0.0933793962331763,-2.270394932901475,217,51,30,28,42,7767
module_masked__no_conv__tp06_L2_p0p46,module_ablation_masked,no_conv,tp06_L2_p0p46,2.0,0.46,run1,oof_pooled,979,78.95812053115424,75.48518896833504,-3.4729315628191983,-,77.53626207082608,76.45774137865118,-1.078520692174905,-,78.5285345286766,74.68857190168666,-3.8399626269899443,-,0.6471609195194833,0.6000624329462423,-0.047098486573241005,-,81.59203980099502,81.34328358208955,-0.24875621890546995,78.28947368421053,69.51754385964912,-8.771929824561411,72.72727272727273,78.51239669421489,5.785123966942152,"[[328, 68, 6], [86, 357, 13], [11, 22, 88]]","[[327, 64, 11], [102, 317, 37], [9, 17, 95]]","[[-1, -4, 5], [16, -40, 24], [-2, -5, 7]]",-0.050251109691686634,-1.1094661213094188,642,131,97,109,126,23493
module_masked__no_conv__tp06_L2_p0p46,module_ablation_masked,no_conv,tp06_L2_p0p46,2.0,0.46,run2,fold01,72,68.05555555555556,55.55555555555556,-12.5,-,65.17323775388292,57.151391022358766,-8.02184673152415,-,66.16302064021752,54.93827160493828,-11.224749035279245,-,0.4923691862972405,0.3353881275042346,-0.15698105879300595,-,77.77777777777779,55.55555555555556,-22.22222222222223,67.74193548387096,51.61290322580645,-16.129032258064512,50.0,64.28571428571429,14.285714285714292,"[[21, 5, 1], [8, 21, 2], [2, 5, 7]]","[[15, 6, 6], [8, 16, 7], [4, 1, 9]]","[[-6, 1, 5], [0, -5, 5], [2, -4, 2]]",-0.14562660241975006,-1.7855439410454386,29,20,11,12,6,1290
module_masked__no_conv__tp06_L2_p0p46,module_ablation_masked,no_conv,tp06_L2_p0p46,2.0,0.46,run2,fold02,71,69.01408450704226,56.33802816901409,-12.676056338028168,-,67.88963724447595,60.888573791799594,-7.001063452676355,-,67.89851678376269,56.23083683234059,-11.667679951422095,-,0.5225856506096458,0.3663549852444777,-0.1562306653651681,-,88.46153846153845,65.38461538461539,-23.076923076923066,58.06451612903226,38.70967741935484,-19.354838709677423,57.14285714285714,78.57142857142857,21.42857142857143,"[[23, 3, 0], [10, 18, 3], [2, 4, 8]]","[[17, 6, 3], [9, 12, 10], [3, 0, 11]]","[[-6, 3, 3], [-1, -6, 7], [1, -4, 3]]",-0.1909140778028097,-2.8094405158042486,32,17,8,14,5,888
module_masked__no_conv__tp06_L2_p0p46,module_ablation_masked,no_conv,tp06_L2_p0p46,2.0,0.46,run2,fold03,71,64.7887323943662,54.929577464788736,-9.859154929577471,-,58.6139666784828,51.50064988774666,-7.113316790736135,-,58.698593073593074,50.483091787439605,-8.215501286153469,-,0.43636295355333465,0.3108593378795985,-0.12550361567373614,-,73.07692307692307,80.76923076923077,7.692307692307708,74.19354838709677,45.16129032258064,-29.032258064516128,28.57142857142857,28.57142857142857,0.0,"[[19, 5, 2], [6, 23, 2], [5, 5, 4]]","[[21, 4, 1], [13, 14, 4], [8, 2, 4]]","[[2, -1, -1], [7, -9, 2], [3, -3, 0]]",-0.20402651932720028,-2.730461794099259,33,13,6,19,2,298
module_masked__no_conv__tp06_L2_p0p46,module_ablation_masked,no_conv,tp06_L2_p0p46,2.0,0.46,run2,oof_pooled,214,67.28971962616822,55.60747663551402,-11.682242990654203,-,63.883865782599955,56.4642516867915,-7.4196140958084555,-,64.55099829747716,54.638998759215426,-9.911999538261739,-,0.4824688400261222,0.33252990827619394,-0.14993893174992828,-,79.74683544303798,67.08860759493672,-12.658227848101262,66.66666666666666,45.16129032258064,-21.505376344086017,45.23809523809524,57.14285714285714,11.904761904761898,"[[63, 13, 3], [24, 62, 7], [9, 14, 19]]","[[53, 16, 10], [30, 42, 21], [15, 3, 24]]","[[-10, 3, 7], [6, -20, 14], [6, -11, 5]]",-0.1800275596750127,-2.438748727843087,94,50,25,45,13,2476
data_no_lstm__tp06_L2_p0p46,data_ablation_no_module,no_lstm,tp06_L2_p0p46,2.0,0.46,run1,fold01,327,75.22935779816514,70.9480122324159,-4.281345565749234,-,72.98224857739544,69.91207313879895,-3.0701754385964932,-,74.65929369343549,70.14959601482292,-4.509697678612568,-,0.5824277209957041,0.5166804302748917,-0.06574729072081231,-,76.11940298507463,76.11940298507463,0.0,76.97368421052632,67.76315789473685,-9.210526315789465,65.85365853658537,65.85365853658537,0.0,"[[102, 30, 2], [31, 117, 4], [4, 10, 27]]","[[102, 30, 2], [39, 103, 10], [4, 10, 27]]","[[0, 0, 0], [8, -14, 6], [0, 0, 0]]",-0.03742624266883038,-0.5127933938341038,229,17,3,78,58,10719
data_no_lstm__tp06_L2_p0p46,data_ablation_no_module,no_lstm,tp06_L2_p0p46,2.0,0.46,run1,fold02,326,74.23312883435584,73.00613496932516,-1.2269938650306784,-,73.23841319717204,72.3612202147159,-0.8771929824561369,-,73.4197528076379,72.09427962597239,-1.3254731816655152,-,0.5692124265740279,0.5507411578313204,-0.018471268742707547,-,75.3731343283582,75.3731343283582,0.0,74.3421052631579,71.71052631578947,-2.631578947368439,70.0,70.0,0.0,"[[101, 30, 3], [31, 113, 8], [5, 7, 28]]","[[101, 30, 3], [33, 109, 10], [5, 7, 28]]","[[0, 0, 0], [2, -4, 2], [0, 0, 0]]",-0.007737201829033794,-0.10342035540865242,236,6,2,82,26,5007
data_no_lstm__tp06_L2_p0p46,data_ablation_no_module,no_lstm,tp06_L2_p0p46,2.0,0.46,run1,fold03,326,77.91411042944786,75.76687116564416,-2.147239263803698,-,77.18643623985336,75.65134852055513,-1.5350877192982324,-,76.36475294195755,74.3767929598886,-1.9879599820689435,-,0.6335414855138196,0.600352413632026,-0.03318907188179365,-,77.61194029850746,77.61194029850746,0.0,78.94736842105263,74.3421052631579,-4.605263157894726,75.0,75.0,0.0,"[[104, 23, 7], [25, 120, 7], [3, 7, 30]]","[[104, 23, 7], [30, 113, 9], [3, 7, 30]]","[[0, 0, 0], [5, -7, 2], [0, 0, 0]]",-0.018333860633035652,-0.47669060267736574,246,8,1,71,42,7767
data_no_lstm__tp06_L2_p0p46,data_ablation_no_module,no_lstm,tp06_L2_p0p46,2.0,0.46,run1,oof_pooled,979,75.79162410623084,73.23799795709908,-2.553626149131759,-,74.4568263510633,72.62934097094634,-1.8274853801169542,-,74.79679148332708,72.20973747001759,-2.5870540133094977,-,0.5949564188779985,0.5559002502070768,-0.039056168670921765,-,76.3681592039801,76.3681592039801,0.0,76.75438596491229,71.27192982456141,-5.482456140350877,70.24793388429752,70.24793388429752,0.0,"[[307, 83, 12], [87, 350, 19], [12, 24, 85]]","[[307, 83, 12], [102, 325, 29], [12, 24, 85]]","[[0, 0, 0], [15, -25, 10], [0, 0, 0]]",-0.021182377645906206,-0.364453127803671,711,31,6,231,126,23493
data_no_lstm__tp06_L2_p0p46,data_ablation_no_module,no_lstm,tp06_L2_p0p46,2.0,0.46,run2,fold01,72,63.888888888888886,61.111111111111114,-2.7777777777777715,-,63.762303009614826,61.29316720714569,-2.4691358024691326,-,62.59259259259259,59.717122263021906,-2.875470329570682,-,0.45896250049990833,0.4249968100662606,-0.03396569043364772,-,59.25925925925925,51.85185185185185,-7.407407407407405,67.74193548387096,67.74193548387096,0.0,64.28571428571429,64.28571428571429,0.0,"[[16, 6, 5], [2, 21, 8], [0, 5, 9]]","[[14, 6, 7], [2, 21, 8], [0, 5, 9]]","[[-2, 0, 2], [0, 0, 0], [0, 0, 0]]",-0.015582816350716813,-0.16657886994330007,44,2,0,26,6,1290
data_no_lstm__tp06_L2_p0p46,data_ablation_no_module,no_lstm,tp06_L2_p0p46,2.0,0.46,run2,fold02,71,56.33802816901409,56.33802816901409,0.0,0,53.73980857851826,53.73980857851826,0.0,0,55.29980107985223,55.29980107985223,0.0,0,0.2972806093565435,0.2972806093565435,0.0,0,53.84615384615385,53.84615384615385,0.0,64.51612903225806,64.51612903225806,0.0,42.857142857142854,42.857142857142854,0.0,"[[14, 11, 1], [9, 20, 2], [2, 6, 6]]","[[14, 11, 1], [9, 20, 2], [2, 6, 6]]","[[0, 0, 0], [0, 0, 0], [0, 0, 0]]",0.0017894823366487523,-0.007075819626293131,40,0,0,31,5,888
data_no_lstm__tp06_L2_p0p46,data_ablation_no_module,no_lstm,tp06_L2_p0p46,2.0,0.46,run2,fold03,71,67.6056338028169,67.6056338028169,0.0,0,63.58265390523455,63.58265390523455,0.0,0,63.48309568648551,63.48309568648551,0.0,0,0.4934358082473687,0.4934358082473687,0.0,0,76.92307692307693,76.92307692307693,0.0,70.96774193548387,70.96774193548387,0.0,42.857142857142854,42.857142857142854,0.0,"[[20, 4, 2], [4, 22, 5], [6, 2, 6]]","[[20, 4, 2], [4, 22, 5], [6, 2, 6]]","[[0, 0, 0], [0, 0, 0], [0, 0, 0]]",-0.0013296734803998976,-0.0031241290271282213,48,0,0,23,2,298
data_no_lstm__tp06_L2_p0p46,data_ablation_no_module,no_lstm,tp06_L2_p0p46,2.0,0.46,run2,oof_pooled,214,62.616822429906534,61.6822429906542,-0.9345794392523317,-,60.344358241459105,59.50047638491901,-0.8438818565400936,-,60.31415748674011,59.34768740031898,-0.9664700864211255,-,0.41329125049232496,0.40039790583976603,-0.012893344652558925,-,63.29113924050633,60.75949367088608,-2.5316455696202524,67.74193548387096,67.74193548387096,0.0,50.0,50.0,0.0,"[[50, 21, 8], [15, 63, 15], [8, 13, 21]]","[[48, 21, 10], [15, 63, 15], [8, 13, 21]]","[[-2, 0, 2], [0, 0, 0], [0, 0, 0]]",-0.00509026331055113,-0.0594293223846286,132,2,0,80,13,2476
module_masked__no_lstm__tp06_L2_p0p46,module_ablation_masked,no_lstm,tp06_L2_p0p46,2.0,0.46,run1,fold01,327,74.61773700305811,70.9480122324159,-3.6697247706422047,-,72.24452193461448,69.91207313879895,-2.3324487958155373,-,73.30679648720886,70.14959601482292,-3.157200472385938,-,0.578582763325098,0.5166804302748917,-0.061902333050206204,-,83.5820895522388,76.11940298507463,-7.46268656716417,69.73684210526315,67.76315789473685,-1.9736842105263008,63.41463414634146,65.85365853658537,2.439024390243908,"[[112, 20, 2], [40, 106, 6], [5, 10, 26]]","[[102, 30, 2], [39, 103, 10], [4, 10, 27]]","[[-10, 10, 0], [-1, -3, 4], [-1, 0, 1]]",-0.05639113764186317,-1.060053351215608,203,41,29,54,58,10719
module_masked__no_lstm__tp06_L2_p0p46,module_ablation_masked,no_lstm,tp06_L2_p0p46,2.0,0.46,run1,fold02,326,80.06134969325154,73.00613496932516,-7.055214723926383,-,81.20712228332025,72.3612202147159,-8.845902068604346,-,80.72403742905352,72.09427962597239,-8.629757803081134,-,0.6678709153603514,0.5507411578313204,-0.11712975752903099,-,78.35820895522389,75.3731343283582,-2.985074626865682,80.26315789473685,71.71052631578947,-8.552631578947384,85.0,70.0,-15.0,"[[105, 27, 2], [24, 122, 6], [2, 4, 34]]","[[101, 30, 3], [33, 109, 10], [5, 7, 28]]","[[-4, 3, 1], [9, -13, 4], [3, 3, -6]]",-0.08418140208481316,-2.2940565834787496,206,55,32,33,26,5007
module_masked__no_lstm__tp06_L2_p0p46,module_ablation_masked,no_lstm,tp06_L2_p0p46,2.0,0.46,run1,fold03,326,82.20858895705521,75.76687116564416,-6.441717791411051,-,79.23474731605133,75.65134852055513,-3.583398795496194,-,81.33928835880816,74.3767929598886,-6.9624953989195575,-,0.6990491123495569,0.600352413632026,-0.09869669871753095,-,82.83582089552239,77.61194029850746,-5.223880597014926,84.86842105263158,74.3421052631579,-10.52631578947367,70.0,75.0,5.0,"[[111, 21, 2], [22, 129, 1], [4, 8, 28]]","[[104, 23, 7], [30, 113, 9], [3, 7, 30]]","[[-7, 2, 5], [8, -16, 8], [-1, -1, 2]]",-0.058618605973743056,0.8421683127426205,222,46,25,33,42,7767
module_masked__no_lstm__tp06_L2_p0p46,module_ablation_masked,no_lstm,tp06_L2_p0p46,2.0,0.46,run1,oof_pooled,979,78.95812053115424,73.23799795709908,-5.720122574055154,-,77.53626207082608,72.62934097094634,-4.906921099879739,-,78.5285345286766,72.20973747001759,-6.318797058659015,-,0.6471609195194833,0.5559002502070768,-0.0912606693124065,-,81.59203980099502,76.3681592039801,-5.223880597014926,78.28947368421053,71.27192982456141,-7.017543859649123,72.72727272727273,70.24793388429752,-2.47933884297521,"[[328, 68, 6], [86, 357, 13], [11, 22, 88]]","[[307, 83, 12], [102, 325, 29], [12, 24, 85]]","[[-21, 15, 6], [16, -32, 16], [1, 2, -3]]",-0.06638682802449293,-0.8375413913253136,631,142,86,120,126,23493
module_masked__no_lstm__tp06_L2_p0p46,module_ablation_masked,no_lstm,tp06_L2_p0p46,2.0,0.46,run2,fold01,72,68.05555555555556,61.111111111111114,-6.944444444444443,-,65.17323775388292,61.29316720714569,-3.8800705467372225,-,66.16302064021752,59.717122263021906,-6.445898377195618,-,0.4923691862972405,0.4249968100662606,-0.06737237623097991,-,77.77777777777779,51.85185185185185,-25.925925925925938,67.74193548387096,67.74193548387096,0.0,50.0,64.28571428571429,14.285714285714292,"[[21, 5, 1], [8, 21, 2], [2, 5, 7]]","[[14, 6, 7], [2, 21, 8], [0, 5, 9]]","[[-7, 1, 6], [-6, 0, 6], [-2, 0, 2]]",-0.08351733254820222,-1.9579456954961643,38,11,6,17,6,1290
module_masked__no_lstm__tp06_L2_p0p46,module_ablation_masked,no_lstm,tp06_L2_p0p46,2.0,0.46,run2,fold02,71,69.01408450704226,56.33802816901409,-12.676056338028168,-,67.88963724447595,53.73980857851826,-14.149828665957692,-,67.89851678376269,55.29980107985223,-12.598715703910457,-,0.5225856506096458,0.2972806093565435,-0.2253050412531023,-,88.46153846153845,53.84615384615385,-34.615384615384606,58.06451612903226,64.51612903225806,6.451612903225801,57.14285714285714,42.857142857142854,-14.285714285714285,"[[23, 3, 0], [10, 18, 3], [2, 4, 8]]","[[14, 11, 1], [9, 20, 2], [2, 6, 6]]","[[-9, 8, 1], [-1, 2, -1], [0, 2, -2]]",-0.27615714252010937,-2.984253079591083,32,17,8,14,5,888
module_masked__no_lstm__tp06_L2_p0p46,module_ablation_masked,no_lstm,tp06_L2_p0p46,2.0,0.46,run2,fold03,71,64.7887323943662,67.6056338028169,2.81690140845069,+,58.6139666784828,63.58265390523455,4.968687226751754,+,58.698593073593074,63.48309568648551,4.784502612892439,+,0.43636295355333465,0.4934358082473687,0.05707285469403406,+,73.07692307692307,76.92307692307693,3.846153846153868,74.19354838709677,70.96774193548387,-3.225806451612897,28.57142857142857,42.857142857142854,14.285714285714285,"[[19, 5, 2], [6, 23, 2], [5, 5, 4]]","[[20, 4, 2], [4, 22, 5], [6, 2, 6]]","[[1, -1, 0], [-2, -1, 3], [1, -3, 2]]",-0.05709564928071759,-2.4737332847861335,39,7,9,16,2,298
module_masked__no_lstm__tp06_L2_p0p46,module_ablation_masked,no_lstm,tp06_L2_p0p46,2.0,0.46,run2,oof_pooled,214,67.28971962616822,61.6822429906542,-5.607476635514018,-,63.883865782599955,59.50047638491901,-4.3833893976809435,-,64.55099829747716,59.34768740031898,-5.2033108971581825,-,0.4824688400261222,0.40039790583976603,-0.08207093418635619,-,79.74683544303798,60.75949367088608,-18.9873417721519,66.66666666666666,67.74193548387096,1.0752688172043037,45.23809523809524,50.0,4.761904761904759,"[[63, 13, 3], [24, 62, 7], [9, 14, 19]]","[[48, 21, 10], [15, 63, 15], [8, 13, 21]]","[[-15, 8, 7], [-9, 1, 8], [-1, -1, 2]]",-0.13866446804359475,-2.469575336198627,109,35,23,47,13,2476
data_no_attention__tp06_L2_p0p46,data_ablation_no_module,no_attention,tp06_L2_p0p46,2.0,0.46,run1,fold01,327,81.9571865443425,76.14678899082568,-5.810397553516822,-,79.91197734051183,75.74531067384514,-4.166666666666686,-,82.01435063589545,74.18172956411448,-7.832621071780977,-,0.6962494375241386,0.6109355777226841,-0.08531385980145445,-,84.32835820895522,84.32835820895522,0.0,82.23684210526315,69.73684210526315,-12.5,73.17073170731707,73.17073170731707,0.0,"[[113, 19, 2], [27, 125, 0], [2, 9, 30]]","[[113, 19, 2], [30, 106, 16], [2, 9, 30]]","[[0, 0, 0], [3, -19, 16], [0, 0, 0]]",-0.06398651459252824,-0.8739420202438255,247,21,2,57,58,10719
data_no_attention__tp06_L2_p0p46,data_ablation_no_module,no_attention,tp06_L2_p0p46,2.0,0.46,run1,fold02,326,81.90184049079755,79.75460122699386,-2.147239263803698,-,79.51165226499084,77.9765645456926,-1.5350877192982466,-,80.47822307750707,78.43018201690383,-2.0480410606032393,-,0.6958625448093783,0.6605697471267797,-0.03529279768259852,-,79.8507462686567,79.8507462686567,0.0,86.18421052631578,81.57894736842105,-4.605263157894726,72.5,72.5,0.0,"[[107, 24, 3], [17, 131, 4], [4, 7, 29]]","[[107, 24, 3], [22, 124, 6], [4, 7, 29]]","[[0, 0, 0], [5, -7, 2], [0, 0, 0]]",-0.02243137912225521,-0.23678052487091783,259,8,1,58,26,5007
data_no_attention__tp06_L2_p0p46,data_ablation_no_module,no_attention,tp06_L2_p0p46,2.0,0.46,run1,fold03,326,84.3558282208589,81.59509202453987,-2.76073619631903,-,83.89892642052894,81.92524221000262,-1.973684210526315,-,83.66469909688912,81.57382388529527,-2.090875211593854,-,0.7390486456524588,0.6945591983003219,-0.04448944735213689,-,84.32835820895522,84.32835820895522,0.0,84.86842105263158,78.94736842105263,-5.921052631578945,82.5,82.5,0.0,"[[113, 20, 1], [16, 129, 7], [4, 3, 33]]","[[113, 20, 1], [25, 120, 7], [4, 3, 33]]","[[0, 0, 0], [9, -9, 0], [0, 0, 0]]",-0.02001836628043688,-0.24985575144596261,265,10,1,50,42,7767
data_no_attention__tp06_L2_p0p46,data_ablation_no_module,no_attention,tp06_L2_p0p46,2.0,0.46,run1,oof_pooled,979,82.73748723186925,79.16241062308478,-3.575076608784471,-,81.09956776938853,78.54108823722478,-2.5584795321637444,-,82.05217929651486,78.01475834204821,-4.037420954466654,-,0.7100686691507885,0.6545537528806702,-0.055514916270118286,-,82.83582089552239,82.83582089552239,0.0,84.4298245614035,76.75438596491229,-7.675438596491219,76.03305785123968,76.03305785123968,0.0,"[[333, 63, 6], [60, 385, 11], [10, 19, 92]]","[[333, 63, 6], [77, 350, 29], [10, 19, 92]]","[[0, 0, 0], [17, -35, 18], [0, 0, 0]]",-0.03550787259758361,-0.45395553288971807,771,39,4,165,126,23493
data_no_attention__tp06_L2_p0p46,data_ablation_no_module,no_attention,tp06_L2_p0p46,2.0,0.46,run2,fold01,72,58.333333333333336,55.55555555555556,-2.7777777777777786,-,55.384877965523124,52.91574216305399,-2.4691358024691326,-,55.707282913165265,52.7621483375959,-2.9451345755693623,-,0.3440986103748549,0.30668658744040056,-0.037412022934454336,-,55.55555555555556,48.148148148148145,-7.407407407407412,67.74193548387096,67.74193548387096,0.0,42.857142857142854,42.857142857142854,0.0,"[[15, 9, 3], [5, 21, 5], [1, 7, 6]]","[[13, 9, 5], [5, 21, 5], [1, 7, 6]]","[[-2, 0, 2], [0, 0, 0], [0, 0, 0]]",-0.004216814869626736,-0.1161485110513038,40,2,0,30,6,1290
data_no_attention__tp06_L2_p0p46,data_ablation_no_module,no_attention,tp06_L2_p0p46,2.0,0.46,run2,fold02,71,63.38028169014085,61.97183098591549,-1.4084507042253591,-,68.66950254047029,67.38745125841899,-1.2820512820512988,-,63.681341719077565,62.38347190728143,-1.297869811796133,-,0.4690406293950227,0.4457453285408833,-0.023295300854139445,-,61.53846153846154,57.692307692307686,-3.846153846153854,51.61290322580645,51.61290322580645,0.0,92.85714285714286,92.85714285714286,0.0,"[[16, 6, 4], [7, 16, 8], [1, 0, 13]]","[[15, 7, 4], [7, 16, 8], [1, 0, 13]]","[[-1, 1, 0], [0, 0, 0], [0, 0, 0]]",0.0020710551196341993,-0.05960914954333238,44,1,0,26,5,888
data_no_attention__tp06_L2_p0p46,data_ablation_no_module,no_attention,tp06_L2_p0p46,2.0,0.46,run2,fold03,71,56.33802816901409,54.929577464788736,-1.408450704225352,-,51.74878884556304,50.46673756351176,-1.2820512820512846,-,51.7458781609725,50.49518382851716,-1.250694332455339,-,0.30795014030702567,0.28809236066213245,-0.019857779644893214,-,65.38461538461539,61.53846153846154,-3.8461538461538467,61.29032258064516,61.29032258064516,0.0,28.57142857142857,28.57142857142857,0.0,"[[17, 7, 2], [6, 19, 6], [4, 6, 4]]","[[16, 7, 3], [6, 19, 6], [4, 6, 4]]","[[-1, 0, 1], [0, 0, 0], [0, 0, 0]]",-0.009479422161591724,-0.10228176477929236,39,1,0,31,2,298
data_no_attention__tp06_L2_p0p46,data_ablation_no_module,no_attention,tp06_L2_p0p46,2.0,0.46,run2,oof_pooled,214,59.345794392523366,57.476635514018696,-1.8691588785046704,-,58.5788173987439,56.89105368566373,-1.687763713080173,-,57.96936324972884,56.10705092847951,-1.862312321249334,-,0.36980374236342506,0.34365954951980304,-0.026144192843622016,-,60.75949367088608,55.69620253164557,-5.063291139240512,60.215053763440864,60.215053763440864,0.0,54.761904761904766,54.761904761904766,0.0,"[[48, 22, 9], [18, 56, 19], [6, 13, 23]]","[[44, 23, 12], [18, 56, 19], [6, 13, 23]]","[[-4, 1, 3], [0, 0, 0], [0, 0, 0]]",-0.003876657619589296,-0.09278947529252445,123,4,0,87,13,2476
module_masked__no_attention__tp06_L2_p0p46,module_ablation_masked,no_attention,tp06_L2_p0p46,2.0,0.46,run1,fold01,327,74.61773700305811,76.14678899082568,1.5290519877675735,+,72.24452193461448,75.74531067384514,3.500788739230657,+,73.30679648720886,74.18172956411448,0.87493307690562,+,0.578582763325098,0.6109355777226841,0.032352814397586194,+,83.5820895522388,84.32835820895522,0.7462686567164241,69.73684210526315,69.73684210526315,0.0,63.41463414634146,73.17073170731707,9.756097560975611,"[[112, 20, 2], [40, 106, 6], [5, 10, 26]]","[[113, 19, 2], [30, 106, 16], [2, 9, 30]]","[[1, -1, 0], [-10, 0, 10], [-3, -1, 4]]",-0.013819235346084643,0.5820370857469989,209,35,40,43,58,10719
module_masked__no_attention__tp06_L2_p0p46,module_ablation_masked,no_attention,tp06_L2_p0p46,2.0,0.46,run1,fold02,326,80.06134969325154,79.75460122699386,-0.30674846625768737,-,81.20712228332025,77.9765645456926,-3.230557737627649,-,80.72403742905352,78.43018201690383,-2.2938554121496963,-,0.6678709153603514,0.6605697471267797,-0.007301168233571631,-,78.35820895522389,79.8507462686567,1.4925373134328197,80.26315789473685,81.57894736842105,1.3157894736842053,85.0,72.5,-12.5,"[[105, 27, 2], [24, 122, 6], [2, 4, 34]]","[[107, 24, 3], [22, 124, 6], [4, 7, 29]]","[[2, -3, 1], [-2, 2, 0], [2, 3, -5]]",-0.01187267879355309,1.9463908570372939,222,39,38,27,26,5007
module_masked__no_attention__tp06_L2_p0p46,module_ablation_masked,no_attention,tp06_L2_p0p46,2.0,0.46,run1,fold03,326,82.20858895705521,81.59509202453987,-0.6134969325153463,-,79.23474731605133,81.92524221000262,2.6904948939512963,+,81.33928835880816,81.57382388529527,0.2345355264871074,+,0.6990491123495569,0.6945591983003219,-0.004489914049235044,-,82.83582089552239,84.32835820895522,1.492537313432834,84.86842105263158,78.94736842105263,-5.921052631578945,70.0,82.5,12.5,"[[111, 21, 2], [22, 129, 1], [4, 8, 28]]","[[113, 20, 1], [25, 120, 7], [4, 3, 33]]","[[2, -1, -1], [3, -9, 6], [0, -5, 5]]",-0.010020166697480385,0.9526388348234486,231,37,35,23,42,7767
module_masked__no_attention__tp06_L2_p0p46,module_ablation_masked,no_attention,tp06_L2_p0p46,2.0,0.46,run1,oof_pooled,979,78.95812053115424,79.16241062308478,0.20429009193054526,+,77.53626207082608,78.54108823722478,1.0048261663987006,+,78.5285345286766,78.01475834204821,-0.513776186628391,-,0.6471609195194833,0.6545537528806702,0.007392833361186901,+,81.59203980099502,82.83582089552239,1.243781094527364,78.28947368421053,76.75438596491229,-1.5350877192982466,72.72727272727273,76.03305785123968,3.305785123966942,"[[328, 68, 6], [86, 357, 13], [11, 22, 88]]","[[333, 63, 6], [77, 350, 29], [10, 19, 92]]","[[5, -5, 0], [-9, -7, 16], [-1, -3, 4]]",-0.011905983236206941,1.1597648688313287,662,111,113,93,126,23493
module_masked__no_attention__tp06_L2_p0p46,module_ablation_masked,no_attention,tp06_L2_p0p46,2.0,0.46,run2,fold01,72,68.05555555555556,55.55555555555556,-12.5,-,65.17323775388292,52.91574216305399,-12.257495590828924,-,66.16302064021752,52.7621483375959,-13.400872302621622,-,0.4923691862972405,0.30668658744040056,-0.18568259885683996,-,77.77777777777779,48.148148148148145,-29.62962962962964,67.74193548387096,67.74193548387096,0.0,50.0,42.857142857142854,-7.142857142857146,"[[21, 5, 1], [8, 21, 2], [2, 5, 7]]","[[13, 9, 5], [5, 21, 5], [1, 7, 6]]","[[-8, 4, 4], [-3, 0, 3], [-1, 2, -1]]",-0.14768879776757002,-2.241964947749188,36,13,4,19,6,1290
module_masked__no_attention__tp06_L2_p0p46,module_ablation_masked,no_attention,tp06_L2_p0p46,2.0,0.46,run2,fold02,71,69.01408450704226,61.97183098591549,-7.042253521126767,-,67.88963724447595,67.38745125841899,-0.5021859860569577,-,67.89851678376269,62.38347190728143,-5.515044876481255,-,0.5225856506096458,0.4457453285408833,-0.07684032206876251,-,88.46153846153845,57.692307692307686,-30.769230769230766,58.06451612903226,51.61290322580645,-6.451612903225815,57.14285714285714,92.85714285714286,35.71428571428572,"[[23, 3, 0], [10, 18, 3], [2, 4, 8]]","[[15, 7, 4], [7, 16, 8], [1, 0, 13]]","[[-8, 4, 4], [-3, -2, 5], [-1, -4, 5]]",-0.10691512948026972,-2.243438587768305,33,16,11,11,5,888
module_masked__no_attention__tp06_L2_p0p46,module_ablation_masked,no_attention,tp06_L2_p0p46,2.0,0.46,run2,fold03,71,64.7887323943662,54.929577464788736,-9.859154929577471,-,58.6139666784828,50.46673756351176,-8.14722911497104,-,58.698593073593074,50.49518382851716,-8.20340924507591,-,0.43636295355333465,0.28809236066213245,-0.1482705928912022,-,73.07692307692307,61.53846153846154,-11.538461538461526,74.19354838709677,61.29032258064516,-12.903225806451609,28.57142857142857,28.57142857142857,0.0,"[[19, 5, 2], [6, 23, 2], [5, 5, 4]]","[[16, 7, 3], [6, 19, 6], [4, 6, 4]]","[[-3, 2, 1], [0, -4, 4], [-1, 1, 0]]",-0.18421955253433386,-3.719264422556464,34,12,5,20,2,298
module_masked__no_attention__tp06_L2_p0p46,module_ablation_masked,no_attention,tp06_L2_p0p46,2.0,0.46,run2,oof_pooled,214,67.28971962616822,57.476635514018696,-9.813084112149525,-,63.883865782599955,56.89105368566373,-6.992812096936227,-,64.55099829747716,56.10705092847951,-8.443947368997655,-,0.4824688400261222,0.34365954951980304,-0.13880929050631918,-,79.74683544303798,55.69620253164557,-24.050632911392412,66.66666666666666,60.215053763440864,-6.451612903225794,45.23809523809524,54.761904761904766,9.523809523809526,"[[63, 13, 3], [24, 62, 7], [9, 14, 19]]","[[44, 23, 12], [18, 56, 19], [6, 13, 23]]","[[-19, 10, 9], [-6, -6, 12], [-3, -1, 4]]",-0.14628110216028925,-2.732585934443926,103,41,20,50,13,2476
data_full__tp07_L2_p0p82,data_ablation_full,,tp07_L2_p0p82,2.0,0.82,run1,fold01,327,80.73394495412845,75.84097859327217,-4.892966360856278,-,76.63048684689517,73.12171491707062,-3.5087719298245474,-,79.0877721312504,74.46350460049091,-4.6242675307594965,-,0.6743426700043699,0.597106226951452,-0.07723644305291788,-,83.5820895522388,83.5820895522388,0.0,82.89473684210526,72.36842105263158,-10.526315789473685,63.41463414634146,63.41463414634146,0.0,"[[112, 20, 2], [25, 126, 1], [5, 10, 26]]","[[112, 20, 2], [37, 110, 5], [5, 10, 26]]","[[0, 0, 0], [12, -16, 4], [0, 0, 0]]",-0.04549112563292034,-0.7604196631215764,247,17,1,62,55,10184
data_full__tp07_L2_p0p82,data_ablation_full,,tp07_L2_p0p82,2.0,0.82,run1,fold02,326,81.59509202453987,79.14110429447852,-2.4539877300613426,-,82.30361351139041,80.54922754647814,-1.7543859649122737,-,82.11529042328695,80.03099508112804,-2.08429534215891,-,0.6929312561648969,0.6528016710871741,-0.040129585077722796,-,78.35820895522389,78.35820895522389,0.0,83.55263157894737,78.28947368421053,-5.263157894736835,85.0,85.0,0.0,"[[105, 27, 2], [20, 127, 5], [2, 4, 34]]","[[105, 27, 2], [27, 119, 6], [2, 4, 34]]","[[0, 0, 0], [7, -8, 1], [0, 0, 0]]",-0.021968819719728187,-0.3037617450517151,258,8,0,60,25,4835
data_full__tp07_L2_p0p82,data_ablation_full,,tp07_L2_p0p82,2.0,0.82,run1,fold03,326,84.04907975460122,82.20858895705521,-1.8404907975460105,-,80.55053678973553,79.23474731605133,-1.3157894736842053,-,82.96722819707497,81.33928835880816,-1.627939838266812,-,0.7301975910800922,0.6990491123495569,-0.03114847873053528,-,82.83582089552239,82.83582089552239,0.0,88.81578947368422,84.86842105263158,-3.9473684210526443,70.0,70.0,0.0,"[[111, 21, 2], [17, 135, 0], [4, 8, 28]]","[[111, 21, 2], [22, 129, 1], [4, 8, 28]]","[[0, 0, 0], [5, -6, 1], [0, 0, 0]]",-0.019878037875668008,-0.2849053545552163,266,8,2,50,45,8098
data_full__tp07_L2_p0p82,data_ablation_full,,tp07_L2_p0p82,2.0,0.82,run1,oof_pooled,979,82.12461695607763,79.06026557711951,-3.064351378958122,-,79.80234394217112,77.60936148603076,-2.1929824561403564,-,81.47172321467072,78.68647771953832,-2.7852454951324006,-,0.6985628449866854,0.6486805051644857,-0.049882339822199695,-,81.59203980099502,81.59203980099502,0.0,85.08771929824562,78.50877192982456,-6.578947368421055,72.72727272727273,72.72727272727273,0.0,"[[328, 68, 6], [62, 388, 6], [11, 22, 88]]","[[328, 68, 6], [86, 358, 12], [11, 22, 88]]","[[0, 0, 0], [24, -30, 6], [0, 0, 0]]",-0.02912939086625548,-0.45001297682596025,771,33,3,172,125,23117
data_full__tp07_L2_p0p82,data_ablation_full,,tp07_L2_p0p82,2.0,0.82,run2,fold01,72,69.44444444444444,69.44444444444444,0.0,0,66.40780565511749,66.40780565511749,0.0,0,66.85875706214689,67.25402117872248,0.39526411657558924,+,0.5182264323917611,0.5160670489463761,-0.0021593834453850214,-,81.48148148148148,81.48148148148148,0.0,67.74193548387096,67.74193548387096,0.0,50.0,50.0,0.0,"[[22, 3, 2], [8, 21, 2], [2, 5, 7]]","[[22, 4, 1], [8, 21, 2], [2, 5, 7]]","[[0, 1, -1], [0, 0, 0], [0, 0, 0]]",-0.01196529409551772,-0.13447074323064748,49,1,1,21,8,1694
data_full__tp07_L2_p0p82,data_ablation_full,,tp07_L2_p0p82,2.0,0.82,run2,fold02,71,66.19718309859155,69.01408450704226,2.816901408450704,+,65.3255346803734,67.88963724447595,2.564102564102555,+,65.75180206506916,67.89851678376269,2.1467147186935307,+,0.47169889043248636,0.5225856506096458,0.05088676017715943,+,80.76923076923077,88.46153846153845,7.692307692307679,58.06451612903226,58.06451612903226,0.0,57.14285714285714,57.14285714285714,0.0,"[[21, 5, 0], [10, 18, 3], [2, 4, 8]]","[[23, 3, 0], [10, 18, 3], [2, 4, 8]]","[[2, -2, 0], [0, 0, 0], [0, 0, 0]]",0.025459013551681616,0.34441610016453433,47,0,2,22,5,953
data_full__tp07_L2_p0p82,data_ablation_full,,tp07_L2_p0p82,2.0,0.82,run2,fold03,71,66.19718309859155,63.38028169014085,-2.816901408450704,-,59.89601796053409,57.33191539643152,-2.564102564102569,-,60.04855889724311,57.370718050065875,-2.6778408471772366,-,0.45896608905667236,0.41440407715019395,-0.044562011906478405,-,76.92307692307693,69.23076923076923,-7.692307692307708,74.19354838709677,74.19354838709677,0.0,28.57142857142857,28.57142857142857,0.0,"[[20, 5, 1], [6, 23, 2], [5, 5, 4]]","[[18, 5, 3], [6, 23, 2], [5, 5, 4]]","[[-2, 0, 2], [0, 0, 0], [0, 0, 0]]",-0.0279139756502202,-0.4826719198428409,45,2,0,24,3,447
data_full__tp07_L2_p0p82,data_ablation_full,,tp07_L2_p0p82,2.0,0.82,run2,oof_pooled,214,67.28971962616822,67.28971962616822,0.0,0,63.883865782599955,63.883865782599955,0.0,0,64.55099829747716,64.42868835686517,-0.12230994061199851,-,0.4824688400261222,0.483236229225805,0.0007673891996827775,+,79.74683544303798,79.74683544303798,0.0,66.66666666666666,66.66666666666666,0.0,45.23809523809524,45.23809523809524,0.0,"[[63, 13, 3], [24, 62, 7], [9, 14, 19]]","[[63, 12, 4], [24, 62, 7], [9, 14, 19]]","[[0, -1, 1], [0, 0, 0], [0, 0, 0]]",-0.004840203195670633,-0.09111241453161864,141,3,3,67,16,3094
data_no_conv__tp07_L2_p0p82,data_ablation_no_module,no_conv,tp07_L2_p0p82,2.0,0.82,run1,fold01,327,79.20489296636084,73.70030581039755,-5.504587155963293,-,77.82046123681977,73.87309281576712,-3.9473684210526443,-,79.390186562109,73.56538735575148,-5.824799206357511,-,0.6509524121737486,0.5678432231973659,-0.08310918897638264,-,81.34328358208955,81.34328358208955,0.0,78.94736842105263,67.10526315789474,-11.84210526315789,73.17073170731707,73.17073170731707,0.0,"[[109, 24, 1], [29, 120, 3], [5, 6, 30]]","[[109, 24, 1], [40, 102, 10], [5, 6, 30]]","[[0, 0, 0], [11, -18, 7], [0, 0, 0]]",-0.04984380911206109,-0.834962515040822,239,20,2,66,55,10184
data_no_conv__tp07_L2_p0p82,data_ablation_no_module,no_conv,tp07_L2_p0p82,2.0,0.82,run1,fold02,326,80.06134969325154,77.30061349693251,-2.76073619631903,-,78.89827179890023,76.92458758837391,-1.973684210526315,-,78.65140888396702,76.14128935503649,-2.510119528930531,-,0.667755761900005,0.6248841149120002,-0.04287164698800472,-,82.08955223880598,82.08955223880598,0.0,79.60526315789474,73.68421052631578,-5.921052631578959,75.0,75.0,0.0,"[[110, 22, 2], [22, 121, 9], [4, 6, 30]]","[[110, 22, 2], [29, 112, 11], [4, 6, 30]]","[[0, 0, 0], [7, -9, 2], [0, 0, 0]]",-0.020535939711318715,-0.13218308244746155,251,10,1,64,25,4835
data_no_conv__tp07_L2_p0p82,data_ablation_no_module,no_conv,tp07_L2_p0p82,2.0,0.82,run1,fold03,326,77.60736196319019,75.15337423312883,-2.453987730061357,-,80.15514532600157,78.40075936108929,-1.754385964912288,-,76.45264363658288,74.66074363055264,-1.7919000060302324,-,0.6403712014169086,0.6027326549086243,-0.037638546508284354,-,80.59701492537313,80.59701492537313,0.0,72.36842105263158,67.10526315789474,-5.263157894736835,87.5,87.5,0.0,"[[108, 18, 8], [28, 110, 14], [0, 5, 35]]","[[108, 18, 8], [37, 102, 13], [0, 5, 35]]","[[0, 0, 0], [9, -8, -1], [0, 0, 0]]",-0.024468892937607525,-0.16082961861889786,240,13,5,68,45,8098
data_no_conv__tp07_L2_p0p82,data_ablation_no_module,no_conv,tp07_L2_p0p82,2.0,0.82,run1,oof_pooled,979,78.95812053115424,75.38304392236977,-3.575076608784471,-,78.94312149561026,76.3846419634465,-2.5584795321637586,-,78.0672759638754,74.79217616472916,-3.275099799146247,-,0.6519762827892167,0.5979742988714124,-0.05400198391780431,-,81.34328358208955,81.34328358208955,0.0,76.97368421052632,69.2982456140351,-7.675438596491219,78.51239669421489,78.51239669421489,0.0,"[[327, 64, 11], [79, 351, 26], [9, 17, 95]]","[[327, 64, 11], [106, 316, 34], [9, 17, 95]]","[[0, 0, 0], [27, -35, 8], [0, 0, 0]]",-0.03163483250581607,-0.3764605546128518,730,43,8,198,125,23117
data_no_conv__tp07_L2_p0p82,data_ablation_no_module,no_conv,tp07_L2_p0p82,2.0,0.82,run2,fold01,72,55.55555555555556,55.55555555555556,0.0,0,57.151391022358766,57.151391022358766,0.0,0,54.93827160493828,54.93827160493828,0.0,0,0.3353881275042346,0.3353881275042346,0.0,0,55.55555555555556,55.55555555555556,0.0,51.61290322580645,51.61290322580645,0.0,64.28571428571429,64.28571428571429,0.0,"[[15, 6, 6], [8, 16, 7], [4, 1, 9]]","[[15, 6, 6], [8, 16, 7], [4, 1, 9]]","[[0, 0, 0], [0, 0, 0], [0, 0, 0]]",0.005329012870788576,0.0703521281377309,40,0,0,32,8,1694
data_no_conv__tp07_L2_p0p82,data_ablation_no_module,no_conv,tp07_L2_p0p82,2.0,0.82,run2,fold02,71,56.33802816901409,56.33802816901409,0.0,0,60.888573791799594,60.888573791799594,0.0,0,56.23083683234059,56.23083683234059,0.0,0,0.3663549852444777,0.3663549852444777,0.0,0,65.38461538461539,65.38461538461539,0.0,38.70967741935484,38.70967741935484,0.0,78.57142857142857,78.57142857142857,0.0,"[[17, 6, 3], [9, 12, 10], [3, 0, 11]]","[[17, 6, 3], [9, 12, 10], [3, 0, 11]]","[[0, 0, 0], [0, 0, 0], [0, 0, 0]]",0.0010288957982224874,-0.04315828531980512,40,0,0,31,5,953
data_no_conv__tp07_L2_p0p82,data_ablation_no_module,no_conv,tp07_L2_p0p82,2.0,0.82,run2,fold03,71,54.929577464788736,54.929577464788736,0.0,0,51.50064988774666,51.50064988774666,0.0,0,50.483091787439605,50.483091787439605,0.0,0,0.3108593378795985,0.3108593378795985,0.0,0,80.76923076923077,80.76923076923077,0.0,45.16129032258064,45.16129032258064,0.0,28.57142857142857,28.57142857142857,0.0,"[[21, 4, 1], [13, 14, 4], [8, 2, 4]]","[[21, 4, 1], [13, 14, 4], [8, 2, 4]]","[[0, 0, 0], [0, 0, 0], [0, 0, 0]]",0.0025621111124334234,0.020215594170378954,39,0,0,32,3,447
data_no_conv__tp07_L2_p0p82,data_ablation_no_module,no_conv,tp07_L2_p0p82,2.0,0.82,run2,oof_pooled,214,55.60747663551402,55.60747663551402,0.0,0,56.4642516867915,56.4642516867915,0.0,0,54.638998759215426,54.638998759215426,0.0,0,0.33252990827619394,0.33252990827619394,0.0,0,67.08860759493672,67.08860759493672,0.0,45.16129032258064,45.16129032258064,0.0,57.14285714285714,57.14285714285714,0.0,"[[53, 16, 10], [30, 42, 21], [15, 3, 24]]","[[53, 16, 10], [30, 42, 21], [15, 3, 24]]","[[0, 0, 0], [0, 0, 0], [0, 0, 0]]",0.0029843477446418088,0.016058047450034422,119,0,0,95,16,3094
module_masked__no_conv__tp07_L2_p0p82,module_ablation_masked,no_conv,tp07_L2_p0p82,2.0,0.82,run1,fold01,327,75.84097859327217,73.70030581039755,-2.140672782874617,-,73.12171491707062,73.87309281576712,0.7513778986965036,+,74.46350460049091,73.56538735575148,-0.8981172447394243,-,0.597106226951452,0.5678432231973659,-0.02926300375408608,-,83.5820895522388,81.34328358208955,-2.2388059701492438,72.36842105263158,67.10526315789474,-5.263157894736835,63.41463414634146,73.17073170731707,9.756097560975611,"[[112, 20, 2], [37, 110, 5], [5, 10, 26]]","[[109, 24, 1], [40, 102, 10], [5, 6, 30]]","[[-3, 4, -1], [3, -8, 5], [0, -4, 4]]",-0.019267162845370254,0.14183296360052688,211,37,30,49,55,10184
module_masked__no_conv__tp07_L2_p0p82,module_ablation_masked,no_conv,tp07_L2_p0p82,2.0,0.82,run1,fold02,326,79.14110429447852,77.30061349693251,-1.8404907975460105,-,80.54922754647814,76.92458758837391,-3.6246399581042255,-,80.03099508112804,76.14128935503649,-3.889705726091549,-,0.6528016710871741,0.6248841149120002,-0.027917556175173885,-,78.35820895522389,82.08955223880598,3.731343283582092,78.28947368421053,73.68421052631578,-4.605263157894754,85.0,75.0,-10.0,"[[105, 27, 2], [27, 119, 6], [2, 4, 34]]","[[110, 22, 2], [29, 112, 11], [4, 6, 30]]","[[5, -5, 0], [2, -7, 5], [2, 2, -4]]",-0.03463706222543563,-1.239961547317109,217,41,35,33,25,4835
module_masked__no_conv__tp07_L2_p0p82,module_ablation_masked,no_conv,tp07_L2_p0p82,2.0,0.82,run1,fold03,326,82.20858895705521,75.15337423312883,-7.055214723926383,-,79.23474731605133,78.40075936108929,-0.8339879549620406,-,81.33928835880816,74.66074363055264,-6.678544728255517,-,0.6990491123495569,0.6027326549086243,-0.09631645744093265,-,82.83582089552239,80.59701492537313,-2.238805970149258,84.86842105263158,67.10526315789474,-17.763157894736835,70.0,87.5,17.5,"[[111, 21, 2], [22, 129, 1], [4, 8, 28]]","[[108, 18, 8], [37, 102, 13], [0, 5, 35]]","[[-3, -3, 6], [15, -27, 12], [-4, -3, 7]]",-0.09943303656009057,-2.291978639430521,218,50,27,31,45,8098
module_masked__no_conv__tp07_L2_p0p82,module_ablation_masked,no_conv,tp07_L2_p0p82,2.0,0.82,run1,oof_pooled,979,79.06026557711951,75.38304392236977,-3.6772216547497436,-,77.60936148603076,76.3846419634465,-1.224719522584266,-,78.68647771953832,74.79217616472916,-3.894301554809161,-,0.6486805051644857,0.5979742988714124,-0.05070620629307332,-,81.59203980099502,81.34328358208955,-0.24875621890546995,78.50877192982456,69.2982456140351,-9.210526315789465,72.72727272727273,78.51239669421489,5.785123966942152,"[[328, 68, 6], [86, 358, 12], [11, 22, 88]]","[[327, 64, 11], [106, 316, 34], [9, 17, 95]]","[[-1, -4, 5], [20, -42, 22], [-2, -5, 7]]",-0.051079892190518505,-1.1287365901760522,646,128,92,113,125,23117
module_masked__no_conv__tp07_L2_p0p82,module_ablation_masked,no_conv,tp07_L2_p0p82,2.0,0.82,run2,fold01,72,69.44444444444444,55.55555555555556,-13.888888888888886,-,66.40780565511749,57.151391022358766,-9.25641463275872,-,67.25402117872248,54.93827160493828,-12.315749573784203,-,0.5160670489463761,0.3353881275042346,-0.18067892144214154,-,81.48148148148148,55.55555555555556,-25.925925925925924,67.74193548387096,51.61290322580645,-16.129032258064512,50.0,64.28571428571429,14.285714285714292,"[[22, 4, 1], [8, 21, 2], [2, 5, 7]]","[[15, 6, 6], [8, 16, 7], [4, 1, 9]]","[[-7, 2, 5], [0, -5, 5], [2, -4, 2]]",-0.14156893974303367,-1.7970429749240995,30,20,10,12,8,1694
module_masked__no_conv__tp07_L2_p0p82,module_ablation_masked,no_conv,tp07_L2_p0p82,2.0,0.82,run2,fold02,71,69.01408450704226,56.33802816901409,-12.676056338028168,-,67.88963724447595,60.888573791799594,-7.001063452676355,-,67.89851678376269,56.23083683234059,-11.667679951422095,-,0.5225856506096458,0.3663549852444777,-0.1562306653651681,-,88.46153846153845,65.38461538461539,-23.076923076923066,58.06451612903226,38.70967741935484,-19.354838709677423,57.14285714285714,78.57142857142857,21.42857142857143,"[[23, 3, 0], [10, 18, 3], [2, 4, 8]]","[[17, 6, 3], [9, 12, 10], [3, 0, 11]]","[[-6, 3, 3], [-1, -6, 7], [1, -4, 3]]",-0.19314167769035706,-2.812293942519267,32,17,8,14,5,953
module_masked__no_conv__tp07_L2_p0p82,module_ablation_masked,no_conv,tp07_L2_p0p82,2.0,0.82,run2,fold03,71,63.38028169014085,54.929577464788736,-8.450704225352112,-,57.33191539643152,51.50064988774666,-5.831265508684858,-,57.370718050065875,50.483091787439605,-6.88762626262627,-,0.41440407715019395,0.3108593378795985,-0.10354473927059543,-,69.23076923076923,80.76923076923077,11.538461538461547,74.19354838709677,45.16129032258064,-29.032258064516128,28.57142857142857,28.57142857142857,0.0,"[[18, 5, 3], [6, 23, 2], [5, 5, 4]]","[[21, 4, 1], [13, 14, 4], [8, 2, 4]]","[[3, -1, -2], [7, -9, 2], [3, -3, 0]]",-0.18846317338690216,-2.441265726701396,32,13,7,19,3,447
module_masked__no_conv__tp07_L2_p0p82,module_ablation_masked,no_conv,tp07_L2_p0p82,2.0,0.82,run2,oof_pooled,214,67.28971962616822,55.60747663551402,-11.682242990654203,-,63.883865782599955,56.4642516867915,-7.4196140958084555,-,64.42868835686517,54.638998759215426,-9.78968959764974,-,0.483236229225805,0.33252990827619394,-0.15070632094961106,-,79.74683544303798,67.08860759493672,-12.658227848101262,66.66666666666666,45.16129032258064,-21.505376344086017,45.23809523809524,57.14285714285714,11.904761904761898,"[[63, 12, 4], [24, 62, 7], [9, 14, 19]]","[[53, 16, 10], [30, 42, 21], [15, 3, 24]]","[[-10, 4, 6], [6, -20, 14], [6, -11, 5]]",-0.1742378882616067,-2.347616031351412,94,50,25,45,16,3094
data_no_lstm__tp07_L2_p0p82,data_ablation_no_module,no_lstm,tp07_L2_p0p82,2.0,0.82,run1,fold01,327,75.22935779816514,70.9480122324159,-4.281345565749234,-,72.98224857739544,69.91207313879895,-3.0701754385964932,-,74.65929369343549,69.95949003509058,-4.699803658344905,-,0.5824277209957041,0.5172833268540574,-0.06514439414164663,-,76.11940298507463,76.11940298507463,0.0,76.97368421052632,67.76315789473685,-9.210526315789465,65.85365853658537,65.85365853658537,0.0,"[[102, 30, 2], [31, 117, 4], [4, 10, 27]]","[[102, 30, 2], [38, 103, 11], [4, 10, 27]]","[[0, 0, 0], [7, -14, 7], [0, 0, 0]]",-0.039166540384170084,-0.6496388551121185,228,18,4,77,55,10184
data_no_lstm__tp07_L2_p0p82,data_ablation_no_module,no_lstm,tp07_L2_p0p82,2.0,0.82,run1,fold02,326,74.23312883435584,72.69938650306749,-1.5337423312883516,-,73.23841319717204,72.14192196910186,-1.0964912280701782,-,73.4197528076379,71.86190097787826,-1.5578518297596418,-,0.5692124265740279,0.5458613646892074,-0.0233510618848205,-,75.3731343283582,75.3731343283582,0.0,74.3421052631579,71.05263157894737,-3.2894736842105345,70.0,70.0,0.0,"[[101, 30, 3], [31, 113, 8], [5, 7, 28]]","[[101, 30, 3], [34, 108, 10], [5, 7, 28]]","[[0, 0, 0], [3, -5, 2], [0, 0, 0]]",-0.011693130648566199,-0.14968173336123397,235,7,2,82,25,4835
data_no_lstm__tp07_L2_p0p82,data_ablation_no_module,no_lstm,tp07_L2_p0p82,2.0,0.82,run1,fold03,326,77.91411042944786,75.15337423312883,-2.76073619631903,-,77.18643623985336,75.21275202932705,-1.973684210526315,-,76.36475294195755,74.08952071399298,-2.2752322279645654,-,0.6335414855138196,0.5900881753512901,-0.04345331016252951,-,77.61194029850746,77.61194029850746,0.0,78.94736842105263,73.02631578947368,-5.921052631578945,75.0,75.0,0.0,"[[104, 23, 7], [25, 120, 7], [3, 7, 30]]","[[104, 23, 7], [33, 111, 8], [3, 7, 30]]","[[0, 0, 0], [8, -9, 1], [0, 0, 0]]",-0.02254047558094092,-0.45950333056457204,244,10,1,71,45,8098
data_no_lstm__tp07_L2_p0p82,data_ablation_no_module,no_lstm,tp07_L2_p0p82,2.0,0.82,run1,oof_pooled,979,75.79162410623084,72.93156281920326,-2.860061287027577,-,74.4568263510633,72.4100427253323,-2.0467836257309955,-,74.79679148332708,71.97613764964346,-2.8206538336836218,-,0.5949564188779985,0.5510636642095208,-0.04389275466847775,-,76.3681592039801,76.3681592039801,0.0,76.75438596491229,70.6140350877193,-6.1403508771929864,70.24793388429752,70.24793388429752,0.0,"[[307, 83, 12], [87, 350, 19], [12, 24, 85]]","[[307, 83, 12], [105, 322, 29], [12, 24, 85]]","[[0, 0, 0], [18, -28, 10], [0, 0, 0]]",-0.024481730680738445,-0.4198429381628963,707,35,7,230,125,23117
data_no_lstm__tp07_L2_p0p82,data_ablation_no_module,no_lstm,tp07_L2_p0p82,2.0,0.82,run2,fold01,72,63.888888888888886,61.111111111111114,-2.7777777777777715,-,63.762303009614826,61.29316720714569,-2.4691358024691326,-,62.59259259259259,59.717122263021906,-2.875470329570682,-,0.45896250049990833,0.4249968100662606,-0.03396569043364772,-,59.25925925925925,51.85185185185185,-7.407407407407405,67.74193548387096,67.74193548387096,0.0,64.28571428571429,64.28571428571429,0.0,"[[16, 6, 5], [2, 21, 8], [0, 5, 9]]","[[14, 6, 7], [2, 21, 8], [0, 5, 9]]","[[-2, 0, 2], [0, 0, 0], [0, 0, 0]]",-0.020740135521514783,-0.2612974935521682,44,2,0,26,8,1694
data_no_lstm__tp07_L2_p0p82,data_ablation_no_module,no_lstm,tp07_L2_p0p82,2.0,0.82,run2,fold02,71,56.33802816901409,56.33802816901409,0.0,0,53.73980857851826,53.73980857851826,0.0,0,55.29980107985223,55.29980107985223,0.0,0,0.2972806093565435,0.2972806093565435,0.0,0,53.84615384615385,53.84615384615385,0.0,64.51612903225806,64.51612903225806,0.0,42.857142857142854,42.857142857142854,0.0,"[[14, 11, 1], [9, 20, 2], [2, 6, 6]]","[[14, 11, 1], [9, 20, 2], [2, 6, 6]]","[[0, 0, 0], [0, 0, 0], [0, 0, 0]]",0.002121356381496912,-0.004432205563332412,40,0,0,31,5,953
data_no_lstm__tp07_L2_p0p82,data_ablation_no_module,no_lstm,tp07_L2_p0p82,2.0,0.82,run2,fold03,71,67.6056338028169,66.19718309859155,-1.408450704225345,-,63.58265390523455,62.300602623183266,-1.2820512820512846,-,63.48309568648551,62.2895622895623,-1.1935333969232147,-,0.4934358082473687,0.4695235837065338,-0.023912224540834914,-,76.92307692307693,73.07692307692307,-3.846153846153868,70.96774193548387,70.96774193548387,0.0,42.857142857142854,42.857142857142854,0.0,"[[20, 4, 2], [4, 22, 5], [6, 2, 6]]","[[19, 5, 2], [4, 22, 5], [6, 2, 6]]","[[-1, 1, 0], [0, 0, 0], [0, 0, 0]]",-3.505592614832059e-05,0.010371950887878177,47,1,0,23,3,447
data_no_lstm__tp07_L2_p0p82,data_ablation_no_module,no_lstm,tp07_L2_p0p82,2.0,0.82,run2,oof_pooled,214,62.616822429906534,61.21495327102804,-1.4018691588784975,-,60.344358241459105,59.07853545664897,-1.2658227848101333,-,60.31415748674011,58.92770247895165,-1.3864550077884559,-,0.41329125049232496,0.39294907052004496,-0.020342179972279995,-,63.29113924050633,59.49367088607595,-3.7974683544303858,67.74193548387096,67.74193548387096,0.0,50.0,50.0,0.0,"[[50, 21, 8], [15, 63, 15], [8, 13, 21]]","[[47, 22, 10], [15, 63, 15], [8, 13, 21]]","[[-3, 1, 2], [0, 0, 0], [0, 0, 0]]",-0.006285805725323898,-0.08594251223230542,131,3,0,80,16,3094
module_masked__no_lstm__tp07_L2_p0p82,module_ablation_masked,no_lstm,tp07_L2_p0p82,2.0,0.82,run1,fold01,327,75.84097859327217,70.9480122324159,-4.8929663608562635,-,73.12171491707062,69.91207313879895,-3.209641778271674,-,74.46350460049091,69.95949003509058,-4.504014565400325,-,0.597106226951452,0.5172833268540574,-0.07982290009739457,-,83.5820895522388,76.11940298507463,-7.46268656716417,72.36842105263158,67.76315789473685,-4.605263157894726,63.41463414634146,65.85365853658537,2.439024390243908,"[[112, 20, 2], [37, 110, 5], [5, 10, 26]]","[[102, 30, 2], [38, 103, 11], [4, 10, 27]]","[[-10, 10, 0], [1, -7, 6], [-1, 0, 1]]",-0.06916808596283848,-1.3743301229836242,203,45,29,50,55,10184
module_masked__no_lstm__tp07_L2_p0p82,module_ablation_masked,no_lstm,tp07_L2_p0p82,2.0,0.82,run1,fold02,326,79.14110429447852,72.69938650306749,-6.441717791411037,-,80.54922754647814,72.14192196910186,-8.407305577376277,-,80.03099508112804,71.86190097787826,-8.169094103249776,-,0.6528016710871741,0.5458613646892074,-0.1069403063979667,-,78.35820895522389,75.3731343283582,-2.985074626865682,78.28947368421053,71.05263157894737,-7.236842105263165,85.0,70.0,-15.0,"[[105, 27, 2], [27, 119, 6], [2, 4, 34]]","[[101, 30, 3], [34, 108, 10], [5, 7, 28]]","[[-4, 3, 1], [7, -11, 4], [3, 3, -6]]",-0.07948766062100902,-2.242072585001702,203,55,34,34,25,4835
module_masked__no_lstm__tp07_L2_p0p82,module_ablation_masked,no_lstm,tp07_L2_p0p82,2.0,0.82,run1,fold03,326,82.20858895705521,75.15337423312883,-7.055214723926383,-,79.23474731605133,75.21275202932705,-4.021995286724277,-,81.33928835880816,74.08952071399298,-7.249767644815179,-,0.6990491123495569,0.5900881753512901,-0.10896093699826681,-,82.83582089552239,77.61194029850746,-5.223880597014926,84.86842105263158,73.02631578947368,-11.84210526315789,70.0,75.0,5.0,"[[111, 21, 2], [22, 129, 1], [4, 8, 28]]","[[104, 23, 7], [33, 111, 8], [3, 7, 30]]","[[-7, 2, 5], [11, -18, 7], [-1, -1, 2]]",-0.06114718084263576,0.9060679016337713,221,47,24,34,45,8098
module_masked__no_lstm__tp07_L2_p0p82,module_ablation_masked,no_lstm,tp07_L2_p0p82,2.0,0.82,run1,oof_pooled,979,79.06026557711951,72.93156281920326,-6.128702757916244,-,77.60936148603076,72.4100427253323,-5.1993187606984606,-,78.68647771953832,71.97613764964346,-6.710340069894855,-,0.6486805051644857,0.5510636642095208,-0.09761684095496492,-,81.59203980099502,76.3681592039801,-5.223880597014926,78.50877192982456,70.6140350877193,-7.89473684210526,72.72727272727273,70.24793388429752,-2.47933884297521,"[[328, 68, 6], [86, 358, 12], [11, 22, 88]]","[[307, 83, 12], [105, 322, 29], [12, 24, 85]]","[[-21, 15, 6], [19, -36, 17], [1, 2, -3]]",-0.06993352648314237,-0.9039259213417677,627,147,87,118,125,23117
module_masked__no_lstm__tp07_L2_p0p82,module_ablation_masked,no_lstm,tp07_L2_p0p82,2.0,0.82,run2,fold01,72,69.44444444444444,61.111111111111114,-8.333333333333329,-,66.40780565511749,61.29316720714569,-5.114638447971792,-,67.25402117872248,59.717122263021906,-7.536898915700576,-,0.5160670489463761,0.4249968100662606,-0.0910702388801155,-,81.48148148148148,51.85185185185185,-29.629629629629633,67.74193548387096,67.74193548387096,0.0,50.0,64.28571428571429,14.285714285714292,"[[22, 4, 1], [8, 21, 2], [2, 5, 7]]","[[14, 6, 7], [2, 21, 8], [0, 5, 9]]","[[-8, 2, 6], [-6, 0, 6], [-2, 0, 2]]",-0.08659091813291614,-2.1272941435583763,37,13,7,15,8,1694
module_masked__no_lstm__tp07_L2_p0p82,module_ablation_masked,no_lstm,tp07_L2_p0p82,2.0,0.82,run2,fold02,71,69.01408450704226,56.33802816901409,-12.676056338028168,-,67.88963724447595,53.73980857851826,-14.149828665957692,-,67.89851678376269,55.29980107985223,-12.598715703910457,-,0.5225856506096458,0.2972806093565435,-0.2253050412531023,-,88.46153846153845,53.84615384615385,-34.615384615384606,58.06451612903226,64.51612903225806,6.451612903225801,57.14285714285714,42.857142857142854,-14.285714285714285,"[[23, 3, 0], [10, 18, 3], [2, 4, 8]]","[[14, 11, 1], [9, 20, 2], [2, 6, 6]]","[[-9, 8, 1], [-1, 2, -1], [0, 2, -2]]",-0.27711059795626214,-2.9565259551393313,32,17,8,14,5,953
module_masked__no_lstm__tp07_L2_p0p82,module_ablation_masked,no_lstm,tp07_L2_p0p82,2.0,0.82,run2,fold03,71,63.38028169014085,66.19718309859155,2.816901408450704,+,57.33191539643152,62.300602623183266,4.968687226751747,+,57.370718050065875,62.2895622895623,4.918844239496423,+,0.41440407715019395,0.4695235837065338,0.05511950655633985,+,69.23076923076923,73.07692307692307,3.8461538461538396,74.19354838709677,70.96774193548387,-3.225806451612897,28.57142857142857,42.857142857142854,14.285714285714285,"[[18, 5, 3], [6, 23, 2], [5, 5, 4]]","[[19, 5, 2], [4, 22, 5], [6, 2, 6]]","[[1, 0, -1], [-2, -1, 3], [1, -3, 2]]",-0.041740440189000146,-2.1870768303707453,38,7,9,17,3,447
module_masked__no_lstm__tp07_L2_p0p82,module_ablation_masked,no_lstm,tp07_L2_p0p82,2.0,0.82,run2,oof_pooled,214,67.28971962616822,61.21495327102804,-6.074766355140184,-,63.883865782599955,59.07853545664897,-4.805330325950983,-,64.42868835686517,58.92770247895165,-5.500985877913514,-,0.483236229225805,0.39294907052004496,-0.09028715870576004,-,79.74683544303798,59.49367088607595,-20.253164556962034,66.66666666666666,67.74193548387096,1.0752688172043037,45.23809523809524,50.0,4.761904761904759,"[[63, 12, 4], [24, 62, 7], [9, 14, 19]]","[[47, 22, 10], [15, 63, 15], [8, 13, 21]]","[[-16, 10, 6], [-9, 1, 8], [-1, -1, 2]]",-0.1349204196910448,-2.422247551903825,107,37,24,46,16,3094
data_no_attention__tp07_L2_p0p82,data_ablation_no_module,no_attention,tp07_L2_p0p82,2.0,0.82,run1,fold01,327,81.9571865443425,76.14678899082568,-5.810397553516822,-,79.91197734051183,75.74531067384514,-4.166666666666686,-,82.01435063589545,74.18172956411448,-7.832621071780977,-,0.6962494375241386,0.6109355777226841,-0.08531385980145445,-,84.32835820895522,84.32835820895522,0.0,82.23684210526315,69.73684210526315,-12.5,73.17073170731707,73.17073170731707,0.0,"[[113, 19, 2], [27, 125, 0], [2, 9, 30]]","[[113, 19, 2], [30, 106, 16], [2, 9, 30]]","[[0, 0, 0], [3, -19, 16], [0, 0, 0]]",-0.0539058013463591,-0.6534165226219262,247,21,2,57,55,10184
data_no_attention__tp07_L2_p0p82,data_ablation_no_module,no_attention,tp07_L2_p0p82,2.0,0.82,run1,fold02,326,81.90184049079755,79.75460122699386,-2.147239263803698,-,79.51165226499084,77.9765645456926,-1.5350877192982466,-,80.47822307750707,78.43018201690383,-2.0480410606032393,-,0.6958625448093783,0.6605697471267797,-0.03529279768259852,-,79.8507462686567,79.8507462686567,0.0,86.18421052631578,81.57894736842105,-4.605263157894726,72.5,72.5,0.0,"[[107, 24, 3], [17, 131, 4], [4, 7, 29]]","[[107, 24, 3], [22, 124, 6], [4, 7, 29]]","[[0, 0, 0], [5, -7, 2], [0, 0, 0]]",-0.022296739274591543,-0.19586962845427858,259,8,1,58,25,4835
data_no_attention__tp07_L2_p0p82,data_ablation_no_module,no_attention,tp07_L2_p0p82,2.0,0.82,run1,fold03,326,84.3558282208589,82.51533742331289,-1.8404907975460105,-,83.89892642052894,82.58313694684473,-1.3157894736842053,-,83.66469909688912,82.27189994527802,-1.3927991516111007,-,0.7390486456524588,0.709175263753419,-0.029873381899039764,-,84.32835820895522,84.32835820895522,0.0,84.86842105263158,80.92105263157895,-3.94736842105263,82.5,82.5,0.0,"[[113, 20, 1], [16, 129, 7], [4, 3, 33]]","[[113, 20, 1], [22, 123, 7], [4, 3, 33]]","[[0, 0, 0], [6, -6, 0], [0, 0, 0]]",-0.013099398994828567,-0.045236106093492975,267,8,2,49,45,8098
data_no_attention__tp07_L2_p0p82,data_ablation_no_module,no_attention,tp07_L2_p0p82,2.0,0.82,run1,oof_pooled,979,82.73748723186925,79.46884576098059,-3.2686414708886673,-,81.09956776938853,78.76038648283881,-2.3391812865497172,-,82.05217929651486,78.24968075864133,-3.8024985378735323,-,0.7100686691507885,0.6594162682890139,-0.05065240086177458,-,82.83582089552239,82.83582089552239,0.0,84.4298245614035,77.41228070175438,-7.017543859649123,76.03305785123968,76.03305785123968,0.0,"[[333, 63, 6], [60, 385, 11], [10, 19, 92]]","[[333, 63, 6], [74, 353, 29], [10, 19, 92]]","[[0, 0, 0], [14, -32, 18], [0, 0, 0]]",-0.029791969475066783,-0.29853694827369087,773,37,5,164,125,23117
data_no_attention__tp07_L2_p0p82,data_ablation_no_module,no_attention,tp07_L2_p0p82,2.0,0.82,run2,fold01,72,58.333333333333336,54.166666666666664,-4.166666666666671,-,55.384877965523124,51.68117426181943,-3.7037037037036953,-,55.707282913165265,51.570881226053636,-4.136401687111629,-,0.3440986103748549,0.28177542957032636,-0.06232318080452853,-,55.55555555555556,44.44444444444444,-11.111111111111114,67.74193548387096,67.74193548387096,0.0,42.857142857142854,42.857142857142854,0.0,"[[15, 9, 3], [5, 21, 5], [1, 7, 6]]","[[12, 11, 4], [5, 21, 5], [1, 7, 6]]","[[-3, 2, 1], [0, 0, 0], [0, 0, 0]]",5.5280170177715425e-05,0.03500827639881104,39,3,0,30,8,1694
data_no_attention__tp07_L2_p0p82,data_ablation_no_module,no_attention,tp07_L2_p0p82,2.0,0.82,run2,fold02,71,63.38028169014085,61.97183098591549,-1.4084507042253591,-,68.66950254047029,67.38745125841899,-1.2820512820512988,-,63.681341719077565,62.38347190728143,-1.297869811796133,-,0.4690406293950227,0.4457453285408833,-0.023295300854139445,-,61.53846153846154,57.692307692307686,-3.846153846153854,51.61290322580645,51.61290322580645,0.0,92.85714285714286,92.85714285714286,0.0,"[[16, 6, 4], [7, 16, 8], [1, 0, 13]]","[[15, 7, 4], [7, 16, 8], [1, 0, 13]]","[[-1, 1, 0], [0, 0, 0], [0, 0, 0]]",0.0023400001840675807,-0.044979825825758386,44,1,0,26,5,953
data_no_attention__tp07_L2_p0p82,data_ablation_no_module,no_attention,tp07_L2_p0p82,2.0,0.82,run2,fold03,71,56.33802816901409,54.929577464788736,-1.408450704225352,-,51.74878884556304,50.46673756351176,-1.2820512820512846,-,51.7458781609725,50.49518382851716,-1.250694332455339,-,0.30795014030702567,0.28809236066213245,-0.019857779644893214,-,65.38461538461539,61.53846153846154,-3.8461538461538467,61.29032258064516,61.29032258064516,0.0,28.57142857142857,28.57142857142857,0.0,"[[17, 7, 2], [6, 19, 6], [4, 6, 4]]","[[16, 7, 3], [6, 19, 6], [4, 6, 4]]","[[-1, 0, 1], [0, 0, 0], [0, 0, 0]]",-0.009642960097063598,-0.1360435087076375,39,1,0,31,3,447
data_no_attention__tp07_L2_p0p82,data_ablation_no_module,no_attention,tp07_L2_p0p82,2.0,0.82,run2,oof_pooled,214,59.345794392523366,57.009345794392516,-2.3364485981308505,-,58.5788173987439,56.46911275739369,-2.1097046413502127,-,57.96936324972884,55.7394034496541,-2.229959800074745,-,0.36980374236342506,0.33492228515217043,-0.03488145721125463,-,60.75949367088608,54.43037974683544,-6.329113924050638,60.215053763440864,60.215053763440864,0.0,54.761904761904766,54.761904761904766,0.0,"[[48, 22, 9], [18, 56, 19], [6, 13, 23]]","[[43, 25, 11], [18, 56, 19], [6, 13, 23]]","[[-5, 3, 2], [0, 0, 0], [0, 0, 0]]",-0.0024043457082706617,-0.048280658182975306,122,5,0,87,16,3094
module_masked__no_attention__tp07_L2_p0p82,module_ablation_masked,no_attention,tp07_L2_p0p82,2.0,0.82,run1,fold01,327,75.84097859327217,76.14678899082568,0.3058103975535147,+,73.12171491707062,75.74531067384514,2.6235957567745203,+,74.46350460049091,74.18172956411448,-0.2817750363764304,-,0.597106226951452,0.6109355777226841,0.013829350771232152,+,83.5820895522388,84.32835820895522,0.7462686567164241,72.36842105263158,69.73684210526315,-2.631578947368425,63.41463414634146,73.17073170731707,9.756097560975611,"[[112, 20, 2], [37, 110, 5], [5, 10, 26]]","[[113, 19, 2], [30, 106, 16], [2, 9, 30]]","[[1, -1, 0], [-7, -4, 11], [-3, -1, 4]]",-0.014775172705551105,0.6251312728788966,209,39,40,39,55,10184
module_masked__no_attention__tp07_L2_p0p82,module_ablation_masked,no_attention,tp07_L2_p0p82,2.0,0.82,run1,fold02,326,79.14110429447852,79.75460122699386,0.6134969325153321,+,80.54922754647814,77.9765645456926,-2.572663000785539,-,80.03099508112804,78.43018201690383,-1.6008130642242122,-,0.6528016710871741,0.6605697471267797,0.007768076039605609,+,78.35820895522389,79.8507462686567,1.4925373134328197,78.28947368421053,81.57894736842105,3.2894736842105203,85.0,72.5,-12.5,"[[105, 27, 2], [27, 119, 6], [2, 4, 34]]","[[107, 24, 3], [22, 124, 6], [4, 7, 29]]","[[2, -3, 1], [-5, 5, 0], [2, 3, -5]]",-0.003088368662552882,2.085547129883562,220,38,40,28,25,4835
module_masked__no_attention__tp07_L2_p0p82,module_ablation_masked,no_attention,tp07_L2_p0p82,2.0,0.82,run1,fold03,326,82.20858895705521,82.51533742331289,0.30674846625767316,+,79.23474731605133,82.58313694684473,3.348389630793406,+,81.33928835880816,82.27189994527802,0.9326115864698608,+,0.6990491123495569,0.709175263753419,0.010126151403862083,+,82.83582089552239,84.32835820895522,1.492537313432834,84.86842105263158,80.92105263157895,-3.94736842105263,70.0,82.5,12.5,"[[111, 21, 2], [22, 129, 1], [4, 8, 28]]","[[113, 20, 1], [22, 123, 7], [4, 3, 33]]","[[2, -1, -1], [0, -6, 6], [0, -5, 5]]",-0.001423159332859514,1.2039707969542752,233,35,36,22,45,8098
module_masked__no_attention__tp07_L2_p0p82,module_ablation_masked,no_attention,tp07_L2_p0p82,2.0,0.82,run1,oof_pooled,979,79.06026557711951,79.46884576098059,0.4085801838610763,+,77.60936148603076,78.76038648283881,1.1510249968080473,+,78.68647771953832,78.24968075864133,-0.4367969608969844,-,0.6486805051644857,0.6594162682890139,0.010735763124528175,+,81.59203980099502,82.83582089552239,1.243781094527364,78.50877192982456,77.41228070175438,-1.0964912280701782,72.72727272727273,76.03305785123968,3.305785123966942,"[[328, 68, 6], [86, 358, 12], [11, 22, 88]]","[[333, 63, 6], [74, 353, 29], [10, 19, 92]]","[[5, -5, 0], [-12, -5, 17], [-1, -3, 4]]",-0.006437425537507305,1.3041887337901268,662,112,116,89,125,23117
module_masked__no_attention__tp07_L2_p0p82,module_ablation_masked,no_attention,tp07_L2_p0p82,2.0,0.82,run2,fold01,72,69.44444444444444,54.166666666666664,-15.277777777777779,-,66.40780565511749,51.68117426181943,-14.726631393298057,-,67.25402117872248,51.570881226053636,-15.683139952668846,-,0.5160670489463761,0.28177542957032636,-0.23429161937604975,-,81.48148148148148,44.44444444444444,-37.03703703703704,67.74193548387096,67.74193548387096,0.0,50.0,42.857142857142854,-7.142857142857146,"[[22, 4, 1], [8, 21, 2], [2, 5, 7]]","[[12, 11, 4], [5, 21, 5], [1, 7, 6]]","[[-10, 7, 3], [-3, 0, 3], [-1, 2, -1]]",-0.1413329691416815,-2.165437984752417,35,15,4,18,8,1694
module_masked__no_attention__tp07_L2_p0p82,module_ablation_masked,no_attention,tp07_L2_p0p82,2.0,0.82,run2,fold02,71,69.01408450704226,61.97183098591549,-7.042253521126767,-,67.88963724447595,67.38745125841899,-0.5021859860569577,-,67.89851678376269,62.38347190728143,-5.515044876481255,-,0.5225856506096458,0.4457453285408833,-0.07684032206876251,-,88.46153846153845,57.692307692307686,-30.769230769230766,58.06451612903226,51.61290322580645,-6.451612903225815,57.14285714285714,92.85714285714286,35.71428571428572,"[[23, 3, 0], [10, 18, 3], [2, 4, 8]]","[[15, 7, 4], [7, 16, 8], [1, 0, 13]]","[[-8, 4, 4], [-3, -2, 5], [-1, -4, 5]]",-0.10793151389683726,-2.2037257536619403,33,16,11,11,5,953
module_masked__no_attention__tp07_L2_p0p82,module_ablation_masked,no_attention,tp07_L2_p0p82,2.0,0.82,run2,fold03,71,63.38028169014085,54.929577464788736,-8.450704225352112,-,57.33191539643152,50.46673756351176,-6.865177832919763,-,57.370718050065875,50.49518382851716,-6.875534221548712,-,0.41440407715019395,0.28809236066213245,-0.1263117164880615,-,69.23076923076923,61.53846153846154,-7.692307692307686,74.19354838709677,61.29032258064516,-12.903225806451609,28.57142857142857,28.57142857142857,0.0,"[[18, 5, 3], [6, 23, 2], [5, 5, 4]]","[[16, 7, 3], [6, 19, 6], [4, 6, 4]]","[[-2, 2, 0], [0, -4, 4], [-1, 1, 0]]",-0.17032249893233986,-3.479865791984427,33,12,6,20,3,447
module_masked__no_attention__tp07_L2_p0p82,module_ablation_masked,no_attention,tp07_L2_p0p82,2.0,0.82,run2,oof_pooled,214,67.28971962616822,57.009345794392516,-10.280373831775705,-,63.883865782599955,56.46911275739369,-7.414753025206267,-,64.42868835686517,55.7394034496541,-8.689284907211068,-,0.483236229225805,0.33492228515217043,-0.14831394407363457,-,79.74683544303798,54.43037974683544,-25.31645569620254,66.66666666666666,60.215053763440864,-6.451612903225794,45.23809523809524,54.761904761904766,9.523809523809526,"[[63, 12, 4], [24, 62, 7], [9, 14, 19]]","[[43, 25, 11], [18, 56, 19], [6, 13, 23]]","[[-20, 13, 7], [-6, -6, 12], [-3, -1, 4]]",-0.13986919948164786,-2.614236143191898,101,43,21,49,16,3094
data_full__tp08_L3_m0p08,data_ablation_full,,tp08_L3_m0p08,3.0,-0.08,run1,fold01,327,80.73394495412845,80.73394495412845,0.0,0,76.63048684689517,76.63048684689517,0.0,0,79.0877721312504,79.0877721312504,0.0,0,0.6743426700043699,0.6743426700043699,0.0,0,83.5820895522388,83.5820895522388,0.0,82.89473684210526,82.89473684210526,0.0,63.41463414634146,63.41463414634146,0.0,"[[112, 20, 2], [25, 126, 1], [5, 10, 26]]","[[112, 20, 2], [25, 126, 1], [5, 10, 26]]","[[0, 0, 0], [0, 0, 0], [0, 0, 0]]",0.0,0.0,264,0,0,63,0,0
data_full__tp08_L3_m0p08,data_ablation_full,,tp08_L3_m0p08,3.0,-0.08,run1,fold02,326,81.59509202453987,81.59509202453987,0.0,0,82.30361351139041,82.30361351139041,0.0,0,82.11529042328695,82.11529042328695,0.0,0,0.6929312561648969,0.6929312561648969,0.0,0,78.35820895522389,78.35820895522389,0.0,83.55263157894737,83.55263157894737,0.0,85.0,85.0,0.0,"[[105, 27, 2], [20, 127, 5], [2, 4, 34]]","[[105, 27, 2], [20, 127, 5], [2, 4, 34]]","[[0, 0, 0], [0, 0, 0], [0, 0, 0]]",0.0,0.0,266,0,0,60,0,0
data_full__tp08_L3_m0p08,data_ablation_full,,tp08_L3_m0p08,3.0,-0.08,run1,fold03,326,84.04907975460122,84.04907975460122,0.0,0,80.55053678973553,80.55053678973553,0.0,0,82.96722819707497,82.96722819707497,0.0,0,0.7301975910800922,0.7301975910800922,0.0,0,82.83582089552239,82.83582089552239,0.0,88.81578947368422,88.81578947368422,0.0,70.0,70.0,0.0,"[[111, 21, 2], [17, 135, 0], [4, 8, 28]]","[[111, 21, 2], [17, 135, 0], [4, 8, 28]]","[[0, 0, 0], [0, 0, 0], [0, 0, 0]]",0.0,0.0,274,0,0,52,0,0
data_full__tp08_L3_m0p08,data_ablation_full,,tp08_L3_m0p08,3.0,-0.08,run1,oof_pooled,979,82.12461695607763,82.12461695607763,0.0,0,79.80234394217112,79.80234394217112,0.0,0,81.47172321467072,81.47172321467072,0.0,0,0.6985628449866854,0.6985628449866854,0.0,0,81.59203980099502,81.59203980099502,0.0,85.08771929824562,85.08771929824562,0.0,72.72727272727273,72.72727272727273,0.0,"[[328, 68, 6], [62, 388, 6], [11, 22, 88]]","[[328, 68, 6], [62, 388, 6], [11, 22, 88]]","[[0, 0, 0], [0, 0, 0], [0, 0, 0]]",0.0,0.0,804,0,0,175,0,0
data_full__tp08_L3_m0p08,data_ablation_full,,tp08_L3_m0p08,3.0,-0.08,run2,fold01,72,69.44444444444444,68.05555555555556,-1.3888888888888857,-,66.40780565511749,65.33253683791318,-1.0752688172043037,-,66.85875706214689,65.406345067362,-1.452411994784896,-,0.5182264323917611,0.4986472162026336,-0.019579216189127557,-,81.48148148148148,81.48148148148148,0.0,67.74193548387096,64.51612903225806,-3.225806451612897,50.0,50.0,0.0,"[[22, 3, 2], [8, 21, 2], [2, 5, 7]]","[[22, 3, 2], [8, 20, 3], [2, 5, 7]]","[[0, 0, 0], [0, -1, 1], [0, 0, 0]]",-0.013779718710187204,-0.15413040709164408,49,1,0,22,1,200
data_full__tp08_L3_m0p08,data_ablation_full,,tp08_L3_m0p08,3.0,-0.08,run2,fold02,71,66.19718309859155,64.7887323943662,-1.408450704225345,-,65.3255346803734,64.25026586316909,-1.0752688172043037,-,65.75180206506916,64.54970760233918,-1.2020944627299741,-,0.47169889043248636,0.451797445189314,-0.01990144524317239,-,80.76923076923077,80.76923076923077,0.0,58.06451612903226,54.83870967741935,-3.225806451612911,57.14285714285714,57.14285714285714,0.0,"[[21, 5, 0], [10, 18, 3], [2, 4, 8]]","[[21, 5, 0], [11, 17, 3], [2, 4, 8]]","[[0, 0, 0], [1, -1, 0], [0, 0, 0]]",-0.01408098259707913,-0.29977896179951413,46,1,0,24,1,138
data_full__tp08_L3_m0p08,data_ablation_full,,tp08_L3_m0p08,3.0,-0.08,run2,fold03,71,66.19718309859155,66.19718309859155,0.0,0,59.89601796053409,59.89601796053409,0.0,0,60.04855889724311,60.04855889724311,0.0,0,0.45896608905667236,0.45896608905667236,0.0,0,76.92307692307693,76.92307692307693,0.0,74.19354838709677,74.19354838709677,0.0,28.57142857142857,28.57142857142857,0.0,"[[20, 5, 1], [6, 23, 2], [5, 5, 4]]","[[20, 5, 1], [6, 23, 2], [5, 5, 4]]","[[0, 0, 0], [0, 0, 0], [0, 0, 0]]",-8.43590205515114e-11,-0.02680642839888452,47,0,0,24,1,103
data_full__tp08_L3_m0p08,data_ablation_full,,tp08_L3_m0p08,3.0,-0.08,run2,oof_pooled,214,67.28971962616822,66.35514018691589,-0.9345794392523317,-,63.883865782599955,63.167019904463764,-0.7168458781361906,-,64.55099829747716,63.678451178451176,-0.8725471190259881,-,0.4824688400261222,0.4688776054850157,-0.0135912345411065,-,79.74683544303798,79.74683544303798,0.0,66.66666666666666,64.51612903225806,-2.150537634408593,45.23809523809524,45.23809523809524,0.0,"[[63, 13, 3], [24, 62, 7], [9, 14, 19]]","[[63, 13, 3], [25, 60, 8], [9, 14, 19]]","[[0, 0, 0], [1, -2, 1], [0, 0, 0]]",-0.009307894941661623,-0.16021005614338635,142,2,0,70,3,441
data_no_conv__tp08_L3_m0p08,data_ablation_no_module,no_conv,tp08_L3_m0p08,3.0,-0.08,run1,fold01,327,79.20489296636084,79.20489296636084,0.0,0,77.82046123681977,77.82046123681977,0.0,0,79.390186562109,79.390186562109,0.0,0,0.6509524121737486,0.6509524121737486,0.0,0,81.34328358208955,81.34328358208955,0.0,78.94736842105263,78.94736842105263,0.0,73.17073170731707,73.17073170731707,0.0,"[[109, 24, 1], [29, 120, 3], [5, 6, 30]]","[[109, 24, 1], [29, 120, 3], [5, 6, 30]]","[[0, 0, 0], [0, 0, 0], [0, 0, 0]]",0.0,0.0,259,0,0,68,0,0
data_no_conv__tp08_L3_m0p08,data_ablation_no_module,no_conv,tp08_L3_m0p08,3.0,-0.08,run1,fold02,326,80.06134969325154,80.06134969325154,0.0,0,78.89827179890023,78.89827179890023,0.0,0,78.65140888396702,78.65140888396702,0.0,0,0.667755761900005,0.667755761900005,0.0,0,82.08955223880598,82.08955223880598,0.0,79.60526315789474,79.60526315789474,0.0,75.0,75.0,0.0,"[[110, 22, 2], [22, 121, 9], [4, 6, 30]]","[[110, 22, 2], [22, 121, 9], [4, 6, 30]]","[[0, 0, 0], [0, 0, 0], [0, 0, 0]]",0.0,0.0,261,0,0,65,0,0
data_no_conv__tp08_L3_m0p08,data_ablation_no_module,no_conv,tp08_L3_m0p08,3.0,-0.08,run1,fold03,326,77.60736196319019,77.60736196319019,0.0,0,80.15514532600157,80.15514532600157,0.0,0,76.45264363658288,76.45264363658288,0.0,0,0.6403712014169086,0.6403712014169086,0.0,0,80.59701492537313,80.59701492537313,0.0,72.36842105263158,72.36842105263158,0.0,87.5,87.5,0.0,"[[108, 18, 8], [28, 110, 14], [0, 5, 35]]","[[108, 18, 8], [28, 110, 14], [0, 5, 35]]","[[0, 0, 0], [0, 0, 0], [0, 0, 0]]",0.0,0.0,253,0,0,73,0,0
data_no_conv__tp08_L3_m0p08,data_ablation_no_module,no_conv,tp08_L3_m0p08,3.0,-0.08,run1,oof_pooled,979,78.95812053115424,78.95812053115424,0.0,0,78.94312149561026,78.94312149561026,0.0,0,78.0672759638754,78.0672759638754,0.0,0,0.6519762827892167,0.6519762827892167,0.0,0,81.34328358208955,81.34328358208955,0.0,76.97368421052632,76.97368421052632,0.0,78.51239669421489,78.51239669421489,0.0,"[[327, 64, 11], [79, 351, 26], [9, 17, 95]]","[[327, 64, 11], [79, 351, 26], [9, 17, 95]]","[[0, 0, 0], [0, 0, 0], [0, 0, 0]]",0.0,0.0,773,0,0,206,0,0
data_no_conv__tp08_L3_m0p08,data_ablation_no_module,no_conv,tp08_L3_m0p08,3.0,-0.08,run2,fold01,72,55.55555555555556,55.55555555555556,0.0,0,57.151391022358766,57.151391022358766,0.0,0,54.93827160493828,54.93827160493828,0.0,0,0.3353881275042346,0.3353881275042346,0.0,0,55.55555555555556,55.55555555555556,0.0,51.61290322580645,51.61290322580645,0.0,64.28571428571429,64.28571428571429,0.0,"[[15, 6, 6], [8, 16, 7], [4, 1, 9]]","[[15, 6, 6], [8, 16, 7], [4, 1, 9]]","[[0, 0, 0], [0, 0, 0], [0, 0, 0]]",-0.002394722593534325,-0.036792157424820796,40,0,0,32,1,200
data_no_conv__tp08_L3_m0p08,data_ablation_no_module,no_conv,tp08_L3_m0p08,3.0,-0.08,run2,fold02,71,56.33802816901409,57.74647887323944,1.408450704225352,+,60.888573791799594,61.96384260900389,1.0752688172042966,+,56.23083683234059,57.759213759213765,1.5283769268731717,+,0.3663549852444777,0.3823726893835734,0.0160177041390957,+,65.38461538461539,65.38461538461539,0.0,38.70967741935484,41.935483870967744,3.225806451612904,78.57142857142857,78.57142857142857,0.0,"[[17, 6, 3], [9, 12, 10], [3, 0, 11]]","[[17, 6, 3], [9, 13, 9], [3, 0, 11]]","[[0, 0, 0], [0, 1, -1], [0, 0, 0]]",0.01049832642917902,0.06447171997016585,40,0,1,30,1,138
data_no_conv__tp08_L3_m0p08,data_ablation_no_module,no_conv,tp08_L3_m0p08,3.0,-0.08,run2,fold03,71,54.929577464788736,54.929577464788736,0.0,0,51.50064988774666,51.50064988774666,0.0,0,50.483091787439605,50.438443235328364,-0.04464855211124075,-,0.3108593378795985,0.30689344427152976,-0.00396589360806876,-,80.76923076923077,80.76923076923077,0.0,45.16129032258064,45.16129032258064,0.0,28.57142857142857,28.57142857142857,0.0,"[[21, 4, 1], [13, 14, 4], [8, 2, 4]]","[[21, 4, 1], [13, 14, 4], [7, 3, 4]]","[[0, 0, 0], [0, 0, 0], [-1, 1, 0]]",-0.0018978328749448931,-0.09279686464390284,39,0,0,32,1,103
data_no_conv__tp08_L3_m0p08,data_ablation_no_module,no_conv,tp08_L3_m0p08,3.0,-0.08,run2,oof_pooled,214,55.60747663551402,56.074766355140184,0.46728971962616583,+,56.4642516867915,56.822674625859605,0.35842293906810596,+,54.638998759215426,55.118492618492624,0.47949385927719845,+,0.33252990827619394,0.3372957626698638,0.004765854393669833,+,67.08860759493672,67.08860759493672,0.0,45.16129032258064,46.236559139784944,1.0752688172043037,57.14285714285714,57.14285714285714,0.0,"[[53, 16, 10], [30, 42, 21], [15, 3, 24]]","[[53, 16, 10], [30, 43, 20], [14, 4, 24]]","[[0, 0, 0], [0, 1, -1], [-1, 1, 0]]",0.0020477337178324835,-0.021776264515992638,119,0,1,94,3,441
module_masked__no_conv__tp08_L3_m0p08,module_ablation_masked,no_conv,tp08_L3_m0p08,3.0,-0.08,run1,fold01,327,80.73394495412845,79.20489296636084,-1.5290519877676019,-,76.63048684689517,77.82046123681977,1.1899743899246005,+,79.0877721312504,79.390186562109,0.3024144308585903,+,0.6743426700043699,0.6509524121737486,-0.02339025783062132,-,83.5820895522388,81.34328358208955,-2.2388059701492438,82.89473684210526,78.94736842105263,-3.94736842105263,63.41463414634146,73.17073170731707,9.756097560975611,"[[112, 20, 2], [25, 126, 1], [5, 10, 26]]","[[109, 24, 1], [29, 120, 3], [5, 6, 30]]","[[-3, 4, -1], [4, -6, 2], [0, -4, 4]]",-0.014914479366229506,0.21637581551977253,235,29,24,39,0,0
module_masked__no_conv__tp08_L3_m0p08,module_ablation_masked,no_conv,tp08_L3_m0p08,3.0,-0.08,run1,fold02,326,81.59509202453987,80.06134969325154,-1.5337423312883232,-,82.30361351139041,78.89827179890023,-3.405341712490184,-,82.11529042328695,78.65140888396702,-3.463881539319928,-,0.6929312561648969,0.667755761900005,-0.025175494264891962,-,78.35820895522389,82.08955223880598,3.731343283582092,83.55263157894737,79.60526315789474,-3.94736842105263,85.0,75.0,-10.0,"[[105, 27, 2], [20, 127, 5], [2, 4, 34]]","[[110, 22, 2], [22, 121, 9], [4, 6, 30]]","[[5, -5, 0], [2, -6, 4], [2, 2, -4]]",-0.036069942233845104,-1.4115402099213625,228,38,33,27,0,0
module_masked__no_conv__tp08_L3_m0p08,module_ablation_masked,no_conv,tp08_L3_m0p08,3.0,-0.08,run1,fold03,326,84.04907975460122,77.60736196319019,-6.441717791411037,-,80.55053678973553,80.15514532600157,-0.39539146373395795,-,82.96722819707497,76.45264363658288,-6.514584560492096,-,0.7301975910800922,0.6403712014169086,-0.08982638966318357,-,82.83582089552239,80.59701492537313,-2.238805970149258,88.81578947368422,72.36842105263158,-16.447368421052644,70.0,87.5,17.5,"[[111, 21, 2], [17, 135, 0], [4, 8, 28]]","[[108, 18, 8], [28, 110, 14], [0, 5, 35]]","[[-3, -3, 6], [11, -25, 14], [-4, -3, 7]]",-0.09484218149815106,-2.4160543753668393,224,50,29,23,0,0
module_masked__no_conv__tp08_L3_m0p08,module_ablation_masked,no_conv,tp08_L3_m0p08,3.0,-0.08,run1,oof_pooled,979,82.12461695607763,78.95812053115424,-3.1664964249233947,-,79.80234394217112,78.94312149561026,-0.8592224465608638,-,81.47172321467072,78.0672759638754,-3.4044472507953145,-,0.6985628449866854,0.6519762827892167,-0.046586562197468706,-,81.59203980099502,81.34328358208955,-0.24875621890546995,85.08771929824562,76.97368421052632,-8.114035087719301,72.72727272727273,78.51239669421489,5.785123966942152,"[[328, 68, 6], [62, 388, 6], [11, 22, 88]]","[[327, 64, 11], [79, 351, 26], [9, 17, 95]]","[[-1, -4, 5], [17, -37, 20], [-2, -5, 7]]",-0.04857445055095791,-1.2022890123891605,687,117,86,89,0,0
module_masked__no_conv__tp08_L3_m0p08,module_ablation_masked,no_conv,tp08_L3_m0p08,3.0,-0.08,run2,fold01,72,68.05555555555556,55.55555555555556,-12.5,-,65.33253683791318,57.151391022358766,-8.181145815554416,-,65.406345067362,54.93827160493828,-10.468073462423718,-,0.4986472162026336,0.3353881275042346,-0.163259088698399,-,81.48148148148148,55.55555555555556,-25.925925925925924,64.51612903225806,51.61290322580645,-12.903225806451616,50.0,64.28571428571429,14.285714285714292,"[[22, 3, 2], [8, 20, 3], [2, 5, 7]]","[[15, 6, 6], [8, 16, 7], [4, 1, 9]]","[[-7, 3, 4], [0, -4, 4], [2, -4, 2]]",-0.1474782505926871,-1.8845275966256547,30,19,10,13,1,200
module_masked__no_conv__tp08_L3_m0p08,module_ablation_masked,no_conv,tp08_L3_m0p08,3.0,-0.08,run2,fold02,71,64.7887323943662,57.74647887323944,-7.042253521126767,-,64.25026586316909,61.96384260900389,-2.2864232541652,-,64.54970760233918,57.759213759213765,-6.790493843125418,-,0.451797445189314,0.3823726893835734,-0.06942475580574059,-,80.76923076923077,65.38461538461539,-15.384615384615387,54.83870967741935,41.935483870967744,-12.903225806451609,57.14285714285714,78.57142857142857,21.42857142857143,"[[21, 5, 0], [11, 17, 3], [2, 4, 8]]","[[17, 6, 3], [9, 13, 9], [3, 0, 11]]","[[-4, 1, 3], [-2, -4, 6], [1, -4, 3]]",-0.14413225091063978,-2.0604688752652476,31,15,10,15,1,138
module_masked__no_conv__tp08_L3_m0p08,module_ablation_masked,no_conv,tp08_L3_m0p08,3.0,-0.08,run2,fold03,71,66.19718309859155,54.929577464788736,-11.267605633802816,-,59.89601796053409,51.50064988774666,-8.395368072787427,-,60.04855889724311,50.438443235328364,-9.610115661914747,-,0.45896608905667236,0.30689344427152976,-0.1520726447851426,-,76.92307692307693,80.76923076923077,3.8461538461538396,74.19354838709677,45.16129032258064,-29.032258064516128,28.57142857142857,28.57142857142857,0.0,"[[20, 5, 1], [6, 23, 2], [5, 5, 4]]","[[21, 4, 1], [13, 14, 4], [7, 3, 4]]","[[1, -1, 0], [7, -9, 2], [2, -2, 0]]",-0.22083709294014167,-3.010143676959634,34,13,5,19,1,103
module_masked__no_conv__tp08_L3_m0p08,module_ablation_masked,no_conv,tp08_L3_m0p08,3.0,-0.08,run2,oof_pooled,214,66.35514018691589,56.074766355140184,-10.280373831775705,-,63.167019904463764,56.822674625859605,-6.344345278604159,-,63.678451178451176,55.118492618492624,-8.559958559958552,-,0.4688776054850157,0.3372957626698638,-0.13158184281515195,-,79.74683544303798,67.08860759493672,-12.658227848101262,64.51612903225806,46.236559139784944,-18.27956989247312,45.23809523809524,57.14285714285714,11.904761904761898,"[[63, 13, 3], [25, 60, 8], [9, 14, 19]]","[[53, 16, 10], [30, 43, 20], [14, 4, 24]]","[[-10, 3, 7], [5, -17, 12], [5, -10, 5]]",-0.170706810542425,-2.3163527017056715,95,47,25,47,3,441
data_no_lstm__tp08_L3_m0p08,data_ablation_no_module,no_lstm,tp08_L3_m0p08,3.0,-0.08,run1,fold01,327,75.22935779816514,75.22935779816514,0.0,0,72.98224857739544,72.98224857739544,0.0,0,74.65929369343549,74.65929369343549,0.0,0,0.5824277209957041,0.5824277209957041,0.0,0,76.11940298507463,76.11940298507463,0.0,76.97368421052632,76.97368421052632,0.0,65.85365853658537,65.85365853658537,0.0,"[[102, 30, 2], [31, 117, 4], [4, 10, 27]]","[[102, 30, 2], [31, 117, 4], [4, 10, 27]]","[[0, 0, 0], [0, 0, 0], [0, 0, 0]]",0.0,0.0,246,0,0,81,0,0
data_no_lstm__tp08_L3_m0p08,data_ablation_no_module,no_lstm,tp08_L3_m0p08,3.0,-0.08,run1,fold02,326,74.23312883435584,74.23312883435584,0.0,0,73.23841319717204,73.23841319717204,0.0,0,73.4197528076379,73.4197528076379,0.0,0,0.5692124265740279,0.5692124265740279,0.0,0,75.3731343283582,75.3731343283582,0.0,74.3421052631579,74.3421052631579,0.0,70.0,70.0,0.0,"[[101, 30, 3], [31, 113, 8], [5, 7, 28]]","[[101, 30, 3], [31, 113, 8], [5, 7, 28]]","[[0, 0, 0], [0, 0, 0], [0, 0, 0]]",0.0,0.0,242,0,0,84,0,0
data_no_lstm__tp08_L3_m0p08,data_ablation_no_module,no_lstm,tp08_L3_m0p08,3.0,-0.08,run1,fold03,326,77.91411042944786,77.91411042944786,0.0,0,77.18643623985336,77.18643623985336,0.0,0,76.36475294195755,76.36475294195755,0.0,0,0.6335414855138196,0.6335414855138196,0.0,0,77.61194029850746,77.61194029850746,0.0,78.94736842105263,78.94736842105263,0.0,75.0,75.0,0.0,"[[104, 23, 7], [25, 120, 7], [3, 7, 30]]","[[104, 23, 7], [25, 120, 7], [3, 7, 30]]","[[0, 0, 0], [0, 0, 0], [0, 0, 0]]",0.0,0.0,254,0,0,72,0,0
data_no_lstm__tp08_L3_m0p08,data_ablation_no_module,no_lstm,tp08_L3_m0p08,3.0,-0.08,run1,oof_pooled,979,75.79162410623084,75.79162410623084,0.0,0,74.4568263510633,74.4568263510633,0.0,0,74.79679148332708,74.79679148332708,0.0,0,0.5949564188779985,0.5949564188779985,0.0,0,76.3681592039801,76.3681592039801,0.0,76.75438596491229,76.75438596491229,0.0,70.24793388429752,70.24793388429752,0.0,"[[307, 83, 12], [87, 350, 19], [12, 24, 85]]","[[307, 83, 12], [87, 350, 19], [12, 24, 85]]","[[0, 0, 0], [0, 0, 0], [0, 0, 0]]",0.0,0.0,742,0,0,237,0,0
data_no_lstm__tp08_L3_m0p08,data_ablation_no_module,no_lstm,tp08_L3_m0p08,3.0,-0.08,run2,fold01,72,63.888888888888886,63.888888888888886,0.0,0,63.762303009614826,63.762303009614826,0.0,0,62.59259259259259,62.59259259259259,0.0,0,0.45896250049990833,0.45896250049990833,0.0,0,59.25925925925925,59.25925925925925,0.0,67.74193548387096,67.74193548387096,0.0,64.28571428571429,64.28571428571429,0.0,"[[16, 6, 5], [2, 21, 8], [0, 5, 9]]","[[16, 6, 5], [2, 21, 8], [0, 5, 9]]","[[0, 0, 0], [0, 0, 0], [0, 0, 0]]",0.0010489225387573242,0.0043274106250868905,46,0,0,26,1,200
data_no_lstm__tp08_L3_m0p08,data_ablation_no_module,no_lstm,tp08_L3_m0p08,3.0,-0.08,run2,fold02,71,56.33802816901409,56.33802816901409,0.0,0,53.73980857851826,53.73980857851826,0.0,0,55.29980107985223,55.29980107985223,0.0,0,0.2972806093565435,0.2972806093565435,0.0,0,53.84615384615385,53.84615384615385,0.0,64.51612903225806,64.51612903225806,0.0,42.857142857142854,42.857142857142854,0.0,"[[14, 11, 1], [9, 20, 2], [2, 6, 6]]","[[14, 11, 1], [9, 20, 2], [2, 6, 6]]","[[0, 0, 0], [0, 0, 0], [0, 0, 0]]",-0.0003847005501599379,-0.004994874426596602,40,0,0,31,1,138
data_no_lstm__tp08_L3_m0p08,data_ablation_no_module,no_lstm,tp08_L3_m0p08,3.0,-0.08,run2,fold03,71,67.6056338028169,67.6056338028169,0.0,0,63.58265390523455,63.58265390523455,0.0,0,63.48309568648551,63.5016835016835,0.018587815197989244,+,0.4934358082473687,0.49171810730384663,-0.0017177009435220825,-,76.92307692307693,76.92307692307693,0.0,70.96774193548387,70.96774193548387,0.0,42.857142857142854,42.857142857142854,0.0,"[[20, 4, 2], [4, 22, 5], [6, 2, 6]]","[[20, 4, 2], [4, 22, 5], [5, 3, 6]]","[[0, 0, 0], [0, 0, 0], [-1, 1, 0]]",-0.0016369079952915269,-0.07840756127532099,48,0,0,23,1,103
data_no_lstm__tp08_L3_m0p08,data_ablation_no_module,no_lstm,tp08_L3_m0p08,3.0,-0.08,run2,oof_pooled,214,62.616822429906534,62.616822429906534,0.0,0,60.344358241459105,60.344358241459105,0.0,0,60.31415748674011,60.34365375089135,0.02949626415124129,+,0.41329125049232496,0.4131655166889397,-0.00012573380338526396,-,63.29113924050633,63.29113924050633,0.0,67.74193548387096,67.74193548387096,0.0,50.0,50.0,0.0,"[[50, 21, 8], [15, 63, 15], [8, 13, 21]]","[[50, 21, 8], [15, 63, 15], [7, 14, 21]]","[[0, 0, 0], [0, 0, 0], [-1, 1, 0]]",-0.00031781207446975073,-0.026214950326307912,134,0,0,80,3,441
module_masked__no_lstm__tp08_L3_m0p08,module_ablation_masked,no_lstm,tp08_L3_m0p08,3.0,-0.08,run1,fold01,327,80.73394495412845,75.22935779816514,-5.504587155963307,-,76.63048684689517,72.98224857739544,-3.6482382694997284,-,79.0877721312504,74.65929369343549,-4.428478437814917,-,0.6743426700043699,0.5824277209957041,-0.09191494900866581,-,83.5820895522388,76.11940298507463,-7.46268656716417,82.89473684210526,76.97368421052632,-5.921052631578945,63.41463414634146,65.85365853658537,2.439024390243908,"[[112, 20, 2], [25, 126, 1], [5, 10, 26]]","[[102, 30, 2], [31, 117, 4], [4, 10, 27]]","[[-10, 10, 0], [6, -9, 3], [-1, 0, 1]]",-0.07549267121158873,-1.4851109309930821,221,43,25,38,0,0
module_masked__no_lstm__tp08_L3_m0p08,module_ablation_masked,no_lstm,tp08_L3_m0p08,3.0,-0.08,run1,fold02,326,81.59509202453987,74.23312883435584,-7.361963190184028,-,82.30361351139041,73.23841319717204,-9.065200314218373,-,82.11529042328695,73.4197528076379,-8.695537615649044,-,0.6929312561648969,0.5692124265740279,-0.123718829590869,-,78.35820895522389,75.3731343283582,-2.985074626865682,83.55263157894737,74.3421052631579,-9.210526315789465,85.0,70.0,-15.0,"[[105, 27, 2], [20, 127, 5], [2, 4, 34]]","[[101, 30, 3], [31, 113, 8], [5, 7, 28]]","[[-4, 3, 1], [11, -14, 3], [3, 3, -6]]",-0.08976334969217102,-2.396152596692183,212,54,30,30,0,0
module_masked__no_lstm__tp08_L3_m0p08,module_ablation_masked,no_lstm,tp08_L3_m0p08,3.0,-0.08,run1,fold03,326,84.04907975460122,77.91411042944786,-6.134969325153364,-,80.55053678973553,77.18643623985336,-3.364100549882167,-,82.96722819707497,76.36475294195755,-6.602475255117426,-,0.7301975910800922,0.6335414855138196,-0.09665610556627258,-,82.83582089552239,77.61194029850746,-5.223880597014926,88.81578947368422,78.94736842105263,-9.86842105263159,70.0,75.0,5.0,"[[111, 21, 2], [17, 135, 0], [4, 8, 28]]","[[104, 23, 7], [25, 120, 7], [3, 7, 30]]","[[-7, 2, 5], [8, -15, 7], [-1, -1, 2]]",-0.058484743137362856,1.080665877643127,230,44,24,28,0,0
module_masked__no_lstm__tp08_L3_m0p08,module_ablation_masked,no_lstm,tp08_L3_m0p08,3.0,-0.08,run1,oof_pooled,979,82.12461695607763,75.79162410623084,-6.332992849846789,-,79.80234394217112,74.4568263510633,-5.345517591107821,-,81.47172321467072,74.79679148332708,-6.674931731343634,-,0.6985628449866854,0.5949564188779985,-0.10360642610868687,-,81.59203980099502,76.3681592039801,-5.223880597014926,85.08771929824562,76.75438596491229,-8.333333333333329,72.72727272727273,70.24793388429752,-2.47933884297521,"[[328, 68, 6], [62, 388, 6], [11, 22, 88]]","[[307, 83, 12], [87, 350, 19], [12, 24, 85]]","[[-21, 15, 6], [25, -38, 13], [1, 2, -3]]",-0.0745811866686594,-0.9340959600048316,663,141,79,96,0,0
module_masked__no_lstm__tp08_L3_m0p08,module_ablation_masked,no_lstm,tp08_L3_m0p08,3.0,-0.08,run2,fold01,72,68.05555555555556,63.888888888888886,-4.166666666666671,-,65.33253683791318,63.762303009614826,-1.5702338282983561,-,65.406345067362,62.59259259259259,-2.8137524747694087,-,0.4986472162026336,0.45896250049990833,-0.03968471570272525,-,81.48148148148148,59.25925925925925,-22.22222222222223,64.51612903225806,67.74193548387096,3.225806451612897,50.0,64.28571428571429,14.285714285714292,"[[22, 3, 2], [8, 20, 3], [2, 5, 7]]","[[16, 6, 5], [2, 21, 8], [0, 5, 9]]","[[-6, 3, 3], [-6, 1, 5], [-2, 0, 2]]",-0.06298743545797454,-1.8420095755201247,39,10,7,16,1,200
module_masked__no_lstm__tp08_L3_m0p08,module_ablation_masked,no_lstm,tp08_L3_m0p08,3.0,-0.08,run2,fold02,71,64.7887323943662,56.33802816901409,-8.45070422535212,-,64.25026586316909,53.73980857851826,-10.510457284650833,-,64.54970760233918,55.29980107985223,-9.249906522486953,-,0.451797445189314,0.2972806093565435,-0.15451683583277048,-,80.76923076923077,53.84615384615385,-26.923076923076927,54.83870967741935,64.51612903225806,9.677419354838712,57.14285714285714,42.857142857142854,-14.285714285714285,"[[21, 5, 0], [11, 17, 3], [2, 4, 8]]","[[14, 11, 1], [9, 20, 2], [2, 6, 6]]","[[-7, 6, 1], [-2, 3, -1], [0, 2, -2]]",-0.24007665873915826,-2.312893562038547,30,16,10,15,1,138
module_masked__no_lstm__tp08_L3_m0p08,module_ablation_masked,no_lstm,tp08_L3_m0p08,3.0,-0.08,run2,fold03,71,66.19718309859155,67.6056338028169,1.408450704225345,+,59.89601796053409,63.58265390523455,3.6866359447004626,+,60.04855889724311,63.5016835016835,3.45312460444039,+,0.45896608905667236,0.49171810730384663,0.032752018247174275,+,76.92307692307693,76.92307692307693,0.0,74.19354838709677,70.96774193548387,-3.225806451612897,28.57142857142857,42.857142857142854,14.285714285714285,"[[20, 5, 1], [6, 23, 2], [5, 5, 4]]","[[20, 4, 2], [4, 22, 5], [5, 3, 6]]","[[0, -1, 1], [-2, -1, 3], [0, -2, 2]]",-0.07125626782400454,-2.731721833977901,40,7,8,16,1,103
module_masked__no_lstm__tp08_L3_m0p08,module_ablation_masked,no_lstm,tp08_L3_m0p08,3.0,-0.08,run2,oof_pooled,214,66.35514018691589,62.616822429906534,-3.738317757009355,-,63.167019904463764,60.344358241459105,-2.8226616630046593,-,63.678451178451176,60.34365375089135,-3.3347974275598276,-,0.4688776054850157,0.4131655166889397,-0.05571208879607603,-,79.74683544303798,63.29113924050633,-16.455696202531648,64.51612903225806,67.74193548387096,3.225806451612897,45.23809523809524,50.0,4.761904761904759,"[[63, 13, 3], [25, 60, 8], [9, 14, 19]]","[[50, 21, 8], [15, 63, 15], [7, 14, 21]]","[[-13, 8, 5], [-10, 3, 7], [-2, 0, 2]]",-0.12448473429419965,-2.2934223483860596,109,33,25,47,3,441
data_no_attention__tp08_L3_m0p08,data_ablation_no_module,no_attention,tp08_L3_m0p08,3.0,-0.08,run1,fold01,327,81.9571865443425,81.9571865443425,0.0,0,79.91197734051183,79.91197734051183,0.0,0,82.01435063589545,82.01435063589545,0.0,0,0.6962494375241386,0.6962494375241386,0.0,0,84.32835820895522,84.32835820895522,0.0,82.23684210526315,82.23684210526315,0.0,73.17073170731707,73.17073170731707,0.0,"[[113, 19, 2], [27, 125, 0], [2, 9, 30]]","[[113, 19, 2], [27, 125, 0], [2, 9, 30]]","[[0, 0, 0], [0, 0, 0], [0, 0, 0]]",0.0,0.0,268,0,0,59,0,0
data_no_attention__tp08_L3_m0p08,data_ablation_no_module,no_attention,tp08_L3_m0p08,3.0,-0.08,run1,fold02,326,81.90184049079755,81.90184049079755,0.0,0,79.51165226499084,79.51165226499084,0.0,0,80.47822307750707,80.47822307750707,0.0,0,0.6958625448093783,0.6958625448093783,0.0,0,79.8507462686567,79.8507462686567,0.0,86.18421052631578,86.18421052631578,0.0,72.5,72.5,0.0,"[[107, 24, 3], [17, 131, 4], [4, 7, 29]]","[[107, 24, 3], [17, 131, 4], [4, 7, 29]]","[[0, 0, 0], [0, 0, 0], [0, 0, 0]]",0.0,0.0,267,0,0,59,0,0
data_no_attention__tp08_L3_m0p08,data_ablation_no_module,no_attention,tp08_L3_m0p08,3.0,-0.08,run1,fold03,326,84.3558282208589,84.3558282208589,0.0,0,83.89892642052894,83.89892642052894,0.0,0,83.66469909688912,83.66469909688912,0.0,0,0.7390486456524588,0.7390486456524588,0.0,0,84.32835820895522,84.32835820895522,0.0,84.86842105263158,84.86842105263158,0.0,82.5,82.5,0.0,"[[113, 20, 1], [16, 129, 7], [4, 3, 33]]","[[113, 20, 1], [16, 129, 7], [4, 3, 33]]","[[0, 0, 0], [0, 0, 0], [0, 0, 0]]",0.0,0.0,275,0,0,51,0,0
data_no_attention__tp08_L3_m0p08,data_ablation_no_module,no_attention,tp08_L3_m0p08,3.0,-0.08,run1,oof_pooled,979,82.73748723186925,82.73748723186925,0.0,0,81.09956776938853,81.09956776938853,0.0,0,82.05217929651486,82.05217929651486,0.0,0,0.7100686691507885,0.7100686691507885,0.0,0,82.83582089552239,82.83582089552239,0.0,84.4298245614035,84.4298245614035,0.0,76.03305785123968,76.03305785123968,0.0,"[[333, 63, 6], [60, 385, 11], [10, 19, 92]]","[[333, 63, 6], [60, 385, 11], [10, 19, 92]]","[[0, 0, 0], [0, 0, 0], [0, 0, 0]]",0.0,0.0,810,0,0,169,0,0
data_no_attention__tp08_L3_m0p08,data_ablation_no_module,no_attention,tp08_L3_m0p08,3.0,-0.08,run2,fold01,72,58.333333333333336,59.72222222222222,1.3888888888888857,+,55.384877965523124,56.46014678272743,1.0752688172043037,+,55.707282913165265,56.90418679549115,1.1969038823258842,+,0.3440986103748549,0.36384550732954973,0.019746896954694837,+,55.55555555555556,55.55555555555556,0.0,67.74193548387096,70.96774193548387,3.225806451612911,42.857142857142854,42.857142857142854,0.0,"[[15, 9, 3], [5, 21, 5], [1, 7, 6]]","[[15, 9, 3], [5, 22, 4], [1, 7, 6]]","[[0, 0, 0], [0, 1, -1], [0, 0, 0]]",0.005477966533766853,0.02495496388938692,42,0,1,29,1,200
data_no_attention__tp08_L3_m0p08,data_ablation_no_module,no_attention,tp08_L3_m0p08,3.0,-0.08,run2,fold02,71,63.38028169014085,63.38028169014085,0.0,0,68.66950254047029,68.66950254047029,0.0,0,63.681341719077565,63.84783638712022,0.16649466804265245,+,0.4690406293950227,0.4653833925186483,-0.0036572368763744256,-,61.53846153846154,61.53846153846154,0.0,51.61290322580645,51.61290322580645,0.0,92.85714285714286,92.85714285714286,0.0,"[[16, 6, 4], [7, 16, 8], [1, 0, 13]]","[[16, 6, 4], [8, 16, 7], [1, 0, 13]]","[[0, 0, 0], [1, 0, -1], [0, 0, 0]]",-0.0015394104723359494,-0.01696212044064428,45,0,0,26,1,138
data_no_attention__tp08_L3_m0p08,data_ablation_no_module,no_attention,tp08_L3_m0p08,3.0,-0.08,run2,fold03,71,56.33802816901409,56.33802816901409,0.0,0,51.74878884556304,51.74878884556304,0.0,0,51.7458781609725,51.7458781609725,0.0,0,0.30795014030702567,0.30795014030702567,0.0,0,65.38461538461539,65.38461538461539,0.0,61.29032258064516,61.29032258064516,0.0,28.57142857142857,28.57142857142857,0.0,"[[17, 7, 2], [6, 19, 6], [4, 6, 4]]","[[17, 7, 2], [6, 19, 6], [4, 6, 4]]","[[0, 0, 0], [0, 0, 0], [0, 0, 0]]",-0.00031523520420436617,-0.059962324693169394,40,0,0,31,1,103
data_no_attention__tp08_L3_m0p08,data_ablation_no_module,no_attention,tp08_L3_m0p08,3.0,-0.08,run2,oof_pooled,214,59.345794392523366,59.813084112149525,0.46728971962615873,+,58.5788173987439,58.937240337812,0.35842293906809886,+,57.96936324972884,58.442988969304764,0.4736257195759208,+,0.36980374236342506,0.37489233291167223,0.005088590548247174,+,60.75949367088608,60.75949367088608,0.0,60.215053763440864,61.29032258064516,1.0752688172042966,54.761904761904766,54.761904761904766,0.0,"[[48, 22, 9], [18, 56, 19], [6, 13, 23]]","[[48, 22, 9], [19, 57, 17], [6, 13, 23]]","[[0, 0, 0], [1, 1, -2], [0, 0, 0]]",0.0012277277915740698,-0.017125599086284637,127,0,1,86,3,441
module_masked__no_attention__tp08_L3_m0p08,module_ablation_masked,no_attention,tp08_L3_m0p08,3.0,-0.08,run1,fold01,327,80.73394495412845,81.9571865443425,1.2232415902140588,+,76.63048684689517,79.91197734051183,3.2814904936166585,+,79.0877721312504,82.01435063589545,2.9265785046450503,+,0.6743426700043699,0.6962494375241386,0.02190676751976872,+,83.5820895522388,84.32835820895522,0.7462686567164241,82.89473684210526,82.23684210526315,-0.6578947368421098,63.41463414634146,73.17073170731707,9.756097560975611,"[[112, 20, 2], [25, 126, 1], [5, 10, 26]]","[[113, 19, 2], [27, 125, 0], [2, 9, 30]]","[[1, -1, 0], [2, -1, -1], [-3, -1, 4]]",-0.006360496992112356,0.5181281323792464,235,29,33,30,0,0
module_masked__no_attention__tp08_L3_m0p08,module_ablation_masked,no_attention,tp08_L3_m0p08,3.0,-0.08,run1,fold02,326,81.59509202453987,81.90184049079755,0.30674846625768737,+,82.30361351139041,79.51165226499084,-2.791961246399566,-,82.11529042328695,80.47822307750707,-1.637067345779883,-,0.6929312561648969,0.6958625448093783,0.0029312886444813335,+,78.35820895522389,79.8507462686567,1.4925373134328197,83.55263157894737,86.18421052631578,2.6315789473684106,85.0,72.5,-12.5,"[[105, 27, 2], [20, 127, 5], [2, 4, 34]]","[[107, 24, 3], [17, 131, 4], [4, 7, 29]]","[[2, -3, 1], [-3, 4, -1], [2, 3, -5]]",-0.0027604491076895217,1.9776550132861257,232,34,35,25,0,0
module_masked__no_attention__tp08_L3_m0p08,module_ablation_masked,no_attention,tp08_L3_m0p08,3.0,-0.08,run1,fold03,326,84.04907975460122,84.3558282208589,0.30674846625767316,+,80.55053678973553,83.89892642052894,3.348389630793406,+,82.96722819707497,83.66469909688912,0.6974708998141494,+,0.7301975910800922,0.7390486456524588,0.008851054572366568,+,82.83582089552239,84.32835820895522,1.492537313432834,88.81578947368422,84.86842105263158,-3.9473684210526443,70.0,82.5,12.5,"[[111, 21, 2], [17, 135, 0], [4, 8, 28]]","[[113, 20, 1], [16, 129, 7], [4, 3, 33]]","[[2, -1, -1], [-1, -6, 7], [0, -5, 5]]",-0.008201798213698952,0.9643015484925519,244,30,31,21,0,0
module_masked__no_attention__tp08_L3_m0p08,module_ablation_masked,no_attention,tp08_L3_m0p08,3.0,-0.08,run1,oof_pooled,979,82.12461695607763,82.73748723186925,0.6128702757916216,+,79.80234394217112,81.09956776938853,1.2972238272174081,+,81.47172321467072,82.05217929651486,0.5804560818441473,+,0.6985628449866854,0.7100686691507885,0.011505824164103062,+,81.59203980099502,82.83582089552239,1.243781094527364,85.08771929824562,84.4298245614035,-0.6578947368421098,72.72727272727273,76.03305785123968,3.305785123966942,"[[328, 68, 6], [62, 388, 6], [11, 22, 88]]","[[333, 63, 6], [60, 385, 11], [10, 19, 92]]","[[5, -5, 0], [-2, -3, 5], [-1, -3, 4]]",-0.005774846928695997,1.1527127052378576,711,93,99,76,0,0
module_masked__no_attention__tp08_L3_m0p08,module_ablation_masked,no_attention,tp08_L3_m0p08,3.0,-0.08,run2,fold01,72,68.05555555555556,59.72222222222222,-8.333333333333336,-,65.33253683791318,56.46014678272743,-8.872390055185754,-,65.406345067362,56.90418679549115,-8.502158271870847,-,0.4986472162026336,0.36384550732954973,-0.13480170887308385,-,81.48148148148148,55.55555555555556,-25.925925925925924,64.51612903225806,70.96774193548387,6.451612903225808,50.0,42.857142857142854,-7.142857142857146,"[[22, 3, 2], [8, 20, 3], [2, 5, 7]]","[[15, 9, 3], [5, 22, 4], [1, 7, 6]]","[[-7, 6, 1], [-3, 2, 1], [-1, 2, -1]]",-0.1340958581634229,-2.1558316334008447,37,12,6,17,1,200
module_masked__no_attention__tp08_L3_m0p08,module_ablation_masked,no_attention,tp08_L3_m0p08,3.0,-0.08,run2,fold02,71,64.7887323943662,63.38028169014085,-1.4084507042253591,-,64.25026586316909,68.66950254047029,4.4192366773012,+,64.54970760233918,63.84783638712022,-0.701871215218965,-,0.451797445189314,0.4653833925186483,0.013585947329334325,+,80.76923076923077,61.53846153846154,-19.230769230769234,54.83870967741935,51.61290322580645,-3.225806451612904,57.14285714285714,92.85714285714286,35.71428571428572,"[[21, 5, 0], [11, 17, 3], [2, 4, 8]]","[[16, 6, 4], [8, 16, 7], [1, 0, 13]]","[[-5, 1, 4], [-3, -1, 4], [-1, -4, 5]]",-0.07227092840448006,-1.5315129863127777,33,13,12,13,1,138
module_masked__no_attention__tp08_L3_m0p08,module_ablation_masked,no_attention,tp08_L3_m0p08,3.0,-0.08,run2,fold03,71,66.19718309859155,56.33802816901409,-9.859154929577464,-,59.89601796053409,51.74878884556304,-8.147229114971047,-,60.04855889724311,51.7458781609725,-8.30268073627061,-,0.45896608905667236,0.30795014030702567,-0.1510159487496467,-,76.92307692307693,65.38461538461539,-11.538461538461547,74.19354838709677,61.29032258064516,-12.903225806451609,28.57142857142857,28.57142857142857,0.0,"[[20, 5, 1], [6, 23, 2], [5, 5, 4]]","[[17, 7, 2], [6, 19, 6], [4, 6, 4]]","[[-3, 2, 1], [0, -4, 4], [-1, 1, 0]]",-0.18890874960534182,-3.8596500994139156,35,12,5,19,1,103
module_masked__no_attention__tp08_L3_m0p08,module_ablation_masked,no_attention,tp08_L3_m0p08,3.0,-0.08,run2,oof_pooled,214,66.35514018691589,59.813084112149525,-6.542056074766364,-,63.167019904463764,58.937240337812,-4.229779566651764,-,63.678451178451176,58.442988969304764,-5.235462209146412,-,0.4688776054850157,0.37489233291167223,-0.09398527257334349,-,79.74683544303798,60.75949367088608,-18.9873417721519,64.51612903225806,61.29032258064516,-3.225806451612904,45.23809523809524,54.761904761904766,9.523809523809526,"[[63, 13, 3], [25, 60, 8], [9, 14, 19]]","[[48, 22, 9], [19, 57, 17], [6, 13, 23]]","[[-15, 9, 6], [-6, -3, 9], [-3, -1, 4]]",-0.13176943423581214,-2.5139834424834393,105,37,23,49,3,441
data_full__tp09_L3_p0p42,data_ablation_full,,tp09_L3_p0p42,3.0,0.42,run1,fold01,327,80.73394495412845,80.73394495412845,0.0,0,76.63048684689517,76.63048684689517,0.0,0,79.0877721312504,79.0877721312504,0.0,0,0.6743426700043699,0.6743426700043699,0.0,0,83.5820895522388,83.5820895522388,0.0,82.89473684210526,82.89473684210526,0.0,63.41463414634146,63.41463414634146,0.0,"[[112, 20, 2], [25, 126, 1], [5, 10, 26]]","[[112, 20, 2], [25, 126, 1], [5, 10, 26]]","[[0, 0, 0], [0, 0, 0], [0, 0, 0]]",0.0,0.0,264,0,0,63,0,0
data_full__tp09_L3_p0p42,data_ablation_full,,tp09_L3_p0p42,3.0,0.42,run1,fold02,326,81.59509202453987,81.59509202453987,0.0,0,82.30361351139041,82.30361351139041,0.0,0,82.11529042328695,82.11529042328695,0.0,0,0.6929312561648969,0.6929312561648969,0.0,0,78.35820895522389,78.35820895522389,0.0,83.55263157894737,83.55263157894737,0.0,85.0,85.0,0.0,"[[105, 27, 2], [20, 127, 5], [2, 4, 34]]","[[105, 27, 2], [20, 127, 5], [2, 4, 34]]","[[0, 0, 0], [0, 0, 0], [0, 0, 0]]",0.0,0.0,266,0,0,60,0,0
data_full__tp09_L3_p0p42,data_ablation_full,,tp09_L3_p0p42,3.0,0.42,run1,fold03,326,84.04907975460122,84.04907975460122,0.0,0,80.55053678973553,80.55053678973553,0.0,0,82.96722819707497,82.96722819707497,0.0,0,0.7301975910800922,0.7301975910800922,0.0,0,82.83582089552239,82.83582089552239,0.0,88.81578947368422,88.81578947368422,0.0,70.0,70.0,0.0,"[[111, 21, 2], [17, 135, 0], [4, 8, 28]]","[[111, 21, 2], [17, 135, 0], [4, 8, 28]]","[[0, 0, 0], [0, 0, 0], [0, 0, 0]]",0.0,0.0,274,0,0,52,0,0
data_full__tp09_L3_p0p42,data_ablation_full,,tp09_L3_p0p42,3.0,0.42,run1,oof_pooled,979,82.12461695607763,82.12461695607763,0.0,0,79.80234394217112,79.80234394217112,0.0,0,81.47172321467072,81.47172321467072,0.0,0,0.6985628449866854,0.6985628449866854,0.0,0,81.59203980099502,81.59203980099502,0.0,85.08771929824562,85.08771929824562,0.0,72.72727272727273,72.72727272727273,0.0,"[[328, 68, 6], [62, 388, 6], [11, 22, 88]]","[[328, 68, 6], [62, 388, 6], [11, 22, 88]]","[[0, 0, 0], [0, 0, 0], [0, 0, 0]]",0.0,0.0,804,0,0,175,0,0
data_full__tp09_L3_p0p42,data_ablation_full,,tp09_L3_p0p42,3.0,0.42,run2,fold01,72,69.44444444444444,69.44444444444444,0.0,0,66.40780565511749,66.40780565511749,0.0,0,66.85875706214689,66.85875706214689,0.0,0,0.5182264323917611,0.5182264323917611,0.0,0,81.48148148148148,81.48148148148148,0.0,67.74193548387096,67.74193548387096,0.0,50.0,50.0,0.0,"[[22, 3, 2], [8, 21, 2], [2, 5, 7]]","[[22, 3, 2], [8, 21, 2], [2, 5, 7]]","[[0, 0, 0], [0, 0, 0], [0, 0, 0]]",0.0,0.0,50,0,0,22,0,0
data_full__tp09_L3_p0p42,data_ablation_full,,tp09_L3_p0p42,3.0,0.42,run2,fold02,71,66.19718309859155,66.19718309859155,0.0,0,65.3255346803734,65.3255346803734,0.0,0,65.75180206506916,65.75180206506916,0.0,0,0.47169889043248636,0.47169889043248636,0.0,0,80.76923076923077,80.76923076923077,0.0,58.06451612903226,58.06451612903226,0.0,57.14285714285714,57.14285714285714,0.0,"[[21, 5, 0], [10, 18, 3], [2, 4, 8]]","[[21, 5, 0], [10, 18, 3], [2, 4, 8]]","[[0, 0, 0], [0, 0, 0], [0, 0, 0]]",0.0,0.0,47,0,0,24,0,0
data_full__tp09_L3_p0p42,data_ablation_full,,tp09_L3_p0p42,3.0,0.42,run2,fold03,71,66.19718309859155,66.19718309859155,0.0,0,59.89601796053409,59.89601796053409,0.0,0,60.04855889724311,60.04855889724311,0.0,0,0.45896608905667236,0.45896608905667236,0.0,0,76.92307692307693,76.92307692307693,0.0,74.19354838709677,74.19354838709677,0.0,28.57142857142857,28.57142857142857,0.0,"[[20, 5, 1], [6, 23, 2], [5, 5, 4]]","[[20, 5, 1], [6, 23, 2], [5, 5, 4]]","[[0, 0, 0], [0, 0, 0], [0, 0, 0]]",0.0,0.0,47,0,0,24,0,0
data_full__tp09_L3_p0p42,data_ablation_full,,tp09_L3_p0p42,3.0,0.42,run2,oof_pooled,214,67.28971962616822,67.28971962616822,0.0,0,63.883865782599955,63.883865782599955,0.0,0,64.55099829747716,64.55099829747716,0.0,0,0.4824688400261222,0.4824688400261222,0.0,0,79.74683544303798,79.74683544303798,0.0,66.66666666666666,66.66666666666666,0.0,45.23809523809524,45.23809523809524,0.0,"[[63, 13, 3], [24, 62, 7], [9, 14, 19]]","[[63, 13, 3], [24, 62, 7], [9, 14, 19]]","[[0, 0, 0], [0, 0, 0], [0, 0, 0]]",0.0,0.0,144,0,0,70,0,0
data_no_conv__tp09_L3_p0p42,data_ablation_no_module,no_conv,tp09_L3_p0p42,3.0,0.42,run1,fold01,327,79.20489296636084,79.20489296636084,0.0,0,77.82046123681977,77.82046123681977,0.0,0,79.390186562109,79.390186562109,0.0,0,0.6509524121737486,0.6509524121737486,0.0,0,81.34328358208955,81.34328358208955,0.0,78.94736842105263,78.94736842105263,0.0,73.17073170731707,73.17073170731707,0.0,"[[109, 24, 1], [29, 120, 3], [5, 6, 30]]","[[109, 24, 1], [29, 120, 3], [5, 6, 30]]","[[0, 0, 0], [0, 0, 0], [0, 0, 0]]",0.0,0.0,259,0,0,68,0,0
data_no_conv__tp09_L3_p0p42,data_ablation_no_module,no_conv,tp09_L3_p0p42,3.0,0.42,run1,fold02,326,80.06134969325154,80.06134969325154,0.0,0,78.89827179890023,78.89827179890023,0.0,0,78.65140888396702,78.65140888396702,0.0,0,0.667755761900005,0.667755761900005,0.0,0,82.08955223880598,82.08955223880598,0.0,79.60526315789474,79.60526315789474,0.0,75.0,75.0,0.0,"[[110, 22, 2], [22, 121, 9], [4, 6, 30]]","[[110, 22, 2], [22, 121, 9], [4, 6, 30]]","[[0, 0, 0], [0, 0, 0], [0, 0, 0]]",0.0,0.0,261,0,0,65,0,0
data_no_conv__tp09_L3_p0p42,data_ablation_no_module,no_conv,tp09_L3_p0p42,3.0,0.42,run1,fold03,326,77.60736196319019,77.60736196319019,0.0,0,80.15514532600157,80.15514532600157,0.0,0,76.45264363658288,76.45264363658288,0.0,0,0.6403712014169086,0.6403712014169086,0.0,0,80.59701492537313,80.59701492537313,0.0,72.36842105263158,72.36842105263158,0.0,87.5,87.5,0.0,"[[108, 18, 8], [28, 110, 14], [0, 5, 35]]","[[108, 18, 8], [28, 110, 14], [0, 5, 35]]","[[0, 0, 0], [0, 0, 0], [0, 0, 0]]",0.0,0.0,253,0,0,73,0,0
data_no_conv__tp09_L3_p0p42,data_ablation_no_module,no_conv,tp09_L3_p0p42,3.0,0.42,run1,oof_pooled,979,78.95812053115424,78.95812053115424,0.0,0,78.94312149561026,78.94312149561026,0.0,0,78.0672759638754,78.0672759638754,0.0,0,0.6519762827892167,0.6519762827892167,0.0,0,81.34328358208955,81.34328358208955,0.0,76.97368421052632,76.97368421052632,0.0,78.51239669421489,78.51239669421489,0.0,"[[327, 64, 11], [79, 351, 26], [9, 17, 95]]","[[327, 64, 11], [79, 351, 26], [9, 17, 95]]","[[0, 0, 0], [0, 0, 0], [0, 0, 0]]",0.0,0.0,773,0,0,206,0,0
data_no_conv__tp09_L3_p0p42,data_ablation_no_module,no_conv,tp09_L3_p0p42,3.0,0.42,run2,fold01,72,55.55555555555556,55.55555555555556,0.0,0,57.151391022358766,57.151391022358766,0.0,0,54.93827160493828,54.93827160493828,0.0,0,0.3353881275042346,0.3353881275042346,0.0,0,55.55555555555556,55.55555555555556,0.0,51.61290322580645,51.61290322580645,0.0,64.28571428571429,64.28571428571429,0.0,"[[15, 6, 6], [8, 16, 7], [4, 1, 9]]","[[15, 6, 6], [8, 16, 7], [4, 1, 9]]","[[0, 0, 0], [0, 0, 0], [0, 0, 0]]",0.0,0.0,40,0,0,32,0,0
data_no_conv__tp09_L3_p0p42,data_ablation_no_module,no_conv,tp09_L3_p0p42,3.0,0.42,run2,fold02,71,56.33802816901409,56.33802816901409,0.0,0,60.888573791799594,60.888573791799594,0.0,0,56.23083683234059,56.23083683234059,0.0,0,0.3663549852444777,0.3663549852444777,0.0,0,65.38461538461539,65.38461538461539,0.0,38.70967741935484,38.70967741935484,0.0,78.57142857142857,78.57142857142857,0.0,"[[17, 6, 3], [9, 12, 10], [3, 0, 11]]","[[17, 6, 3], [9, 12, 10], [3, 0, 11]]","[[0, 0, 0], [0, 0, 0], [0, 0, 0]]",0.0,0.0,40,0,0,31,0,0
data_no_conv__tp09_L3_p0p42,data_ablation_no_module,no_conv,tp09_L3_p0p42,3.0,0.42,run2,fold03,71,54.929577464788736,54.929577464788736,0.0,0,51.50064988774666,51.50064988774666,0.0,0,50.483091787439605,50.483091787439605,0.0,0,0.3108593378795985,0.3108593378795985,0.0,0,80.76923076923077,80.76923076923077,0.0,45.16129032258064,45.16129032258064,0.0,28.57142857142857,28.57142857142857,0.0,"[[21, 4, 1], [13, 14, 4], [8, 2, 4]]","[[21, 4, 1], [13, 14, 4], [8, 2, 4]]","[[0, 0, 0], [0, 0, 0], [0, 0, 0]]",0.0,0.0,39,0,0,32,0,0
data_no_conv__tp09_L3_p0p42,data_ablation_no_module,no_conv,tp09_L3_p0p42,3.0,0.42,run2,oof_pooled,214,55.60747663551402,55.60747663551402,0.0,0,56.4642516867915,56.4642516867915,0.0,0,54.638998759215426,54.638998759215426,0.0,0,0.33252990827619394,0.33252990827619394,0.0,0,67.08860759493672,67.08860759493672,0.0,45.16129032258064,45.16129032258064,0.0,57.14285714285714,57.14285714285714,0.0,"[[53, 16, 10], [30, 42, 21], [15, 3, 24]]","[[53, 16, 10], [30, 42, 21], [15, 3, 24]]","[[0, 0, 0], [0, 0, 0], [0, 0, 0]]",0.0,0.0,119,0,0,95,0,0
module_masked__no_conv__tp09_L3_p0p42,module_ablation_masked,no_conv,tp09_L3_p0p42,3.0,0.42,run1,fold01,327,80.73394495412845,79.20489296636084,-1.5290519877676019,-,76.63048684689517,77.82046123681977,1.1899743899246005,+,79.0877721312504,79.390186562109,0.3024144308585903,+,0.6743426700043699,0.6509524121737486,-0.02339025783062132,-,83.5820895522388,81.34328358208955,-2.2388059701492438,82.89473684210526,78.94736842105263,-3.94736842105263,63.41463414634146,73.17073170731707,9.756097560975611,"[[112, 20, 2], [25, 126, 1], [5, 10, 26]]","[[109, 24, 1], [29, 120, 3], [5, 6, 30]]","[[-3, 4, -1], [4, -6, 2], [0, -4, 4]]",-0.014914479366229506,0.21637581551977253,235,29,24,39,0,0
module_masked__no_conv__tp09_L3_p0p42,module_ablation_masked,no_conv,tp09_L3_p0p42,3.0,0.42,run1,fold02,326,81.59509202453987,80.06134969325154,-1.5337423312883232,-,82.30361351139041,78.89827179890023,-3.405341712490184,-,82.11529042328695,78.65140888396702,-3.463881539319928,-,0.6929312561648969,0.667755761900005,-0.025175494264891962,-,78.35820895522389,82.08955223880598,3.731343283582092,83.55263157894737,79.60526315789474,-3.94736842105263,85.0,75.0,-10.0,"[[105, 27, 2], [20, 127, 5], [2, 4, 34]]","[[110, 22, 2], [22, 121, 9], [4, 6, 30]]","[[5, -5, 0], [2, -6, 4], [2, 2, -4]]",-0.036069942233845104,-1.4115402099213625,228,38,33,27,0,0
module_masked__no_conv__tp09_L3_p0p42,module_ablation_masked,no_conv,tp09_L3_p0p42,3.0,0.42,run1,fold03,326,84.04907975460122,77.60736196319019,-6.441717791411037,-,80.55053678973553,80.15514532600157,-0.39539146373395795,-,82.96722819707497,76.45264363658288,-6.514584560492096,-,0.7301975910800922,0.6403712014169086,-0.08982638966318357,-,82.83582089552239,80.59701492537313,-2.238805970149258,88.81578947368422,72.36842105263158,-16.447368421052644,70.0,87.5,17.5,"[[111, 21, 2], [17, 135, 0], [4, 8, 28]]","[[108, 18, 8], [28, 110, 14], [0, 5, 35]]","[[-3, -3, 6], [11, -25, 14], [-4, -3, 7]]",-0.09484218149815106,-2.4160543753668393,224,50,29,23,0,0
module_masked__no_conv__tp09_L3_p0p42,module_ablation_masked,no_conv,tp09_L3_p0p42,3.0,0.42,run1,oof_pooled,979,82.12461695607763,78.95812053115424,-3.1664964249233947,-,79.80234394217112,78.94312149561026,-0.8592224465608638,-,81.47172321467072,78.0672759638754,-3.4044472507953145,-,0.6985628449866854,0.6519762827892167,-0.046586562197468706,-,81.59203980099502,81.34328358208955,-0.24875621890546995,85.08771929824562,76.97368421052632,-8.114035087719301,72.72727272727273,78.51239669421489,5.785123966942152,"[[328, 68, 6], [62, 388, 6], [11, 22, 88]]","[[327, 64, 11], [79, 351, 26], [9, 17, 95]]","[[-1, -4, 5], [17, -37, 20], [-2, -5, 7]]",-0.04857445055095791,-1.2022890123891605,687,117,86,89,0,0
module_masked__no_conv__tp09_L3_p0p42,module_ablation_masked,no_conv,tp09_L3_p0p42,3.0,0.42,run2,fold01,72,69.44444444444444,55.55555555555556,-13.888888888888886,-,66.40780565511749,57.151391022358766,-9.25641463275872,-,66.85875706214689,54.93827160493828,-11.920485457208613,-,0.5182264323917611,0.3353881275042346,-0.18283830488752656,-,81.48148148148148,55.55555555555556,-25.925925925925924,67.74193548387096,51.61290322580645,-16.129032258064512,50.0,64.28571428571429,14.285714285714292,"[[22, 3, 2], [8, 21, 2], [2, 5, 7]]","[[15, 6, 6], [8, 16, 7], [4, 1, 9]]","[[-7, 3, 4], [0, -5, 5], [2, -4, 2]]",-0.15886324670933996,-2.001865846292478,30,20,10,12,0,0
module_masked__no_conv__tp09_L3_p0p42,module_ablation_masked,no_conv,tp09_L3_p0p42,3.0,0.42,run2,fold02,71,66.19718309859155,56.33802816901409,-9.859154929577464,-,65.3255346803734,60.888573791799594,-4.4369608885738,-,65.75180206506916,56.23083683234059,-9.520965232728564,-,0.47169889043248636,0.3663549852444777,-0.10534390518800868,-,80.76923076923077,65.38461538461539,-15.384615384615387,58.06451612903226,38.70967741935484,-19.354838709677423,57.14285714285714,78.57142857142857,21.42857142857143,"[[21, 5, 0], [10, 18, 3], [2, 4, 8]]","[[17, 6, 3], [9, 12, 10], [3, 0, 11]]","[[-4, 1, 3], [-1, -6, 7], [1, -4, 3]]",-0.16871155993689793,-2.424719557034927,31,16,9,15,0,0
module_masked__no_conv__tp09_L3_p0p42,module_ablation_masked,no_conv,tp09_L3_p0p42,3.0,0.42,run2,fold03,71,66.19718309859155,54.929577464788736,-11.267605633802816,-,59.89601796053409,51.50064988774666,-8.395368072787427,-,60.04855889724311,50.483091787439605,-9.565467109803507,-,0.45896608905667236,0.3108593378795985,-0.14810675117707384,-,76.92307692307693,80.76923076923077,3.8461538461538396,74.19354838709677,45.16129032258064,-29.032258064516128,28.57142857142857,28.57142857142857,0.0,"[[20, 5, 1], [6, 23, 2], [5, 5, 4]]","[[21, 4, 1], [13, 14, 4], [8, 2, 4]]","[[1, -1, 0], [7, -9, 2], [3, -3, 0]]",-0.21893926014955578,-2.944153240714616,34,13,5,19,0,0
module_masked__no_conv__tp09_L3_p0p42,module_ablation_masked,no_conv,tp09_L3_p0p42,3.0,0.42,run2,oof_pooled,214,67.28971962616822,55.60747663551402,-11.682242990654203,-,63.883865782599955,56.4642516867915,-7.4196140958084555,-,64.55099829747716,54.638998759215426,-9.911999538261739,-,0.4824688400261222,0.33252990827619394,-0.14993893174992828,-,79.74683544303798,67.08860759493672,-12.658227848101262,66.66666666666666,45.16129032258064,-21.505376344086017,45.23809523809524,57.14285714285714,11.904761904761898,"[[63, 13, 3], [24, 62, 7], [9, 14, 19]]","[[53, 16, 10], [30, 42, 21], [15, 3, 24]]","[[-10, 3, 7], [6, -20, 14], [6, -11, 5]]",-0.18206243920191914,-2.4547864933330654,95,49,24,46,0,0
data_no_lstm__tp09_L3_p0p42,data_ablation_no_module,no_lstm,tp09_L3_p0p42,3.0,0.42,run1,fold01,327,75.22935779816514,75.22935779816514,0.0,0,72.98224857739544,72.98224857739544,0.0,0,74.65929369343549,74.65929369343549,0.0,0,0.5824277209957041,0.5824277209957041,0.0,0,76.11940298507463,76.11940298507463,0.0,76.97368421052632,76.97368421052632,0.0,65.85365853658537,65.85365853658537,0.0,"[[102, 30, 2], [31, 117, 4], [4, 10, 27]]","[[102, 30, 2], [31, 117, 4], [4, 10, 27]]","[[0, 0, 0], [0, 0, 0], [0, 0, 0]]",0.0,0.0,246,0,0,81,0,0
data_no_lstm__tp09_L3_p0p42,data_ablation_no_module,no_lstm,tp09_L3_p0p42,3.0,0.42,run1,fold02,326,74.23312883435584,74.23312883435584,0.0,0,73.23841319717204,73.23841319717204,0.0,0,73.4197528076379,73.4197528076379,0.0,0,0.5692124265740279,0.5692124265740279,0.0,0,75.3731343283582,75.3731343283582,0.0,74.3421052631579,74.3421052631579,0.0,70.0,70.0,0.0,"[[101, 30, 3], [31, 113, 8], [5, 7, 28]]","[[101, 30, 3], [31, 113, 8], [5, 7, 28]]","[[0, 0, 0], [0, 0, 0], [0, 0, 0]]",0.0,0.0,242,0,0,84,0,0
data_no_lstm__tp09_L3_p0p42,data_ablation_no_module,no_lstm,tp09_L3_p0p42,3.0,0.42,run1,fold03,326,77.91411042944786,77.91411042944786,0.0,0,77.18643623985336,77.18643623985336,0.0,0,76.36475294195755,76.36475294195755,0.0,0,0.6335414855138196,0.6335414855138196,0.0,0,77.61194029850746,77.61194029850746,0.0,78.94736842105263,78.94736842105263,0.0,75.0,75.0,0.0,"[[104, 23, 7], [25, 120, 7], [3, 7, 30]]","[[104, 23, 7], [25, 120, 7], [3, 7, 30]]","[[0, 0, 0], [0, 0, 0], [0, 0, 0]]",0.0,0.0,254,0,0,72,0,0
data_no_lstm__tp09_L3_p0p42,data_ablation_no_module,no_lstm,tp09_L3_p0p42,3.0,0.42,run1,oof_pooled,979,75.79162410623084,75.79162410623084,0.0,0,74.4568263510633,74.4568263510633,0.0,0,74.79679148332708,74.79679148332708,0.0,0,0.5949564188779985,0.5949564188779985,0.0,0,76.3681592039801,76.3681592039801,0.0,76.75438596491229,76.75438596491229,0.0,70.24793388429752,70.24793388429752,0.0,"[[307, 83, 12], [87, 350, 19], [12, 24, 85]]","[[307, 83, 12], [87, 350, 19], [12, 24, 85]]","[[0, 0, 0], [0, 0, 0], [0, 0, 0]]",0.0,0.0,742,0,0,237,0,0
data_no_lstm__tp09_L3_p0p42,data_ablation_no_module,no_lstm,tp09_L3_p0p42,3.0,0.42,run2,fold01,72,63.888888888888886,63.888888888888886,0.0,0,63.762303009614826,63.762303009614826,0.0,0,62.59259259259259,62.59259259259259,0.0,0,0.45896250049990833,0.45896250049990833,0.0,0,59.25925925925925,59.25925925925925,0.0,67.74193548387096,67.74193548387096,0.0,64.28571428571429,64.28571428571429,0.0,"[[16, 6, 5], [2, 21, 8], [0, 5, 9]]","[[16, 6, 5], [2, 21, 8], [0, 5, 9]]","[[0, 0, 0], [0, 0, 0], [0, 0, 0]]",0.0,0.0,46,0,0,26,0,0
data_no_lstm__tp09_L3_p0p42,data_ablation_no_module,no_lstm,tp09_L3_p0p42,3.0,0.42,run2,fold02,71,56.33802816901409,56.33802816901409,0.0,0,53.73980857851826,53.73980857851826,0.0,0,55.29980107985223,55.29980107985223,0.0,0,0.2972806093565435,0.2972806093565435,0.0,0,53.84615384615385,53.84615384615385,0.0,64.51612903225806,64.51612903225806,0.0,42.857142857142854,42.857142857142854,0.0,"[[14, 11, 1], [9, 20, 2], [2, 6, 6]]","[[14, 11, 1], [9, 20, 2], [2, 6, 6]]","[[0, 0, 0], [0, 0, 0], [0, 0, 0]]",0.0,0.0,40,0,0,31,0,0
data_no_lstm__tp09_L3_p0p42,data_ablation_no_module,no_lstm,tp09_L3_p0p42,3.0,0.42,run2,fold03,71,67.6056338028169,67.6056338028169,0.0,0,63.58265390523455,63.58265390523455,0.0,0,63.48309568648551,63.48309568648551,0.0,0,0.4934358082473687,0.4934358082473687,0.0,0,76.92307692307693,76.92307692307693,0.0,70.96774193548387,70.96774193548387,0.0,42.857142857142854,42.857142857142854,0.0,"[[20, 4, 2], [4, 22, 5], [6, 2, 6]]","[[20, 4, 2], [4, 22, 5], [6, 2, 6]]","[[0, 0, 0], [0, 0, 0], [0, 0, 0]]",0.0,0.0,48,0,0,23,0,0
data_no_lstm__tp09_L3_p0p42,data_ablation_no_module,no_lstm,tp09_L3_p0p42,3.0,0.42,run2,oof_pooled,214,62.616822429906534,62.616822429906534,0.0,0,60.344358241459105,60.344358241459105,0.0,0,60.31415748674011,60.31415748674011,0.0,0,0.41329125049232496,0.41329125049232496,0.0,0,63.29113924050633,63.29113924050633,0.0,67.74193548387096,67.74193548387096,0.0,50.0,50.0,0.0,"[[50, 21, 8], [15, 63, 15], [8, 13, 21]]","[[50, 21, 8], [15, 63, 15], [8, 13, 21]]","[[0, 0, 0], [0, 0, 0], [0, 0, 0]]",0.0,0.0,134,0,0,80,0,0
module_masked__no_lstm__tp09_L3_p0p42,module_ablation_masked,no_lstm,tp09_L3_p0p42,3.0,0.42,run1,fold01,327,80.73394495412845,75.22935779816514,-5.504587155963307,-,76.63048684689517,72.98224857739544,-3.6482382694997284,-,79.0877721312504,74.65929369343549,-4.428478437814917,-,0.6743426700043699,0.5824277209957041,-0.09191494900866581,-,83.5820895522388,76.11940298507463,-7.46268656716417,82.89473684210526,76.97368421052632,-5.921052631578945,63.41463414634146,65.85365853658537,2.439024390243908,"[[112, 20, 2], [25, 126, 1], [5, 10, 26]]","[[102, 30, 2], [31, 117, 4], [4, 10, 27]]","[[-10, 10, 0], [6, -9, 3], [-1, 0, 1]]",-0.07549267121158873,-1.4851109309930821,221,43,25,38,0,0
module_masked__no_lstm__tp09_L3_p0p42,module_ablation_masked,no_lstm,tp09_L3_p0p42,3.0,0.42,run1,fold02,326,81.59509202453987,74.23312883435584,-7.361963190184028,-,82.30361351139041,73.23841319717204,-9.065200314218373,-,82.11529042328695,73.4197528076379,-8.695537615649044,-,0.6929312561648969,0.5692124265740279,-0.123718829590869,-,78.35820895522389,75.3731343283582,-2.985074626865682,83.55263157894737,74.3421052631579,-9.210526315789465,85.0,70.0,-15.0,"[[105, 27, 2], [20, 127, 5], [2, 4, 34]]","[[101, 30, 3], [31, 113, 8], [5, 7, 28]]","[[-4, 3, 1], [11, -14, 3], [3, 3, -6]]",-0.08976334969217102,-2.396152596692183,212,54,30,30,0,0
module_masked__no_lstm__tp09_L3_p0p42,module_ablation_masked,no_lstm,tp09_L3_p0p42,3.0,0.42,run1,fold03,326,84.04907975460122,77.91411042944786,-6.134969325153364,-,80.55053678973553,77.18643623985336,-3.364100549882167,-,82.96722819707497,76.36475294195755,-6.602475255117426,-,0.7301975910800922,0.6335414855138196,-0.09665610556627258,-,82.83582089552239,77.61194029850746,-5.223880597014926,88.81578947368422,78.94736842105263,-9.86842105263159,70.0,75.0,5.0,"[[111, 21, 2], [17, 135, 0], [4, 8, 28]]","[[104, 23, 7], [25, 120, 7], [3, 7, 30]]","[[-7, 2, 5], [8, -15, 7], [-1, -1, 2]]",-0.058484743137362856,1.080665877643127,230,44,24,28,0,0
module_masked__no_lstm__tp09_L3_p0p42,module_ablation_masked,no_lstm,tp09_L3_p0p42,3.0,0.42,run1,oof_pooled,979,82.12461695607763,75.79162410623084,-6.332992849846789,-,79.80234394217112,74.4568263510633,-5.345517591107821,-,81.47172321467072,74.79679148332708,-6.674931731343634,-,0.6985628449866854,0.5949564188779985,-0.10360642610868687,-,81.59203980099502,76.3681592039801,-5.223880597014926,85.08771929824562,76.75438596491229,-8.333333333333329,72.72727272727273,70.24793388429752,-2.47933884297521,"[[328, 68, 6], [62, 388, 6], [11, 22, 88]]","[[307, 83, 12], [87, 350, 19], [12, 24, 85]]","[[-21, 15, 6], [25, -38, 13], [1, 2, -3]]",-0.0745811866686594,-0.9340959600048316,663,141,79,96,0,0
module_masked__no_lstm__tp09_L3_p0p42,module_ablation_masked,no_lstm,tp09_L3_p0p42,3.0,0.42,run2,fold01,72,69.44444444444444,63.888888888888886,-5.555555555555557,-,66.40780565511749,63.762303009614826,-2.64550264550266,-,66.85875706214689,62.59259259259259,-4.266164469554305,-,0.5182264323917611,0.45896250049990833,-0.059263931891852806,-,81.48148148148148,59.25925925925925,-22.22222222222223,67.74193548387096,67.74193548387096,0.0,50.0,64.28571428571429,14.285714285714292,"[[22, 3, 2], [8, 21, 2], [2, 5, 7]]","[[16, 6, 5], [2, 21, 8], [0, 5, 9]]","[[-6, 3, 3], [-6, 0, 6], [-2, 0, 2]]",-0.07781607670691908,-2.0004673932368555,40,10,6,16,0,0
module_masked__no_lstm__tp09_L3_p0p42,module_ablation_masked,no_lstm,tp09_L3_p0p42,3.0,0.42,run2,fold02,71,66.19718309859155,56.33802816901409,-9.859154929577464,-,65.3255346803734,53.73980857851826,-11.585726101855137,-,65.75180206506916,55.29980107985223,-10.452000985216927,-,0.47169889043248636,0.2972806093565435,-0.17441828107594287,-,80.76923076923077,53.84615384615385,-26.923076923076927,58.06451612903226,64.51612903225806,6.451612903225801,57.14285714285714,42.857142857142854,-14.285714285714285,"[[21, 5, 0], [10, 18, 3], [2, 4, 8]]","[[14, 11, 1], [9, 20, 2], [2, 6, 6]]","[[-7, 6, 1], [-1, 2, -1], [0, 2, -2]]",-0.25377294078607743,-2.607677649411465,30,17,10,14,0,0
module_masked__no_lstm__tp09_L3_p0p42,module_ablation_masked,no_lstm,tp09_L3_p0p42,3.0,0.42,run2,fold03,71,66.19718309859155,67.6056338028169,1.408450704225345,+,59.89601796053409,63.58265390523455,3.6866359447004626,+,60.04855889724311,63.48309568648551,3.434536789242401,+,0.45896608905667236,0.4934358082473687,0.03446971919069636,+,76.92307692307693,76.92307692307693,0.0,74.19354838709677,70.96774193548387,-3.225806451612897,28.57142857142857,42.857142857142854,14.285714285714285,"[[20, 5, 1], [6, 23, 2], [5, 5, 4]]","[[20, 4, 2], [4, 22, 5], [6, 2, 6]]","[[0, -1, 1], [-2, -1, 3], [1, -3, 2]]",-0.06961935991307203,-2.6801207011014645,40,7,8,16,0,0
module_masked__no_lstm__tp09_L3_p0p42,module_ablation_masked,no_lstm,tp09_L3_p0p42,3.0,0.42,run2,oof_pooled,214,67.28971962616822,62.616822429906534,-4.672897196261687,-,63.883865782599955,60.344358241459105,-3.53950754114085,-,64.55099829747716,60.31415748674011,-4.236840810737057,-,0.4824688400261222,0.41329125049232496,-0.06917758953379727,-,79.74683544303798,63.29113924050633,-16.455696202531648,66.66666666666666,67.74193548387096,1.0752688172043037,45.23809523809524,50.0,4.761904761904759,"[[63, 13, 3], [24, 62, 7], [9, 14, 19]]","[[50, 21, 8], [15, 63, 15], [8, 13, 21]]","[[-13, 8, 5], [-9, 1, 8], [-1, -1, 2]]",-0.13347481716139153,-2.427417454203138,110,34,24,46,0,0
data_no_attention__tp09_L3_p0p42,data_ablation_no_module,no_attention,tp09_L3_p0p42,3.0,0.42,run1,fold01,327,81.9571865443425,81.9571865443425,0.0,0,79.91197734051183,79.91197734051183,0.0,0,82.01435063589545,82.01435063589545,0.0,0,0.6962494375241386,0.6962494375241386,0.0,0,84.32835820895522,84.32835820895522,0.0,82.23684210526315,82.23684210526315,0.0,73.17073170731707,73.17073170731707,0.0,"[[113, 19, 2], [27, 125, 0], [2, 9, 30]]","[[113, 19, 2], [27, 125, 0], [2, 9, 30]]","[[0, 0, 0], [0, 0, 0], [0, 0, 0]]",0.0,0.0,268,0,0,59,0,0
data_no_attention__tp09_L3_p0p42,data_ablation_no_module,no_attention,tp09_L3_p0p42,3.0,0.42,run1,fold02,326,81.90184049079755,81.90184049079755,0.0,0,79.51165226499084,79.51165226499084,0.0,0,80.47822307750707,80.47822307750707,0.0,0,0.6958625448093783,0.6958625448093783,0.0,0,79.8507462686567,79.8507462686567,0.0,86.18421052631578,86.18421052631578,0.0,72.5,72.5,0.0,"[[107, 24, 3], [17, 131, 4], [4, 7, 29]]","[[107, 24, 3], [17, 131, 4], [4, 7, 29]]","[[0, 0, 0], [0, 0, 0], [0, 0, 0]]",0.0,0.0,267,0,0,59,0,0
data_no_attention__tp09_L3_p0p42,data_ablation_no_module,no_attention,tp09_L3_p0p42,3.0,0.42,run1,fold03,326,84.3558282208589,84.3558282208589,0.0,0,83.89892642052894,83.89892642052894,0.0,0,83.66469909688912,83.66469909688912,0.0,0,0.7390486456524588,0.7390486456524588,0.0,0,84.32835820895522,84.32835820895522,0.0,84.86842105263158,84.86842105263158,0.0,82.5,82.5,0.0,"[[113, 20, 1], [16, 129, 7], [4, 3, 33]]","[[113, 20, 1], [16, 129, 7], [4, 3, 33]]","[[0, 0, 0], [0, 0, 0], [0, 0, 0]]",0.0,0.0,275,0,0,51,0,0
data_no_attention__tp09_L3_p0p42,data_ablation_no_module,no_attention,tp09_L3_p0p42,3.0,0.42,run1,oof_pooled,979,82.73748723186925,82.73748723186925,0.0,0,81.09956776938853,81.09956776938853,0.0,0,82.05217929651486,82.05217929651486,0.0,0,0.7100686691507885,0.7100686691507885,0.0,0,82.83582089552239,82.83582089552239,0.0,84.4298245614035,84.4298245614035,0.0,76.03305785123968,76.03305785123968,0.0,"[[333, 63, 6], [60, 385, 11], [10, 19, 92]]","[[333, 63, 6], [60, 385, 11], [10, 19, 92]]","[[0, 0, 0], [0, 0, 0], [0, 0, 0]]",0.0,0.0,810,0,0,169,0,0
data_no_attention__tp09_L3_p0p42,data_ablation_no_module,no_attention,tp09_L3_p0p42,3.0,0.42,run2,fold01,72,58.333333333333336,58.333333333333336,0.0,0,55.384877965523124,55.384877965523124,0.0,0,55.707282913165265,55.707282913165265,0.0,0,0.3440986103748549,0.3440986103748549,0.0,0,55.55555555555556,55.55555555555556,0.0,67.74193548387096,67.74193548387096,0.0,42.857142857142854,42.857142857142854,0.0,"[[15, 9, 3], [5, 21, 5], [1, 7, 6]]","[[15, 9, 3], [5, 21, 5], [1, 7, 6]]","[[0, 0, 0], [0, 0, 0], [0, 0, 0]]",0.0,0.0,42,0,0,30,0,0
data_no_attention__tp09_L3_p0p42,data_ablation_no_module,no_attention,tp09_L3_p0p42,3.0,0.42,run2,fold02,71,63.38028169014085,63.38028169014085,0.0,0,68.66950254047029,68.66950254047029,0.0,0,63.681341719077565,63.681341719077565,0.0,0,0.4690406293950227,0.4690406293950227,0.0,0,61.53846153846154,61.53846153846154,0.0,51.61290322580645,51.61290322580645,0.0,92.85714285714286,92.85714285714286,0.0,"[[16, 6, 4], [7, 16, 8], [1, 0, 13]]","[[16, 6, 4], [7, 16, 8], [1, 0, 13]]","[[0, 0, 0], [0, 0, 0], [0, 0, 0]]",0.0,0.0,45,0,0,26,0,0
data_no_attention__tp09_L3_p0p42,data_ablation_no_module,no_attention,tp09_L3_p0p42,3.0,0.42,run2,fold03,71,56.33802816901409,56.33802816901409,0.0,0,51.74878884556304,51.74878884556304,0.0,0,51.7458781609725,51.7458781609725,0.0,0,0.30795014030702567,0.30795014030702567,0.0,0,65.38461538461539,65.38461538461539,0.0,61.29032258064516,61.29032258064516,0.0,28.57142857142857,28.57142857142857,0.0,"[[17, 7, 2], [6, 19, 6], [4, 6, 4]]","[[17, 7, 2], [6, 19, 6], [4, 6, 4]]","[[0, 0, 0], [0, 0, 0], [0, 0, 0]]",0.0,0.0,40,0,0,31,0,0
data_no_attention__tp09_L3_p0p42,data_ablation_no_module,no_attention,tp09_L3_p0p42,3.0,0.42,run2,oof_pooled,214,59.345794392523366,59.345794392523366,0.0,0,58.5788173987439,58.5788173987439,0.0,0,57.96936324972884,57.96936324972884,0.0,0,0.36980374236342506,0.36980374236342506,0.0,0,60.75949367088608,60.75949367088608,0.0,60.215053763440864,60.215053763440864,0.0,54.761904761904766,54.761904761904766,0.0,"[[48, 22, 9], [18, 56, 19], [6, 13, 23]]","[[48, 22, 9], [18, 56, 19], [6, 13, 23]]","[[0, 0, 0], [0, 0, 0], [0, 0, 0]]",0.0,0.0,127,0,0,87,0,0
module_masked__no_attention__tp09_L3_p0p42,module_ablation_masked,no_attention,tp09_L3_p0p42,3.0,0.42,run1,fold01,327,80.73394495412845,81.9571865443425,1.2232415902140588,+,76.63048684689517,79.91197734051183,3.2814904936166585,+,79.0877721312504,82.01435063589545,2.9265785046450503,+,0.6743426700043699,0.6962494375241386,0.02190676751976872,+,83.5820895522388,84.32835820895522,0.7462686567164241,82.89473684210526,82.23684210526315,-0.6578947368421098,63.41463414634146,73.17073170731707,9.756097560975611,"[[112, 20, 2], [25, 126, 1], [5, 10, 26]]","[[113, 19, 2], [27, 125, 0], [2, 9, 30]]","[[1, -1, 0], [2, -1, -1], [-3, -1, 4]]",-0.006360496992112356,0.5181281323792464,235,29,33,30,0,0
module_masked__no_attention__tp09_L3_p0p42,module_ablation_masked,no_attention,tp09_L3_p0p42,3.0,0.42,run1,fold02,326,81.59509202453987,81.90184049079755,0.30674846625768737,+,82.30361351139041,79.51165226499084,-2.791961246399566,-,82.11529042328695,80.47822307750707,-1.637067345779883,-,0.6929312561648969,0.6958625448093783,0.0029312886444813335,+,78.35820895522389,79.8507462686567,1.4925373134328197,83.55263157894737,86.18421052631578,2.6315789473684106,85.0,72.5,-12.5,"[[105, 27, 2], [20, 127, 5], [2, 4, 34]]","[[107, 24, 3], [17, 131, 4], [4, 7, 29]]","[[2, -3, 1], [-3, 4, -1], [2, 3, -5]]",-0.0027604491076895217,1.9776550132861257,232,34,35,25,0,0
module_masked__no_attention__tp09_L3_p0p42,module_ablation_masked,no_attention,tp09_L3_p0p42,3.0,0.42,run1,fold03,326,84.04907975460122,84.3558282208589,0.30674846625767316,+,80.55053678973553,83.89892642052894,3.348389630793406,+,82.96722819707497,83.66469909688912,0.6974708998141494,+,0.7301975910800922,0.7390486456524588,0.008851054572366568,+,82.83582089552239,84.32835820895522,1.492537313432834,88.81578947368422,84.86842105263158,-3.9473684210526443,70.0,82.5,12.5,"[[111, 21, 2], [17, 135, 0], [4, 8, 28]]","[[113, 20, 1], [16, 129, 7], [4, 3, 33]]","[[2, -1, -1], [-1, -6, 7], [0, -5, 5]]",-0.008201798213698952,0.9643015484925519,244,30,31,21,0,0
module_masked__no_attention__tp09_L3_p0p42,module_ablation_masked,no_attention,tp09_L3_p0p42,3.0,0.42,run1,oof_pooled,979,82.12461695607763,82.73748723186925,0.6128702757916216,+,79.80234394217112,81.09956776938853,1.2972238272174081,+,81.47172321467072,82.05217929651486,0.5804560818441473,+,0.6985628449866854,0.7100686691507885,0.011505824164103062,+,81.59203980099502,82.83582089552239,1.243781094527364,85.08771929824562,84.4298245614035,-0.6578947368421098,72.72727272727273,76.03305785123968,3.305785123966942,"[[328, 68, 6], [62, 388, 6], [11, 22, 88]]","[[333, 63, 6], [60, 385, 11], [10, 19, 92]]","[[5, -5, 0], [-2, -3, 5], [-1, -3, 4]]",-0.005774846928695997,1.1527127052378576,711,93,99,76,0,0
module_masked__no_attention__tp09_L3_p0p42,module_ablation_masked,no_attention,tp09_L3_p0p42,3.0,0.42,run2,fold01,72,69.44444444444444,58.333333333333336,-11.111111111111107,-,66.40780565511749,55.384877965523124,-11.022927689594361,-,66.85875706214689,55.707282913165265,-11.151474148981627,-,0.5182264323917611,0.3440986103748549,-0.17412782201690624,-,81.48148148148148,55.55555555555556,-25.925925925925924,67.74193548387096,67.74193548387096,0.0,50.0,42.857142857142854,-7.142857142857146,"[[22, 3, 2], [8, 21, 2], [2, 5, 7]]","[[15, 9, 3], [5, 21, 5], [1, 7, 6]]","[[-7, 6, 1], [-3, 0, 3], [-1, 2, -1]]",-0.15335354340737695,-2.3349170043818757,37,13,5,17,0,0
module_masked__no_attention__tp09_L3_p0p42,module_ablation_masked,no_attention,tp09_L3_p0p42,3.0,0.42,run2,fold02,71,66.19718309859155,63.38028169014085,-2.816901408450704,-,65.3255346803734,68.66950254047029,3.343967860096896,+,65.75180206506916,63.681341719077565,-2.0704603459915916,-,0.47169889043248636,0.4690406293950227,-0.0026582610374636384,-,80.76923076923077,61.53846153846154,-19.230769230769234,58.06451612903226,51.61290322580645,-6.451612903225815,57.14285714285714,92.85714285714286,35.71428571428572,"[[21, 5, 0], [10, 18, 3], [2, 4, 8]]","[[16, 6, 4], [7, 16, 8], [1, 0, 13]]","[[-5, 1, 4], [-3, -2, 5], [-1, -4, 5]]",-0.08481250052922322,-1.8143298276716475,33,14,12,12,0,0
module_masked__no_attention__tp09_L3_p0p42,module_ablation_masked,no_attention,tp09_L3_p0p42,3.0,0.42,run2,fold03,71,66.19718309859155,56.33802816901409,-9.859154929577464,-,59.89601796053409,51.74878884556304,-8.147229114971047,-,60.04855889724311,51.7458781609725,-8.30268073627061,-,0.45896608905667236,0.30795014030702567,-0.1510159487496467,-,76.92307692307693,65.38461538461539,-11.538461538461547,74.19354838709677,61.29032258064516,-12.903225806451609,28.57142857142857,28.57142857142857,0.0,"[[20, 5, 1], [6, 23, 2], [5, 5, 4]]","[[17, 7, 2], [6, 19, 6], [4, 6, 4]]","[[-3, 2, 1], [0, -4, 4], [-1, 1, 0]]",-0.18859351448549647,-3.8264942031196307,35,12,5,19,0,0
module_masked__no_attention__tp09_L3_p0p42,module_ablation_masked,no_attention,tp09_L3_p0p42,3.0,0.42,run2,oof_pooled,214,67.28971962616822,59.345794392523366,-7.943925233644855,-,63.883865782599955,58.5788173987439,-5.305048383856054,-,64.55099829747716,57.96936324972884,-6.581635047748321,-,0.4824688400261222,0.36980374236342506,-0.11266509766269717,-,79.74683544303798,60.75949367088608,-18.9873417721519,66.66666666666666,60.215053763440864,-6.451612903225794,45.23809523809524,54.761904761904766,9.523809523809526,"[[63, 13, 3], [24, 62, 7], [9, 14, 19]]","[[48, 22, 9], [18, 56, 19], [6, 13, 23]]","[[-15, 9, 6], [-6, -6, 12], [-3, -1, 4]]",-0.14230505696904786,-2.6570678995405412,105,39,22,48,0,0
data_full__tp10_L3_p0p65,data_ablation_full,,tp10_L3_p0p65,3.0,0.65,run1,fold01,327,80.73394495412845,80.73394495412845,0.0,0,76.63048684689517,76.63048684689517,0.0,0,79.0877721312504,79.0877721312504,0.0,0,0.6743426700043699,0.6743426700043699,0.0,0,83.5820895522388,83.5820895522388,0.0,82.89473684210526,82.89473684210526,0.0,63.41463414634146,63.41463414634146,0.0,"[[112, 20, 2], [25, 126, 1], [5, 10, 26]]","[[112, 20, 2], [25, 126, 1], [5, 10, 26]]","[[0, 0, 0], [0, 0, 0], [0, 0, 0]]",0.0,0.0,264,0,0,63,0,0
data_full__tp10_L3_p0p65,data_ablation_full,,tp10_L3_p0p65,3.0,0.65,run1,fold02,326,81.59509202453987,81.59509202453987,0.0,0,82.30361351139041,82.30361351139041,0.0,0,82.11529042328695,82.11529042328695,0.0,0,0.6929312561648969,0.6929312561648969,0.0,0,78.35820895522389,78.35820895522389,0.0,83.55263157894737,83.55263157894737,0.0,85.0,85.0,0.0,"[[105, 27, 2], [20, 127, 5], [2, 4, 34]]","[[105, 27, 2], [20, 127, 5], [2, 4, 34]]","[[0, 0, 0], [0, 0, 0], [0, 0, 0]]",0.0,0.0,266,0,0,60,0,0
data_full__tp10_L3_p0p65,data_ablation_full,,tp10_L3_p0p65,3.0,0.65,run1,fold03,326,84.04907975460122,84.04907975460122,0.0,0,80.55053678973553,80.55053678973553,0.0,0,82.96722819707497,82.96722819707497,0.0,0,0.7301975910800922,0.7301975910800922,0.0,0,82.83582089552239,82.83582089552239,0.0,88.81578947368422,88.81578947368422,0.0,70.0,70.0,0.0,"[[111, 21, 2], [17, 135, 0], [4, 8, 28]]","[[111, 21, 2], [17, 135, 0], [4, 8, 28]]","[[0, 0, 0], [0, 0, 0], [0, 0, 0]]",0.0,0.0,274,0,0,52,0,0
data_full__tp10_L3_p0p65,data_ablation_full,,tp10_L3_p0p65,3.0,0.65,run1,oof_pooled,979,82.12461695607763,82.12461695607763,0.0,0,79.80234394217112,79.80234394217112,0.0,0,81.47172321467072,81.47172321467072,0.0,0,0.6985628449866854,0.6985628449866854,0.0,0,81.59203980099502,81.59203980099502,0.0,85.08771929824562,85.08771929824562,0.0,72.72727272727273,72.72727272727273,0.0,"[[328, 68, 6], [62, 388, 6], [11, 22, 88]]","[[328, 68, 6], [62, 388, 6], [11, 22, 88]]","[[0, 0, 0], [0, 0, 0], [0, 0, 0]]",0.0,0.0,804,0,0,175,0,0
data_full__tp10_L3_p0p65,data_ablation_full,,tp10_L3_p0p65,3.0,0.65,run2,fold01,72,69.44444444444444,69.44444444444444,0.0,0,66.40780565511749,66.40780565511749,0.0,0,66.85875706214689,66.85875706214689,0.0,0,0.5182264323917611,0.5182264323917611,0.0,0,81.48148148148148,81.48148148148148,0.0,67.74193548387096,67.74193548387096,0.0,50.0,50.0,0.0,"[[22, 3, 2], [8, 21, 2], [2, 5, 7]]","[[22, 3, 2], [8, 21, 2], [2, 5, 7]]","[[0, 0, 0], [0, 0, 0], [0, 0, 0]]",0.0,0.0,50,0,0,22,0,0
data_full__tp10_L3_p0p65,data_ablation_full,,tp10_L3_p0p65,3.0,0.65,run2,fold02,71,66.19718309859155,66.19718309859155,0.0,0,65.3255346803734,65.3255346803734,0.0,0,65.75180206506916,65.75180206506916,0.0,0,0.47169889043248636,0.47169889043248636,0.0,0,80.76923076923077,80.76923076923077,0.0,58.06451612903226,58.06451612903226,0.0,57.14285714285714,57.14285714285714,0.0,"[[21, 5, 0], [10, 18, 3], [2, 4, 8]]","[[21, 5, 0], [10, 18, 3], [2, 4, 8]]","[[0, 0, 0], [0, 0, 0], [0, 0, 0]]",0.0,0.0,47,0,0,24,0,0
data_full__tp10_L3_p0p65,data_ablation_full,,tp10_L3_p0p65,3.0,0.65,run2,fold03,71,66.19718309859155,66.19718309859155,0.0,0,59.89601796053409,59.89601796053409,0.0,0,60.04855889724311,60.04855889724311,0.0,0,0.45896608905667236,0.45896608905667236,0.0,0,76.92307692307693,76.92307692307693,0.0,74.19354838709677,74.19354838709677,0.0,28.57142857142857,28.57142857142857,0.0,"[[20, 5, 1], [6, 23, 2], [5, 5, 4]]","[[20, 5, 1], [6, 23, 2], [5, 5, 4]]","[[0, 0, 0], [0, 0, 0], [0, 0, 0]]",0.0,0.0,47,0,0,24,0,0
data_full__tp10_L3_p0p65,data_ablation_full,,tp10_L3_p0p65,3.0,0.65,run2,oof_pooled,214,67.28971962616822,67.28971962616822,0.0,0,63.883865782599955,63.883865782599955,0.0,0,64.55099829747716,64.55099829747716,0.0,0,0.4824688400261222,0.4824688400261222,0.0,0,79.74683544303798,79.74683544303798,0.0,66.66666666666666,66.66666666666666,0.0,45.23809523809524,45.23809523809524,0.0,"[[63, 13, 3], [24, 62, 7], [9, 14, 19]]","[[63, 13, 3], [24, 62, 7], [9, 14, 19]]","[[0, 0, 0], [0, 0, 0], [0, 0, 0]]",0.0,0.0,144,0,0,70,0,0
data_no_conv__tp10_L3_p0p65,data_ablation_no_module,no_conv,tp10_L3_p0p65,3.0,0.65,run1,fold01,327,79.20489296636084,79.20489296636084,0.0,0,77.82046123681977,77.82046123681977,0.0,0,79.390186562109,79.390186562109,0.0,0,0.6509524121737486,0.6509524121737486,0.0,0,81.34328358208955,81.34328358208955,0.0,78.94736842105263,78.94736842105263,0.0,73.17073170731707,73.17073170731707,0.0,"[[109, 24, 1], [29, 120, 3], [5, 6, 30]]","[[109, 24, 1], [29, 120, 3], [5, 6, 30]]","[[0, 0, 0], [0, 0, 0], [0, 0, 0]]",0.0,0.0,259,0,0,68,0,0
data_no_conv__tp10_L3_p0p65,data_ablation_no_module,no_conv,tp10_L3_p0p65,3.0,0.65,run1,fold02,326,80.06134969325154,80.06134969325154,0.0,0,78.89827179890023,78.89827179890023,0.0,0,78.65140888396702,78.65140888396702,0.0,0,0.667755761900005,0.667755761900005,0.0,0,82.08955223880598,82.08955223880598,0.0,79.60526315789474,79.60526315789474,0.0,75.0,75.0,0.0,"[[110, 22, 2], [22, 121, 9], [4, 6, 30]]","[[110, 22, 2], [22, 121, 9], [4, 6, 30]]","[[0, 0, 0], [0, 0, 0], [0, 0, 0]]",0.0,0.0,261,0,0,65,0,0
data_no_conv__tp10_L3_p0p65,data_ablation_no_module,no_conv,tp10_L3_p0p65,3.0,0.65,run1,fold03,326,77.60736196319019,77.60736196319019,0.0,0,80.15514532600157,80.15514532600157,0.0,0,76.45264363658288,76.45264363658288,0.0,0,0.6403712014169086,0.6403712014169086,0.0,0,80.59701492537313,80.59701492537313,0.0,72.36842105263158,72.36842105263158,0.0,87.5,87.5,0.0,"[[108, 18, 8], [28, 110, 14], [0, 5, 35]]","[[108, 18, 8], [28, 110, 14], [0, 5, 35]]","[[0, 0, 0], [0, 0, 0], [0, 0, 0]]",0.0,0.0,253,0,0,73,0,0
data_no_conv__tp10_L3_p0p65,data_ablation_no_module,no_conv,tp10_L3_p0p65,3.0,0.65,run1,oof_pooled,979,78.95812053115424,78.95812053115424,0.0,0,78.94312149561026,78.94312149561026,0.0,0,78.0672759638754,78.0672759638754,0.0,0,0.6519762827892167,0.6519762827892167,0.0,0,81.34328358208955,81.34328358208955,0.0,76.97368421052632,76.97368421052632,0.0,78.51239669421489,78.51239669421489,0.0,"[[327, 64, 11], [79, 351, 26], [9, 17, 95]]","[[327, 64, 11], [79, 351, 26], [9, 17, 95]]","[[0, 0, 0], [0, 0, 0], [0, 0, 0]]",0.0,0.0,773,0,0,206,0,0
data_no_conv__tp10_L3_p0p65,data_ablation_no_module,no_conv,tp10_L3_p0p65,3.0,0.65,run2,fold01,72,55.55555555555556,55.55555555555556,0.0,0,57.151391022358766,57.151391022358766,0.0,0,54.93827160493828,54.93827160493828,0.0,0,0.3353881275042346,0.3353881275042346,0.0,0,55.55555555555556,55.55555555555556,0.0,51.61290322580645,51.61290322580645,0.0,64.28571428571429,64.28571428571429,0.0,"[[15, 6, 6], [8, 16, 7], [4, 1, 9]]","[[15, 6, 6], [8, 16, 7], [4, 1, 9]]","[[0, 0, 0], [0, 0, 0], [0, 0, 0]]",0.0,0.0,40,0,0,32,0,0
data_no_conv__tp10_L3_p0p65,data_ablation_no_module,no_conv,tp10_L3_p0p65,3.0,0.65,run2,fold02,71,56.33802816901409,56.33802816901409,0.0,0,60.888573791799594,60.888573791799594,0.0,0,56.23083683234059,56.23083683234059,0.0,0,0.3663549852444777,0.3663549852444777,0.0,0,65.38461538461539,65.38461538461539,0.0,38.70967741935484,38.70967741935484,0.0,78.57142857142857,78.57142857142857,0.0,"[[17, 6, 3], [9, 12, 10], [3, 0, 11]]","[[17, 6, 3], [9, 12, 10], [3, 0, 11]]","[[0, 0, 0], [0, 0, 0], [0, 0, 0]]",0.0,0.0,40,0,0,31,0,0
data_no_conv__tp10_L3_p0p65,data_ablation_no_module,no_conv,tp10_L3_p0p65,3.0,0.65,run2,fold03,71,54.929577464788736,54.929577464788736,0.0,0,51.50064988774666,51.50064988774666,0.0,0,50.483091787439605,50.483091787439605,0.0,0,0.3108593378795985,0.3108593378795985,0.0,0,80.76923076923077,80.76923076923077,0.0,45.16129032258064,45.16129032258064,0.0,28.57142857142857,28.57142857142857,0.0,"[[21, 4, 1], [13, 14, 4], [8, 2, 4]]","[[21, 4, 1], [13, 14, 4], [8, 2, 4]]","[[0, 0, 0], [0, 0, 0], [0, 0, 0]]",0.0,0.0,39,0,0,32,0,0
data_no_conv__tp10_L3_p0p65,data_ablation_no_module,no_conv,tp10_L3_p0p65,3.0,0.65,run2,oof_pooled,214,55.60747663551402,55.60747663551402,0.0,0,56.4642516867915,56.4642516867915,0.0,0,54.638998759215426,54.638998759215426,0.0,0,0.33252990827619394,0.33252990827619394,0.0,0,67.08860759493672,67.08860759493672,0.0,45.16129032258064,45.16129032258064,0.0,57.14285714285714,57.14285714285714,0.0,"[[53, 16, 10], [30, 42, 21], [15, 3, 24]]","[[53, 16, 10], [30, 42, 21], [15, 3, 24]]","[[0, 0, 0], [0, 0, 0], [0, 0, 0]]",0.0,0.0,119,0,0,95,0,0
module_masked__no_conv__tp10_L3_p0p65,module_ablation_masked,no_conv,tp10_L3_p0p65,3.0,0.65,run1,fold01,327,80.73394495412845,79.20489296636084,-1.5290519877676019,-,76.63048684689517,77.82046123681977,1.1899743899246005,+,79.0877721312504,79.390186562109,0.3024144308585903,+,0.6743426700043699,0.6509524121737486,-0.02339025783062132,-,83.5820895522388,81.34328358208955,-2.2388059701492438,82.89473684210526,78.94736842105263,-3.94736842105263,63.41463414634146,73.17073170731707,9.756097560975611,"[[112, 20, 2], [25, 126, 1], [5, 10, 26]]","[[109, 24, 1], [29, 120, 3], [5, 6, 30]]","[[-3, 4, -1], [4, -6, 2], [0, -4, 4]]",-0.014914479366229506,0.21637581551977253,235,29,24,39,0,0
module_masked__no_conv__tp10_L3_p0p65,module_ablation_masked,no_conv,tp10_L3_p0p65,3.0,0.65,run1,fold02,326,81.59509202453987,80.06134969325154,-1.5337423312883232,-,82.30361351139041,78.89827179890023,-3.405341712490184,-,82.11529042328695,78.65140888396702,-3.463881539319928,-,0.6929312561648969,0.667755761900005,-0.025175494264891962,-,78.35820895522389,82.08955223880598,3.731343283582092,83.55263157894737,79.60526315789474,-3.94736842105263,85.0,75.0,-10.0,"[[105, 27, 2], [20, 127, 5], [2, 4, 34]]","[[110, 22, 2], [22, 121, 9], [4, 6, 30]]","[[5, -5, 0], [2, -6, 4], [2, 2, -4]]",-0.036069942233845104,-1.4115402099213625,228,38,33,27,0,0
module_masked__no_conv__tp10_L3_p0p65,module_ablation_masked,no_conv,tp10_L3_p0p65,3.0,0.65,run1,fold03,326,84.04907975460122,77.60736196319019,-6.441717791411037,-,80.55053678973553,80.15514532600157,-0.39539146373395795,-,82.96722819707497,76.45264363658288,-6.514584560492096,-,0.7301975910800922,0.6403712014169086,-0.08982638966318357,-,82.83582089552239,80.59701492537313,-2.238805970149258,88.81578947368422,72.36842105263158,-16.447368421052644,70.0,87.5,17.5,"[[111, 21, 2], [17, 135, 0], [4, 8, 28]]","[[108, 18, 8], [28, 110, 14], [0, 5, 35]]","[[-3, -3, 6], [11, -25, 14], [-4, -3, 7]]",-0.09484218149815106,-2.4160543753668393,224,50,29,23,0,0
module_masked__no_conv__tp10_L3_p0p65,module_ablation_masked,no_conv,tp10_L3_p0p65,3.0,0.65,run1,oof_pooled,979,82.12461695607763,78.95812053115424,-3.1664964249233947,-,79.80234394217112,78.94312149561026,-0.8592224465608638,-,81.47172321467072,78.0672759638754,-3.4044472507953145,-,0.6985628449866854,0.6519762827892167,-0.046586562197468706,-,81.59203980099502,81.34328358208955,-0.24875621890546995,85.08771929824562,76.97368421052632,-8.114035087719301,72.72727272727273,78.51239669421489,5.785123966942152,"[[328, 68, 6], [62, 388, 6], [11, 22, 88]]","[[327, 64, 11], [79, 351, 26], [9, 17, 95]]","[[-1, -4, 5], [17, -37, 20], [-2, -5, 7]]",-0.04857445055095791,-1.2022890123891605,687,117,86,89,0,0
module_masked__no_conv__tp10_L3_p0p65,module_ablation_masked,no_conv,tp10_L3_p0p65,3.0,0.65,run2,fold01,72,69.44444444444444,55.55555555555556,-13.888888888888886,-,66.40780565511749,57.151391022358766,-9.25641463275872,-,66.85875706214689,54.93827160493828,-11.920485457208613,-,0.5182264323917611,0.3353881275042346,-0.18283830488752656,-,81.48148148148148,55.55555555555556,-25.925925925925924,67.74193548387096,51.61290322580645,-16.129032258064512,50.0,64.28571428571429,14.285714285714292,"[[22, 3, 2], [8, 21, 2], [2, 5, 7]]","[[15, 6, 6], [8, 16, 7], [4, 1, 9]]","[[-7, 3, 4], [0, -5, 5], [2, -4, 2]]",-0.15886324670933996,-2.001865846292478,30,20,10,12,0,0
module_masked__no_conv__tp10_L3_p0p65,module_ablation_masked,no_conv,tp10_L3_p0p65,3.0,0.65,run2,fold02,71,66.19718309859155,56.33802816901409,-9.859154929577464,-,65.3255346803734,60.888573791799594,-4.4369608885738,-,65.75180206506916,56.23083683234059,-9.520965232728564,-,0.47169889043248636,0.3663549852444777,-0.10534390518800868,-,80.76923076923077,65.38461538461539,-15.384615384615387,58.06451612903226,38.70967741935484,-19.354838709677423,57.14285714285714,78.57142857142857,21.42857142857143,"[[21, 5, 0], [10, 18, 3], [2, 4, 8]]","[[17, 6, 3], [9, 12, 10], [3, 0, 11]]","[[-4, 1, 3], [-1, -6, 7], [1, -4, 3]]",-0.16871155993689793,-2.424719557034927,31,16,9,15,0,0
module_masked__no_conv__tp10_L3_p0p65,module_ablation_masked,no_conv,tp10_L3_p0p65,3.0,0.65,run2,fold03,71,66.19718309859155,54.929577464788736,-11.267605633802816,-,59.89601796053409,51.50064988774666,-8.395368072787427,-,60.04855889724311,50.483091787439605,-9.565467109803507,-,0.45896608905667236,0.3108593378795985,-0.14810675117707384,-,76.92307692307693,80.76923076923077,3.8461538461538396,74.19354838709677,45.16129032258064,-29.032258064516128,28.57142857142857,28.57142857142857,0.0,"[[20, 5, 1], [6, 23, 2], [5, 5, 4]]","[[21, 4, 1], [13, 14, 4], [8, 2, 4]]","[[1, -1, 0], [7, -9, 2], [3, -3, 0]]",-0.21893926014955578,-2.944153240714616,34,13,5,19,0,0
module_masked__no_conv__tp10_L3_p0p65,module_ablation_masked,no_conv,tp10_L3_p0p65,3.0,0.65,run2,oof_pooled,214,67.28971962616822,55.60747663551402,-11.682242990654203,-,63.883865782599955,56.4642516867915,-7.4196140958084555,-,64.55099829747716,54.638998759215426,-9.911999538261739,-,0.4824688400261222,0.33252990827619394,-0.14993893174992828,-,79.74683544303798,67.08860759493672,-12.658227848101262,66.66666666666666,45.16129032258064,-21.505376344086017,45.23809523809524,57.14285714285714,11.904761904761898,"[[63, 13, 3], [24, 62, 7], [9, 14, 19]]","[[53, 16, 10], [30, 42, 21], [15, 3, 24]]","[[-10, 3, 7], [6, -20, 14], [6, -11, 5]]",-0.18206243920191914,-2.4547864933330654,95,49,24,46,0,0
data_no_lstm__tp10_L3_p0p65,data_ablation_no_module,no_lstm,tp10_L3_p0p65,3.0,0.65,run1,fold01,327,75.22935779816514,75.22935779816514,0.0,0,72.98224857739544,72.98224857739544,0.0,0,74.65929369343549,74.65929369343549,0.0,0,0.5824277209957041,0.5824277209957041,0.0,0,76.11940298507463,76.11940298507463,0.0,76.97368421052632,76.97368421052632,0.0,65.85365853658537,65.85365853658537,0.0,"[[102, 30, 2], [31, 117, 4], [4, 10, 27]]","[[102, 30, 2], [31, 117, 4], [4, 10, 27]]","[[0, 0, 0], [0, 0, 0], [0, 0, 0]]",0.0,0.0,246,0,0,81,0,0
data_no_lstm__tp10_L3_p0p65,data_ablation_no_module,no_lstm,tp10_L3_p0p65,3.0,0.65,run1,fold02,326,74.23312883435584,74.23312883435584,0.0,0,73.23841319717204,73.23841319717204,0.0,0,73.4197528076379,73.4197528076379,0.0,0,0.5692124265740279,0.5692124265740279,0.0,0,75.3731343283582,75.3731343283582,0.0,74.3421052631579,74.3421052631579,0.0,70.0,70.0,0.0,"[[101, 30, 3], [31, 113, 8], [5, 7, 28]]","[[101, 30, 3], [31, 113, 8], [5, 7, 28]]","[[0, 0, 0], [0, 0, 0], [0, 0, 0]]",0.0,0.0,242,0,0,84,0,0
data_no_lstm__tp10_L3_p0p65,data_ablation_no_module,no_lstm,tp10_L3_p0p65,3.0,0.65,run1,fold03,326,77.91411042944786,77.91411042944786,0.0,0,77.18643623985336,77.18643623985336,0.0,0,76.36475294195755,76.36475294195755,0.0,0,0.6335414855138196,0.6335414855138196,0.0,0,77.61194029850746,77.61194029850746,0.0,78.94736842105263,78.94736842105263,0.0,75.0,75.0,0.0,"[[104, 23, 7], [25, 120, 7], [3, 7, 30]]","[[104, 23, 7], [25, 120, 7], [3, 7, 30]]","[[0, 0, 0], [0, 0, 0], [0, 0, 0]]",0.0,0.0,254,0,0,72,0,0
data_no_lstm__tp10_L3_p0p65,data_ablation_no_module,no_lstm,tp10_L3_p0p65,3.0,0.65,run1,oof_pooled,979,75.79162410623084,75.79162410623084,0.0,0,74.4568263510633,74.4568263510633,0.0,0,74.79679148332708,74.79679148332708,0.0,0,0.5949564188779985,0.5949564188779985,0.0,0,76.3681592039801,76.3681592039801,0.0,76.75438596491229,76.75438596491229,0.0,70.24793388429752,70.24793388429752,0.0,"[[307, 83, 12], [87, 350, 19], [12, 24, 85]]","[[307, 83, 12], [87, 350, 19], [12, 24, 85]]","[[0, 0, 0], [0, 0, 0], [0, 0, 0]]",0.0,0.0,742,0,0,237,0,0
data_no_lstm__tp10_L3_p0p65,data_ablation_no_module,no_lstm,tp10_L3_p0p65,3.0,0.65,run2,fold01,72,63.888888888888886,63.888888888888886,0.0,0,63.762303009614826,63.762303009614826,0.0,0,62.59259259259259,62.59259259259259,0.0,0,0.45896250049990833,0.45896250049990833,0.0,0,59.25925925925925,59.25925925925925,0.0,67.74193548387096,67.74193548387096,0.0,64.28571428571429,64.28571428571429,0.0,"[[16, 6, 5], [2, 21, 8], [0, 5, 9]]","[[16, 6, 5], [2, 21, 8], [0, 5, 9]]","[[0, 0, 0], [0, 0, 0], [0, 0, 0]]",0.0,0.0,46,0,0,26,0,0
data_no_lstm__tp10_L3_p0p65,data_ablation_no_module,no_lstm,tp10_L3_p0p65,3.0,0.65,run2,fold02,71,56.33802816901409,56.33802816901409,0.0,0,53.73980857851826,53.73980857851826,0.0,0,55.29980107985223,55.29980107985223,0.0,0,0.2972806093565435,0.2972806093565435,0.0,0,53.84615384615385,53.84615384615385,0.0,64.51612903225806,64.51612903225806,0.0,42.857142857142854,42.857142857142854,0.0,"[[14, 11, 1], [9, 20, 2], [2, 6, 6]]","[[14, 11, 1], [9, 20, 2], [2, 6, 6]]","[[0, 0, 0], [0, 0, 0], [0, 0, 0]]",0.0,0.0,40,0,0,31,0,0
data_no_lstm__tp10_L3_p0p65,data_ablation_no_module,no_lstm,tp10_L3_p0p65,3.0,0.65,run2,fold03,71,67.6056338028169,67.6056338028169,0.0,0,63.58265390523455,63.58265390523455,0.0,0,63.48309568648551,63.48309568648551,0.0,0,0.4934358082473687,0.4934358082473687,0.0,0,76.92307692307693,76.92307692307693,0.0,70.96774193548387,70.96774193548387,0.0,42.857142857142854,42.857142857142854,0.0,"[[20, 4, 2], [4, 22, 5], [6, 2, 6]]","[[20, 4, 2], [4, 22, 5], [6, 2, 6]]","[[0, 0, 0], [0, 0, 0], [0, 0, 0]]",0.0,0.0,48,0,0,23,0,0
data_no_lstm__tp10_L3_p0p65,data_ablation_no_module,no_lstm,tp10_L3_p0p65,3.0,0.65,run2,oof_pooled,214,62.616822429906534,62.616822429906534,0.0,0,60.344358241459105,60.344358241459105,0.0,0,60.31415748674011,60.31415748674011,0.0,0,0.41329125049232496,0.41329125049232496,0.0,0,63.29113924050633,63.29113924050633,0.0,67.74193548387096,67.74193548387096,0.0,50.0,50.0,0.0,"[[50, 21, 8], [15, 63, 15], [8, 13, 21]]","[[50, 21, 8], [15, 63, 15], [8, 13, 21]]","[[0, 0, 0], [0, 0, 0], [0, 0, 0]]",0.0,0.0,134,0,0,80,0,0
module_masked__no_lstm__tp10_L3_p0p65,module_ablation_masked,no_lstm,tp10_L3_p0p65,3.0,0.65,run1,fold01,327,80.73394495412845,75.22935779816514,-5.504587155963307,-,76.63048684689517,72.98224857739544,-3.6482382694997284,-,79.0877721312504,74.65929369343549,-4.428478437814917,-,0.6743426700043699,0.5824277209957041,-0.09191494900866581,-,83.5820895522388,76.11940298507463,-7.46268656716417,82.89473684210526,76.97368421052632,-5.921052631578945,63.41463414634146,65.85365853658537,2.439024390243908,"[[112, 20, 2], [25, 126, 1], [5, 10, 26]]","[[102, 30, 2], [31, 117, 4], [4, 10, 27]]","[[-10, 10, 0], [6, -9, 3], [-1, 0, 1]]",-0.07549267121158873,-1.4851109309930821,221,43,25,38,0,0
module_masked__no_lstm__tp10_L3_p0p65,module_ablation_masked,no_lstm,tp10_L3_p0p65,3.0,0.65,run1,fold02,326,81.59509202453987,74.23312883435584,-7.361963190184028,-,82.30361351139041,73.23841319717204,-9.065200314218373,-,82.11529042328695,73.4197528076379,-8.695537615649044,-,0.6929312561648969,0.5692124265740279,-0.123718829590869,-,78.35820895522389,75.3731343283582,-2.985074626865682,83.55263157894737,74.3421052631579,-9.210526315789465,85.0,70.0,-15.0,"[[105, 27, 2], [20, 127, 5], [2, 4, 34]]","[[101, 30, 3], [31, 113, 8], [5, 7, 28]]","[[-4, 3, 1], [11, -14, 3], [3, 3, -6]]",-0.08976334969217102,-2.396152596692183,212,54,30,30,0,0
module_masked__no_lstm__tp10_L3_p0p65,module_ablation_masked,no_lstm,tp10_L3_p0p65,3.0,0.65,run1,fold03,326,84.04907975460122,77.91411042944786,-6.134969325153364,-,80.55053678973553,77.18643623985336,-3.364100549882167,-,82.96722819707497,76.36475294195755,-6.602475255117426,-,0.7301975910800922,0.6335414855138196,-0.09665610556627258,-,82.83582089552239,77.61194029850746,-5.223880597014926,88.81578947368422,78.94736842105263,-9.86842105263159,70.0,75.0,5.0,"[[111, 21, 2], [17, 135, 0], [4, 8, 28]]","[[104, 23, 7], [25, 120, 7], [3, 7, 30]]","[[-7, 2, 5], [8, -15, 7], [-1, -1, 2]]",-0.058484743137362856,1.080665877643127,230,44,24,28,0,0
module_masked__no_lstm__tp10_L3_p0p65,module_ablation_masked,no_lstm,tp10_L3_p0p65,3.0,0.65,run1,oof_pooled,979,82.12461695607763,75.79162410623084,-6.332992849846789,-,79.80234394217112,74.4568263510633,-5.345517591107821,-,81.47172321467072,74.79679148332708,-6.674931731343634,-,0.6985628449866854,0.5949564188779985,-0.10360642610868687,-,81.59203980099502,76.3681592039801,-5.223880597014926,85.08771929824562,76.75438596491229,-8.333333333333329,72.72727272727273,70.24793388429752,-2.47933884297521,"[[328, 68, 6], [62, 388, 6], [11, 22, 88]]","[[307, 83, 12], [87, 350, 19], [12, 24, 85]]","[[-21, 15, 6], [25, -38, 13], [1, 2, -3]]",-0.0745811866686594,-0.9340959600048316,663,141,79,96,0,0
module_masked__no_lstm__tp10_L3_p0p65,module_ablation_masked,no_lstm,tp10_L3_p0p65,3.0,0.65,run2,fold01,72,69.44444444444444,63.888888888888886,-5.555555555555557,-,66.40780565511749,63.762303009614826,-2.64550264550266,-,66.85875706214689,62.59259259259259,-4.266164469554305,-,0.5182264323917611,0.45896250049990833,-0.059263931891852806,-,81.48148148148148,59.25925925925925,-22.22222222222223,67.74193548387096,67.74193548387096,0.0,50.0,64.28571428571429,14.285714285714292,"[[22, 3, 2], [8, 21, 2], [2, 5, 7]]","[[16, 6, 5], [2, 21, 8], [0, 5, 9]]","[[-6, 3, 3], [-6, 0, 6], [-2, 0, 2]]",-0.07781607670691908,-2.0004673932368555,40,10,6,16,0,0
module_masked__no_lstm__tp10_L3_p0p65,module_ablation_masked,no_lstm,tp10_L3_p0p65,3.0,0.65,run2,fold02,71,66.19718309859155,56.33802816901409,-9.859154929577464,-,65.3255346803734,53.73980857851826,-11.585726101855137,-,65.75180206506916,55.29980107985223,-10.452000985216927,-,0.47169889043248636,0.2972806093565435,-0.17441828107594287,-,80.76923076923077,53.84615384615385,-26.923076923076927,58.06451612903226,64.51612903225806,6.451612903225801,57.14285714285714,42.857142857142854,-14.285714285714285,"[[21, 5, 0], [10, 18, 3], [2, 4, 8]]","[[14, 11, 1], [9, 20, 2], [2, 6, 6]]","[[-7, 6, 1], [-1, 2, -1], [0, 2, -2]]",-0.25377294078607743,-2.607677649411465,30,17,10,14,0,0
module_masked__no_lstm__tp10_L3_p0p65,module_ablation_masked,no_lstm,tp10_L3_p0p65,3.0,0.65,run2,fold03,71,66.19718309859155,67.6056338028169,1.408450704225345,+,59.89601796053409,63.58265390523455,3.6866359447004626,+,60.04855889724311,63.48309568648551,3.434536789242401,+,0.45896608905667236,0.4934358082473687,0.03446971919069636,+,76.92307692307693,76.92307692307693,0.0,74.19354838709677,70.96774193548387,-3.225806451612897,28.57142857142857,42.857142857142854,14.285714285714285,"[[20, 5, 1], [6, 23, 2], [5, 5, 4]]","[[20, 4, 2], [4, 22, 5], [6, 2, 6]]","[[0, -1, 1], [-2, -1, 3], [1, -3, 2]]",-0.06961935991307203,-2.6801207011014645,40,7,8,16,0,0
module_masked__no_lstm__tp10_L3_p0p65,module_ablation_masked,no_lstm,tp10_L3_p0p65,3.0,0.65,run2,oof_pooled,214,67.28971962616822,62.616822429906534,-4.672897196261687,-,63.883865782599955,60.344358241459105,-3.53950754114085,-,64.55099829747716,60.31415748674011,-4.236840810737057,-,0.4824688400261222,0.41329125049232496,-0.06917758953379727,-,79.74683544303798,63.29113924050633,-16.455696202531648,66.66666666666666,67.74193548387096,1.0752688172043037,45.23809523809524,50.0,4.761904761904759,"[[63, 13, 3], [24, 62, 7], [9, 14, 19]]","[[50, 21, 8], [15, 63, 15], [8, 13, 21]]","[[-13, 8, 5], [-9, 1, 8], [-1, -1, 2]]",-0.13347481716139153,-2.427417454203138,110,34,24,46,0,0
data_no_attention__tp10_L3_p0p65,data_ablation_no_module,no_attention,tp10_L3_p0p65,3.0,0.65,run1,fold01,327,81.9571865443425,81.9571865443425,0.0,0,79.91197734051183,79.91197734051183,0.0,0,82.01435063589545,82.01435063589545,0.0,0,0.6962494375241386,0.6962494375241386,0.0,0,84.32835820895522,84.32835820895522,0.0,82.23684210526315,82.23684210526315,0.0,73.17073170731707,73.17073170731707,0.0,"[[113, 19, 2], [27, 125, 0], [2, 9, 30]]","[[113, 19, 2], [27, 125, 0], [2, 9, 30]]","[[0, 0, 0], [0, 0, 0], [0, 0, 0]]",0.0,0.0,268,0,0,59,0,0
data_no_attention__tp10_L3_p0p65,data_ablation_no_module,no_attention,tp10_L3_p0p65,3.0,0.65,run1,fold02,326,81.90184049079755,81.90184049079755,0.0,0,79.51165226499084,79.51165226499084,0.0,0,80.47822307750707,80.47822307750707,0.0,0,0.6958625448093783,0.6958625448093783,0.0,0,79.8507462686567,79.8507462686567,0.0,86.18421052631578,86.18421052631578,0.0,72.5,72.5,0.0,"[[107, 24, 3], [17, 131, 4], [4, 7, 29]]","[[107, 24, 3], [17, 131, 4], [4, 7, 29]]","[[0, 0, 0], [0, 0, 0], [0, 0, 0]]",0.0,0.0,267,0,0,59,0,0
data_no_attention__tp10_L3_p0p65,data_ablation_no_module,no_attention,tp10_L3_p0p65,3.0,0.65,run1,fold03,326,84.3558282208589,84.3558282208589,0.0,0,83.89892642052894,83.89892642052894,0.0,0,83.66469909688912,83.66469909688912,0.0,0,0.7390486456524588,0.7390486456524588,0.0,0,84.32835820895522,84.32835820895522,0.0,84.86842105263158,84.86842105263158,0.0,82.5,82.5,0.0,"[[113, 20, 1], [16, 129, 7], [4, 3, 33]]","[[113, 20, 1], [16, 129, 7], [4, 3, 33]]","[[0, 0, 0], [0, 0, 0], [0, 0, 0]]",0.0,0.0,275,0,0,51,0,0
data_no_attention__tp10_L3_p0p65,data_ablation_no_module,no_attention,tp10_L3_p0p65,3.0,0.65,run1,oof_pooled,979,82.73748723186925,82.73748723186925,0.0,0,81.09956776938853,81.09956776938853,0.0,0,82.05217929651486,82.05217929651486,0.0,0,0.7100686691507885,0.7100686691507885,0.0,0,82.83582089552239,82.83582089552239,0.0,84.4298245614035,84.4298245614035,0.0,76.03305785123968,76.03305785123968,0.0,"[[333, 63, 6], [60, 385, 11], [10, 19, 92]]","[[333, 63, 6], [60, 385, 11], [10, 19, 92]]","[[0, 0, 0], [0, 0, 0], [0, 0, 0]]",0.0,0.0,810,0,0,169,0,0
data_no_attention__tp10_L3_p0p65,data_ablation_no_module,no_attention,tp10_L3_p0p65,3.0,0.65,run2,fold01,72,58.333333333333336,58.333333333333336,0.0,0,55.384877965523124,55.384877965523124,0.0,0,55.707282913165265,55.707282913165265,0.0,0,0.3440986103748549,0.3440986103748549,0.0,0,55.55555555555556,55.55555555555556,0.0,67.74193548387096,67.74193548387096,0.0,42.857142857142854,42.857142857142854,0.0,"[[15, 9, 3], [5, 21, 5], [1, 7, 6]]","[[15, 9, 3], [5, 21, 5], [1, 7, 6]]","[[0, 0, 0], [0, 0, 0], [0, 0, 0]]",0.0,0.0,42,0,0,30,0,0
data_no_attention__tp10_L3_p0p65,data_ablation_no_module,no_attention,tp10_L3_p0p65,3.0,0.65,run2,fold02,71,63.38028169014085,63.38028169014085,0.0,0,68.66950254047029,68.66950254047029,0.0,0,63.681341719077565,63.681341719077565,0.0,0,0.4690406293950227,0.4690406293950227,0.0,0,61.53846153846154,61.53846153846154,0.0,51.61290322580645,51.61290322580645,0.0,92.85714285714286,92.85714285714286,0.0,"[[16, 6, 4], [7, 16, 8], [1, 0, 13]]","[[16, 6, 4], [7, 16, 8], [1, 0, 13]]","[[0, 0, 0], [0, 0, 0], [0, 0, 0]]",0.0,0.0,45,0,0,26,0,0
data_no_attention__tp10_L3_p0p65,data_ablation_no_module,no_attention,tp10_L3_p0p65,3.0,0.65,run2,fold03,71,56.33802816901409,56.33802816901409,0.0,0,51.74878884556304,51.74878884556304,0.0,0,51.7458781609725,51.7458781609725,0.0,0,0.30795014030702567,0.30795014030702567,0.0,0,65.38461538461539,65.38461538461539,0.0,61.29032258064516,61.29032258064516,0.0,28.57142857142857,28.57142857142857,0.0,"[[17, 7, 2], [6, 19, 6], [4, 6, 4]]","[[17, 7, 2], [6, 19, 6], [4, 6, 4]]","[[0, 0, 0], [0, 0, 0], [0, 0, 0]]",0.0,0.0,40,0,0,31,0,0
data_no_attention__tp10_L3_p0p65,data_ablation_no_module,no_attention,tp10_L3_p0p65,3.0,0.65,run2,oof_pooled,214,59.345794392523366,59.345794392523366,0.0,0,58.5788173987439,58.5788173987439,0.0,0,57.96936324972884,57.96936324972884,0.0,0,0.36980374236342506,0.36980374236342506,0.0,0,60.75949367088608,60.75949367088608,0.0,60.215053763440864,60.215053763440864,0.0,54.761904761904766,54.761904761904766,0.0,"[[48, 22, 9], [18, 56, 19], [6, 13, 23]]","[[48, 22, 9], [18, 56, 19], [6, 13, 23]]","[[0, 0, 0], [0, 0, 0], [0, 0, 0]]",0.0,0.0,127,0,0,87,0,0
module_masked__no_attention__tp10_L3_p0p65,module_ablation_masked,no_attention,tp10_L3_p0p65,3.0,0.65,run1,fold01,327,80.73394495412845,81.9571865443425,1.2232415902140588,+,76.63048684689517,79.91197734051183,3.2814904936166585,+,79.0877721312504,82.01435063589545,2.9265785046450503,+,0.6743426700043699,0.6962494375241386,0.02190676751976872,+,83.5820895522388,84.32835820895522,0.7462686567164241,82.89473684210526,82.23684210526315,-0.6578947368421098,63.41463414634146,73.17073170731707,9.756097560975611,"[[112, 20, 2], [25, 126, 1], [5, 10, 26]]","[[113, 19, 2], [27, 125, 0], [2, 9, 30]]","[[1, -1, 0], [2, -1, -1], [-3, -1, 4]]",-0.006360496992112356,0.5181281323792464,235,29,33,30,0,0
module_masked__no_attention__tp10_L3_p0p65,module_ablation_masked,no_attention,tp10_L3_p0p65,3.0,0.65,run1,fold02,326,81.59509202453987,81.90184049079755,0.30674846625768737,+,82.30361351139041,79.51165226499084,-2.791961246399566,-,82.11529042328695,80.47822307750707,-1.637067345779883,-,0.6929312561648969,0.6958625448093783,0.0029312886444813335,+,78.35820895522389,79.8507462686567,1.4925373134328197,83.55263157894737,86.18421052631578,2.6315789473684106,85.0,72.5,-12.5,"[[105, 27, 2], [20, 127, 5], [2, 4, 34]]","[[107, 24, 3], [17, 131, 4], [4, 7, 29]]","[[2, -3, 1], [-3, 4, -1], [2, 3, -5]]",-0.0027604491076895217,1.9776550132861257,232,34,35,25,0,0
module_masked__no_attention__tp10_L3_p0p65,module_ablation_masked,no_attention,tp10_L3_p0p65,3.0,0.65,run1,fold03,326,84.04907975460122,84.3558282208589,0.30674846625767316,+,80.55053678973553,83.89892642052894,3.348389630793406,+,82.96722819707497,83.66469909688912,0.6974708998141494,+,0.7301975910800922,0.7390486456524588,0.008851054572366568,+,82.83582089552239,84.32835820895522,1.492537313432834,88.81578947368422,84.86842105263158,-3.9473684210526443,70.0,82.5,12.5,"[[111, 21, 2], [17, 135, 0], [4, 8, 28]]","[[113, 20, 1], [16, 129, 7], [4, 3, 33]]","[[2, -1, -1], [-1, -6, 7], [0, -5, 5]]",-0.008201798213698952,0.9643015484925519,244,30,31,21,0,0
module_masked__no_attention__tp10_L3_p0p65,module_ablation_masked,no_attention,tp10_L3_p0p65,3.0,0.65,run1,oof_pooled,979,82.12461695607763,82.73748723186925,0.6128702757916216,+,79.80234394217112,81.09956776938853,1.2972238272174081,+,81.47172321467072,82.05217929651486,0.5804560818441473,+,0.6985628449866854,0.7100686691507885,0.011505824164103062,+,81.59203980099502,82.83582089552239,1.243781094527364,85.08771929824562,84.4298245614035,-0.6578947368421098,72.72727272727273,76.03305785123968,3.305785123966942,"[[328, 68, 6], [62, 388, 6], [11, 22, 88]]","[[333, 63, 6], [60, 385, 11], [10, 19, 92]]","[[5, -5, 0], [-2, -3, 5], [-1, -3, 4]]",-0.005774846928695997,1.1527127052378576,711,93,99,76,0,0
module_masked__no_attention__tp10_L3_p0p65,module_ablation_masked,no_attention,tp10_L3_p0p65,3.0,0.65,run2,fold01,72,69.44444444444444,58.333333333333336,-11.111111111111107,-,66.40780565511749,55.384877965523124,-11.022927689594361,-,66.85875706214689,55.707282913165265,-11.151474148981627,-,0.5182264323917611,0.3440986103748549,-0.17412782201690624,-,81.48148148148148,55.55555555555556,-25.925925925925924,67.74193548387096,67.74193548387096,0.0,50.0,42.857142857142854,-7.142857142857146,"[[22, 3, 2], [8, 21, 2], [2, 5, 7]]","[[15, 9, 3], [5, 21, 5], [1, 7, 6]]","[[-7, 6, 1], [-3, 0, 3], [-1, 2, -1]]",-0.15335354340737695,-2.3349170043818757,37,13,5,17,0,0
module_masked__no_attention__tp10_L3_p0p65,module_ablation_masked,no_attention,tp10_L3_p0p65,3.0,0.65,run2,fold02,71,66.19718309859155,63.38028169014085,-2.816901408450704,-,65.3255346803734,68.66950254047029,3.343967860096896,+,65.75180206506916,63.681341719077565,-2.0704603459915916,-,0.47169889043248636,0.4690406293950227,-0.0026582610374636384,-,80.76923076923077,61.53846153846154,-19.230769230769234,58.06451612903226,51.61290322580645,-6.451612903225815,57.14285714285714,92.85714285714286,35.71428571428572,"[[21, 5, 0], [10, 18, 3], [2, 4, 8]]","[[16, 6, 4], [7, 16, 8], [1, 0, 13]]","[[-5, 1, 4], [-3, -2, 5], [-1, -4, 5]]",-0.08481250052922322,-1.8143298276716475,33,14,12,12,0,0
module_masked__no_attention__tp10_L3_p0p65,module_ablation_masked,no_attention,tp10_L3_p0p65,3.0,0.65,run2,fold03,71,66.19718309859155,56.33802816901409,-9.859154929577464,-,59.89601796053409,51.74878884556304,-8.147229114971047,-,60.04855889724311,51.7458781609725,-8.30268073627061,-,0.45896608905667236,0.30795014030702567,-0.1510159487496467,-,76.92307692307693,65.38461538461539,-11.538461538461547,74.19354838709677,61.29032258064516,-12.903225806451609,28.57142857142857,28.57142857142857,0.0,"[[20, 5, 1], [6, 23, 2], [5, 5, 4]]","[[17, 7, 2], [6, 19, 6], [4, 6, 4]]","[[-3, 2, 1], [0, -4, 4], [-1, 1, 0]]",-0.18859351448549647,-3.8264942031196307,35,12,5,19,0,0
module_masked__no_attention__tp10_L3_p0p65,module_ablation_masked,no_attention,tp10_L3_p0p65,3.0,0.65,run2,oof_pooled,214,67.28971962616822,59.345794392523366,-7.943925233644855,-,63.883865782599955,58.5788173987439,-5.305048383856054,-,64.55099829747716,57.96936324972884,-6.581635047748321,-,0.4824688400261222,0.36980374236342506,-0.11266509766269717,-,79.74683544303798,60.75949367088608,-18.9873417721519,66.66666666666666,60.215053763440864,-6.451612903225794,45.23809523809524,54.761904761904766,9.523809523809526,"[[63, 13, 3], [24, 62, 7], [9, 14, 19]]","[[48, 22, 9], [18, 56, 19], [6, 13, 23]]","[[-15, 9, 6], [-6, -6, 12], [-3, -1, 4]]",-0.14230505696904786,-2.6570678995405412,105,39,22,48,0,0
data_full__tp11_L3_p0p95,data_ablation_full,,tp11_L3_p0p95,3.0,0.95,run1,fold01,327,80.73394495412845,80.73394495412845,0.0,0,76.63048684689517,76.63048684689517,0.0,0,79.0877721312504,79.0877721312504,0.0,0,0.6743426700043699,0.6743426700043699,0.0,0,83.5820895522388,83.5820895522388,0.0,82.89473684210526,82.89473684210526,0.0,63.41463414634146,63.41463414634146,0.0,"[[112, 20, 2], [25, 126, 1], [5, 10, 26]]","[[112, 20, 2], [25, 126, 1], [5, 10, 26]]","[[0, 0, 0], [0, 0, 0], [0, 0, 0]]",0.0,0.0,264,0,0,63,0,0
data_full__tp11_L3_p0p95,data_ablation_full,,tp11_L3_p0p95,3.0,0.95,run1,fold02,326,81.59509202453987,81.59509202453987,0.0,0,82.30361351139041,82.30361351139041,0.0,0,82.11529042328695,82.11529042328695,0.0,0,0.6929312561648969,0.6929312561648969,0.0,0,78.35820895522389,78.35820895522389,0.0,83.55263157894737,83.55263157894737,0.0,85.0,85.0,0.0,"[[105, 27, 2], [20, 127, 5], [2, 4, 34]]","[[105, 27, 2], [20, 127, 5], [2, 4, 34]]","[[0, 0, 0], [0, 0, 0], [0, 0, 0]]",-2.3272145965184054e-07,-0.0006990557067964706,266,0,0,60,1,108
data_full__tp11_L3_p0p95,data_ablation_full,,tp11_L3_p0p95,3.0,0.95,run1,fold03,326,84.04907975460122,84.3558282208589,0.30674846625767316,+,80.55053678973553,81.38387012306887,0.8333333333333428,+,82.96722819707497,83.62102439196583,0.6537961948908588,+,0.7301975910800922,0.7356248195450564,0.00542722846496424,+,82.83582089552239,82.83582089552239,0.0,88.81578947368422,88.81578947368422,0.0,70.0,72.5,2.5,"[[111, 21, 2], [17, 135, 0], [4, 8, 28]]","[[111, 21, 2], [17, 135, 0], [4, 7, 29]]","[[0, 0, 0], [0, 0, 0], [0, -1, 1]]",0.0023411729493024156,0.02231436585036158,274,0,1,51,1,103
data_full__tp11_L3_p0p95,data_ablation_full,,tp11_L3_p0p95,3.0,0.95,run1,oof_pooled,979,82.12461695607763,82.2267620020429,0.10214504596527263,+,79.80234394217112,80.07782603583503,0.27548209366391063,+,81.47172321467072,81.68213020875666,0.2104069940859432,+,0.6985628449866854,0.7004096268919455,0.0018467819052601087,+,81.59203980099502,81.59203980099502,0.0,85.08771929824562,85.08771929824562,0.0,72.72727272727273,73.55371900826447,0.8264462809917319,"[[328, 68, 6], [62, 388, 6], [11, 22, 88]]","[[328, 68, 6], [62, 388, 6], [11, 21, 89]]","[[0, 0, 0], [0, 0, 0], [0, -1, 1]]",0.0007795163577903381,0.007197743725027809,804,0,1,174,2,211
data_full__tp11_L3_p0p95,data_ablation_full,,tp11_L3_p0p95,3.0,0.95,run2,fold01,72,69.44444444444444,69.44444444444444,0.0,0,66.40780565511749,66.40780565511749,0.0,0,66.85875706214689,66.85875706214689,0.0,0,0.5182264323917611,0.5182264323917611,0.0,0,81.48148148148148,81.48148148148148,0.0,67.74193548387096,67.74193548387096,0.0,50.0,50.0,0.0,"[[22, 3, 2], [8, 21, 2], [2, 5, 7]]","[[22, 3, 2], [8, 21, 2], [2, 5, 7]]","[[0, 0, 0], [0, 0, 0], [0, 0, 0]]",0.0,0.0,50,0,0,22,0,0
data_full__tp11_L3_p0p95,data_ablation_full,,tp11_L3_p0p95,3.0,0.95,run2,fold02,71,66.19718309859155,66.19718309859155,0.0,0,65.3255346803734,65.3255346803734,0.0,0,65.75180206506916,65.75180206506916,0.0,0,0.47169889043248636,0.47169889043248636,0.0,0,80.76923076923077,80.76923076923077,0.0,58.06451612903226,58.06451612903226,0.0,57.14285714285714,57.14285714285714,0.0,"[[21, 5, 0], [10, 18, 3], [2, 4, 8]]","[[21, 5, 0], [10, 18, 3], [2, 4, 8]]","[[0, 0, 0], [0, 0, 0], [0, 0, 0]]",0.0,0.0,47,0,0,24,0,0
data_full__tp11_L3_p0p95,data_ablation_full,,tp11_L3_p0p95,3.0,0.95,run2,fold03,71,66.19718309859155,66.19718309859155,0.0,0,59.89601796053409,59.89601796053409,0.0,0,60.04855889724311,60.04855889724311,0.0,0,0.45896608905667236,0.45896608905667236,0.0,0,76.92307692307693,76.92307692307693,0.0,74.19354838709677,74.19354838709677,0.0,28.57142857142857,28.57142857142857,0.0,"[[20, 5, 1], [6, 23, 2], [5, 5, 4]]","[[20, 5, 1], [6, 23, 2], [5, 5, 4]]","[[0, 0, 0], [0, 0, 0], [0, 0, 0]]",0.0,0.0,47,0,0,24,0,0
data_full__tp11_L3_p0p95,data_ablation_full,,tp11_L3_p0p95,3.0,0.95,run2,oof_pooled,214,67.28971962616822,67.28971962616822,0.0,0,63.883865782599955,63.883865782599955,0.0,0,64.55099829747716,64.55099829747716,0.0,0,0.4824688400261222,0.4824688400261222,0.0,0,79.74683544303798,79.74683544303798,0.0,66.66666666666666,66.66666666666666,0.0,45.23809523809524,45.23809523809524,0.0,"[[63, 13, 3], [24, 62, 7], [9, 14, 19]]","[[63, 13, 3], [24, 62, 7], [9, 14, 19]]","[[0, 0, 0], [0, 0, 0], [0, 0, 0]]",0.0,0.0,144,0,0,70,0,0
data_no_conv__tp11_L3_p0p95,data_ablation_no_module,no_conv,tp11_L3_p0p95,3.0,0.95,run1,fold01,327,79.20489296636084,79.20489296636084,0.0,0,77.82046123681977,77.82046123681977,0.0,0,79.390186562109,79.390186562109,0.0,0,0.6509524121737486,0.6509524121737486,0.0,0,81.34328358208955,81.34328358208955,0.0,78.94736842105263,78.94736842105263,0.0,73.17073170731707,73.17073170731707,0.0,"[[109, 24, 1], [29, 120, 3], [5, 6, 30]]","[[109, 24, 1], [29, 120, 3], [5, 6, 30]]","[[0, 0, 0], [0, 0, 0], [0, 0, 0]]",0.0,0.0,259,0,0,68,0,0
data_no_conv__tp11_L3_p0p95,data_ablation_no_module,no_conv,tp11_L3_p0p95,3.0,0.95,run1,fold02,326,80.06134969325154,80.06134969325154,0.0,0,78.89827179890023,78.89827179890023,0.0,0,78.65140888396702,78.65140888396702,0.0,0,0.667755761900005,0.667755761900005,0.0,0,82.08955223880598,82.08955223880598,0.0,79.60526315789474,79.60526315789474,0.0,75.0,75.0,0.0,"[[110, 22, 2], [22, 121, 9], [4, 6, 30]]","[[110, 22, 2], [22, 121, 9], [4, 6, 30]]","[[0, 0, 0], [0, 0, 0], [0, 0, 0]]",-0.00022255163068420308,-0.002879917301648965,261,0,0,65,1,108
data_no_conv__tp11_L3_p0p95,data_ablation_no_module,no_conv,tp11_L3_p0p95,3.0,0.95,run1,fold03,326,77.60736196319019,77.91411042944786,0.30674846625767316,+,80.15514532600157,80.9884786593349,0.8333333333333286,+,76.45264363658288,76.97805882916548,0.5254151925825994,+,0.6403712014169086,0.6463632153530965,0.005992013936187868,+,80.59701492537313,80.59701492537313,0.0,72.36842105263158,72.36842105263158,0.0,87.5,90.0,2.5,"[[108, 18, 8], [28, 110, 14], [0, 5, 35]]","[[108, 18, 8], [28, 110, 14], [0, 4, 36]]","[[0, 0, 0], [0, 0, 0], [0, -1, 1]]",0.001973806566164538,0.016051993688191372,253,0,1,72,1,103
data_no_conv__tp11_L3_p0p95,data_ablation_no_module,no_conv,tp11_L3_p0p95,3.0,0.95,run1,oof_pooled,979,78.95812053115424,79.06026557711951,0.10214504596527263,+,78.94312149561026,79.21860358927417,0.27548209366391063,+,78.0672759638754,78.26089668178145,0.19362071790604318,+,0.6519762827892167,0.653913089051859,0.0019368062626422544,+,81.34328358208955,81.34328358208955,0.0,76.97368421052632,76.97368421052632,0.0,78.51239669421489,79.33884297520662,0.8264462809917319,"[[327, 64, 11], [79, 351, 26], [9, 17, 95]]","[[327, 64, 11], [79, 351, 26], [9, 16, 96]]","[[0, 0, 0], [0, 0, 0], [0, -1, 1]]",0.0005831553717738397,0.004386207254354265,773,0,1,205,2,211
data_no_conv__tp11_L3_p0p95,data_ablation_no_module,no_conv,tp11_L3_p0p95,3.0,0.95,run2,fold01,72,55.55555555555556,55.55555555555556,0.0,0,57.151391022358766,57.151391022358766,0.0,0,54.93827160493828,54.93827160493828,0.0,0,0.3353881275042346,0.3353881275042346,0.0,0,55.55555555555556,55.55555555555556,0.0,51.61290322580645,51.61290322580645,0.0,64.28571428571429,64.28571428571429,0.0,"[[15, 6, 6], [8, 16, 7], [4, 1, 9]]","[[15, 6, 6], [8, 16, 7], [4, 1, 9]]","[[0, 0, 0], [0, 0, 0], [0, 0, 0]]",0.0,0.0,40,0,0,32,0,0
data_no_conv__tp11_L3_p0p95,data_ablation_no_module,no_conv,tp11_L3_p0p95,3.0,0.95,run2,fold02,71,56.33802816901409,56.33802816901409,0.0,0,60.888573791799594,60.888573791799594,0.0,0,56.23083683234059,56.23083683234059,0.0,0,0.3663549852444777,0.3663549852444777,0.0,0,65.38461538461539,65.38461538461539,0.0,38.70967741935484,38.70967741935484,0.0,78.57142857142857,78.57142857142857,0.0,"[[17, 6, 3], [9, 12, 10], [3, 0, 11]]","[[17, 6, 3], [9, 12, 10], [3, 0, 11]]","[[0, 0, 0], [0, 0, 0], [0, 0, 0]]",0.0,0.0,40,0,0,31,0,0
data_no_conv__tp11_L3_p0p95,data_ablation_no_module,no_conv,tp11_L3_p0p95,3.0,0.95,run2,fold03,71,54.929577464788736,54.929577464788736,0.0,0,51.50064988774666,51.50064988774666,0.0,0,50.483091787439605,50.483091787439605,0.0,0,0.3108593378795985,0.3108593378795985,0.0,0,80.76923076923077,80.76923076923077,0.0,45.16129032258064,45.16129032258064,0.0,28.57142857142857,28.57142857142857,0.0,"[[21, 4, 1], [13, 14, 4], [8, 2, 4]]","[[21, 4, 1], [13, 14, 4], [8, 2, 4]]","[[0, 0, 0], [0, 0, 0], [0, 0, 0]]",0.0,0.0,39,0,0,32,0,0
data_no_conv__tp11_L3_p0p95,data_ablation_no_module,no_conv,tp11_L3_p0p95,3.0,0.95,run2,oof_pooled,214,55.60747663551402,55.60747663551402,0.0,0,56.4642516867915,56.4642516867915,0.0,0,54.638998759215426,54.638998759215426,0.0,0,0.33252990827619394,0.33252990827619394,0.0,0,67.08860759493672,67.08860759493672,0.0,45.16129032258064,45.16129032258064,0.0,57.14285714285714,57.14285714285714,0.0,"[[53, 16, 10], [30, 42, 21], [15, 3, 24]]","[[53, 16, 10], [30, 42, 21], [15, 3, 24]]","[[0, 0, 0], [0, 0, 0], [0, 0, 0]]",0.0,0.0,119,0,0,95,0,0
module_masked__no_conv__tp11_L3_p0p95,module_ablation_masked,no_conv,tp11_L3_p0p95,3.0,0.95,run1,fold01,327,80.73394495412845,79.20489296636084,-1.5290519877676019,-,76.63048684689517,77.82046123681977,1.1899743899246005,+,79.0877721312504,79.390186562109,0.3024144308585903,+,0.6743426700043699,0.6509524121737486,-0.02339025783062132,-,83.5820895522388,81.34328358208955,-2.2388059701492438,82.89473684210526,78.94736842105263,-3.94736842105263,63.41463414634146,73.17073170731707,9.756097560975611,"[[112, 20, 2], [25, 126, 1], [5, 10, 26]]","[[109, 24, 1], [29, 120, 3], [5, 6, 30]]","[[-3, 4, -1], [4, -6, 2], [0, -4, 4]]",-0.014914479366229506,0.21637581551977253,235,29,24,39,0,0
module_masked__no_conv__tp11_L3_p0p95,module_ablation_masked,no_conv,tp11_L3_p0p95,3.0,0.95,run1,fold02,326,81.59509202453987,80.06134969325154,-1.5337423312883232,-,82.30361351139041,78.89827179890023,-3.405341712490184,-,82.11529042328695,78.65140888396702,-3.463881539319928,-,0.6929312561648969,0.667755761900005,-0.025175494264891962,-,78.35820895522389,82.08955223880598,3.731343283582092,83.55263157894737,79.60526315789474,-3.94736842105263,85.0,75.0,-10.0,"[[105, 27, 2], [20, 127, 5], [2, 4, 34]]","[[110, 22, 2], [22, 121, 9], [4, 6, 30]]","[[5, -5, 0], [2, -6, 4], [2, 2, -4]]",-0.03629226114306965,-1.4137210715162152,228,38,33,27,1,108
module_masked__no_conv__tp11_L3_p0p95,module_ablation_masked,no_conv,tp11_L3_p0p95,3.0,0.95,run1,fold03,326,84.3558282208589,77.91411042944786,-6.441717791411037,-,81.38387012306887,80.9884786593349,-0.39539146373397216,-,83.62102439196583,76.97805882916548,-6.642965562800356,-,0.7356248195450564,0.6463632153530965,-0.08926160419195994,-,82.83582089552239,80.59701492537313,-2.238805970149258,88.81578947368422,72.36842105263158,-16.447368421052644,72.5,90.0,17.5,"[[111, 21, 2], [17, 135, 0], [4, 7, 29]]","[[108, 18, 8], [28, 110, 14], [0, 4, 36]]","[[-3, -3, 6], [11, -25, 14], [-4, -3, 7]]",-0.09520954788128894,-2.4223167475290093,225,50,29,22,1,103
module_masked__no_conv__tp11_L3_p0p95,module_ablation_masked,no_conv,tp11_L3_p0p95,3.0,0.95,run1,oof_pooled,979,82.2267620020429,79.06026557711951,-3.1664964249233947,-,80.07782603583503,79.21860358927417,-0.8592224465608638,-,81.68213020875666,78.26089668178145,-3.4212335269752145,-,0.7004096268919455,0.653913089051859,-0.04649653784008656,-,81.59203980099502,81.34328358208955,-0.24875621890546995,85.08771929824562,76.97368421052632,-8.114035087719301,73.55371900826447,79.33884297520662,5.785123966942152,"[[328, 68, 6], [62, 388, 6], [11, 21, 89]]","[[327, 64, 11], [79, 351, 26], [9, 16, 96]]","[[-1, -4, 5], [17, -37, 20], [-2, -5, 7]]",-0.04877081153697441,-1.205100548859834,688,117,86,88,2,211
module_masked__no_conv__tp11_L3_p0p95,module_ablation_masked,no_conv,tp11_L3_p0p95,3.0,0.95,run2,fold01,72,69.44444444444444,55.55555555555556,-13.888888888888886,-,66.40780565511749,57.151391022358766,-9.25641463275872,-,66.85875706214689,54.93827160493828,-11.920485457208613,-,0.5182264323917611,0.3353881275042346,-0.18283830488752656,-,81.48148148148148,55.55555555555556,-25.925925925925924,67.74193548387096,51.61290322580645,-16.129032258064512,50.0,64.28571428571429,14.285714285714292,"[[22, 3, 2], [8, 21, 2], [2, 5, 7]]","[[15, 6, 6], [8, 16, 7], [4, 1, 9]]","[[-7, 3, 4], [0, -5, 5], [2, -4, 2]]",-0.15886324670933996,-2.001865846292478,30,20,10,12,0,0
module_masked__no_conv__tp11_L3_p0p95,module_ablation_masked,no_conv,tp11_L3_p0p95,3.0,0.95,run2,fold02,71,66.19718309859155,56.33802816901409,-9.859154929577464,-,65.3255346803734,60.888573791799594,-4.4369608885738,-,65.75180206506916,56.23083683234059,-9.520965232728564,-,0.47169889043248636,0.3663549852444777,-0.10534390518800868,-,80.76923076923077,65.38461538461539,-15.384615384615387,58.06451612903226,38.70967741935484,-19.354838709677423,57.14285714285714,78.57142857142857,21.42857142857143,"[[21, 5, 0], [10, 18, 3], [2, 4, 8]]","[[17, 6, 3], [9, 12, 10], [3, 0, 11]]","[[-4, 1, 3], [-1, -6, 7], [1, -4, 3]]",-0.16871155993689793,-2.424719557034927,31,16,9,15,0,0
module_masked__no_conv__tp11_L3_p0p95,module_ablation_masked,no_conv,tp11_L3_p0p95,3.0,0.95,run2,fold03,71,66.19718309859155,54.929577464788736,-11.267605633802816,-,59.89601796053409,51.50064988774666,-8.395368072787427,-,60.04855889724311,50.483091787439605,-9.565467109803507,-,0.45896608905667236,0.3108593378795985,-0.14810675117707384,-,76.92307692307693,80.76923076923077,3.8461538461538396,74.19354838709677,45.16129032258064,-29.032258064516128,28.57142857142857,28.57142857142857,0.0,"[[20, 5, 1], [6, 23, 2], [5, 5, 4]]","[[21, 4, 1], [13, 14, 4], [8, 2, 4]]","[[1, -1, 0], [7, -9, 2], [3, -3, 0]]",-0.21893926014955578,-2.944153240714616,34,13,5,19,0,0
module_masked__no_conv__tp11_L3_p0p95,module_ablation_masked,no_conv,tp11_L3_p0p95,3.0,0.95,run2,oof_pooled,214,67.28971962616822,55.60747663551402,-11.682242990654203,-,63.883865782599955,56.4642516867915,-7.4196140958084555,-,64.55099829747716,54.638998759215426,-9.911999538261739,-,0.4824688400261222,0.33252990827619394,-0.14993893174992828,-,79.74683544303798,67.08860759493672,-12.658227848101262,66.66666666666666,45.16129032258064,-21.505376344086017,45.23809523809524,57.14285714285714,11.904761904761898,"[[63, 13, 3], [24, 62, 7], [9, 14, 19]]","[[53, 16, 10], [30, 42, 21], [15, 3, 24]]","[[-10, 3, 7], [6, -20, 14], [6, -11, 5]]",-0.18206243920191914,-2.4547864933330654,95,49,24,46,0,0
data_no_lstm__tp11_L3_p0p95,data_ablation_no_module,no_lstm,tp11_L3_p0p95,3.0,0.95,run1,fold01,327,75.22935779816514,75.22935779816514,0.0,0,72.98224857739544,72.98224857739544,0.0,0,74.65929369343549,74.65929369343549,0.0,0,0.5824277209957041,0.5824277209957041,0.0,0,76.11940298507463,76.11940298507463,0.0,76.97368421052632,76.97368421052632,0.0,65.85365853658537,65.85365853658537,0.0,"[[102, 30, 2], [31, 117, 4], [4, 10, 27]]","[[102, 30, 2], [31, 117, 4], [4, 10, 27]]","[[0, 0, 0], [0, 0, 0], [0, 0, 0]]",0.0,0.0,246,0,0,81,0,0
data_no_lstm__tp11_L3_p0p95,data_ablation_no_module,no_lstm,tp11_L3_p0p95,3.0,0.95,run1,fold02,326,74.23312883435584,74.23312883435584,0.0,0,73.23841319717204,73.23841319717204,0.0,0,73.4197528076379,73.4197528076379,0.0,0,0.5692124265740279,0.5692124265740279,0.0,0,75.3731343283582,75.3731343283582,0.0,74.3421052631579,74.3421052631579,0.0,70.0,70.0,0.0,"[[101, 30, 3], [31, 113, 8], [5, 7, 28]]","[[101, 30, 3], [31, 113, 8], [5, 7, 28]]","[[0, 0, 0], [0, 0, 0], [0, 0, 0]]",-7.90938552172087e-07,-3.7187264740831384e-05,242,0,0,84,1,108
data_no_lstm__tp11_L3_p0p95,data_ablation_no_module,no_lstm,tp11_L3_p0p95,3.0,0.95,run1,fold03,326,77.91411042944786,77.91411042944786,0.0,0,77.18643623985336,77.18643623985336,0.0,0,76.36475294195755,76.36475294195755,0.0,0,0.6335414855138196,0.6335414855138196,0.0,0,77.61194029850746,77.61194029850746,0.0,78.94736842105263,78.94736842105263,0.0,75.0,75.0,0.0,"[[104, 23, 7], [25, 120, 7], [3, 7, 30]]","[[104, 23, 7], [25, 120, 7], [3, 7, 30]]","[[0, 0, 0], [0, 0, 0], [0, 0, 0]]",-3.236238803677823e-11,-2.442693417789015e-07,254,0,0,72,1,103
data_no_lstm__tp11_L3_p0p95,data_ablation_no_module,no_lstm,tp11_L3_p0p95,3.0,0.95,run1,oof_pooled,979,75.79162410623084,75.79162410623084,0.0,0,74.4568263510633,74.4568263510633,0.0,0,74.79679148332708,74.79679148332708,0.0,0,0.5949564188779985,0.5949564188779985,0.0,0,76.3681592039801,76.3681592039801,0.0,76.75438596491229,76.75438596491229,0.0,70.24793388429752,70.24793388429752,0.0,"[[307, 83, 12], [87, 350, 19], [12, 24, 85]]","[[307, 83, 12], [87, 350, 19], [12, 24, 85]]","[[0, 0, 0], [0, 0, 0], [0, 0, 0]]",-2.633876589852915e-07,-1.2464433208305365e-05,742,0,0,237,2,211
data_no_lstm__tp11_L3_p0p95,data_ablation_no_module,no_lstm,tp11_L3_p0p95,3.0,0.95,run2,fold01,72,63.888888888888886,63.888888888888886,0.0,0,63.762303009614826,63.762303009614826,0.0,0,62.59259259259259,62.59259259259259,0.0,0,0.45896250049990833,0.45896250049990833,0.0,0,59.25925925925925,59.25925925925925,0.0,67.74193548387096,67.74193548387096,0.0,64.28571428571429,64.28571428571429,0.0,"[[16, 6, 5], [2, 21, 8], [0, 5, 9]]","[[16, 6, 5], [2, 21, 8], [0, 5, 9]]","[[0, 0, 0], [0, 0, 0], [0, 0, 0]]",0.0,0.0,46,0,0,26,0,0
data_no_lstm__tp11_L3_p0p95,data_ablation_no_module,no_lstm,tp11_L3_p0p95,3.0,0.95,run2,fold02,71,56.33802816901409,56.33802816901409,0.0,0,53.73980857851826,53.73980857851826,0.0,0,55.29980107985223,55.29980107985223,0.0,0,0.2972806093565435,0.2972806093565435,0.0,0,53.84615384615385,53.84615384615385,0.0,64.51612903225806,64.51612903225806,0.0,42.857142857142854,42.857142857142854,0.0,"[[14, 11, 1], [9, 20, 2], [2, 6, 6]]","[[14, 11, 1], [9, 20, 2], [2, 6, 6]]","[[0, 0, 0], [0, 0, 0], [0, 0, 0]]",0.0,0.0,40,0,0,31,0,0
data_no_lstm__tp11_L3_p0p95,data_ablation_no_module,no_lstm,tp11_L3_p0p95,3.0,0.95,run2,fold03,71,67.6056338028169,67.6056338028169,0.0,0,63.58265390523455,63.58265390523455,0.0,0,63.48309568648551,63.48309568648551,0.0,0,0.4934358082473687,0.4934358082473687,0.0,0,76.92307692307693,76.92307692307693,0.0,70.96774193548387,70.96774193548387,0.0,42.857142857142854,42.857142857142854,0.0,"[[20, 4, 2], [4, 22, 5], [6, 2, 6]]","[[20, 4, 2], [4, 22, 5], [6, 2, 6]]","[[0, 0, 0], [0, 0, 0], [0, 0, 0]]",0.0,0.0,48,0,0,23,0,0
data_no_lstm__tp11_L3_p0p95,data_ablation_no_module,no_lstm,tp11_L3_p0p95,3.0,0.95,run2,oof_pooled,214,62.616822429906534,62.616822429906534,0.0,0,60.344358241459105,60.344358241459105,0.0,0,60.31415748674011,60.31415748674011,0.0,0,0.41329125049232496,0.41329125049232496,0.0,0,63.29113924050633,63.29113924050633,0.0,67.74193548387096,67.74193548387096,0.0,50.0,50.0,0.0,"[[50, 21, 8], [15, 63, 15], [8, 13, 21]]","[[50, 21, 8], [15, 63, 15], [8, 13, 21]]","[[0, 0, 0], [0, 0, 0], [0, 0, 0]]",0.0,0.0,134,0,0,80,0,0
module_masked__no_lstm__tp11_L3_p0p95,module_ablation_masked,no_lstm,tp11_L3_p0p95,3.0,0.95,run1,fold01,327,80.73394495412845,75.22935779816514,-5.504587155963307,-,76.63048684689517,72.98224857739544,-3.6482382694997284,-,79.0877721312504,74.65929369343549,-4.428478437814917,-,0.6743426700043699,0.5824277209957041,-0.09191494900866581,-,83.5820895522388,76.11940298507463,-7.46268656716417,82.89473684210526,76.97368421052632,-5.921052631578945,63.41463414634146,65.85365853658537,2.439024390243908,"[[112, 20, 2], [25, 126, 1], [5, 10, 26]]","[[102, 30, 2], [31, 117, 4], [4, 10, 27]]","[[-10, 10, 0], [6, -9, 3], [-1, 0, 1]]",-0.07549267121158873,-1.4851109309930821,221,43,25,38,0,0
module_masked__no_lstm__tp11_L3_p0p95,module_ablation_masked,no_lstm,tp11_L3_p0p95,3.0,0.95,run1,fold02,326,81.59509202453987,74.23312883435584,-7.361963190184028,-,82.30361351139041,73.23841319717204,-9.065200314218373,-,82.11529042328695,73.4197528076379,-8.695537615649044,-,0.6929312561648969,0.5692124265740279,-0.123718829590869,-,78.35820895522389,75.3731343283582,-2.985074626865682,83.55263157894737,74.3421052631579,-9.210526315789465,85.0,70.0,-15.0,"[[105, 27, 2], [20, 127, 5], [2, 4, 34]]","[[101, 30, 3], [31, 113, 8], [5, 7, 28]]","[[-4, 3, 1], [11, -14, 3], [3, 3, -6]]",-0.08976390790926353,-2.3954907282501274,212,54,30,30,1,108
module_masked__no_lstm__tp11_L3_p0p95,module_ablation_masked,no_lstm,tp11_L3_p0p95,3.0,0.95,run1,fold03,326,84.3558282208589,77.91411042944786,-6.441717791411037,-,81.38387012306887,77.18643623985336,-4.19743388321551,-,83.62102439196583,76.36475294195755,-7.256271450008285,-,0.7356248195450564,0.6335414855138196,-0.10208333403123682,-,82.83582089552239,77.61194029850746,-5.223880597014926,88.81578947368422,78.94736842105263,-9.86842105263159,72.5,75.0,2.5,"[[111, 21, 2], [17, 135, 0], [4, 7, 29]]","[[104, 23, 7], [25, 120, 7], [3, 7, 30]]","[[-7, 2, 5], [8, -15, 7], [-1, 0, 1]]",-0.060825916119027656,1.0583512675234237,230,45,24,27,1,103
module_masked__no_lstm__tp11_L3_p0p95,module_ablation_masked,no_lstm,tp11_L3_p0p95,3.0,0.95,run1,oof_pooled,979,82.2267620020429,75.79162410623084,-6.435137895812062,-,80.07782603583503,74.4568263510633,-5.620999684771732,-,81.68213020875666,74.79679148332708,-6.885338725429577,-,0.7004096268919455,0.5949564188779985,-0.10545320801394698,-,81.59203980099502,76.3681592039801,-5.223880597014926,85.08771929824562,76.75438596491229,-8.333333333333329,73.55371900826447,70.24793388429752,-3.305785123966942,"[[328, 68, 6], [62, 388, 6], [11, 21, 89]]","[[307, 83, 12], [87, 350, 19], [12, 24, 85]]","[[-21, 15, 6], [25, -38, 13], [1, 3, -4]]",-0.07536096641410873,-0.9413061681630678,663,142,79,95,2,211
module_masked__no_lstm__tp11_L3_p0p95,module_ablation_masked,no_lstm,tp11_L3_p0p95,3.0,0.95,run2,fold01,72,69.44444444444444,63.888888888888886,-5.555555555555557,-,66.40780565511749,63.762303009614826,-2.64550264550266,-,66.85875706214689,62.59259259259259,-4.266164469554305,-,0.5182264323917611,0.45896250049990833,-0.059263931891852806,-,81.48148148148148,59.25925925925925,-22.22222222222223,67.74193548387096,67.74193548387096,0.0,50.0,64.28571428571429,14.285714285714292,"[[22, 3, 2], [8, 21, 2], [2, 5, 7]]","[[16, 6, 5], [2, 21, 8], [0, 5, 9]]","[[-6, 3, 3], [-6, 0, 6], [-2, 0, 2]]",-0.07781607670691908,-2.0004673932368555,40,10,6,16,0,0
module_masked__no_lstm__tp11_L3_p0p95,module_ablation_masked,no_lstm,tp11_L3_p0p95,3.0,0.95,run2,fold02,71,66.19718309859155,56.33802816901409,-9.859154929577464,-,65.3255346803734,53.73980857851826,-11.585726101855137,-,65.75180206506916,55.29980107985223,-10.452000985216927,-,0.47169889043248636,0.2972806093565435,-0.17441828107594287,-,80.76923076923077,53.84615384615385,-26.923076923076927,58.06451612903226,64.51612903225806,6.451612903225801,57.14285714285714,42.857142857142854,-14.285714285714285,"[[21, 5, 0], [10, 18, 3], [2, 4, 8]]","[[14, 11, 1], [9, 20, 2], [2, 6, 6]]","[[-7, 6, 1], [-1, 2, -1], [0, 2, -2]]",-0.25377294078607743,-2.607677649411465,30,17,10,14,0,0
module_masked__no_lstm__tp11_L3_p0p95,module_ablation_masked,no_lstm,tp11_L3_p0p95,3.0,0.95,run2,fold03,71,66.19718309859155,67.6056338028169,1.408450704225345,+,59.89601796053409,63.58265390523455,3.6866359447004626,+,60.04855889724311,63.48309568648551,3.434536789242401,+,0.45896608905667236,0.4934358082473687,0.03446971919069636,+,76.92307692307693,76.92307692307693,0.0,74.19354838709677,70.96774193548387,-3.225806451612897,28.57142857142857,42.857142857142854,14.285714285714285,"[[20, 5, 1], [6, 23, 2], [5, 5, 4]]","[[20, 4, 2], [4, 22, 5], [6, 2, 6]]","[[0, -1, 1], [-2, -1, 3], [1, -3, 2]]",-0.06961935991307203,-2.6801207011014645,40,7,8,16,0,0
module_masked__no_lstm__tp11_L3_p0p95,module_ablation_masked,no_lstm,tp11_L3_p0p95,3.0,0.95,run2,oof_pooled,214,67.28971962616822,62.616822429906534,-4.672897196261687,-,63.883865782599955,60.344358241459105,-3.53950754114085,-,64.55099829747716,60.31415748674011,-4.236840810737057,-,0.4824688400261222,0.41329125049232496,-0.06917758953379727,-,79.74683544303798,63.29113924050633,-16.455696202531648,66.66666666666666,67.74193548387096,1.0752688172043037,45.23809523809524,50.0,4.761904761904759,"[[63, 13, 3], [24, 62, 7], [9, 14, 19]]","[[50, 21, 8], [15, 63, 15], [8, 13, 21]]","[[-13, 8, 5], [-9, 1, 8], [-1, -1, 2]]",-0.13347481716139153,-2.427417454203138,110,34,24,46,0,0
data_no_attention__tp11_L3_p0p95,data_ablation_no_module,no_attention,tp11_L3_p0p95,3.0,0.95,run1,fold01,327,81.9571865443425,81.9571865443425,0.0,0,79.91197734051183,79.91197734051183,0.0,0,82.01435063589545,82.01435063589545,0.0,0,0.6962494375241386,0.6962494375241386,0.0,0,84.32835820895522,84.32835820895522,0.0,82.23684210526315,82.23684210526315,0.0,73.17073170731707,73.17073170731707,0.0,"[[113, 19, 2], [27, 125, 0], [2, 9, 30]]","[[113, 19, 2], [27, 125, 0], [2, 9, 30]]","[[0, 0, 0], [0, 0, 0], [0, 0, 0]]",0.0,0.0,268,0,0,59,0,0
data_no_attention__tp11_L3_p0p95,data_ablation_no_module,no_attention,tp11_L3_p0p95,3.0,0.95,run1,fold02,326,81.90184049079755,81.90184049079755,0.0,0,79.51165226499084,79.51165226499084,0.0,0,80.47822307750707,80.46356035133327,-0.014662726173796159,-,0.6958625448093783,0.6957801995130983,-8.23452962799287e-05,-,79.8507462686567,79.8507462686567,0.0,86.18421052631578,86.18421052631578,0.0,72.5,72.5,0.0,"[[107, 24, 3], [17, 131, 4], [4, 7, 29]]","[[107, 24, 3], [17, 131, 4], [5, 6, 29]]","[[0, 0, 0], [0, 0, 0], [1, -1, 0]]",-2.3581126390797083e-05,-0.046888706142917,267,0,0,59,1,108
data_no_attention__tp11_L3_p0p95,data_ablation_no_module,no_attention,tp11_L3_p0p95,3.0,0.95,run1,fold03,326,84.3558282208589,84.3558282208589,0.0,0,83.89892642052894,83.89892642052894,0.0,0,83.66469909688912,83.66469909688912,0.0,0,0.7390486456524588,0.7390486456524588,0.0,0,84.32835820895522,84.32835820895522,0.0,84.86842105263158,84.86842105263158,0.0,82.5,82.5,0.0,"[[113, 20, 1], [16, 129, 7], [4, 3, 33]]","[[113, 20, 1], [16, 129, 7], [4, 3, 33]]","[[0, 0, 0], [0, 0, 0], [0, 0, 0]]",-3.5295968566754593e-06,-0.0007792122524940163,275,0,0,51,1,103
data_no_attention__tp11_L3_p0p95,data_ablation_no_module,no_attention,tp11_L3_p0p95,3.0,0.95,run1,oof_pooled,979,82.73748723186925,82.73748723186925,0.0,0,81.09956776938853,81.09956776938853,0.0,0,82.05217929651486,82.0481242453113,-0.004055051203565085,-,0.7100686691507885,0.710084357085119,1.5687934330488318e-05,+,82.83582089552239,82.83582089552239,0.0,84.4298245614035,84.4298245614035,0.0,76.03305785123968,76.03305785123968,0.0,"[[333, 63, 6], [60, 385, 11], [10, 19, 92]]","[[333, 63, 6], [60, 385, 11], [11, 18, 92]]","[[0, 0, 0], [0, 0, 0], [1, -1, 0]]",-9.027676995583298e-06,-0.01587307599275178,810,0,0,169,2,211
data_no_attention__tp11_L3_p0p95,data_ablation_no_module,no_attention,tp11_L3_p0p95,3.0,0.95,run2,fold01,72,58.333333333333336,58.333333333333336,0.0,0,55.384877965523124,55.384877965523124,0.0,0,55.707282913165265,55.707282913165265,0.0,0,0.3440986103748549,0.3440986103748549,0.0,0,55.55555555555556,55.55555555555556,0.0,67.74193548387096,67.74193548387096,0.0,42.857142857142854,42.857142857142854,0.0,"[[15, 9, 3], [5, 21, 5], [1, 7, 6]]","[[15, 9, 3], [5, 21, 5], [1, 7, 6]]","[[0, 0, 0], [0, 0, 0], [0, 0, 0]]",0.0,0.0,42,0,0,30,0,0
data_no_attention__tp11_L3_p0p95,data_ablation_no_module,no_attention,tp11_L3_p0p95,3.0,0.95,run2,fold02,71,63.38028169014085,63.38028169014085,0.0,0,68.66950254047029,68.66950254047029,0.0,0,63.681341719077565,63.681341719077565,0.0,0,0.4690406293950227,0.4690406293950227,0.0,0,61.53846153846154,61.53846153846154,0.0,51.61290322580645,51.61290322580645,0.0,92.85714285714286,92.85714285714286,0.0,"[[16, 6, 4], [7, 16, 8], [1, 0, 13]]","[[16, 6, 4], [7, 16, 8], [1, 0, 13]]","[[0, 0, 0], [0, 0, 0], [0, 0, 0]]",0.0,0.0,45,0,0,26,0,0
data_no_attention__tp11_L3_p0p95,data_ablation_no_module,no_attention,tp11_L3_p0p95,3.0,0.95,run2,fold03,71,56.33802816901409,56.33802816901409,0.0,0,51.74878884556304,51.74878884556304,0.0,0,51.7458781609725,51.7458781609725,0.0,0,0.30795014030702567,0.30795014030702567,0.0,0,65.38461538461539,65.38461538461539,0.0,61.29032258064516,61.29032258064516,0.0,28.57142857142857,28.57142857142857,0.0,"[[17, 7, 2], [6, 19, 6], [4, 6, 4]]","[[17, 7, 2], [6, 19, 6], [4, 6, 4]]","[[0, 0, 0], [0, 0, 0], [0, 0, 0]]",0.0,0.0,40,0,0,31,0,0
data_no_attention__tp11_L3_p0p95,data_ablation_no_module,no_attention,tp11_L3_p0p95,3.0,0.95,run2,oof_pooled,214,59.345794392523366,59.345794392523366,0.0,0,58.5788173987439,58.5788173987439,0.0,0,57.96936324972884,57.96936324972884,0.0,0,0.36980374236342506,0.36980374236342506,0.0,0,60.75949367088608,60.75949367088608,0.0,60.215053763440864,60.215053763440864,0.0,54.761904761904766,54.761904761904766,0.0,"[[48, 22, 9], [18, 56, 19], [6, 13, 23]]","[[48, 22, 9], [18, 56, 19], [6, 13, 23]]","[[0, 0, 0], [0, 0, 0], [0, 0, 0]]",0.0,0.0,127,0,0,87,0,0
module_masked__no_attention__tp11_L3_p0p95,module_ablation_masked,no_attention,tp11_L3_p0p95,3.0,0.95,run1,fold01,327,80.73394495412845,81.9571865443425,1.2232415902140588,+,76.63048684689517,79.91197734051183,3.2814904936166585,+,79.0877721312504,82.01435063589545,2.9265785046450503,+,0.6743426700043699,0.6962494375241386,0.02190676751976872,+,83.5820895522388,84.32835820895522,0.7462686567164241,82.89473684210526,82.23684210526315,-0.6578947368421098,63.41463414634146,73.17073170731707,9.756097560975611,"[[112, 20, 2], [25, 126, 1], [5, 10, 26]]","[[113, 19, 2], [27, 125, 0], [2, 9, 30]]","[[1, -1, 0], [2, -1, -1], [-3, -1, 4]]",-0.006360496992112356,0.5181281323792464,235,29,33,30,0,0
module_masked__no_attention__tp11_L3_p0p95,module_ablation_masked,no_attention,tp11_L3_p0p95,3.0,0.95,run1,fold02,326,81.59509202453987,81.90184049079755,0.30674846625768737,+,82.30361351139041,79.51165226499084,-2.791961246399566,-,82.11529042328695,80.46356035133327,-1.6517300719536792,-,0.6929312561648969,0.6957801995130983,0.002848943348201405,+,78.35820895522389,79.8507462686567,1.4925373134328197,83.55263157894737,86.18421052631578,2.6315789473684106,85.0,72.5,-12.5,"[[105, 27, 2], [20, 127, 5], [2, 4, 34]]","[[107, 24, 3], [17, 131, 4], [5, 6, 29]]","[[2, -3, 1], [-3, 4, -1], [3, 2, -5]]",-0.002783797512620667,1.9314653628500054,232,34,35,25,1,108
module_masked__no_attention__tp11_L3_p0p95,module_ablation_masked,no_attention,tp11_L3_p0p95,3.0,0.95,run1,fold03,326,84.3558282208589,84.3558282208589,0.0,0,81.38387012306887,83.89892642052894,2.515056297460063,+,83.62102439196583,83.66469909688912,0.04367470492329062,+,0.7356248195450564,0.7390486456524588,0.003423826107402328,+,82.83582089552239,84.32835820895522,1.492537313432834,88.81578947368422,84.86842105263158,-3.9473684210526443,72.5,82.5,10.0,"[[111, 21, 2], [17, 135, 0], [4, 7, 29]]","[[113, 20, 1], [16, 129, 7], [4, 3, 33]]","[[2, -1, -1], [-1, -6, 7], [0, -4, 4]]",-0.010546500759858043,0.9412079703896964,244,31,31,20,1,103
module_masked__no_attention__tp11_L3_p0p95,module_ablation_masked,no_attention,tp11_L3_p0p95,3.0,0.95,run1,oof_pooled,979,82.2267620020429,82.73748723186925,0.5107252298263489,+,80.07782603583503,81.09956776938853,1.0217417335534975,+,81.68213020875666,82.0481242453113,0.365994036554639,+,0.7004096268919455,0.710084357085119,0.009674730193173442,+,81.59203980099502,82.83582089552239,1.243781094527364,85.08771929824562,84.4298245614035,-0.6578947368421098,73.55371900826447,76.03305785123968,2.47933884297521,"[[328, 68, 6], [62, 388, 6], [11, 21, 89]]","[[333, 63, 6], [60, 385, 11], [11, 18, 92]]","[[5, -5, 0], [-2, -3, 5], [0, -3, 3]]",-0.006563390963481919,1.129641885520078,711,94,99,75,2,211
module_masked__no_attention__tp11_L3_p0p95,module_ablation_masked,no_attention,tp11_L3_p0p95,3.0,0.95,run2,fold01,72,69.44444444444444,58.333333333333336,-11.111111111111107,-,66.40780565511749,55.384877965523124,-11.022927689594361,-,66.85875706214689,55.707282913165265,-11.151474148981627,-,0.5182264323917611,0.3440986103748549,-0.17412782201690624,-,81.48148148148148,55.55555555555556,-25.925925925925924,67.74193548387096,67.74193548387096,0.0,50.0,42.857142857142854,-7.142857142857146,"[[22, 3, 2], [8, 21, 2], [2, 5, 7]]","[[15, 9, 3], [5, 21, 5], [1, 7, 6]]","[[-7, 6, 1], [-3, 0, 3], [-1, 2, -1]]",-0.15335354340737695,-2.3349170043818757,37,13,5,17,0,0
module_masked__no_attention__tp11_L3_p0p95,module_ablation_masked,no_attention,tp11_L3_p0p95,3.0,0.95,run2,fold02,71,66.19718309859155,63.38028169014085,-2.816901408450704,-,65.3255346803734,68.66950254047029,3.343967860096896,+,65.75180206506916,63.681341719077565,-2.0704603459915916,-,0.47169889043248636,0.4690406293950227,-0.0026582610374636384,-,80.76923076923077,61.53846153846154,-19.230769230769234,58.06451612903226,51.61290322580645,-6.451612903225815,57.14285714285714,92.85714285714286,35.71428571428572,"[[21, 5, 0], [10, 18, 3], [2, 4, 8]]","[[16, 6, 4], [7, 16, 8], [1, 0, 13]]","[[-5, 1, 4], [-3, -2, 5], [-1, -4, 5]]",-0.08481250052922322,-1.8143298276716475,33,14,12,12,0,0
module_masked__no_attention__tp11_L3_p0p95,module_ablation_masked,no_attention,tp11_L3_p0p95,3.0,0.95,run2,fold03,71,66.19718309859155,56.33802816901409,-9.859154929577464,-,59.89601796053409,51.74878884556304,-8.147229114971047,-,60.04855889724311,51.7458781609725,-8.30268073627061,-,0.45896608905667236,0.30795014030702567,-0.1510159487496467,-,76.92307692307693,65.38461538461539,-11.538461538461547,74.19354838709677,61.29032258064516,-12.903225806451609,28.57142857142857,28.57142857142857,0.0,"[[20, 5, 1], [6, 23, 2], [5, 5, 4]]","[[17, 7, 2], [6, 19, 6], [4, 6, 4]]","[[-3, 2, 1], [0, -4, 4], [-1, 1, 0]]",-0.18859351448549647,-3.8264942031196307,35,12,5,19,0,0
module_masked__no_attention__tp11_L3_p0p95,module_ablation_masked,no_attention,tp11_L3_p0p95,3.0,0.95,run2,oof_pooled,214,67.28971962616822,59.345794392523366,-7.943925233644855,-,63.883865782599955,58.5788173987439,-5.305048383856054,-,64.55099829747716,57.96936324972884,-6.581635047748321,-,0.4824688400261222,0.36980374236342506,-0.11266509766269717,-,79.74683544303798,60.75949367088608,-18.9873417721519,66.66666666666666,60.215053763440864,-6.451612903225794,45.23809523809524,54.761904761904766,9.523809523809526,"[[63, 13, 3], [24, 62, 7], [9, 14, 19]]","[[48, 22, 9], [18, 56, 19], [6, 13, 23]]","[[-15, 9, 6], [-6, -6, 12], [-3, -1, 4]]",-0.14230505696904786,-2.6570678995405412,105,39,22,48,0,0
data_full__tp12_L4_m0p56,data_ablation_full,,tp12_L4_m0p56,4.0,-0.56,run1,fold01,327,80.73394495412845,79.20489296636084,-1.5290519877676019,-,76.63048684689517,75.533995618825,-1.096491228070164,-,79.0877721312504,77.22546769311798,-1.8623044381324263,-,0.6743426700043699,0.6501035758739692,-0.024239094130400707,-,83.5820895522388,83.5820895522388,0.0,82.89473684210526,79.60526315789474,-3.2894736842105203,63.41463414634146,63.41463414634146,0.0,"[[112, 20, 2], [25, 126, 1], [5, 10, 26]]","[[112, 20, 2], [27, 121, 4], [5, 10, 26]]","[[0, 0, 0], [2, -5, 3], [0, 0, 0]]",-0.012493056130019225,-0.24657527433668436,256,8,3,60,37,6464
data_full__tp12_L4_m0p56,data_ablation_full,,tp12_L4_m0p56,4.0,-0.56,run1,fold02,326,81.59509202453987,79.14110429447852,-2.4539877300613426,-,82.30361351139041,80.54922754647814,-1.7543859649122737,-,82.11529042328695,80.27515960065314,-1.8401308226338102,-,0.6929312561648969,0.6522768386088252,-0.04065441755607169,-,78.35820895522389,78.35820895522389,0.0,83.55263157894737,78.28947368421053,-5.263157894736835,85.0,85.0,0.0,"[[105, 27, 2], [20, 127, 5], [2, 4, 34]]","[[105, 27, 2], [28, 119, 5], [2, 4, 34]]","[[0, 0, 0], [8, -8, 0], [0, 0, 0]]",-0.022861424741760873,-0.3335982549912725,258,8,0,60,41,7697
data_full__tp12_L4_m0p56,data_ablation_full,,tp12_L4_m0p56,4.0,-0.56,run1,fold03,326,84.04907975460122,83.12883435582822,-0.9202453987730053,-,80.55053678973553,79.89264205289342,-0.6578947368421098,-,82.96722819707497,82.29097632140497,-0.6762518756700047,-,0.7301975910800922,0.7143543951777782,-0.015843195902313978,-,82.83582089552239,82.83582089552239,0.0,88.81578947368422,86.8421052631579,-1.973684210526315,70.0,70.0,0.0,"[[111, 21, 2], [17, 135, 0], [4, 8, 28]]","[[111, 21, 2], [20, 132, 0], [4, 8, 28]]","[[0, 0, 0], [3, -3, 0], [0, 0, 0]]",-0.005010992024423111,-0.09883475436206245,268,6,3,49,32,5591
data_full__tp12_L4_m0p56,data_ablation_full,,tp12_L4_m0p56,4.0,-0.56,run1,oof_pooled,979,82.12461695607763,80.4902962206333,-1.6343207354443336,-,79.80234394217112,78.63275329889626,-1.1695906432748586,-,81.47172321467072,80.00311235605353,-1.4686108586171827,-,0.6985628449866854,0.6716325782942736,-0.02693026669241183,-,81.59203980099502,81.59203980099502,0.0,85.08771929824562,81.57894736842105,-3.5087719298245617,72.72727272727273,72.72727272727273,0.0,"[[328, 68, 6], [62, 388, 6], [11, 22, 88]]","[[328, 68, 6], [75, 372, 9], [11, 22, 88]]","[[0, 0, 0], [13, -16, 3], [0, 0, 0]]",-0.013454174893046237,-0.22635676788282225,782,22,6,169,110,19752
data_full__tp12_L4_m0p56,data_ablation_full,,tp12_L4_m0p56,4.0,-0.56,run2,fold01,72,69.44444444444444,70.83333333333334,1.3888888888889,+,66.40780565511749,67.64237355635206,1.2345679012345698,+,66.85875706214689,67.95103578154426,1.0922787193973704,+,0.5182264323917611,0.5423069525602112,0.02408052016845008,+,81.48148148148148,85.18518518518519,3.7037037037037095,67.74193548387096,67.74193548387096,0.0,50.0,50.0,0.0,"[[22, 3, 2], [8, 21, 2], [2, 5, 7]]","[[23, 2, 2], [8, 21, 2], [2, 5, 7]]","[[1, -1, 0], [0, 0, 0], [0, 0, 0]]",0.009744872680382995,0.149611739648713,50,0,1,21,1,126
data_full__tp12_L4_m0p56,data_ablation_full,,tp12_L4_m0p56,4.0,-0.56,run2,fold02,71,66.19718309859155,66.19718309859155,0.0,0,65.3255346803734,65.3255346803734,0.0,0,65.75180206506916,65.75180206506916,0.0,0,0.47169889043248636,0.47169889043248636,0.0,0,80.76923076923077,80.76923076923077,0.0,58.06451612903226,58.06451612903226,0.0,57.14285714285714,57.14285714285714,0.0,"[[21, 5, 0], [10, 18, 3], [2, 4, 8]]","[[21, 5, 0], [10, 18, 3], [2, 4, 8]]","[[0, 0, 0], [0, 0, 0], [0, 0, 0]]",0.0,0.0,47,0,0,24,0,0
data_full__tp12_L4_m0p56,data_ablation_full,,tp12_L4_m0p56,4.0,-0.56,run2,fold03,71,66.19718309859155,66.19718309859155,0.0,0,59.89601796053409,59.89601796053409,0.0,0,60.04855889724311,59.85164932533355,-0.19690957190956482,-,0.45896608905667236,0.4606021901729474,0.001636101116275046,+,76.92307692307693,76.92307692307693,0.0,74.19354838709677,74.19354838709677,0.0,28.57142857142857,28.57142857142857,0.0,"[[20, 5, 1], [6, 23, 2], [5, 5, 4]]","[[20, 4, 2], [6, 23, 2], [5, 5, 4]]","[[0, -1, 1], [0, 0, 0], [0, 0, 0]]",-1.0237055544743091e-05,-0.03355779362396455,46,1,1,23,2,231
data_full__tp12_L4_m0p56,data_ablation_full,,tp12_L4_m0p56,4.0,-0.56,run2,oof_pooled,214,67.28971962616822,67.7570093457944,0.46728971962618004,+,63.883865782599955,64.30580671087,0.4219409282700468,+,64.55099829747716,64.79797979797979,0.24698150050262768,+,0.4824688400261222,0.49138541337505465,0.008916573348932422,+,79.74683544303798,81.0126582278481,1.2658227848101262,66.66666666666666,66.66666666666666,0.0,45.23809523809524,45.23809523809524,0.0,"[[63, 13, 3], [24, 62, 7], [9, 14, 19]]","[[64, 11, 4], [24, 62, 7], [9, 14, 19]]","[[1, -2, 1], [0, 0, 0], [0, 0, 0]]",0.003275252345999527,0.039202999567317064,143,1,2,68,3,357
data_no_conv__tp12_L4_m0p56,data_ablation_no_module,no_conv,tp12_L4_m0p56,4.0,-0.56,run1,fold01,327,79.20489296636084,77.67584097859327,-1.5290519877675735,-,77.82046123681977,76.72397000874959,-1.0964912280701782,-,79.390186562109,77.05557176668934,-2.334614795419654,-,0.6509524121737486,0.6281663939333944,-0.0227860182403542,-,81.34328358208955,81.34328358208955,0.0,78.94736842105263,75.6578947368421,-3.2894736842105345,73.17073170731707,73.17073170731707,0.0,"[[109, 24, 1], [29, 120, 3], [5, 6, 30]]","[[109, 24, 1], [29, 115, 8], [4, 7, 30]]","[[0, 0, 0], [0, -5, 5], [-1, 1, 0]]",-0.015966524301480413,-0.0688416294821905,249,10,5,63,37,6464
data_no_conv__tp12_L4_m0p56,data_ablation_no_module,no_conv,tp12_L4_m0p56,4.0,-0.56,run1,fold02,326,80.06134969325154,77.30061349693251,-2.76073619631903,-,78.89827179890023,76.92458758837391,-1.973684210526315,-,78.65140888396702,76.33991704064078,-2.3114918433262375,-,0.667755761900005,0.6243956283122833,-0.043360133587721617,-,82.08955223880598,82.08955223880598,0.0,79.60526315789474,73.68421052631578,-5.921052631578959,75.0,75.0,0.0,"[[110, 22, 2], [22, 121, 9], [4, 6, 30]]","[[110, 22, 2], [30, 112, 10], [4, 6, 30]]","[[0, 0, 0], [8, -9, 1], [0, 0, 0]]",-0.02117796467400081,-0.11711106428796528,248,13,4,61,41,7697
data_no_conv__tp12_L4_m0p56,data_ablation_no_module,no_conv,tp12_L4_m0p56,4.0,-0.56,run1,fold03,326,77.60736196319019,74.23312883435584,-3.374233128834348,-,80.15514532600157,77.74286462424719,-2.4122807017543835,-,76.45264363658288,73.4630664228027,-2.98957721378018,-,0.6403712014169086,0.5911037404787228,-0.04926746093818579,-,80.59701492537313,80.59701492537313,0.0,72.36842105263158,65.13157894736842,-7.23684210526315,87.5,87.5,0.0,"[[108, 18, 8], [28, 110, 14], [0, 5, 35]]","[[108, 18, 8], [37, 99, 16], [0, 5, 35]]","[[0, 0, 0], [9, -11, 2], [0, 0, 0]]",-0.02347682628450641,-0.16103942559723475,239,14,3,70,32,5591
data_no_conv__tp12_L4_m0p56,data_ablation_no_module,no_conv,tp12_L4_m0p56,4.0,-0.56,run1,oof_pooled,979,78.95812053115424,76.40449438202246,-2.553626149131773,-,78.94312149561026,77.1156361154933,-1.8274853801169542,-,78.0672759638754,75.59043413022935,-2.4768418336460485,-,0.6519762827892167,0.6134370412812128,-0.03853924150800392,-,81.34328358208955,81.34328358208955,0.0,76.97368421052632,71.49122807017544,-5.482456140350877,78.51239669421489,78.51239669421489,0.0,"[[327, 64, 11], [79, 351, 26], [9, 17, 95]]","[[327, 64, 11], [96, 326, 34], [8, 18, 95]]","[[0, 0, 0], [17, -25, 8], [-1, 1, 0]]",-0.02020277354347032,-0.1156162130166001,736,37,12,194,110,19752
data_no_conv__tp12_L4_m0p56,data_ablation_no_module,no_conv,tp12_L4_m0p56,4.0,-0.56,run2,fold01,72,55.55555555555556,56.94444444444444,1.3888888888888857,+,57.151391022358766,58.38595892359333,1.2345679012345627,+,54.93827160493828,56.18639222412808,1.2481206191897982,+,0.3353881275042346,0.3584663077334924,0.02307818022925784,+,55.55555555555556,59.25925925925925,3.7037037037036953,51.61290322580645,51.61290322580645,0.0,64.28571428571429,64.28571428571429,0.0,"[[15, 6, 6], [8, 16, 7], [4, 1, 9]]","[[16, 5, 6], [8, 16, 7], [4, 1, 9]]","[[1, -1, 0], [0, 0, 0], [0, 0, 0]]",0.00894161065419515,0.06860629901833211,40,0,1,31,1,126
data_no_conv__tp12_L4_m0p56,data_ablation_no_module,no_conv,tp12_L4_m0p56,4.0,-0.56,run2,fold02,71,56.33802816901409,56.33802816901409,0.0,0,60.888573791799594,60.888573791799594,0.0,0,56.23083683234059,56.23083683234059,0.0,0,0.3663549852444777,0.3663549852444777,0.0,0,65.38461538461539,65.38461538461539,0.0,38.70967741935484,38.70967741935484,0.0,78.57142857142857,78.57142857142857,0.0,"[[17, 6, 3], [9, 12, 10], [3, 0, 11]]","[[17, 6, 3], [9, 12, 10], [3, 0, 11]]","[[0, 0, 0], [0, 0, 0], [0, 0, 0]]",0.0,0.0,40,0,0,31,0,0
data_no_conv__tp12_L4_m0p56,data_ablation_no_module,no_conv,tp12_L4_m0p56,4.0,-0.56,run2,fold03,71,54.929577464788736,56.33802816901409,1.408450704225352,+,51.50064988774666,52.78270116979794,1.2820512820512775,+,50.483091787439605,51.51690821256039,1.0338164251207829,+,0.3108593378795985,0.3390361001664141,0.028176762286815593,+,80.76923076923077,84.61538461538461,3.8461538461538396,45.16129032258064,45.16129032258064,0.0,28.57142857142857,28.57142857142857,0.0,"[[21, 4, 1], [13, 14, 4], [8, 2, 4]]","[[22, 3, 1], [13, 14, 4], [8, 2, 4]]","[[1, -1, 0], [0, 0, 0], [0, 0, 0]]",0.0063088422929736925,0.028620410815510953,39,0,1,31,2,231
data_no_conv__tp12_L4_m0p56,data_ablation_no_module,no_conv,tp12_L4_m0p56,4.0,-0.56,run2,oof_pooled,214,55.60747663551402,56.54205607476636,0.9345794392523388,+,56.4642516867915,57.308133543331586,0.8438818565400865,+,54.638998759215426,55.40006931456385,0.7610705553484252,+,0.33252990827619394,0.34902220389299715,0.01649229561680321,+,67.08860759493672,69.62025316455697,2.5316455696202524,45.16129032258064,45.16129032258064,0.0,57.14285714285714,57.14285714285714,0.0,"[[53, 16, 10], [30, 42, 21], [15, 3, 24]]","[[55, 14, 10], [30, 42, 21], [15, 3, 24]]","[[2, -2, 0], [0, 0, 0], [0, 0, 0]]",0.005101512943472818,0.032578049987014905,119,0,2,93,3,357
module_masked__no_conv__tp12_L4_m0p56,module_ablation_masked,no_conv,tp12_L4_m0p56,4.0,-0.56,run1,fold01,327,79.20489296636084,77.67584097859327,-1.5290519877675735,-,75.533995618825,76.72397000874959,1.1899743899245863,+,77.22546769311798,77.05557176668934,-0.16989592642863727,-,0.6501035758739692,0.6281663939333944,-0.021937181940574813,-,83.5820895522388,81.34328358208955,-2.2388059701492438,79.60526315789474,75.6578947368421,-3.9473684210526443,63.41463414634146,73.17073170731707,9.756097560975611,"[[112, 20, 2], [27, 121, 4], [5, 10, 26]]","[[109, 24, 1], [29, 115, 8], [4, 7, 30]]","[[-3, 4, -1], [2, -6, 4], [-1, -3, 4]]",-0.018387947537690692,0.39410946037426625,229,30,25,43,37,6464
module_masked__no_conv__tp12_L4_m0p56,module_ablation_masked,no_conv,tp12_L4_m0p56,4.0,-0.56,run1,fold02,326,79.14110429447852,77.30061349693251,-1.8404907975460105,-,80.54922754647814,76.92458758837391,-3.6246399581042255,-,80.27515960065314,76.33991704064078,-3.9352425600123553,-,0.6522768386088252,0.6243956283122833,-0.027881210296541892,-,78.35820895522389,82.08955223880598,3.731343283582092,78.28947368421053,73.68421052631578,-4.605263157894754,85.0,75.0,-10.0,"[[105, 27, 2], [28, 119, 5], [2, 4, 34]]","[[110, 22, 2], [30, 112, 10], [4, 6, 30]]","[[5, -5, 0], [2, -7, 5], [2, 2, -4]]",-0.034386482166085044,-1.1950530192180553,218,40,34,34,41,7697
module_masked__no_conv__tp12_L4_m0p56,module_ablation_masked,no_conv,tp12_L4_m0p56,4.0,-0.56,run1,fold03,326,83.12883435582822,74.23312883435584,-8.89570552147238,-,79.89264205289342,77.74286462424719,-2.1497774286462317,-,82.29097632140497,73.4630664228027,-8.827909898602272,-,0.7143543951777782,0.5911037404787228,-0.12325065469905538,-,82.83582089552239,80.59701492537313,-2.238805970149258,86.8421052631579,65.13157894736842,-21.71052631578948,70.0,87.5,17.5,"[[111, 21, 2], [20, 132, 0], [4, 8, 28]]","[[108, 18, 8], [37, 99, 16], [0, 5, 35]]","[[-3, -3, 6], [17, -33, 16], [-4, -3, 7]]",-0.11330801575823435,-2.4782590466020116,216,55,26,29,32,5591
module_masked__no_conv__tp12_L4_m0p56,module_ablation_masked,no_conv,tp12_L4_m0p56,4.0,-0.56,run1,oof_pooled,979,80.4902962206333,76.40449438202246,-4.085801838610834,-,78.63275329889626,77.1156361154933,-1.5171171834029593,-,80.00311235605353,75.59043413022935,-4.41267822582418,-,0.6716325782942736,0.6134370412812128,-0.058195537013060794,-,81.59203980099502,81.34328358208955,-0.24875621890546995,81.57894736842105,71.49122807017544,-10.087719298245617,72.72727272727273,78.51239669421489,5.785123966942152,"[[328, 68, 6], [75, 372, 9], [11, 22, 88]]","[[327, 64, 11], [96, 326, 34], [8, 18, 95]]","[[-1, -4, 5], [21, -46, 25], [-3, -4, 7]]",-0.055323049201381994,-1.0915484575229384,663,125,85,106,110,19752
module_masked__no_conv__tp12_L4_m0p56,module_ablation_masked,no_conv,tp12_L4_m0p56,4.0,-0.56,run2,fold01,72,70.83333333333334,56.94444444444444,-13.8888888888889,-,67.64237355635206,58.38595892359333,-9.256414632758727,-,67.95103578154426,56.18639222412808,-11.764643557416186,-,0.5423069525602112,0.3584663077334924,-0.1838406448267188,-,85.18518518518519,59.25925925925925,-25.925925925925938,67.74193548387096,51.61290322580645,-16.129032258064512,50.0,64.28571428571429,14.285714285714292,"[[23, 2, 2], [8, 21, 2], [2, 5, 7]]","[[16, 5, 6], [8, 16, 7], [4, 1, 9]]","[[-7, 3, 4], [0, -5, 5], [2, -4, 2]]",-0.15966650873552782,-2.0828712869228587,31,20,10,11,1,126
module_masked__no_conv__tp12_L4_m0p56,module_ablation_masked,no_conv,tp12_L4_m0p56,4.0,-0.56,run2,fold02,71,66.19718309859155,56.33802816901409,-9.859154929577464,-,65.3255346803734,60.888573791799594,-4.4369608885738,-,65.75180206506916,56.23083683234059,-9.520965232728564,-,0.47169889043248636,0.3663549852444777,-0.10534390518800868,-,80.76923076923077,65.38461538461539,-15.384615384615387,58.06451612903226,38.70967741935484,-19.354838709677423,57.14285714285714,78.57142857142857,21.42857142857143,"[[21, 5, 0], [10, 18, 3], [2, 4, 8]]","[[17, 6, 3], [9, 12, 10], [3, 0, 11]]","[[-4, 1, 3], [-1, -6, 7], [1, -4, 3]]",-0.16871155993689793,-2.424719557034927,31,16,9,15,0,0
module_masked__no_conv__tp12_L4_m0p56,module_ablation_masked,no_conv,tp12_L4_m0p56,4.0,-0.56,run2,fold03,71,66.19718309859155,56.33802816901409,-9.859154929577464,-,59.89601796053409,52.78270116979794,-7.11331679073615,-,59.85164932533355,51.51690821256039,-8.334741112773159,-,0.4606021901729474,0.3390361001664141,-0.12156609000653329,-,76.92307692307693,84.61538461538461,7.692307692307679,74.19354838709677,45.16129032258064,-29.032258064516128,28.57142857142857,28.57142857142857,0.0,"[[20, 4, 2], [6, 23, 2], [5, 5, 4]]","[[22, 3, 1], [13, 14, 4], [8, 2, 4]]","[[2, -1, -1], [7, -9, 2], [3, -3, 0]]",-0.21262018080103737,-2.8819750362751404,34,13,6,18,2,231
module_masked__no_conv__tp12_L4_m0p56,module_ablation_masked,no_conv,tp12_L4_m0p56,4.0,-0.56,run2,oof_pooled,214,67.7570093457944,56.54205607476636,-11.214953271028044,-,64.30580671087,57.308133543331586,-6.997673167538416,-,64.79797979797979,55.40006931456385,-9.397910483415941,-,0.49138541337505465,0.34902220389299715,-0.1423632094820575,-,81.0126582278481,69.62025316455697,-11.392405063291136,66.66666666666666,45.16129032258064,-21.505376344086017,45.23809523809524,57.14285714285714,11.904761904761898,"[[64, 11, 4], [24, 62, 7], [9, 14, 19]]","[[55, 14, 10], [30, 42, 21], [15, 3, 24]]","[[-9, 3, 6], [6, -20, 14], [6, -11, 5]]",-0.18023617860444585,-2.4614114429133673,96,49,25,44,3,357
data_no_lstm__tp12_L4_m0p56,data_ablation_no_module,no_lstm,tp12_L4_m0p56,4.0,-0.56,run1,fold01,327,75.22935779816514,72.78287461773701,-2.4464831804281317,-,72.98224857739544,71.19840463919172,-1.7838439382037166,-,74.65929369343549,71.53746266718608,-3.12183102624941,-,0.5824277209957041,0.5456394562816472,-0.03678826471405683,-,76.11940298507463,75.3731343283582,-0.7462686567164241,76.97368421052632,72.36842105263158,-4.60526315789474,65.85365853658537,65.85365853658537,0.0,"[[102, 30, 2], [31, 117, 4], [4, 10, 27]]","[[101, 30, 3], [33, 110, 9], [4, 10, 27]]","[[-1, 0, 1], [2, -7, 5], [0, 0, 0]]",-0.01937818380855311,-0.3315613938848679,235,11,3,78,37,6464
data_no_lstm__tp12_L4_m0p56,data_ablation_no_module,no_lstm,tp12_L4_m0p56,4.0,-0.56,run1,fold02,326,74.23312883435584,73.31288343558282,-0.9202453987730195,-,73.23841319717204,72.58051846032993,-0.6578947368421098,-,73.4197528076379,72.31799327250484,-1.1017595351330698,-,0.5692124265740279,0.5558519354417107,-0.013360491132317187,-,75.3731343283582,75.3731343283582,0.0,74.3421052631579,72.36842105263158,-1.9736842105263293,70.0,70.0,0.0,"[[101, 30, 3], [31, 113, 8], [5, 7, 28]]","[[101, 30, 3], [32, 110, 10], [6, 6, 28]]","[[0, 0, 0], [1, -3, 2], [1, -1, 0]]",-0.011120724648256957,-0.17581811272739176,234,8,5,79,41,7697
data_no_lstm__tp12_L4_m0p56,data_ablation_no_module,no_lstm,tp12_L4_m0p56,4.0,-0.56,run1,fold03,326,77.91411042944786,76.38036809815951,-1.5337423312883516,-,77.18643623985336,76.08994501178317,-1.0964912280701924,-,76.36475294195755,74.35076549998686,-2.0139874419706842,-,0.6335414855138196,0.6120470053429777,-0.02149448017084188,-,77.61194029850746,77.61194029850746,0.0,78.94736842105263,75.6578947368421,-3.2894736842105345,75.0,75.0,0.0,"[[104, 23, 7], [25, 120, 7], [3, 7, 30]]","[[104, 23, 7], [25, 115, 12], [3, 7, 30]]","[[0, 0, 0], [0, -5, 5], [0, 0, 0]]",-0.016582334757242634,-0.3280930400488932,247,7,2,70,32,5591
data_no_lstm__tp12_L4_m0p56,data_ablation_no_module,no_lstm,tp12_L4_m0p56,4.0,-0.56,run1,oof_pooled,979,75.79162410623084,74.15730337078652,-1.6343207354443194,-,74.4568263510633,73.27741638335796,-1.1794099677053396,-,74.79679148332708,72.71860487600583,-2.078186607321257,-,0.5949564188779985,0.5711438983097967,-0.023812520568201823,-,76.3681592039801,76.11940298507463,-0.24875621890546995,76.75438596491229,73.46491228070175,-3.2894736842105345,70.24793388429752,70.24793388429752,0.0,"[[307, 83, 12], [87, 350, 19], [12, 24, 85]]","[[306, 83, 13], [90, 335, 31], [13, 23, 85]]","[[-1, 0, 1], [3, -15, 12], [1, -1, 0]]",-0.015697511206935376,-0.278545057819633,716,26,10,227,110,19752
data_no_lstm__tp12_L4_m0p56,data_ablation_no_module,no_lstm,tp12_L4_m0p56,4.0,-0.56,run2,fold01,72,63.888888888888886,63.888888888888886,0.0,0,63.762303009614826,63.762303009614826,0.0,0,62.59259259259259,62.59259259259259,0.0,0,0.45896250049990833,0.45896250049990833,0.0,0,59.25925925925925,59.25925925925925,0.0,67.74193548387096,67.74193548387096,0.0,64.28571428571429,64.28571428571429,0.0,"[[16, 6, 5], [2, 21, 8], [0, 5, 9]]","[[16, 6, 5], [2, 21, 8], [0, 5, 9]]","[[0, 0, 0], [0, 0, 0], [0, 0, 0]]",-4.413123759958286e-06,-6.202359994252522e-05,46,0,0,26,1,126
data_no_lstm__tp12_L4_m0p56,data_ablation_no_module,no_lstm,tp12_L4_m0p56,4.0,-0.56,run2,fold02,71,56.33802816901409,56.33802816901409,0.0,0,53.73980857851826,53.73980857851826,0.0,0,55.29980107985223,55.29980107985223,0.0,0,0.2972806093565435,0.2972806093565435,0.0,0,53.84615384615385,53.84615384615385,0.0,64.51612903225806,64.51612903225806,0.0,42.857142857142854,42.857142857142854,0.0,"[[14, 11, 1], [9, 20, 2], [2, 6, 6]]","[[14, 11, 1], [9, 20, 2], [2, 6, 6]]","[[0, 0, 0], [0, 0, 0], [0, 0, 0]]",0.0,0.0,40,0,0,31,0,0
data_no_lstm__tp12_L4_m0p56,data_ablation_no_module,no_lstm,tp12_L4_m0p56,4.0,-0.56,run2,fold03,71,67.6056338028169,67.6056338028169,0.0,0,63.58265390523455,63.58265390523455,0.0,0,63.48309568648551,63.48309568648551,0.0,0,0.4934358082473687,0.4934358082473687,0.0,0,76.92307692307693,76.92307692307693,0.0,70.96774193548387,70.96774193548387,0.0,42.857142857142854,42.857142857142854,0.0,"[[20, 4, 2], [4, 22, 5], [6, 2, 6]]","[[20, 4, 2], [4, 22, 5], [6, 2, 6]]","[[0, 0, 0], [0, 0, 0], [0, 0, 0]]",-0.00017077418070444262,-0.005704601046065203,48,0,0,23,2,231
data_no_lstm__tp12_L4_m0p56,data_ablation_no_module,no_lstm,tp12_L4_m0p56,4.0,-0.56,run2,oof_pooled,214,62.616822429906534,62.616822429906534,0.0,0,60.344358241459105,60.344358241459105,0.0,0,60.31415748674011,60.31415748674011,0.0,0,0.41329125049232496,0.41329125049232496,0.0,0,63.29113924050633,63.29113924050633,0.0,67.74193548387096,67.74193548387096,0.0,50.0,50.0,0.0,"[[50, 21, 8], [15, 63, 15], [8, 13, 21]]","[[50, 21, 8], [15, 63, 15], [8, 13, 21]]","[[0, 0, 0], [0, 0, 0], [0, 0, 0]]",-5.814351280716085e-05,-0.0019135157638621087,134,0,0,80,3,357
module_masked__no_lstm__tp12_L4_m0p56,module_ablation_masked,no_lstm,tp12_L4_m0p56,4.0,-0.56,run1,fold01,327,79.20489296636084,72.78287461773701,-6.422018348623837,-,75.533995618825,71.19840463919172,-4.335590979633281,-,77.22546769311798,71.53746266718608,-5.688005025931901,-,0.6501035758739692,0.5456394562816472,-0.10446411959232194,-,83.5820895522388,75.3731343283582,-8.208955223880594,79.60526315789474,72.36842105263158,-7.236842105263165,63.41463414634146,65.85365853658537,2.439024390243908,"[[112, 20, 2], [27, 121, 4], [5, 10, 26]]","[[101, 30, 3], [33, 110, 9], [4, 10, 27]]","[[-11, 10, 1], [6, -11, 5], [-1, 0, 1]]",-0.08237779889012263,-1.5700970505412657,211,48,27,41,37,6464
module_masked__no_lstm__tp12_L4_m0p56,module_ablation_masked,no_lstm,tp12_L4_m0p56,4.0,-0.56,run1,fold02,326,79.14110429447852,73.31288343558282,-5.828220858895705,-,80.54922754647814,72.58051846032993,-7.968709086148209,-,80.27515960065314,72.31799327250484,-7.957166328148304,-,0.6522768386088252,0.5558519354417107,-0.0964249031671145,-,78.35820895522389,75.3731343283582,-2.985074626865682,78.28947368421053,72.36842105263158,-5.921052631578959,85.0,70.0,-15.0,"[[105, 27, 2], [28, 119, 5], [2, 4, 34]]","[[101, 30, 3], [32, 110, 10], [6, 6, 28]]","[[-4, 3, 1], [4, -9, 5], [4, 2, -6]]",-0.07802264959866709,-2.2383724544283026,205,53,34,34,41,7697
module_masked__no_lstm__tp12_L4_m0p56,module_ablation_masked,no_lstm,tp12_L4_m0p56,4.0,-0.56,run1,fold03,326,83.12883435582822,76.38036809815951,-6.74846625766871,-,79.89264205289342,76.08994501178317,-3.8026970411102496,-,82.29097632140497,74.35076549998686,-7.9402108214181055,-,0.7143543951777782,0.6120470053429777,-0.10230738983480048,-,82.83582089552239,77.61194029850746,-5.223880597014926,86.8421052631579,75.6578947368421,-11.184210526315809,70.0,75.0,5.0,"[[111, 21, 2], [20, 132, 0], [4, 8, 28]]","[[104, 23, 7], [25, 115, 12], [3, 7, 30]]","[[-7, 2, 5], [5, -17, 12], [-1, -1, 2]]",-0.07005608587018237,0.8514075919562962,224,47,25,30,32,5591
module_masked__no_lstm__tp12_L4_m0p56,module_ablation_masked,no_lstm,tp12_L4_m0p56,4.0,-0.56,run1,oof_pooled,979,80.4902962206333,74.15730337078652,-6.332992849846775,-,78.63275329889626,73.27741638335796,-5.355336915538302,-,80.00311235605353,72.71860487600583,-7.284507480047708,-,0.6716325782942736,0.5711438983097967,-0.10048867998447686,-,81.59203980099502,76.11940298507463,-5.472636815920396,81.57894736842105,73.46491228070175,-8.114035087719301,72.72727272727273,70.24793388429752,-2.47933884297521,"[[328, 68, 6], [75, 372, 9], [11, 22, 88]]","[[306, 83, 13], [90, 335, 31], [13, 23, 85]]","[[-22, 15, 7], [15, -37, 22], [2, 1, -3]]",-0.07682452298254853,-0.9862842499416424,640,148,86,105,110,19752
module_masked__no_lstm__tp12_L4_m0p56,module_ablation_masked,no_lstm,tp12_L4_m0p56,4.0,-0.56,run2,fold01,72,70.83333333333334,63.888888888888886,-6.944444444444457,-,67.64237355635206,63.762303009614826,-3.8800705467372296,-,67.95103578154426,62.59259259259259,-5.358443188951675,-,0.5423069525602112,0.45896250049990833,-0.08334445206030289,-,85.18518518518519,59.25925925925925,-25.925925925925938,67.74193548387096,67.74193548387096,0.0,50.0,64.28571428571429,14.285714285714292,"[[23, 2, 2], [8, 21, 2], [2, 5, 7]]","[[16, 6, 5], [2, 21, 8], [0, 5, 9]]","[[-7, 4, 3], [-6, 0, 6], [-2, 0, 2]]",-0.08756536251106202,-2.1501411564855113,40,11,6,15,1,126
module_masked__no_lstm__tp12_L4_m0p56,module_ablation_masked,no_lstm,tp12_L4_m0p56,4.0,-0.56,run2,fold02,71,66.19718309859155,56.33802816901409,-9.859154929577464,-,65.3255346803734,53.73980857851826,-11.585726101855137,-,65.75180206506916,55.29980107985223,-10.452000985216927,-,0.47169889043248636,0.2972806093565435,-0.17441828107594287,-,80.76923076923077,53.84615384615385,-26.923076923076927,58.06451612903226,64.51612903225806,6.451612903225801,57.14285714285714,42.857142857142854,-14.285714285714285,"[[21, 5, 0], [10, 18, 3], [2, 4, 8]]","[[14, 11, 1], [9, 20, 2], [2, 6, 6]]","[[-7, 6, 1], [-1, 2, -1], [0, 2, -2]]",-0.25377294078607743,-2.607677649411465,30,17,10,14,0,0
module_masked__no_lstm__tp12_L4_m0p56,module_ablation_masked,no_lstm,tp12_L4_m0p56,4.0,-0.56,run2,fold03,71,66.19718309859155,67.6056338028169,1.408450704225345,+,59.89601796053409,63.58265390523455,3.6866359447004626,+,59.85164932533355,63.48309568648551,3.6314463611519656,+,0.4606021901729474,0.4934358082473687,0.03283361807442131,+,76.92307692307693,76.92307692307693,0.0,74.19354838709677,70.96774193548387,-3.225806451612897,28.57142857142857,42.857142857142854,14.285714285714285,"[[20, 4, 2], [6, 23, 2], [5, 5, 4]]","[[20, 4, 2], [4, 22, 5], [6, 2, 6]]","[[0, 0, 0], [-2, -1, 3], [1, -3, 2]]",-0.06977989703823172,-2.6522675085235647,39,8,9,15,2,231
module_masked__no_lstm__tp12_L4_m0p56,module_ablation_masked,no_lstm,tp12_L4_m0p56,4.0,-0.56,run2,oof_pooled,214,67.7570093457944,62.616822429906534,-5.140186915887867,-,64.30580671087,60.344358241459105,-3.9614484694108967,-,64.79797979797979,60.31415748674011,-4.483822311239685,-,0.49138541337505465,0.41329125049232496,-0.07809416288272969,-,81.0126582278481,63.29113924050633,-17.721518987341774,66.66666666666666,67.74193548387096,1.0752688172043037,45.23809523809524,50.0,4.761904761904759,"[[64, 11, 4], [24, 62, 7], [9, 14, 19]]","[[50, 21, 8], [15, 63, 15], [8, 13, 21]]","[[-14, 10, 4], [-9, 1, 8], [-1, -1, 2]]",-0.13680821302019822,-2.468533969534317,109,36,25,44,3,357
data_no_attention__tp12_L4_m0p56,data_ablation_no_module,no_attention,tp12_L4_m0p56,4.0,-0.56,run1,fold01,327,81.9571865443425,78.89908256880734,-3.058103975535161,-,79.91197734051183,77.71899488437145,-2.1929824561403706,-,82.01435063589545,77.19216376843497,-4.822186867460488,-,0.6962494375241386,0.6510632817301374,-0.045186155794001204,-,84.32835820895522,84.32835820895522,0.0,82.23684210526315,75.6578947368421,-6.578947368421055,73.17073170731707,73.17073170731707,0.0,"[[113, 19, 2], [27, 125, 0], [2, 9, 30]]","[[113, 19, 2], [26, 115, 11], [2, 9, 30]]","[[0, 0, 0], [-1, -10, 11], [0, 0, 0]]",-0.026332301847863292,-0.4390547655078523,255,13,3,56,37,6464
data_no_attention__tp12_L4_m0p56,data_ablation_no_module,no_attention,tp12_L4_m0p56,4.0,-0.56,run1,fold02,326,81.90184049079755,77.91411042944786,-3.987730061349694,-,79.51165226499084,76.66077507200838,-2.850877192982466,-,80.47822307750707,77.27739357343837,-3.200829504068693,-,0.6958625448093783,0.6299825328663179,-0.06588001194306037,-,79.8507462686567,79.8507462686567,0.0,86.18421052631578,77.63157894736842,-8.552631578947356,72.5,72.5,0.0,"[[107, 24, 3], [17, 131, 4], [4, 7, 29]]","[[107, 24, 3], [29, 118, 5], [4, 7, 29]]","[[0, 0, 0], [12, -13, 1], [0, 0, 0]]",-0.03664737479940357,-0.5728936884666513,253,14,1,58,41,7697
data_no_attention__tp12_L4_m0p56,data_ablation_no_module,no_attention,tp12_L4_m0p56,4.0,-0.56,run1,fold03,326,84.3558282208589,81.28834355828221,-3.067484662576689,-,83.89892642052894,81.67648599109715,-2.222440429431785,-,83.66469909688912,80.66848360966009,-2.996215487229037,-,0.7390486456524588,0.6904755982225164,-0.048573047429942395,-,84.32835820895522,83.5820895522388,-0.7462686567164241,84.86842105263158,78.94736842105263,-5.921052631578945,82.5,82.5,0.0,"[[113, 20, 1], [16, 129, 7], [4, 3, 33]]","[[112, 21, 1], [22, 120, 10], [4, 3, 33]]","[[-1, 1, 0], [6, -9, 3], [0, 0, 0]]",-0.02432452517218044,-0.4263403002812636,265,10,0,51,32,5591
data_no_attention__tp12_L4_m0p56,data_ablation_no_module,no_attention,tp12_L4_m0p56,4.0,-0.56,run1,oof_pooled,979,82.73748723186925,79.36670071501533,-3.3707865168539257,-,81.09956776938853,78.67746774320365,-2.4221000261848786,-,82.05217929651486,78.37566739088375,-3.6765119056311164,-,0.7100686691507885,0.6571796971558735,-0.052888971994914935,-,82.83582089552239,82.58706467661692,-0.24875621890546995,84.4298245614035,77.41228070175438,-7.017543859649123,76.03305785123968,76.03305785123968,0.0,"[[333, 63, 6], [60, 385, 11], [10, 19, 92]]","[[332, 64, 6], [77, 353, 26], [10, 19, 92]]","[[-1, 1, 0], [17, -32, 15], [0, 0, 0]]",-0.029098572109282617,-0.4793883438742471,773,37,4,165,110,19752
data_no_attention__tp12_L4_m0p56,data_ablation_no_module,no_attention,tp12_L4_m0p56,4.0,-0.56,run2,fold01,72,58.333333333333336,58.333333333333336,0.0,0,55.384877965523124,55.384877965523124,0.0,0,55.707282913165265,55.707282913165265,0.0,0,0.3440986103748549,0.3440986103748549,0.0,0,55.55555555555556,55.55555555555556,0.0,67.74193548387096,67.74193548387096,0.0,42.857142857142854,42.857142857142854,0.0,"[[15, 9, 3], [5, 21, 5], [1, 7, 6]]","[[15, 9, 3], [5, 21, 5], [1, 7, 6]]","[[0, 0, 0], [0, 0, 0], [0, 0, 0]]",-0.0016459783332215417,-0.029760766360494826,42,0,0,30,1,126
data_no_attention__tp12_L4_m0p56,data_ablation_no_module,no_attention,tp12_L4_m0p56,4.0,-0.56,run2,fold02,71,63.38028169014085,63.38028169014085,0.0,0,68.66950254047029,68.66950254047029,0.0,0,63.681341719077565,63.681341719077565,0.0,0,0.4690406293950227,0.4690406293950227,0.0,0,61.53846153846154,61.53846153846154,0.0,51.61290322580645,51.61290322580645,0.0,92.85714285714286,92.85714285714286,0.0,"[[16, 6, 4], [7, 16, 8], [1, 0, 13]]","[[16, 6, 4], [7, 16, 8], [1, 0, 13]]","[[0, 0, 0], [0, 0, 0], [0, 0, 0]]",0.0,0.0,45,0,0,26,0,0
data_no_attention__tp12_L4_m0p56,data_ablation_no_module,no_attention,tp12_L4_m0p56,4.0,-0.56,run2,fold03,71,56.33802816901409,54.929577464788736,-1.408450704225352,-,51.74878884556304,50.46673756351176,-1.2820512820512846,-,51.7458781609725,50.56089743589743,-1.1849807250750715,-,0.30795014030702567,0.28456303295794977,-0.023387107349075897,-,65.38461538461539,61.53846153846154,-3.8461538461538467,61.29032258064516,61.29032258064516,0.0,28.57142857142857,28.57142857142857,0.0,"[[17, 7, 2], [6, 19, 6], [4, 6, 4]]","[[16, 8, 2], [6, 19, 6], [4, 6, 4]]","[[-1, 1, 0], [0, 0, 0], [0, 0, 0]]",-0.0034095250384908325,-0.014778005470797207,39,1,0,31,2,231
data_no_attention__tp12_L4_m0p56,data_ablation_no_module,no_attention,tp12_L4_m0p56,4.0,-0.56,run2,oof_pooled,214,59.345794392523366,58.87850467289719,-0.46728971962617294,-,58.5788173987439,58.15687647047386,-0.4219409282700397,-,57.96936324972884,57.55652426620168,-0.4128389835271662,-,0.36980374236342506,0.3623015483417252,-0.007502194021699882,-,60.75949367088608,59.49367088607595,-1.2658227848101333,60.215053763440864,60.215053763440864,0.0,54.761904761904766,54.761904761904766,0.0,"[[48, 22, 9], [18, 56, 19], [6, 13, 23]]","[[47, 23, 9], [18, 56, 19], [6, 13, 23]]","[[-1, 1, 0], [0, 0, 0], [0, 0, 0]]",-0.0016849846622654212,-0.014915951244776772,126,1,0,87,3,357
module_masked__no_attention__tp12_L4_m0p56,module_ablation_masked,no_attention,tp12_L4_m0p56,4.0,-0.56,run1,fold01,327,79.20489296636084,78.89908256880734,-0.3058103975535005,-,75.533995618825,77.71899488437145,2.184999265546452,+,77.22546769311798,77.19216376843497,-0.03330392468301113,-,0.6501035758739692,0.6510632817301374,0.0009597058561682248,+,83.5820895522388,84.32835820895522,0.7462686567164241,79.60526315789474,75.6578947368421,-3.9473684210526443,63.41463414634146,73.17073170731707,9.756097560975611,"[[112, 20, 2], [27, 121, 4], [5, 10, 26]]","[[113, 19, 2], [26, 115, 11], [2, 9, 30]]","[[1, -1, 0], [-1, -6, 7], [-3, -1, 4]]",-0.02019974270995642,0.3256486412080785,223,36,35,33,37,6464
module_masked__no_attention__tp12_L4_m0p56,module_ablation_masked,no_attention,tp12_L4_m0p56,4.0,-0.56,run1,fold02,326,79.14110429447852,77.91411042944786,-1.2269938650306642,-,80.54922754647814,76.66077507200838,-3.8884524744697586,-,80.27515960065314,77.27739357343837,-2.997766027214766,-,0.6522768386088252,0.6299825328663179,-0.022294305742507348,-,78.35820895522389,79.8507462686567,1.4925373134328197,78.28947368421053,77.63157894736842,-0.6578947368421098,85.0,72.5,-12.5,"[[105, 27, 2], [28, 119, 5], [2, 4, 34]]","[[107, 24, 3], [29, 118, 5], [4, 7, 29]]","[[2, -3, 1], [1, -1, 0], [2, 3, -5]]",-0.016546399165332216,1.738359579810747,212,46,42,26,41,7697
module_masked__no_attention__tp12_L4_m0p56,module_ablation_masked,no_attention,tp12_L4_m0p56,4.0,-0.56,run1,fold03,326,83.12883435582822,81.28834355828221,-1.8404907975460105,-,79.89264205289342,81.67648599109715,1.7838439382037308,+,82.29097632140497,80.66848360966009,-1.6224927117448829,-,0.7143543951777782,0.6904755982225164,-0.02387879695526185,-,82.83582089552239,83.5820895522388,0.7462686567164099,86.8421052631579,78.94736842105263,-7.894736842105274,70.0,82.5,12.5,"[[111, 21, 2], [20, 132, 0], [4, 8, 28]]","[[112, 21, 1], [22, 120, 10], [4, 3, 33]]","[[1, 0, -1], [2, -12, 10], [0, -5, 5]]",-0.027515331361456282,0.6367960025733508,234,37,31,24,32,5591
module_masked__no_attention__tp12_L4_m0p56,module_ablation_masked,no_attention,tp12_L4_m0p56,4.0,-0.56,run1,oof_pooled,979,80.4902962206333,79.36670071501533,-1.1235955056179705,-,78.63275329889626,78.67746774320365,0.044714444307388135,+,80.00311235605353,78.37566739088375,-1.6274449651697864,-,0.6716325782942736,0.6571796971558735,-0.014452881138400042,-,81.59203980099502,82.58706467661692,0.995024875621894,81.57894736842105,77.41228070175438,-4.166666666666671,72.72727272727273,76.03305785123968,3.305785123966942,"[[328, 68, 6], [75, 372, 9], [11, 22, 88]]","[[332, 64, 6], [77, 353, 26], [10, 19, 92]]","[[4, -4, 0], [2, -19, 17], [-1, -3, 4]]",-0.02141924414493238,0.8996811292464326,669,119,108,83,110,19752
module_masked__no_attention__tp12_L4_m0p56,module_ablation_masked,no_attention,tp12_L4_m0p56,4.0,-0.56,run2,fold01,72,70.83333333333334,58.333333333333336,-12.500000000000007,-,67.64237355635206,55.384877965523124,-12.257495590828931,-,67.95103578154426,55.707282913165265,-12.243752868378998,-,0.5423069525602112,0.3440986103748549,-0.19820834218535632,-,85.18518518518519,55.55555555555556,-29.629629629629633,67.74193548387096,67.74193548387096,0.0,50.0,42.857142857142854,-7.142857142857146,"[[23, 2, 2], [8, 21, 2], [2, 5, 7]]","[[15, 9, 3], [5, 21, 5], [1, 7, 6]]","[[-8, 7, 1], [-3, 0, 3], [-1, 2, -1]]",-0.1647443944209815,-2.5142895103910834,37,14,5,16,1,126
module_masked__no_attention__tp12_L4_m0p56,module_ablation_masked,no_attention,tp12_L4_m0p56,4.0,-0.56,run2,fold02,71,66.19718309859155,63.38028169014085,-2.816901408450704,-,65.3255346803734,68.66950254047029,3.343967860096896,+,65.75180206506916,63.681341719077565,-2.0704603459915916,-,0.47169889043248636,0.4690406293950227,-0.0026582610374636384,-,80.76923076923077,61.53846153846154,-19.230769230769234,58.06451612903226,51.61290322580645,-6.451612903225815,57.14285714285714,92.85714285714286,35.71428571428572,"[[21, 5, 0], [10, 18, 3], [2, 4, 8]]","[[16, 6, 4], [7, 16, 8], [1, 0, 13]]","[[-5, 1, 4], [-3, -2, 5], [-1, -4, 5]]",-0.08481250052922322,-1.8143298276716475,33,14,12,12,0,0
module_masked__no_attention__tp12_L4_m0p56,module_ablation_masked,no_attention,tp12_L4_m0p56,4.0,-0.56,run2,fold03,71,66.19718309859155,54.929577464788736,-11.267605633802816,-,59.89601796053409,50.46673756351176,-9.429280397022332,-,59.85164932533355,50.56089743589743,-9.290751889436116,-,0.4606021901729474,0.28456303295794977,-0.17603915721499763,-,76.92307692307693,61.53846153846154,-15.384615384615394,74.19354838709677,61.29032258064516,-12.903225806451609,28.57142857142857,28.57142857142857,0.0,"[[20, 4, 2], [6, 23, 2], [5, 5, 4]]","[[16, 8, 2], [6, 19, 6], [4, 6, 4]]","[[-4, 4, 0], [0, -4, 4], [-1, 1, 0]]",-0.19199280246844255,-3.8077144149664632,34,13,5,19,2,231
module_masked__no_attention__tp12_L4_m0p56,module_ablation_masked,no_attention,tp12_L4_m0p56,4.0,-0.56,run2,oof_pooled,214,67.7570093457944,58.87850467289719,-8.878504672897208,-,64.30580671087,58.15687647047386,-6.14893024039614,-,64.79797979797979,57.55652426620168,-7.241455531778115,-,0.49138541337505465,0.3623015483417252,-0.12908386503332947,-,81.0126582278481,59.49367088607595,-21.51898734177216,66.66666666666666,60.215053763440864,-6.451612903225794,45.23809523809524,54.761904761904766,9.523809523809526,"[[64, 11, 4], [24, 62, 7], [9, 14, 19]]","[[47, 23, 9], [18, 56, 19], [6, 13, 23]]","[[-17, 12, 5], [-6, -6, 12], [-3, -1, 4]]",-0.1472652939773128,-2.711186850352635,104,41,22,47,3,357
data_full__tp13_L4_m0p55,data_ablation_full,,tp13_L4_m0p55,4.0,-0.55,run1,fold01,327,80.73394495412845,79.51070336391437,-1.223241590214073,-,76.63048684689517,75.75329386443904,-0.8771929824561226,-,79.0877721312504,77.6869732284348,-1.400798902815609,-,0.6743426700043699,0.6547784873592961,-0.019564182645073758,-,83.5820895522388,83.5820895522388,0.0,82.89473684210526,80.26315789473685,-2.6315789473684106,63.41463414634146,63.41463414634146,0.0,"[[112, 20, 2], [25, 126, 1], [5, 10, 26]]","[[112, 20, 2], [27, 122, 3], [5, 10, 26]]","[[0, 0, 0], [2, -4, 2], [0, 0, 0]]",-0.012470307817988361,-0.25246197136762677,257,7,3,60,37,6464
data_full__tp13_L4_m0p55,data_ablation_full,,tp13_L4_m0p55,4.0,-0.55,run1,fold02,326,81.59509202453987,79.4478527607362,-2.1472392638036695,-,82.30361351139041,80.76852579209218,-1.5350877192982324,-,82.11529042328695,80.50558234375124,-1.6097080795357073,-,0.6929312561648969,0.6572734247459113,-0.0356578314189856,-,78.35820895522389,78.35820895522389,0.0,83.55263157894737,78.94736842105263,-4.60526315789474,85.0,85.0,0.0,"[[105, 27, 2], [20, 127, 5], [2, 4, 34]]","[[105, 27, 2], [27, 120, 5], [2, 4, 34]]","[[0, 0, 0], [7, -7, 0], [0, 0, 0]]",-0.020044810020799057,-0.32174576348139466,259,7,0,60,41,7700
data_full__tp13_L4_m0p55,data_ablation_full,,tp13_L4_m0p55,4.0,-0.55,run1,fold03,326,84.04907975460122,83.12883435582822,-0.9202453987730053,-,80.55053678973553,79.89264205289342,-0.6578947368421098,-,82.96722819707497,82.29097632140497,-0.6762518756700047,-,0.7301975910800922,0.7143543951777782,-0.015843195902313978,-,82.83582089552239,82.83582089552239,0.0,88.81578947368422,86.8421052631579,-1.973684210526315,70.0,70.0,0.0,"[[111, 21, 2], [17, 135, 0], [4, 8, 28]]","[[111, 21, 2], [20, 132, 0], [4, 8, 28]]","[[0, 0, 0], [3, -3, 0], [0, 0, 0]]",-0.005852024498994838,-0.10290764523612941,268,6,3,49,32,5586
data_full__tp13_L4_m0p55,data_ablation_full,,tp13_L4_m0p55,4.0,-0.55,run1,oof_pooled,979,82.12461695607763,80.69458631256384,-1.4300306435137884,-,79.80234394217112,78.77895212930562,-1.0233918128654977,-,81.47172321467072,80.23963739608092,-1.2320858185897947,-,0.6985628449866854,0.6748836610561254,-0.02367918393056001,-,81.59203980099502,81.59203980099502,0.0,85.08771929824562,82.01754385964912,-3.0701754385964932,72.72727272727273,72.72727272727273,0.0,"[[328, 68, 6], [62, 388, 6], [11, 22, 88]]","[[328, 68, 6], [74, 374, 8], [11, 22, 88]]","[[0, 0, 0], [12, -14, 2], [0, 0, 0]]",-0.01278872186918795,-0.22573245748633994,784,20,6,169,110,19750
data_full__tp13_L4_m0p55,data_ablation_full,,tp13_L4_m0p55,4.0,-0.55,run2,fold01,72,69.44444444444444,70.83333333333334,1.3888888888889,+,66.40780565511749,67.64237355635206,1.2345679012345698,+,66.85875706214689,67.95103578154426,1.0922787193973704,+,0.5182264323917611,0.5423069525602112,0.02408052016845008,+,81.48148148148148,85.18518518518519,3.7037037037037095,67.74193548387096,67.74193548387096,0.0,50.0,50.0,0.0,"[[22, 3, 2], [8, 21, 2], [2, 5, 7]]","[[23, 2, 2], [8, 21, 2], [2, 5, 7]]","[[1, -1, 0], [0, 0, 0], [0, 0, 0]]",0.009693056375858254,0.1493691735797458,50,0,1,21,1,125
data_full__tp13_L4_m0p55,data_ablation_full,,tp13_L4_m0p55,4.0,-0.55,run2,fold02,71,66.19718309859155,66.19718309859155,0.0,0,65.3255346803734,65.3255346803734,0.0,0,65.75180206506916,65.75180206506916,0.0,0,0.47169889043248636,0.47169889043248636,0.0,0,80.76923076923077,80.76923076923077,0.0,58.06451612903226,58.06451612903226,0.0,57.14285714285714,57.14285714285714,0.0,"[[21, 5, 0], [10, 18, 3], [2, 4, 8]]","[[21, 5, 0], [10, 18, 3], [2, 4, 8]]","[[0, 0, 0], [0, 0, 0], [0, 0, 0]]",0.0,0.0,47,0,0,24,0,0
data_full__tp13_L4_m0p55,data_ablation_full,,tp13_L4_m0p55,4.0,-0.55,run2,fold03,71,66.19718309859155,66.19718309859155,0.0,0,59.89601796053409,59.89601796053409,0.0,0,60.04855889724311,59.85164932533355,-0.19690957190956482,-,0.45896608905667236,0.4606021901729474,0.001636101116275046,+,76.92307692307693,76.92307692307693,0.0,74.19354838709677,74.19354838709677,0.0,28.57142857142857,28.57142857142857,0.0,"[[20, 5, 1], [6, 23, 2], [5, 5, 4]]","[[20, 4, 2], [6, 23, 2], [5, 5, 4]]","[[0, -1, 1], [0, 0, 0], [0, 0, 0]]",-1.0629454760086267e-05,-0.03425689482353103,46,1,1,23,2,229
data_full__tp13_L4_m0p55,data_ablation_full,,tp13_L4_m0p55,4.0,-0.55,run2,oof_pooled,214,67.28971962616822,67.7570093457944,0.46728971962618004,+,63.883865782599955,64.30580671087,0.4219409282700468,+,64.55099829747716,64.79797979797979,0.24698150050262768,+,0.4824688400261222,0.49138541337505465,0.008916573348932422,+,79.74683544303798,81.0126582278481,1.2658227848101262,66.66666666666666,66.66666666666666,0.0,45.23809523809524,45.23809523809524,0.0,"[[63, 13, 3], [24, 62, 7], [9, 14, 19]]","[[64, 11, 4], [24, 62, 7], [9, 14, 19]]","[[1, -2, 1], [0, 0, 0], [0, 0, 0]]",0.0032576886344571412,0.03888944376294857,143,1,2,68,3,354
data_no_conv__tp13_L4_m0p55,data_ablation_no_module,no_conv,tp13_L4_m0p55,4.0,-0.55,run1,fold01,327,79.20489296636084,77.37003058103976,-1.8348623853210881,-,77.82046123681977,76.50467176313555,-1.3157894736842195,-,79.390186562109,76.82267925950235,-2.567507302606643,-,0.6509524121737486,0.6233133804911456,-0.027639031682602955,-,81.34328358208955,81.34328358208955,0.0,78.94736842105263,75.0,-3.94736842105263,73.17073170731707,73.17073170731707,0.0,"[[109, 24, 1], [29, 120, 3], [5, 6, 30]]","[[109, 24, 1], [30, 114, 8], [4, 7, 30]]","[[0, 0, 0], [1, -6, 5], [-1, 1, 0]]",-0.01756426709938851,-0.05756922141401046,248,11,5,63,37,6464
data_no_conv__tp13_L4_m0p55,data_ablation_no_module,no_conv,tp13_L4_m0p55,4.0,-0.55,run1,fold02,326,80.06134969325154,77.30061349693251,-2.76073619631903,-,78.89827179890023,76.92458758837391,-1.973684210526315,-,78.65140888396702,76.54648314539315,-2.1049257385738684,-,0.667755761900005,0.6239266566354555,-0.04382910526454942,-,82.08955223880598,82.08955223880598,0.0,79.60526315789474,73.68421052631578,-5.921052631578959,75.0,75.0,0.0,"[[110, 22, 2], [22, 121, 9], [4, 6, 30]]","[[110, 22, 2], [31, 112, 9], [4, 6, 30]]","[[0, 0, 0], [9, -9, 0], [0, 0, 0]]",-0.021515709346025404,-0.1328497979949954,248,13,4,61,41,7700
data_no_conv__tp13_L4_m0p55,data_ablation_no_module,no_conv,tp13_L4_m0p55,4.0,-0.55,run1,fold03,326,77.60736196319019,74.23312883435584,-3.374233128834348,-,80.15514532600157,77.74286462424719,-2.4122807017543835,-,76.45264363658288,73.4630664228027,-2.98957721378018,-,0.6403712014169086,0.5911037404787228,-0.04926746093818579,-,80.59701492537313,80.59701492537313,0.0,72.36842105263158,65.13157894736842,-7.23684210526315,87.5,87.5,0.0,"[[108, 18, 8], [28, 110, 14], [0, 5, 35]]","[[108, 18, 8], [37, 99, 16], [0, 5, 35]]","[[0, 0, 0], [9, -11, 2], [0, 0, 0]]",-0.023544546385501738,-0.16450431229878057,239,14,3,70,32,5586
data_no_conv__tp13_L4_m0p55,data_ablation_no_module,no_conv,tp13_L4_m0p55,4.0,-0.55,run1,oof_pooled,979,78.95812053115424,76.30234933605719,-2.6557711950970457,-,78.94312149561026,77.04253670028862,-1.9005847953216346,-,78.0672759638754,75.57297740733881,-2.4942985565365916,-,0.6519762827892167,0.6116898212299415,-0.04028646155927518,-,81.34328358208955,81.34328358208955,0.0,76.97368421052632,71.27192982456141,-5.701754385964904,78.51239669421489,78.51239669421489,0.0,"[[327, 64, 11], [79, 351, 26], [9, 17, 95]]","[[327, 64, 11], [98, 325, 33], [8, 18, 95]]","[[0, 0, 0], [19, -26, 7], [-1, 1, 0]]",-0.020871459356463624,-0.11824573581016587,735,38,12,194,110,19750
data_no_conv__tp13_L4_m0p55,data_ablation_no_module,no_conv,tp13_L4_m0p55,4.0,-0.55,run2,fold01,72,55.55555555555556,56.94444444444444,1.3888888888888857,+,57.151391022358766,58.38595892359333,1.2345679012345627,+,54.93827160493828,56.18639222412808,1.2481206191897982,+,0.3353881275042346,0.3584663077334924,0.02307818022925784,+,55.55555555555556,59.25925925925925,3.7037037037036953,51.61290322580645,51.61290322580645,0.0,64.28571428571429,64.28571428571429,0.0,"[[15, 6, 6], [8, 16, 7], [4, 1, 9]]","[[16, 5, 6], [8, 16, 7], [4, 1, 9]]","[[1, -1, 0], [0, 0, 0], [0, 0, 0]]",0.008941449224948883,0.0685836653962421,40,0,1,31,1,125
data_no_conv__tp13_L4_m0p55,data_ablation_no_module,no_conv,tp13_L4_m0p55,4.0,-0.55,run2,fold02,71,56.33802816901409,56.33802816901409,0.0,0,60.888573791799594,60.888573791799594,0.0,0,56.23083683234059,56.23083683234059,0.0,0,0.3663549852444777,0.3663549852444777,0.0,0,65.38461538461539,65.38461538461539,0.0,38.70967741935484,38.70967741935484,0.0,78.57142857142857,78.57142857142857,0.0,"[[17, 6, 3], [9, 12, 10], [3, 0, 11]]","[[17, 6, 3], [9, 12, 10], [3, 0, 11]]","[[0, 0, 0], [0, 0, 0], [0, 0, 0]]",0.0,0.0,40,0,0,31,0,0
data_no_conv__tp13_L4_m0p55,data_ablation_no_module,no_conv,tp13_L4_m0p55,4.0,-0.55,run2,fold03,71,54.929577464788736,56.33802816901409,1.408450704225352,+,51.50064988774666,52.78270116979794,1.2820512820512775,+,50.483091787439605,51.51690821256039,1.0338164251207829,+,0.3108593378795985,0.3390361001664141,0.028176762286815593,+,80.76923076923077,84.61538461538461,3.8461538461538396,45.16129032258064,45.16129032258064,0.0,28.57142857142857,28.57142857142857,0.0,"[[21, 4, 1], [13, 14, 4], [8, 2, 4]]","[[22, 3, 1], [13, 14, 4], [8, 2, 4]]","[[1, -1, 0], [0, 0, 0], [0, 0, 0]]",0.006304795893145278,0.028607231053248257,39,0,1,31,2,229
data_no_conv__tp13_L4_m0p55,data_ablation_no_module,no_conv,tp13_L4_m0p55,4.0,-0.55,run2,oof_pooled,214,55.60747663551402,56.54205607476636,0.9345794392523388,+,56.4642516867915,57.308133543331586,0.8438818565400865,+,54.638998759215426,55.40006931456385,0.7610705553484252,+,0.33252990827619394,0.34902220389299715,0.01649229561680321,+,67.08860759493672,69.62025316455697,2.5316455696202524,45.16129032258064,45.16129032258064,0.0,57.14285714285714,57.14285714285714,0.0,"[[53, 16, 10], [30, 42, 21], [15, 3, 24]]","[[55, 14, 10], [30, 42, 21], [15, 3, 24]]","[[2, -2, 0], [0, 0, 0], [0, 0, 0]]",0.00510011613368988,0.03256606221172924,119,0,2,93,3,354
module_masked__no_conv__tp13_L4_m0p55,module_ablation_masked,no_conv,tp13_L4_m0p55,4.0,-0.55,run1,fold01,327,79.51070336391437,77.37003058103976,-2.140672782874617,-,75.75329386443904,76.50467176313555,0.7513778986965036,+,77.6869732284348,76.82267925950235,-0.8642939689324436,-,0.6547784873592961,0.6233133804911456,-0.031465106868150516,-,83.5820895522388,81.34328358208955,-2.2388059701492438,80.26315789473685,75.0,-5.26315789473685,63.41463414634146,73.17073170731707,9.756097560975611,"[[112, 20, 2], [27, 122, 3], [5, 10, 26]]","[[109, 24, 1], [30, 114, 8], [4, 7, 30]]","[[-3, 4, -1], [3, -8, 5], [-1, -3, 4]]",-0.020008438647629655,0.4112685654733888,229,31,24,43,37,6464
module_masked__no_conv__tp13_L4_m0p55,module_ablation_masked,no_conv,tp13_L4_m0p55,4.0,-0.55,run1,fold02,326,79.4478527607362,77.30061349693251,-2.1472392638036837,-,80.76852579209218,76.92458758837391,-3.8439382037182668,-,80.50558234375124,76.54648314539315,-3.959099198358089,-,0.6572734247459113,0.6239266566354555,-0.03334676811045578,-,78.35820895522389,82.08955223880598,3.731343283582092,78.94736842105263,73.68421052631578,-5.26315789473685,85.0,75.0,-10.0,"[[105, 27, 2], [27, 120, 5], [2, 4, 34]]","[[110, 22, 2], [31, 112, 9], [4, 6, 30]]","[[5, -5, 0], [4, -8, 4], [2, 2, -4]]",-0.03754084155907145,-1.2226442444349634,218,41,34,33,41,7700
module_masked__no_conv__tp13_L4_m0p55,module_ablation_masked,no_conv,tp13_L4_m0p55,4.0,-0.55,run1,fold03,326,83.12883435582822,74.23312883435584,-8.89570552147238,-,79.89264205289342,77.74286462424719,-2.1497774286462317,-,82.29097632140497,73.4630664228027,-8.827909898602272,-,0.7143543951777782,0.5911037404787228,-0.12325065469905538,-,82.83582089552239,80.59701492537313,-2.238805970149258,86.8421052631579,65.13157894736842,-21.71052631578948,70.0,87.5,17.5,"[[111, 21, 2], [20, 132, 0], [4, 8, 28]]","[[108, 18, 8], [37, 99, 16], [0, 5, 35]]","[[-3, -3, 6], [17, -33, 16], [-4, -3, 7]]",-0.11253470338465796,-2.4776510424294904,216,55,26,29,32,5586
module_masked__no_conv__tp13_L4_m0p55,module_ablation_masked,no_conv,tp13_L4_m0p55,4.0,-0.55,run1,oof_pooled,979,80.69458631256384,76.30234933605719,-4.392236976506652,-,78.77895212930562,77.04253670028862,-1.7364154290170006,-,80.23963739608092,75.57297740733881,-4.666659988742111,-,0.6748836610561254,0.6116898212299415,-0.06319383982618387,-,81.59203980099502,81.34328358208955,-0.24875621890546995,82.01754385964912,71.27192982456141,-10.745614035087712,72.72727272727273,78.51239669421489,5.785123966942152,"[[328, 68, 6], [74, 374, 8], [11, 22, 88]]","[[327, 64, 11], [98, 325, 33], [8, 18, 95]]","[[-1, -4, 5], [24, -49, 25], [-3, -4, 7]]",-0.05665718803823359,-1.0948022907129864,663,127,84,105,110,19750
module_masked__no_conv__tp13_L4_m0p55,module_ablation_masked,no_conv,tp13_L4_m0p55,4.0,-0.55,run2,fold01,72,70.83333333333334,56.94444444444444,-13.8888888888889,-,67.64237355635206,58.38595892359333,-9.256414632758727,-,67.95103578154426,56.18639222412808,-11.764643557416186,-,0.5423069525602112,0.3584663077334924,-0.1838406448267188,-,85.18518518518519,59.25925925925925,-25.925925925925938,67.74193548387096,51.61290322580645,-16.129032258064512,50.0,64.28571428571429,14.285714285714292,"[[23, 2, 2], [8, 21, 2], [2, 5, 7]]","[[16, 5, 6], [8, 16, 7], [4, 1, 9]]","[[-7, 3, 4], [0, -5, 5], [2, -4, 2]]",-0.15961485386024934,-2.0826513544759817,31,20,10,11,1,125
module_masked__no_conv__tp13_L4_m0p55,module_ablation_masked,no_conv,tp13_L4_m0p55,4.0,-0.55,run2,fold02,71,66.19718309859155,56.33802816901409,-9.859154929577464,-,65.3255346803734,60.888573791799594,-4.4369608885738,-,65.75180206506916,56.23083683234059,-9.520965232728564,-,0.47169889043248636,0.3663549852444777,-0.10534390518800868,-,80.76923076923077,65.38461538461539,-15.384615384615387,58.06451612903226,38.70967741935484,-19.354838709677423,57.14285714285714,78.57142857142857,21.42857142857143,"[[21, 5, 0], [10, 18, 3], [2, 4, 8]]","[[17, 6, 3], [9, 12, 10], [3, 0, 11]]","[[-4, 1, 3], [-1, -6, 7], [1, -4, 3]]",-0.16871155993689793,-2.424719557034927,31,16,9,15,0,0
module_masked__no_conv__tp13_L4_m0p55,module_ablation_masked,no_conv,tp13_L4_m0p55,4.0,-0.55,run2,fold03,71,66.19718309859155,56.33802816901409,-9.859154929577464,-,59.89601796053409,52.78270116979794,-7.11331679073615,-,59.85164932533355,51.51690821256039,-8.334741112773159,-,0.4606021901729474,0.3390361001664141,-0.12156609000653329,-,76.92307692307693,84.61538461538461,7.692307692307679,74.19354838709677,45.16129032258064,-29.032258064516128,28.57142857142857,28.57142857142857,0.0,"[[20, 4, 2], [6, 23, 2], [5, 5, 4]]","[[22, 3, 1], [13, 14, 4], [8, 2, 4]]","[[2, -1, -1], [7, -9, 2], [3, -3, 0]]",-0.21262383480165042,-2.8812891148378363,34,13,6,18,2,229
module_masked__no_conv__tp13_L4_m0p55,module_ablation_masked,no_conv,tp13_L4_m0p55,4.0,-0.55,run2,oof_pooled,214,67.7570093457944,56.54205607476636,-11.214953271028044,-,64.30580671087,57.308133543331586,-6.997673167538416,-,64.79797979797979,55.40006931456385,-9.397910483415941,-,0.49138541337505465,0.34902220389299715,-0.1423632094820575,-,81.0126582278481,69.62025316455697,-11.392405063291136,66.66666666666666,45.16129032258064,-21.505376344086017,45.23809523809524,57.14285714285714,11.904761904761898,"[[64, 11, 4], [24, 62, 7], [9, 14, 19]]","[[55, 14, 10], [30, 42, 21], [15, 3, 24]]","[[-9, 3, 6], [6, -20, 14], [6, -11, 5]]",-0.1802200117026864,-2.4611098748842846,96,49,25,44,3,354
data_no_lstm__tp13_L4_m0p55,data_ablation_no_module,no_lstm,tp13_L4_m0p55,4.0,-0.55,run1,fold01,327,75.22935779816514,72.78287461773701,-2.4464831804281317,-,72.98224857739544,71.19840463919172,-1.7838439382037166,-,74.65929369343549,71.53746266718608,-3.12183102624941,-,0.5824277209957041,0.5456394562816472,-0.03678826471405683,-,76.11940298507463,75.3731343283582,-0.7462686567164241,76.97368421052632,72.36842105263158,-4.60526315789474,65.85365853658537,65.85365853658537,0.0,"[[102, 30, 2], [31, 117, 4], [4, 10, 27]]","[[101, 30, 3], [33, 110, 9], [4, 10, 27]]","[[-1, 0, 1], [2, -7, 5], [0, 0, 0]]",-0.020184842954670285,-0.3750540716317269,235,11,3,78,37,6464
data_no_lstm__tp13_L4_m0p55,data_ablation_no_module,no_lstm,tp13_L4_m0p55,4.0,-0.55,run1,fold02,326,74.23312883435584,73.00613496932516,-1.2269938650306784,-,73.23841319717204,72.3612202147159,-0.8771929824561369,-,73.4197528076379,72.08636786901182,-1.3333849386260823,-,0.5692124265740279,0.550971662917014,-0.01824076365701388,-,75.3731343283582,75.3731343283582,0.0,74.3421052631579,71.71052631578947,-2.631578947368439,70.0,70.0,0.0,"[[101, 30, 3], [31, 113, 8], [5, 7, 28]]","[[101, 30, 3], [33, 109, 10], [6, 6, 28]]","[[0, 0, 0], [2, -4, 2], [1, -1, 0]]",-0.01273840212348362,-0.20756938634725985,233,9,5,79,41,7700
data_no_lstm__tp13_L4_m0p55,data_ablation_no_module,no_lstm,tp13_L4_m0p55,4.0,-0.55,run1,fold03,326,77.91411042944786,76.38036809815951,-1.5337423312883516,-,77.18643623985336,76.08994501178317,-1.0964912280701924,-,76.36475294195755,74.35076549998686,-2.0139874419706842,-,0.6335414855138196,0.6120470053429777,-0.02149448017084188,-,77.61194029850746,77.61194029850746,0.0,78.94736842105263,75.6578947368421,-3.2894736842105345,75.0,75.0,0.0,"[[104, 23, 7], [25, 120, 7], [3, 7, 30]]","[[104, 23, 7], [25, 115, 12], [3, 7, 30]]","[[0, 0, 0], [0, -5, 5], [0, 0, 0]]",-0.01690037580129886,-0.3522680658458566,247,7,2,70,32,5586
data_no_lstm__tp13_L4_m0p55,data_ablation_no_module,no_lstm,tp13_L4_m0p55,4.0,-0.55,run1,oof_pooled,979,75.79162410623084,74.05515832482125,-1.736465781409592,-,74.4568263510633,73.20431696815328,-1.25250938291002,-,74.79679148332708,72.64100985221674,-2.1557816311103437,-,0.5949564188779985,0.5695107359571687,-0.025445682920829826,-,76.3681592039801,76.11940298507463,-0.24875621890546995,76.75438596491229,73.24561403508771,-3.508771929824576,70.24793388429752,70.24793388429752,0.0,"[[307, 83, 12], [87, 350, 19], [12, 24, 85]]","[[306, 83, 13], [91, 334, 31], [13, 23, 85]]","[[-1, 0, 1], [4, -16, 12], [1, -1, 0]]",-0.016611527323448696,-0.31169529196989854,715,27,10,227,110,19750
data_no_lstm__tp13_L4_m0p55,data_ablation_no_module,no_lstm,tp13_L4_m0p55,4.0,-0.55,run2,fold01,72,63.888888888888886,63.888888888888886,0.0,0,63.762303009614826,63.762303009614826,0.0,0,62.59259259259259,62.59259259259259,0.0,0,0.45896250049990833,0.45896250049990833,0.0,0,59.25925925925925,59.25925925925925,0.0,67.74193548387096,67.74193548387096,0.0,64.28571428571429,64.28571428571429,0.0,"[[16, 6, 5], [2, 21, 8], [0, 5, 9]]","[[16, 6, 5], [2, 21, 8], [0, 5, 9]]","[[0, 0, 0], [0, 0, 0], [0, 0, 0]]",-2.3545904292000664e-06,-3.398458162943522e-05,46,0,0,26,1,125
data_no_lstm__tp13_L4_m0p55,data_ablation_no_module,no_lstm,tp13_L4_m0p55,4.0,-0.55,run2,fold02,71,56.33802816901409,56.33802816901409,0.0,0,53.73980857851826,53.73980857851826,0.0,0,55.29980107985223,55.29980107985223,0.0,0,0.2972806093565435,0.2972806093565435,0.0,0,53.84615384615385,53.84615384615385,0.0,64.51612903225806,64.51612903225806,0.0,42.857142857142854,42.857142857142854,0.0,"[[14, 11, 1], [9, 20, 2], [2, 6, 6]]","[[14, 11, 1], [9, 20, 2], [2, 6, 6]]","[[0, 0, 0], [0, 0, 0], [0, 0, 0]]",0.0,0.0,40,0,0,31,0,0
data_no_lstm__tp13_L4_m0p55,data_ablation_no_module,no_lstm,tp13_L4_m0p55,4.0,-0.55,run2,fold03,71,67.6056338028169,67.6056338028169,0.0,0,63.58265390523455,63.58265390523455,0.0,0,63.48309568648551,63.48309568648551,0.0,0,0.4934358082473687,0.4934358082473687,0.0,0,76.92307692307693,76.92307692307693,0.0,70.96774193548387,70.96774193548387,0.0,42.857142857142854,42.857142857142854,0.0,"[[20, 4, 2], [4, 22, 5], [6, 2, 6]]","[[20, 4, 2], [4, 22, 5], [6, 2, 6]]","[[0, 0, 0], [0, 0, 0], [0, 0, 0]]",-0.00016892559721436368,-0.005658376384788829,48,0,0,23,2,229
data_no_lstm__tp13_L4_m0p55,data_ablation_no_module,no_lstm,tp13_L4_m0p55,4.0,-0.55,run2,oof_pooled,214,62.616822429906534,62.616822429906534,0.0,0,60.344358241459105,60.344358241459105,0.0,0,60.31415748674011,60.31415748674011,0.0,0,0.41329125049232496,0.41329125049232496,0.0,0,63.29113924050633,63.29113924050633,0.0,67.74193548387096,67.74193548387096,0.0,50.0,50.0,0.0,"[[50, 21, 8], [15, 63, 15], [8, 13, 21]]","[[50, 21, 8], [15, 63, 15], [8, 13, 21]]","[[0, 0, 0], [0, 0, 0], [0, 0, 0]]",-5.68376070706646e-05,-0.0018887458560622721,134,0,0,80,3,354
module_masked__no_lstm__tp13_L4_m0p55,module_ablation_masked,no_lstm,tp13_L4_m0p55,4.0,-0.55,run1,fold01,327,79.51070336391437,72.78287461773701,-6.727828746177366,-,75.75329386443904,71.19840463919172,-4.554889225247322,-,77.6869732284348,71.53746266718608,-6.149510561248718,-,0.6547784873592961,0.5456394562816472,-0.10913903107764888,-,83.5820895522388,75.3731343283582,-8.208955223880594,80.26315789473685,72.36842105263158,-7.894736842105274,63.41463414634146,65.85365853658537,2.439024390243908,"[[112, 20, 2], [27, 122, 3], [5, 10, 26]]","[[101, 30, 3], [33, 110, 9], [4, 10, 27]]","[[-11, 10, 1], [6, -12, 6], [-1, 0, 1]]",-0.08320720634827065,-1.6077030312571823,210,50,28,39,37,6464
module_masked__no_lstm__tp13_L4_m0p55,module_ablation_masked,no_lstm,tp13_L4_m0p55,4.0,-0.55,run1,fold02,326,79.4478527607362,73.00613496932516,-6.441717791411037,-,80.76852579209218,72.3612202147159,-8.407305577376277,-,80.50558234375124,72.08636786901182,-8.41921447473942,-,0.6572734247459113,0.550971662917014,-0.10630176182889728,-,78.35820895522389,75.3731343283582,-2.985074626865682,78.94736842105263,71.71052631578947,-7.236842105263165,85.0,70.0,-15.0,"[[105, 27, 2], [27, 120, 5], [2, 4, 34]]","[[101, 30, 3], [33, 109, 10], [6, 6, 28]]","[[-4, 3, 1], [6, -11, 5], [4, 2, -6]]",-0.08245694179485558,-2.2819762195580484,205,54,33,34,41,7700
module_masked__no_lstm__tp13_L4_m0p55,module_ablation_masked,no_lstm,tp13_L4_m0p55,4.0,-0.55,run1,fold03,326,83.12883435582822,76.38036809815951,-6.74846625766871,-,79.89264205289342,76.08994501178317,-3.8026970411102496,-,82.29097632140497,74.35076549998686,-7.9402108214181055,-,0.7143543951777782,0.6120470053429777,-0.10230738983480048,-,82.83582089552239,77.61194029850746,-5.223880597014926,86.8421052631579,75.6578947368421,-11.184210526315809,70.0,75.0,5.0,"[[111, 21, 2], [20, 132, 0], [4, 8, 28]]","[[104, 23, 7], [25, 115, 12], [3, 7, 30]]","[[-7, 2, 5], [5, -17, 12], [-1, -1, 2]]",-0.06953309443966688,0.8313054570333998,224,47,25,30,32,5586
module_masked__no_lstm__tp13_L4_m0p55,module_ablation_masked,no_lstm,tp13_L4_m0p55,4.0,-0.55,run1,oof_pooled,979,80.69458631256384,74.05515832482125,-6.639427987742593,-,78.77895212930562,73.20431696815328,-5.574635161152344,-,80.23963739608092,72.64100985221674,-7.598627543864183,-,0.6748836610561254,0.5695107359571687,-0.10537292509895668,-,81.59203980099502,76.11940298507463,-5.472636815920396,82.01754385964912,73.24561403508771,-8.771929824561411,72.72727272727273,70.24793388429752,-2.47933884297521,"[[328, 68, 6], [74, 374, 8], [11, 22, 88]]","[[306, 83, 13], [91, 334, 31], [13, 23, 85]]","[[-22, 15, 7], [17, -40, 23], [2, 1, -3]]",-0.07840399212292015,-1.0200587944883903,639,151,86,103,110,19750
module_masked__no_lstm__tp13_L4_m0p55,module_ablation_masked,no_lstm,tp13_L4_m0p55,4.0,-0.55,run2,fold01,72,70.83333333333334,63.888888888888886,-6.944444444444457,-,67.64237355635206,63.762303009614826,-3.8800705467372296,-,67.95103578154426,62.59259259259259,-5.358443188951675,-,0.5423069525602112,0.45896250049990833,-0.08334445206030289,-,85.18518518518519,59.25925925925925,-25.925925925925938,67.74193548387096,67.74193548387096,0.0,50.0,64.28571428571429,14.285714285714292,"[[23, 2, 2], [8, 21, 2], [2, 5, 7]]","[[16, 6, 5], [2, 21, 8], [0, 5, 9]]","[[-7, 4, 3], [-6, 0, 6], [-2, 0, 2]]",-0.08751148767320653,-2.149870551398231,40,11,6,15,1,125
module_masked__no_lstm__tp13_L4_m0p55,module_ablation_masked,no_lstm,tp13_L4_m0p55,4.0,-0.55,run2,fold02,71,66.19718309859155,56.33802816901409,-9.859154929577464,-,65.3255346803734,53.73980857851826,-11.585726101855137,-,65.75180206506916,55.29980107985223,-10.452000985216927,-,0.47169889043248636,0.2972806093565435,-0.17441828107594287,-,80.76923076923077,53.84615384615385,-26.923076923076927,58.06451612903226,64.51612903225806,6.451612903225801,57.14285714285714,42.857142857142854,-14.285714285714285,"[[21, 5, 0], [10, 18, 3], [2, 4, 8]]","[[14, 11, 1], [9, 20, 2], [2, 6, 6]]","[[-7, 6, 1], [-1, 2, -1], [0, 2, -2]]",-0.25377294078607743,-2.607677649411465,30,17,10,14,0,0
module_masked__no_lstm__tp13_L4_m0p55,module_ablation_masked,no_lstm,tp13_L4_m0p55,4.0,-0.55,run2,fold03,71,66.19718309859155,67.6056338028169,1.408450704225345,+,59.89601796053409,63.58265390523455,3.6866359447004626,+,59.85164932533355,63.48309568648551,3.6314463611519656,+,0.4606021901729474,0.4934358082473687,0.03283361807442131,+,76.92307692307693,76.92307692307693,0.0,74.19354838709677,70.96774193548387,-3.225806451612897,28.57142857142857,42.857142857142854,14.285714285714285,"[[20, 4, 2], [6, 23, 2], [5, 5, 4]]","[[20, 4, 2], [4, 22, 5], [6, 2, 6]]","[[0, 0, 0], [-2, -1, 3], [1, -3, 2]]",-0.0697776560555263,-2.651522182662722,39,8,9,15,2,229
module_masked__no_lstm__tp13_L4_m0p55,module_ablation_masked,no_lstm,tp13_L4_m0p55,4.0,-0.55,run2,oof_pooled,214,67.7570093457944,62.616822429906534,-5.140186915887867,-,64.30580671087,60.344358241459105,-3.9614484694108967,-,64.79797979797979,60.31415748674011,-4.483822311239685,-,0.49138541337505465,0.41329125049232496,-0.07809416288272969,-,81.0126582278481,63.29113924050633,-17.721518987341774,66.66666666666666,67.74193548387096,1.0752688172043037,45.23809523809524,50.0,4.761904761904759,"[[64, 11, 4], [24, 62, 7], [9, 14, 19]]","[[50, 21, 8], [15, 63, 15], [8, 13, 21]]","[[-14, 10, 4], [-9, 1, 8], [-1, -1, 2]]",-0.13678934340291934,-2.468195643822149,109,36,25,44,3,354
data_no_attention__tp13_L4_m0p55,data_ablation_no_module,no_attention,tp13_L4_m0p55,4.0,-0.55,run1,fold01,327,81.9571865443425,78.89908256880734,-3.058103975535161,-,79.91197734051183,77.71899488437145,-2.1929824561403706,-,82.01435063589545,77.19216376843497,-4.822186867460488,-,0.6962494375241386,0.6510632817301374,-0.045186155794001204,-,84.32835820895522,84.32835820895522,0.0,82.23684210526315,75.6578947368421,-6.578947368421055,73.17073170731707,73.17073170731707,0.0,"[[113, 19, 2], [27, 125, 0], [2, 9, 30]]","[[113, 19, 2], [26, 115, 11], [2, 9, 30]]","[[0, 0, 0], [-1, -10, 11], [0, 0, 0]]",-0.025033805307081672,-0.44897400698872336,255,13,3,56,37,6464
data_no_attention__tp13_L4_m0p55,data_ablation_no_module,no_attention,tp13_L4_m0p55,4.0,-0.55,run1,fold02,326,81.90184049079755,77.91411042944786,-3.987730061349694,-,79.51165226499084,76.66077507200838,-2.850877192982466,-,80.47822307750707,77.27739357343837,-3.200829504068693,-,0.6958625448093783,0.6299825328663179,-0.06588001194306037,-,79.8507462686567,79.8507462686567,0.0,86.18421052631578,77.63157894736842,-8.552631578947356,72.5,72.5,0.0,"[[107, 24, 3], [17, 131, 4], [4, 7, 29]]","[[107, 24, 3], [29, 118, 5], [4, 7, 29]]","[[0, 0, 0], [12, -13, 1], [0, 0, 0]]",-0.03620104874295512,-0.56702811544064,253,14,1,58,41,7700
data_no_attention__tp13_L4_m0p55,data_ablation_no_module,no_attention,tp13_L4_m0p55,4.0,-0.55,run1,fold03,326,84.3558282208589,81.28834355828221,-3.067484662576689,-,83.89892642052894,81.67648599109715,-2.222440429431785,-,83.66469909688912,80.66848360966009,-2.996215487229037,-,0.7390486456524588,0.6904755982225164,-0.048573047429942395,-,84.32835820895522,83.5820895522388,-0.7462686567164241,84.86842105263158,78.94736842105263,-5.921052631578945,82.5,82.5,0.0,"[[113, 20, 1], [16, 129, 7], [4, 3, 33]]","[[112, 21, 1], [22, 120, 10], [4, 3, 33]]","[[-1, 1, 0], [6, -9, 3], [0, 0, 0]]",-0.02431105806837622,-0.42193842860955766,265,10,0,51,32,5586
data_no_attention__tp13_L4_m0p55,data_ablation_no_module,no_attention,tp13_L4_m0p55,4.0,-0.55,run1,oof_pooled,979,82.73748723186925,79.36670071501533,-3.3707865168539257,-,81.09956776938853,78.67746774320365,-2.4221000261848786,-,82.05217929651486,78.37566739088375,-3.6765119056311164,-,0.7100686691507885,0.6571796971558735,-0.052888971994914935,-,82.83582089552239,82.58706467661692,-0.24875621890546995,84.4298245614035,77.41228070175438,-7.017543859649123,76.03305785123968,76.03305785123968,0.0,"[[333, 63, 6], [60, 385, 11], [10, 19, 92]]","[[332, 64, 6], [77, 353, 26], [10, 19, 92]]","[[-1, 1, 0], [17, -32, 15], [0, 0, 0]]",-0.028511747860990526,-0.4792825267065138,773,37,4,165,110,19750
data_no_attention__tp13_L4_m0p55,data_ablation_no_module,no_attention,tp13_L4_m0p55,4.0,-0.55,run2,fold01,72,58.333333333333336,58.333333333333336,0.0,0,55.384877965523124,55.384877965523124,0.0,0,55.707282913165265,55.707282913165265,0.0,0,0.3440986103748549,0.3440986103748549,0.0,0,55.55555555555556,55.55555555555556,0.0,67.74193548387096,67.74193548387096,0.0,42.857142857142854,42.857142857142854,0.0,"[[15, 9, 3], [5, 21, 5], [1, 7, 6]]","[[15, 9, 3], [5, 21, 5], [1, 7, 6]]","[[0, 0, 0], [0, 0, 0], [0, 0, 0]]",-0.0016287203050322015,-0.029206790030002594,42,0,0,30,1,125
data_no_attention__tp13_L4_m0p55,data_ablation_no_module,no_attention,tp13_L4_m0p55,4.0,-0.55,run2,fold02,71,63.38028169014085,63.38028169014085,0.0,0,68.66950254047029,68.66950254047029,0.0,0,63.681341719077565,63.681341719077565,0.0,0,0.4690406293950227,0.4690406293950227,0.0,0,61.53846153846154,61.53846153846154,0.0,51.61290322580645,51.61290322580645,0.0,92.85714285714286,92.85714285714286,0.0,"[[16, 6, 4], [7, 16, 8], [1, 0, 13]]","[[16, 6, 4], [7, 16, 8], [1, 0, 13]]","[[0, 0, 0], [0, 0, 0], [0, 0, 0]]",0.0,0.0,45,0,0,26,0,0
data_no_attention__tp13_L4_m0p55,data_ablation_no_module,no_attention,tp13_L4_m0p55,4.0,-0.55,run2,fold03,71,56.33802816901409,54.929577464788736,-1.408450704225352,-,51.74878884556304,50.46673756351176,-1.2820512820512846,-,51.7458781609725,50.56089743589743,-1.1849807250750715,-,0.30795014030702567,0.28456303295794977,-0.023387107349075897,-,65.38461538461539,61.53846153846154,-3.8461538461538467,61.29032258064516,61.29032258064516,0.0,28.57142857142857,28.57142857142857,0.0,"[[17, 7, 2], [6, 19, 6], [4, 6, 4]]","[[16, 8, 2], [6, 19, 6], [4, 6, 4]]","[[-1, 1, 0], [0, 0, 0], [0, 0, 0]]",-0.0033253242432231636,-0.014602620049681455,39,1,0,31,2,229
data_no_attention__tp13_L4_m0p55,data_ablation_no_module,no_attention,tp13_L4_m0p55,4.0,-0.55,run2,oof_pooled,214,59.345794392523366,58.87850467289719,-0.46728971962617294,-,58.5788173987439,58.15687647047386,-0.4219409282700397,-,57.96936324972884,57.55652426620168,-0.4128389835271662,-,0.36980374236342506,0.3623015483417252,-0.007502194021699882,-,60.75949367088608,59.49367088607595,-1.2658227848101333,60.215053763440864,60.215053763440864,0.0,54.761904761904766,54.761904761904766,0.0,"[[48, 22, 9], [18, 56, 19], [6, 13, 23]]","[[47, 23, 9], [18, 56, 19], [6, 13, 23]]","[[-1, 1, 0], [0, 0, 0], [0, 0, 0]]",-0.0016512424450054353,-0.014671378063960608,126,1,0,87,3,354
module_masked__no_attention__tp13_L4_m0p55,module_ablation_masked,no_attention,tp13_L4_m0p55,4.0,-0.55,run1,fold01,327,79.51070336391437,78.89908256880734,-0.6116207951070294,-,75.75329386443904,77.71899488437145,1.9657010199324105,+,77.6869732284348,77.19216376843497,-0.4948094599998285,-,0.6547784873592961,0.6510632817301374,-0.0037152056291587243,-,83.5820895522388,84.32835820895522,0.7462686567164241,80.26315789473685,75.6578947368421,-4.605263157894754,63.41463414634146,73.17073170731707,9.756097560975611,"[[112, 20, 2], [27, 122, 3], [5, 10, 26]]","[[113, 19, 2], [26, 115, 11], [2, 9, 30]]","[[1, -1, 0], [-1, -7, 8], [-3, -1, 4]]",-0.01892399448120566,0.32161609675814984,223,37,35,32,37,6464
module_masked__no_attention__tp13_L4_m0p55,module_ablation_masked,no_attention,tp13_L4_m0p55,4.0,-0.55,run1,fold02,326,79.4478527607362,77.91411042944786,-1.5337423312883374,-,80.76852579209218,76.66077507200838,-4.1077507200838,-,80.50558234375124,77.27739357343837,-3.228188770312869,-,0.6572734247459113,0.6299825328663179,-0.027290891879593437,-,78.35820895522389,79.8507462686567,1.4925373134328197,78.94736842105263,77.63157894736842,-1.3157894736842053,85.0,72.5,-12.5,"[[105, 27, 2], [27, 120, 5], [2, 4, 34]]","[[107, 24, 3], [29, 118, 5], [4, 7, 29]]","[[2, -3, 1], [2, -2, 0], [2, 3, -5]]",-0.01891668782984559,1.7323726613268804,213,46,41,26,41,7700
module_masked__no_attention__tp13_L4_m0p55,module_ablation_masked,no_attention,tp13_L4_m0p55,4.0,-0.55,run1,fold03,326,83.12883435582822,81.28834355828221,-1.8404907975460105,-,79.89264205289342,81.67648599109715,1.7838439382037308,+,82.29097632140497,80.66848360966009,-1.6224927117448829,-,0.7143543951777782,0.6904755982225164,-0.02387879695526185,-,82.83582089552239,83.5820895522388,0.7462686567164099,86.8421052631579,78.94736842105263,-7.894736842105274,70.0,82.5,12.5,"[[111, 21, 2], [20, 132, 0], [4, 8, 28]]","[[112, 21, 1], [22, 120, 10], [4, 3, 33]]","[[1, 0, -1], [2, -12, 10], [0, -5, 5]]",-0.026660831783080336,0.6452707651191236,234,37,31,24,32,5586
module_masked__no_attention__tp13_L4_m0p55,module_ablation_masked,no_attention,tp13_L4_m0p55,4.0,-0.55,run1,oof_pooled,979,80.69458631256384,79.36670071501533,-1.3278855975485158,-,78.77895212930562,78.67746774320365,-0.10148438610197275,-,80.23963739608092,78.37566739088375,-1.8639700051971744,-,0.6748836610561254,0.6571796971558735,-0.017703963900251862,-,81.59203980099502,82.58706467661692,0.995024875621894,82.01754385964912,77.41228070175438,-4.60526315789474,72.72727272727273,76.03305785123968,3.305785123966942,"[[328, 68, 6], [74, 374, 8], [11, 22, 88]]","[[332, 64, 6], [77, 353, 26], [10, 19, 92]]","[[4, -4, 0], [3, -21, 18], [-1, -3, 4]]",-0.02149787292049857,0.8991626360176836,670,120,107,82,110,19750
module_masked__no_attention__tp13_L4_m0p55,module_ablation_masked,no_attention,tp13_L4_m0p55,4.0,-0.55,run2,fold01,72,70.83333333333334,58.333333333333336,-12.500000000000007,-,67.64237355635206,55.384877965523124,-12.257495590828931,-,67.95103578154426,55.707282913165265,-12.243752868378998,-,0.5423069525602112,0.3440986103748549,-0.19820834218535632,-,85.18518518518519,55.55555555555556,-29.629629629629633,67.74193548387096,67.74193548387096,0.0,50.0,42.857142857142854,-7.142857142857146,"[[23, 2, 2], [8, 21, 2], [2, 5, 7]]","[[15, 9, 3], [5, 21, 5], [1, 7, 6]]","[[-8, 7, 1], [-3, 0, 3], [-1, 2, -1]]",-0.1646753200882674,-2.513492967991624,37,14,5,16,1,125
module_masked__no_attention__tp13_L4_m0p55,module_ablation_masked,no_attention,tp13_L4_m0p55,4.0,-0.55,run2,fold02,71,66.19718309859155,63.38028169014085,-2.816901408450704,-,65.3255346803734,68.66950254047029,3.343967860096896,+,65.75180206506916,63.681341719077565,-2.0704603459915916,-,0.47169889043248636,0.4690406293950227,-0.0026582610374636384,-,80.76923076923077,61.53846153846154,-19.230769230769234,58.06451612903226,51.61290322580645,-6.451612903225815,57.14285714285714,92.85714285714286,35.71428571428572,"[[21, 5, 0], [10, 18, 3], [2, 4, 8]]","[[16, 6, 4], [7, 16, 8], [1, 0, 13]]","[[-5, 1, 4], [-3, -2, 5], [-1, -4, 5]]",-0.08481250052922322,-1.8143298276716475,33,14,12,12,0,0
module_masked__no_attention__tp13_L4_m0p55,module_ablation_masked,no_attention,tp13_L4_m0p55,4.0,-0.55,run2,fold03,71,66.19718309859155,54.929577464788736,-11.267605633802816,-,59.89601796053409,50.46673756351176,-9.429280397022332,-,59.85164932533355,50.56089743589743,-9.290751889436116,-,0.4606021901729474,0.28456303295794977,-0.17603915721499763,-,76.92307692307693,61.53846153846154,-15.384615384615394,74.19354838709677,61.29032258064516,-12.903225806451609,28.57142857142857,28.57142857142857,0.0,"[[20, 4, 2], [6, 23, 2], [5, 5, 4]]","[[16, 8, 2], [6, 19, 6], [4, 6, 4]]","[[-4, 4, 0], [0, -4, 4], [-1, 1, 0]]",-0.19190820927395955,-3.8068399283457808,34,13,5,19,2,229
module_masked__no_attention__tp13_L4_m0p55,module_ablation_masked,no_attention,tp13_L4_m0p55,4.0,-0.55,run2,oof_pooled,214,67.7570093457944,58.87850467289719,-8.878504672897208,-,64.30580671087,58.15687647047386,-6.14893024039614,-,64.79797979797979,57.55652426620168,-7.241455531778115,-,0.49138541337505465,0.3623015483417252,-0.12908386503332947,-,81.0126582278481,59.49367088607595,-21.51898734177216,66.66666666666666,60.215053763440864,-6.451612903225794,45.23809523809524,54.761904761904766,9.523809523809526,"[[64, 11, 4], [24, 62, 7], [9, 14, 19]]","[[47, 23, 9], [18, 56, 19], [6, 13, 23]]","[[-17, 12, 5], [-6, -6, 12], [-3, -1, 4]]",-0.1472139880485104,-2.7106287213674505,104,41,22,47,3,354
data_full__tp14_L5_p0p00,data_ablation_full,,tp14_L5_p0p00,5.0,0.0,run1,fold01,327,80.73394495412845,78.2874617737003,-2.446483180428146,-,76.63048684689517,74.8761008819829,-1.7543859649122737,-,79.0877721312504,76.53828195669954,-2.5494901745508685,-,0.6743426700043699,0.6353301896943266,-0.03901248031004323,-,83.5820895522388,83.5820895522388,0.0,82.89473684210526,77.63157894736842,-5.263157894736835,63.41463414634146,63.41463414634146,0.0,"[[112, 20, 2], [25, 126, 1], [5, 10, 26]]","[[112, 20, 2], [30, 118, 4], [5, 10, 26]]","[[0, 0, 0], [5, -8, 3], [0, 0, 0]]",-0.021868178968177544,-0.2511108686025354,252,12,4,59,39,7896
data_full__tp14_L5_p0p00,data_ablation_full,,tp14_L5_p0p00,5.0,0.0,run1,fold02,326,81.59509202453987,80.67484662576688,-0.920245398772991,-,82.30361351139041,81.6457187745483,-0.6578947368421098,-,82.11529042328695,80.95404718558447,-1.1612432377024788,-,0.6929312561648969,0.6785999781116885,-0.01433127805320844,-,78.35820895522389,78.35820895522389,0.0,83.55263157894737,81.57894736842105,-1.973684210526315,85.0,85.0,0.0,"[[105, 27, 2], [20, 127, 5], [2, 4, 34]]","[[105, 27, 2], [21, 124, 7], [2, 4, 34]]","[[0, 0, 0], [1, -3, 2], [0, 0, 0]]",-0.004707882319454907,-0.07124267536803988,261,5,2,58,40,7123
data_full__tp14_L5_p0p00,data_ablation_full,,tp14_L5_p0p00,5.0,0.0,run1,fold03,326,84.04907975460122,82.20858895705521,-1.8404907975460105,-,80.55053678973553,79.23474731605133,-1.3157894736842053,-,82.96722819707497,81.6144845034788,-1.3527436935961674,-,0.7301975910800922,0.6987624635675201,-0.03143512751257205,-,82.83582089552239,82.83582089552239,0.0,88.81578947368422,84.86842105263158,-3.9473684210526443,70.0,70.0,0.0,"[[111, 21, 2], [17, 135, 0], [4, 8, 28]]","[[111, 21, 2], [23, 129, 0], [4, 8, 28]]","[[0, 0, 0], [6, -6, 0], [0, 0, 0]]",-0.013191275764426197,-0.11561310225012113,266,8,2,50,54,9609
data_full__tp14_L5_p0p00,data_ablation_full,,tp14_L5_p0p00,5.0,0.0,run1,oof_pooled,979,82.12461695607763,80.38815117466804,-1.736465781409592,-,79.80234394217112,78.55965388369158,-1.242690058479539,-,81.47172321467072,79.76097809168458,-1.7107451229861397,-,0.6985628449866854,0.6702006213067945,-0.02836222367989094,-,81.59203980099502,81.59203980099502,0.0,85.08771929824562,81.35964912280701,-3.728070175438603,72.72727272727273,72.72727272727273,0.0,"[[328, 68, 6], [62, 388, 6], [11, 22, 88]]","[[328, 68, 6], [74, 371, 11], [11, 22, 88]]","[[0, 0, 0], [12, -17, 5], [0, 0, 0]]",-0.013264576157241368,-0.1460962589750251,779,25,8,167,133,24628
data_full__tp14_L5_p0p00,data_ablation_full,,tp14_L5_p0p00,5.0,0.0,run2,fold01,72,69.44444444444444,69.44444444444444,0.0,0,66.40780565511749,66.40780565511749,0.0,0,66.85875706214689,66.85875706214689,0.0,0,0.5182264323917611,0.5182264323917611,0.0,0,81.48148148148148,81.48148148148148,0.0,67.74193548387096,67.74193548387096,0.0,50.0,50.0,0.0,"[[22, 3, 2], [8, 21, 2], [2, 5, 7]]","[[22, 3, 2], [8, 21, 2], [2, 5, 7]]","[[0, 0, 0], [0, 0, 0], [0, 0, 0]]",-3.1458006964789497e-06,-0.006686915953954061,50,0,0,22,2,400
data_full__tp14_L5_p0p00,data_ablation_full,,tp14_L5_p0p00,5.0,0.0,run2,fold02,71,66.19718309859155,64.7887323943662,-1.408450704225345,-,65.3255346803734,62.944582299421015,-2.3809523809523796,-,65.75180206506916,63.51224105461394,-2.239561010455219,-,0.47169889043248636,0.44625508538458314,-0.025443805047903223,-,80.76923076923077,80.76923076923077,0.0,58.06451612903226,58.06451612903226,0.0,57.14285714285714,50.0,-7.142857142857139,"[[21, 5, 0], [10, 18, 3], [2, 4, 8]]","[[21, 5, 0], [10, 18, 3], [2, 5, 7]]","[[0, 0, 0], [0, 0, 0], [0, 1, -1]]",-0.014083685774236547,-0.3896606035635505,46,1,0,24,1,191
data_full__tp14_L5_p0p00,data_ablation_full,,tp14_L5_p0p00,5.0,0.0,run2,fold03,71,66.19718309859155,66.19718309859155,0.0,0,59.89601796053409,59.89601796053409,0.0,0,60.04855889724311,60.04855889724311,0.0,0,0.45896608905667236,0.45896608905667236,0.0,0,76.92307692307693,76.92307692307693,0.0,74.19354838709677,74.19354838709677,0.0,28.57142857142857,28.57142857142857,0.0,"[[20, 5, 1], [6, 23, 2], [5, 5, 4]]","[[20, 5, 1], [6, 23, 2], [5, 5, 4]]","[[0, 0, 0], [0, 0, 0], [0, 0, 0]]",0.0,0.0,47,0,0,24,0,0
data_full__tp14_L5_p0p00,data_ablation_full,,tp14_L5_p0p00,5.0,0.0,run2,oof_pooled,214,67.28971962616822,66.82242990654206,-0.46728971962616583,-,63.883865782599955,63.090214988949164,-0.7936507936507908,-,64.55099829747716,63.729378090033826,-0.8216202074433383,-,0.4824688400261222,0.47420253571448046,-0.00826630431164177,-,79.74683544303798,79.74683544303798,0.0,66.66666666666666,66.66666666666666,0.0,45.23809523809524,42.857142857142854,-2.3809523809523867,"[[63, 13, 3], [24, 62, 7], [9, 14, 19]]","[[63, 13, 3], [24, 62, 7], [9, 15, 18]]","[[0, 0, 0], [0, 0, 0], [0, 1, -1]]",-0.0046736831197240255,-0.13152972337241484,143,1,0,70,3,591
data_no_conv__tp14_L5_p0p00,data_ablation_no_module,no_conv,tp14_L5_p0p00,5.0,0.0,run1,fold01,327,79.20489296636084,78.2874617737003,-0.9174311926605441,-,77.82046123681977,77.16256649997763,-0.6578947368421382,-,79.390186562109,77.96143583304156,-1.4287507290674313,-,0.6509524121737486,0.6373183053729209,-0.013634106800827661,-,81.34328358208955,81.34328358208955,0.0,78.94736842105263,76.97368421052632,-1.973684210526315,73.17073170731707,73.17073170731707,0.0,"[[109, 24, 1], [29, 120, 3], [5, 6, 30]]","[[109, 24, 1], [29, 117, 6], [5, 6, 30]]","[[0, 0, 0], [0, -3, 3], [0, 0, 0]]",-0.007244245210620639,0.09501496741166537,249,10,7,61,39,7896
data_no_conv__tp14_L5_p0p00,data_ablation_no_module,no_conv,tp14_L5_p0p00,5.0,0.0,run1,fold02,326,80.06134969325154,79.75460122699386,-0.30674846625768737,-,78.89827179890023,78.6789735532862,-0.2192982456140271,-,78.65140888396702,78.41829529406405,-0.23311358990297038,-,0.667755761900005,0.6628004462055131,-0.004955315694491813,-,82.08955223880598,82.08955223880598,0.0,79.60526315789474,78.94736842105263,-0.6578947368421098,75.0,75.0,0.0,"[[110, 22, 2], [22, 121, 9], [4, 6, 30]]","[[110, 22, 2], [23, 120, 9], [4, 6, 30]]","[[0, 0, 0], [1, -1, 0], [0, 0, 0]]",8.803343228414403e-05,0.1871448846053949,255,6,5,60,40,7123
data_no_conv__tp14_L5_p0p00,data_ablation_no_module,no_conv,tp14_L5_p0p00,5.0,0.0,run1,fold03,326,77.60736196319019,75.15337423312883,-2.453987730061357,-,80.15514532600157,78.40075936108929,-1.754385964912288,-,76.45264363658288,74.06388797724539,-2.388755659337491,-,0.6403712014169086,0.6054259668672445,-0.03494523454966414,-,80.59701492537313,80.59701492537313,0.0,72.36842105263158,67.10526315789474,-5.263157894736835,87.5,87.5,0.0,"[[108, 18, 8], [28, 110, 14], [0, 5, 35]]","[[108, 18, 8], [33, 102, 17], [0, 5, 35]]","[[0, 0, 0], [5, -8, 3], [0, 0, 0]]",-0.01028885561810375,0.026490125005230587,237,16,8,65,54,9609
data_no_conv__tp14_L5_p0p00,data_ablation_no_module,no_conv,tp14_L5_p0p00,5.0,0.0,run1,oof_pooled,979,78.95812053115424,77.732379979571,-1.2257405515832431,-,78.94312149561026,78.06592851315412,-0.8771929824561369,-,78.0672759638754,76.7405680761429,-1.3267078877324963,-,0.6519762827892167,0.6337447944222632,-0.01823148836695354,-,81.34328358208955,81.34328358208955,0.0,76.97368421052632,74.3421052631579,-2.6315789473684106,78.51239669421489,78.51239669421489,0.0,"[[327, 64, 11], [79, 351, 26], [9, 17, 95]]","[[327, 64, 11], [85, 339, 32], [9, 17, 95]]","[[0, 0, 0], [6, -12, 6], [0, 0, 0]]",-0.00581648234571005,0.10287528853593308,741,32,20,186,133,24628
data_no_conv__tp14_L5_p0p00,data_ablation_no_module,no_conv,tp14_L5_p0p00,5.0,0.0,run2,fold01,72,55.55555555555556,55.55555555555556,0.0,0,57.151391022358766,57.151391022358766,0.0,0,54.93827160493828,54.93827160493828,0.0,0,0.3353881275042346,0.3353881275042346,0.0,0,55.55555555555556,55.55555555555556,0.0,51.61290322580645,51.61290322580645,0.0,64.28571428571429,64.28571428571429,0.0,"[[15, 6, 6], [8, 16, 7], [4, 1, 9]]","[[15, 6, 6], [8, 16, 7], [4, 1, 9]]","[[0, 0, 0], [0, 0, 0], [0, 0, 0]]",-0.0006448237432373895,-0.005033140381177266,40,0,0,32,2,400
data_no_conv__tp14_L5_p0p00,data_ablation_no_module,no_conv,tp14_L5_p0p00,5.0,0.0,run2,fold02,71,56.33802816901409,54.929577464788736,-1.408450704225352,-,60.888573791799594,58.50762141084722,-2.3809523809523725,-,56.23083683234059,54.62407862407862,-1.6067582082619722,-,0.3663549852444777,0.33879570552124,-0.027559279723237684,-,65.38461538461539,65.38461538461539,0.0,38.70967741935484,38.70967741935484,0.0,78.57142857142857,71.42857142857143,-7.142857142857139,"[[17, 6, 3], [9, 12, 10], [3, 0, 11]]","[[17, 6, 3], [9, 12, 10], [3, 1, 10]]","[[0, 0, 0], [0, 0, 0], [0, 1, -1]]",-0.007629683031372622,-0.06345746970512497,39,1,0,31,1,191
data_no_conv__tp14_L5_p0p00,data_ablation_no_module,no_conv,tp14_L5_p0p00,5.0,0.0,run2,fold03,71,54.929577464788736,54.929577464788736,0.0,0,51.50064988774666,51.50064988774666,0.0,0,50.483091787439605,50.483091787439605,0.0,0,0.3108593378795985,0.3108593378795985,0.0,0,80.76923076923077,80.76923076923077,0.0,45.16129032258064,45.16129032258064,0.0,28.57142857142857,28.57142857142857,0.0,"[[21, 4, 1], [13, 14, 4], [8, 2, 4]]","[[21, 4, 1], [13, 14, 4], [8, 2, 4]]","[[0, 0, 0], [0, 0, 0], [0, 0, 0]]",0.0,0.0,39,0,0,32,0,0
data_no_conv__tp14_L5_p0p00,data_ablation_no_module,no_conv,tp14_L5_p0p00,5.0,0.0,run2,oof_pooled,214,55.60747663551402,55.140186915887845,-0.46728971962617294,-,56.4642516867915,55.67060089314071,-0.7936507936507908,-,54.638998759215426,53.999073567827,-0.6399251913884285,-,0.33252990827619394,0.32356049243664614,-0.0089694158395478,-,67.08860759493672,67.08860759493672,0.0,45.16129032258064,45.16129032258064,0.0,57.14285714285714,54.761904761904766,-2.3809523809523725,"[[53, 16, 10], [30, 42, 21], [15, 3, 24]]","[[53, 16, 10], [30, 42, 21], [15, 4, 23]]","[[0, 0, 0], [0, 0, 0], [0, 1, -1]]",-0.00274829348009602,-0.022747039516395496,118,1,0,95,3,591
module_masked__no_conv__tp14_L5_p0p00,module_ablation_masked,no_conv,tp14_L5_p0p00,5.0,0.0,run1,fold01,327,78.2874617737003,78.2874617737003,0.0,0,74.8761008819829,77.16256649997763,2.286465617994736,+,76.53828195669954,77.96143583304156,1.4231538763420275,+,0.6353301896943266,0.6373183053729209,0.001988115678594249,+,83.5820895522388,81.34328358208955,-2.2388059701492438,77.63157894736842,76.97368421052632,-0.6578947368421098,63.41463414634146,73.17073170731707,9.756097560975611,"[[112, 20, 2], [30, 118, 4], [5, 10, 26]]","[[109, 24, 1], [29, 117, 6], [5, 6, 30]]","[[-3, 4, -1], [-1, -1, 2], [0, -4, 4]]",-0.0002905456086725949,0.5625016515339734,226,30,30,41,39,7896
module_masked__no_conv__tp14_L5_p0p00,module_ablation_masked,no_conv,tp14_L5_p0p00,5.0,0.0,run1,fold02,326,80.67484662576688,79.75460122699386,-0.9202453987730195,-,81.6457187745483,78.6789735532862,-2.9667452212621015,-,80.95404718558447,78.41829529406405,-2.5357518915204196,-,0.6785999781116885,0.6628004462055131,-0.015799531906175335,-,78.35820895522389,82.08955223880598,3.731343283582092,81.57894736842105,78.94736842105263,-2.631578947368425,85.0,75.0,-10.0,"[[105, 27, 2], [21, 124, 7], [2, 4, 34]]","[[110, 22, 2], [23, 120, 9], [4, 6, 30]]","[[5, -5, 0], [2, -4, 2], [2, 2, -4]]",-0.03127402648210605,-1.1531526499479279,224,39,36,27,40,7123
module_masked__no_conv__tp14_L5_p0p00,module_ablation_masked,no_conv,tp14_L5_p0p00,5.0,0.0,run1,fold03,326,82.20858895705521,75.15337423312883,-7.055214723926383,-,79.23474731605133,78.40075936108929,-0.8339879549620406,-,81.6144845034788,74.06388797724539,-7.55059652623342,-,0.6987624635675201,0.6054259668672445,-0.09333649670027566,-,82.83582089552239,80.59701492537313,-2.238805970149258,84.86842105263158,67.10526315789474,-17.763157894736835,70.0,87.5,17.5,"[[111, 21, 2], [23, 129, 0], [4, 8, 28]]","[[108, 18, 8], [33, 102, 17], [0, 5, 35]]","[[-3, -3, 6], [10, -27, 17], [-4, -3, 7]]",-0.0919397613518286,-2.2739511481114874,212,56,33,25,54,9609
module_masked__no_conv__tp14_L5_p0p00,module_ablation_masked,no_conv,tp14_L5_p0p00,5.0,0.0,run1,oof_pooled,979,80.38815117466804,77.732379979571,-2.6557711950970457,-,78.55965388369158,78.06592851315412,-0.49372537053746157,-,79.76097809168458,76.7405680761429,-3.020410015541671,-,0.6702006213067945,0.6337447944222632,-0.036455826884531306,-,81.59203980099502,81.34328358208955,-0.24875621890546995,81.35964912280701,74.3421052631579,-7.017543859649109,72.72727272727273,78.51239669421489,5.785123966942152,"[[328, 68, 6], [74, 371, 11], [11, 22, 88]]","[[327, 64, 11], [85, 339, 32], [9, 17, 95]]","[[-1, -4, 5], [11, -32, 21], [-2, -5, 7]]",-0.04112635673942659,-0.9533174648782023,662,125,99,93,133,24628
module_masked__no_conv__tp14_L5_p0p00,module_ablation_masked,no_conv,tp14_L5_p0p00,5.0,0.0,run2,fold01,72,69.44444444444444,55.55555555555556,-13.888888888888886,-,66.40780565511749,57.151391022358766,-9.25641463275872,-,66.85875706214689,54.93827160493828,-11.920485457208613,-,0.5182264323917611,0.3353881275042346,-0.18283830488752656,-,81.48148148148148,55.55555555555556,-25.925925925925924,67.74193548387096,51.61290322580645,-16.129032258064512,50.0,64.28571428571429,14.285714285714292,"[[22, 3, 2], [8, 21, 2], [2, 5, 7]]","[[15, 6, 6], [8, 16, 7], [4, 1, 9]]","[[-7, 3, 4], [0, -5, 5], [2, -4, 2]]",-0.15950492465188087,-2.000212070719701,30,20,10,12,2,400
module_masked__no_conv__tp14_L5_p0p00,module_ablation_masked,no_conv,tp14_L5_p0p00,5.0,0.0,run2,fold02,71,64.7887323943662,54.929577464788736,-9.859154929577471,-,62.944582299421015,58.50762141084722,-4.436960888573793,-,63.51224105461394,54.62407862407862,-8.888162430535317,-,0.44625508538458314,0.33879570552124,-0.10745937986334314,-,80.76923076923077,65.38461538461539,-15.384615384615387,58.06451612903226,38.70967741935484,-19.354838709677423,50.0,71.42857142857143,21.42857142857143,"[[21, 5, 0], [10, 18, 3], [2, 5, 7]]","[[17, 6, 3], [9, 12, 10], [3, 1, 10]]","[[-4, 1, 3], [-1, -6, 7], [1, -4, 3]]",-0.162257557194034,-2.098516423176502,30,16,9,16,1,191
module_masked__no_conv__tp14_L5_p0p00,module_ablation_masked,no_conv,tp14_L5_p0p00,5.0,0.0,run2,fold03,71,66.19718309859155,54.929577464788736,-11.267605633802816,-,59.89601796053409,51.50064988774666,-8.395368072787427,-,60.04855889724311,50.483091787439605,-9.565467109803507,-,0.45896608905667236,0.3108593378795985,-0.14810675117707384,-,76.92307692307693,80.76923076923077,3.8461538461538396,74.19354838709677,45.16129032258064,-29.032258064516128,28.57142857142857,28.57142857142857,0.0,"[[20, 5, 1], [6, 23, 2], [5, 5, 4]]","[[21, 4, 1], [13, 14, 4], [8, 2, 4]]","[[1, -1, 0], [7, -9, 2], [3, -3, 0]]",-0.21893926014955578,-2.944153240714616,34,13,5,19,0,0
module_masked__no_conv__tp14_L5_p0p00,module_ablation_masked,no_conv,tp14_L5_p0p00,5.0,0.0,run2,oof_pooled,214,66.82242990654206,55.140186915887845,-11.68224299065421,-,63.090214988949164,55.67060089314071,-7.4196140958084555,-,63.729378090033826,53.999073567827,-9.73030452220683,-,0.47420253571448046,0.32356049243664614,-0.15064204327783431,-,79.74683544303798,67.08860759493672,-12.658227848101262,66.66666666666666,45.16129032258064,-21.505376344086017,42.857142857142854,54.761904761904766,11.904761904761912,"[[63, 13, 3], [24, 62, 7], [9, 15, 18]]","[[53, 16, 10], [30, 42, 21], [15, 4, 23]]","[[-10, 3, 7], [6, -20, 14], [6, -11, 5]]",-0.18013704956229112,-2.346003809477046,94,49,24,47,3,591
data_no_lstm__tp14_L5_p0p00,data_ablation_no_module,no_lstm,tp14_L5_p0p00,5.0,0.0,run1,fold01,327,75.22935779816514,73.08868501529052,-2.140672782874617,-,72.98224857739544,71.44716085809719,-1.5350877192982466,-,74.65929369343549,71.59703385113319,-3.0622598423022964,-,0.5824277209957041,0.5513539019588829,-0.03107381903682116,-,76.11940298507463,76.11940298507463,0.0,76.97368421052632,72.36842105263158,-4.60526315789474,65.85365853658537,65.85365853658537,0.0,"[[102, 30, 2], [31, 117, 4], [4, 10, 27]]","[[102, 30, 2], [31, 110, 11], [4, 10, 27]]","[[0, 0, 0], [0, -7, 7], [0, 0, 0]]",-0.01455743075779635,-0.2502502548716256,233,13,6,75,39,7896
data_no_lstm__tp14_L5_p0p00,data_ablation_no_module,no_lstm,tp14_L5_p0p00,5.0,0.0,run1,fold02,326,74.23312883435584,73.61963190184049,-0.6134969325153463,-,73.23841319717204,72.79981670594395,-0.43859649122808264,-,73.4197528076379,73.1724998440327,-0.24725296360520588,-,0.5692124265740279,0.5587359980512939,-0.010476428522734005,-,75.3731343283582,75.3731343283582,0.0,74.3421052631579,73.02631578947368,-1.3157894736842195,70.0,70.0,0.0,"[[101, 30, 3], [31, 113, 8], [5, 7, 28]]","[[101, 30, 3], [34, 111, 7], [5, 7, 28]]","[[0, 0, 0], [3, -2, -1], [0, 0, 0]]",-0.006064931771954902,-0.06609196558686121,237,5,3,81,40,7123
data_no_lstm__tp14_L5_p0p00,data_ablation_no_module,no_lstm,tp14_L5_p0p00,5.0,0.0,run1,fold03,326,77.91411042944786,75.4601226993865,-2.453987730061357,-,77.18643623985336,75.43205027494109,-1.7543859649122737,-,76.36475294195755,73.64320886730141,-2.721544074656137,-,0.6335414855138196,0.5974507893023522,-0.03609069621146743,-,77.61194029850746,77.61194029850746,0.0,78.94736842105263,73.68421052631578,-5.26315789473685,75.0,75.0,0.0,"[[104, 23, 7], [25, 120, 7], [3, 7, 30]]","[[104, 23, 7], [28, 112, 12], [3, 7, 30]]","[[0, 0, 0], [3, -8, 5], [0, 0, 0]]",-0.025015452218215915,-0.6117620897176532,242,12,4,68,54,9609
data_no_lstm__tp14_L5_p0p00,data_ablation_no_module,no_lstm,tp14_L5_p0p00,5.0,0.0,run1,oof_pooled,979,75.79162410623084,74.05515832482125,-1.736465781409592,-,74.4568263510633,73.21413629258377,-1.2426900584795249,-,74.79679148332708,72.76957322320227,-2.027218260124812,-,0.5949564188779985,0.5690925550341979,-0.025863863843800683,-,76.3681592039801,76.3681592039801,0.0,76.75438596491229,73.02631578947368,-3.728070175438603,70.24793388429752,70.24793388429752,0.0,"[[307, 83, 12], [87, 350, 19], [12, 24, 85]]","[[307, 83, 12], [93, 333, 30], [12, 24, 85]]","[[0, 0, 0], [6, -17, 11], [0, 0, 0]]",-0.015211935688044019,-0.30930771743850183,712,30,13,224,133,24628
data_no_lstm__tp14_L5_p0p00,data_ablation_no_module,no_lstm,tp14_L5_p0p00,5.0,0.0,run2,fold01,72,63.888888888888886,62.5,-1.3888888888888857,-,63.762303009614826,61.381350628662446,-2.3809523809523796,-,62.59259259259259,60.816798941798936,-1.775793650793652,-,0.45896250049990833,0.4336200205931348,-0.02534247990677352,-,59.25925925925925,59.25925925925925,0.0,67.74193548387096,67.74193548387096,0.0,64.28571428571429,57.14285714285714,-7.142857142857153,"[[16, 6, 5], [2, 21, 8], [0, 5, 9]]","[[16, 6, 5], [2, 21, 8], [0, 6, 8]]","[[0, 0, 0], [0, 0, 0], [0, 1, -1]]",-0.005013154198726018,-0.021795808247083593,45,1,0,26,2,400
data_no_lstm__tp14_L5_p0p00,data_ablation_no_module,no_lstm,tp14_L5_p0p00,5.0,0.0,run2,fold02,71,56.33802816901409,54.929577464788736,-1.408450704225352,-,53.73980857851826,51.35885619756587,-2.3809523809523867,-,55.29980107985223,52.775840243870945,-2.523960835981285,-,0.2972806093565435,0.2714189397390067,-0.025861669617536776,-,53.84615384615385,53.84615384615385,0.0,64.51612903225806,64.51612903225806,0.0,42.857142857142854,35.714285714285715,-7.142857142857139,"[[14, 11, 1], [9, 20, 2], [2, 6, 6]]","[[14, 11, 1], [9, 20, 2], [2, 7, 5]]","[[0, 0, 0], [0, 0, 0], [0, 1, -1]]",-0.0030922728105330136,-0.023190754347703825,39,1,0,31,1,191
data_no_lstm__tp14_L5_p0p00,data_ablation_no_module,no_lstm,tp14_L5_p0p00,5.0,0.0,run2,fold03,71,67.6056338028169,67.6056338028169,0.0,0,63.58265390523455,63.58265390523455,0.0,0,63.48309568648551,63.48309568648551,0.0,0,0.4934358082473687,0.4934358082473687,0.0,0,76.92307692307693,76.92307692307693,0.0,70.96774193548387,70.96774193548387,0.0,42.857142857142854,42.857142857142854,0.0,"[[20, 4, 2], [4, 22, 5], [6, 2, 6]]","[[20, 4, 2], [4, 22, 5], [6, 2, 6]]","[[0, 0, 0], [0, 0, 0], [0, 0, 0]]",0.0,0.0,48,0,0,23,0,0
data_no_lstm__tp14_L5_p0p00,data_ablation_no_module,no_lstm,tp14_L5_p0p00,5.0,0.0,run2,oof_pooled,214,62.616822429906534,61.6822429906542,-0.9345794392523317,-,60.344358241459105,58.757056654157516,-1.5873015873015888,-,60.31415748674011,58.88418964076859,-1.4299678459715182,-,0.41329125049232496,0.39659907627856095,-0.01669217421376401,-,63.29113924050633,63.29113924050633,0.0,67.74193548387096,67.74193548387096,0.0,50.0,45.23809523809524,-4.761904761904759,"[[50, 21, 8], [15, 63, 15], [8, 13, 21]]","[[50, 21, 8], [15, 63, 15], [8, 15, 19]]","[[0, 0, 0], [0, 0, 0], [0, 2, -2]]",-0.0027126096815706414,-0.015027297908770982,132,2,0,80,3,591
module_masked__no_lstm__tp14_L5_p0p00,module_ablation_masked,no_lstm,tp14_L5_p0p00,5.0,0.0,run1,fold01,327,78.2874617737003,73.08868501529052,-5.198776758409778,-,74.8761008819829,71.44716085809719,-3.4289400238857013,-,76.53828195669954,71.59703385113319,-4.941248105566345,-,0.6353301896943266,0.5513539019588829,-0.08397628773544374,-,83.5820895522388,76.11940298507463,-7.46268656716417,77.63157894736842,72.36842105263158,-5.26315789473685,63.41463414634146,65.85365853658537,2.439024390243908,"[[112, 20, 2], [30, 118, 4], [5, 10, 26]]","[[102, 30, 2], [31, 110, 11], [4, 10, 27]]","[[-10, 10, 0], [1, -8, 7], [-1, 0, 1]]",-0.06818192300120754,-1.4842503172621724,209,47,30,41,39,7896
module_masked__no_lstm__tp14_L5_p0p00,module_ablation_masked,no_lstm,tp14_L5_p0p00,5.0,0.0,run1,fold02,326,80.67484662576688,73.61963190184049,-7.055214723926383,-,81.6457187745483,72.79981670594395,-8.845902068604346,-,80.95404718558447,73.1724998440327,-7.7815473415517715,-,0.6785999781116885,0.5587359980512939,-0.11986398006039456,-,78.35820895522389,75.3731343283582,-2.985074626865682,81.57894736842105,73.02631578947368,-8.55263157894737,85.0,70.0,-15.0,"[[105, 27, 2], [21, 124, 7], [2, 4, 34]]","[[101, 30, 3], [34, 111, 7], [5, 7, 28]]","[[-4, 3, 1], [13, -13, 0], [3, 3, -6]]",-0.091120399144671,-2.391001886911005,206,57,34,29,40,7123
module_masked__no_lstm__tp14_L5_p0p00,module_ablation_masked,no_lstm,tp14_L5_p0p00,5.0,0.0,run1,fold03,326,82.20858895705521,75.4601226993865,-6.74846625766871,-,79.23474731605133,75.43205027494109,-3.8026970411102354,-,81.6144845034788,73.64320886730141,-7.9712756361773955,-,0.6987624635675201,0.5974507893023522,-0.10131167426516796,-,82.83582089552239,77.61194029850746,-5.223880597014926,84.86842105263158,73.68421052631578,-11.184210526315795,70.0,75.0,5.0,"[[111, 21, 2], [23, 129, 0], [4, 8, 28]]","[[104, 23, 7], [28, 112, 12], [3, 7, 30]]","[[-7, 2, 5], [5, -17, 12], [-1, -1, 2]]",-0.07030891959115257,0.5845168901755948,218,50,28,30,54,9609
module_masked__no_lstm__tp14_L5_p0p00,module_ablation_masked,no_lstm,tp14_L5_p0p00,5.0,0.0,run1,oof_pooled,979,80.38815117466804,74.05515832482125,-6.332992849846789,-,78.55965388369158,73.21413629258377,-5.345517591107807,-,79.76097809168458,72.76957322320227,-6.991404868482306,-,0.6702006213067945,0.5690925550341979,-0.10110806627259661,-,81.59203980099502,76.3681592039801,-5.223880597014926,81.35964912280701,73.02631578947368,-8.333333333333329,72.72727272727273,70.24793388429752,-2.47933884297521,"[[328, 68, 6], [74, 371, 11], [11, 22, 88]]","[[307, 83, 12], [93, 333, 30], [12, 24, 85]]","[[-21, 15, 6], [19, -38, 19], [1, 2, -3]]",-0.07652854619946206,-1.0973074184683085,633,154,92,100,133,24628
module_masked__no_lstm__tp14_L5_p0p00,module_ablation_masked,no_lstm,tp14_L5_p0p00,5.0,0.0,run2,fold01,72,69.44444444444444,62.5,-6.944444444444443,-,66.40780565511749,61.381350628662446,-5.026455026455039,-,66.85875706214689,60.816798941798936,-6.041958120347957,-,0.5182264323917611,0.4336200205931348,-0.08460641179862632,-,81.48148148148148,59.25925925925925,-22.22222222222223,67.74193548387096,67.74193548387096,0.0,50.0,57.14285714285714,7.142857142857139,"[[22, 3, 2], [8, 21, 2], [2, 5, 7]]","[[16, 6, 5], [2, 21, 8], [0, 6, 8]]","[[-6, 3, 3], [-6, 0, 6], [-2, 1, 1]]",-0.08282608510494861,-2.0155762855299852,39,11,6,16,2,400
module_masked__no_lstm__tp14_L5_p0p00,module_ablation_masked,no_lstm,tp14_L5_p0p00,5.0,0.0,run2,fold02,71,64.7887323943662,54.929577464788736,-9.859154929577471,-,62.944582299421015,51.35885619756587,-11.585726101855144,-,63.51224105461394,52.775840243870945,-10.736400810742992,-,0.44625508538458314,0.2714189397390067,-0.17483614564557642,-,80.76923076923077,53.84615384615385,-26.923076923076927,58.06451612903226,64.51612903225806,6.451612903225801,50.0,35.714285714285715,-14.285714285714285,"[[21, 5, 0], [10, 18, 3], [2, 5, 7]]","[[14, 11, 1], [9, 20, 2], [2, 7, 5]]","[[-7, 6, 1], [-1, 2, -1], [0, 2, -2]]",-0.24278152782237392,-2.241207800195618,29,17,10,15,1,191
module_masked__no_lstm__tp14_L5_p0p00,module_ablation_masked,no_lstm,tp14_L5_p0p00,5.0,0.0,run2,fold03,71,66.19718309859155,67.6056338028169,1.408450704225345,+,59.89601796053409,63.58265390523455,3.6866359447004626,+,60.04855889724311,63.48309568648551,3.434536789242401,+,0.45896608905667236,0.4934358082473687,0.03446971919069636,+,76.92307692307693,76.92307692307693,0.0,74.19354838709677,70.96774193548387,-3.225806451612897,28.57142857142857,42.857142857142854,14.285714285714285,"[[20, 5, 1], [6, 23, 2], [5, 5, 4]]","[[20, 4, 2], [4, 22, 5], [6, 2, 6]]","[[0, -1, 1], [-2, -1, 3], [1, -3, 2]]",-0.06961935991307203,-2.6801207011014645,40,7,8,16,0,0
module_masked__no_lstm__tp14_L5_p0p00,module_ablation_masked,no_lstm,tp14_L5_p0p00,5.0,0.0,run2,oof_pooled,214,66.82242990654206,61.6822429906542,-5.140186915887853,-,63.090214988949164,58.757056654157516,-4.333158334791648,-,63.729378090033826,58.88418964076859,-4.845188449265237,-,0.47420253571448046,0.39659907627856095,-0.07760345943591951,-,79.74683544303798,63.29113924050633,-16.455696202531648,66.66666666666666,67.74193548387096,1.0752688172043037,42.857142857142854,45.23809523809524,2.3809523809523867,"[[63, 13, 3], [24, 62, 7], [9, 15, 18]]","[[50, 21, 8], [15, 63, 15], [8, 15, 19]]","[[-13, 8, 5], [-9, 1, 8], [-1, 0, 1]]",-0.13151374372323812,-2.3109150287394944,108,35,24,47,3,591
data_no_attention__tp14_L5_p0p00,data_ablation_no_module,no_attention,tp14_L5_p0p00,5.0,0.0,run1,fold01,327,81.9571865443425,77.98165137614679,-3.9755351681957194,-,79.91197734051183,77.06110014752937,-2.850877192982452,-,82.01435063589545,76.2963372382235,-5.718013397671953,-,0.6962494375241386,0.6371728933973688,-0.05907654412676977,-,84.32835820895522,84.32835820895522,0.0,82.23684210526315,73.68421052631578,-8.55263157894737,73.17073170731707,73.17073170731707,0.0,"[[113, 19, 2], [27, 125, 0], [2, 9, 30]]","[[113, 19, 2], [28, 112, 12], [2, 9, 30]]","[[0, 0, 0], [1, -13, 12], [0, 0, 0]]",-0.03987368749512748,-1.0224463618801913,252,16,3,56,39,7896
data_no_attention__tp14_L5_p0p00,data_ablation_no_module,no_attention,tp14_L5_p0p00,5.0,0.0,run1,fold02,326,81.90184049079755,78.22085889570552,-3.6809815950920353,-,79.51165226499084,76.88007331762242,-2.631578947368425,-,80.47822307750707,77.06415273558385,-3.414070341923221,-,0.6958625448093783,0.635899059620435,-0.05996348518894323,-,79.8507462686567,79.8507462686567,0.0,86.18421052631578,78.28947368421053,-7.894736842105246,72.5,72.5,0.0,"[[107, 24, 3], [17, 131, 4], [4, 7, 29]]","[[107, 24, 3], [26, 119, 7], [4, 7, 29]]","[[0, 0, 0], [9, -12, 3], [0, 0, 0]]",-0.034563382382716785,-0.658851088898862,253,14,2,57,40,7123
data_no_attention__tp14_L5_p0p00,data_ablation_no_module,no_attention,tp14_L5_p0p00,5.0,0.0,run1,fold03,326,84.3558282208589,80.3680981595092,-3.987730061349694,-,83.89892642052894,81.04804922754649,-2.850877192982452,-,83.66469909688912,79.75206756839896,-3.9126315284901665,-,0.7390486456524588,0.6770068007281705,-0.062041844924288214,-,84.32835820895522,84.32835820895522,0.0,84.86842105263158,76.31578947368422,-8.552631578947356,82.5,82.5,0.0,"[[113, 20, 1], [16, 129, 7], [4, 3, 33]]","[[113, 20, 1], [25, 116, 11], [4, 3, 33]]","[[0, 0, 0], [9, -13, 4], [0, 0, 0]]",-0.037410035779195876,-0.8804856979008193,260,15,2,49,54,9609
data_no_attention__tp14_L5_p0p00,data_ablation_no_module,no_attention,tp14_L5_p0p00,5.0,0.0,run1,oof_pooled,979,82.73748723186925,78.85597548518896,-3.881511746680289,-,81.09956776938853,78.32178999161074,-2.7777777777777857,-,82.05217929651486,77.71296804793634,-4.339211248578522,-,0.7100686691507885,0.6498685289535447,-0.060200140197243734,-,82.83582089552239,82.83582089552239,0.0,84.4298245614035,76.09649122807018,-8.333333333333329,76.03305785123968,76.03305785123968,0.0,"[[333, 63, 6], [60, 385, 11], [10, 19, 92]]","[[333, 63, 6], [79, 347, 30], [10, 19, 92]]","[[0, 0, 0], [19, -38, 19], [0, 0, 0]]",-0.03728501545627192,-0.8540998496746871,765,45,7,162,133,24628
data_no_attention__tp14_L5_p0p00,data_ablation_no_module,no_attention,tp14_L5_p0p00,5.0,0.0,run2,fold01,72,58.333333333333336,56.94444444444444,-1.3888888888888928,-,55.384877965523124,53.00392558457075,-2.3809523809523725,-,55.707282913165265,53.468867418142786,-2.2384154950224797,-,0.3440986103748549,0.3190262147243699,-0.02507239565048497,-,55.55555555555556,55.55555555555556,0.0,67.74193548387096,67.74193548387096,0.0,42.857142857142854,35.714285714285715,-7.142857142857139,"[[15, 9, 3], [5, 21, 5], [1, 7, 6]]","[[15, 9, 3], [5, 21, 5], [1, 8, 5]]","[[0, 0, 0], [0, 0, 0], [0, 1, -1]]",-0.007389111989646658,-0.12378523064156373,41,1,0,30,2,400
data_no_attention__tp14_L5_p0p00,data_ablation_no_module,no_attention,tp14_L5_p0p00,5.0,0.0,run2,fold02,71,63.38028169014085,61.97183098591549,-1.4084507042253591,-,68.66950254047029,66.2885501595179,-2.380952380952394,-,63.681341719077565,62.13905133203379,-1.5422903870437779,-,0.4690406293950227,0.4419575871920494,-0.027083042202973306,-,61.53846153846154,61.53846153846154,0.0,51.61290322580645,51.61290322580645,0.0,92.85714285714286,85.71428571428571,-7.142857142857153,"[[16, 6, 4], [7, 16, 8], [1, 0, 13]]","[[16, 6, 4], [7, 16, 8], [1, 1, 12]]","[[0, 0, 0], [0, 0, 0], [0, 1, -1]]",-0.007180183207038412,-0.19421682076554903,44,1,0,26,1,191
data_no_attention__tp14_L5_p0p00,data_ablation_no_module,no_attention,tp14_L5_p0p00,5.0,0.0,run2,fold03,71,56.33802816901409,56.33802816901409,0.0,0,51.74878884556304,51.74878884556304,0.0,0,51.7458781609725,51.7458781609725,0.0,0,0.30795014030702567,0.30795014030702567,0.0,0,65.38461538461539,65.38461538461539,0.0,61.29032258064516,61.29032258064516,0.0,28.57142857142857,28.57142857142857,0.0,"[[17, 7, 2], [6, 19, 6], [4, 6, 4]]","[[17, 7, 2], [6, 19, 6], [4, 6, 4]]","[[0, 0, 0], [0, 0, 0], [0, 0, 0]]",0.0,0.0,40,0,0,31,0,0
data_no_attention__tp14_L5_p0p00,data_ablation_no_module,no_attention,tp14_L5_p0p00,5.0,0.0,run2,oof_pooled,214,59.345794392523366,58.41121495327103,-0.9345794392523388,-,58.5788173987439,56.99151581144232,-1.5873015873015817,-,57.96936324972884,56.64835295256145,-1.3210102971673905,-,0.36980374236342506,0.3527958923757269,-0.017007849987698165,-,60.75949367088608,60.75949367088608,0.0,60.215053763440864,60.215053763440864,0.0,54.761904761904766,50.0,-4.761904761904766,"[[48, 22, 9], [18, 56, 19], [6, 13, 23]]","[[48, 22, 9], [18, 56, 19], [6, 15, 21]]","[[0, 0, 0], [0, 0, 0], [0, 2, -2]]",-0.0048682666867022745,-0.10608378916143257,125,2,0,87,3,591
module_masked__no_attention__tp14_L5_p0p00,module_ablation_masked,no_attention,tp14_L5_p0p00,5.0,0.0,run1,fold01,327,78.2874617737003,77.98165137614679,-0.3058103975535147,-,74.8761008819829,77.06110014752937,2.1849992655464803,+,76.53828195669954,76.2963372382235,-0.24194471847603438,-,0.6353301896943266,0.6371728933973688,0.0018427037030421811,+,83.5820895522388,84.32835820895522,0.7462686567164241,77.63157894736842,73.68421052631578,-3.9473684210526443,63.41463414634146,73.17073170731707,9.756097560975611,"[[112, 20, 2], [30, 118, 4], [5, 10, 26]]","[[113, 19, 2], [28, 112, 12], [2, 9, 30]]","[[1, -1, 0], [-2, -6, 8], [-3, -1, 4]]",-0.024366005519062286,-0.2532073608984094,221,35,34,37,39,7896
module_masked__no_attention__tp14_L5_p0p00,module_ablation_masked,no_attention,tp14_L5_p0p00,5.0,0.0,run1,fold02,326,80.67484662576688,78.22085889570552,-2.453987730061357,-,81.6457187745483,76.88007331762242,-4.765645456925881,-,80.95404718558447,77.06415273558385,-3.889894450000625,-,0.6785999781116885,0.635899059620435,-0.04270091849125346,-,78.35820895522389,79.8507462686567,1.4925373134328197,81.57894736842105,78.28947368421053,-3.2894736842105203,85.0,72.5,-12.5,"[[105, 27, 2], [21, 124, 7], [2, 4, 34]]","[[107, 24, 3], [26, 119, 7], [4, 7, 29]]","[[2, -3, 1], [5, -5, 0], [2, 3, -5]]",-0.0326159491709514,1.3900465997553035,223,40,32,31,40,7123
module_masked__no_attention__tp14_L5_p0p00,module_ablation_masked,no_attention,tp14_L5_p0p00,5.0,0.0,run1,fold03,326,82.20858895705521,80.3680981595092,-1.8404907975460105,-,79.23474731605133,81.04804922754649,1.8133019114951594,+,81.6144845034788,79.75206756839896,-1.8624169350798496,-,0.6987624635675201,0.6770068007281705,-0.0217556628393496,-,82.83582089552239,84.32835820895522,1.492537313432834,84.86842105263158,76.31578947368422,-8.552631578947356,70.0,82.5,12.5,"[[111, 21, 2], [23, 129, 0], [4, 8, 28]]","[[113, 20, 1], [25, 116, 11], [4, 3, 33]]","[[2, -1, -1], [2, -13, 11], [0, -5, 5]]",-0.03242055822846863,0.1994289528418538,229,39,33,25,54,9609
module_masked__no_attention__tp14_L5_p0p00,module_ablation_masked,no_attention,tp14_L5_p0p00,5.0,0.0,run1,oof_pooled,979,80.38815117466804,78.85597548518896,-1.5321756894790752,-,78.55965388369158,78.32178999161074,-0.23786389208083847,-,79.76097809168458,77.71296804793634,-2.048010043748235,-,0.6702006213067945,0.6498685289535447,-0.02033209235324973,-,81.59203980099502,82.83582089552239,1.243781094527364,81.35964912280701,76.09649122807018,-5.263157894736835,72.72727272727273,76.03305785123968,3.305785123966942,"[[328, 68, 6], [74, 371, 11], [11, 22, 88]]","[[333, 63, 6], [79, 347, 30], [10, 19, 92]]","[[5, -5, 0], [5, -24, 19], [-1, -3, 4]]",-0.029795286227726557,0.44470911453819556,673,114,99,93,133,24628
module_masked__no_attention__tp14_L5_p0p00,module_ablation_masked,no_attention,tp14_L5_p0p00,5.0,0.0,run2,fold01,72,69.44444444444444,56.94444444444444,-12.5,-,66.40780565511749,53.00392558457075,-13.403880070546734,-,66.85875706214689,53.468867418142786,-13.389889644004107,-,0.5182264323917611,0.3190262147243699,-0.1992002176673912,-,81.48148148148148,55.55555555555556,-25.925925925925924,67.74193548387096,67.74193548387096,0.0,50.0,35.714285714285715,-14.285714285714285,"[[22, 3, 2], [8, 21, 2], [2, 5, 7]]","[[15, 9, 3], [5, 21, 5], [1, 8, 5]]","[[-7, 6, 1], [-3, 0, 3], [-1, 3, -2]]",-0.16073950959632713,-2.4520153190694853,36,14,5,17,2,400
module_masked__no_attention__tp14_L5_p0p00,module_ablation_masked,no_attention,tp14_L5_p0p00,5.0,0.0,run2,fold02,71,64.7887323943662,61.97183098591549,-2.8169014084507182,-,62.944582299421015,66.2885501595179,3.343967860096882,+,63.51224105461394,62.13905133203379,-1.3731897225801504,-,0.44625508538458314,0.4419575871920494,-0.004297498192533722,-,80.76923076923077,61.53846153846154,-19.230769230769234,58.06451612903226,51.61290322580645,-6.451612903225815,50.0,85.71428571428571,35.71428571428571,"[[21, 5, 0], [10, 18, 3], [2, 5, 7]]","[[16, 6, 4], [7, 16, 8], [1, 1, 12]]","[[-5, 1, 4], [-3, -2, 5], [-1, -4, 5]]",-0.07790899796202508,-1.6188860448736462,32,14,12,13,1,191
module_masked__no_attention__tp14_L5_p0p00,module_ablation_masked,no_attention,tp14_L5_p0p00,5.0,0.0,run2,fold03,71,66.19718309859155,56.33802816901409,-9.859154929577464,-,59.89601796053409,51.74878884556304,-8.147229114971047,-,60.04855889724311,51.7458781609725,-8.30268073627061,-,0.45896608905667236,0.30795014030702567,-0.1510159487496467,-,76.92307692307693,65.38461538461539,-11.538461538461547,74.19354838709677,61.29032258064516,-12.903225806451609,28.57142857142857,28.57142857142857,0.0,"[[20, 5, 1], [6, 23, 2], [5, 5, 4]]","[[17, 7, 2], [6, 19, 6], [4, 6, 4]]","[[-3, 2, 1], [0, -4, 4], [-1, 1, 0]]",-0.18859351448549647,-3.8264942031196307,35,12,5,19,0,0
module_masked__no_attention__tp14_L5_p0p00,module_ablation_masked,no_attention,tp14_L5_p0p00,5.0,0.0,run2,oof_pooled,214,66.82242990654206,58.41121495327103,-8.411214953271028,-,63.090214988949164,56.99151581144232,-6.098699177506845,-,63.729378090033826,56.64835295256145,-7.081025137472373,-,0.47420253571448046,0.3527958923757269,-0.12140664333875356,-,79.74683544303798,60.75949367088608,-18.9873417721519,66.66666666666666,60.215053763440864,-6.451612903225794,42.857142857142854,50.0,7.142857142857146,"[[63, 13, 3], [24, 62, 7], [9, 15, 18]]","[[48, 22, 9], [18, 56, 19], [6, 15, 21]]","[[-15, 9, 6], [-6, -6, 12], [-3, 0, 3]]",-0.1424996405360261,-2.631621965329559,103,40,22,49,3,591
data_full__tp15_L5_p0p04,data_ablation_full,,tp15_L5_p0p04,5.0,0.04,run1,fold01,327,80.73394495412845,78.59327217125383,-2.140672782874617,-,76.63048684689517,75.09539912759693,-1.5350877192982324,-,79.0877721312504,76.76754805139639,-2.3202240798540146,-,0.6743426700043699,0.6402334923601315,-0.034109177644238375,-,83.5820895522388,83.5820895522388,0.0,82.89473684210526,78.28947368421053,-4.605263157894726,63.41463414634146,63.41463414634146,0.0,"[[112, 20, 2], [25, 126, 1], [5, 10, 26]]","[[112, 20, 2], [29, 119, 4], [5, 10, 26]]","[[0, 0, 0], [4, -7, 3], [0, 0, 0]]",-0.021489712404084302,-0.24900704961759965,252,12,5,58,42,8191
data_full__tp15_L5_p0p04,data_ablation_full,,tp15_L5_p0p04,5.0,0.04,run1,fold02,326,81.59509202453987,80.67484662576688,-0.920245398772991,-,82.30361351139041,81.6457187745483,-0.6578947368421098,-,82.11529042328695,80.95404718558447,-1.1612432377024788,-,0.6929312561648969,0.6785999781116885,-0.01433127805320844,-,78.35820895522389,78.35820895522389,0.0,83.55263157894737,81.57894736842105,-1.973684210526315,85.0,85.0,0.0,"[[105, 27, 2], [20, 127, 5], [2, 4, 34]]","[[105, 27, 2], [21, 124, 7], [2, 4, 34]]","[[0, 0, 0], [1, -3, 2], [0, 0, 0]]",-0.006550459616422579,-0.07650987257712458,261,5,2,58,40,7119
data_full__tp15_L5_p0p04,data_ablation_full,,tp15_L5_p0p04,5.0,0.04,run1,fold03,326,84.04907975460122,81.90184049079755,-2.1472392638036695,-,80.55053678973553,79.01544907043728,-1.5350877192982466,-,82.96722819707497,81.38885925293694,-1.5783689441380346,-,0.7301975910800922,0.6936183190074364,-0.036579272072655766,-,82.83582089552239,82.83582089552239,0.0,88.81578947368422,84.21052631578947,-4.605263157894754,70.0,70.0,0.0,"[[111, 21, 2], [17, 135, 0], [4, 8, 28]]","[[111, 21, 2], [24, 128, 0], [4, 8, 28]]","[[0, 0, 0], [7, -7, 0], [0, 0, 0]]",-0.01825952108449544,-0.1977823670107894,265,9,2,50,54,9599
data_full__tp15_L5_p0p04,data_ablation_full,,tp15_L5_p0p04,5.0,0.04,run1,oof_pooled,979,82.12461695607763,80.38815117466804,-1.736465781409592,-,79.80234394217112,78.55965388369158,-1.242690058479539,-,81.47172321467072,79.76097809168458,-1.7107451229861397,-,0.6985628449866854,0.6702006213067945,-0.02836222367989094,-,81.59203980099502,81.59203980099502,0.0,85.08771929824562,81.35964912280701,-3.728070175438603,72.72727272727273,72.72727272727273,0.0,"[[328, 68, 6], [62, 388, 6], [11, 22, 88]]","[[328, 68, 6], [74, 371, 11], [11, 22, 88]]","[[0, 0, 0], [12, -17, 5], [0, 0, 0]]",-0.015439417430679102,-0.17450927000062824,778,26,9,166,136,24909
data_full__tp15_L5_p0p04,data_ablation_full,,tp15_L5_p0p04,5.0,0.04,run2,fold01,72,69.44444444444444,69.44444444444444,0.0,0,66.40780565511749,66.40780565511749,0.0,0,66.85875706214689,66.85875706214689,0.0,0,0.5182264323917611,0.5182264323917611,0.0,0,81.48148148148148,81.48148148148148,0.0,67.74193548387096,67.74193548387096,0.0,50.0,50.0,0.0,"[[22, 3, 2], [8, 21, 2], [2, 5, 7]]","[[22, 3, 2], [8, 21, 2], [2, 5, 7]]","[[0, 0, 0], [0, 0, 0], [0, 0, 0]]",-1.554687817889897e-06,-0.005011433942450417,50,0,0,22,2,400
data_full__tp15_L5_p0p04,data_ablation_full,,tp15_L5_p0p04,5.0,0.04,run2,fold02,71,66.19718309859155,64.7887323943662,-1.408450704225345,-,65.3255346803734,62.944582299421015,-2.3809523809523796,-,65.75180206506916,63.51224105461394,-2.239561010455219,-,0.47169889043248636,0.44625508538458314,-0.025443805047903223,-,80.76923076923077,80.76923076923077,0.0,58.06451612903226,58.06451612903226,0.0,57.14285714285714,50.0,-7.142857142857139,"[[21, 5, 0], [10, 18, 3], [2, 4, 8]]","[[21, 5, 0], [10, 18, 3], [2, 5, 7]]","[[0, 0, 0], [0, 0, 0], [0, 1, -1]]",-0.014083685775357678,-0.3897279450591181,46,1,0,24,1,195
data_full__tp15_L5_p0p04,data_ablation_full,,tp15_L5_p0p04,5.0,0.04,run2,fold03,71,66.19718309859155,66.19718309859155,0.0,0,59.89601796053409,59.89601796053409,0.0,0,60.04855889724311,60.04855889724311,0.0,0,0.45896608905667236,0.45896608905667236,0.0,0,76.92307692307693,76.92307692307693,0.0,74.19354838709677,74.19354838709677,0.0,28.57142857142857,28.57142857142857,0.0,"[[20, 5, 1], [6, 23, 2], [5, 5, 4]]","[[20, 5, 1], [6, 23, 2], [5, 5, 4]]","[[0, 0, 0], [0, 0, 0], [0, 0, 0]]",0.0,0.0,47,0,0,24,0,0
data_full__tp15_L5_p0p04,data_ablation_full,,tp15_L5_p0p04,5.0,0.04,run2,oof_pooled,214,67.28971962616822,66.82242990654206,-0.46728971962616583,-,63.883865782599955,63.090214988949164,-0.7936507936507908,-,64.55099829747716,63.729378090033826,-0.8216202074433383,-,0.4824688400261222,0.47420253571448046,-0.00826630431164177,-,79.74683544303798,79.74683544303798,0.0,66.66666666666666,66.66666666666666,0.0,45.23809523809524,42.857142857142854,-2.3809523809523867,"[[63, 13, 3], [24, 62, 7], [9, 14, 19]]","[[63, 13, 3], [24, 62, 7], [9, 15, 18]]","[[0, 0, 0], [0, 0, 0], [0, 1, -1]]",-0.00467314779239852,-0.13098835207034495,143,1,0,70,3,595
data_no_conv__tp15_L5_p0p04,data_ablation_no_module,no_conv,tp15_L5_p0p04,5.0,0.04,run1,fold01,327,79.20489296636084,78.2874617737003,-0.9174311926605441,-,77.82046123681977,77.16256649997763,-0.6578947368421382,-,79.390186562109,77.96143583304156,-1.4287507290674313,-,0.6509524121737486,0.6373183053729209,-0.013634106800827661,-,81.34328358208955,81.34328358208955,0.0,78.94736842105263,76.97368421052632,-1.973684210526315,73.17073170731707,73.17073170731707,0.0,"[[109, 24, 1], [29, 120, 3], [5, 6, 30]]","[[109, 24, 1], [29, 117, 6], [5, 6, 30]]","[[0, 0, 0], [0, -3, 3], [0, 0, 0]]",-0.007734312117071221,0.12053830527475486,249,10,7,61,42,8191
data_no_conv__tp15_L5_p0p04,data_ablation_no_module,no_conv,tp15_L5_p0p04,5.0,0.04,run1,fold02,326,80.06134969325154,79.4478527607362,-0.6134969325153463,-,78.89827179890023,78.45967530767216,-0.43859649122806843,-,78.65140888396702,78.18502974086948,-0.4663791430975408,-,0.667755761900005,0.6578675900715941,-0.009888171828410841,-,82.08955223880598,82.08955223880598,0.0,79.60526315789474,78.28947368421053,-1.3157894736842053,75.0,75.0,0.0,"[[110, 22, 2], [22, 121, 9], [4, 6, 30]]","[[110, 22, 2], [24, 119, 9], [4, 6, 30]]","[[0, 0, 0], [2, -2, 0], [0, 0, 0]]",-0.004932424614735899,0.10109730139717552,254,7,5,60,40,7119
data_no_conv__tp15_L5_p0p04,data_ablation_no_module,no_conv,tp15_L5_p0p04,5.0,0.04,run1,fold03,326,77.60736196319019,75.15337423312883,-2.453987730061357,-,80.15514532600157,78.40075936108929,-1.754385964912288,-,76.45264363658288,74.06388797724539,-2.388755659337491,-,0.6403712014169086,0.6054259668672445,-0.03494523454966414,-,80.59701492537313,80.59701492537313,0.0,72.36842105263158,67.10526315789474,-5.263157894736835,87.5,87.5,0.0,"[[108, 18, 8], [28, 110, 14], [0, 5, 35]]","[[108, 18, 8], [33, 102, 17], [0, 5, 35]]","[[0, 0, 0], [5, -8, 3], [0, 0, 0]]",-0.01219892692862884,0.009779972304230077,238,15,7,66,54,9599
data_no_conv__tp15_L5_p0p04,data_ablation_no_module,no_conv,tp15_L5_p0p04,5.0,0.04,run1,oof_pooled,979,78.95812053115424,77.63023493360572,-1.3278855975485158,-,78.94312149561026,77.99282909794944,-0.9502923976608173,-,78.0672759638754,76.66171608501706,-1.405559878858341,-,0.6519762827892167,0.6321520689309067,-0.019824213858310014,-,81.34328358208955,81.34328358208955,0.0,76.97368421052632,74.12280701754386,-2.850877192982452,78.51239669421489,78.51239669421489,0.0,"[[327, 64, 11], [79, 351, 26], [9, 17, 95]]","[[327, 64, 11], [86, 338, 32], [9, 17, 95]]","[[0, 0, 0], [7, -13, 6], [0, 0, 0]]",-0.008287988422287224,0.07718285704954347,741,32,19,187,136,24909
data_no_conv__tp15_L5_p0p04,data_ablation_no_module,no_conv,tp15_L5_p0p04,5.0,0.04,run2,fold01,72,55.55555555555556,55.55555555555556,0.0,0,57.151391022358766,57.151391022358766,0.0,0,54.93827160493828,54.93827160493828,0.0,0,0.3353881275042346,0.3353881275042346,0.0,0,55.55555555555556,55.55555555555556,0.0,51.61290322580645,51.61290322580645,0.0,64.28571428571429,64.28571428571429,0.0,"[[15, 6, 6], [8, 16, 7], [4, 1, 9]]","[[15, 6, 6], [8, 16, 7], [4, 1, 9]]","[[0, 0, 0], [0, 0, 0], [0, 0, 0]]",-0.0005276393559243944,-0.004334207210275862,40,0,0,32,2,400
data_no_conv__tp15_L5_p0p04,data_ablation_no_module,no_conv,tp15_L5_p0p04,5.0,0.04,run2,fold02,71,56.33802816901409,54.929577464788736,-1.408450704225352,-,60.888573791799594,58.50762141084722,-2.3809523809523725,-,56.23083683234059,54.62407862407862,-1.6067582082619722,-,0.3663549852444777,0.33879570552124,-0.027559279723237684,-,65.38461538461539,65.38461538461539,0.0,38.70967741935484,38.70967741935484,0.0,78.57142857142857,71.42857142857143,-7.142857142857139,"[[17, 6, 3], [9, 12, 10], [3, 0, 11]]","[[17, 6, 3], [9, 12, 10], [3, 1, 10]]","[[0, 0, 0], [0, 0, 0], [0, 1, -1]]",-0.007626873060641156,-0.06332190103933845,39,1,0,31,1,195
data_no_conv__tp15_L5_p0p04,data_ablation_no_module,no_conv,tp15_L5_p0p04,5.0,0.04,run2,fold03,71,54.929577464788736,54.929577464788736,0.0,0,51.50064988774666,51.50064988774666,0.0,0,50.483091787439605,50.483091787439605,0.0,0,0.3108593378795985,0.3108593378795985,0.0,0,80.76923076923077,80.76923076923077,0.0,45.16129032258064,45.16129032258064,0.0,28.57142857142857,28.57142857142857,0.0,"[[21, 4, 1], [13, 14, 4], [8, 2, 4]]","[[21, 4, 1], [13, 14, 4], [8, 2, 4]]","[[0, 0, 0], [0, 0, 0], [0, 0, 0]]",0.0,0.0,39,0,0,32,0,0
data_no_conv__tp15_L5_p0p04,data_ablation_no_module,no_conv,tp15_L5_p0p04,5.0,0.04,run2,oof_pooled,214,55.60747663551402,55.140186915887845,-0.46728971962617294,-,56.4642516867915,55.67060089314071,-0.7936507936507908,-,54.638998759215426,53.999073567827,-0.6399251913884285,-,0.33252990827619394,0.32356049243664614,-0.0089694158395478,-,67.08860759493672,67.08860759493672,0.0,45.16129032258064,45.16129032258064,0.0,57.14285714285714,54.761904761904766,-2.3809523809523725,"[[53, 16, 10], [30, 42, 21], [15, 3, 24]]","[[53, 16, 10], [30, 42, 21], [15, 4, 23]]","[[0, 0, 0], [0, 0, 0], [0, 1, -1]]",-0.002707934677252703,-0.022466906041742486,118,1,0,95,3,595
module_masked__no_conv__tp15_L5_p0p04,module_ablation_masked,no_conv,tp15_L5_p0p04,5.0,0.04,run1,fold01,327,78.59327217125383,78.2874617737003,-0.3058103975535289,-,75.09539912759693,77.16256649997763,2.0671673723806947,+,76.76754805139639,77.96143583304156,1.1938877816451736,+,0.6402334923601315,0.6373183053729209,-0.002915186987210605,-,83.5820895522388,81.34328358208955,-2.2388059701492438,78.28947368421053,76.97368421052632,-1.3157894736842195,63.41463414634146,73.17073170731707,9.756097560975611,"[[112, 20, 2], [29, 119, 4], [5, 10, 26]]","[[109, 24, 1], [29, 117, 6], [5, 6, 30]]","[[-3, 4, -1], [0, -2, 2], [0, -4, 4]]",-0.0011590790792164263,0.585921170412127,227,30,29,41,42,8191
module_masked__no_conv__tp15_L5_p0p04,module_ablation_masked,no_conv,tp15_L5_p0p04,5.0,0.04,run1,fold02,326,80.67484662576688,79.4478527607362,-1.2269938650306784,-,81.6457187745483,78.45967530767216,-3.186043466876143,-,80.95404718558447,78.18502974086948,-2.76901744471499,-,0.6785999781116885,0.6578675900715941,-0.020732388040094363,-,78.35820895522389,82.08955223880598,3.731343283582092,81.57894736842105,78.28947368421053,-3.2894736842105203,85.0,75.0,-10.0,"[[105, 27, 2], [21, 124, 7], [2, 4, 34]]","[[110, 22, 2], [24, 119, 9], [4, 6, 30]]","[[5, -5, 0], [3, -5, 2], [2, 2, -4]]",-0.03445190723215842,-1.2339330359470624,224,39,35,28,40,7119
module_masked__no_conv__tp15_L5_p0p04,module_ablation_masked,no_conv,tp15_L5_p0p04,5.0,0.04,run1,fold03,326,81.90184049079755,75.15337423312883,-6.748466257668724,-,79.01544907043728,78.40075936108929,-0.6146897093479993,-,81.38885925293694,74.06388797724539,-7.324971275691553,-,0.6936183190074364,0.6054259668672445,-0.08819235214019194,-,82.83582089552239,80.59701492537313,-2.238805970149258,84.21052631578947,67.10526315789474,-17.105263157894726,70.0,87.5,17.5,"[[111, 21, 2], [24, 128, 0], [4, 8, 28]]","[[108, 18, 8], [33, 102, 17], [0, 5, 35]]","[[-3, -3, 6], [9, -26, 17], [-4, -3, 7]]",-0.08878158734228446,-2.20849203605182,211,56,34,25,54,9599
module_masked__no_conv__tp15_L5_p0p04,module_ablation_masked,no_conv,tp15_L5_p0p04,5.0,0.04,run1,oof_pooled,979,80.38815117466804,77.63023493360572,-2.7579162410623184,-,78.55965388369158,77.99282909794944,-0.566824785742142,-,79.76097809168458,76.66171608501706,-3.099262006667516,-,0.6702006213067945,0.6321520689309067,-0.03804855237588778,-,81.59203980099502,81.34328358208955,-0.24875621890546995,81.35964912280701,74.12280701754386,-7.23684210526315,72.72727272727273,78.51239669421489,5.785123966942152,"[[328, 68, 6], [74, 371, 11], [11, 22, 88]]","[[327, 64, 11], [86, 338, 32], [9, 17, 95]]","[[-1, -4, 5], [12, -33, 21], [-2, -5, 7]]",-0.04142302154256603,-0.9505968853389888,662,125,98,94,136,24909
module_masked__no_conv__tp15_L5_p0p04,module_ablation_masked,no_conv,tp15_L5_p0p04,5.0,0.04,run2,fold01,72,69.44444444444444,55.55555555555556,-13.888888888888886,-,66.40780565511749,57.151391022358766,-9.25641463275872,-,66.85875706214689,54.93827160493828,-11.920485457208613,-,0.5182264323917611,0.3353881275042346,-0.18283830488752656,-,81.48148148148148,55.55555555555556,-25.925925925925924,67.74193548387096,51.61290322580645,-16.129032258064512,50.0,64.28571428571429,14.285714285714292,"[[22, 3, 2], [8, 21, 2], [2, 5, 7]]","[[15, 6, 6], [8, 16, 7], [4, 1, 9]]","[[-7, 3, 4], [0, -5, 5], [2, -4, 2]]",-0.15938933137744649,-2.0011886195603035,30,20,10,12,2,400
module_masked__no_conv__tp15_L5_p0p04,module_ablation_masked,no_conv,tp15_L5_p0p04,5.0,0.04,run2,fold02,71,64.7887323943662,54.929577464788736,-9.859154929577471,-,62.944582299421015,58.50762141084722,-4.436960888573793,-,63.51224105461394,54.62407862407862,-8.888162430535317,-,0.44625508538458314,0.33879570552124,-0.10745937986334314,-,80.76923076923077,65.38461538461539,-15.384615384615387,58.06451612903226,38.70967741935484,-19.354838709677423,50.0,71.42857142857143,21.42857142857143,"[[21, 5, 0], [10, 18, 3], [2, 5, 7]]","[[17, 6, 3], [9, 12, 10], [3, 1, 10]]","[[-4, 1, 3], [-1, -6, 7], [1, -4, 3]]",-0.16225474722218142,-2.098313513015148,30,16,9,16,1,195
module_masked__no_conv__tp15_L5_p0p04,module_ablation_masked,no_conv,tp15_L5_p0p04,5.0,0.04,run2,fold03,71,66.19718309859155,54.929577464788736,-11.267605633802816,-,59.89601796053409,51.50064988774666,-8.395368072787427,-,60.04855889724311,50.483091787439605,-9.565467109803507,-,0.45896608905667236,0.3108593378795985,-0.14810675117707384,-,76.92307692307693,80.76923076923077,3.8461538461538396,74.19354838709677,45.16129032258064,-29.032258064516128,28.57142857142857,28.57142857142857,0.0,"[[20, 5, 1], [6, 23, 2], [5, 5, 4]]","[[21, 4, 1], [13, 14, 4], [8, 2, 4]]","[[1, -1, 0], [7, -9, 2], [3, -3, 0]]",-0.21893926014955578,-2.944153240714616,34,13,5,19,0,0
module_masked__no_conv__tp15_L5_p0p04,module_ablation_masked,no_conv,tp15_L5_p0p04,5.0,0.04,run2,oof_pooled,214,66.82242990654206,55.140186915887845,-11.68224299065421,-,63.090214988949164,55.67060089314071,-7.4196140958084555,-,63.729378090033826,53.999073567827,-9.73030452220683,-,0.47420253571448046,0.32356049243664614,-0.15064204327783431,-,79.74683544303798,67.08860759493672,-12.658227848101262,66.66666666666666,45.16129032258064,-21.505376344086017,42.857142857142854,54.761904761904766,11.904761904761912,"[[63, 13, 3], [24, 62, 7], [9, 15, 18]]","[[53, 16, 10], [30, 42, 21], [15, 4, 23]]","[[-10, 3, 7], [6, -20, 14], [6, -11, 5]]",-0.18009722608677328,-2.346265047304463,94,49,24,47,3,595
data_no_lstm__tp15_L5_p0p04,data_ablation_no_module,no_lstm,tp15_L5_p0p04,5.0,0.04,run1,fold01,327,75.22935779816514,72.78287461773701,-2.4464831804281317,-,72.98224857739544,71.22786261248315,-1.754385964912288,-,74.65929369343549,71.36397194536728,-3.295321748068204,-,0.5824277209957041,0.5464327603672862,-0.035994960628417894,-,76.11940298507463,76.11940298507463,0.0,76.97368421052632,71.71052631578947,-5.26315789473685,65.85365853658537,65.85365853658537,0.0,"[[102, 30, 2], [31, 117, 4], [4, 10, 27]]","[[102, 30, 2], [32, 109, 11], [4, 10, 27]]","[[0, 0, 0], [1, -8, 7], [0, 0, 0]]",-0.017836588322342212,-0.21023375539262906,232,14,6,75,42,8191
data_no_lstm__tp15_L5_p0p04,data_ablation_no_module,no_lstm,tp15_L5_p0p04,5.0,0.04,run1,fold02,326,74.23312883435584,73.92638036809815,-0.30674846625768737,-,73.23841319717204,73.019114951558,-0.21929824561404132,-,73.4197528076379,73.40205014623619,-0.017702661401713726,-,0.5692124265740279,0.5636686566618243,-0.005543769912203622,-,75.3731343283582,75.3731343283582,0.0,74.3421052631579,73.68421052631578,-0.657894736842124,70.0,70.0,0.0,"[[101, 30, 3], [31, 113, 8], [5, 7, 28]]","[[101, 30, 3], [33, 112, 7], [5, 7, 28]]","[[0, 0, 0], [2, -1, -1], [0, 0, 0]]",-0.004791524408719406,-0.038732582760369116,238,4,3,81,40,7119
data_no_lstm__tp15_L5_p0p04,data_ablation_no_module,no_lstm,tp15_L5_p0p04,5.0,0.04,run1,fold03,326,77.91411042944786,76.07361963190185,-1.8404907975460105,-,77.18643623985336,75.87064676616916,-1.3157894736842053,-,76.36475294195755,74.4386547809186,-1.9260981610389507,-,0.6335414855138196,0.605842239322644,-0.027699246191175586,-,77.61194029850746,77.61194029850746,0.0,78.94736842105263,75.0,-3.94736842105263,75.0,75.0,0.0,"[[104, 23, 7], [25, 120, 7], [3, 7, 30]]","[[104, 23, 7], [28, 114, 10], [3, 7, 30]]","[[0, 0, 0], [3, -6, 3], [0, 0, 0]]",-0.02380724918816378,-0.6206881575160689,243,11,5,67,54,9599
data_no_lstm__tp15_L5_p0p04,data_ablation_no_module,no_lstm,tp15_L5_p0p04,5.0,0.04,run1,oof_pooled,979,75.79162410623084,74.25944841675178,-1.532175689479061,-,74.4568263510633,73.36033512299312,-1.0964912280701782,-,74.79679148332708,73.04863715858338,-1.7481543247437088,-,0.5949564188779985,0.5719490049735283,-0.023007413904470253,-,76.3681592039801,76.3681592039801,0.0,76.75438596491229,73.46491228070175,-3.2894736842105345,70.24793388429752,70.24793388429752,0.0,"[[307, 83, 12], [87, 350, 19], [12, 24, 85]]","[[307, 83, 12], [93, 335, 28], [12, 24, 85]]","[[0, 0, 0], [6, -15, 9], [0, 0, 0]]",-0.015480862690490113,-0.28980347226098924,713,29,14,223,136,24909
data_no_lstm__tp15_L5_p0p04,data_ablation_no_module,no_lstm,tp15_L5_p0p04,5.0,0.04,run2,fold01,72,63.888888888888886,62.5,-1.3888888888888857,-,63.762303009614826,61.381350628662446,-2.3809523809523796,-,62.59259259259259,60.816798941798936,-1.775793650793652,-,0.45896250049990833,0.4336200205931348,-0.02534247990677352,-,59.25925925925925,59.25925925925925,0.0,67.74193548387096,67.74193548387096,0.0,64.28571428571429,57.14285714285714,-7.142857142857153,"[[16, 6, 5], [2, 21, 8], [0, 5, 9]]","[[16, 6, 5], [2, 21, 8], [0, 6, 8]]","[[0, 0, 0], [0, 0, 0], [0, 1, -1]]",-0.005103371830450165,-0.022312878747470684,45,1,0,26,2,400
data_no_lstm__tp15_L5_p0p04,data_ablation_no_module,no_lstm,tp15_L5_p0p04,5.0,0.04,run2,fold02,71,56.33802816901409,54.929577464788736,-1.408450704225352,-,53.73980857851826,51.35885619756587,-2.3809523809523867,-,55.29980107985223,52.775840243870945,-2.523960835981285,-,0.2972806093565435,0.2714189397390067,-0.025861669617536776,-,53.84615384615385,53.84615384615385,0.0,64.51612903225806,64.51612903225806,0.0,42.857142857142854,35.714285714285715,-7.142857142857139,"[[14, 11, 1], [9, 20, 2], [2, 6, 6]]","[[14, 11, 1], [9, 20, 2], [2, 7, 5]]","[[0, 0, 0], [0, 0, 0], [0, 1, -1]]",-0.003087860597691066,-0.02316663545412077,39,1,0,31,1,195
data_no_lstm__tp15_L5_p0p04,data_ablation_no_module,no_lstm,tp15_L5_p0p04,5.0,0.04,run2,fold03,71,67.6056338028169,67.6056338028169,0.0,0,63.58265390523455,63.58265390523455,0.0,0,63.48309568648551,63.48309568648551,0.0,0,0.4934358082473687,0.4934358082473687,0.0,0,76.92307692307693,76.92307692307693,0.0,70.96774193548387,70.96774193548387,0.0,42.857142857142854,42.857142857142854,0.0,"[[20, 4, 2], [4, 22, 5], [6, 2, 6]]","[[20, 4, 2], [4, 22, 5], [6, 2, 6]]","[[0, 0, 0], [0, 0, 0], [0, 0, 0]]",0.0,0.0,48,0,0,23,0,0
data_no_lstm__tp15_L5_p0p04,data_ablation_no_module,no_lstm,tp15_L5_p0p04,5.0,0.04,run2,oof_pooled,214,62.616822429906534,61.6822429906542,-0.9345794392523317,-,60.344358241459105,58.757056654157516,-1.5873015873015888,-,60.31415748674011,58.88418964076859,-1.4299678459715182,-,0.41329125049232496,0.39659907627856095,-0.01669217421376401,-,63.29113924050633,63.29113924050633,0.0,67.74193548387096,67.74193548387096,0.0,50.0,45.23809523809524,-4.761904761904759,"[[50, 21, 8], [15, 63, 15], [8, 13, 21]]","[[50, 21, 8], [15, 63, 15], [8, 15, 19]]","[[0, 0, 0], [0, 0, 0], [0, 2, -2]]",-0.002741499412282605,-0.015193263490936746,132,2,0,80,3,595
module_masked__no_lstm__tp15_L5_p0p04,module_ablation_masked,no_lstm,tp15_L5_p0p04,5.0,0.04,run1,fold01,327,78.59327217125383,72.78287461773701,-5.810397553516822,-,75.09539912759693,71.22786261248315,-3.867536515113784,-,76.76754805139639,71.36397194536728,-5.4035761060291065,-,0.6402334923601315,0.5464327603672862,-0.09380073199284533,-,83.5820895522388,76.11940298507463,-7.46268656716417,78.28947368421053,71.71052631578947,-6.578947368421069,63.41463414634146,65.85365853658537,2.439024390243908,"[[112, 20, 2], [29, 119, 4], [5, 10, 26]]","[[102, 30, 2], [32, 109, 11], [4, 10, 27]]","[[-10, 10, 0], [3, -10, 7], [-1, 0, 1]]",-0.07183954712984666,-1.4463376367681116,209,48,29,41,42,8191
module_masked__no_lstm__tp15_L5_p0p04,module_ablation_masked,no_lstm,tp15_L5_p0p04,5.0,0.04,run1,fold02,326,80.67484662576688,73.92638036809815,-6.748466257668724,-,81.6457187745483,73.019114951558,-8.626603822990305,-,80.95404718558447,73.40205014623619,-7.551997039348279,-,0.6785999781116885,0.5636686566618243,-0.11493132144986418,-,78.35820895522389,75.3731343283582,-2.985074626865682,81.57894736842105,73.68421052631578,-7.894736842105274,85.0,70.0,-15.0,"[[105, 27, 2], [21, 124, 7], [2, 4, 34]]","[[101, 30, 3], [33, 112, 7], [5, 7, 28]]","[[-4, 3, 1], [12, -12, 0], [3, 3, -6]]",-0.08800441448446784,-2.358375306875428,207,56,34,29,40,7119
module_masked__no_lstm__tp15_L5_p0p04,module_ablation_masked,no_lstm,tp15_L5_p0p04,5.0,0.04,run1,fold03,326,81.90184049079755,76.07361963190185,-5.828220858895705,-,79.01544907043728,75.87064676616916,-3.1448023042681257,-,81.38885925293694,74.4386547809186,-6.950204472018342,-,0.6936183190074364,0.605842239322644,-0.0877760796847924,-,82.83582089552239,77.61194029850746,-5.223880597014926,84.21052631578947,75.0,-9.210526315789465,70.0,75.0,5.0,"[[111, 21, 2], [24, 128, 0], [4, 8, 28]]","[[104, 23, 7], [28, 114, 10], [3, 7, 30]]","[[-7, 2, 5], [4, -14, 10], [-1, -1, 2]]",-0.0640324712410312,0.6577600871378476,218,49,30,29,54,9599
module_masked__no_lstm__tp15_L5_p0p04,module_ablation_masked,no_lstm,tp15_L5_p0p04,5.0,0.04,run1,oof_pooled,979,80.38815117466804,74.25944841675178,-6.128702757916258,-,78.55965388369158,73.36033512299312,-5.1993187606984606,-,79.76097809168458,73.04863715858338,-6.712340933101203,-,0.6702006213067945,0.5719490049735283,-0.09825161633326618,-,81.59203980099502,76.3681592039801,-5.223880597014926,81.35964912280701,73.46491228070175,-7.89473684210526,72.72727272727273,70.24793388429752,-2.47933884297521,"[[328, 68, 6], [74, 371, 11], [11, 22, 88]]","[[307, 83, 12], [93, 335, 28], [12, 24, 85]]","[[-21, 15, 6], [19, -36, 17], [1, 2, -3]]",-0.07462263192847042,-1.0493901622651927,634,153,93,99,136,24909
module_masked__no_lstm__tp15_L5_p0p04,module_ablation_masked,no_lstm,tp15_L5_p0p04,5.0,0.04,run2,fold01,72,69.44444444444444,62.5,-6.944444444444443,-,66.40780565511749,61.381350628662446,-5.026455026455039,-,66.85875706214689,60.816798941798936,-6.041958120347957,-,0.5182264323917611,0.4336200205931348,-0.08460641179862632,-,81.48148148148148,59.25925925925925,-22.22222222222223,67.74193548387096,67.74193548387096,0.0,50.0,57.14285714285714,7.142857142857139,"[[22, 3, 2], [8, 21, 2], [2, 5, 7]]","[[16, 6, 5], [2, 21, 8], [0, 6, 8]]","[[-6, 3, 3], [-6, 0, 6], [-2, 1, 1]]",-0.08291789384955134,-2.017768838041876,39,11,6,16,2,400
module_masked__no_lstm__tp15_L5_p0p04,module_ablation_masked,no_lstm,tp15_L5_p0p04,5.0,0.04,run2,fold02,71,64.7887323943662,54.929577464788736,-9.859154929577471,-,62.944582299421015,51.35885619756587,-11.585726101855144,-,63.51224105461394,52.775840243870945,-10.736400810742992,-,0.44625508538458314,0.2714189397390067,-0.17483614564557642,-,80.76923076923077,53.84615384615385,-26.923076923076927,58.06451612903226,64.51612903225806,6.451612903225801,50.0,35.714285714285715,-14.285714285714285,"[[21, 5, 0], [10, 18, 3], [2, 5, 7]]","[[14, 11, 1], [9, 20, 2], [2, 7, 5]]","[[-7, 6, 1], [-1, 2, -1], [0, 2, -2]]",-0.24277711560841084,-2.2411163398064673,29,17,10,15,1,195
module_masked__no_lstm__tp15_L5_p0p04,module_ablation_masked,no_lstm,tp15_L5_p0p04,5.0,0.04,run2,fold03,71,66.19718309859155,67.6056338028169,1.408450704225345,+,59.89601796053409,63.58265390523455,3.6866359447004626,+,60.04855889724311,63.48309568648551,3.434536789242401,+,0.45896608905667236,0.4934358082473687,0.03446971919069636,+,76.92307692307693,76.92307692307693,0.0,74.19354838709677,70.96774193548387,-3.225806451612897,28.57142857142857,42.857142857142854,14.285714285714285,"[[20, 5, 1], [6, 23, 2], [5, 5, 4]]","[[20, 4, 2], [4, 22, 5], [6, 2, 6]]","[[0, -1, 1], [-2, -1, 3], [1, -3, 2]]",-0.06961935991307203,-2.6801207011014645,40,7,8,16,0,0
module_masked__no_lstm__tp15_L5_p0p04,module_ablation_masked,no_lstm,tp15_L5_p0p04,5.0,0.04,run2,oof_pooled,214,66.82242990654206,61.6822429906542,-5.140186915887853,-,63.090214988949164,58.757056654157516,-4.333158334791648,-,63.729378090033826,58.88418964076859,-4.845188449265237,-,0.47420253571448046,0.39659907627856095,-0.07760345943591951,-,79.74683544303798,63.29113924050633,-16.455696202531648,66.66666666666666,67.74193548387096,1.0752688172043037,42.857142857142854,45.23809523809524,2.3809523809523867,"[[63, 13, 3], [24, 62, 7], [9, 15, 18]]","[[50, 21, 8], [15, 63, 15], [8, 15, 19]]","[[-13, 8, 5], [-9, 1, 8], [-1, 0, 1]]",-0.1315431687812756,-2.31162236562373,108,35,24,47,3,595
data_no_attention__tp15_L5_p0p04,data_ablation_no_module,no_attention,tp15_L5_p0p04,5.0,0.04,run1,fold01,327,81.9571865443425,77.98165137614679,-3.9755351681957194,-,79.91197734051183,77.06110014752937,-2.850877192982452,-,82.01435063589545,76.47862140815724,-5.535729227738216,-,0.6962494375241386,0.6367136422082096,-0.05953579531592901,-,84.32835820895522,84.32835820895522,0.0,82.23684210526315,73.68421052631578,-8.55263157894737,73.17073170731707,73.17073170731707,0.0,"[[113, 19, 2], [27, 125, 0], [2, 9, 30]]","[[113, 19, 2], [29, 112, 11], [2, 9, 30]]","[[0, 0, 0], [2, -13, 11], [0, 0, 0]]",-0.03860342305931549,-0.9114771629498548,252,16,3,56,42,8191
data_no_attention__tp15_L5_p0p04,data_ablation_no_module,no_attention,tp15_L5_p0p04,5.0,0.04,run1,fold02,326,81.90184049079755,78.22085889570552,-3.6809815950920353,-,79.51165226499084,76.88007331762242,-2.631578947368425,-,80.47822307750707,76.8557354263756,-3.6224876511314648,-,0.6958625448093783,0.636406566104349,-0.05945597870502928,-,79.8507462686567,79.8507462686567,0.0,86.18421052631578,78.28947368421053,-7.894736842105246,72.5,72.5,0.0,"[[107, 24, 3], [17, 131, 4], [4, 7, 29]]","[[107, 24, 3], [25, 119, 8], [4, 7, 29]]","[[0, 0, 0], [8, -12, 4], [0, 0, 0]]",-0.0321365113366278,-0.5903262485252934,253,14,2,57,40,7119
data_no_attention__tp15_L5_p0p04,data_ablation_no_module,no_attention,tp15_L5_p0p04,5.0,0.04,run1,fold03,326,84.3558282208589,80.06134969325154,-4.294478527607353,-,83.89892642052894,80.82875098193244,-3.0701754385964932,-,83.66469909688912,79.72557914259725,-3.9391199542918685,-,0.7390486456524588,0.6718132521101067,-0.06723539354235208,-,84.32835820895522,84.32835820895522,0.0,84.86842105263158,75.6578947368421,-9.21052631578948,82.5,82.5,0.0,"[[113, 20, 1], [16, 129, 7], [4, 3, 33]]","[[113, 20, 1], [27, 115, 10], [4, 3, 33]]","[[0, 0, 0], [11, -14, 3], [0, 0, 0]]",-0.0403828720703651,-0.7945319355745439,258,17,3,48,54,9599
data_no_attention__tp15_L5_p0p04,data_ablation_no_module,no_attention,tp15_L5_p0p04,5.0,0.04,run1,oof_pooled,979,82.73748723186925,78.75383043922369,-3.9836567926455615,-,81.09956776938853,78.24869057640606,-2.850877192982466,-,82.05217929651486,77.70121044169865,-4.350968854816216,-,0.7100686691507885,0.6481029006133413,-0.061965768537447175,-,82.83582089552239,82.83582089552239,0.0,84.4298245614035,75.87719298245614,-8.55263157894737,76.03305785123968,76.03305785123968,0.0,"[[333, 63, 6], [60, 385, 11], [10, 19, 92]]","[[333, 63, 6], [81, 346, 29], [10, 19, 92]]","[[0, 0, 0], [21, -39, 18], [0, 0, 0]]",-0.037042531492416604,-0.7655942801850353,763,47,8,161,136,24909
data_no_attention__tp15_L5_p0p04,data_ablation_no_module,no_attention,tp15_L5_p0p04,5.0,0.04,run2,fold01,72,58.333333333333336,56.94444444444444,-1.3888888888888928,-,55.384877965523124,53.00392558457075,-2.3809523809523725,-,55.707282913165265,53.468867418142786,-2.2384154950224797,-,0.3440986103748549,0.3190262147243699,-0.02507239565048497,-,55.55555555555556,55.55555555555556,0.0,67.74193548387096,67.74193548387096,0.0,42.857142857142854,35.714285714285715,-7.142857142857139,"[[15, 9, 3], [5, 21, 5], [1, 7, 6]]","[[15, 9, 3], [5, 21, 5], [1, 8, 5]]","[[0, 0, 0], [0, 0, 0], [0, 1, -1]]",-0.007392236895005531,-0.1229130822337336,41,1,0,30,2,400
data_no_attention__tp15_L5_p0p04,data_ablation_no_module,no_attention,tp15_L5_p0p04,5.0,0.04,run2,fold02,71,63.38028169014085,61.97183098591549,-1.4084507042253591,-,68.66950254047029,66.2885501595179,-2.380952380952394,-,63.681341719077565,62.13905133203379,-1.5422903870437779,-,0.4690406293950227,0.4419575871920494,-0.027083042202973306,-,61.53846153846154,61.53846153846154,0.0,51.61290322580645,51.61290322580645,0.0,92.85714285714286,85.71428571428571,-7.142857142857153,"[[16, 6, 4], [7, 16, 8], [1, 0, 13]]","[[16, 6, 4], [7, 16, 8], [1, 1, 12]]","[[0, 0, 0], [0, 0, 0], [0, 1, -1]]",-0.00718018946904874,-0.19906934403197865,44,1,0,26,1,195
data_no_attention__tp15_L5_p0p04,data_ablation_no_module,no_attention,tp15_L5_p0p04,5.0,0.04,run2,fold03,71,56.33802816901409,56.33802816901409,0.0,0,51.74878884556304,51.74878884556304,0.0,0,51.7458781609725,51.7458781609725,0.0,0,0.30795014030702567,0.30795014030702567,0.0,0,65.38461538461539,65.38461538461539,0.0,61.29032258064516,61.29032258064516,0.0,28.57142857142857,28.57142857142857,0.0,"[[17, 7, 2], [6, 19, 6], [4, 6, 4]]","[[17, 7, 2], [6, 19, 6], [4, 6, 4]]","[[0, 0, 0], [0, 0, 0], [0, 0, 0]]",0.0,0.0,40,0,0,31,0,0
data_no_attention__tp15_L5_p0p04,data_ablation_no_module,no_attention,tp15_L5_p0p04,5.0,0.04,run2,oof_pooled,214,59.345794392523366,58.41121495327103,-0.9345794392523388,-,58.5788173987439,56.99151581144232,-1.5873015873015817,-,57.96936324972884,56.64835295256145,-1.3210102971673905,-,0.36980374236342506,0.3527958923757269,-0.017007849987698165,-,60.75949367088608,60.75949367088608,0.0,60.215053763440864,60.215053763440864,0.0,54.761904761904766,50.0,-4.761904761904766,"[[48, 22, 9], [18, 56, 19], [6, 13, 23]]","[[48, 22, 9], [18, 56, 19], [6, 15, 21]]","[[0, 0, 0], [0, 0, 0], [0, 2, -2]]",-0.004869320134312424,-0.10740030536027713,125,2,0,87,3,595
module_masked__no_attention__tp15_L5_p0p04,module_ablation_masked,no_attention,tp15_L5_p0p04,5.0,0.04,run1,fold01,327,78.59327217125383,77.98165137614679,-0.6116207951070436,-,75.09539912759693,77.06110014752937,1.965701019932439,+,76.76754805139639,76.47862140815724,-0.28892664323915085,-,0.6402334923601315,0.6367136422082096,-0.0035198501519219105,-,83.5820895522388,84.32835820895522,0.7462686567164241,78.28947368421053,73.68421052631578,-4.605263157894754,63.41463414634146,73.17073170731707,9.756097560975611,"[[112, 20, 2], [29, 119, 4], [5, 10, 26]]","[[113, 19, 2], [29, 112, 11], [2, 9, 30]]","[[1, -1, 0], [0, -7, 7], [-3, -1, 4]]",-0.023474207647343544,-0.14434198095300876,221,36,34,36,42,8191
module_masked__no_attention__tp15_L5_p0p04,module_ablation_masked,no_attention,tp15_L5_p0p04,5.0,0.04,run1,fold02,326,80.67484662576688,78.22085889570552,-2.453987730061357,-,81.6457187745483,76.88007331762242,-4.765645456925881,-,80.95404718558447,76.8557354263756,-4.098311759208869,-,0.6785999781116885,0.636406566104349,-0.042193412007339504,-,78.35820895522389,79.8507462686567,1.4925373134328197,81.57894736842105,78.28947368421053,-3.2894736842105203,85.0,72.5,-12.5,"[[105, 27, 2], [21, 124, 7], [2, 4, 34]]","[[107, 24, 3], [25, 119, 8], [4, 7, 29]]","[[2, -3, 1], [4, -5, 1], [2, 3, -5]]",-0.02834650082789475,1.463838637337957,223,40,32,31,40,7119
module_masked__no_attention__tp15_L5_p0p04,module_ablation_masked,no_attention,tp15_L5_p0p04,5.0,0.04,run1,fold03,326,81.90184049079755,80.06134969325154,-1.8404907975460105,-,79.01544907043728,80.82875098193244,1.8133019114951594,+,81.38885925293694,79.72557914259725,-1.6632801103396844,-,0.6936183190074364,0.6718132521101067,-0.02180506689732975,-,82.83582089552239,84.32835820895522,1.492537313432834,84.21052631578947,75.6578947368421,-8.55263157894737,70.0,82.5,12.5,"[[111, 21, 2], [24, 128, 0], [4, 8, 28]]","[[113, 20, 1], [27, 115, 10], [4, 3, 33]]","[[2, -1, -1], [3, -13, 10], [0, -5, 5]]",-0.030325149199568625,0.3675519799287974,229,38,32,27,54,9599
module_masked__no_attention__tp15_L5_p0p04,module_ablation_masked,no_attention,tp15_L5_p0p04,5.0,0.04,run1,oof_pooled,979,80.38815117466804,78.75383043922369,-1.6343207354443479,-,78.55965388369158,78.24869057640606,-0.3109633072855189,-,79.76097809168458,77.70121044169865,-2.059767649985929,-,0.6702006213067945,0.6481029006133413,-0.02209772069345317,-,81.59203980099502,82.83582089552239,1.243781094527364,81.35964912280701,75.87719298245614,-5.482456140350877,72.72727272727273,76.03305785123968,3.305785123966942,"[[328, 68, 6], [74, 371, 11], [11, 22, 88]]","[[333, 63, 6], [81, 346, 29], [10, 19, 92]]","[[5, -5, 0], [7, -25, 18], [-1, -3, 4]]",-0.0273779609904335,0.5616276950534506,673,114,98,94,136,24909
module_masked__no_attention__tp15_L5_p0p04,module_ablation_masked,no_attention,tp15_L5_p0p04,5.0,0.04,run2,fold01,72,69.44444444444444,56.94444444444444,-12.5,-,66.40780565511749,53.00392558457075,-13.403880070546734,-,66.85875706214689,53.468867418142786,-13.389889644004107,-,0.5182264323917611,0.3190262147243699,-0.1992002176673912,-,81.48148148148148,55.55555555555556,-25.925925925925924,67.74193548387096,67.74193548387096,0.0,50.0,35.714285714285715,-14.285714285714285,"[[22, 3, 2], [8, 21, 2], [2, 5, 7]]","[[15, 9, 3], [5, 21, 5], [1, 8, 5]]","[[-7, 6, 1], [-3, 0, 3], [-1, 3, -2]]",-0.16074422561456458,-2.452818652673159,36,14,5,17,2,400
module_masked__no_attention__tp15_L5_p0p04,module_ablation_masked,no_attention,tp15_L5_p0p04,5.0,0.04,run2,fold02,71,64.7887323943662,61.97183098591549,-2.8169014084507182,-,62.944582299421015,66.2885501595179,3.343967860096882,+,63.51224105461394,62.13905133203379,-1.3731897225801504,-,0.44625508538458314,0.4419575871920494,-0.004297498192533722,-,80.76923076923077,61.53846153846154,-19.230769230769234,58.06451612903226,51.61290322580645,-6.451612903225815,50.0,85.71428571428571,35.71428571428571,"[[21, 5, 0], [10, 18, 3], [2, 5, 7]]","[[16, 6, 4], [7, 16, 8], [1, 1, 12]]","[[-5, 1, 4], [-3, -2, 5], [-1, -4, 5]]",-0.07790900422291427,-1.6236712266445081,32,14,12,13,1,195
module_masked__no_attention__tp15_L5_p0p04,module_ablation_masked,no_attention,tp15_L5_p0p04,5.0,0.04,run2,fold03,71,66.19718309859155,56.33802816901409,-9.859154929577464,-,59.89601796053409,51.74878884556304,-8.147229114971047,-,60.04855889724311,51.7458781609725,-8.30268073627061,-,0.45896608905667236,0.30795014030702567,-0.1510159487496467,-,76.92307692307693,65.38461538461539,-11.538461538461547,74.19354838709677,61.29032258064516,-12.903225806451609,28.57142857142857,28.57142857142857,0.0,"[[20, 5, 1], [6, 23, 2], [5, 5, 4]]","[[17, 7, 2], [6, 19, 6], [4, 6, 4]]","[[-3, 2, 1], [0, -4, 4], [-1, 1, 0]]",-0.18859351448549647,-3.8264942031196307,35,12,5,19,0,0
module_masked__no_attention__tp15_L5_p0p04,module_ablation_masked,no_attention,tp15_L5_p0p04,5.0,0.04,run2,oof_pooled,214,66.82242990654206,58.41121495327103,-8.411214953271028,-,63.090214988949164,56.99151581144232,-6.098699177506845,-,63.729378090033826,56.64835295256145,-7.081025137472373,-,0.47420253571448046,0.3527958923757269,-0.12140664333875356,-,79.74683544303798,60.75949367088608,-18.9873417721519,66.66666666666666,60.215053763440864,-6.451612903225794,42.857142857142854,50.0,7.142857142857146,"[[63, 13, 3], [24, 62, 7], [9, 15, 18]]","[[48, 22, 9], [18, 56, 19], [6, 15, 21]]","[[-15, 9, 6], [-6, -6, 12], [-3, 0, 3]]",-0.14250122931096174,-2.6334798528304733,103,40,22,49,3,595
data_full__tp16_L5_p0p05,data_ablation_full,,tp16_L5_p0p05,5.0,0.05,run1,fold01,327,80.73394495412845,78.59327217125383,-2.140672782874617,-,76.63048684689517,75.09539912759693,-1.5350877192982324,-,79.0877721312504,76.76754805139639,-2.3202240798540146,-,0.6743426700043699,0.6402334923601315,-0.034109177644238375,-,83.5820895522388,83.5820895522388,0.0,82.89473684210526,78.28947368421053,-4.605263157894726,63.41463414634146,63.41463414634146,0.0,"[[112, 20, 2], [25, 126, 1], [5, 10, 26]]","[[112, 20, 2], [29, 119, 4], [5, 10, 26]]","[[0, 0, 0], [4, -7, 3], [0, 0, 0]]",-0.020886951829656213,-0.2249942902669265,252,12,5,58,42,8191
data_full__tp16_L5_p0p05,data_ablation_full,,tp16_L5_p0p05,5.0,0.05,run1,fold02,326,81.59509202453987,80.3680981595092,-1.2269938650306642,-,82.30361351139041,81.42642052893429,-0.8771929824561226,-,82.11529042328695,80.72259215045526,-1.3926982728316943,-,0.6929312561648969,0.6735001769777431,-0.01943107918715381,-,78.35820895522389,78.35820895522389,0.0,83.55263157894737,80.92105263157895,-2.631578947368425,85.0,85.0,0.0,"[[105, 27, 2], [20, 127, 5], [2, 4, 34]]","[[105, 27, 2], [22, 123, 7], [2, 4, 34]]","[[0, 0, 0], [2, -4, 2], [0, 0, 0]]",-0.00688042221473033,-0.08471952719282519,260,6,2,58,40,7119
data_full__tp16_L5_p0p05,data_ablation_full,,tp16_L5_p0p05,5.0,0.05,run1,fold03,326,84.04907975460122,81.90184049079755,-2.1472392638036695,-,80.55053678973553,79.01544907043728,-1.5350877192982466,-,82.96722819707497,81.38885925293694,-1.5783689441380346,-,0.7301975910800922,0.6936183190074364,-0.036579272072655766,-,82.83582089552239,82.83582089552239,0.0,88.81578947368422,84.21052631578947,-4.605263157894754,70.0,70.0,0.0,"[[111, 21, 2], [17, 135, 0], [4, 8, 28]]","[[111, 21, 2], [24, 128, 0], [4, 8, 28]]","[[0, 0, 0], [7, -7, 0], [0, 0, 0]]",-0.01626921763209916,-0.14842457959622693,265,9,2,50,54,9597
data_full__tp16_L5_p0p05,data_ablation_full,,tp16_L5_p0p05,5.0,0.05,run1,oof_pooled,979,82.12461695607763,80.28600612870275,-1.838610827374879,-,79.80234394217112,78.4865544684869,-1.3157894736842195,-,81.47172321467072,79.68476308610292,-1.7869601285677987,-,0.6985628449866854,0.6685200615884043,-0.030042783398281148,-,81.59203980099502,81.59203980099502,0.0,85.08771929824562,81.14035087719299,-3.94736842105263,72.72727272727273,72.72727272727273,0.0,"[[328, 68, 6], [62, 388, 6], [11, 22, 88]]","[[328, 68, 6], [75, 370, 11], [11, 22, 88]]","[[0, 0, 0], [13, -18, 5], [0, 0, 0]]",-0.01468520514643922,-0.15278663098111947,777,27,9,166,136,24907
data_full__tp16_L5_p0p05,data_ablation_full,,tp16_L5_p0p05,5.0,0.05,run2,fold01,72,69.44444444444444,69.44444444444444,0.0,0,66.40780565511749,66.40780565511749,0.0,0,66.85875706214689,66.85875706214689,0.0,0,0.5182264323917611,0.5182264323917611,0.0,0,81.48148148148148,81.48148148148148,0.0,67.74193548387096,67.74193548387096,0.0,50.0,50.0,0.0,"[[22, 3, 2], [8, 21, 2], [2, 5, 7]]","[[22, 3, 2], [8, 21, 2], [2, 5, 7]]","[[0, 0, 0], [0, 0, 0], [0, 0, 0]]",-8.609559800889758e-06,-0.011263471510675218,50,0,0,22,2,400
data_full__tp16_L5_p0p05,data_ablation_full,,tp16_L5_p0p05,5.0,0.05,run2,fold02,71,66.19718309859155,64.7887323943662,-1.408450704225345,-,65.3255346803734,62.944582299421015,-2.3809523809523796,-,65.75180206506916,63.51224105461394,-2.239561010455219,-,0.47169889043248636,0.44625508538458314,-0.025443805047903223,-,80.76923076923077,80.76923076923077,0.0,58.06451612903226,58.06451612903226,0.0,57.14285714285714,50.0,-7.142857142857139,"[[21, 5, 0], [10, 18, 3], [2, 4, 8]]","[[21, 5, 0], [10, 18, 3], [2, 5, 7]]","[[0, 0, 0], [0, 0, 0], [0, 1, -1]]",-0.014083685775529835,-0.38973834145237024,46,1,0,24,1,196
data_full__tp16_L5_p0p05,data_ablation_full,,tp16_L5_p0p05,5.0,0.05,run2,fold03,71,66.19718309859155,66.19718309859155,0.0,0,59.89601796053409,59.89601796053409,0.0,0,60.04855889724311,60.04855889724311,0.0,0,0.45896608905667236,0.45896608905667236,0.0,0,76.92307692307693,76.92307692307693,0.0,74.19354838709677,74.19354838709677,0.0,28.57142857142857,28.57142857142857,0.0,"[[20, 5, 1], [6, 23, 2], [5, 5, 4]]","[[20, 5, 1], [6, 23, 2], [5, 5, 4]]","[[0, 0, 0], [0, 0, 0], [0, 0, 0]]",0.0,0.0,47,0,0,24,0,0
data_full__tp16_L5_p0p05,data_ablation_full,,tp16_L5_p0p05,5.0,0.05,run2,oof_pooled,214,67.28971962616822,66.82242990654206,-0.46728971962616583,-,63.883865782599955,63.090214988949164,-0.7936507936507908,-,64.55099829747716,63.729378090033826,-0.8216202074433383,-,0.4824688400261222,0.47420253571448046,-0.00826630431164177,-,79.74683544303798,79.74683544303798,0.0,66.66666666666666,66.66666666666666,0.0,45.23809523809524,42.857142857142854,-2.3809523809523867,"[[63, 13, 3], [24, 62, 7], [9, 14, 19]]","[[63, 13, 3], [24, 62, 7], [9, 15, 18]]","[[0, 0, 0], [0, 0, 0], [0, 1, -1]]",-0.00467552139424431,-0.13309529061629394,143,1,0,70,3,596
data_no_conv__tp16_L5_p0p05,data_ablation_no_module,no_conv,tp16_L5_p0p05,5.0,0.05,run1,fold01,327,79.20489296636084,78.2874617737003,-0.9174311926605441,-,77.82046123681977,77.16256649997763,-0.6578947368421382,-,79.390186562109,77.96143583304156,-1.4287507290674313,-,0.6509524121737486,0.6373183053729209,-0.013634106800827661,-,81.34328358208955,81.34328358208955,0.0,78.94736842105263,76.97368421052632,-1.973684210526315,73.17073170731707,73.17073170731707,0.0,"[[109, 24, 1], [29, 120, 3], [5, 6, 30]]","[[109, 24, 1], [29, 117, 6], [5, 6, 30]]","[[0, 0, 0], [0, -3, 3], [0, 0, 0]]",-0.007497074669811895,0.12508662010825009,249,10,7,61,42,8191
data_no_conv__tp16_L5_p0p05,data_ablation_no_module,no_conv,tp16_L5_p0p05,5.0,0.05,run1,fold02,326,80.06134969325154,79.4478527607362,-0.6134969325153463,-,78.89827179890023,78.45967530767216,-0.43859649122806843,-,78.65140888396702,78.18502974086948,-0.4663791430975408,-,0.667755761900005,0.6578675900715941,-0.009888171828410841,-,82.08955223880598,82.08955223880598,0.0,79.60526315789474,78.28947368421053,-1.3157894736842053,75.0,75.0,0.0,"[[110, 22, 2], [22, 121, 9], [4, 6, 30]]","[[110, 22, 2], [24, 119, 9], [4, 6, 30]]","[[0, 0, 0], [2, -2, 0], [0, 0, 0]]",-0.0042029132619175215,0.11270489823073149,254,7,5,60,40,7119
data_no_conv__tp16_L5_p0p05,data_ablation_no_module,no_conv,tp16_L5_p0p05,5.0,0.05,run1,fold03,326,77.60736196319019,75.4601226993865,-2.1472392638036837,-,80.15514532600157,78.62005760670331,-1.5350877192982608,-,76.45264363658288,74.45108155899524,-2.0015620775876357,-,0.6403712014169086,0.6092986773651929,-0.031072524051715678,-,80.59701492537313,80.59701492537313,0.0,72.36842105263158,67.76315789473685,-4.605263157894726,87.5,87.5,0.0,"[[108, 18, 8], [28, 110, 14], [0, 5, 35]]","[[108, 18, 8], [33, 103, 16], [0, 5, 35]]","[[0, 0, 0], [5, -7, 2], [0, 0, 0]]",-0.011778390712902506,0.01319389564036591,238,15,8,65,54,9597
data_no_conv__tp16_L5_p0p05,data_ablation_no_module,no_conv,tp16_L5_p0p05,5.0,0.05,run1,oof_pooled,979,78.95812053115424,77.732379979571,-1.2257405515832431,-,78.94312149561026,78.06592851315412,-0.8771929824561369,-,78.0672759638754,76.80320105517357,-1.2640749087018293,-,0.6519762827892167,0.6335675501773074,-0.01840873261190934,-,81.34328358208955,81.34328358208955,0.0,76.97368421052632,74.3421052631579,-2.6315789473684106,78.51239669421489,78.51239669421489,0.0,"[[327, 64, 11], [79, 351, 26], [9, 17, 95]]","[[327, 64, 11], [86, 339, 31], [9, 17, 95]]","[[0, 0, 0], [7, -12, 5], [0, 0, 0]]",-0.00782579010502535,0.08370411805656336,741,32,20,186,136,24907
data_no_conv__tp16_L5_p0p05,data_ablation_no_module,no_conv,tp16_L5_p0p05,5.0,0.05,run2,fold01,72,55.55555555555556,55.55555555555556,0.0,0,57.151391022358766,57.151391022358766,0.0,0,54.93827160493828,54.93827160493828,0.0,0,0.3353881275042346,0.3353881275042346,0.0,0,55.55555555555556,55.55555555555556,0.0,51.61290322580645,51.61290322580645,0.0,64.28571428571429,64.28571428571429,0.0,"[[15, 6, 6], [8, 16, 7], [4, 1, 9]]","[[15, 6, 6], [8, 16, 7], [4, 1, 9]]","[[0, 0, 0], [0, 0, 0], [0, 0, 0]]",-0.0015387576487329272,-0.009820212920506798,40,0,0,32,2,400
data_no_conv__tp16_L5_p0p05,data_ablation_no_module,no_conv,tp16_L5_p0p05,5.0,0.05,run2,fold02,71,56.33802816901409,54.929577464788736,-1.408450704225352,-,60.888573791799594,58.50762141084722,-2.3809523809523725,-,56.23083683234059,54.62407862407862,-1.6067582082619722,-,0.3663549852444777,0.33879570552124,-0.027559279723237684,-,65.38461538461539,65.38461538461539,0.0,38.70967741935484,38.70967741935484,0.0,78.57142857142857,71.42857142857143,-7.142857142857139,"[[17, 6, 3], [9, 12, 10], [3, 0, 11]]","[[17, 6, 3], [9, 12, 10], [3, 1, 10]]","[[0, 0, 0], [0, 0, 0], [0, 1, -1]]",-0.007626625512477378,-0.06331002208548532,39,1,0,31,1,196
data_no_conv__tp16_L5_p0p05,data_ablation_no_module,no_conv,tp16_L5_p0p05,5.0,0.05,run2,fold03,71,54.929577464788736,54.929577464788736,0.0,0,51.50064988774666,51.50064988774666,0.0,0,50.483091787439605,50.483091787439605,0.0,0,0.3108593378795985,0.3108593378795985,0.0,0,80.76923076923077,80.76923076923077,0.0,45.16129032258064,45.16129032258064,0.0,28.57142857142857,28.57142857142857,0.0,"[[21, 4, 1], [13, 14, 4], [8, 2, 4]]","[[21, 4, 1], [13, 14, 4], [8, 2, 4]]","[[0, 0, 0], [0, 0, 0], [0, 0, 0]]",0.0,0.0,39,0,0,32,0,0
data_no_conv__tp16_L5_p0p05,data_ablation_no_module,no_conv,tp16_L5_p0p05,5.0,0.05,run2,oof_pooled,214,55.60747663551402,55.140186915887845,-0.46728971962617294,-,56.4642516867915,55.67060089314071,-0.7936507936507908,-,54.638998759215426,53.999073567827,-0.6399251913884285,-,0.33252990827619394,0.32356049243664614,-0.0089694158395478,-,67.08860759493672,67.08860759493672,0.0,45.16129032258064,45.16129032258064,0.0,57.14285714285714,54.761904761904766,-2.3809523809523725,"[[53, 16, 10], [30, 42, 21], [15, 3, 24]]","[[53, 16, 10], [30, 42, 21], [15, 4, 23]]","[[0, 0, 0], [0, 0, 0], [0, 1, -1]]",-0.0030480418789470306,-0.02430872382404648,118,1,0,95,3,596
module_masked__no_conv__tp16_L5_p0p05,module_ablation_masked,no_conv,tp16_L5_p0p05,5.0,0.05,run1,fold01,327,78.59327217125383,78.2874617737003,-0.3058103975535289,-,75.09539912759693,77.16256649997763,2.0671673723806947,+,76.76754805139639,77.96143583304156,1.1938877816451736,+,0.6402334923601315,0.6373183053729209,-0.002915186987210605,-,83.5820895522388,81.34328358208955,-2.2388059701492438,78.28947368421053,76.97368421052632,-1.3157894736842195,63.41463414634146,73.17073170731707,9.756097560975611,"[[112, 20, 2], [29, 119, 4], [5, 10, 26]]","[[109, 24, 1], [29, 117, 6], [5, 6, 30]]","[[-3, 4, -1], [0, -2, 2], [0, -4, 4]]",-0.001524602206385184,0.5664567258949491,227,30,29,41,42,8191
module_masked__no_conv__tp16_L5_p0p05,module_ablation_masked,no_conv,tp16_L5_p0p05,5.0,0.05,run1,fold02,326,80.3680981595092,79.4478527607362,-0.9202453987730053,-,81.42642052893429,78.45967530767216,-2.96674522126213,-,80.72259215045526,78.18502974086948,-2.5375624095857745,-,0.6735001769777431,0.6578675900715941,-0.015632586906148993,-,78.35820895522389,82.08955223880598,3.731343283582092,80.92105263157895,78.28947368421053,-2.6315789473684106,85.0,75.0,-10.0,"[[105, 27, 2], [22, 123, 7], [2, 4, 34]]","[[110, 22, 2], [24, 119, 9], [4, 6, 30]]","[[5, -5, 0], [2, -4, 2], [2, 2, -4]]",-0.03339243328103229,-1.2141157844978059,224,38,35,29,40,7119
module_masked__no_conv__tp16_L5_p0p05,module_ablation_masked,no_conv,tp16_L5_p0p05,5.0,0.05,run1,fold03,326,81.90184049079755,75.4601226993865,-6.441717791411051,-,79.01544907043728,78.62005760670331,-0.39539146373397216,-,81.38885925293694,74.45108155899524,-6.9377776939416975,-,0.6936183190074364,0.6092986773651929,-0.08431964164224348,-,82.83582089552239,80.59701492537313,-2.238805970149258,84.21052631578947,67.76315789473685,-16.447368421052616,70.0,87.5,17.5,"[[111, 21, 2], [24, 128, 0], [4, 8, 28]]","[[108, 18, 8], [33, 103, 16], [0, 5, 35]]","[[-3, -3, 6], [9, -25, 16], [-4, -3, 7]]",-0.0903513545789544,-2.2544359001302463,211,56,35,24,54,9597
module_masked__no_conv__tp16_L5_p0p05,module_ablation_masked,no_conv,tp16_L5_p0p05,5.0,0.05,run1,oof_pooled,979,80.28600612870275,77.732379979571,-2.553626149131759,-,78.4865544684869,78.06592851315412,-0.42062595533278113,-,79.68476308610292,76.80320105517357,-2.881562030929345,-,0.6685200615884043,0.6335675501773074,-0.0349525114110969,-,81.59203980099502,81.34328358208955,-0.24875621890546995,81.14035087719299,74.3421052631579,-6.798245614035082,72.72727272727273,78.51239669421489,5.785123966942152,"[[328, 68, 6], [75, 370, 11], [11, 22, 88]]","[[327, 64, 11], [86, 339, 31], [9, 17, 95]]","[[-1, -4, 5], [11, -31, 20], [-2, -5, 7]]",-0.04171503550954404,-0.9657982633514777,662,124,99,94,136,24907
module_masked__no_conv__tp16_L5_p0p05,module_ablation_masked,no_conv,tp16_L5_p0p05,5.0,0.05,run2,fold01,72,69.44444444444444,55.55555555555556,-13.888888888888886,-,66.40780565511749,57.151391022358766,-9.25641463275872,-,66.85875706214689,54.93827160493828,-11.920485457208613,-,0.5182264323917611,0.3353881275042346,-0.18283830488752656,-,81.48148148148148,55.55555555555556,-25.925925925925924,67.74193548387096,51.61290322580645,-16.129032258064512,50.0,64.28571428571429,14.285714285714292,"[[22, 3, 2], [8, 21, 2], [2, 5, 7]]","[[15, 6, 6], [8, 16, 7], [4, 1, 9]]","[[-7, 3, 4], [0, -5, 5], [2, -4, 2]]",-0.160393394798272,-2.0004225877023094,30,20,10,12,2,400
module_masked__no_conv__tp16_L5_p0p05,module_ablation_masked,no_conv,tp16_L5_p0p05,5.0,0.05,run2,fold02,71,64.7887323943662,54.929577464788736,-9.859154929577471,-,62.944582299421015,58.50762141084722,-4.436960888573793,-,63.51224105461394,54.62407862407862,-8.888162430535317,-,0.44625508538458314,0.33879570552124,-0.10745937986334314,-,80.76923076923077,65.38461538461539,-15.384615384615387,58.06451612903226,38.70967741935484,-19.354838709677423,50.0,71.42857142857143,21.42857142857143,"[[21, 5, 0], [10, 18, 3], [2, 5, 7]]","[[17, 6, 3], [9, 12, 10], [3, 1, 10]]","[[-4, 1, 3], [-1, -6, 7], [1, -4, 3]]",-0.16225449967384548,-2.0982912376680423,30,16,9,16,1,196
module_masked__no_conv__tp16_L5_p0p05,module_ablation_masked,no_conv,tp16_L5_p0p05,5.0,0.05,run2,fold03,71,66.19718309859155,54.929577464788736,-11.267605633802816,-,59.89601796053409,51.50064988774666,-8.395368072787427,-,60.04855889724311,50.483091787439605,-9.565467109803507,-,0.45896608905667236,0.3108593378795985,-0.14810675117707384,-,76.92307692307693,80.76923076923077,3.8461538461538396,74.19354838709677,45.16129032258064,-29.032258064516128,28.57142857142857,28.57142857142857,0.0,"[[20, 5, 1], [6, 23, 2], [5, 5, 4]]","[[21, 4, 1], [13, 14, 4], [8, 2, 4]]","[[1, -1, 0], [7, -9, 2], [3, -3, 0]]",-0.21893926014955578,-2.944153240714616,34,13,5,19,0,0
module_masked__no_conv__tp16_L5_p0p05,module_ablation_masked,no_conv,tp16_L5_p0p05,5.0,0.05,run2,oof_pooled,214,66.82242990654206,55.140186915887845,-11.68224299065421,-,63.090214988949164,55.67060089314071,-7.4196140958084555,-,63.729378090033826,53.999073567827,-9.73030452220683,-,0.47420253571448046,0.32356049243664614,-0.15064204327783431,-,79.74683544303798,67.08860759493672,-12.658227848101262,66.66666666666666,45.16129032258064,-21.505376344086017,42.857142857142854,54.761904761904766,11.904761904761912,"[[63, 13, 3], [24, 62, 7], [9, 15, 18]]","[[53, 16, 10], [30, 42, 21], [15, 4, 23]]","[[-10, 3, 7], [6, -20, 14], [6, -11, 5]]",-0.18043495968662185,-2.345999926540818,94,49,24,47,3,596
data_no_lstm__tp16_L5_p0p05,data_ablation_no_module,no_lstm,tp16_L5_p0p05,5.0,0.05,run1,fold01,327,75.22935779816514,72.47706422018348,-2.7522935779816606,-,72.98224857739544,71.00856436686912,-1.973684210526315,-,74.65929369343549,71.13064713064713,-3.528646562788353,-,0.5824277209957041,0.5415303751750715,-0.040897345820632536,-,76.11940298507463,76.11940298507463,0.0,76.97368421052632,71.05263157894737,-5.921052631578945,65.85365853658537,65.85365853658537,0.0,"[[102, 30, 2], [31, 117, 4], [4, 10, 27]]","[[102, 30, 2], [33, 108, 11], [4, 10, 27]]","[[0, 0, 0], [2, -9, 7], [0, 0, 0]]",-0.019594139536536014,-0.220943211728781,231,15,6,75,42,8191
data_no_lstm__tp16_L5_p0p05,data_ablation_no_module,no_lstm,tp16_L5_p0p05,5.0,0.05,run1,fold02,326,74.23312883435584,73.61963190184049,-0.6134969325153463,-,73.23841319717204,72.79981670594395,-0.43859649122808264,-,73.4197528076379,73.1724998440327,-0.24725296360520588,-,0.5692124265740279,0.5587359980512939,-0.010476428522734005,-,75.3731343283582,75.3731343283582,0.0,74.3421052631579,73.02631578947368,-1.3157894736842195,70.0,70.0,0.0,"[[101, 30, 3], [31, 113, 8], [5, 7, 28]]","[[101, 30, 3], [34, 111, 7], [5, 7, 28]]","[[0, 0, 0], [3, -2, -1], [0, 0, 0]]",-0.005796644434631274,-0.03704956265314956,237,5,3,81,40,7119
data_no_lstm__tp16_L5_p0p05,data_ablation_no_module,no_lstm,tp16_L5_p0p05,5.0,0.05,run1,fold03,326,77.91411042944786,75.76687116564416,-2.147239263803698,-,77.18643623985336,75.65134852055513,-1.5350877192982324,-,76.36475294195755,74.20424125664726,-2.160511685310283,-,0.6335414855138196,0.6009825698162041,-0.03255891569761549,-,77.61194029850746,77.61194029850746,0.0,78.94736842105263,74.3421052631579,-4.605263157894726,75.0,75.0,0.0,"[[104, 23, 7], [25, 120, 7], [3, 7, 30]]","[[104, 23, 7], [29, 113, 10], [3, 7, 30]]","[[0, 0, 0], [4, -7, 3], [0, 0, 0]]",-0.024802248815049038,-0.6045534179540225,243,11,4,68,54,9597
data_no_lstm__tp16_L5_p0p05,data_ablation_no_module,no_lstm,tp16_L5_p0p05,5.0,0.05,run1,oof_pooled,979,75.79162410623084,73.95301327885598,-1.8386108273748647,-,74.4568263510633,73.1410368773791,-1.3157894736842053,-,74.79679148332708,72.81621132233286,-1.9805801609942222,-,0.5949564188779985,0.5670516409228304,-0.027904777955168103,-,76.3681592039801,76.3681592039801,0.0,76.75438596491229,72.80701754385966,-3.94736842105263,70.24793388429752,70.24793388429752,0.0,"[[307, 83, 12], [87, 350, 19], [12, 24, 85]]","[[307, 83, 12], [96, 332, 28], [12, 24, 85]]","[[0, 0, 0], [9, -18, 9], [0, 0, 0]]",-0.016733935472771258,-0.28744739725561747,711,31,13,224,136,24907
data_no_lstm__tp16_L5_p0p05,data_ablation_no_module,no_lstm,tp16_L5_p0p05,5.0,0.05,run2,fold01,72,63.888888888888886,62.5,-1.3888888888888857,-,63.762303009614826,61.381350628662446,-2.3809523809523796,-,62.59259259259259,60.816798941798936,-1.775793650793652,-,0.45896250049990833,0.4336200205931348,-0.02534247990677352,-,59.25925925925925,59.25925925925925,0.0,67.74193548387096,67.74193548387096,0.0,64.28571428571429,57.14285714285714,-7.142857142857153,"[[16, 6, 5], [2, 21, 8], [0, 5, 9]]","[[16, 6, 5], [2, 21, 8], [0, 6, 8]]","[[0, 0, 0], [0, 0, 0], [0, 1, -1]]",-0.004446352521578472,-0.018942022033216852,45,1,0,26,2,400
data_no_lstm__tp16_L5_p0p05,data_ablation_no_module,no_lstm,tp16_L5_p0p05,5.0,0.05,run2,fold02,71,56.33802816901409,54.929577464788736,-1.408450704225352,-,53.73980857851826,51.35885619756587,-2.3809523809523867,-,55.29980107985223,52.775840243870945,-2.523960835981285,-,0.2972806093565435,0.2714189397390067,-0.025861669617536776,-,53.84615384615385,53.84615384615385,0.0,64.51612903225806,64.51612903225806,0.0,42.857142857142854,35.714285714285715,-7.142857142857139,"[[14, 11, 1], [9, 20, 2], [2, 6, 6]]","[[14, 11, 1], [9, 20, 2], [2, 7, 5]]","[[0, 0, 0], [0, 0, 0], [0, 1, -1]]",-0.003090484251438732,-0.023182036958529915,39,1,0,31,1,196
data_no_lstm__tp16_L5_p0p05,data_ablation_no_module,no_lstm,tp16_L5_p0p05,5.0,0.05,run2,fold03,71,67.6056338028169,67.6056338028169,0.0,0,63.58265390523455,63.58265390523455,0.0,0,63.48309568648551,63.48309568648551,0.0,0,0.4934358082473687,0.4934358082473687,0.0,0,76.92307692307693,76.92307692307693,0.0,70.96774193548387,70.96774193548387,0.0,42.857142857142854,42.857142857142854,0.0,"[[20, 4, 2], [4, 22, 5], [6, 2, 6]]","[[20, 4, 2], [4, 22, 5], [6, 2, 6]]","[[0, 0, 0], [0, 0, 0], [0, 0, 0]]",0.0,0.0,48,0,0,23,0,0
data_no_lstm__tp16_L5_p0p05,data_ablation_no_module,no_lstm,tp16_L5_p0p05,5.0,0.05,run2,oof_pooled,214,62.616822429906534,61.6822429906542,-0.9345794392523317,-,60.344358241459105,58.757056654157516,-1.5873015873015888,-,60.31415748674011,58.88418964076859,-1.4299678459715182,-,0.41329125049232496,0.39659907627856095,-0.01669217421376401,-,63.29113924050633,63.29113924050633,0.0,67.74193548387096,67.74193548387096,0.0,50.0,45.23809523809524,-4.761904761904759,"[[50, 21, 8], [15, 63, 15], [8, 13, 21]]","[[50, 21, 8], [15, 63, 15], [8, 15, 19]]","[[0, 0, 0], [0, 0, 0], [0, 2, -2]]",-0.0025213166514289715,-0.014064253319846903,132,2,0,80,3,596
module_masked__no_lstm__tp16_L5_p0p05,module_ablation_masked,no_lstm,tp16_L5_p0p05,5.0,0.05,run1,fold01,327,78.59327217125383,72.47706422018348,-6.116207951070351,-,75.09539912759693,71.00856436686912,-4.086834760727811,-,76.76754805139639,71.13064713064713,-5.636900920749255,-,0.6402334923601315,0.5415303751750715,-0.09870311718505997,-,83.5820895522388,76.11940298507463,-7.46268656716417,78.28947368421053,71.05263157894737,-7.236842105263165,63.41463414634146,65.85365853658537,2.439024390243908,"[[112, 20, 2], [29, 119, 4], [5, 10, 26]]","[[102, 30, 2], [33, 108, 11], [4, 10, 27]]","[[-10, 10, 0], [4, -11, 7], [-1, 0, 1]]",-0.07419985891846854,-1.4810598524549365,209,48,28,42,42,8191
module_masked__no_lstm__tp16_L5_p0p05,module_ablation_masked,no_lstm,tp16_L5_p0p05,5.0,0.05,run1,fold02,326,80.3680981595092,73.61963190184049,-6.74846625766871,-,81.42642052893429,72.79981670594395,-8.626603822990333,-,80.72259215045526,73.1724998440327,-7.550092306422556,-,0.6735001769777431,0.5587359980512939,-0.11476417892644919,-,78.35820895522389,75.3731343283582,-2.985074626865682,80.92105263157895,73.02631578947368,-7.89473684210526,85.0,70.0,-15.0,"[[105, 27, 2], [22, 123, 7], [2, 4, 34]]","[[101, 30, 3], [34, 111, 7], [5, 7, 28]]","[[-4, 3, 1], [12, -12, 0], [3, 3, -6]]",-0.08867957191207196,-2.348482632152508,206,56,34,30,40,7119
module_masked__no_lstm__tp16_L5_p0p05,module_ablation_masked,no_lstm,tp16_L5_p0p05,5.0,0.05,run1,fold03,326,81.90184049079755,75.76687116564416,-6.134969325153392,-,79.01544907043728,75.65134852055513,-3.364100549882153,-,81.38885925293694,74.20424125664726,-7.184617996289674,-,0.6936183190074364,0.6009825698162041,-0.0926357491912323,-,82.83582089552239,77.61194029850746,-5.223880597014926,84.21052631578947,74.3421052631579,-9.868421052631561,70.0,75.0,5.0,"[[111, 21, 2], [24, 128, 0], [4, 8, 28]]","[[104, 23, 7], [29, 113, 10], [3, 7, 30]]","[[-7, 2, 5], [5, -15, 10], [-1, -1, 2]]",-0.06701777432031272,0.6245370392853314,218,49,29,30,54,9597
module_masked__no_lstm__tp16_L5_p0p05,module_ablation_masked,no_lstm,tp16_L5_p0p05,5.0,0.05,run1,oof_pooled,979,80.28600612870275,73.95301327885598,-6.332992849846775,-,78.4865544684869,73.1410368773791,-5.345517591107807,-,79.68476308610292,72.81621132233286,-6.868551763770057,-,0.6685200615884043,0.5670516409228304,-0.10146842066557382,-,81.59203980099502,76.3681592039801,-5.223880597014926,81.14035087719299,72.80701754385966,-8.333333333333329,72.72727272727273,70.24793388429752,-2.47933884297521,"[[328, 68, 6], [75, 370, 11], [11, 22, 88]]","[[307, 83, 12], [96, 332, 28], [12, 24, 85]]","[[-21, 15, 6], [21, -38, 17], [1, 2, -3]]",-0.07662991699499144,-1.0687567262793296,633,153,91,102,136,24907
module_masked__no_lstm__tp16_L5_p0p05,module_ablation_masked,no_lstm,tp16_L5_p0p05,5.0,0.05,run2,fold01,72,69.44444444444444,62.5,-6.944444444444443,-,66.40780565511749,61.381350628662446,-5.026455026455039,-,66.85875706214689,60.816798941798936,-6.041958120347957,-,0.5182264323917611,0.4336200205931348,-0.08460641179862632,-,81.48148148148148,59.25925925925925,-22.22222222222223,67.74193548387096,67.74193548387096,0.0,50.0,57.14285714285714,7.142857142857139,"[[22, 3, 2], [8, 21, 2], [2, 5, 7]]","[[16, 6, 5], [2, 21, 8], [0, 6, 8]]","[[-6, 3, 3], [-6, 0, 6], [-2, 1, 1]]",-0.08225381966869666,-2.008145943759397,39,11,6,16,2,400
module_masked__no_lstm__tp16_L5_p0p05,module_ablation_masked,no_lstm,tp16_L5_p0p05,5.0,0.05,run2,fold02,71,64.7887323943662,54.929577464788736,-9.859154929577471,-,62.944582299421015,51.35885619756587,-11.585726101855144,-,63.51224105461394,52.775840243870945,-10.736400810742992,-,0.44625508538458314,0.2714189397390067,-0.17483614564557642,-,80.76923076923077,53.84615384615385,-26.923076923076927,58.06451612903226,64.51612903225806,6.451612903225801,50.0,35.714285714285715,-14.285714285714285,"[[21, 5, 0], [10, 18, 3], [2, 5, 7]]","[[14, 11, 1], [9, 20, 2], [2, 7, 5]]","[[-7, 6, 1], [-1, 2, -1], [0, 2, -2]]",-0.24277973926198637,-2.2411213449176244,29,17,10,15,1,196
module_masked__no_lstm__tp16_L5_p0p05,module_ablation_masked,no_lstm,tp16_L5_p0p05,5.0,0.05,run2,fold03,71,66.19718309859155,67.6056338028169,1.408450704225345,+,59.89601796053409,63.58265390523455,3.6866359447004626,+,60.04855889724311,63.48309568648551,3.434536789242401,+,0.45896608905667236,0.4934358082473687,0.03446971919069636,+,76.92307692307693,76.92307692307693,0.0,74.19354838709677,70.96774193548387,-3.225806451612897,28.57142857142857,42.857142857142854,14.285714285714285,"[[20, 5, 1], [6, 23, 2], [5, 5, 4]]","[[20, 4, 2], [4, 22, 5], [6, 2, 6]]","[[0, -1, 1], [-2, -1, 3], [1, -3, 2]]",-0.06961935991307203,-2.6801207011014645,40,7,8,16,0,0
module_masked__no_lstm__tp16_L5_p0p05,module_ablation_masked,no_lstm,tp16_L5_p0p05,5.0,0.05,run2,oof_pooled,214,66.82242990654206,61.6822429906542,-5.140186915887853,-,63.090214988949164,58.757056654157516,-4.333158334791648,-,63.729378090033826,58.88418964076859,-4.845188449265237,-,0.47420253571448046,0.39659907627856095,-0.07760345943591951,-,79.74683544303798,63.29113924050633,-16.455696202531648,66.66666666666666,67.74193548387096,1.0752688172043037,42.857142857142854,45.23809523809524,2.3809523809523867,"[[63, 13, 3], [24, 62, 7], [9, 15, 18]]","[[50, 21, 8], [15, 63, 15], [8, 15, 19]]","[[-13, 8, 5], [-9, 1, 8], [-1, 0, 1]]",-0.13132061241857618,-2.308386416906691,108,35,24,47,3,596
data_no_attention__tp16_L5_p0p05,data_ablation_no_module,no_attention,tp16_L5_p0p05,5.0,0.05,run1,fold01,327,81.9571865443425,77.98165137614679,-3.9755351681957194,-,79.91197734051183,77.06110014752937,-2.850877192982452,-,82.01435063589545,76.2963372382235,-5.718013397671953,-,0.6962494375241386,0.6371728933973688,-0.05907654412676977,-,84.32835820895522,84.32835820895522,0.0,82.23684210526315,73.68421052631578,-8.55263157894737,73.17073170731707,73.17073170731707,0.0,"[[113, 19, 2], [27, 125, 0], [2, 9, 30]]","[[113, 19, 2], [28, 112, 12], [2, 9, 30]]","[[0, 0, 0], [1, -13, 12], [0, 0, 0]]",-0.037875492057163174,-0.9348692105803923,252,16,3,56,42,8191
data_no_attention__tp16_L5_p0p05,data_ablation_no_module,no_attention,tp16_L5_p0p05,5.0,0.05,run1,fold02,326,81.90184049079755,78.22085889570552,-3.6809815950920353,-,79.51165226499084,76.88007331762242,-2.631578947368425,-,80.47822307750707,76.8557354263756,-3.6224876511314648,-,0.6958625448093783,0.636406566104349,-0.05945597870502928,-,79.8507462686567,79.8507462686567,0.0,86.18421052631578,78.28947368421053,-7.894736842105246,72.5,72.5,0.0,"[[107, 24, 3], [17, 131, 4], [4, 7, 29]]","[[107, 24, 3], [25, 119, 8], [4, 7, 29]]","[[0, 0, 0], [8, -12, 4], [0, 0, 0]]",-0.031372794779758385,-0.5653518004445759,253,14,2,57,40,7119
data_no_attention__tp16_L5_p0p05,data_ablation_no_module,no_attention,tp16_L5_p0p05,5.0,0.05,run1,fold03,326,84.3558282208589,80.06134969325154,-4.294478527607353,-,83.89892642052894,80.82875098193244,-3.0701754385964932,-,83.66469909688912,79.72557914259725,-3.9391199542918685,-,0.7390486456524588,0.6718132521101067,-0.06723539354235208,-,84.32835820895522,84.32835820895522,0.0,84.86842105263158,75.6578947368421,-9.21052631578948,82.5,82.5,0.0,"[[113, 20, 1], [16, 129, 7], [4, 3, 33]]","[[113, 20, 1], [27, 115, 10], [4, 3, 33]]","[[0, 0, 0], [11, -14, 3], [0, 0, 0]]",-0.03915676404587988,-0.7284552525340414,258,17,3,48,54,9597
data_no_attention__tp16_L5_p0p05,data_ablation_no_module,no_attention,tp16_L5_p0p05,5.0,0.05,run1,oof_pooled,979,82.73748723186925,78.75383043922369,-3.9836567926455615,-,81.09956776938853,78.24869057640606,-2.850877192982466,-,82.05217929651486,77.63446601433844,-4.417713282176422,-,0.7100686691507885,0.648258949815192,-0.061809719335596425,-,82.83582089552239,82.83582089552239,0.0,84.4298245614035,75.87719298245614,-8.55263157894737,76.03305785123968,76.03305785123968,0.0,"[[333, 63, 6], [60, 385, 11], [10, 19, 92]]","[[333, 63, 6], [80, 346, 30], [10, 19, 92]]","[[0, 0, 0], [20, -39, 19], [0, 0, 0]]",-0.03613679477002087,-0.743088182973256,763,47,8,161,136,24907
data_no_attention__tp16_L5_p0p05,data_ablation_no_module,no_attention,tp16_L5_p0p05,5.0,0.05,run2,fold01,72,58.333333333333336,56.94444444444444,-1.3888888888888928,-,55.384877965523124,53.00392558457075,-2.3809523809523725,-,55.707282913165265,53.468867418142786,-2.2384154950224797,-,0.3440986103748549,0.3190262147243699,-0.02507239565048497,-,55.55555555555556,55.55555555555556,0.0,67.74193548387096,67.74193548387096,0.0,42.857142857142854,35.714285714285715,-7.142857142857139,"[[15, 9, 3], [5, 21, 5], [1, 7, 6]]","[[15, 9, 3], [5, 21, 5], [1, 8, 5]]","[[0, 0, 0], [0, 0, 0], [0, 1, -1]]",-0.007394741604609105,-0.12188832606706354,41,1,0,30,2,400
data_no_attention__tp16_L5_p0p05,data_ablation_no_module,no_attention,tp16_L5_p0p05,5.0,0.05,run2,fold02,71,63.38028169014085,61.97183098591549,-1.4084507042253591,-,68.66950254047029,66.2885501595179,-2.380952380952394,-,63.681341719077565,62.13905133203379,-1.5422903870437779,-,0.4690406293950227,0.4419575871920494,-0.027083042202973306,-,61.53846153846154,61.53846153846154,0.0,51.61290322580645,51.61290322580645,0.0,92.85714285714286,85.71428571428571,-7.142857142857153,"[[16, 6, 4], [7, 16, 8], [1, 0, 13]]","[[16, 6, 4], [7, 16, 8], [1, 1, 12]]","[[0, 0, 0], [0, 0, 0], [0, 1, -1]]",-0.007180190803735417,-0.20036161974282335,44,1,0,26,1,196
data_no_attention__tp16_L5_p0p05,data_ablation_no_module,no_attention,tp16_L5_p0p05,5.0,0.05,run2,fold03,71,56.33802816901409,56.33802816901409,0.0,0,51.74878884556304,51.74878884556304,0.0,0,51.7458781609725,51.7458781609725,0.0,0,0.30795014030702567,0.30795014030702567,0.0,0,65.38461538461539,65.38461538461539,0.0,61.29032258064516,61.29032258064516,0.0,28.57142857142857,28.57142857142857,0.0,"[[17, 7, 2], [6, 19, 6], [4, 6, 4]]","[[17, 7, 2], [6, 19, 6], [4, 6, 4]]","[[0, 0, 0], [0, 0, 0], [0, 0, 0]]",0.0,0.0,40,0,0,31,0,0
data_no_attention__tp16_L5_p0p05,data_ablation_no_module,no_attention,tp16_L5_p0p05,5.0,0.05,run2,oof_pooled,214,59.345794392523366,58.41121495327103,-0.9345794392523388,-,58.5788173987439,56.99151581144232,-1.5873015873015817,-,57.96936324972884,56.64835295256145,-1.3210102971673905,-,0.36980374236342506,0.3527958923757269,-0.017007849987698165,-,60.75949367088608,60.75949367088608,0.0,60.215053763440864,60.215053763440864,0.0,54.761904761904766,50.0,-4.761904761904766,"[[48, 22, 9], [18, 56, 19], [6, 13, 23]]","[[48, 22, 9], [18, 56, 19], [6, 15, 21]]","[[0, 0, 0], [0, 0, 0], [0, 2, -2]]",-0.004870163283163879,-0.10748427326434126,125,2,0,87,3,596
module_masked__no_attention__tp16_L5_p0p05,module_ablation_masked,no_attention,tp16_L5_p0p05,5.0,0.05,run1,fold01,327,78.59327217125383,77.98165137614679,-0.6116207951070436,-,75.09539912759693,77.06110014752937,1.965701019932439,+,76.76754805139639,76.2963372382235,-0.47121081317288827,-,0.6402334923601315,0.6371728933973688,-0.003060598962762673,-,83.5820895522388,84.32835820895522,0.7462686567164241,78.28947368421053,73.68421052631578,-4.605263157894754,63.41463414634146,73.17073170731707,9.756097560975611,"[[112, 20, 2], [29, 119, 4], [5, 10, 26]]","[[113, 19, 2], [28, 112, 12], [2, 9, 30]]","[[1, -1, 0], [-1, -7, 8], [-3, -1, 4]]",-0.023349037219619312,-0.19174678793421943,221,36,34,36,42,8191
module_masked__no_attention__tp16_L5_p0p05,module_ablation_masked,no_attention,tp16_L5_p0p05,5.0,0.05,run1,fold02,326,80.3680981595092,78.22085889570552,-2.1472392638036837,-,81.42642052893429,76.88007331762242,-4.546347211311868,-,80.72259215045526,76.8557354263756,-3.8668567240796534,-,0.6735001769777431,0.636406566104349,-0.037093610873394134,-,78.35820895522389,79.8507462686567,1.4925373134328197,80.92105263157895,78.28947368421053,-2.6315789473684106,85.0,72.5,-12.5,"[[105, 27, 2], [22, 123, 7], [2, 4, 34]]","[[107, 24, 3], [25, 119, 8], [4, 7, 29]]","[[2, -3, 1], [3, -4, 1], [2, 3, -5]]",-0.027252821672717576,1.4970227400343752,222,40,33,31,40,7119
module_masked__no_attention__tp16_L5_p0p05,module_ablation_masked,no_attention,tp16_L5_p0p05,5.0,0.05,run1,fold03,326,81.90184049079755,80.06134969325154,-1.8404907975460105,-,79.01544907043728,80.82875098193244,1.8133019114951594,+,81.38885925293694,79.72557914259725,-1.6632801103396844,-,0.6936183190074364,0.6718132521101067,-0.02180506689732975,-,82.83582089552239,84.32835820895522,1.492537313432834,84.21052631578947,75.6578947368421,-8.55263157894737,70.0,82.5,12.5,"[[111, 21, 2], [24, 128, 0], [4, 8, 28]]","[[113, 20, 1], [27, 115, 10], [4, 3, 33]]","[[2, -1, -1], [3, -13, 10], [0, -5, 5]]",-0.03108934462747967,0.3842708755547375,229,38,32,27,54,9597
module_masked__no_attention__tp16_L5_p0p05,module_ablation_masked,no_attention,tp16_L5_p0p05,5.0,0.05,run1,oof_pooled,979,80.28600612870275,78.75383043922369,-1.532175689479061,-,78.4865544684869,78.24869057640606,-0.23786389208083847,-,79.68476308610292,77.63446601433844,-2.0502970717644757,-,0.6685200615884043,0.648258949815192,-0.020261111773212215,-,81.59203980099502,82.83582089552239,1.243781094527364,81.14035087719299,75.87719298245614,-5.26315789473685,72.72727272727273,76.03305785123968,3.305785123966942,"[[328, 68, 6], [75, 370, 11], [11, 22, 88]]","[[333, 63, 6], [80, 346, 30], [10, 19, 92]]","[[5, -5, 0], [5, -24, 19], [-1, -3, 4]]",-0.02722643655227765,0.5624111532457211,672,114,99,94,136,24907
module_masked__no_attention__tp16_L5_p0p05,module_ablation_masked,no_attention,tp16_L5_p0p05,5.0,0.05,run2,fold01,72,69.44444444444444,56.94444444444444,-12.5,-,66.40780565511749,53.00392558457075,-13.403880070546734,-,66.85875706214689,53.468867418142786,-13.389889644004107,-,0.5182264323917611,0.3190262147243699,-0.1992002176673912,-,81.48148148148148,55.55555555555556,-25.925925925925924,67.74193548387096,67.74193548387096,0.0,50.0,35.714285714285715,-14.285714285714285,"[[22, 3, 2], [8, 21, 2], [2, 5, 7]]","[[15, 9, 3], [5, 21, 5], [1, 8, 5]]","[[-7, 6, 1], [-3, 0, 3], [-1, 3, -2]]",-0.16073967545218515,-2.445541858938264,36,14,5,17,2,400
module_masked__no_attention__tp16_L5_p0p05,module_ablation_masked,no_attention,tp16_L5_p0p05,5.0,0.05,run2,fold02,71,64.7887323943662,61.97183098591549,-2.8169014084507182,-,62.944582299421015,66.2885501595179,3.343967860096882,+,63.51224105461394,62.13905133203379,-1.3731897225801504,-,0.44625508538458314,0.4419575871920494,-0.004297498192533722,-,80.76923076923077,61.53846153846154,-19.230769230769234,58.06451612903226,51.61290322580645,-6.451612903225815,50.0,85.71428571428571,35.71428571428571,"[[21, 5, 0], [10, 18, 3], [2, 5, 7]]","[[16, 6, 4], [7, 16, 8], [1, 1, 12]]","[[-5, 1, 4], [-3, -2, 5], [-1, -4, 5]]",-0.0779090055574288,-1.6249531059621007,32,14,12,13,1,196
module_masked__no_attention__tp16_L5_p0p05,module_ablation_masked,no_attention,tp16_L5_p0p05,5.0,0.05,run2,fold03,71,66.19718309859155,56.33802816901409,-9.859154929577464,-,59.89601796053409,51.74878884556304,-8.147229114971047,-,60.04855889724311,51.7458781609725,-8.30268073627061,-,0.45896608905667236,0.30795014030702567,-0.1510159487496467,-,76.92307692307693,65.38461538461539,-11.538461538461547,74.19354838709677,61.29032258064516,-12.903225806451609,28.57142857142857,28.57142857142857,0.0,"[[20, 5, 1], [6, 23, 2], [5, 5, 4]]","[[17, 7, 2], [6, 19, 6], [4, 6, 4]]","[[-3, 2, 1], [0, -4, 4], [-1, 1, 0]]",-0.18859351448549647,-3.8264942031196307,35,12,5,19,0,0
module_masked__no_attention__tp16_L5_p0p05,module_ablation_masked,no_attention,tp16_L5_p0p05,5.0,0.05,run2,oof_pooled,214,66.82242990654206,58.41121495327103,-8.411214953271028,-,63.090214988949164,56.99151581144232,-6.098699177506845,-,63.729378090033826,56.64835295256145,-7.081025137472373,-,0.47420253571448046,0.3527958923757269,-0.12140664333875356,-,79.74683544303798,60.75949367088608,-18.9873417721519,66.66666666666666,60.215053763440864,-6.451612903225794,42.857142857142854,50.0,7.142857142857146,"[[63, 13, 3], [24, 62, 7], [9, 15, 18]]","[[48, 22, 9], [18, 56, 19], [6, 15, 21]]","[[-15, 9, 6], [-6, -6, 12], [-3, 0, 3]]",-0.1424996988579674,-2.6314568821885884,103,40,22,49,3,596
data_full__tp17_L5_p0p06,data_ablation_full,,tp17_L5_p0p06,5.0,0.06,run1,fold01,327,80.73394495412845,78.2874617737003,-2.446483180428146,-,76.63048684689517,74.8761008819829,-1.7543859649122737,-,79.0877721312504,76.53828195669954,-2.5494901745508685,-,0.6743426700043699,0.6353301896943266,-0.03901248031004323,-,83.5820895522388,83.5820895522388,0.0,82.89473684210526,77.63157894736842,-5.263157894736835,63.41463414634146,63.41463414634146,0.0,"[[112, 20, 2], [25, 126, 1], [5, 10, 26]]","[[112, 20, 2], [30, 118, 4], [5, 10, 26]]","[[0, 0, 0], [5, -8, 3], [0, 0, 0]]",-0.022317475575713244,-0.22517778425953075,252,12,4,59,42,8190
data_full__tp17_L5_p0p06,data_ablation_full,,tp17_L5_p0p06,5.0,0.06,run1,fold02,326,81.59509202453987,80.3680981595092,-1.2269938650306642,-,82.30361351139041,81.42642052893429,-0.8771929824561226,-,82.11529042328695,80.72259215045526,-1.3926982728316943,-,0.6929312561648969,0.6735001769777431,-0.01943107918715381,-,78.35820895522389,78.35820895522389,0.0,83.55263157894737,80.92105263157895,-2.631578947368425,85.0,85.0,0.0,"[[105, 27, 2], [20, 127, 5], [2, 4, 34]]","[[105, 27, 2], [22, 123, 7], [2, 4, 34]]","[[0, 0, 0], [2, -4, 2], [0, 0, 0]]",-0.007517932135178966,-0.09030249109206025,260,6,2,58,40,7119
data_full__tp17_L5_p0p06,data_ablation_full,,tp17_L5_p0p06,5.0,0.06,run1,fold03,326,84.04907975460122,82.51533742331289,-1.5337423312883374,-,80.55053678973553,79.45404556166537,-1.096491228070164,-,82.96722819707497,81.84003512060843,-1.1271930764665399,-,0.7301975910800922,0.7039328174018926,-0.02626477367819957,-,82.83582089552239,82.83582089552239,0.0,88.81578947368422,85.52631578947368,-3.2894736842105345,70.0,70.0,0.0,"[[111, 21, 2], [17, 135, 0], [4, 8, 28]]","[[111, 21, 2], [22, 130, 0], [4, 8, 28]]","[[0, 0, 0], [5, -5, 0], [0, 0, 0]]",-0.011889142050275992,-0.13035600077635123,267,7,2,50,54,9595
data_full__tp17_L5_p0p06,data_ablation_full,,tp17_L5_p0p06,5.0,0.06,run1,oof_pooled,979,82.12461695607763,80.38815117466804,-1.736465781409592,-,79.80234394217112,78.55965388369158,-1.242690058479539,-,81.47172321467072,79.76097809168458,-1.7107451229861397,-,0.6985628449866854,0.6702006213067945,-0.02836222367989094,-,81.59203980099502,81.59203980099502,0.0,85.08771929824562,81.35964912280701,-3.728070175438603,72.72727272727273,72.72727272727273,0.0,"[[328, 68, 6], [62, 388, 6], [11, 22, 88]]","[[328, 68, 6], [74, 371, 11], [11, 22, 88]]","[[0, 0, 0], [12, -17, 5], [0, 0, 0]]",-0.013916772929230386,-0.14869030010415596,779,25,8,167,136,24904
data_full__tp17_L5_p0p06,data_ablation_full,,tp17_L5_p0p06,5.0,0.06,run2,fold01,72,69.44444444444444,69.44444444444444,0.0,0,66.40780565511749,66.40780565511749,0.0,0,66.85875706214689,66.85875706214689,0.0,0,0.5182264323917611,0.5182264323917611,0.0,0,81.48148148148148,81.48148148148148,0.0,67.74193548387096,67.74193548387096,0.0,50.0,50.0,0.0,"[[22, 3, 2], [8, 21, 2], [2, 5, 7]]","[[22, 3, 2], [8, 21, 2], [2, 5, 7]]","[[0, 0, 0], [0, 0, 0], [0, 0, 0]]",-4.386736287011041e-06,-0.007865267081393136,50,0,0,22,2,400
data_full__tp17_L5_p0p06,data_ablation_full,,tp17_L5_p0p06,5.0,0.06,run2,fold02,71,66.19718309859155,64.7887323943662,-1.408450704225345,-,65.3255346803734,62.944582299421015,-2.3809523809523796,-,65.75180206506916,63.51224105461394,-2.239561010455219,-,0.47169889043248636,0.44625508538458314,-0.025443805047903223,-,80.76923076923077,80.76923076923077,0.0,58.06451612903226,58.06451612903226,0.0,57.14285714285714,50.0,-7.142857142857139,"[[21, 5, 0], [10, 18, 3], [2, 4, 8]]","[[21, 5, 0], [10, 18, 3], [2, 5, 7]]","[[0, 0, 0], [0, 0, 0], [0, 1, -1]]",-0.0140836857758791,-0.3897593760154617,46,1,0,24,1,197
data_full__tp17_L5_p0p06,data_ablation_full,,tp17_L5_p0p06,5.0,0.06,run2,fold03,71,66.19718309859155,66.19718309859155,0.0,0,59.89601796053409,59.89601796053409,0.0,0,60.04855889724311,60.04855889724311,0.0,0,0.45896608905667236,0.45896608905667236,0.0,0,76.92307692307693,76.92307692307693,0.0,74.19354838709677,74.19354838709677,0.0,28.57142857142857,28.57142857142857,0.0,"[[20, 5, 1], [6, 23, 2], [5, 5, 4]]","[[20, 5, 1], [6, 23, 2], [5, 5, 4]]","[[0, 0, 0], [0, 0, 0], [0, 0, 0]]",0.0,0.0,47,0,0,24,0,0
data_full__tp17_L5_p0p06,data_ablation_full,,tp17_L5_p0p06,5.0,0.06,run2,oof_pooled,214,67.28971962616822,66.82242990654206,-0.46728971962616583,-,63.883865782599955,63.090214988949164,-0.7936507936507908,-,64.55099829747716,63.729378090033826,-0.8216202074433383,-,0.4824688400261222,0.47420253571448046,-0.00826630431164177,-,79.74683544303798,79.74683544303798,0.0,66.66666666666666,66.66666666666666,0.0,45.23809523809524,42.857142857142854,-2.3809523809523867,"[[63, 13, 3], [24, 62, 7], [9, 14, 19]]","[[63, 13, 3], [24, 62, 7], [9, 15, 18]]","[[0, 0, 0], [0, 0, 0], [0, 1, -1]]",-0.0046741006313087904,-0.13195894825681348,143,1,0,70,3,597
data_no_conv__tp17_L5_p0p06,data_ablation_no_module,no_conv,tp17_L5_p0p06,5.0,0.06,run1,fold01,327,79.20489296636084,78.2874617737003,-0.9174311926605441,-,77.82046123681977,77.16256649997763,-0.6578947368421382,-,79.390186562109,77.96143583304156,-1.4287507290674313,-,0.6509524121737486,0.6373183053729209,-0.013634106800827661,-,81.34328358208955,81.34328358208955,0.0,78.94736842105263,76.97368421052632,-1.973684210526315,73.17073170731707,73.17073170731707,0.0,"[[109, 24, 1], [29, 120, 3], [5, 6, 30]]","[[109, 24, 1], [29, 117, 6], [5, 6, 30]]","[[0, 0, 0], [0, -3, 3], [0, 0, 0]]",-0.007943428634630408,0.11771427543793979,249,10,7,61,42,8190
data_no_conv__tp17_L5_p0p06,data_ablation_no_module,no_conv,tp17_L5_p0p06,5.0,0.06,run1,fold02,326,80.06134969325154,79.4478527607362,-0.6134969325153463,-,78.89827179890023,78.45967530767216,-0.43859649122806843,-,78.65140888396702,78.18502974086948,-0.4663791430975408,-,0.667755761900005,0.6578675900715941,-0.009888171828410841,-,82.08955223880598,82.08955223880598,0.0,79.60526315789474,78.28947368421053,-1.3157894736842053,75.0,75.0,0.0,"[[110, 22, 2], [22, 121, 9], [4, 6, 30]]","[[110, 22, 2], [24, 119, 9], [4, 6, 30]]","[[0, 0, 0], [2, -2, 0], [0, 0, 0]]",-0.004364810277907139,0.11935817037189117,254,7,5,60,40,7119
data_no_conv__tp17_L5_p0p06,data_ablation_no_module,no_conv,tp17_L5_p0p06,5.0,0.06,run1,fold03,326,77.60736196319019,75.4601226993865,-2.1472392638036837,-,80.15514532600157,78.62005760670331,-1.5350877192982608,-,76.45264363658288,74.45108155899524,-2.0015620775876357,-,0.6403712014169086,0.6092986773651929,-0.031072524051715678,-,80.59701492537313,80.59701492537313,0.0,72.36842105263158,67.76315789473685,-4.605263157894726,87.5,87.5,0.0,"[[108, 18, 8], [28, 110, 14], [0, 5, 35]]","[[108, 18, 8], [33, 103, 16], [0, 5, 35]]","[[0, 0, 0], [5, -7, 2], [0, 0, 0]]",-0.01145401094919442,0.011357688122183261,238,15,8,65,54,9595
data_no_conv__tp17_L5_p0p06,data_ablation_no_module,no_conv,tp17_L5_p0p06,5.0,0.06,run1,oof_pooled,979,78.95812053115424,77.732379979571,-1.2257405515832431,-,78.94312149561026,78.06592851315412,-0.8771929824561369,-,78.0672759638754,76.80320105517357,-1.2640749087018293,-,0.6519762827892167,0.6335675501773074,-0.01840873261190934,-,81.34328358208955,81.34328358208955,0.0,76.97368421052632,74.3421052631579,-2.6315789473684106,78.51239669421489,78.51239669421489,0.0,"[[327, 64, 11], [79, 351, 26], [9, 17, 95]]","[[327, 64, 11], [86, 339, 31], [9, 17, 95]]","[[0, 0, 0], [7, -12, 5], [0, 0, 0]]",-0.0079207731190595,0.08284569758659303,741,32,20,186,136,24904
data_no_conv__tp17_L5_p0p06,data_ablation_no_module,no_conv,tp17_L5_p0p06,5.0,0.06,run2,fold01,72,55.55555555555556,55.55555555555556,0.0,0,57.151391022358766,57.151391022358766,0.0,0,54.93827160493828,54.93827160493828,0.0,0,0.3353881275042346,0.3353881275042346,0.0,0,55.55555555555556,55.55555555555556,0.0,51.61290322580645,51.61290322580645,0.0,64.28571428571429,64.28571428571429,0.0,"[[15, 6, 6], [8, 16, 7], [4, 1, 9]]","[[15, 6, 6], [8, 16, 7], [4, 1, 9]]","[[0, 0, 0], [0, 0, 0], [0, 0, 0]]",-0.0012124396032757228,-0.008165662901269065,40,0,0,32,2,400
data_no_conv__tp17_L5_p0p06,data_ablation_no_module,no_conv,tp17_L5_p0p06,5.0,0.06,run2,fold02,71,56.33802816901409,54.929577464788736,-1.408450704225352,-,60.888573791799594,58.50762141084722,-2.3809523809523725,-,56.23083683234059,54.62407862407862,-1.6067582082619722,-,0.3663549852444777,0.33879570552124,-0.027559279723237684,-,65.38461538461539,65.38461538461539,0.0,38.70967741935484,38.70967741935484,0.0,78.57142857142857,71.42857142857143,-7.142857142857139,"[[17, 6, 3], [9, 12, 10], [3, 0, 11]]","[[17, 6, 3], [9, 12, 10], [3, 1, 10]]","[[0, 0, 0], [0, 0, 0], [0, 1, -1]]",-0.00762516176196891,-0.06323994801078044,39,1,0,31,1,197
data_no_conv__tp17_L5_p0p06,data_ablation_no_module,no_conv,tp17_L5_p0p06,5.0,0.06,run2,fold03,71,54.929577464788736,54.929577464788736,0.0,0,51.50064988774666,51.50064988774666,0.0,0,50.483091787439605,50.483091787439605,0.0,0,0.3108593378795985,0.3108593378795985,0.0,0,80.76923076923077,80.76923076923077,0.0,45.16129032258064,45.16129032258064,0.0,28.57142857142857,28.57142857142857,0.0,"[[21, 4, 1], [13, 14, 4], [8, 2, 4]]","[[21, 4, 1], [13, 14, 4], [8, 2, 4]]","[[0, 0, 0], [0, 0, 0], [0, 0, 0]]",0.0,0.0,39,0,0,32,0,0
data_no_conv__tp17_L5_p0p06,data_ablation_no_module,no_conv,tp17_L5_p0p06,5.0,0.06,run2,oof_pooled,214,55.60747663551402,55.140186915887845,-0.46728971962617294,-,56.4642516867915,55.67060089314071,-0.7936507936507908,-,54.638998759215426,53.999073567827,-0.6399251913884285,-,0.33252990827619394,0.32356049243664614,-0.0089694158395478,-,67.08860759493672,67.08860759493672,0.0,45.16129032258064,45.16129032258064,0.0,57.14285714285714,54.761904761904766,-2.3809523809523725,"[[53, 16, 10], [30, 42, 21], [15, 3, 24]]","[[53, 16, 10], [30, 42, 21], [15, 4, 23]]","[[0, 0, 0], [0, 0, 0], [0, 1, -1]]",-0.002937766993157218,-0.023728803914284037,118,1,0,95,3,597
module_masked__no_conv__tp17_L5_p0p06,module_ablation_masked,no_conv,tp17_L5_p0p06,5.0,0.06,run1,fold01,327,78.2874617737003,78.2874617737003,0.0,0,74.8761008819829,77.16256649997763,2.286465617994736,+,76.53828195669954,77.96143583304156,1.4231538763420275,+,0.6353301896943266,0.6373183053729209,0.001988115678594249,+,83.5820895522388,81.34328358208955,-2.2388059701492438,77.63157894736842,76.97368421052632,-0.6578947368421098,63.41463414634146,73.17073170731707,9.756097560975611,"[[112, 20, 2], [30, 118, 4], [5, 10, 26]]","[[109, 24, 1], [29, 117, 6], [5, 6, 30]]","[[-3, 4, -1], [-1, -1, 2], [0, -4, 4]]",-0.0005404324251466671,0.5592678752172431,226,30,30,41,42,8190
module_masked__no_conv__tp17_L5_p0p06,module_ablation_masked,no_conv,tp17_L5_p0p06,5.0,0.06,run1,fold02,326,80.3680981595092,79.4478527607362,-0.9202453987730053,-,81.42642052893429,78.45967530767216,-2.96674522126213,-,80.72259215045526,78.18502974086948,-2.5375624095857745,-,0.6735001769777431,0.6578675900715941,-0.015632586906148993,-,78.35820895522389,82.08955223880598,3.731343283582092,80.92105263157895,78.28947368421053,-2.6315789473684106,85.0,75.0,-10.0,"[[105, 27, 2], [22, 123, 7], [2, 4, 34]]","[[110, 22, 2], [24, 119, 9], [4, 6, 30]]","[[5, -5, 0], [2, -4, 2], [2, 2, -4]]",-0.03291682037657327,-1.2018795484574112,224,38,35,29,40,7119
module_masked__no_conv__tp17_L5_p0p06,module_ablation_masked,no_conv,tp17_L5_p0p06,5.0,0.06,run1,fold03,326,82.51533742331289,75.4601226993865,-7.055214723926383,-,79.45404556166537,78.62005760670331,-0.8339879549620548,-,81.84003512060843,74.45108155899524,-7.388953561613192,-,0.7039328174018926,0.6092986773651929,-0.09463414003669968,-,82.83582089552239,80.59701492537313,-2.238805970149258,85.52631578947368,67.76315789473685,-17.763157894736835,70.0,87.5,17.5,"[[111, 21, 2], [22, 130, 0], [4, 8, 28]]","[[108, 18, 8], [33, 103, 16], [0, 5, 35]]","[[-3, -3, 6], [11, -27, 16], [-4, -3, 7]]",-0.09440705039706948,-2.2743406864683045,213,56,33,24,54,9595
module_masked__no_conv__tp17_L5_p0p06,module_ablation_masked,no_conv,tp17_L5_p0p06,5.0,0.06,run1,oof_pooled,979,80.38815117466804,77.732379979571,-2.6557711950970457,-,78.55965388369158,78.06592851315412,-0.49372537053746157,-,79.76097809168458,76.80320105517357,-2.957777036511004,-,0.6702006213067945,0.6335675501773074,-0.036633071129487105,-,81.59203980099502,81.34328358208955,-0.24875621890546995,81.35964912280701,74.3421052631579,-7.017543859649109,72.72727272727273,78.51239669421489,5.785123966942152,"[[328, 68, 6], [74, 371, 11], [11, 22, 88]]","[[327, 64, 11], [86, 339, 31], [9, 17, 95]]","[[-1, -4, 5], [12, -32, 20], [-2, -5, 7]]",-0.042578450740787026,-0.9707530146984115,663,124,98,94,136,24904
module_masked__no_conv__tp17_L5_p0p06,module_ablation_masked,no_conv,tp17_L5_p0p06,5.0,0.06,run2,fold01,72,69.44444444444444,55.55555555555556,-13.888888888888886,-,66.40780565511749,57.151391022358766,-9.25641463275872,-,66.85875706214689,54.93827160493828,-11.920485457208613,-,0.5182264323917611,0.3353881275042346,-0.18283830488752656,-,81.48148148148148,55.55555555555556,-25.925925925925924,67.74193548387096,51.61290322580645,-16.129032258064512,50.0,64.28571428571429,14.285714285714292,"[[22, 3, 2], [8, 21, 2], [2, 5, 7]]","[[15, 6, 6], [8, 16, 7], [4, 1, 9]]","[[-7, 3, 4], [0, -5, 5], [2, -4, 2]]",-0.16007129957632868,-2.002166242112354,30,20,10,12,2,400
module_masked__no_conv__tp17_L5_p0p06,module_ablation_masked,no_conv,tp17_L5_p0p06,5.0,0.06,run2,fold02,71,64.7887323943662,54.929577464788736,-9.859154929577471,-,62.944582299421015,58.50762141084722,-4.436960888573793,-,63.51224105461394,54.62407862407862,-8.888162430535317,-,0.44625508538458314,0.33879570552124,-0.10745937986334314,-,80.76923076923077,65.38461538461539,-15.384615384615387,58.06451612903226,38.70967741935484,-19.354838709677423,50.0,71.42857142857143,21.42857142857143,"[[21, 5, 0], [10, 18, 3], [2, 5, 7]]","[[17, 6, 3], [9, 12, 10], [3, 1, 10]]","[[-4, 1, 3], [-1, -6, 7], [1, -4, 3]]",-0.16225303592298773,-2.0982001290302463,30,16,9,16,1,197
module_masked__no_conv__tp17_L5_p0p06,module_ablation_masked,no_conv,tp17_L5_p0p06,5.0,0.06,run2,fold03,71,66.19718309859155,54.929577464788736,-11.267605633802816,-,59.89601796053409,51.50064988774666,-8.395368072787427,-,60.04855889724311,50.483091787439605,-9.565467109803507,-,0.45896608905667236,0.3108593378795985,-0.14810675117707384,-,76.92307692307693,80.76923076923077,3.8461538461538396,74.19354838709677,45.16129032258064,-29.032258064516128,28.57142857142857,28.57142857142857,0.0,"[[20, 5, 1], [6, 23, 2], [5, 5, 4]]","[[21, 4, 1], [13, 14, 4], [8, 2, 4]]","[[1, -1, 0], [7, -9, 2], [3, -3, 0]]",-0.21893926014955578,-2.944153240714616,34,13,5,19,0,0
module_masked__no_conv__tp17_L5_p0p06,module_ablation_masked,no_conv,tp17_L5_p0p06,5.0,0.06,run2,oof_pooled,214,66.82242990654206,55.140186915887845,-11.68224299065421,-,63.090214988949164,55.67060089314071,-7.4196140958084555,-,63.729378090033826,53.999073567827,-9.73030452220683,-,0.47420253571448046,0.32356049243664614,-0.15064204327783431,-,79.74683544303798,67.08860759493672,-12.658227848101262,66.66666666666666,45.16129032258064,-21.505376344086017,42.857142857142854,54.761904761904766,11.904761904761912,"[[63, 13, 3], [24, 62, 7], [9, 15, 18]]","[[53, 16, 10], [30, 42, 21], [15, 4, 23]]","[[-10, 3, 7], [6, -20, 14], [6, -11, 5]]",-0.18032610556376755,-2.3465563489905357,94,49,24,47,3,597
data_no_lstm__tp17_L5_p0p06,data_ablation_no_module,no_lstm,tp17_L5_p0p06,5.0,0.06,run1,fold01,327,75.22935779816514,72.78287461773701,-2.4464831804281317,-,72.98224857739544,71.22786261248315,-1.754385964912288,-,74.65929369343549,71.36397194536728,-3.295321748068204,-,0.5824277209957041,0.5464327603672862,-0.035994960628417894,-,76.11940298507463,76.11940298507463,0.0,76.97368421052632,71.71052631578947,-5.26315789473685,65.85365853658537,65.85365853658537,0.0,"[[102, 30, 2], [31, 117, 4], [4, 10, 27]]","[[102, 30, 2], [32, 109, 11], [4, 10, 27]]","[[0, 0, 0], [1, -8, 7], [0, 0, 0]]",-0.0176238022945581,-0.1988762313790551,232,14,6,75,42,8190
data_no_lstm__tp17_L5_p0p06,data_ablation_no_module,no_lstm,tp17_L5_p0p06,5.0,0.06,run1,fold02,326,74.23312883435584,73.92638036809815,-0.30674846625768737,-,73.23841319717204,73.019114951558,-0.21929824561404132,-,73.4197528076379,73.40205014623619,-0.017702661401713726,-,0.5692124265740279,0.5636686566618243,-0.005543769912203622,-,75.3731343283582,75.3731343283582,0.0,74.3421052631579,73.68421052631578,-0.657894736842124,70.0,70.0,0.0,"[[101, 30, 3], [31, 113, 8], [5, 7, 28]]","[[101, 30, 3], [33, 112, 7], [5, 7, 28]]","[[0, 0, 0], [2, -1, -1], [0, 0, 0]]",-0.004839507549829188,-0.052869269681488806,238,4,3,81,40,7119
data_no_lstm__tp17_L5_p0p06,data_ablation_no_module,no_lstm,tp17_L5_p0p06,5.0,0.06,run1,fold03,326,77.91411042944786,76.07361963190185,-1.8404907975460105,-,77.18643623985336,75.87064676616916,-1.3157894736842053,-,76.36475294195755,74.4386547809186,-1.9260981610389507,-,0.6335414855138196,0.605842239322644,-0.027699246191175586,-,77.61194029850746,77.61194029850746,0.0,78.94736842105263,75.0,-3.94736842105263,75.0,75.0,0.0,"[[104, 23, 7], [25, 120, 7], [3, 7, 30]]","[[104, 23, 7], [28, 114, 10], [3, 7, 30]]","[[0, 0, 0], [3, -6, 3], [0, 0, 0]]",-0.01903253586460321,-0.5279063772170182,243,11,5,67,54,9595
data_no_lstm__tp17_L5_p0p06,data_ablation_no_module,no_lstm,tp17_L5_p0p06,5.0,0.06,run1,oof_pooled,979,75.79162410623084,74.25944841675178,-1.532175689479061,-,74.4568263510633,73.36033512299312,-1.0964912280701782,-,74.79679148332708,73.04863715858338,-1.7481543247437088,-,0.5949564188779985,0.5719490049735283,-0.023007413904470253,-,76.3681592039801,76.3681592039801,0.0,76.75438596491229,73.46491228070175,-3.2894736842105345,70.24793388429752,70.24793388429752,0.0,"[[307, 83, 12], [87, 350, 19], [12, 24, 85]]","[[307, 83, 12], [93, 335, 28], [12, 24, 85]]","[[0, 0, 0], [6, -15, 9], [0, 0, 0]]",-0.013835821760393729,-0.25982164305399824,713,29,14,223,136,24904
data_no_lstm__tp17_L5_p0p06,data_ablation_no_module,no_lstm,tp17_L5_p0p06,5.0,0.06,run2,fold01,72,63.888888888888886,62.5,-1.3888888888888857,-,63.762303009614826,61.381350628662446,-2.3809523809523796,-,62.59259259259259,60.816798941798936,-1.775793650793652,-,0.45896250049990833,0.4336200205931348,-0.02534247990677352,-,59.25925925925925,59.25925925925925,0.0,67.74193548387096,67.74193548387096,0.0,64.28571428571429,57.14285714285714,-7.142857142857153,"[[16, 6, 5], [2, 21, 8], [0, 5, 9]]","[[16, 6, 5], [2, 21, 8], [0, 6, 8]]","[[0, 0, 0], [0, 0, 0], [0, 1, -1]]",-0.005058106241954699,-0.0220287612044356,45,1,0,26,2,400
data_no_lstm__tp17_L5_p0p06,data_ablation_no_module,no_lstm,tp17_L5_p0p06,5.0,0.06,run2,fold02,71,56.33802816901409,54.929577464788736,-1.408450704225352,-,53.73980857851826,51.35885619756587,-2.3809523809523867,-,55.29980107985223,52.775840243870945,-2.523960835981285,-,0.2972806093565435,0.2714189397390067,-0.025861669617536776,-,53.84615384615385,53.84615384615385,0.0,64.51612903225806,64.51612903225806,0.0,42.857142857142854,35.714285714285715,-7.142857142857139,"[[14, 11, 1], [9, 20, 2], [2, 6, 6]]","[[14, 11, 1], [9, 20, 2], [2, 7, 5]]","[[0, 0, 0], [0, 0, 0], [0, 1, -1]]",-0.0030922558106167225,-0.02319598192690124,39,1,0,31,1,197
data_no_lstm__tp17_L5_p0p06,data_ablation_no_module,no_lstm,tp17_L5_p0p06,5.0,0.06,run2,fold03,71,67.6056338028169,67.6056338028169,0.0,0,63.58265390523455,63.58265390523455,0.0,0,63.48309568648551,63.48309568648551,0.0,0,0.4934358082473687,0.4934358082473687,0.0,0,76.92307692307693,76.92307692307693,0.0,70.96774193548387,70.96774193548387,0.0,42.857142857142854,42.857142857142854,0.0,"[[20, 4, 2], [4, 22, 5], [6, 2, 6]]","[[20, 4, 2], [4, 22, 5], [6, 2, 6]]","[[0, 0, 0], [0, 0, 0], [0, 0, 0]]",0.0,0.0,48,0,0,23,0,0
data_no_lstm__tp17_L5_p0p06,data_ablation_no_module,no_lstm,tp17_L5_p0p06,5.0,0.06,run2,oof_pooled,214,62.616822429906534,61.6822429906542,-0.9345794392523317,-,60.344358241459105,58.757056654157516,-1.5873015873015888,-,60.31415748674011,58.88418964076859,-1.4299678459715182,-,0.41329125049232496,0.39659907627856095,-0.01669217421376401,-,63.29113924050633,63.29113924050633,0.0,67.74193548387096,67.74193548387096,0.0,50.0,45.23809523809524,-4.761904761904759,"[[50, 21, 8], [15, 63, 15], [8, 13, 21]]","[[50, 21, 8], [15, 63, 15], [8, 15, 19]]","[[0, 0, 0], [0, 0, 0], [0, 2, -2]]",-0.002727728093338905,-0.015107408988454913,132,2,0,80,3,597
module_masked__no_lstm__tp17_L5_p0p06,module_ablation_masked,no_lstm,tp17_L5_p0p06,5.0,0.06,run1,fold01,327,78.2874617737003,72.78287461773701,-5.504587155963293,-,74.8761008819829,71.22786261248315,-3.6482382694997426,-,76.53828195669954,71.36397194536728,-5.174310011332253,-,0.6353301896943266,0.5464327603672862,-0.08889742932704048,-,83.5820895522388,76.11940298507463,-7.46268656716417,77.63157894736842,71.71052631578947,-5.921052631578959,63.41463414634146,65.85365853658537,2.439024390243908,"[[112, 20, 2], [30, 118, 4], [5, 10, 26]]","[[102, 30, 2], [32, 109, 11], [4, 10, 27]]","[[-10, 10, 0], [2, -9, 7], [-1, 0, 1]]",-0.07079899793043361,-1.4588093781126066,208,48,30,41,42,8190
module_masked__no_lstm__tp17_L5_p0p06,module_ablation_masked,no_lstm,tp17_L5_p0p06,5.0,0.06,run1,fold02,326,80.3680981595092,73.92638036809815,-6.441717791411051,-,81.42642052893429,73.019114951558,-8.407305577376292,-,80.72259215045526,73.40205014623619,-7.320542004219064,-,0.6735001769777431,0.5636686566618243,-0.1098315203159188,-,78.35820895522389,75.3731343283582,-2.985074626865682,80.92105263157895,73.68421052631578,-7.236842105263165,85.0,70.0,-15.0,"[[105, 27, 2], [22, 123, 7], [2, 4, 34]]","[[101, 30, 3], [33, 112, 7], [5, 7, 28]]","[[-4, 3, 1], [11, -11, 0], [3, 3, -6]]",-0.08708492510682124,-2.358719375281612,207,55,34,30,40,7119
module_masked__no_lstm__tp17_L5_p0p06,module_ablation_masked,no_lstm,tp17_L5_p0p06,5.0,0.06,run1,fold03,326,82.51533742331289,76.07361963190185,-6.441717791411037,-,79.45404556166537,75.87064676616916,-3.5833987954962083,-,81.84003512060843,74.4386547809186,-7.401380339689837,-,0.7039328174018926,0.605842239322644,-0.09809057807924859,-,82.83582089552239,77.61194029850746,-5.223880597014926,85.52631578947368,75.0,-10.526315789473685,70.0,75.0,5.0,"[[111, 21, 2], [22, 130, 0], [4, 8, 28]]","[[104, 23, 7], [28, 114, 10], [3, 7, 30]]","[[-7, 2, 5], [6, -16, 10], [-1, -1, 2]]",-0.06562813695169008,0.6831155012024601,220,49,28,29,54,9595
module_masked__no_lstm__tp17_L5_p0p06,module_ablation_masked,no_lstm,tp17_L5_p0p06,5.0,0.06,run1,oof_pooled,979,80.38815117466804,74.25944841675178,-6.128702757916258,-,78.55965388369158,73.36033512299312,-5.1993187606984606,-,79.76097809168458,73.04863715858338,-6.712340933101203,-,0.6702006213067945,0.5719490049735283,-0.09825161633326618,-,81.59203980099502,76.3681592039801,-5.223880597014926,81.35964912280701,73.46491228070175,-7.89473684210526,72.72727272727273,70.24793388429752,-2.47933884297521,"[[328, 68, 6], [74, 371, 11], [11, 22, 88]]","[[307, 83, 12], [93, 335, 28], [12, 24, 85]]","[[-21, 15, 6], [19, -36, 17], [1, 2, -3]]",-0.07450023549982275,-1.045227302954674,635,152,92,100,136,24904
module_masked__no_lstm__tp17_L5_p0p06,module_ablation_masked,no_lstm,tp17_L5_p0p06,5.0,0.06,run2,fold01,72,69.44444444444444,62.5,-6.944444444444443,-,66.40780565511749,61.381350628662446,-5.026455026455039,-,66.85875706214689,60.816798941798936,-6.041958120347957,-,0.5182264323917611,0.4336200205931348,-0.08460641179862632,-,81.48148148148148,59.25925925925925,-22.22222222222223,67.74193548387096,67.74193548387096,0.0,50.0,57.14285714285714,7.142857142857139,"[[22, 3, 2], [8, 21, 2], [2, 5, 7]]","[[16, 6, 5], [2, 21, 8], [0, 6, 8]]","[[-6, 3, 3], [-6, 0, 6], [-2, 1, 1]]",-0.08286979621258676,-2.014630887359898,39,11,6,16,2,400
module_masked__no_lstm__tp17_L5_p0p06,module_ablation_masked,no_lstm,tp17_L5_p0p06,5.0,0.06,run2,fold02,71,64.7887323943662,54.929577464788736,-9.859154929577471,-,62.944582299421015,51.35885619756587,-11.585726101855144,-,63.51224105461394,52.775840243870945,-10.736400810742992,-,0.44625508538458314,0.2714189397390067,-0.17483614564557642,-,80.76923076923077,53.84615384615385,-26.923076923076927,58.06451612903226,64.51612903225806,6.451612903225801,50.0,35.714285714285715,-14.285714285714285,"[[21, 5, 0], [10, 18, 3], [2, 5, 7]]","[[14, 11, 1], [9, 20, 2], [2, 7, 5]]","[[-7, 6, 1], [-1, 2, -1], [0, 2, -2]]",-0.2427815108208151,-2.241114255322904,29,17,10,15,1,197
module_masked__no_lstm__tp17_L5_p0p06,module_ablation_masked,no_lstm,tp17_L5_p0p06,5.0,0.06,run2,fold03,71,66.19718309859155,67.6056338028169,1.408450704225345,+,59.89601796053409,63.58265390523455,3.6866359447004626,+,60.04855889724311,63.48309568648551,3.434536789242401,+,0.45896608905667236,0.4934358082473687,0.03446971919069636,+,76.92307692307693,76.92307692307693,0.0,74.19354838709677,70.96774193548387,-3.225806451612897,28.57142857142857,42.857142857142854,14.285714285714285,"[[20, 5, 1], [6, 23, 2], [5, 5, 4]]","[[20, 4, 2], [4, 22, 5], [6, 2, 6]]","[[0, -1, 1], [-2, -1, 3], [1, -3, 2]]",-0.06961935991307203,-2.6801207011014645,40,7,8,16,0,0
module_masked__no_lstm__tp17_L5_p0p06,module_ablation_masked,no_lstm,tp17_L5_p0p06,5.0,0.06,run2,oof_pooled,214,66.82242990654206,61.6822429906542,-5.140186915887853,-,63.090214988949164,58.757056654157516,-4.333158334791648,-,63.729378090033826,58.88418964076859,-4.845188449265237,-,0.47420253571448046,0.39659907627856095,-0.07760345943591951,-,79.74683544303798,63.29113924050633,-16.455696202531648,66.66666666666666,67.74193548387096,1.0752688172043037,42.857142857142854,45.23809523809524,2.3809523809523867,"[[63, 13, 3], [24, 62, 7], [9, 15, 18]]","[[50, 21, 8], [15, 63, 15], [8, 15, 19]]","[[-13, 8, 5], [-9, 1, 8], [-1, 0, 1]]",-0.13152844462342164,-2.3105659149347795,108,35,24,47,3,597
data_no_attention__tp17_L5_p0p06,data_ablation_no_module,no_attention,tp17_L5_p0p06,5.0,0.06,run1,fold01,327,81.9571865443425,77.98165137614679,-3.9755351681957194,-,79.91197734051183,77.06110014752937,-2.850877192982452,-,82.01435063589545,76.2963372382235,-5.718013397671953,-,0.6962494375241386,0.6371728933973688,-0.05907654412676977,-,84.32835820895522,84.32835820895522,0.0,82.23684210526315,73.68421052631578,-8.55263157894737,73.17073170731707,73.17073170731707,0.0,"[[113, 19, 2], [27, 125, 0], [2, 9, 30]]","[[113, 19, 2], [28, 112, 12], [2, 9, 30]]","[[0, 0, 0], [1, -13, 12], [0, 0, 0]]",-0.03795513804705154,-0.992917272675247,252,16,3,56,42,8190
data_no_attention__tp17_L5_p0p06,data_ablation_no_module,no_attention,tp17_L5_p0p06,5.0,0.06,run1,fold02,326,81.90184049079755,77.91411042944786,-3.987730061349694,-,79.51165226499084,76.66077507200838,-2.850877192982466,-,80.47822307750707,76.83316924061353,-3.6450538368935383,-,0.6958625448093783,0.6309333093344157,-0.06492923547496254,-,79.8507462686567,79.8507462686567,0.0,86.18421052631578,77.63157894736842,-8.552631578947356,72.5,72.5,0.0,"[[107, 24, 3], [17, 131, 4], [4, 7, 29]]","[[107, 24, 3], [27, 118, 7], [4, 7, 29]]","[[0, 0, 0], [10, -13, 3], [0, 0, 0]]",-0.03574699113454577,-0.6807001125227454,252,15,2,57,40,7119
data_no_attention__tp17_L5_p0p06,data_ablation_no_module,no_attention,tp17_L5_p0p06,5.0,0.06,run1,fold03,326,84.3558282208589,80.3680981595092,-3.987730061349694,-,83.89892642052894,81.04804922754649,-2.850877192982452,-,83.66469909688912,79.96165404517036,-3.7030450517187603,-,0.7390486456524588,0.6765668780797934,-0.062481767572665325,-,84.32835820895522,84.32835820895522,0.0,84.86842105263158,76.31578947368422,-8.552631578947356,82.5,82.5,0.0,"[[113, 20, 1], [16, 129, 7], [4, 3, 33]]","[[113, 20, 1], [26, 116, 10], [4, 3, 33]]","[[0, 0, 0], [10, -13, 3], [0, 0, 0]]",-0.03721014734686733,-0.6875923599453608,259,16,3,48,54,9595
data_no_attention__tp17_L5_p0p06,data_ablation_no_module,no_attention,tp17_L5_p0p06,5.0,0.06,run1,oof_pooled,979,82.73748723186925,78.75383043922369,-3.9836567926455615,-,81.09956776938853,78.24869057640606,-2.850877192982466,-,82.05217929651486,77.70121044169865,-4.350968854816216,-,0.7100686691507885,0.6481029006133413,-0.061965768537447175,-,82.83582089552239,82.83582089552239,0.0,84.4298245614035,75.87719298245614,-8.55263157894737,76.03305785123968,76.03305785123968,0.0,"[[333, 63, 6], [60, 385, 11], [10, 19, 92]]","[[333, 63, 6], [81, 346, 29], [10, 19, 92]]","[[0, 0, 0], [21, -39, 18], [0, 0, 0]]",-0.036971764337412186,-0.7872801779258513,763,47,8,161,136,24904
data_no_attention__tp17_L5_p0p06,data_ablation_no_module,no_attention,tp17_L5_p0p06,5.0,0.06,run2,fold01,72,58.333333333333336,56.94444444444444,-1.3888888888888928,-,55.384877965523124,53.00392558457075,-2.3809523809523725,-,55.707282913165265,53.468867418142786,-2.2384154950224797,-,0.3440986103748549,0.3190262147243699,-0.02507239565048497,-,55.55555555555556,55.55555555555556,0.0,67.74193548387096,67.74193548387096,0.0,42.857142857142854,35.714285714285715,-7.142857142857139,"[[15, 9, 3], [5, 21, 5], [1, 7, 6]]","[[15, 9, 3], [5, 21, 5], [1, 8, 5]]","[[0, 0, 0], [0, 0, 0], [0, 1, -1]]",-0.00739800294245975,-0.12239529999593894,41,1,0,30,2,400
data_no_attention__tp17_L5_p0p06,data_ablation_no_module,no_attention,tp17_L5_p0p06,5.0,0.06,run2,fold02,71,63.38028169014085,61.97183098591549,-1.4084507042253591,-,68.66950254047029,66.2885501595179,-2.380952380952394,-,63.681341719077565,62.13905133203379,-1.5422903870437779,-,0.4690406293950227,0.4419575871920494,-0.027083042202973306,-,61.53846153846154,61.53846153846154,0.0,51.61290322580645,51.61290322580645,0.0,92.85714285714286,85.71428571428571,-7.142857142857153,"[[16, 6, 4], [7, 16, 8], [1, 0, 13]]","[[16, 6, 4], [7, 16, 8], [1, 1, 12]]","[[0, 0, 0], [0, 0, 0], [0, 1, -1]]",-0.0071801920043685,-0.20163496971969871,44,1,0,26,1,197
data_no_attention__tp17_L5_p0p06,data_ablation_no_module,no_attention,tp17_L5_p0p06,5.0,0.06,run2,fold03,71,56.33802816901409,56.33802816901409,0.0,0,51.74878884556304,51.74878884556304,0.0,0,51.7458781609725,51.7458781609725,0.0,0,0.30795014030702567,0.30795014030702567,0.0,0,65.38461538461539,65.38461538461539,0.0,61.29032258064516,61.29032258064516,0.0,28.57142857142857,28.57142857142857,0.0,"[[17, 7, 2], [6, 19, 6], [4, 6, 4]]","[[17, 7, 2], [6, 19, 6], [4, 6, 4]]","[[0, 0, 0], [0, 0, 0], [0, 0, 0]]",0.0,0.0,40,0,0,31,0,0
data_no_attention__tp17_L5_p0p06,data_ablation_no_module,no_attention,tp17_L5_p0p06,5.0,0.06,run2,oof_pooled,214,59.345794392523366,58.41121495327103,-0.9345794392523388,-,58.5788173987439,56.99151581144232,-1.5873015873015817,-,57.96936324972884,56.64835295256145,-1.3210102971673905,-,0.36980374236342506,0.3527958923757269,-0.017007849987698165,-,60.75949367088608,60.75949367088608,0.0,60.215053763440864,60.215053763440864,0.0,54.761904761904766,50.0,-4.761904761904766,"[[48, 22, 9], [18, 56, 19], [6, 13, 23]]","[[48, 22, 9], [18, 56, 19], [6, 15, 21]]","[[0, 0, 0], [0, 0, 0], [0, 2, -2]]",-0.004871260954052642,-0.10807731051311315,125,2,0,87,3,597
module_masked__no_attention__tp17_L5_p0p06,module_ablation_masked,no_attention,tp17_L5_p0p06,5.0,0.06,run1,fold01,327,78.2874617737003,77.98165137614679,-0.3058103975535147,-,74.8761008819829,77.06110014752937,2.1849992655464803,+,76.53828195669954,76.2963372382235,-0.24194471847603438,-,0.6353301896943266,0.6371728933973688,0.0018427037030421811,+,83.5820895522388,84.32835820895522,0.7462686567164241,77.63157894736842,73.68421052631578,-3.9473684210526443,63.41463414634146,73.17073170731707,9.756097560975611,"[[112, 20, 2], [30, 118, 4], [5, 10, 26]]","[[113, 19, 2], [28, 112, 12], [2, 9, 30]]","[[1, -1, 0], [-2, -6, 8], [-3, -1, 4]]",-0.02199815946345065,-0.24961135603646983,221,35,34,37,42,8190
module_masked__no_attention__tp17_L5_p0p06,module_ablation_masked,no_attention,tp17_L5_p0p06,5.0,0.06,run1,fold02,326,80.3680981595092,77.91411042944786,-2.4539877300613426,-,81.42642052893429,76.66077507200838,-4.76564545692591,-,80.72259215045526,76.83316924061353,-3.889422909841727,-,0.6735001769777431,0.6309333093344157,-0.0425668676433274,-,78.35820895522389,79.8507462686567,1.4925373134328197,80.92105263157895,77.63157894736842,-3.2894736842105203,85.0,72.5,-12.5,"[[105, 27, 2], [22, 123, 7], [2, 4, 34]]","[[107, 24, 3], [27, 118, 7], [4, 7, 29]]","[[2, -3, 1], [5, -5, 0], [2, 3, -5]]",-0.030989508107056318,1.3872573918554407,221,41,33,31,40,7119
module_masked__no_attention__tp17_L5_p0p06,module_ablation_masked,no_attention,tp17_L5_p0p06,5.0,0.06,run1,fold03,326,82.51533742331289,80.3680981595092,-2.1472392638036837,-,79.45404556166537,81.04804922754649,1.594003665881118,+,81.84003512060843,79.96165404517036,-1.878381075438071,-,0.7039328174018926,0.6765668780797934,-0.027365939322099186,-,82.83582089552239,84.32835820895522,1.492537313432834,85.52631578947368,76.31578947368422,-9.210526315789465,70.0,82.5,12.5,"[[111, 21, 2], [22, 130, 0], [4, 8, 28]]","[[113, 20, 1], [26, 116, 10], [4, 3, 33]]","[[2, -1, -1], [4, -14, 10], [0, -5, 5]]",-0.03352280351029029,0.4070651893235423,230,39,32,25,54,9595
module_masked__no_attention__tp17_L5_p0p06,module_ablation_masked,no_attention,tp17_L5_p0p06,5.0,0.06,run1,oof_pooled,979,80.38815117466804,78.75383043922369,-1.6343207354443479,-,78.55965388369158,78.24869057640606,-0.3109633072855189,-,79.76097809168458,77.70121044169865,-2.059767649985929,-,0.6702006213067945,0.6481029006133413,-0.02209772069345317,-,81.59203980099502,82.83582089552239,1.243781094527364,81.35964912280701,75.87719298245614,-5.482456140350877,72.72727272727273,76.03305785123968,3.305785123966942,"[[328, 68, 6], [74, 371, 11], [11, 22, 88]]","[[333, 63, 6], [81, 346, 29], [10, 19, 92]]","[[5, -5, 0], [7, -25, 18], [-1, -3, 4]]",-0.02882983833687779,0.5141228274161622,672,115,99,93,136,24904
module_masked__no_attention__tp17_L5_p0p06,module_ablation_masked,no_attention,tp17_L5_p0p06,5.0,0.06,run2,fold01,72,69.44444444444444,56.94444444444444,-12.5,-,66.40780565511749,53.00392558457075,-13.403880070546734,-,66.85875706214689,53.468867418142786,-13.389889644004107,-,0.5182264323917611,0.3190262147243699,-0.1992002176673912,-,81.48148148148148,55.55555555555556,-25.925925925925924,67.74193548387096,67.74193548387096,0.0,50.0,35.714285714285715,-14.285714285714285,"[[22, 3, 2], [8, 21, 2], [2, 5, 7]]","[[15, 9, 3], [5, 21, 5], [1, 8, 5]]","[[-7, 6, 1], [-3, 0, 3], [-1, 3, -2]]",-0.16074715961354968,-2.449447037296421,36,14,5,17,2,400
module_masked__no_attention__tp17_L5_p0p06,module_ablation_masked,no_attention,tp17_L5_p0p06,5.0,0.06,run2,fold02,71,64.7887323943662,61.97183098591549,-2.8169014084507182,-,62.944582299421015,66.2885501595179,3.343967860096882,+,63.51224105461394,62.13905133203379,-1.3731897225801504,-,0.44625508538458314,0.4419575871920494,-0.004297498192533722,-,80.76923076923077,61.53846153846154,-19.230769230769234,58.06451612903226,51.61290322580645,-6.451612903225815,50.0,85.71428571428571,35.71428571428571,"[[21, 5, 0], [10, 18, 3], [2, 5, 7]]","[[16, 6, 4], [7, 16, 8], [1, 1, 12]]","[[-5, 1, 4], [-3, -2, 5], [-1, -4, 5]]",-0.07790900675771262,-1.6262054213758848,32,14,12,13,1,197
module_masked__no_attention__tp17_L5_p0p06,module_ablation_masked,no_attention,tp17_L5_p0p06,5.0,0.06,run2,fold03,71,66.19718309859155,56.33802816901409,-9.859154929577464,-,59.89601796053409,51.74878884556304,-8.147229114971047,-,60.04855889724311,51.7458781609725,-8.30268073627061,-,0.45896608905667236,0.30795014030702567,-0.1510159487496467,-,76.92307692307693,65.38461538461539,-11.538461538461547,74.19354838709677,61.29032258064516,-12.903225806451609,28.57142857142857,28.57142857142857,0.0,"[[20, 5, 1], [6, 23, 2], [5, 5, 4]]","[[17, 7, 2], [6, 19, 6], [4, 6, 4]]","[[-3, 2, 1], [0, -4, 4], [-1, 1, 0]]",-0.18859351448549647,-3.8264942031196307,35,12,5,19,0,0
module_masked__no_attention__tp17_L5_p0p06,module_ablation_masked,no_attention,tp17_L5_p0p06,5.0,0.06,run2,oof_pooled,214,66.82242990654206,58.41121495327103,-8.411214953271028,-,63.090214988949164,56.99151581144232,-6.098699177506845,-,63.729378090033826,56.64835295256145,-7.081025137472373,-,0.47420253571448046,0.3527958923757269,-0.12140664333875356,-,79.74683544303798,60.75949367088608,-18.9873417721519,66.66666666666666,60.215053763440864,-6.451612903225794,42.857142857142854,50.0,7.142857142857146,"[[63, 13, 3], [24, 62, 7], [9, 15, 18]]","[[48, 22, 9], [18, 56, 19], [6, 15, 21]]","[[-15, 9, 6], [-6, -6, 12], [-3, 0, 3]]",-0.1425022172917917,-2.633186261796841,103,40,22,49,3,597
data_full__tp18_L5_p0p07,data_ablation_full,,tp18_L5_p0p07,5.0,0.07,run1,fold01,327,80.73394495412845,78.59327217125383,-2.140672782874617,-,76.63048684689517,75.09539912759693,-1.5350877192982324,-,79.0877721312504,76.76754805139639,-2.3202240798540146,-,0.6743426700043699,0.6402334923601315,-0.034109177644238375,-,83.5820895522388,83.5820895522388,0.0,82.89473684210526,78.28947368421053,-4.605263157894726,63.41463414634146,63.41463414634146,0.0,"[[112, 20, 2], [25, 126, 1], [5, 10, 26]]","[[112, 20, 2], [29, 119, 4], [5, 10, 26]]","[[0, 0, 0], [4, -7, 3], [0, 0, 0]]",-0.020631025273112252,-0.22244446294023357,252,12,5,58,42,8189
data_full__tp18_L5_p0p07,data_ablation_full,,tp18_L5_p0p07,5.0,0.07,run1,fold02,326,81.59509202453987,80.3680981595092,-1.2269938650306642,-,82.30361351139041,81.42642052893429,-0.8771929824561226,-,82.11529042328695,80.72259215045526,-1.3926982728316943,-,0.6929312561648969,0.6735001769777431,-0.01943107918715381,-,78.35820895522389,78.35820895522389,0.0,83.55263157894737,80.92105263157895,-2.631578947368425,85.0,85.0,0.0,"[[105, 27, 2], [20, 127, 5], [2, 4, 34]]","[[105, 27, 2], [22, 123, 7], [2, 4, 34]]","[[0, 0, 0], [2, -4, 2], [0, 0, 0]]",-0.007819174554186839,-0.09128725978951513,260,6,2,58,40,7119
data_full__tp18_L5_p0p07,data_ablation_full,,tp18_L5_p0p07,5.0,0.07,run1,fold03,326,84.04907975460122,82.51533742331289,-1.5337423312883374,-,80.55053678973553,79.45404556166537,-1.096491228070164,-,82.96722819707497,81.84003512060843,-1.1271930764665399,-,0.7301975910800922,0.7039328174018926,-0.02626477367819957,-,82.83582089552239,82.83582089552239,0.0,88.81578947368422,85.52631578947368,-3.2894736842105345,70.0,70.0,0.0,"[[111, 21, 2], [17, 135, 0], [4, 8, 28]]","[[111, 21, 2], [22, 130, 0], [4, 8, 28]]","[[0, 0, 0], [5, -5, 0], [0, 0, 0]]",-0.010863528452770123,-0.11569420737357228,266,8,3,49,54,9592
data_full__tp18_L5_p0p07,data_ablation_full,,tp18_L5_p0p07,5.0,0.07,run1,oof_pooled,979,82.12461695607763,80.4902962206333,-1.6343207354443336,-,79.80234394217112,78.63275329889626,-1.1695906432748586,-,81.47172321467072,79.83717947278593,-1.6345437418847837,-,0.6985628449866854,0.6718838472205623,-0.026678997766123147,-,81.59203980099502,81.59203980099502,0.0,85.08771929824562,81.57894736842105,-3.5087719298245617,72.72727272727273,72.72727272727273,0.0,"[[328, 68, 6], [62, 388, 6], [11, 22, 88]]","[[328, 68, 6], [73, 372, 11], [11, 22, 88]]","[[0, 0, 0], [11, -16, 5], [0, 0, 0]]",-0.013112263988330618,-0.14322298026212754,778,26,10,165,136,24900
data_full__tp18_L5_p0p07,data_ablation_full,,tp18_L5_p0p07,5.0,0.07,run2,fold01,72,69.44444444444444,69.44444444444444,0.0,0,66.40780565511749,66.40780565511749,0.0,0,66.85875706214689,66.85875706214689,0.0,0,0.5182264323917611,0.5182264323917611,0.0,0,81.48148148148148,81.48148148148148,0.0,67.74193548387096,67.74193548387096,0.0,50.0,50.0,0.0,"[[22, 3, 2], [8, 21, 2], [2, 5, 7]]","[[22, 3, 2], [8, 21, 2], [2, 5, 7]]","[[0, 0, 0], [0, 0, 0], [0, 0, 0]]",-1.4065868324700556e-05,-0.014697716467910342,50,0,0,22,2,400
data_full__tp18_L5_p0p07,data_ablation_full,,tp18_L5_p0p07,5.0,0.07,run2,fold02,71,66.19718309859155,64.7887323943662,-1.408450704225345,-,65.3255346803734,62.944582299421015,-2.3809523809523796,-,65.75180206506916,63.51224105461394,-2.239561010455219,-,0.47169889043248636,0.44625508538458314,-0.025443805047903223,-,80.76923076923077,80.76923076923077,0.0,58.06451612903226,58.06451612903226,0.0,57.14285714285714,50.0,-7.142857142857139,"[[21, 5, 0], [10, 18, 3], [2, 4, 8]]","[[21, 5, 0], [10, 18, 3], [2, 5, 7]]","[[0, 0, 0], [0, 0, 0], [0, 1, -1]]",-0.014083685776142427,-0.3897752795420902,46,1,0,24,1,198
data_full__tp18_L5_p0p07,data_ablation_full,,tp18_L5_p0p07,5.0,0.07,run2,fold03,71,66.19718309859155,66.19718309859155,0.0,0,59.89601796053409,59.89601796053409,0.0,0,60.04855889724311,60.04855889724311,0.0,0,0.45896608905667236,0.45896608905667236,0.0,0,76.92307692307693,76.92307692307693,0.0,74.19354838709677,74.19354838709677,0.0,28.57142857142857,28.57142857142857,0.0,"[[20, 5, 1], [6, 23, 2], [5, 5, 4]]","[[20, 5, 1], [6, 23, 2], [5, 5, 4]]","[[0, 0, 0], [0, 0, 0], [0, 0, 0]]",0.0,0.0,47,0,0,24,0,0
data_full__tp18_L5_p0p07,data_ablation_full,,tp18_L5_p0p07,5.0,0.07,run2,oof_pooled,214,67.28971962616822,66.82242990654206,-0.46728971962616583,-,63.883865782599955,63.090214988949164,-0.7936507936507908,-,64.55099829747716,63.729378090033826,-0.8216202074433383,-,0.4824688400261222,0.47420253571448046,-0.00826630431164177,-,79.74683544303798,79.74683544303798,0.0,66.66666666666666,66.66666666666666,0.0,45.23809523809524,42.857142857142854,-2.3809523809523867,"[[63, 13, 3], [24, 62, 7], [9, 14, 19]]","[[63, 13, 3], [24, 62, 7], [9, 15, 18]]","[[0, 0, 0], [0, 0, 0], [0, 1, -1]]",-0.004677357161801358,-0.13426299267840164,143,1,0,70,3,598
data_no_conv__tp18_L5_p0p07,data_ablation_no_module,no_conv,tp18_L5_p0p07,5.0,0.07,run1,fold01,327,79.20489296636084,78.2874617737003,-0.9174311926605441,-,77.82046123681977,77.16256649997763,-0.6578947368421382,-,79.390186562109,77.96143583304156,-1.4287507290674313,-,0.6509524121737486,0.6373183053729209,-0.013634106800827661,-,81.34328358208955,81.34328358208955,0.0,78.94736842105263,76.97368421052632,-1.973684210526315,73.17073170731707,73.17073170731707,0.0,"[[109, 24, 1], [29, 120, 3], [5, 6, 30]]","[[109, 24, 1], [29, 117, 6], [5, 6, 30]]","[[0, 0, 0], [0, -3, 3], [0, 0, 0]]",-0.008416493942991812,0.08851955037005815,249,10,7,61,42,8189
data_no_conv__tp18_L5_p0p07,data_ablation_no_module,no_conv,tp18_L5_p0p07,5.0,0.07,run1,fold02,326,80.06134969325154,79.4478527607362,-0.6134969325153463,-,78.89827179890023,78.45967530767216,-0.43859649122806843,-,78.65140888396702,78.18502974086948,-0.4663791430975408,-,0.667755761900005,0.6578675900715941,-0.009888171828410841,-,82.08955223880598,82.08955223880598,0.0,79.60526315789474,78.28947368421053,-1.3157894736842053,75.0,75.0,0.0,"[[110, 22, 2], [22, 121, 9], [4, 6, 30]]","[[110, 22, 2], [24, 119, 9], [4, 6, 30]]","[[0, 0, 0], [2, -2, 0], [0, 0, 0]]",-0.004518856447248257,0.10356746253448944,254,7,5,60,40,7119
data_no_conv__tp18_L5_p0p07,data_ablation_no_module,no_conv,tp18_L5_p0p07,5.0,0.07,run1,fold03,326,77.60736196319019,75.4601226993865,-2.1472392638036837,-,80.15514532600157,78.62005760670331,-1.5350877192982608,-,76.45264363658288,74.31094540426054,-2.141698232322341,-,0.6403712014169086,0.6100014844366356,-0.03036971698027302,-,80.59701492537313,80.59701492537313,0.0,72.36842105263158,67.76315789473685,-4.605263157894726,87.5,87.5,0.0,"[[108, 18, 8], [28, 110, 14], [0, 5, 35]]","[[108, 18, 8], [32, 103, 17], [0, 5, 35]]","[[0, 0, 0], [4, -7, 3], [0, 0, 0]]",-0.011342364238207999,0.011043595984303883,239,14,7,66,54,9592
data_no_conv__tp18_L5_p0p07,data_ablation_no_module,no_conv,tp18_L5_p0p07,5.0,0.07,run1,oof_pooled,979,78.95812053115424,77.732379979571,-1.2257405515832431,-,78.94312149561026,78.06592851315412,-0.8771929824561369,-,78.0672759638754,76.7405680761429,-1.3267078877324963,-,0.6519762827892167,0.6337447944222632,-0.01823148836695354,-,81.34328358208955,81.34328358208955,0.0,76.97368421052632,74.3421052631579,-2.6315789473684106,78.51239669421489,78.51239669421489,0.0,"[[327, 64, 11], [79, 351, 26], [9, 17, 95]]","[[327, 64, 11], [85, 339, 32], [9, 17, 95]]","[[0, 0, 0], [6, -12, 6], [0, 0, 0]]",-0.008092902413500573,0.06773145868042456,742,31,19,187,136,24900
data_no_conv__tp18_L5_p0p07,data_ablation_no_module,no_conv,tp18_L5_p0p07,5.0,0.07,run2,fold01,72,55.55555555555556,55.55555555555556,0.0,0,57.151391022358766,57.151391022358766,0.0,0,54.93827160493828,54.93827160493828,0.0,0,0.3353881275042346,0.3353881275042346,0.0,0,55.55555555555556,55.55555555555556,0.0,51.61290322580645,51.61290322580645,0.0,64.28571428571429,64.28571428571429,0.0,"[[15, 6, 6], [8, 16, 7], [4, 1, 9]]","[[15, 6, 6], [8, 16, 7], [4, 1, 9]]","[[0, 0, 0], [0, 0, 0], [0, 0, 0]]",-0.0005699073274930319,-0.004588797688484192,40,0,0,32,2,400
data_no_conv__tp18_L5_p0p07,data_ablation_no_module,no_conv,tp18_L5_p0p07,5.0,0.07,run2,fold02,71,56.33802816901409,54.929577464788736,-1.408450704225352,-,60.888573791799594,58.50762141084722,-2.3809523809523725,-,56.23083683234059,54.62407862407862,-1.6067582082619722,-,0.3663549852444777,0.33879570552124,-0.027559279723237684,-,65.38461538461539,65.38461538461539,0.0,38.70967741935484,38.70967741935484,0.0,78.57142857142857,71.42857142857143,-7.142857142857139,"[[17, 6, 3], [9, 12, 10], [3, 0, 11]]","[[17, 6, 3], [9, 12, 10], [3, 1, 10]]","[[0, 0, 0], [0, 0, 0], [0, 1, -1]]",-0.007624814916454571,-0.0632233955490757,39,1,0,31,1,198
data_no_conv__tp18_L5_p0p07,data_ablation_no_module,no_conv,tp18_L5_p0p07,5.0,0.07,run2,fold03,71,54.929577464788736,54.929577464788736,0.0,0,51.50064988774666,51.50064988774666,0.0,0,50.483091787439605,50.483091787439605,0.0,0,0.3108593378795985,0.3108593378795985,0.0,0,80.76923076923077,80.76923076923077,0.0,45.16129032258064,45.16129032258064,0.0,28.57142857142857,28.57142857142857,0.0,"[[21, 4, 1], [13, 14, 4], [8, 2, 4]]","[[21, 4, 1], [13, 14, 4], [8, 2, 4]]","[[0, 0, 0], [0, 0, 0], [0, 0, 0]]",0.0,0.0,39,0,0,32,0,0
data_no_conv__tp18_L5_p0p07,data_ablation_no_module,no_conv,tp18_L5_p0p07,5.0,0.07,run2,oof_pooled,214,55.60747663551402,55.140186915887845,-0.46728971962617294,-,56.4642516867915,55.67060089314071,-0.7936507936507908,-,54.638998759215426,53.999073567827,-0.6399251913884285,-,0.33252990827619394,0.32356049243664614,-0.0089694158395478,-,67.08860759493672,67.08860759493672,0.0,45.16129032258064,45.16129032258064,0.0,57.14285714285714,54.761904761904766,-2.3809523809523725,"[[53, 16, 10], [30, 42, 21], [15, 3, 24]]","[[53, 16, 10], [30, 42, 21], [15, 4, 23]]","[[0, 0, 0], [0, 0, 0], [0, 1, -1]]",-0.0027214728348026766,-0.02251988092315531,118,1,0,95,3,598
module_masked__no_conv__tp18_L5_p0p07,module_ablation_masked,no_conv,tp18_L5_p0p07,5.0,0.07,run1,fold01,327,78.59327217125383,78.2874617737003,-0.3058103975535289,-,75.09539912759693,77.16256649997763,2.0671673723806947,+,76.76754805139639,77.96143583304156,1.1938877816451736,+,0.6402334923601315,0.6373183053729209,-0.002915186987210605,-,83.5820895522388,81.34328358208955,-2.2388059701492438,78.28947368421053,76.97368421052632,-1.3157894736842195,63.41463414634146,73.17073170731707,9.756097560975611,"[[112, 20, 2], [29, 119, 4], [5, 10, 26]]","[[109, 24, 1], [29, 117, 6], [5, 6, 30]]","[[-3, 4, -1], [0, -2, 2], [0, -4, 4]]",-0.0026999480361090695,0.5273398288300643,227,30,29,41,42,8189
module_masked__no_conv__tp18_L5_p0p07,module_ablation_masked,no_conv,tp18_L5_p0p07,5.0,0.07,run1,fold02,326,80.3680981595092,79.4478527607362,-0.9202453987730053,-,81.42642052893429,78.45967530767216,-2.96674522126213,-,80.72259215045526,78.18502974086948,-2.5375624095857745,-,0.6735001769777431,0.6578675900715941,-0.015632586906148993,-,78.35820895522389,82.08955223880598,3.731343283582092,80.92105263157895,78.28947368421053,-2.6315789473684106,85.0,75.0,-10.0,"[[105, 27, 2], [22, 123, 7], [2, 4, 34]]","[[110, 22, 2], [24, 119, 9], [4, 6, 30]]","[[5, -5, 0], [2, -4, 2], [2, 2, -4]]",-0.03276962412690652,-1.216685487597358,224,38,35,29,40,7119
module_masked__no_conv__tp18_L5_p0p07,module_ablation_masked,no_conv,tp18_L5_p0p07,5.0,0.07,run1,fold03,326,82.51533742331289,75.4601226993865,-7.055214723926383,-,79.45404556166537,78.62005760670331,-0.8339879549620548,-,81.84003512060843,74.31094540426054,-7.529089716347897,-,0.7039328174018926,0.6100014844366356,-0.09393133296525702,-,82.83582089552239,80.59701492537313,-2.238805970149258,85.52631578947368,67.76315789473685,-17.763157894736835,70.0,87.5,17.5,"[[111, 21, 2], [22, 130, 0], [4, 8, 28]]","[[108, 18, 8], [32, 103, 17], [0, 5, 35]]","[[-3, -3, 6], [10, -27, 17], [-4, -3, 7]]",-0.09532101728358894,-2.289316572008963,212,57,34,23,54,9592
module_masked__no_conv__tp18_L5_p0p07,module_ablation_masked,no_conv,tp18_L5_p0p07,5.0,0.07,run1,oof_pooled,979,80.4902962206333,77.732379979571,-2.757916241062304,-,78.63275329889626,78.06592851315412,-0.566824785742142,-,79.83717947278593,76.7405680761429,-3.096611396643027,-,0.6718838472205623,0.6337447944222632,-0.0381390527982991,-,81.59203980099502,81.34328358208955,-0.24875621890546995,81.57894736842105,74.3421052631579,-7.23684210526315,72.72727272727273,78.51239669421489,5.785123966942152,"[[328, 68, 6], [73, 372, 11], [11, 22, 88]]","[[327, 64, 11], [85, 339, 32], [9, 17, 95]]","[[-1, -4, 5], [12, -33, 21], [-2, -5, 7]]",-0.043555088976127865,-0.9913345734466085,663,125,98,93,136,24900
module_masked__no_conv__tp18_L5_p0p07,module_ablation_masked,no_conv,tp18_L5_p0p07,5.0,0.07,run2,fold01,72,69.44444444444444,55.55555555555556,-13.888888888888886,-,66.40780565511749,57.151391022358766,-9.25641463275872,-,66.85875706214689,54.93827160493828,-11.920485457208613,-,0.5182264323917611,0.3353881275042346,-0.18283830488752656,-,81.48148148148148,55.55555555555556,-25.925925925925924,67.74193548387096,51.61290322580645,-16.129032258064512,50.0,64.28571428571429,14.285714285714292,"[[22, 3, 2], [8, 21, 2], [2, 5, 7]]","[[15, 6, 6], [8, 16, 7], [4, 1, 9]]","[[-7, 3, 4], [0, -5, 5], [2, -4, 2]]",-0.1594190881685083,-1.9917569275130518,30,20,10,12,2,400
module_masked__no_conv__tp18_L5_p0p07,module_ablation_masked,no_conv,tp18_L5_p0p07,5.0,0.07,run2,fold02,71,64.7887323943662,54.929577464788736,-9.859154929577471,-,62.944582299421015,58.50762141084722,-4.436960888573793,-,63.51224105461394,54.62407862407862,-8.888162430535317,-,0.44625508538458314,0.33879570552124,-0.10745937986334314,-,80.76923076923077,65.38461538461539,-15.384615384615387,58.06451612903226,38.70967741935484,-19.354838709677423,50.0,71.42857142857143,21.42857142857143,"[[21, 5, 0], [10, 18, 3], [2, 5, 7]]","[[17, 6, 3], [9, 12, 10], [3, 1, 10]]","[[-4, 1, 3], [-1, -6, 7], [1, -4, 3]]",-0.16225268907721008,-2.098167673041913,30,16,9,16,1,198
module_masked__no_conv__tp18_L5_p0p07,module_ablation_masked,no_conv,tp18_L5_p0p07,5.0,0.07,run2,fold03,71,66.19718309859155,54.929577464788736,-11.267605633802816,-,59.89601796053409,51.50064988774666,-8.395368072787427,-,60.04855889724311,50.483091787439605,-9.565467109803507,-,0.45896608905667236,0.3108593378795985,-0.14810675117707384,-,76.92307692307693,80.76923076923077,3.8461538461538396,74.19354838709677,45.16129032258064,-29.032258064516128,28.57142857142857,28.57142857142857,0.0,"[[20, 5, 1], [6, 23, 2], [5, 5, 4]]","[[21, 4, 1], [13, 14, 4], [8, 2, 4]]","[[1, -1, 0], [7, -9, 2], [3, -3, 0]]",-0.21893926014955578,-2.944153240714616,34,13,5,19,0,0
module_masked__no_conv__tp18_L5_p0p07,module_ablation_masked,no_conv,tp18_L5_p0p07,5.0,0.07,run2,oof_pooled,214,66.82242990654206,55.140186915887845,-11.68224299065421,-,63.090214988949164,55.67060089314071,-7.4196140958084555,-,63.729378090033826,53.999073567827,-9.73030452220683,-,0.47420253571448046,0.32356049243664614,-0.15064204327783431,-,79.74683544303798,67.08860759493672,-12.658227848101262,66.66666666666666,45.16129032258064,-21.505376344086017,42.857142857142854,54.761904761904766,11.904761904761912,"[[63, 13, 3], [24, 62, 7], [9, 15, 18]]","[[53, 16, 10], [30, 42, 21], [15, 4, 23]]","[[-10, 3, 7], [6, -20, 14], [6, -11, 5]]",-0.18010655487492044,-2.343043381577819,94,49,24,47,3,598
data_no_lstm__tp18_L5_p0p07,data_ablation_no_module,no_lstm,tp18_L5_p0p07,5.0,0.07,run1,fold01,327,75.22935779816514,72.47706422018348,-2.7522935779816606,-,72.98224857739544,71.00856436686912,-1.973684210526315,-,74.65929369343549,71.13064713064713,-3.528646562788353,-,0.5824277209957041,0.5415303751750715,-0.040897345820632536,-,76.11940298507463,76.11940298507463,0.0,76.97368421052632,71.05263157894737,-5.921052631578945,65.85365853658537,65.85365853658537,0.0,"[[102, 30, 2], [31, 117, 4], [4, 10, 27]]","[[102, 30, 2], [33, 108, 11], [4, 10, 27]]","[[0, 0, 0], [2, -9, 7], [0, 0, 0]]",-0.019467034467526324,-0.22428642530905635,231,15,6,75,42,8189
data_no_lstm__tp18_L5_p0p07,data_ablation_no_module,no_lstm,tp18_L5_p0p07,5.0,0.07,run1,fold02,326,74.23312883435584,73.61963190184049,-0.6134969325153463,-,73.23841319717204,72.79981670594395,-0.43859649122808264,-,73.4197528076379,73.1724998440327,-0.24725296360520588,-,0.5692124265740279,0.5587359980512939,-0.010476428522734005,-,75.3731343283582,75.3731343283582,0.0,74.3421052631579,73.02631578947368,-1.3157894736842195,70.0,70.0,0.0,"[[101, 30, 3], [31, 113, 8], [5, 7, 28]]","[[101, 30, 3], [34, 111, 7], [5, 7, 28]]","[[0, 0, 0], [3, -2, -1], [0, 0, 0]]",-0.007940334370291034,-0.05042646729324493,237,5,3,81,40,7119
data_no_lstm__tp18_L5_p0p07,data_ablation_no_module,no_lstm,tp18_L5_p0p07,5.0,0.07,run1,fold03,326,77.91411042944786,76.38036809815951,-1.5337423312883516,-,77.18643623985336,76.08994501178317,-1.0964912280701924,-,76.36475294195755,74.67284499365473,-1.6919079483028128,-,0.6335414855138196,0.6107218781509064,-0.02281960736291322,-,77.61194029850746,77.61194029850746,0.0,78.94736842105263,75.6578947368421,-3.2894736842105345,75.0,75.0,0.0,"[[104, 23, 7], [25, 120, 7], [3, 7, 30]]","[[104, 23, 7], [27, 115, 10], [3, 7, 30]]","[[0, 0, 0], [2, -5, 3], [0, 0, 0]]",-0.0171936418166449,-0.5504724884611423,245,9,4,68,54,9592
data_no_lstm__tp18_L5_p0p07,data_ablation_no_module,no_lstm,tp18_L5_p0p07,5.0,0.07,run1,oof_pooled,979,75.79162410623084,74.15730337078652,-1.6343207354443194,-,74.4568263510633,73.28723570778844,-1.1695906432748586,-,74.79679148332708,72.97119048298222,-1.8256010003448608,-,0.5949564188779985,0.570314422256385,-0.024641996621613593,-,76.3681592039801,76.3681592039801,0.0,76.75438596491229,73.24561403508771,-3.508771929824576,70.24793388429752,70.24793388429752,0.0,"[[307, 83, 12], [87, 350, 19], [12, 24, 85]]","[[307, 83, 12], [94, 334, 28], [12, 24, 85]]","[[0, 0, 0], [7, -16, 9], [0, 0, 0]]",-0.014871702255181028,-0.275009929164445,713,29,13,224,136,24900
data_no_lstm__tp18_L5_p0p07,data_ablation_no_module,no_lstm,tp18_L5_p0p07,5.0,0.07,run2,fold01,72,63.888888888888886,62.5,-1.3888888888888857,-,63.762303009614826,61.381350628662446,-2.3809523809523796,-,62.59259259259259,60.816798941798936,-1.775793650793652,-,0.45896250049990833,0.4336200205931348,-0.02534247990677352,-,59.25925925925925,59.25925925925925,0.0,67.74193548387096,67.74193548387096,0.0,64.28571428571429,57.14285714285714,-7.142857142857153,"[[16, 6, 5], [2, 21, 8], [0, 5, 9]]","[[16, 6, 5], [2, 21, 8], [0, 6, 8]]","[[0, 0, 0], [0, 0, 0], [0, 1, -1]]",-0.004998180808292497,-0.021705596824176616,45,1,0,26,2,400
data_no_lstm__tp18_L5_p0p07,data_ablation_no_module,no_lstm,tp18_L5_p0p07,5.0,0.07,run2,fold02,71,56.33802816901409,54.929577464788736,-1.408450704225352,-,53.73980857851826,51.35885619756587,-2.3809523809523867,-,55.29980107985223,52.775840243870945,-2.523960835981285,-,0.2972806093565435,0.2714189397390067,-0.025861669617536776,-,53.84615384615385,53.84615384615385,0.0,64.51612903225806,64.51612903225806,0.0,42.857142857142854,35.714285714285715,-7.142857142857139,"[[14, 11, 1], [9, 20, 2], [2, 6, 6]]","[[14, 11, 1], [9, 20, 2], [2, 7, 5]]","[[0, 0, 0], [0, 0, 0], [0, 1, -1]]",-0.0030932802129799222,-0.023203725913460826,39,1,0,31,1,198
data_no_lstm__tp18_L5_p0p07,data_ablation_no_module,no_lstm,tp18_L5_p0p07,5.0,0.07,run2,fold03,71,67.6056338028169,67.6056338028169,0.0,0,63.58265390523455,63.58265390523455,0.0,0,63.48309568648551,63.48309568648551,0.0,0,0.4934358082473687,0.4934358082473687,0.0,0,76.92307692307693,76.92307692307693,0.0,70.96774193548387,70.96774193548387,0.0,42.857142857142854,42.857142857142854,0.0,"[[20, 4, 2], [4, 22, 5], [6, 2, 6]]","[[20, 4, 2], [4, 22, 5], [6, 2, 6]]","[[0, 0, 0], [0, 0, 0], [0, 0, 0]]",0.0,0.0,48,0,0,23,0,0
data_no_lstm__tp18_L5_p0p07,data_ablation_no_module,no_lstm,tp18_L5_p0p07,5.0,0.07,run2,oof_pooled,214,62.616822429906534,61.6822429906542,-0.9345794392523317,-,60.344358241459105,58.757056654157516,-1.5873015873015888,-,60.31415748674011,58.88418964076859,-1.4299678459715182,-,0.41329125049232496,0.39659907627856095,-0.01669217421376401,-,63.29113924050633,63.29113924050633,0.0,67.74193548387096,67.74193548387096,0.0,50.0,45.23809523809524,-4.761904761904759,"[[50, 21, 8], [15, 63, 15], [8, 13, 21]]","[[50, 21, 8], [15, 63, 15], [8, 15, 19]]","[[0, 0, 0], [0, 0, 0], [0, 2, -2]]",-0.0027079061370029636,-0.01500125005231979,132,2,0,80,3,598
module_masked__no_lstm__tp18_L5_p0p07,module_ablation_masked,no_lstm,tp18_L5_p0p07,5.0,0.07,run1,fold01,327,78.59327217125383,72.47706422018348,-6.116207951070351,-,75.09539912759693,71.00856436686912,-4.086834760727811,-,76.76754805139639,71.13064713064713,-5.636900920749255,-,0.6402334923601315,0.5415303751750715,-0.09870311718505997,-,83.5820895522388,76.11940298507463,-7.46268656716417,78.28947368421053,71.05263157894737,-7.236842105263165,63.41463414634146,65.85365853658537,2.439024390243908,"[[112, 20, 2], [29, 119, 4], [5, 10, 26]]","[[102, 30, 2], [33, 108, 11], [4, 10, 27]]","[[-10, 10, 0], [4, -11, 7], [-1, 0, 1]]",-0.07432868040600281,-1.486952893361905,209,48,28,42,42,8189
module_masked__no_lstm__tp18_L5_p0p07,module_ablation_masked,no_lstm,tp18_L5_p0p07,5.0,0.07,run1,fold02,326,80.3680981595092,73.61963190184049,-6.74846625766871,-,81.42642052893429,72.79981670594395,-8.626603822990333,-,80.72259215045526,73.1724998440327,-7.550092306422556,-,0.6735001769777431,0.5587359980512939,-0.11476417892644919,-,78.35820895522389,75.3731343283582,-2.985074626865682,80.92105263157895,73.02631578947368,-7.89473684210526,85.0,70.0,-15.0,"[[105, 27, 2], [22, 123, 7], [2, 4, 34]]","[[101, 30, 3], [34, 111, 7], [5, 7, 28]]","[[-4, 3, 1], [12, -12, 0], [3, 3, -6]]",-0.08988450950827521,-2.355291804195913,206,56,34,30,40,7119
module_masked__no_lstm__tp18_L5_p0p07,module_ablation_masked,no_lstm,tp18_L5_p0p07,5.0,0.07,run1,fold03,326,82.51533742331289,76.38036809815951,-6.134969325153378,-,79.45404556166537,76.08994501178317,-3.3641005498821954,-,81.84003512060843,74.67284499365473,-7.167190126953699,-,0.7039328174018926,0.6107218781509064,-0.09321093925098622,-,82.83582089552239,77.61194029850746,-5.223880597014926,85.52631578947368,75.6578947368421,-9.86842105263159,70.0,75.0,5.0,"[[111, 21, 2], [22, 130, 0], [4, 8, 28]]","[[104, 23, 7], [27, 115, 10], [3, 7, 30]]","[[-7, 2, 5], [5, -15, 10], [-1, -1, 2]]",-0.06481485650123764,0.6458875965555569,221,48,28,29,54,9592
module_masked__no_lstm__tp18_L5_p0p07,module_ablation_masked,no_lstm,tp18_L5_p0p07,5.0,0.07,run1,oof_pooled,979,80.4902962206333,74.15730337078652,-6.332992849846775,-,78.63275329889626,73.28723570778844,-5.345517591107821,-,79.83717947278593,72.97119048298222,-6.865988989803711,-,0.6718838472205623,0.570314422256385,-0.10156942496417731,-,81.59203980099502,76.3681592039801,-5.223880597014926,81.57894736842105,73.24561403508771,-8.333333333333343,72.72727272727273,70.24793388429752,-2.47933884297521,"[[328, 68, 6], [73, 372, 11], [11, 22, 88]]","[[307, 83, 12], [94, 334, 28], [12, 24, 85]]","[[-21, 15, 6], [21, -38, 17], [1, 2, -3]]",-0.07634062493550982,-1.065882908907149,636,152,90,101,136,24900
module_masked__no_lstm__tp18_L5_p0p07,module_ablation_masked,no_lstm,tp18_L5_p0p07,5.0,0.07,run2,fold01,72,69.44444444444444,62.5,-6.944444444444443,-,66.40780565511749,61.381350628662446,-5.026455026455039,-,66.85875706214689,60.816798941798936,-6.041958120347957,-,0.5182264323917611,0.4336200205931348,-0.08460641179862632,-,81.48148148148148,59.25925925925925,-22.22222222222223,67.74193548387096,67.74193548387096,0.0,50.0,57.14285714285714,7.142857142857139,"[[22, 3, 2], [8, 21, 2], [2, 5, 7]]","[[16, 6, 5], [2, 21, 8], [0, 6, 8]]","[[-6, 3, 3], [-6, 0, 6], [-2, 1, 1]]",-0.08280019164688686,-2.007475273593122,39,11,6,16,2,400
module_masked__no_lstm__tp18_L5_p0p07,module_ablation_masked,no_lstm,tp18_L5_p0p07,5.0,0.07,run2,fold02,71,64.7887323943662,54.929577464788736,-9.859154929577471,-,62.944582299421015,51.35885619756587,-11.585726101855144,-,63.51224105461394,52.775840243870945,-10.736400810742992,-,0.44625508538458314,0.2714189397390067,-0.17483614564557642,-,80.76923076923077,53.84615384615385,-26.923076923076927,58.06451612903226,64.51612903225806,6.451612903225801,50.0,35.714285714285715,-14.285714285714285,"[[21, 5, 0], [10, 18, 3], [2, 5, 7]]","[[14, 11, 1], [9, 20, 2], [2, 7, 5]]","[[-7, 6, 1], [-1, 2, -1], [0, 2, -2]]",-0.24278253522291493,-2.2411060957828353,29,17,10,15,1,198
module_masked__no_lstm__tp18_L5_p0p07,module_ablation_masked,no_lstm,tp18_L5_p0p07,5.0,0.07,run2,fold03,71,66.19718309859155,67.6056338028169,1.408450704225345,+,59.89601796053409,63.58265390523455,3.6866359447004626,+,60.04855889724311,63.48309568648551,3.434536789242401,+,0.45896608905667236,0.4934358082473687,0.03446971919069636,+,76.92307692307693,76.92307692307693,0.0,74.19354838709677,70.96774193548387,-3.225806451612897,28.57142857142857,42.857142857142854,14.285714285714285,"[[20, 5, 1], [6, 23, 2], [5, 5, 4]]","[[20, 4, 2], [4, 22, 5], [6, 2, 6]]","[[0, -1, 1], [-2, -1, 3], [1, -3, 2]]",-0.06961935991307203,-2.6801207011014645,40,7,8,16,0,0
module_masked__no_lstm__tp18_L5_p0p07,module_ablation_masked,no_lstm,tp18_L5_p0p07,5.0,0.07,run2,oof_pooled,214,66.82242990654206,61.6822429906542,-5.140186915887853,-,63.090214988949164,58.757056654157516,-4.333158334791648,-,63.729378090033826,58.88418964076859,-4.845188449265237,-,0.47420253571448046,0.39659907627856095,-0.07760345943591951,-,79.74683544303798,63.29113924050633,-16.455696202531648,66.66666666666666,67.74193548387096,1.0752688172043037,42.857142857142854,45.23809523809524,2.3809523809523867,"[[63, 13, 3], [24, 62, 7], [9, 15, 18]]","[[50, 21, 8], [15, 63, 15], [8, 15, 19]]","[[-13, 8, 5], [-9, 1, 8], [-1, 0, 1]]",-0.13150536613659314,-2.308155711577056,108,35,24,47,3,598
data_no_attention__tp18_L5_p0p07,data_ablation_no_module,no_attention,tp18_L5_p0p07,5.0,0.07,run1,fold01,327,81.9571865443425,77.98165137614679,-3.9755351681957194,-,79.91197734051183,77.06110014752937,-2.850877192982452,-,82.01435063589545,76.2963372382235,-5.718013397671953,-,0.6962494375241386,0.6371728933973688,-0.05907654412676977,-,84.32835820895522,84.32835820895522,0.0,82.23684210526315,73.68421052631578,-8.55263157894737,73.17073170731707,73.17073170731707,0.0,"[[113, 19, 2], [27, 125, 0], [2, 9, 30]]","[[113, 19, 2], [28, 112, 12], [2, 9, 30]]","[[0, 0, 0], [1, -13, 12], [0, 0, 0]]",-0.038005941722928704,-0.9695884765094482,252,16,3,56,42,8189
data_no_attention__tp18_L5_p0p07,data_ablation_no_module,no_attention,tp18_L5_p0p07,5.0,0.07,run1,fold02,326,81.90184049079755,77.91411042944786,-3.987730061349694,-,79.51165226499084,76.66077507200838,-2.850877192982466,-,80.47822307750707,76.83316924061353,-3.6450538368935383,-,0.6958625448093783,0.6309333093344157,-0.06492923547496254,-,79.8507462686567,79.8507462686567,0.0,86.18421052631578,77.63157894736842,-8.552631578947356,72.5,72.5,0.0,"[[107, 24, 3], [17, 131, 4], [4, 7, 29]]","[[107, 24, 3], [27, 118, 7], [4, 7, 29]]","[[0, 0, 0], [10, -13, 3], [0, 0, 0]]",-0.03581978016140824,-0.6888210974130894,252,15,2,57,40,7119
data_no_attention__tp18_L5_p0p07,data_ablation_no_module,no_attention,tp18_L5_p0p07,5.0,0.07,run1,fold03,326,84.3558282208589,79.75460122699386,-4.6012269938650405,-,83.89892642052894,80.60945273631842,-3.2894736842105203,-,83.66469909688912,79.48924878827769,-4.175450308611431,-,0.7390486456524588,0.6670795627375876,-0.07196908291487114,-,84.32835820895522,84.32835820895522,0.0,84.86842105263158,75.0,-9.868421052631575,82.5,82.5,0.0,"[[113, 20, 1], [16, 129, 7], [4, 3, 33]]","[[113, 20, 1], [28, 114, 10], [4, 3, 33]]","[[0, 0, 0], [12, -15, 3], [0, 0, 0]]",-0.040854165435862747,-0.7362536820068818,257,18,3,48,54,9592
data_no_attention__tp18_L5_p0p07,data_ablation_no_module,no_attention,tp18_L5_p0p07,5.0,0.07,run1,oof_pooled,979,82.73748723186925,78.54954034729316,-4.1879468845760925,-,81.09956776938853,78.1024917459967,-2.997076023391827,-,82.05217929651486,77.54428871439491,-4.5078905821199555,-,0.7100686691507885,0.6448910993464233,-0.06517756980436518,-,82.83582089552239,82.83582089552239,0.0,84.4298245614035,75.43859649122807,-8.991228070175438,76.03305785123968,76.03305785123968,0.0,"[[333, 63, 6], [60, 385, 11], [10, 19, 92]]","[[333, 63, 6], [83, 344, 29], [10, 19, 92]]","[[0, 0, 0], [23, -41, 18], [0, 0, 0]]",-0.038226403685503604,-0.7983961286103168,761,49,8,161,136,24900
data_no_attention__tp18_L5_p0p07,data_ablation_no_module,no_attention,tp18_L5_p0p07,5.0,0.07,run2,fold01,72,58.333333333333336,56.94444444444444,-1.3888888888888928,-,55.384877965523124,53.00392558457075,-2.3809523809523725,-,55.707282913165265,53.468867418142786,-2.2384154950224797,-,0.3440986103748549,0.3190262147243699,-0.02507239565048497,-,55.55555555555556,55.55555555555556,0.0,67.74193548387096,67.74193548387096,0.0,42.857142857142854,35.714285714285715,-7.142857142857139,"[[15, 9, 3], [5, 21, 5], [1, 7, 6]]","[[15, 9, 3], [5, 21, 5], [1, 8, 5]]","[[0, 0, 0], [0, 0, 0], [0, 1, -1]]",-0.007390297730226951,-0.12370607898467118,41,1,0,30,2,400
data_no_attention__tp18_L5_p0p07,data_ablation_no_module,no_attention,tp18_L5_p0p07,5.0,0.07,run2,fold02,71,63.38028169014085,61.97183098591549,-1.4084507042253591,-,68.66950254047029,66.2885501595179,-2.380952380952394,-,63.681341719077565,62.13905133203379,-1.5422903870437779,-,0.4690406293950227,0.4419575871920494,-0.027083042202973306,-,61.53846153846154,61.53846153846154,0.0,51.61290322580645,51.61290322580645,0.0,92.85714285714286,85.71428571428571,-7.142857142857153,"[[16, 6, 4], [7, 16, 8], [1, 0, 13]]","[[16, 6, 4], [7, 16, 8], [1, 1, 12]]","[[0, 0, 0], [0, 0, 0], [0, 1, -1]]",-0.007180192948624954,-0.20272411280114885,44,1,0,26,1,198
data_no_attention__tp18_L5_p0p07,data_ablation_no_module,no_attention,tp18_L5_p0p07,5.0,0.07,run2,fold03,71,56.33802816901409,56.33802816901409,0.0,0,51.74878884556304,51.74878884556304,0.0,0,51.7458781609725,51.7458781609725,0.0,0,0.30795014030702567,0.30795014030702567,0.0,0,65.38461538461539,65.38461538461539,0.0,61.29032258064516,61.29032258064516,0.0,28.57142857142857,28.57142857142857,0.0,"[[17, 7, 2], [6, 19, 6], [4, 6, 4]]","[[17, 7, 2], [6, 19, 6], [4, 6, 4]]","[[0, 0, 0], [0, 0, 0], [0, 0, 0]]",0.0,0.0,40,0,0,31,0,0
data_no_attention__tp18_L5_p0p07,data_ablation_no_module,no_attention,tp18_L5_p0p07,5.0,0.07,run2,oof_pooled,214,59.345794392523366,58.41121495327103,-0.9345794392523388,-,58.5788173987439,56.99151581144232,-1.5873015873015817,-,57.96936324972884,56.64835295256145,-1.3210102971673905,-,0.36980374236342506,0.3527958923757269,-0.017007849987698165,-,60.75949367088608,60.75949367088608,0.0,60.215053763440864,60.215053763440864,0.0,54.761904761904766,50.0,-4.761904761904766,"[[48, 22, 9], [18, 56, 19], [6, 13, 23]]","[[48, 22, 9], [18, 56, 19], [6, 15, 21]]","[[0, 0, 0], [0, 0, 0], [0, 2, -2]]",-0.004868668859479963,-0.10887967147559763,125,2,0,87,3,598
module_masked__no_attention__tp18_L5_p0p07,module_ablation_masked,no_attention,tp18_L5_p0p07,5.0,0.07,run1,fold01,327,78.59327217125383,77.98165137614679,-0.6116207951070436,-,75.09539912759693,77.06110014752937,1.965701019932439,+,76.76754805139639,76.2963372382235,-0.47121081317288827,-,0.6402334923601315,0.6371728933973688,-0.003060598962762673,-,83.5820895522388,84.32835820895522,0.7462686567164241,78.28947368421053,73.68421052631578,-4.605263157894754,63.41463414634146,73.17073170731707,9.756097560975611,"[[112, 20, 2], [29, 119, 4], [5, 10, 26]]","[[113, 19, 2], [28, 112, 12], [2, 9, 30]]","[[1, -1, 0], [-1, -7, 8], [-3, -1, 4]]",-0.023735413441928806,-0.22901588118996824,221,36,34,36,42,8189
module_masked__no_attention__tp18_L5_p0p07,module_ablation_masked,no_attention,tp18_L5_p0p07,5.0,0.07,run1,fold02,326,80.3680981595092,77.91411042944786,-2.4539877300613426,-,81.42642052893429,76.66077507200838,-4.76564545692591,-,80.72259215045526,76.83316924061353,-3.889422909841727,-,0.6735001769777431,0.6309333093344157,-0.0425668676433274,-,78.35820895522389,79.8507462686567,1.4925373134328197,80.92105263157895,77.63157894736842,-3.2894736842105203,85.0,72.5,-12.5,"[[105, 27, 2], [22, 123, 7], [2, 4, 34]]","[[107, 24, 3], [27, 118, 7], [4, 7, 29]]","[[2, -3, 1], [5, -5, 0], [2, 3, -5]]",-0.03076105471491092,1.3801211756625515,221,41,33,31,40,7119
module_masked__no_attention__tp18_L5_p0p07,module_ablation_masked,no_attention,tp18_L5_p0p07,5.0,0.07,run1,fold03,326,82.51533742331289,79.75460122699386,-2.76073619631903,-,79.45404556166537,80.60945273631842,1.1554071746530497,+,81.84003512060843,79.48924878827769,-2.350786332330742,-,0.7039328174018926,0.6670795627375876,-0.036853254664305,-,82.83582089552239,84.32835820895522,1.492537313432834,85.52631578947368,75.0,-10.526315789473685,70.0,82.5,12.5,"[[111, 21, 2], [22, 130, 0], [4, 8, 28]]","[[113, 20, 1], [28, 114, 10], [4, 3, 33]]","[[2, -1, -1], [6, -16, 10], [0, -5, 5]]",-0.03819243519679159,0.3437420738592424,229,40,31,26,54,9592
module_masked__no_attention__tp18_L5_p0p07,module_ablation_masked,no_attention,tp18_L5_p0p07,5.0,0.07,run1,oof_pooled,979,80.4902962206333,78.54954034729316,-1.9407558733401373,-,78.63275329889626,78.1024917459967,-0.5302615528995602,-,79.83717947278593,77.54428871439491,-2.2928907583910245,-,0.6718838472205623,0.6448910993464233,-0.026992747874138967,-,81.59203980099502,82.83582089552239,1.243781094527364,81.57894736842105,75.43859649122807,-6.1403508771929864,72.72727272727273,76.03305785123968,3.305785123966942,"[[328, 68, 6], [73, 372, 11], [11, 22, 88]]","[[333, 63, 6], [83, 344, 29], [10, 19, 92]]","[[5, -5, 0], [10, -28, 18], [-1, -3, 4]]",-0.03088898662586899,0.4975395568896682,671,117,98,93,136,24900
module_masked__no_attention__tp18_L5_p0p07,module_ablation_masked,no_attention,tp18_L5_p0p07,5.0,0.07,run2,fold01,72,69.44444444444444,56.94444444444444,-12.5,-,66.40780565511749,53.00392558457075,-13.403880070546734,-,66.85875706214689,53.468867418142786,-13.389889644004107,-,0.5182264323917611,0.3190262147243699,-0.1992002176673912,-,81.48148148148148,55.55555555555556,-25.925925925925924,67.74193548387096,67.74193548387096,0.0,50.0,35.714285714285715,-14.285714285714285,"[[22, 3, 2], [8, 21, 2], [2, 5, 7]]","[[15, 9, 3], [5, 21, 5], [1, 8, 5]]","[[-7, 6, 1], [-3, 0, 3], [-1, 3, -2]]",-0.1607297752692792,-2.4439253668986365,36,14,5,17,2,400
module_masked__no_attention__tp18_L5_p0p07,module_ablation_masked,no_attention,tp18_L5_p0p07,5.0,0.07,run2,fold02,71,64.7887323943662,61.97183098591549,-2.8169014084507182,-,62.944582299421015,66.2885501595179,3.343967860096882,+,63.51224105461394,62.13905133203379,-1.3731897225801504,-,0.44625508538458314,0.4419575871920494,-0.004297498192533722,-,80.76923076923077,61.53846153846154,-19.230769230769234,58.06451612903226,51.61290322580645,-6.451612903225815,50.0,85.71428571428571,35.71428571428571,"[[21, 5, 0], [10, 18, 3], [2, 5, 7]]","[[16, 6, 4], [7, 16, 8], [1, 1, 12]]","[[-5, 1, 4], [-3, -2, 5], [-1, -4, 5]]",-0.07790900770170575,-1.6272786609307062,32,14,12,13,1,198
module_masked__no_attention__tp18_L5_p0p07,module_ablation_masked,no_attention,tp18_L5_p0p07,5.0,0.07,run2,fold03,71,66.19718309859155,56.33802816901409,-9.859154929577464,-,59.89601796053409,51.74878884556304,-8.147229114971047,-,60.04855889724311,51.7458781609725,-8.30268073627061,-,0.45896608905667236,0.30795014030702567,-0.1510159487496467,-,76.92307692307693,65.38461538461539,-11.538461538461547,74.19354838709677,61.29032258064516,-12.903225806451609,28.57142857142857,28.57142857142857,0.0,"[[20, 5, 1], [6, 23, 2], [5, 5, 4]]","[[17, 7, 2], [6, 19, 6], [4, 6, 4]]","[[-3, 2, 1], [0, -4, 4], [-1, 1, 0]]",-0.18859351448549647,-3.8264942031196307,35,12,5,19,0,0
module_masked__no_attention__tp18_L5_p0p07,module_ablation_masked,no_attention,tp18_L5_p0p07,5.0,0.07,run2,oof_pooled,214,66.82242990654206,58.41121495327103,-8.411214953271028,-,63.090214988949164,56.99151581144232,-6.098699177506845,-,63.729378090033826,56.64835295256145,-7.081025137472373,-,0.47420253571448046,0.3527958923757269,-0.12140664333875356,-,79.74683544303798,60.75949367088608,-18.9873417721519,66.66666666666666,60.215053763440864,-6.451612903225794,42.857142857142854,50.0,7.142857142857146,"[[63, 13, 3], [24, 62, 7], [9, 15, 18]]","[[48, 22, 9], [18, 56, 19], [6, 15, 21]]","[[-15, 9, 6], [-6, -6, 12], [-3, 0, 3]]",-0.14249636866672644,-2.631684578337737,103,40,22,49,3,598
data_full__tp19_L5_p0p08,data_ablation_full,,tp19_L5_p0p08,5.0,0.08,run1,fold01,327,80.73394495412845,78.59327217125383,-2.140672782874617,-,76.63048684689517,75.09539912759693,-1.5350877192982324,-,79.0877721312504,76.76754805139639,-2.3202240798540146,-,0.6743426700043699,0.6402334923601315,-0.034109177644238375,-,83.5820895522388,83.5820895522388,0.0,82.89473684210526,78.28947368421053,-4.605263157894726,63.41463414634146,63.41463414634146,0.0,"[[112, 20, 2], [25, 126, 1], [5, 10, 26]]","[[112, 20, 2], [29, 119, 4], [5, 10, 26]]","[[0, 0, 0], [4, -7, 3], [0, 0, 0]]",-0.019793104524063437,-0.22358163029228875,252,12,5,58,42,8188
data_full__tp19_L5_p0p08,data_ablation_full,,tp19_L5_p0p08,5.0,0.08,run1,fold02,326,81.59509202453987,80.3680981595092,-1.2269938650306642,-,82.30361351139041,81.42642052893429,-0.8771929824561226,-,82.11529042328695,80.72259215045526,-1.3926982728316943,-,0.6929312561648969,0.6735001769777431,-0.01943107918715381,-,78.35820895522389,78.35820895522389,0.0,83.55263157894737,80.92105263157895,-2.631578947368425,85.0,85.0,0.0,"[[105, 27, 2], [20, 127, 5], [2, 4, 34]]","[[105, 27, 2], [22, 123, 7], [2, 4, 34]]","[[0, 0, 0], [2, -4, 2], [0, 0, 0]]",-0.008190998551239363,-0.10270478898670776,260,6,2,58,40,7119
data_full__tp19_L5_p0p08,data_ablation_full,,tp19_L5_p0p08,5.0,0.08,run1,fold03,326,84.04907975460122,83.12883435582822,-0.9202453987730053,-,80.55053678973553,79.89264205289342,-0.6578947368421098,-,82.96722819707497,82.29097632140497,-0.6762518756700047,-,0.7301975910800922,0.7143543951777782,-0.015843195902313978,-,82.83582089552239,82.83582089552239,0.0,88.81578947368422,86.8421052631579,-1.973684210526315,70.0,70.0,0.0,"[[111, 21, 2], [17, 135, 0], [4, 8, 28]]","[[111, 21, 2], [20, 132, 0], [4, 8, 28]]","[[0, 0, 0], [3, -3, 0], [0, 0, 0]]",-0.010069347164725084,-0.10498678713945525,268,6,3,49,54,9589
data_full__tp19_L5_p0p08,data_ablation_full,,tp19_L5_p0p08,5.0,0.08,run1,oof_pooled,979,82.12461695607763,80.69458631256384,-1.4300306435137884,-,79.80234394217112,78.77895212930562,-1.0233918128654977,-,81.47172321467072,79.9895437868929,-1.4821794277778224,-,0.6985628449866854,0.6752583747465489,-0.023304470240136488,-,81.59203980099502,81.59203980099502,0.0,85.08771929824562,82.01754385964912,-3.0701754385964932,72.72727272727273,72.72727272727273,0.0,"[[328, 68, 6], [62, 388, 6], [11, 22, 88]]","[[328, 68, 6], [71, 374, 11], [11, 22, 88]]","[[0, 0, 0], [9, -14, 5], [0, 0, 0]]",-0.01269174451764367,-0.14383927162687188,780,24,10,165,136,24896
data_full__tp19_L5_p0p08,data_ablation_full,,tp19_L5_p0p08,5.0,0.08,run2,fold01,72,69.44444444444444,69.44444444444444,0.0,0,66.40780565511749,66.40780565511749,0.0,0,66.85875706214689,66.85875706214689,0.0,0,0.5182264323917611,0.5182264323917611,0.0,0,81.48148148148148,81.48148148148148,0.0,67.74193548387096,67.74193548387096,0.0,50.0,50.0,0.0,"[[22, 3, 2], [8, 21, 2], [2, 5, 7]]","[[22, 3, 2], [8, 21, 2], [2, 5, 7]]","[[0, 0, 0], [0, 0, 0], [0, 0, 0]]",-1.682175530327537e-05,-0.016155749559402452,50,0,0,22,2,400
data_full__tp19_L5_p0p08,data_ablation_full,,tp19_L5_p0p08,5.0,0.08,run2,fold02,71,66.19718309859155,64.7887323943662,-1.408450704225345,-,65.3255346803734,62.944582299421015,-2.3809523809523796,-,65.75180206506916,63.51224105461394,-2.239561010455219,-,0.47169889043248636,0.44625508538458314,-0.025443805047903223,-,80.76923076923077,80.76923076923077,0.0,58.06451612903226,58.06451612903226,0.0,57.14285714285714,50.0,-7.142857142857139,"[[21, 5, 0], [10, 18, 3], [2, 4, 8]]","[[21, 5, 0], [10, 18, 3], [2, 5, 7]]","[[0, 0, 0], [0, 0, 0], [0, 1, -1]]",-0.014083685776404202,-0.3897911226245719,46,1,0,24,1,199
data_full__tp19_L5_p0p08,data_ablation_full,,tp19_L5_p0p08,5.0,0.08,run2,fold03,71,66.19718309859155,66.19718309859155,0.0,0,59.89601796053409,59.89601796053409,0.0,0,60.04855889724311,60.04855889724311,0.0,0,0.45896608905667236,0.45896608905667236,0.0,0,76.92307692307693,76.92307692307693,0.0,74.19354838709677,74.19354838709677,0.0,28.57142857142857,28.57142857142857,0.0,"[[20, 5, 1], [6, 23, 2], [5, 5, 4]]","[[20, 5, 1], [6, 23, 2], [5, 5, 4]]","[[0, 0, 0], [0, 0, 0], [0, 0, 0]]",0.0,0.0,47,0,0,24,0,0
data_full__tp19_L5_p0p08,data_ablation_full,,tp19_L5_p0p08,5.0,0.08,run2,oof_pooled,214,67.28971962616822,66.82242990654206,-0.46728971962616583,-,63.883865782599955,63.090214988949164,-0.7936507936507908,-,64.55099829747716,63.729378090033826,-0.8216202074433383,-,0.4824688400261222,0.47420253571448046,-0.00826630431164177,-,79.74683544303798,79.74683544303798,0.0,66.66666666666666,66.66666666666666,0.0,45.23809523809524,42.857142857142854,-2.3809523809523867,"[[63, 13, 3], [24, 62, 7], [9, 14, 19]]","[[63, 13, 3], [24, 62, 7], [9, 15, 18]]","[[0, 0, 0], [0, 0, 0], [0, 1, -1]]",-0.0046782843761987575,-0.13475880221785785,143,1,0,70,3,599
data_no_conv__tp19_L5_p0p08,data_ablation_no_module,no_conv,tp19_L5_p0p08,5.0,0.08,run1,fold01,327,79.20489296636084,77.67584097859327,-1.5290519877675735,-,77.82046123681977,76.72397000874959,-1.0964912280701782,-,79.390186562109,77.50011836033343,-1.8900682017755628,-,0.6509524121737486,0.6275989413717017,-0.02335347080204686,-,81.34328358208955,81.34328358208955,0.0,78.94736842105263,75.6578947368421,-3.2894736842105345,73.17073170731707,73.17073170731707,0.0,"[[109, 24, 1], [29, 120, 3], [5, 6, 30]]","[[109, 24, 1], [31, 115, 6], [5, 6, 30]]","[[0, 0, 0], [2, -5, 3], [0, 0, 0]]",-0.01254997814657531,0.06462209647811881,248,11,6,62,42,8188
data_no_conv__tp19_L5_p0p08,data_ablation_no_module,no_conv,tp19_L5_p0p08,5.0,0.08,run1,fold02,326,80.06134969325154,79.4478527607362,-0.6134969325153463,-,78.89827179890023,78.45967530767216,-0.43859649122806843,-,78.65140888396702,78.18502974086948,-0.4663791430975408,-,0.667755761900005,0.6578675900715941,-0.009888171828410841,-,82.08955223880598,82.08955223880598,0.0,79.60526315789474,78.28947368421053,-1.3157894736842053,75.0,75.0,0.0,"[[110, 22, 2], [22, 121, 9], [4, 6, 30]]","[[110, 22, 2], [24, 119, 9], [4, 6, 30]]","[[0, 0, 0], [2, -2, 0], [0, 0, 0]]",-0.004257393739935429,0.10647082343080476,254,7,5,60,40,7119
data_no_conv__tp19_L5_p0p08,data_ablation_no_module,no_conv,tp19_L5_p0p08,5.0,0.08,run1,fold03,326,77.60736196319019,75.15337423312883,-2.453987730061357,-,80.15514532600157,78.40075936108929,-1.754385964912288,-,76.45264363658288,74.06388797724539,-2.388755659337491,-,0.6403712014169086,0.6054259668672445,-0.03494523454966414,-,80.59701492537313,80.59701492537313,0.0,72.36842105263158,67.10526315789474,-5.263157894736835,87.5,87.5,0.0,"[[108, 18, 8], [28, 110, 14], [0, 5, 35]]","[[108, 18, 8], [33, 102, 17], [0, 5, 35]]","[[0, 0, 0], [5, -8, 3], [0, 0, 0]]",-0.010916392402644868,0.01971355181164537,238,15,7,66,54,9589
data_no_conv__tp19_L5_p0p08,data_ablation_no_module,no_conv,tp19_L5_p0p08,5.0,0.08,run1,oof_pooled,979,78.95812053115424,77.42594484167518,-1.532175689479061,-,78.94312149561026,77.84663026754008,-1.0964912280701782,-,78.0672759638754,76.50392460806579,-1.5633513558096155,-,0.6519762827892167,0.6289730281851577,-0.023003254604059054,-,81.34328358208955,81.34328358208955,0.0,76.97368421052632,73.68421052631578,-3.2894736842105345,78.51239669421489,78.51239669421489,0.0,"[[327, 64, 11], [79, 351, 26], [9, 17, 95]]","[[327, 64, 11], [88, 336, 32], [9, 17, 95]]","[[0, 0, 0], [9, -15, 6], [0, 0, 0]]",-0.009244634460072832,0.06360319905759304,740,33,18,188,136,24896
data_no_conv__tp19_L5_p0p08,data_ablation_no_module,no_conv,tp19_L5_p0p08,5.0,0.08,run2,fold01,72,55.55555555555556,55.55555555555556,0.0,0,57.151391022358766,57.151391022358766,0.0,0,54.93827160493828,54.93827160493828,0.0,0,0.3353881275042346,0.3353881275042346,0.0,0,55.55555555555556,55.55555555555556,0.0,51.61290322580645,51.61290322580645,0.0,64.28571428571429,64.28571428571429,0.0,"[[15, 6, 6], [8, 16, 7], [4, 1, 9]]","[[15, 6, 6], [8, 16, 7], [4, 1, 9]]","[[0, 0, 0], [0, 0, 0], [0, 0, 0]]",-0.00045591344436009723,-0.003898325893614027,40,0,0,32,2,400
data_no_conv__tp19_L5_p0p08,data_ablation_no_module,no_conv,tp19_L5_p0p08,5.0,0.08,run2,fold02,71,56.33802816901409,54.929577464788736,-1.408450704225352,-,60.888573791799594,58.50762141084722,-2.3809523809523725,-,56.23083683234059,54.62407862407862,-1.6067582082619722,-,0.3663549852444777,0.33879570552124,-0.027559279723237684,-,65.38461538461539,65.38461538461539,0.0,38.70967741935484,38.70967741935484,0.0,78.57142857142857,71.42857142857143,-7.142857142857139,"[[17, 6, 3], [9, 12, 10], [3, 0, 11]]","[[17, 6, 3], [9, 12, 10], [3, 1, 10]]","[[0, 0, 0], [0, 0, 0], [0, 1, -1]]",-0.007624482657288163,-0.06320756002211235,39,1,0,31,1,199
data_no_conv__tp19_L5_p0p08,data_ablation_no_module,no_conv,tp19_L5_p0p08,5.0,0.08,run2,fold03,71,54.929577464788736,54.929577464788736,0.0,0,51.50064988774666,51.50064988774666,0.0,0,50.483091787439605,50.483091787439605,0.0,0,0.3108593378795985,0.3108593378795985,0.0,0,80.76923076923077,80.76923076923077,0.0,45.16129032258064,45.16129032258064,0.0,28.57142857142857,28.57142857142857,0.0,"[[21, 4, 1], [13, 14, 4], [8, 2, 4]]","[[21, 4, 1], [13, 14, 4], [8, 2, 4]]","[[0, 0, 0], [0, 0, 0], [0, 0, 0]]",0.0,0.0,39,0,0,32,0,0
data_no_conv__tp19_L5_p0p08,data_ablation_no_module,no_conv,tp19_L5_p0p08,5.0,0.08,run2,oof_pooled,214,55.60747663551402,55.140186915887845,-0.46728971962617294,-,56.4642516867915,55.67060089314071,-0.7936507936507908,-,54.638998759215426,53.999073567827,-0.6399251913884285,-,0.33252990827619394,0.32356049243664614,-0.0089694158395478,-,67.08860759493672,67.08860759493672,0.0,45.16129032258064,45.16129032258064,0.0,57.14285714285714,54.761904761904766,-2.3809523809523725,"[[53, 16, 10], [30, 42, 21], [15, 3, 24]]","[[53, 16, 10], [30, 42, 21], [15, 4, 23]]","[[0, 0, 0], [0, 0, 0], [0, 1, -1]]",-0.002683009517109283,-0.022282318812664424,118,1,0,95,3,599
module_masked__no_conv__tp19_L5_p0p08,module_ablation_masked,no_conv,tp19_L5_p0p08,5.0,0.08,run1,fold01,327,78.59327217125383,77.67584097859327,-0.9174311926605583,-,75.09539912759693,76.72397000874959,1.6285708811526547,+,76.76754805139639,77.50011836033343,0.7325703089370421,+,0.6402334923601315,0.6275989413717017,-0.012634550988429805,-,83.5820895522388,81.34328358208955,-2.2388059701492438,78.28947368421053,75.6578947368421,-2.631578947368439,63.41463414634146,73.17073170731707,9.756097560975611,"[[112, 20, 2], [29, 119, 4], [5, 10, 26]]","[[109, 24, 1], [31, 115, 6], [5, 6, 30]]","[[-3, 4, -1], [2, -4, 2], [0, -4, 4]]",-0.007671352988741378,0.5045795422901801,225,32,29,41,42,8188
module_masked__no_conv__tp19_L5_p0p08,module_ablation_masked,no_conv,tp19_L5_p0p08,5.0,0.08,run1,fold02,326,80.3680981595092,79.4478527607362,-0.9202453987730053,-,81.42642052893429,78.45967530767216,-2.96674522126213,-,80.72259215045526,78.18502974086948,-2.5375624095857745,-,0.6735001769777431,0.6578675900715941,-0.015632586906148993,-,78.35820895522389,82.08955223880598,3.731343283582092,80.92105263157895,78.28947368421053,-2.6315789473684106,85.0,75.0,-10.0,"[[105, 27, 2], [22, 123, 7], [2, 4, 34]]","[[110, 22, 2], [24, 119, 9], [4, 6, 30]]","[[5, -5, 0], [2, -4, 2], [2, 2, -4]]",-0.03213633742254116,-1.2023645975038502,224,38,35,29,40,7119
module_masked__no_conv__tp19_L5_p0p08,module_ablation_masked,no_conv,tp19_L5_p0p08,5.0,0.08,run1,fold03,326,83.12883435582822,75.15337423312883,-7.975460122699388,-,79.89264205289342,78.40075936108929,-1.4918826918041361,-,82.29097632140497,74.06388797724539,-8.227088344159583,-,0.7143543951777782,0.6054259668672445,-0.10892842831053373,-,82.83582089552239,80.59701492537313,-2.238805970149258,86.8421052631579,67.10526315789474,-19.736842105263165,70.0,87.5,17.5,"[[111, 21, 2], [20, 132, 0], [4, 8, 28]]","[[108, 18, 8], [33, 102, 17], [0, 5, 35]]","[[-3, -3, 6], [13, -30, 17], [-4, -3, 7]]",-0.09568922673607085,-2.2913540364157385,213,58,32,23,54,9589
module_masked__no_conv__tp19_L5_p0p08,module_ablation_masked,no_conv,tp19_L5_p0p08,5.0,0.08,run1,oof_pooled,979,80.69458631256384,77.42594484167518,-3.2686414708886673,-,78.77895212930562,77.84663026754008,-0.9323218617655442,-,79.9895437868929,76.50392460806579,-3.4856191788271076,-,0.6752583747465489,0.6289730281851577,-0.04628534656139127,-,81.59203980099502,81.34328358208955,-0.24875621890546995,82.01754385964912,73.68421052631578,-8.333333333333343,72.72727272727273,78.51239669421489,5.785123966942152,"[[328, 68, 6], [71, 374, 11], [11, 22, 88]]","[[327, 64, 11], [88, 336, 32], [9, 17, 95]]","[[-1, -4, 5], [17, -38, 21], [-2, -5, 7]]",-0.04512734049338707,-0.9948465417046956,662,128,96,93,136,24896
module_masked__no_conv__tp19_L5_p0p08,module_ablation_masked,no_conv,tp19_L5_p0p08,5.0,0.08,run2,fold01,72,69.44444444444444,55.55555555555556,-13.888888888888886,-,66.40780565511749,57.151391022358766,-9.25641463275872,-,66.85875706214689,54.93827160493828,-11.920485457208613,-,0.5182264323917611,0.3353881275042346,-0.18283830488752656,-,81.48148148148148,55.55555555555556,-25.925925925925924,67.74193548387096,51.61290322580645,-16.129032258064512,50.0,64.28571428571429,14.285714285714292,"[[22, 3, 2], [8, 21, 2], [2, 5, 7]]","[[15, 6, 6], [8, 16, 7], [4, 1, 9]]","[[-7, 3, 4], [0, -5, 5], [2, -4, 2]]",-0.1593023383983968,-1.9896084226266895,30,20,10,12,2,400
module_masked__no_conv__tp19_L5_p0p08,module_ablation_masked,no_conv,tp19_L5_p0p08,5.0,0.08,run2,fold02,71,64.7887323943662,54.929577464788736,-9.859154929577471,-,62.944582299421015,58.50762141084722,-4.436960888573793,-,63.51224105461394,54.62407862407862,-8.888162430535317,-,0.44625508538458314,0.33879570552124,-0.10745937986334314,-,80.76923076923077,65.38461538461539,-15.384615384615387,58.06451612903226,38.70967741935484,-19.354838709677423,50.0,71.42857142857143,21.42857142857143,"[[21, 5, 0], [10, 18, 3], [2, 5, 7]]","[[17, 6, 3], [9, 12, 10], [3, 1, 10]]","[[-4, 1, 3], [-1, -6, 7], [1, -4, 3]]",-0.16225235681778188,-2.098135994432468,30,16,9,16,1,199
module_masked__no_conv__tp19_L5_p0p08,module_ablation_masked,no_conv,tp19_L5_p0p08,5.0,0.08,run2,fold03,71,66.19718309859155,54.929577464788736,-11.267605633802816,-,59.89601796053409,51.50064988774666,-8.395368072787427,-,60.04855889724311,50.483091787439605,-9.565467109803507,-,0.45896608905667236,0.3108593378795985,-0.14810675117707384,-,76.92307692307693,80.76923076923077,3.8461538461538396,74.19354838709677,45.16129032258064,-29.032258064516128,28.57142857142857,28.57142857142857,0.0,"[[20, 5, 1], [6, 23, 2], [5, 5, 4]]","[[21, 4, 1], [13, 14, 4], [8, 2, 4]]","[[1, -1, 0], [7, -9, 2], [3, -3, 0]]",-0.21893926014955578,-2.944153240714616,34,13,5,19,0,0
module_masked__no_conv__tp19_L5_p0p08,module_ablation_masked,no_conv,tp19_L5_p0p08,5.0,0.08,run2,oof_pooled,214,66.82242990654206,55.140186915887845,-11.68224299065421,-,63.090214988949164,55.67060089314071,-7.4196140958084555,-,63.729378090033826,53.999073567827,-9.73030452220683,-,0.47420253571448046,0.32356049243664614,-0.15064204327783431,-,79.74683544303798,67.08860759493672,-12.658227848101262,66.66666666666666,45.16129032258064,-21.505376344086017,42.857142857142854,54.761904761904766,11.904761904761912,"[[63, 13, 3], [24, 62, 7], [9, 15, 18]]","[[53, 16, 10], [30, 42, 21], [15, 4, 23]]","[[-10, 3, 7], [6, -20, 14], [6, -11, 5]]",-0.18006716434282966,-2.3423100099278718,94,49,24,47,3,599
data_no_lstm__tp19_L5_p0p08,data_ablation_no_module,no_lstm,tp19_L5_p0p08,5.0,0.08,run1,fold01,327,75.22935779816514,72.78287461773701,-2.4464831804281317,-,72.98224857739544,71.22786261248315,-1.754385964912288,-,74.65929369343549,71.36397194536728,-3.295321748068204,-,0.5824277209957041,0.5464327603672862,-0.035994960628417894,-,76.11940298507463,76.11940298507463,0.0,76.97368421052632,71.71052631578947,-5.26315789473685,65.85365853658537,65.85365853658537,0.0,"[[102, 30, 2], [31, 117, 4], [4, 10, 27]]","[[102, 30, 2], [32, 109, 11], [4, 10, 27]]","[[0, 0, 0], [1, -8, 7], [0, 0, 0]]",-0.017847497437244036,-0.21356688740318613,232,14,6,75,42,8188
data_no_lstm__tp19_L5_p0p08,data_ablation_no_module,no_lstm,tp19_L5_p0p08,5.0,0.08,run1,fold02,326,74.23312883435584,73.61963190184049,-0.6134969325153463,-,73.23841319717204,72.79981670594395,-0.43859649122808264,-,73.4197528076379,73.1724998440327,-0.24725296360520588,-,0.5692124265740279,0.5587359980512939,-0.010476428522734005,-,75.3731343283582,75.3731343283582,0.0,74.3421052631579,73.02631578947368,-1.3157894736842195,70.0,70.0,0.0,"[[101, 30, 3], [31, 113, 8], [5, 7, 28]]","[[101, 30, 3], [34, 111, 7], [5, 7, 28]]","[[0, 0, 0], [3, -2, -1], [0, 0, 0]]",-0.006596653103237359,-0.06478374510820657,237,5,3,81,40,7119
data_no_lstm__tp19_L5_p0p08,data_ablation_no_module,no_lstm,tp19_L5_p0p08,5.0,0.08,run1,fold03,326,77.91411042944786,75.76687116564416,-2.147239263803698,-,77.18643623985336,75.65134852055513,-1.5350877192982324,-,76.36475294195755,74.03846924923101,-2.326283692726534,-,0.6335414855138196,0.6016305592896941,-0.0319109262241255,-,77.61194029850746,77.61194029850746,0.0,78.94736842105263,74.3421052631579,-4.605263157894726,75.0,75.0,0.0,"[[104, 23, 7], [25, 120, 7], [3, 7, 30]]","[[104, 23, 7], [28, 113, 11], [3, 7, 30]]","[[0, 0, 0], [3, -7, 4], [0, 0, 0]]",-0.022556265010915733,-0.5422969586930118,243,11,4,68,54,9589
data_no_lstm__tp19_L5_p0p08,data_ablation_no_module,no_lstm,tp19_L5_p0p08,5.0,0.08,run1,oof_pooled,979,75.79162410623084,74.05515832482125,-1.736465781409592,-,74.4568263510633,73.21413629258377,-1.2426900584795249,-,74.79679148332708,72.83123046230489,-1.9655610210221965,-,0.5949564188779985,0.5688863124963367,-0.02607010638166185,-,76.3681592039801,76.3681592039801,0.0,76.75438596491229,73.02631578947368,-3.728070175438603,70.24793388429752,70.24793388429752,0.0,"[[307, 83, 12], [87, 350, 19], [12, 24, 85]]","[[307, 83, 12], [94, 333, 29], [12, 24, 85]]","[[0, 0, 0], [7, -17, 10], [0, 0, 0]]",-0.015669032652903685,-0.27348792811035655,712,30,13,224,136,24896
data_no_lstm__tp19_L5_p0p08,data_ablation_no_module,no_lstm,tp19_L5_p0p08,5.0,0.08,run2,fold01,72,63.888888888888886,62.5,-1.3888888888888857,-,63.762303009614826,61.381350628662446,-2.3809523809523796,-,62.59259259259259,60.816798941798936,-1.775793650793652,-,0.45896250049990833,0.4336200205931348,-0.02534247990677352,-,59.25925925925925,59.25925925925925,0.0,67.74193548387096,67.74193548387096,0.0,64.28571428571429,57.14285714285714,-7.142857142857153,"[[16, 6, 5], [2, 21, 8], [0, 5, 9]]","[[16, 6, 5], [2, 21, 8], [0, 6, 8]]","[[0, 0, 0], [0, 0, 0], [0, 1, -1]]",-0.00373573394285308,-0.015626683426995042,45,1,0,26,2,400
data_no_lstm__tp19_L5_p0p08,data_ablation_no_module,no_lstm,tp19_L5_p0p08,5.0,0.08,run2,fold02,71,56.33802816901409,54.929577464788736,-1.408450704225352,-,53.73980857851826,51.35885619756587,-2.3809523809523867,-,55.29980107985223,52.775840243870945,-2.523960835981285,-,0.2972806093565435,0.2714189397390067,-0.025861669617536776,-,53.84615384615385,53.84615384615385,0.0,64.51612903225806,64.51612903225806,0.0,42.857142857142854,35.714285714285715,-7.142857142857139,"[[14, 11, 1], [9, 20, 2], [2, 6, 6]]","[[14, 11, 1], [9, 20, 2], [2, 7, 5]]","[[0, 0, 0], [0, 0, 0], [0, 1, -1]]",-0.0030942672575023813,-0.023211224765425,39,1,0,31,1,199
data_no_lstm__tp19_L5_p0p08,data_ablation_no_module,no_lstm,tp19_L5_p0p08,5.0,0.08,run2,fold03,71,67.6056338028169,67.6056338028169,0.0,0,63.58265390523455,63.58265390523455,0.0,0,63.48309568648551,63.48309568648551,0.0,0,0.4934358082473687,0.4934358082473687,0.0,0,76.92307692307693,76.92307692307693,0.0,70.96774193548387,70.96774193548387,0.0,42.857142857142854,42.857142857142854,0.0,"[[20, 4, 2], [4, 22, 5], [6, 2, 6]]","[[20, 4, 2], [4, 22, 5], [6, 2, 6]]","[[0, 0, 0], [0, 0, 0], [0, 0, 0]]",0.0,0.0,48,0,0,23,0,0
data_no_lstm__tp19_L5_p0p08,data_ablation_no_module,no_lstm,tp19_L5_p0p08,5.0,0.08,run2,oof_pooled,214,62.616822429906534,61.6822429906542,-0.9345794392523317,-,60.344358241459105,58.757056654157516,-1.5873015873015888,-,60.31415748674011,58.88418964076859,-1.4299678459715182,-,0.41329125049232496,0.39659907627856095,-0.01669217421376401,-,63.29113924050633,63.29113924050633,0.0,67.74193548387096,67.74193548387096,0.0,50.0,45.23809523809524,-4.761904761904759,"[[50, 21, 8], [15, 63, 15], [8, 13, 21]]","[[50, 21, 8], [15, 63, 15], [8, 15, 19]]","[[0, 0, 0], [0, 0, 0], [0, 2, -2]]",-0.00228348513629949,-0.01295849609854588,132,2,0,80,3,599
module_masked__no_lstm__tp19_L5_p0p08,module_ablation_masked,no_lstm,tp19_L5_p0p08,5.0,0.08,run1,fold01,327,78.59327217125383,72.78287461773701,-5.810397553516822,-,75.09539912759693,71.22786261248315,-3.867536515113784,-,76.76754805139639,71.36397194536728,-5.4035761060291065,-,0.6402334923601315,0.5464327603672862,-0.09380073199284533,-,83.5820895522388,76.11940298507463,-7.46268656716417,78.28947368421053,71.71052631578947,-6.578947368421069,63.41463414634146,65.85365853658537,2.439024390243908,"[[112, 20, 2], [29, 119, 4], [5, 10, 26]]","[[102, 30, 2], [32, 109, 11], [4, 10, 27]]","[[-10, 10, 0], [3, -10, 7], [-1, 0, 1]]",-0.07354706412476934,-1.4750961881039795,209,48,29,41,42,8188
module_masked__no_lstm__tp19_L5_p0p08,module_ablation_masked,no_lstm,tp19_L5_p0p08,5.0,0.08,run1,fold02,326,80.3680981595092,73.61963190184049,-6.74846625766871,-,81.42642052893429,72.79981670594395,-8.626603822990333,-,80.72259215045526,73.1724998440327,-7.550092306422556,-,0.6735001769777431,0.5587359980512939,-0.11476417892644919,-,78.35820895522389,75.3731343283582,-2.985074626865682,80.92105263157895,73.02631578947368,-7.89473684210526,85.0,70.0,-15.0,"[[105, 27, 2], [22, 123, 7], [2, 4, 34]]","[[101, 30, 3], [34, 111, 7], [5, 7, 28]]","[[-4, 3, 1], [12, -12, 0], [3, 3, -6]]",-0.08816900424416901,-2.358231552813682,206,56,34,30,40,7119
module_masked__no_lstm__tp19_L5_p0p08,module_ablation_masked,no_lstm,tp19_L5_p0p08,5.0,0.08,run1,fold03,326,83.12883435582822,75.76687116564416,-7.361963190184056,-,79.89264205289342,75.65134852055513,-4.24129353233829,-,82.29097632140497,74.03846924923101,-8.252507072173955,-,0.7143543951777782,0.6016305592896941,-0.1127238358880841,-,82.83582089552239,77.61194029850746,-5.223880597014926,86.8421052631579,74.3421052631579,-12.5,70.0,75.0,5.0,"[[111, 21, 2], [20, 132, 0], [4, 8, 28]]","[[104, 23, 7], [28, 113, 11], [3, 7, 30]]","[[-7, 2, 5], [8, -19, 11], [-1, -1, 2]]",-0.0709716609835535,0.6433557060895705,222,49,25,30,54,9589
module_masked__no_lstm__tp19_L5_p0p08,module_ablation_masked,no_lstm,tp19_L5_p0p08,5.0,0.08,run1,oof_pooled,979,80.69458631256384,74.05515832482125,-6.639427987742593,-,78.77895212930562,73.21413629258377,-5.5648158367218485,-,79.9895437868929,72.83123046230489,-7.158313324588008,-,0.6752583747465489,0.5688863124963367,-0.10637206225021223,-,81.59203980099502,76.3681592039801,-5.223880597014926,82.01754385964912,73.02631578947368,-8.991228070175438,72.72727272727273,70.24793388429752,-2.47933884297521,"[[328, 68, 6], [71, 374, 11], [11, 22, 88]]","[[307, 83, 12], [94, 333, 29], [12, 24, 85]]","[[-21, 15, 6], [23, -41, 18], [1, 2, -3]]",-0.07755847480391942,-1.0637446164883164,637,153,88,101,136,24896
module_masked__no_lstm__tp19_L5_p0p08,module_ablation_masked,no_lstm,tp19_L5_p0p08,5.0,0.08,run2,fold01,72,69.44444444444444,62.5,-6.944444444444443,-,66.40780565511749,61.381350628662446,-5.026455026455039,-,66.85875706214689,60.816798941798936,-6.041958120347957,-,0.5182264323917611,0.4336200205931348,-0.08460641179862632,-,81.48148148148148,59.25925925925925,-22.22222222222223,67.74193548387096,67.74193548387096,0.0,50.0,57.14285714285714,7.142857142857139,"[[22, 3, 2], [8, 21, 2], [2, 5, 7]]","[[16, 6, 5], [2, 21, 8], [0, 6, 8]]","[[-6, 3, 3], [-6, 0, 6], [-2, 1, 1]]",-0.08153498889446888,-1.9999383271044482,39,11,6,16,2,400
module_masked__no_lstm__tp19_L5_p0p08,module_ablation_masked,no_lstm,tp19_L5_p0p08,5.0,0.08,run2,fold02,71,64.7887323943662,54.929577464788736,-9.859154929577471,-,62.944582299421015,51.35885619756587,-11.585726101855144,-,63.51224105461394,52.775840243870945,-10.736400810742992,-,0.44625508538458314,0.2714189397390067,-0.17483614564557642,-,80.76923076923077,53.84615384615385,-26.923076923076927,58.06451612903226,64.51612903225806,6.451612903225801,50.0,35.714285714285715,-14.285714285714285,"[[21, 5, 0], [10, 18, 3], [2, 5, 7]]","[[14, 11, 1], [9, 20, 2], [2, 7, 5]]","[[-7, 6, 1], [-1, 2, -1], [0, 2, -2]]",-0.24278352226717564,-2.2410977515523176,29,17,10,15,1,199
module_masked__no_lstm__tp19_L5_p0p08,module_ablation_masked,no_lstm,tp19_L5_p0p08,5.0,0.08,run2,fold03,71,66.19718309859155,67.6056338028169,1.408450704225345,+,59.89601796053409,63.58265390523455,3.6866359447004626,+,60.04855889724311,63.48309568648551,3.434536789242401,+,0.45896608905667236,0.4934358082473687,0.03446971919069636,+,76.92307692307693,76.92307692307693,0.0,74.19354838709677,70.96774193548387,-3.225806451612897,28.57142857142857,42.857142857142854,14.285714285714285,"[[20, 5, 1], [6, 23, 2], [5, 5, 4]]","[[20, 4, 2], [4, 22, 5], [6, 2, 6]]","[[0, -1, 1], [-2, -1, 3], [1, -3, 2]]",-0.06961935991307203,-2.6801207011014645,40,7,8,16,0,0
module_masked__no_lstm__tp19_L5_p0p08,module_ablation_masked,no_lstm,tp19_L5_p0p08,5.0,0.08,run2,oof_pooled,214,66.82242990654206,61.6822429906542,-5.140186915887853,-,63.090214988949164,58.757056654157516,-4.333158334791648,-,63.729378090033826,58.88418964076859,-4.845188449265237,-,0.47420253571448046,0.39659907627856095,-0.07760345943591951,-,79.74683544303798,63.29113924050633,-16.455696202531648,66.66666666666666,67.74193548387096,1.0752688172043037,42.857142857142854,45.23809523809524,2.3809523809523867,"[[63, 13, 3], [24, 62, 7], [9, 15, 18]]","[[50, 21, 8], [15, 63, 15], [8, 15, 19]]","[[-13, 8, 5], [-9, 1, 8], [-1, 0, 1]]",-0.13108001792149224,-2.3056171480838263,108,35,24,47,3,599
data_no_attention__tp19_L5_p0p08,data_ablation_no_module,no_attention,tp19_L5_p0p08,5.0,0.08,run1,fold01,327,81.9571865443425,77.67584097859327,-4.281345565749234,-,79.91197734051183,76.84180190191533,-3.0701754385964932,-,82.01435063589545,76.05728637223635,-5.957064263659106,-,0.6962494375241386,0.6324259640819699,-0.06382347344216865,-,84.32835820895522,84.32835820895522,0.0,82.23684210526315,73.02631578947368,-9.210526315789465,73.17073170731707,73.17073170731707,0.0,"[[113, 19, 2], [27, 125, 0], [2, 9, 30]]","[[113, 19, 2], [29, 111, 12], [2, 9, 30]]","[[0, 0, 0], [2, -14, 12], [0, 0, 0]]",-0.03854978974811795,-0.9720261509983091,251,17,3,56,42,8188
data_no_attention__tp19_L5_p0p08,data_ablation_no_module,no_attention,tp19_L5_p0p08,5.0,0.08,run1,fold02,326,81.90184049079755,78.22085889570552,-3.6809815950920353,-,79.51165226499084,76.88007331762242,-2.631578947368425,-,80.47822307750707,76.8557354263756,-3.6224876511314648,-,0.6958625448093783,0.636406566104349,-0.05945597870502928,-,79.8507462686567,79.8507462686567,0.0,86.18421052631578,78.28947368421053,-7.894736842105246,72.5,72.5,0.0,"[[107, 24, 3], [17, 131, 4], [4, 7, 29]]","[[107, 24, 3], [25, 119, 8], [4, 7, 29]]","[[0, 0, 0], [8, -12, 4], [0, 0, 0]]",-0.03428425330837881,-0.5949424193497815,253,14,2,57,40,7119
data_no_attention__tp19_L5_p0p08,data_ablation_no_module,no_attention,tp19_L5_p0p08,5.0,0.08,run1,fold03,326,84.3558282208589,79.4478527607362,-4.9079754601226995,-,83.89892642052894,80.39015449070436,-3.508771929824576,-,83.66469909688912,79.25264550264549,-4.4120535942436305,-,0.7390486456524588,0.6623653829601269,-0.07668326269233183,-,84.32835820895522,84.32835820895522,0.0,84.86842105263158,74.3421052631579,-10.52631578947367,82.5,82.5,0.0,"[[113, 20, 1], [16, 129, 7], [4, 3, 33]]","[[113, 20, 1], [29, 113, 10], [4, 3, 33]]","[[0, 0, 0], [13, -16, 3], [0, 0, 0]]",-0.04165911706459067,-0.7639163882597321,256,19,3,48,54,9589
data_no_attention__tp19_L5_p0p08,data_ablation_no_module,no_attention,tp19_L5_p0p08,5.0,0.08,run1,oof_pooled,979,82.73748723186925,78.44739530132789,-4.290091930541365,-,81.09956776938853,78.02939233079202,-3.0701754385965074,-,82.05217929651486,77.398808743999,-4.653370552515867,-,0.7100686691507885,0.6434437258628958,-0.0666249432878927,-,82.83582089552239,82.83582089552239,0.0,84.4298245614035,75.21929824561403,-9.21052631578948,76.03305785123968,76.03305785123968,0.0,"[[333, 63, 6], [60, 385, 11], [10, 19, 92]]","[[333, 63, 6], [83, 343, 30], [10, 19, 92]]","[[0, 0, 0], [23, -42, 19], [0, 0, 0]]",-0.03816478037714261,-0.7771609015905501,760,50,8,161,136,24896
data_no_attention__tp19_L5_p0p08,data_ablation_no_module,no_attention,tp19_L5_p0p08,5.0,0.08,run2,fold01,72,58.333333333333336,56.94444444444444,-1.3888888888888928,-,55.384877965523124,53.00392558457075,-2.3809523809523725,-,55.707282913165265,53.468867418142786,-2.2384154950224797,-,0.3440986103748549,0.3190262147243699,-0.02507239565048497,-,55.55555555555556,55.55555555555556,0.0,67.74193548387096,67.74193548387096,0.0,42.857142857142854,35.714285714285715,-7.142857142857139,"[[15, 9, 3], [5, 21, 5], [1, 7, 6]]","[[15, 9, 3], [5, 21, 5], [1, 8, 5]]","[[0, 0, 0], [0, 0, 0], [0, 1, -1]]",-0.007385250272313392,-0.12448004529707962,41,1,0,30,2,400
data_no_attention__tp19_L5_p0p08,data_ablation_no_module,no_attention,tp19_L5_p0p08,5.0,0.08,run2,fold02,71,63.38028169014085,61.97183098591549,-1.4084507042253591,-,68.66950254047029,66.2885501595179,-2.380952380952394,-,63.681341719077565,62.13905133203379,-1.5422903870437779,-,0.4690406293950227,0.4419575871920494,-0.027083042202973306,-,61.53846153846154,61.53846153846154,0.0,51.61290322580645,51.61290322580645,0.0,92.85714285714286,85.71428571428571,-7.142857142857153,"[[16, 6, 4], [7, 16, 8], [1, 0, 13]]","[[16, 6, 4], [7, 16, 8], [1, 1, 12]]","[[0, 0, 0], [0, 0, 0], [0, 1, -1]]",-0.007180193720669067,-0.2036817965792938,44,1,0,26,1,199
data_no_attention__tp19_L5_p0p08,data_ablation_no_module,no_attention,tp19_L5_p0p08,5.0,0.08,run2,fold03,71,56.33802816901409,56.33802816901409,0.0,0,51.74878884556304,51.74878884556304,0.0,0,51.7458781609725,51.7458781609725,0.0,0,0.30795014030702567,0.30795014030702567,0.0,0,65.38461538461539,65.38461538461539,0.0,61.29032258064516,61.29032258064516,0.0,28.57142857142857,28.57142857142857,0.0,"[[17, 7, 2], [6, 19, 6], [4, 6, 4]]","[[17, 7, 2], [6, 19, 6], [4, 6, 4]]","[[0, 0, 0], [0, 0, 0], [0, 0, 0]]",0.0,0.0,40,0,0,31,0,0
data_no_attention__tp19_L5_p0p08,data_ablation_no_module,no_attention,tp19_L5_p0p08,5.0,0.08,run2,oof_pooled,214,59.345794392523366,58.41121495327103,-0.9345794392523388,-,58.5788173987439,56.99151581144232,-1.5873015873015817,-,57.96936324972884,56.64835295256145,-1.3210102971673905,-,0.36980374236342506,0.3527958923757269,-0.017007849987698165,-,60.75949367088608,60.75949367088608,0.0,60.215053763440864,60.215053763440864,0.0,54.761904761904766,50.0,-4.761904761904766,"[[48, 22, 9], [18, 56, 19], [6, 13, 23]]","[[48, 22, 9], [18, 56, 19], [6, 15, 21]]","[[0, 0, 0], [0, 0, 0], [0, 2, -2]]",-0.004866970905486299,-0.10945780756317566,125,2,0,87,3,599
module_masked__no_attention__tp19_L5_p0p08,module_ablation_masked,no_attention,tp19_L5_p0p08,5.0,0.08,run1,fold01,327,78.59327217125383,77.67584097859327,-0.9174311926605583,-,75.09539912759693,76.84180190191533,1.7464027743183976,+,76.76754805139639,76.05728637223635,-0.7102616791600411,-,0.6402334923601315,0.6324259640819699,-0.007807528278161557,-,83.5820895522388,84.32835820895522,0.7462686567164241,78.28947368421053,73.02631578947368,-5.26315789473685,63.41463414634146,73.17073170731707,9.756097560975611,"[[112, 20, 2], [29, 119, 4], [5, 10, 26]]","[[113, 19, 2], [29, 111, 12], [2, 9, 30]]","[[1, -1, 0], [0, -8, 8], [-3, -1, 4]]",-0.025117182216166864,-0.23031638832677395,221,36,33,37,42,8188
module_masked__no_attention__tp19_L5_p0p08,module_ablation_masked,no_attention,tp19_L5_p0p08,5.0,0.08,run1,fold02,326,80.3680981595092,78.22085889570552,-2.1472392638036837,-,81.42642052893429,76.88007331762242,-4.546347211311868,-,80.72259215045526,76.8557354263756,-3.8668567240796534,-,0.6735001769777431,0.636406566104349,-0.037093610873394134,-,78.35820895522389,79.8507462686567,1.4925373134328197,80.92105263157895,78.28947368421053,-2.6315789473684106,85.0,72.5,-12.5,"[[105, 27, 2], [22, 123, 7], [2, 4, 34]]","[[107, 24, 3], [25, 119, 8], [4, 7, 29]]","[[2, -3, 1], [3, -4, 1], [2, 3, -5]]",-0.028853703864828967,1.485417382923052,222,40,33,31,40,7119
module_masked__no_attention__tp19_L5_p0p08,module_ablation_masked,no_attention,tp19_L5_p0p08,5.0,0.08,run1,fold03,326,83.12883435582822,79.4478527607362,-3.680981595092021,-,79.89264205289342,80.39015449070436,0.4975124378109399,+,82.29097632140497,79.25264550264549,-3.0383308187594764,-,0.7143543951777782,0.6623653829601269,-0.05198901221765129,-,82.83582089552239,84.32835820895522,1.492537313432834,86.8421052631579,74.3421052631579,-12.5,70.0,82.5,12.5,"[[111, 21, 2], [20, 132, 0], [4, 8, 28]]","[[113, 20, 1], [29, 113, 10], [4, 3, 33]]","[[2, -1, -1], [9, -19, 10], [0, -5, 5]]",-0.03979156811356453,0.3053719473722751,229,42,30,25,54,9589
module_masked__no_attention__tp19_L5_p0p08,module_ablation_masked,no_attention,tp19_L5_p0p08,5.0,0.08,run1,oof_pooled,979,80.69458631256384,78.44739530132789,-2.247191011235955,-,78.77895212930562,78.02939233079202,-0.7495597985136015,-,79.9895437868929,77.398808743999,-2.590735042893897,-,0.6752583747465489,0.6434437258628958,-0.03181464888365315,-,81.59203980099502,82.83582089552239,1.243781094527364,82.01754385964912,75.21929824561403,-6.798245614035096,72.72727272727273,76.03305785123968,3.305785123966942,"[[328, 68, 6], [71, 374, 11], [11, 22, 88]]","[[333, 63, 6], [83, 343, 30], [10, 19, 92]]","[[5, -5, 0], [12, -31, 19], [-1, -3, 4]]",-0.031247882788194944,0.5193910752741793,672,118,96,93,136,24896
module_masked__no_attention__tp19_L5_p0p08,module_ablation_masked,no_attention,tp19_L5_p0p08,5.0,0.08,run2,fold01,72,69.44444444444444,56.94444444444444,-12.5,-,66.40780565511749,53.00392558457075,-13.403880070546734,-,66.85875706214689,53.468867418142786,-13.389889644004107,-,0.5182264323917611,0.3190262147243699,-0.1992002176673912,-,81.48148148148148,55.55555555555556,-25.925925925925924,67.74193548387096,67.74193548387096,0.0,50.0,35.714285714285715,-14.285714285714285,"[[22, 3, 2], [8, 21, 2], [2, 5, 7]]","[[15, 9, 3], [5, 21, 5], [1, 8, 5]]","[[-7, 6, 1], [-3, 0, 3], [-1, 3, -2]]",-0.16072197192438706,-2.4432413001195528,36,14,5,17,2,400
module_masked__no_attention__tp19_L5_p0p08,module_ablation_masked,no_attention,tp19_L5_p0p08,5.0,0.08,run2,fold02,71,64.7887323943662,61.97183098591549,-2.8169014084507182,-,62.944582299421015,66.2885501595179,3.343967860096882,+,63.51224105461394,62.13905133203379,-1.3731897225801504,-,0.44625508538458314,0.4419575871920494,-0.004297498192533722,-,80.76923076923077,61.53846153846154,-19.230769230769234,58.06451612903226,51.61290322580645,-6.451612903225815,50.0,85.71428571428571,35.71428571428571,"[[21, 5, 0], [10, 18, 3], [2, 5, 7]]","[[16, 6, 4], [7, 16, 8], [1, 1, 12]]","[[-5, 1, 4], [-3, -2, 5], [-1, -4, 5]]",-0.07790900847348808,-1.6282205016263696,32,14,12,13,1,199
module_masked__no_attention__tp19_L5_p0p08,module_ablation_masked,no_attention,tp19_L5_p0p08,5.0,0.08,run2,fold03,71,66.19718309859155,56.33802816901409,-9.859154929577464,-,59.89601796053409,51.74878884556304,-8.147229114971047,-,60.04855889724311,51.7458781609725,-8.30268073627061,-,0.45896608905667236,0.30795014030702567,-0.1510159487496467,-,76.92307692307693,65.38461538461539,-11.538461538461547,74.19354838709677,61.29032258064516,-12.903225806451609,28.57142857142857,28.57142857142857,0.0,"[[20, 5, 1], [6, 23, 2], [5, 5, 4]]","[[17, 7, 2], [6, 19, 6], [4, 6, 4]]","[[-3, 2, 1], [0, -4, 4], [-1, 1, 0]]",-0.18859351448549647,-3.8264942031196307,35,12,5,19,0,0
module_masked__no_attention__tp19_L5_p0p08,module_ablation_masked,no_attention,tp19_L5_p0p08,5.0,0.08,run2,oof_pooled,214,66.82242990654206,58.41121495327103,-8.411214953271028,-,63.090214988949164,56.99151581144232,-6.098699177506845,-,63.729378090033826,56.64835295256145,-7.081025137472373,-,0.47420253571448046,0.3527958923757269,-0.12140664333875356,-,79.74683544303798,60.75949367088608,-18.9873417721519,66.66666666666666,60.215053763440864,-6.451612903225794,42.857142857142854,50.0,7.142857142857146,"[[63, 13, 3], [24, 62, 7], [9, 15, 18]]","[[48, 22, 9], [18, 56, 19], [6, 15, 21]]","[[-15, 9, 6], [-6, -6, 12], [-3, 0, 3]]",-0.14249374349833538,-2.631766904885859,103,40,22,49,3,599
data_full__tp20_L5_p0p12,data_ablation_full,,tp20_L5_p0p12,5.0,0.12,run1,fold01,327,80.73394495412845,79.20489296636084,-1.5290519877676019,-,76.63048684689517,75.533995618825,-1.096491228070164,-,79.0877721312504,77.22546769311798,-1.8623044381324263,-,0.6743426700043699,0.6501035758739692,-0.024239094130400707,-,83.5820895522388,83.5820895522388,0.0,82.89473684210526,79.60526315789474,-3.2894736842105203,63.41463414634146,63.41463414634146,0.0,"[[112, 20, 2], [25, 126, 1], [5, 10, 26]]","[[112, 20, 2], [27, 121, 4], [5, 10, 26]]","[[0, 0, 0], [2, -5, 3], [0, 0, 0]]",-0.01481336378732687,-0.14311851010820187,254,10,5,58,42,8185
data_full__tp20_L5_p0p12,data_ablation_full,,tp20_L5_p0p12,5.0,0.12,run1,fold02,326,81.59509202453987,80.06134969325154,-1.5337423312883232,-,82.30361351139041,81.20712228332025,-1.096491228070164,-,82.11529042328695,80.26676323254271,-1.8485271907442353,-,0.6929312561648969,0.6690005788053955,-0.023930677359501384,-,78.35820895522389,78.35820895522389,0.0,83.55263157894737,80.26315789473685,-3.2894736842105203,85.0,85.0,0.0,"[[105, 27, 2], [20, 127, 5], [2, 4, 34]]","[[105, 27, 2], [22, 122, 8], [2, 4, 34]]","[[0, 0, 0], [2, -5, 3], [0, 0, 0]]",-0.010013009735152406,-0.13740425722593544,259,7,2,58,39,7021
data_full__tp20_L5_p0p12,data_ablation_full,,tp20_L5_p0p12,5.0,0.12,run1,fold03,326,84.04907975460122,82.20858895705521,-1.8404907975460105,-,80.55053678973553,79.23474731605133,-1.3157894736842053,-,82.96722819707497,81.6144845034788,-1.3527436935961674,-,0.7301975910800922,0.6987624635675201,-0.03143512751257205,-,82.83582089552239,82.83582089552239,0.0,88.81578947368422,84.86842105263158,-3.9473684210526443,70.0,70.0,0.0,"[[111, 21, 2], [17, 135, 0], [4, 8, 28]]","[[111, 21, 2], [23, 129, 0], [4, 8, 28]]","[[0, 0, 0], [6, -6, 0], [0, 0, 0]]",-0.01261341876422118,-0.11619334235970229,266,8,2,50,54,9677
data_full__tp20_L5_p0p12,data_ablation_full,,tp20_L5_p0p12,5.0,0.12,run1,oof_pooled,979,82.12461695607763,80.4902962206333,-1.6343207354443336,-,79.80234394217112,78.63275329889626,-1.1695906432748586,-,81.47172321467072,79.7558660565443,-1.7158571581264113,-,0.6985628449866854,0.6720131467913559,-0.026549698195329485,-,81.59203980099502,81.59203980099502,0.0,85.08771929824562,81.57894736842105,-3.5087719298245617,72.72727272727273,72.72727272727273,0.0,"[[328, 68, 6], [62, 388, 6], [11, 22, 88]]","[[328, 68, 6], [72, 372, 12], [11, 22, 88]]","[[0, 0, 0], [10, -16, 6], [0, 0, 0]]",-0.012482314248469536,-0.13224981641501524,779,25,9,166,135,24883
data_full__tp20_L5_p0p12,data_ablation_full,,tp20_L5_p0p12,5.0,0.12,run2,fold01,72,69.44444444444444,69.44444444444444,0.0,0,66.40780565511749,66.40780565511749,0.0,0,66.85875706214689,66.85875706214689,0.0,0,0.5182264323917611,0.5182264323917611,0.0,0,81.48148148148148,81.48148148148148,0.0,67.74193548387096,67.74193548387096,0.0,50.0,50.0,0.0,"[[22, 3, 2], [8, 21, 2], [2, 5, 7]]","[[22, 3, 2], [8, 21, 2], [2, 5, 7]]","[[0, 0, 0], [0, 0, 0], [0, 0, 0]]",-3.6582350730895996e-06,-0.0071856143573919935,50,0,0,22,2,400
data_full__tp20_L5_p0p12,data_ablation_full,,tp20_L5_p0p12,5.0,0.12,run2,fold02,71,66.19718309859155,64.7887323943662,-1.408450704225345,-,65.3255346803734,62.944582299421015,-2.3809523809523796,-,65.75180206506916,63.51224105461394,-2.239561010455219,-,0.47169889043248636,0.44625508538458314,-0.025443805047903223,-,80.76923076923077,80.76923076923077,0.0,58.06451612903226,58.06451612903226,0.0,57.14285714285714,50.0,-7.142857142857139,"[[21, 5, 0], [10, 18, 3], [2, 4, 8]]","[[21, 5, 0], [10, 18, 3], [2, 5, 7]]","[[0, 0, 0], [0, 0, 0], [0, 1, -1]]",-0.014083685767437078,-0.38925889847983774,46,1,0,24,1,200
data_full__tp20_L5_p0p12,data_ablation_full,,tp20_L5_p0p12,5.0,0.12,run2,fold03,71,66.19718309859155,66.19718309859155,0.0,0,59.89601796053409,59.89601796053409,0.0,0,60.04855889724311,60.04855889724311,0.0,0,0.45896608905667236,0.45896608905667236,0.0,0,76.92307692307693,76.92307692307693,0.0,74.19354838709677,74.19354838709677,0.0,28.57142857142857,28.57142857142857,0.0,"[[20, 5, 1], [6, 23, 2], [5, 5, 4]]","[[20, 5, 1], [6, 23, 2], [5, 5, 4]]","[[0, 0, 0], [0, 0, 0], [0, 0, 0]]",0.0,0.0,47,0,0,24,0,0
data_full__tp20_L5_p0p12,data_ablation_full,,tp20_L5_p0p12,5.0,0.12,run2,oof_pooled,214,67.28971962616822,66.82242990654206,-0.46728971962616583,-,63.883865782599955,63.090214988949164,-0.7936507936507908,-,64.55099829747716,63.729378090033826,-0.8216202074433383,-,0.4824688400261222,0.47420253571448046,-0.00826630431164177,-,79.74683544303798,79.74683544303798,0.0,66.66666666666666,66.66666666666666,0.0,45.23809523809524,42.857142857142854,-2.3809523809523867,"[[63, 13, 3], [24, 62, 7], [9, 14, 19]]","[[63, 13, 3], [24, 62, 7], [9, 15, 18]]","[[0, 0, 0], [0, 0, 0], [0, 1, -1]]",-0.0046738555252957715,-0.13156423376542387,143,1,0,70,3,600
data_no_conv__tp20_L5_p0p12,data_ablation_no_module,no_conv,tp20_L5_p0p12,5.0,0.12,run1,fold01,327,79.20489296636084,77.98165137614679,-1.2232415902140588,-,77.82046123681977,76.94326825436363,-0.8771929824561369,-,79.390186562109,77.7308973678053,-1.659289194303696,-,0.6509524121737486,0.6324485112126109,-0.01850390096113763,-,81.34328358208955,81.34328358208955,0.0,78.94736842105263,76.31578947368422,-2.6315789473684106,73.17073170731707,73.17073170731707,0.0,"[[109, 24, 1], [29, 120, 3], [5, 6, 30]]","[[109, 24, 1], [30, 116, 6], [5, 6, 30]]","[[0, 0, 0], [1, -4, 3], [0, 0, 0]]",-0.010165789258838693,0.04977105924751416,249,10,6,62,42,8185
data_no_conv__tp20_L5_p0p12,data_ablation_no_module,no_conv,tp20_L5_p0p12,5.0,0.12,run1,fold02,326,80.06134969325154,79.75460122699386,-0.30674846625768737,-,78.89827179890023,78.6789735532862,-0.2192982456140271,-,78.65140888396702,78.41829529406405,-0.23311358990297038,-,0.667755761900005,0.6628004462055131,-0.004955315694491813,-,82.08955223880598,82.08955223880598,0.0,79.60526315789474,78.94736842105263,-0.6578947368421098,75.0,75.0,0.0,"[[110, 22, 2], [22, 121, 9], [4, 6, 30]]","[[110, 22, 2], [23, 120, 9], [4, 6, 30]]","[[0, 0, 0], [1, -1, 0], [0, 0, 0]]",-0.0009306236054174076,0.16036918590793764,255,6,5,60,39,7021
data_no_conv__tp20_L5_p0p12,data_ablation_no_module,no_conv,tp20_L5_p0p12,5.0,0.12,run1,fold03,326,77.60736196319019,75.76687116564416,-1.8404907975460247,-,80.15514532600157,78.83935585231737,-1.3157894736842053,-,76.45264363658288,74.55761681568133,-1.895026820901549,-,0.6403712014169086,0.6145932737825602,-0.025777927634348385,-,80.59701492537313,80.59701492537313,0.0,72.36842105263158,68.42105263157895,-3.94736842105263,87.5,87.5,0.0,"[[108, 18, 8], [28, 110, 14], [0, 5, 35]]","[[108, 18, 8], [31, 104, 17], [0, 5, 35]]","[[0, 0, 0], [3, -6, 3], [0, 0, 0]]",-0.00910561902793496,0.02935592800470217,240,13,7,66,54,9677
data_no_conv__tp20_L5_p0p12,data_ablation_no_module,no_conv,tp20_L5_p0p12,5.0,0.12,run1,oof_pooled,979,78.95812053115424,77.83452502553627,-1.1235955056179705,-,78.94312149561026,78.1390279283588,-0.8040935672514564,-,78.0672759638754,76.81939176916246,-1.2478841947129382,-,0.6519762827892167,0.6353396783316235,-0.016636604457593185,-,81.34328358208955,81.34328358208955,0.0,76.97368421052632,74.56140350877193,-2.4122807017543835,78.51239669421489,78.51239669421489,0.0,"[[327, 64, 11], [79, 351, 26], [9, 17, 95]]","[[327, 64, 11], [84, 340, 32], [9, 17, 95]]","[[0, 0, 0], [5, -11, 6], [0, 0, 0]]",-0.006737516022587461,0.07980135189934393,744,29,18,188,135,24883
data_no_conv__tp20_L5_p0p12,data_ablation_no_module,no_conv,tp20_L5_p0p12,5.0,0.12,run2,fold01,72,55.55555555555556,55.55555555555556,0.0,0,57.151391022358766,57.151391022358766,0.0,0,54.93827160493828,54.93827160493828,0.0,0,0.3353881275042346,0.3353881275042346,0.0,0,55.55555555555556,55.55555555555556,0.0,51.61290322580645,51.61290322580645,0.0,64.28571428571429,64.28571428571429,0.0,"[[15, 6, 6], [8, 16, 7], [4, 1, 9]]","[[15, 6, 6], [8, 16, 7], [4, 1, 9]]","[[0, 0, 0], [0, 0, 0], [0, 0, 0]]",-0.0005171497662862142,-0.004271955539782842,40,0,0,32,2,400
data_no_conv__tp20_L5_p0p12,data_ablation_no_module,no_conv,tp20_L5_p0p12,5.0,0.12,run2,fold02,71,56.33802816901409,54.929577464788736,-1.408450704225352,-,60.888573791799594,58.50762141084722,-2.3809523809523725,-,56.23083683234059,54.62407862407862,-1.6067582082619722,-,0.3663549852444777,0.33879570552124,-0.027559279723237684,-,65.38461538461539,65.38461538461539,0.0,38.70967741935484,38.70967741935484,0.0,78.57142857142857,71.42857142857143,-7.142857142857139,"[[17, 6, 3], [9, 12, 10], [3, 0, 11]]","[[17, 6, 3], [9, 12, 10], [3, 1, 10]]","[[0, 0, 0], [0, 0, 0], [0, 1, -1]]",-0.007644646000904099,-0.06420107122877954,39,1,0,31,1,200
data_no_conv__tp20_L5_p0p12,data_ablation_no_module,no_conv,tp20_L5_p0p12,5.0,0.12,run2,fold03,71,54.929577464788736,54.929577464788736,0.0,0,51.50064988774666,51.50064988774666,0.0,0,50.483091787439605,50.483091787439605,0.0,0,0.3108593378795985,0.3108593378795985,0.0,0,80.76923076923077,80.76923076923077,0.0,45.16129032258064,45.16129032258064,0.0,28.57142857142857,28.57142857142857,0.0,"[[21, 4, 1], [13, 14, 4], [8, 2, 4]]","[[21, 4, 1], [13, 14, 4], [8, 2, 4]]","[[0, 0, 0], [0, 0, 0], [0, 0, 0]]",0.0,0.0,39,0,0,32,0,0
data_no_conv__tp20_L5_p0p12,data_ablation_no_module,no_conv,tp20_L5_p0p12,5.0,0.12,run2,oof_pooled,214,55.60747663551402,55.140186915887845,-0.46728971962617294,-,56.4642516867915,55.67060089314071,-0.7936507936507908,-,54.638998759215426,53.999073567827,-0.6399251913884285,-,0.33252990827619394,0.32356049243664614,-0.0089694158395478,-,67.08860759493672,67.08860759493672,0.0,45.16129032258064,45.16129032258064,0.0,57.14285714285714,54.761904761904766,-2.3809523809523725,"[[53, 16, 10], [30, 42, 21], [15, 3, 24]]","[[53, 16, 10], [30, 42, 21], [15, 4, 23]]","[[0, 0, 0], [0, 0, 0], [0, 1, -1]]",-0.0027103020992373756,-0.02273764886031641,118,1,0,95,3,600
module_masked__no_conv__tp20_L5_p0p12,module_ablation_masked,no_conv,tp20_L5_p0p12,5.0,0.12,run1,fold01,327,79.20489296636084,77.98165137614679,-1.2232415902140588,-,75.533995618825,76.94326825436363,1.4092726355386276,+,77.22546769311798,77.7308973678053,0.5054296746873206,+,0.6501035758739692,0.6324485112126109,-0.017655064661358244,-,83.5820895522388,81.34328358208955,-2.2388059701492438,79.60526315789474,76.31578947368422,-3.2894736842105203,63.41463414634146,73.17073170731707,9.756097560975611,"[[112, 20, 2], [27, 121, 4], [5, 10, 26]]","[[109, 24, 1], [30, 116, 6], [5, 6, 30]]","[[-3, 4, -1], [3, -5, 2], [0, -4, 4]]",-0.010266904837741326,0.40926538487548847,227,32,28,40,42,8185
module_masked__no_conv__tp20_L5_p0p12,module_ablation_masked,no_conv,tp20_L5_p0p12,5.0,0.12,run1,fold02,326,80.06134969325154,79.75460122699386,-0.30674846625768737,-,81.20712228332025,78.6789735532862,-2.5281487300340473,-,80.26676323254271,78.41829529406405,-1.848467938478663,-,0.6690005788053955,0.6628004462055131,-0.006200132599882391,-,78.35820895522389,82.08955223880598,3.731343283582092,80.26315789473685,78.94736842105263,-1.3157894736842195,85.0,75.0,-10.0,"[[105, 27, 2], [22, 122, 8], [2, 4, 34]]","[[110, 22, 2], [23, 120, 9], [4, 6, 30]]","[[5, -5, 0], [1, -2, 1], [2, 2, -4]]",-0.026987556104110105,-1.1137667667874895,224,37,36,29,39,7021
module_masked__no_conv__tp20_L5_p0p12,module_ablation_masked,no_conv,tp20_L5_p0p12,5.0,0.12,run1,fold03,326,82.20858895705521,75.76687116564416,-6.441717791411051,-,79.23474731605133,78.83935585231737,-0.39539146373395795,-,81.6144845034788,74.55761681568133,-7.056867687797478,-,0.6987624635675201,0.6145932737825602,-0.08416918978495991,-,82.83582089552239,80.59701492537313,-2.238805970149258,84.86842105263158,68.42105263157895,-16.44736842105263,70.0,87.5,17.5,"[[111, 21, 2], [23, 129, 0], [4, 8, 28]]","[[108, 18, 8], [31, 104, 17], [0, 5, 35]]","[[-3, -3, 6], [8, -25, 17], [-4, -3, 7]]",-0.09133438176186483,-2.2705051050024347,215,53,32,26,54,9677
module_masked__no_conv__tp20_L5_p0p12,module_ablation_masked,no_conv,tp20_L5_p0p12,5.0,0.12,run1,oof_pooled,979,80.4902962206333,77.83452502553627,-2.6557711950970315,-,78.63275329889626,78.1390279283588,-0.49372537053746157,-,79.7558660565443,76.81939176916246,-2.9364742873818415,-,0.6720131467913559,0.6353396783316235,-0.036673468459732406,-,81.59203980099502,81.34328358208955,-0.24875621890546995,81.57894736842105,74.56140350877193,-7.017543859649123,72.72727272727273,78.51239669421489,5.785123966942152,"[[328, 68, 6], [72, 372, 12], [11, 22, 88]]","[[327, 64, 11], [84, 340, 32], [9, 17, 95]]","[[-1, -4, 5], [12, -32, 20], [-2, -5, 7]]",-0.04282965232507584,-0.9902378440748013,666,122,96,95,135,24883
module_masked__no_conv__tp20_L5_p0p12,module_ablation_masked,no_conv,tp20_L5_p0p12,5.0,0.12,run2,fold01,72,69.44444444444444,55.55555555555556,-13.888888888888886,-,66.40780565511749,57.151391022358766,-9.25641463275872,-,66.85875706214689,54.93827160493828,-11.920485457208613,-,0.5182264323917611,0.3353881275042346,-0.18283830488752656,-,81.48148148148148,55.55555555555556,-25.925925925925924,67.74193548387096,51.61290322580645,-16.129032258064512,50.0,64.28571428571429,14.285714285714292,"[[22, 3, 2], [8, 21, 2], [2, 5, 7]]","[[15, 6, 6], [8, 16, 7], [4, 1, 9]]","[[-7, 3, 4], [0, -5, 5], [2, -4, 2]]",-0.1593767382405531,-1.9989521874748688,30,20,10,12,2,400
module_masked__no_conv__tp20_L5_p0p12,module_ablation_masked,no_conv,tp20_L5_p0p12,5.0,0.12,run2,fold02,71,64.7887323943662,54.929577464788736,-9.859154929577471,-,62.944582299421015,58.50762141084722,-4.436960888573793,-,63.51224105461394,54.62407862407862,-8.888162430535317,-,0.44625508538458314,0.33879570552124,-0.10745937986334314,-,80.76923076923077,65.38461538461539,-15.384615384615387,58.06451612903226,38.70967741935484,-19.354838709677423,50.0,71.42857142857143,21.42857142857143,"[[21, 5, 0], [10, 18, 3], [2, 5, 7]]","[[17, 6, 3], [9, 12, 10], [3, 1, 10]]","[[-4, 1, 3], [-1, -6, 7], [1, -4, 3]]",-0.16227252017036495,-2.099661729783869,30,16,9,16,1,200
module_masked__no_conv__tp20_L5_p0p12,module_ablation_masked,no_conv,tp20_L5_p0p12,5.0,0.12,run2,fold03,71,66.19718309859155,54.929577464788736,-11.267605633802816,-,59.89601796053409,51.50064988774666,-8.395368072787427,-,60.04855889724311,50.483091787439605,-9.565467109803507,-,0.45896608905667236,0.3108593378795985,-0.14810675117707384,-,76.92307692307693,80.76923076923077,3.8461538461538396,74.19354838709677,45.16129032258064,-29.032258064516128,28.57142857142857,28.57142857142857,0.0,"[[20, 5, 1], [6, 23, 2], [5, 5, 4]]","[[21, 4, 1], [13, 14, 4], [8, 2, 4]]","[[1, -1, 0], [7, -9, 2], [3, -3, 0]]",-0.21893926014955578,-2.944153240714616,34,13,5,19,0,0
module_masked__no_conv__tp20_L5_p0p12,module_ablation_masked,no_conv,tp20_L5_p0p12,5.0,0.12,run2,oof_pooled,214,66.82242990654206,55.140186915887845,-11.68224299065421,-,63.090214988949164,55.67060089314071,-7.4196140958084555,-,63.729378090033826,53.999073567827,-9.73030452220683,-,0.47420253571448046,0.32356049243664614,-0.15064204327783431,-,79.74683544303798,67.08860759493672,-12.658227848101262,66.66666666666666,45.16129032258064,-21.505376344086017,42.857142857142854,54.761904761904766,11.904761904761912,"[[63, 13, 3], [24, 62, 7], [9, 15, 18]]","[[53, 16, 10], [30, 42, 21], [15, 4, 23]]","[[-10, 3, 7], [6, -20, 14], [6, -11, 5]]",-0.18009888577586072,-2.345959908427958,94,49,24,47,3,600
data_no_lstm__tp20_L5_p0p12,data_ablation_no_module,no_lstm,tp20_L5_p0p12,5.0,0.12,run1,fold01,327,75.22935779816514,72.78287461773701,-2.4464831804281317,-,72.98224857739544,71.22786261248315,-1.754385964912288,-,74.65929369343549,71.36397194536728,-3.295321748068204,-,0.5824277209957041,0.5464327603672862,-0.035994960628417894,-,76.11940298507463,76.11940298507463,0.0,76.97368421052632,71.71052631578947,-5.26315789473685,65.85365853658537,65.85365853658537,0.0,"[[102, 30, 2], [31, 117, 4], [4, 10, 27]]","[[102, 30, 2], [32, 109, 11], [4, 10, 27]]","[[0, 0, 0], [1, -8, 7], [0, 0, 0]]",-0.017732378184050213,-0.23858155655056604,232,14,6,75,42,8185
data_no_lstm__tp20_L5_p0p12,data_ablation_no_module,no_lstm,tp20_L5_p0p12,5.0,0.12,run1,fold02,326,74.23312883435584,73.31288343558282,-0.9202453987730195,-,73.23841319717204,72.58051846032993,-0.6578947368421098,-,73.4197528076379,72.94267085571433,-0.47708195192358005,-,0.5692124265740279,0.5538222384587292,-0.015390188115298686,-,75.3731343283582,75.3731343283582,0.0,74.3421052631579,72.36842105263158,-1.9736842105263293,70.0,70.0,0.0,"[[101, 30, 3], [31, 113, 8], [5, 7, 28]]","[[101, 30, 3], [35, 110, 7], [5, 7, 28]]","[[0, 0, 0], [4, -3, -1], [0, 0, 0]]",-0.006748349013704588,0.011648499938242275,236,6,3,81,39,7021
data_no_lstm__tp20_L5_p0p12,data_ablation_no_module,no_lstm,tp20_L5_p0p12,5.0,0.12,run1,fold03,326,77.91411042944786,75.76687116564416,-2.147239263803698,-,77.18643623985336,75.65134852055513,-1.5350877192982324,-,76.36475294195755,74.03846924923101,-2.326283692726534,-,0.6335414855138196,0.6016305592896941,-0.0319109262241255,-,77.61194029850746,77.61194029850746,0.0,78.94736842105263,74.3421052631579,-4.605263157894726,75.0,75.0,0.0,"[[104, 23, 7], [25, 120, 7], [3, 7, 30]]","[[104, 23, 7], [28, 113, 11], [3, 7, 30]]","[[0, 0, 0], [3, -7, 4], [0, 0, 0]]",-0.02545761888213348,-0.6000486540385276,242,12,5,67,54,9677
data_no_lstm__tp20_L5_p0p12,data_ablation_no_module,no_lstm,tp20_L5_p0p12,5.0,0.12,run1,oof_pooled,979,75.79162410623084,73.95301327885598,-1.8386108273748647,-,74.4568263510633,73.1410368773791,-1.3157894736842053,-,74.79679148332708,72.75365103482267,-2.043140448504417,-,0.5949564188779985,0.5672558146835777,-0.027700604194420886,-,76.3681592039801,76.3681592039801,0.0,76.75438596491229,72.80701754385966,-3.94736842105263,70.24793388429752,70.24793388429752,0.0,"[[307, 83, 12], [87, 350, 19], [12, 24, 85]]","[[307, 83, 12], [95, 332, 29], [12, 24, 85]]","[[0, 0, 0], [8, -18, 10], [0, 0, 0]]",-0.016647224923623728,-0.2756226958413975,710,32,14,223,135,24883
data_no_lstm__tp20_L5_p0p12,data_ablation_no_module,no_lstm,tp20_L5_p0p12,5.0,0.12,run2,fold01,72,63.888888888888886,62.5,-1.3888888888888857,-,63.762303009614826,61.381350628662446,-2.3809523809523796,-,62.59259259259259,60.816798941798936,-1.775793650793652,-,0.45896250049990833,0.4336200205931348,-0.02534247990677352,-,59.25925925925925,59.25925925925925,0.0,67.74193548387096,67.74193548387096,0.0,64.28571428571429,57.14285714285714,-7.142857142857153,"[[16, 6, 5], [2, 21, 8], [0, 5, 9]]","[[16, 6, 5], [2, 21, 8], [0, 6, 8]]","[[0, 0, 0], [0, 0, 0], [0, 1, -1]]",-0.0050517357885837555,-0.022019210591679446,45,1,0,26,2,400
data_no_lstm__tp20_L5_p0p12,data_ablation_no_module,no_lstm,tp20_L5_p0p12,5.0,0.12,run2,fold02,71,56.33802816901409,54.929577464788736,-1.408450704225352,-,53.73980857851826,51.35885619756587,-2.3809523809523867,-,55.29980107985223,52.775840243870945,-2.523960835981285,-,0.2972806093565435,0.2714189397390067,-0.025861669617536776,-,53.84615384615385,53.84615384615385,0.0,64.51612903225806,64.51612903225806,0.0,42.857142857142854,35.714285714285715,-7.142857142857139,"[[14, 11, 1], [9, 20, 2], [2, 6, 6]]","[[14, 11, 1], [9, 20, 2], [2, 7, 5]]","[[0, 0, 0], [0, 0, 0], [0, 1, -1]]",-0.0030910549029498037,-0.023190278350047663,39,1,0,31,1,200
data_no_lstm__tp20_L5_p0p12,data_ablation_no_module,no_lstm,tp20_L5_p0p12,5.0,0.12,run2,fold03,71,67.6056338028169,67.6056338028169,0.0,0,63.58265390523455,63.58265390523455,0.0,0,63.48309568648551,63.48309568648551,0.0,0,0.4934358082473687,0.4934358082473687,0.0,0,76.92307692307693,76.92307692307693,0.0,70.96774193548387,70.96774193548387,0.0,42.857142857142854,42.857142857142854,0.0,"[[20, 4, 2], [4, 22, 5], [6, 2, 6]]","[[20, 4, 2], [4, 22, 5], [6, 2, 6]]","[[0, 0, 0], [0, 0, 0], [0, 0, 0]]",0.0,0.0,48,0,0,23,0,0
data_no_lstm__tp20_L5_p0p12,data_ablation_no_module,no_lstm,tp20_L5_p0p12,5.0,0.12,run2,oof_pooled,214,62.616822429906534,61.6822429906542,-0.9345794392523317,-,60.344358241459105,58.757056654157516,-1.5873015873015888,-,60.31415748674011,58.88418964076859,-1.4299678459715182,-,0.41329125049232496,0.39659907627856095,-0.01669217421376401,-,63.29113924050633,63.29113924050633,0.0,67.74193548387096,67.74193548387096,0.0,50.0,45.23809523809524,-4.761904761904759,"[[50, 21, 8], [15, 63, 15], [8, 13, 21]]","[[50, 21, 8], [15, 63, 15], [8, 15, 19]]","[[0, 0, 0], [0, 0, 0], [0, 2, -2]]",-0.002725186331249843,-0.015102303389973383,132,2,0,80,3,600
module_masked__no_lstm__tp20_L5_p0p12,module_ablation_masked,no_lstm,tp20_L5_p0p12,5.0,0.12,run1,fold01,327,79.20489296636084,72.78287461773701,-6.422018348623837,-,75.533995618825,71.22786261248315,-4.306133006341852,-,77.22546769311798,71.36397194536728,-5.861495747750695,-,0.6501035758739692,0.5464327603672862,-0.103670815506683,-,83.5820895522388,76.11940298507463,-7.46268656716417,79.60526315789474,71.71052631578947,-7.894736842105274,63.41463414634146,65.85365853658537,2.439024390243908,"[[112, 20, 2], [27, 121, 4], [5, 10, 26]]","[[102, 30, 2], [32, 109, 11], [4, 10, 27]]","[[-10, 10, 0], [5, -12, 7], [-1, 0, 1]]",-0.07841168560831208,-1.5805739774354464,209,50,29,39,42,8185
module_masked__no_lstm__tp20_L5_p0p12,module_ablation_masked,no_lstm,tp20_L5_p0p12,5.0,0.12,run1,fold02,326,80.06134969325154,73.31288343558282,-6.748466257668724,-,81.20712228332025,72.58051846032993,-8.626603822990319,-,80.26676323254271,72.94267085571433,-7.324092376828389,-,0.6690005788053955,0.5538222384587292,-0.1151783403466663,-,78.35820895522389,75.3731343283582,-2.985074626865682,80.26315789473685,72.36842105263158,-7.894736842105274,85.0,70.0,-15.0,"[[105, 27, 2], [22, 122, 8], [2, 4, 34]]","[[101, 30, 3], [35, 110, 7], [5, 7, 28]]","[[-4, 3, 1], [13, -12, -1], [3, 3, -6]]",-0.0864986889707232,-2.2470998395280057,205,56,34,31,39,7021
module_masked__no_lstm__tp20_L5_p0p12,module_ablation_masked,no_lstm,tp20_L5_p0p12,5.0,0.12,run1,fold03,326,82.20858895705521,75.76687116564416,-6.441717791411051,-,79.23474731605133,75.65134852055513,-3.583398795496194,-,81.6144845034788,74.03846924923101,-7.5760152542477925,-,0.6987624635675201,0.6016305592896941,-0.09713190427782603,-,82.83582089552239,77.61194029850746,-5.223880597014926,84.86842105263158,74.3421052631579,-10.52631578947367,70.0,75.0,5.0,"[[111, 21, 2], [23, 129, 0], [4, 8, 28]]","[[104, 23, 7], [28, 113, 11], [3, 7, 30]]","[[-7, 2, 5], [5, -16, 11], [-1, -1, 2]]",-0.07132894325527515,0.5968105659643017,219,49,28,30,54,9677
module_masked__no_lstm__tp20_L5_p0p12,module_ablation_masked,no_lstm,tp20_L5_p0p12,5.0,0.12,run1,oof_pooled,979,80.4902962206333,73.95301327885598,-6.53728294177732,-,78.63275329889626,73.1410368773791,-5.491716421517168,-,79.7558660565443,72.75365103482267,-7.002215021721639,-,0.6720131467913559,0.5672558146835777,-0.10475733210777827,-,81.59203980099502,76.3681592039801,-5.223880597014926,81.57894736842105,72.80701754385966,-8.771929824561397,72.72727272727273,70.24793388429752,-2.47933884297521,"[[328, 68, 6], [72, 372, 12], [11, 22, 88]]","[[307, 83, 12], [95, 332, 29], [12, 24, 85]]","[[-21, 15, 6], [23, -40, 17], [1, 2, -3]]",-0.07874609734381359,-1.077468839431214,633,155,91,100,135,24883
module_masked__no_lstm__tp20_L5_p0p12,module_ablation_masked,no_lstm,tp20_L5_p0p12,5.0,0.12,run2,fold01,72,69.44444444444444,62.5,-6.944444444444443,-,66.40780565511749,61.381350628662446,-5.026455026455039,-,66.85875706214689,60.816798941798936,-6.041958120347957,-,0.5182264323917611,0.4336200205931348,-0.08460641179862632,-,81.48148148148148,59.25925925925925,-22.22222222222223,67.74193548387096,67.74193548387096,0.0,50.0,57.14285714285714,7.142857142857139,"[[22, 3, 2], [8, 21, 2], [2, 5, 7]]","[[16, 6, 5], [2, 21, 8], [0, 6, 8]]","[[-6, 3, 3], [-6, 0, 6], [-2, 1, 1]]",-0.08286415426042974,-2.015300989471143,39,11,6,16,2,400
module_masked__no_lstm__tp20_L5_p0p12,module_ablation_masked,no_lstm,tp20_L5_p0p12,5.0,0.12,run2,fold02,71,64.7887323943662,54.929577464788736,-9.859154929577471,-,62.944582299421015,51.35885619756587,-11.585726101855144,-,63.51224105461394,52.775840243870945,-10.736400810742992,-,0.44625508538458314,0.2714189397390067,-0.17483614564557642,-,80.76923076923077,53.84615384615385,-26.923076923076927,58.06451612903226,64.51612903225806,6.451612903225801,50.0,35.714285714285715,-14.285714285714285,"[[21, 5, 0], [10, 18, 3], [2, 5, 7]]","[[14, 11, 1], [9, 20, 2], [2, 7, 5]]","[[-7, 6, 1], [-1, 2, -1], [0, 2, -2]]",-0.24278030992159016,-2.2416090292816744,29,17,10,15,1,200
module_masked__no_lstm__tp20_L5_p0p12,module_ablation_masked,no_lstm,tp20_L5_p0p12,5.0,0.12,run2,fold03,71,66.19718309859155,67.6056338028169,1.408450704225345,+,59.89601796053409,63.58265390523455,3.6866359447004626,+,60.04855889724311,63.48309568648551,3.434536789242401,+,0.45896608905667236,0.4934358082473687,0.03446971919069636,+,76.92307692307693,76.92307692307693,0.0,74.19354838709677,70.96774193548387,-3.225806451612897,28.57142857142857,42.857142857142854,14.285714285714285,"[[20, 5, 1], [6, 23, 2], [5, 5, 4]]","[[20, 4, 2], [4, 22, 5], [6, 2, 6]]","[[0, -1, 1], [-2, -1, 3], [1, -3, 2]]",-0.06961935991307203,-2.6801207011014645,40,7,8,16,0,0
module_masked__no_lstm__tp20_L5_p0p12,module_ablation_masked,no_lstm,tp20_L5_p0p12,5.0,0.12,run2,oof_pooled,214,66.82242990654206,61.6822429906542,-5.140186915887853,-,63.090214988949164,58.757056654157516,-4.333158334791648,-,63.729378090033826,58.88418964076859,-4.845188449265237,-,0.47420253571448046,0.39659907627856095,-0.07760345943591951,-,79.74683544303798,63.29113924050633,-16.455696202531648,66.66666666666666,67.74193548387096,1.0752688172043037,42.857142857142854,45.23809523809524,2.3809523809523867,"[[63, 13, 3], [24, 62, 7], [9, 15, 18]]","[[50, 21, 8], [15, 63, 15], [8, 15, 19]]","[[-13, 8, 5], [-9, 1, 8], [-1, 0, 1]]",-0.1315261479673456,-2.3109555238276878,108,35,24,47,3,600
data_no_attention__tp20_L5_p0p12,data_ablation_no_module,no_attention,tp20_L5_p0p12,5.0,0.12,run1,fold01,327,81.9571865443425,77.67584097859327,-4.281345565749234,-,79.91197734051183,76.84180190191533,-3.0701754385964932,-,82.01435063589545,76.05728637223635,-5.957064263659106,-,0.6962494375241386,0.6324259640819699,-0.06382347344216865,-,84.32835820895522,84.32835820895522,0.0,82.23684210526315,73.02631578947368,-9.210526315789465,73.17073170731707,73.17073170731707,0.0,"[[113, 19, 2], [27, 125, 0], [2, 9, 30]]","[[113, 19, 2], [29, 111, 12], [2, 9, 30]]","[[0, 0, 0], [2, -14, 12], [0, 0, 0]]",-0.04211983197462774,-1.0074579161776953,251,17,3,56,42,8185
data_no_attention__tp20_L5_p0p12,data_ablation_no_module,no_attention,tp20_L5_p0p12,5.0,0.12,run1,fold02,326,81.90184049079755,78.22085889570552,-3.6809815950920353,-,79.51165226499084,76.88007331762242,-2.631578947368425,-,80.47822307750707,77.28113065569241,-3.1970924218146592,-,0.6958625448093783,0.6354115657376145,-0.06045097907176378,-,79.8507462686567,79.8507462686567,0.0,86.18421052631578,78.28947368421053,-7.894736842105246,72.5,72.5,0.0,"[[107, 24, 3], [17, 131, 4], [4, 7, 29]]","[[107, 24, 3], [27, 119, 6], [4, 7, 29]]","[[0, 0, 0], [10, -12, 2], [0, 0, 0]]",-0.033902139922180136,-0.6375823234396478,253,14,2,57,39,7021
data_no_attention__tp20_L5_p0p12,data_ablation_no_module,no_attention,tp20_L5_p0p12,5.0,0.12,run1,fold03,326,84.3558282208589,79.14110429447852,-5.214723926380373,-,83.89892642052894,80.17085624509033,-3.728070175438603,-,83.66469909688912,79.01575177419288,-4.6489473226962446,-,0.7390486456524588,0.6576702909039821,-0.08137835474847666,-,84.32835820895522,84.32835820895522,0.0,84.86842105263158,73.68421052631578,-11.184210526315795,82.5,82.5,0.0,"[[113, 20, 1], [16, 129, 7], [4, 3, 33]]","[[113, 20, 1], [30, 112, 10], [4, 3, 33]]","[[0, 0, 0], [14, -17, 3], [0, 0, 0]]",-0.043842333260051373,-0.9006783608689996,256,19,2,49,54,9677
data_no_attention__tp20_L5_p0p12,data_ablation_no_module,no_attention,tp20_L5_p0p12,5.0,0.12,run1,oof_pooled,979,82.73748723186925,78.34525025536261,-4.392236976506638,-,81.09956776938853,77.95629291558735,-3.1432748538011737,-,82.05217929651486,77.45520139496959,-4.596977901545273,-,0.7100686691507885,0.6415355345167908,-0.06853313463399768,-,82.83582089552239,82.83582089552239,0.0,84.4298245614035,75.0,-9.429824561403507,76.03305785123968,76.03305785123968,0.0,"[[333, 63, 6], [60, 385, 11], [10, 19, 92]]","[[333, 63, 6], [86, 342, 28], [10, 19, 92]]","[[0, 0, 0], [26, -43, 17], [0, 0, 0]]",-0.03995697989081792,-0.8487351600354703,760,50,7,162,135,24883
data_no_attention__tp20_L5_p0p12,data_ablation_no_module,no_attention,tp20_L5_p0p12,5.0,0.12,run2,fold01,72,58.333333333333336,56.94444444444444,-1.3888888888888928,-,55.384877965523124,53.00392558457075,-2.3809523809523725,-,55.707282913165265,53.468867418142786,-2.2384154950224797,-,0.3440986103748549,0.3190262147243699,-0.02507239565048497,-,55.55555555555556,55.55555555555556,0.0,67.74193548387096,67.74193548387096,0.0,42.857142857142854,35.714285714285715,-7.142857142857139,"[[15, 9, 3], [5, 21, 5], [1, 7, 6]]","[[15, 9, 3], [5, 21, 5], [1, 8, 5]]","[[0, 0, 0], [0, 0, 0], [0, 1, -1]]",-0.007373023712716531,-0.12777680800192887,41,1,0,30,2,400
data_no_attention__tp20_L5_p0p12,data_ablation_no_module,no_attention,tp20_L5_p0p12,5.0,0.12,run2,fold02,71,63.38028169014085,61.97183098591549,-1.4084507042253591,-,68.66950254047029,66.2885501595179,-2.380952380952394,-,63.681341719077565,62.13905133203379,-1.5422903870437779,-,0.4690406293950227,0.4419575871920494,-0.027083042202973306,-,61.53846153846154,61.53846153846154,0.0,51.61290322580645,51.61290322580645,0.0,92.85714285714286,85.71428571428571,-7.142857142857153,"[[16, 6, 4], [7, 16, 8], [1, 0, 13]]","[[16, 6, 4], [7, 16, 8], [1, 1, 12]]","[[0, 0, 0], [0, 0, 0], [0, 1, -1]]",-0.00718019514976866,-0.20564707756881986,44,1,0,26,1,200
data_no_attention__tp20_L5_p0p12,data_ablation_no_module,no_attention,tp20_L5_p0p12,5.0,0.12,run2,fold03,71,56.33802816901409,56.33802816901409,0.0,0,51.74878884556304,51.74878884556304,0.0,0,51.7458781609725,51.7458781609725,0.0,0,0.30795014030702567,0.30795014030702567,0.0,0,65.38461538461539,65.38461538461539,0.0,61.29032258064516,61.29032258064516,0.0,28.57142857142857,28.57142857142857,0.0,"[[17, 7, 2], [6, 19, 6], [4, 6, 4]]","[[17, 7, 2], [6, 19, 6], [4, 6, 4]]","[[0, 0, 0], [0, 0, 0], [0, 0, 0]]",0.0,0.0,40,0,0,31,0,0
data_no_attention__tp20_L5_p0p12,data_ablation_no_module,no_attention,tp20_L5_p0p12,5.0,0.12,run2,oof_pooled,214,59.345794392523366,58.41121495327103,-0.9345794392523388,-,58.5788173987439,56.99151581144232,-1.5873015873015817,-,57.96936324972884,56.64835295256145,-1.3210102971673905,-,0.36980374236342506,0.3527958923757269,-0.017007849987698165,-,60.75949367088608,60.75949367088608,0.0,60.215053763440864,60.215053763440864,0.0,54.761904761904766,50.0,-4.761904761904766,"[[48, 22, 9], [18, 56, 19], [6, 13, 23]]","[[48, 22, 9], [18, 56, 19], [6, 15, 21]]","[[0, 0, 0], [0, 0, 0], [0, 2, -2]]",-0.004862857770790491,-0.11121903123142564,125,2,0,87,3,600
module_masked__no_attention__tp20_L5_p0p12,module_ablation_masked,no_attention,tp20_L5_p0p12,5.0,0.12,run1,fold01,327,79.20489296636084,77.67584097859327,-1.5290519877675735,-,75.533995618825,76.84180190191533,1.3078062830903292,+,77.22546769311798,76.05728637223635,-1.1681813208816294,-,0.6501035758739692,0.6324259640819699,-0.017677611791999226,-,83.5820895522388,84.32835820895522,0.7462686567164241,79.60526315789474,73.02631578947368,-6.578947368421055,63.41463414634146,73.17073170731707,9.756097560975611,"[[112, 20, 2], [27, 121, 4], [5, 10, 26]]","[[113, 19, 2], [29, 111, 12], [2, 9, 30]]","[[1, -1, 0], [2, -10, 8], [-3, -1, 4]]",-0.03366696517941323,-0.346211273690247,222,37,32,36,42,8185
module_masked__no_attention__tp20_L5_p0p12,module_ablation_masked,no_attention,tp20_L5_p0p12,5.0,0.12,run1,fold02,326,80.06134969325154,78.22085889570552,-1.8404907975460247,-,81.20712228332025,76.88007331762242,-4.327048965697827,-,80.26676323254271,77.28113065569241,-2.985632576850307,-,0.6690005788053955,0.6354115657376145,-0.03358901306778106,-,78.35820895522389,79.8507462686567,1.4925373134328197,80.26315789473685,78.28947368421053,-1.973684210526315,85.0,72.5,-12.5,"[[105, 27, 2], [22, 122, 8], [2, 4, 34]]","[[107, 24, 3], [27, 119, 6], [4, 7, 29]]","[[2, -3, 1], [5, -3, -2], [2, 3, -5]]",-0.026649579294717254,1.4774769470724134,222,39,33,32,39,7021
module_masked__no_attention__tp20_L5_p0p12,module_ablation_masked,no_attention,tp20_L5_p0p12,5.0,0.12,run1,fold03,326,82.20858895705521,79.14110429447852,-3.067484662576689,-,79.23474731605133,80.17085624509033,0.9361089290390083,+,81.6144845034788,79.01575177419288,-2.5987327292859277,-,0.6987624635675201,0.6576702909039821,-0.04109217266353804,-,82.83582089552239,84.32835820895522,1.492537313432834,84.86842105263158,73.68421052631578,-11.184210526315795,70.0,82.5,12.5,"[[111, 21, 2], [23, 129, 0], [4, 8, 28]]","[[113, 20, 1], [30, 112, 10], [4, 3, 33]]","[[2, -1, -1], [7, -17, 10], [0, -5, 5]]",-0.03943071270952915,0.17981652998325467,227,41,31,27,54,9677
module_masked__no_attention__tp20_L5_p0p12,module_ablation_masked,no_attention,tp20_L5_p0p12,5.0,0.12,run1,oof_pooled,979,80.4902962206333,78.34525025536261,-2.1450459652706826,-,78.63275329889626,77.95629291558735,-0.6764603833089069,-,79.7558660565443,77.45520139496959,-2.3006646615747144,-,0.6720131467913559,0.6415355345167908,-0.030477612274565136,-,81.59203980099502,82.83582089552239,1.243781094527364,81.57894736842105,75.0,-6.578947368421055,72.72727272727273,76.03305785123968,3.305785123966942,"[[328, 68, 6], [72, 372, 12], [11, 22, 88]]","[[333, 63, 6], [86, 342, 28], [10, 19, 92]]","[[5, -5, 0], [14, -30, 16], [-1, -3, 4]]",-0.03324951257104438,0.4362273616174025,671,117,96,95,135,24883
module_masked__no_attention__tp20_L5_p0p12,module_ablation_masked,no_attention,tp20_L5_p0p12,5.0,0.12,run2,fold01,72,69.44444444444444,56.94444444444444,-12.5,-,66.40780565511749,53.00392558457075,-13.403880070546734,-,66.85875706214689,53.468867418142786,-13.389889644004107,-,0.5182264323917611,0.3190262147243699,-0.1992002176673912,-,81.48148148148148,55.55555555555556,-25.925925925925924,67.74193548387096,67.74193548387096,0.0,50.0,35.714285714285715,-14.285714285714285,"[[22, 3, 2], [8, 21, 2], [2, 5, 7]]","[[15, 9, 3], [5, 21, 5], [1, 8, 5]]","[[-7, 6, 1], [-3, 0, 3], [-1, 3, -2]]",-0.1607229088850204,-2.4555081980264126,36,14,5,17,2,400
module_masked__no_attention__tp20_L5_p0p12,module_ablation_masked,no_attention,tp20_L5_p0p12,5.0,0.12,run2,fold02,71,64.7887323943662,61.97183098591549,-2.8169014084507182,-,62.944582299421015,66.2885501595179,3.343967860096882,+,63.51224105461394,62.13905133203379,-1.3731897225801504,-,0.44625508538458314,0.4419575871920494,-0.004297498192533722,-,80.76923076923077,61.53846153846154,-19.230769230769234,58.06451612903226,51.61290322580645,-6.451612903225815,50.0,85.71428571428571,35.71428571428571,"[[21, 5, 0], [10, 18, 3], [2, 5, 7]]","[[16, 6, 4], [7, 16, 8], [1, 1, 12]]","[[-5, 1, 4], [-3, -2, 5], [-1, -4, 5]]",-0.0779090099115548,-1.6307180067606297,32,14,12,13,1,200
module_masked__no_attention__tp20_L5_p0p12,module_ablation_masked,no_attention,tp20_L5_p0p12,5.0,0.12,run2,fold03,71,66.19718309859155,56.33802816901409,-9.859154929577464,-,59.89601796053409,51.74878884556304,-8.147229114971047,-,60.04855889724311,51.7458781609725,-8.30268073627061,-,0.45896608905667236,0.30795014030702567,-0.1510159487496467,-,76.92307692307693,65.38461538461539,-11.538461538461547,74.19354838709677,61.29032258064516,-12.903225806451609,28.57142857142857,28.57142857142857,0.0,"[[20, 5, 1], [6, 23, 2], [5, 5, 4]]","[[17, 7, 2], [6, 19, 6], [4, 6, 4]]","[[-3, 2, 1], [0, -4, 4], [-1, 1, 0]]",-0.18859351448549647,-3.8264942031196307,35,12,5,19,0,0
module_masked__no_attention__tp20_L5_p0p12,module_ablation_masked,no_attention,tp20_L5_p0p12,5.0,0.12,run2,oof_pooled,214,66.82242990654206,58.41121495327103,-8.411214953271028,-,63.090214988949164,56.99151581144232,-6.098699177506845,-,63.729378090033826,56.64835295256145,-7.081025137472373,-,0.47420253571448046,0.3527958923757269,-0.12140664333875356,-,79.74683544303798,60.75949367088608,-18.9873417721519,66.66666666666666,60.215053763440864,-6.451612903225794,42.857142857142854,50.0,7.142857142857146,"[[63, 13, 3], [24, 62, 7], [9, 15, 18]]","[[48, 22, 9], [18, 56, 19], [6, 15, 21]]","[[-15, 9, 6], [-6, -6, 12], [-3, 0, 3]]",-0.14249405921454256,-2.636722697006543,103,40,22,49,3,600
data_full__tp21_L5_p0p13,data_ablation_full,,tp21_L5_p0p13,5.0,0.13,run1,fold01,327,80.73394495412845,79.20489296636084,-1.5290519877676019,-,76.63048684689517,75.533995618825,-1.096491228070164,-,79.0877721312504,77.22546769311798,-1.8623044381324263,-,0.6743426700043699,0.6501035758739692,-0.024239094130400707,-,83.5820895522388,83.5820895522388,0.0,82.89473684210526,79.60526315789474,-3.2894736842105203,63.41463414634146,63.41463414634146,0.0,"[[112, 20, 2], [25, 126, 1], [5, 10, 26]]","[[112, 20, 2], [27, 121, 4], [5, 10, 26]]","[[0, 0, 0], [2, -5, 3], [0, 0, 0]]",-0.014032265960034778,-0.16286052777132856,254,10,5,58,44,8386
data_full__tp21_L5_p0p13,data_ablation_full,,tp21_L5_p0p13,5.0,0.13,run1,fold02,326,81.59509202453987,80.06134969325154,-1.5337423312883232,-,82.30361351139041,81.20712228332025,-1.096491228070164,-,82.11529042328695,80.26676323254271,-1.8485271907442353,-,0.6929312561648969,0.6690005788053955,-0.023930677359501384,-,78.35820895522389,78.35820895522389,0.0,83.55263157894737,80.26315789473685,-3.2894736842105203,85.0,85.0,0.0,"[[105, 27, 2], [20, 127, 5], [2, 4, 34]]","[[105, 27, 2], [22, 122, 8], [2, 4, 34]]","[[0, 0, 0], [2, -5, 3], [0, 0, 0]]",-0.010387665769167423,-0.13962191970664664,259,7,2,58,39,7022
data_full__tp21_L5_p0p13,data_ablation_full,,tp21_L5_p0p13,5.0,0.13,run1,fold03,326,84.04907975460122,82.51533742331289,-1.5337423312883374,-,80.55053678973553,79.45404556166537,-1.096491228070164,-,82.96722819707497,81.84003512060843,-1.1271930764665399,-,0.7301975910800922,0.7039328174018926,-0.02626477367819957,-,82.83582089552239,82.83582089552239,0.0,88.81578947368422,85.52631578947368,-3.2894736842105345,70.0,70.0,0.0,"[[111, 21, 2], [17, 135, 0], [4, 8, 28]]","[[111, 21, 2], [22, 130, 0], [4, 8, 28]]","[[0, 0, 0], [5, -5, 0], [0, 0, 0]]",-0.013108318606470862,-0.13627451324572593,267,7,2,50,53,9575
data_full__tp21_L5_p0p13,data_ablation_full,,tp21_L5_p0p13,5.0,0.13,run1,oof_pooled,979,82.12461695607763,80.59244126659857,-1.532175689479061,-,79.80234394217112,78.70585271410094,-1.0964912280701782,-,81.47172321467072,79.83213580395096,-1.6395874107197557,-,0.6985628449866854,0.6736993161250001,-0.024863528861685302,-,81.59203980099502,81.59203980099502,0.0,85.08771929824562,81.7982456140351,-3.2894736842105203,72.72727272727273,72.72727272727273,0.0,"[[328, 68, 6], [62, 388, 6], [11, 22, 88]]","[[328, 68, 6], [71, 373, 12], [11, 22, 88]]","[[0, 0, 0], [9, -15, 6], [0, 0, 0]]",-0.01251097229355409,-0.14626928470244935,780,24,9,166,136,24983
data_full__tp21_L5_p0p13,data_ablation_full,,tp21_L5_p0p13,5.0,0.13,run2,fold01,72,69.44444444444444,69.44444444444444,0.0,0,66.40780565511749,66.40780565511749,0.0,0,66.85875706214689,66.85875706214689,0.0,0,0.5182264323917611,0.5182264323917611,0.0,0,81.48148148148148,81.48148148148148,0.0,67.74193548387096,67.74193548387096,0.0,50.0,50.0,0.0,"[[22, 3, 2], [8, 21, 2], [2, 5, 7]]","[[22, 3, 2], [8, 21, 2], [2, 5, 7]]","[[0, 0, 0], [0, 0, 0], [0, 0, 0]]",-1.6581681039598252e-06,-0.005126156740718418,50,0,0,22,2,400
data_full__tp21_L5_p0p13,data_ablation_full,,tp21_L5_p0p13,5.0,0.13,run2,fold02,71,66.19718309859155,64.7887323943662,-1.408450704225345,-,65.3255346803734,62.944582299421015,-2.3809523809523796,-,65.75180206506916,63.51224105461394,-2.239561010455219,-,0.47169889043248636,0.44625508538458314,-0.025443805047903223,-,80.76923076923077,80.76923076923077,0.0,58.06451612903226,58.06451612903226,0.0,57.14285714285714,50.0,-7.142857142857139,"[[21, 5, 0], [10, 18, 3], [2, 4, 8]]","[[21, 5, 0], [10, 18, 3], [2, 5, 7]]","[[0, 0, 0], [0, 0, 0], [0, 1, -1]]",-0.014083685766433636,-0.3892005833101944,46,1,0,24,1,200
data_full__tp21_L5_p0p13,data_ablation_full,,tp21_L5_p0p13,5.0,0.13,run2,fold03,71,66.19718309859155,66.19718309859155,0.0,0,59.89601796053409,59.89601796053409,0.0,0,60.04855889724311,60.04855889724311,0.0,0,0.45896608905667236,0.45896608905667236,0.0,0,76.92307692307693,76.92307692307693,0.0,74.19354838709677,74.19354838709677,0.0,28.57142857142857,28.57142857142857,0.0,"[[20, 5, 1], [6, 23, 2], [5, 5, 4]]","[[20, 5, 1], [6, 23, 2], [5, 5, 4]]","[[0, 0, 0], [0, 0, 0], [0, 0, 0]]",0.0,0.0,47,0,0,24,0,0
data_full__tp21_L5_p0p13,data_ablation_full,,tp21_L5_p0p13,5.0,0.13,run2,oof_pooled,214,67.28971962616822,66.82242990654206,-0.46728971962616583,-,63.883865782599955,63.090214988949164,-0.7936507936507908,-,64.55099829747716,63.729378090033826,-0.8216202074433383,-,0.4824688400261222,0.47420253571448046,-0.00826630431164177,-,79.74683544303798,79.74683544303798,0.0,66.66666666666666,66.66666666666666,0.0,45.23809523809524,42.857142857142854,-2.3809523809523867,"[[63, 13, 3], [24, 62, 7], [9, 14, 19]]","[[63, 13, 3], [24, 62, 7], [9, 15, 18]]","[[0, 0, 0], [0, 0, 0], [0, 1, -1]]",-0.004673182605234923,-0.13085198458110062,143,1,0,70,3,600
data_no_conv__tp21_L5_p0p13,data_ablation_no_module,no_conv,tp21_L5_p0p13,5.0,0.13,run1,fold01,327,79.20489296636084,77.98165137614679,-1.2232415902140588,-,77.82046123681977,76.94326825436363,-0.8771929824561369,-,79.390186562109,77.7308973678053,-1.659289194303696,-,0.6509524121737486,0.6324485112126109,-0.01850390096113763,-,81.34328358208955,81.34328358208955,0.0,78.94736842105263,76.31578947368422,-2.6315789473684106,73.17073170731707,73.17073170731707,0.0,"[[109, 24, 1], [29, 120, 3], [5, 6, 30]]","[[109, 24, 1], [30, 116, 6], [5, 6, 30]]","[[0, 0, 0], [1, -4, 3], [0, 0, 0]]",-0.010441243271586024,0.050455070439646366,249,10,6,62,44,8386
data_no_conv__tp21_L5_p0p13,data_ablation_no_module,no_conv,tp21_L5_p0p13,5.0,0.13,run1,fold02,326,80.06134969325154,79.75460122699386,-0.30674846625768737,-,78.89827179890023,78.6789735532862,-0.2192982456140271,-,78.65140888396702,78.41829529406405,-0.23311358990297038,-,0.667755761900005,0.6628004462055131,-0.004955315694491813,-,82.08955223880598,82.08955223880598,0.0,79.60526315789474,78.94736842105263,-0.6578947368421098,75.0,75.0,0.0,"[[110, 22, 2], [22, 121, 9], [4, 6, 30]]","[[110, 22, 2], [23, 120, 9], [4, 6, 30]]","[[0, 0, 0], [1, -1, 0], [0, 0, 0]]",-0.000982242279191092,0.1627278016263082,255,6,5,60,39,7022
data_no_conv__tp21_L5_p0p13,data_ablation_no_module,no_conv,tp21_L5_p0p13,5.0,0.13,run1,fold03,326,77.60736196319019,75.76687116564416,-1.8404907975460247,-,80.15514532600157,78.83935585231737,-1.3157894736842053,-,76.45264363658288,74.55761681568133,-1.895026820901549,-,0.6403712014169086,0.6145932737825602,-0.025777927634348385,-,80.59701492537313,80.59701492537313,0.0,72.36842105263158,68.42105263157895,-3.94736842105263,87.5,87.5,0.0,"[[108, 18, 8], [28, 110, 14], [0, 5, 35]]","[[108, 18, 8], [31, 104, 17], [0, 5, 35]]","[[0, 0, 0], [3, -6, 3], [0, 0, 0]]",-0.00944436471696809,0.02720892555051786,240,13,7,66,53,9575
data_no_conv__tp21_L5_p0p13,data_ablation_no_module,no_conv,tp21_L5_p0p13,5.0,0.13,run1,oof_pooled,979,78.95812053115424,77.83452502553627,-1.1235955056179705,-,78.94312149561026,78.1390279283588,-0.8040935672514564,-,78.0672759638754,76.81939176916246,-1.2478841947129382,-,0.6519762827892167,0.6353396783316235,-0.016636604457593185,-,81.34328358208955,81.34328358208955,0.0,76.97368421052632,74.56140350877193,-2.4122807017543835,78.51239669421489,78.51239669421489,0.0,"[[327, 64, 11], [79, 351, 26], [9, 17, 95]]","[[327, 64, 11], [84, 340, 32], [9, 17, 95]]","[[0, 0, 0], [5, -11, 6], [0, 0, 0]]",-0.006959510143571524,0.0801002871229925,744,29,18,188,136,24983
data_no_conv__tp21_L5_p0p13,data_ablation_no_module,no_conv,tp21_L5_p0p13,5.0,0.13,run2,fold01,72,55.55555555555556,55.55555555555556,0.0,0,57.151391022358766,57.151391022358766,0.0,0,54.93827160493828,54.93827160493828,0.0,0,0.3353881275042346,0.3353881275042346,0.0,0,55.55555555555556,55.55555555555556,0.0,51.61290322580645,51.61290322580645,0.0,64.28571428571429,64.28571428571429,0.0,"[[15, 6, 6], [8, 16, 7], [4, 1, 9]]","[[15, 6, 6], [8, 16, 7], [4, 1, 9]]","[[0, 0, 0], [0, 0, 0], [0, 0, 0]]",-0.0006188849608103434,-0.004881920913855235,40,0,0,32,2,400
data_no_conv__tp21_L5_p0p13,data_ablation_no_module,no_conv,tp21_L5_p0p13,5.0,0.13,run2,fold02,71,56.33802816901409,54.929577464788736,-1.408450704225352,-,60.888573791799594,58.50762141084722,-2.3809523809523725,-,56.23083683234059,54.62407862407862,-1.6067582082619722,-,0.3663549852444777,0.33879570552124,-0.027559279723237684,-,65.38461538461539,65.38461538461539,0.0,38.70967741935484,38.70967741935484,0.0,78.57142857142857,71.42857142857143,-7.142857142857139,"[[17, 6, 3], [9, 12, 10], [3, 0, 11]]","[[17, 6, 3], [9, 12, 10], [3, 1, 10]]","[[0, 0, 0], [0, 0, 0], [0, 1, -1]]",-0.007650571967094717,-0.06450632172571101,39,1,0,31,1,200
data_no_conv__tp21_L5_p0p13,data_ablation_no_module,no_conv,tp21_L5_p0p13,5.0,0.13,run2,fold03,71,54.929577464788736,54.929577464788736,0.0,0,51.50064988774666,51.50064988774666,0.0,0,50.483091787439605,50.483091787439605,0.0,0,0.3108593378795985,0.3108593378795985,0.0,0,80.76923076923077,80.76923076923077,0.0,45.16129032258064,45.16129032258064,0.0,28.57142857142857,28.57142857142857,0.0,"[[21, 4, 1], [13, 14, 4], [8, 2, 4]]","[[21, 4, 1], [13, 14, 4], [8, 2, 4]]","[[0, 0, 0], [0, 0, 0], [0, 0, 0]]",0.0,0.0,39,0,0,32,0,0
data_no_conv__tp21_L5_p0p13,data_ablation_no_module,no_conv,tp21_L5_p0p13,5.0,0.13,run2,oof_pooled,214,55.60747663551402,55.140186915887845,-0.46728971962617294,-,56.4642516867915,55.67060089314071,-0.7936507936507908,-,54.638998759215426,53.999073567827,-0.6399251913884285,-,0.33252990827619394,0.32356049243664614,-0.0089694158395478,-,67.08860759493672,67.08860759493672,0.0,45.16129032258064,45.16129032258064,0.0,57.14285714285714,54.761904761904766,-2.3809523809523725,"[[53, 16, 10], [30, 42, 21], [15, 3, 24]]","[[53, 16, 10], [30, 42, 21], [15, 4, 23]]","[[0, 0, 0], [0, 0, 0], [0, 1, -1]]",-0.0027464968544021946,-0.02304414555291149,118,1,0,95,3,600
module_masked__no_conv__tp21_L5_p0p13,module_ablation_masked,no_conv,tp21_L5_p0p13,5.0,0.13,run1,fold01,327,79.20489296636084,77.98165137614679,-1.2232415902140588,-,75.533995618825,76.94326825436363,1.4092726355386276,+,77.22546769311798,77.7308973678053,0.5054296746873206,+,0.6501035758739692,0.6324485112126109,-0.017655064661358244,-,83.5820895522388,81.34328358208955,-2.2388059701492438,79.60526315789474,76.31578947368422,-3.2894736842105203,63.41463414634146,73.17073170731707,9.756097560975611,"[[112, 20, 2], [27, 121, 4], [5, 10, 26]]","[[109, 24, 1], [30, 116, 6], [5, 6, 30]]","[[-3, 4, -1], [3, -5, 2], [0, -4, 4]]",-0.011323456677780747,0.4296914137307474,227,32,28,40,44,8386
module_masked__no_conv__tp21_L5_p0p13,module_ablation_masked,no_conv,tp21_L5_p0p13,5.0,0.13,run1,fold02,326,80.06134969325154,79.75460122699386,-0.30674846625768737,-,81.20712228332025,78.6789735532862,-2.5281487300340473,-,80.26676323254271,78.41829529406405,-1.848467938478663,-,0.6690005788053955,0.6628004462055131,-0.006200132599882391,-,78.35820895522389,82.08955223880598,3.731343283582092,80.26315789473685,78.94736842105263,-1.3157894736842195,85.0,75.0,-10.0,"[[105, 27, 2], [22, 122, 8], [2, 4, 34]]","[[110, 22, 2], [23, 120, 9], [4, 6, 30]]","[[5, -5, 0], [1, -2, 1], [2, 2, -4]]",-0.02666451874386877,-1.1091904885884076,224,37,36,29,39,7022
module_masked__no_conv__tp21_L5_p0p13,module_ablation_masked,no_conv,tp21_L5_p0p13,5.0,0.13,run1,fold03,326,82.51533742331289,75.76687116564416,-6.748466257668724,-,79.45404556166537,78.83935585231737,-0.6146897093479993,-,81.84003512060843,74.55761681568133,-7.282418304927106,-,0.7039328174018926,0.6145932737825602,-0.08933954361933238,-,82.83582089552239,80.59701492537313,-2.238805970149258,85.52631578947368,68.42105263157895,-17.10526315789474,70.0,87.5,17.5,"[[111, 21, 2], [22, 130, 0], [4, 8, 28]]","[[108, 18, 8], [31, 104, 17], [0, 5, 35]]","[[-3, -3, 6], [9, -26, 17], [-4, -3, 7]]",-0.09117822760864827,-2.2525709365705953,215,54,32,25,53,9575
module_masked__no_conv__tp21_L5_p0p13,module_ablation_masked,no_conv,tp21_L5_p0p13,5.0,0.13,run1,oof_pooled,979,80.59244126659857,77.83452502553627,-2.757916241062304,-,78.70585271410094,78.1390279283588,-0.566824785742142,-,79.83213580395096,76.81939176916246,-3.012744034788497,-,0.6736993161250001,0.6353396783316235,-0.03835963779337659,-,81.59203980099502,81.34328358208955,-0.24875621890546995,81.7982456140351,74.56140350877193,-7.236842105263165,72.72727272727273,78.51239669421489,5.785123966942152,"[[328, 68, 6], [71, 373, 12], [11, 22, 88]]","[[327, 64, 11], [84, 340, 32], [9, 17, 95]]","[[-1, -4, 5], [13, -33, 20], [-2, -5, 7]]",-0.04302298840097535,-0.9759194405637187,666,123,96,94,136,24983
module_masked__no_conv__tp21_L5_p0p13,module_ablation_masked,no_conv,tp21_L5_p0p13,5.0,0.13,run2,fold01,72,69.44444444444444,55.55555555555556,-13.888888888888886,-,66.40780565511749,57.151391022358766,-9.25641463275872,-,66.85875706214689,54.93827160493828,-11.920485457208613,-,0.5182264323917611,0.3353881275042346,-0.18283830488752656,-,81.48148148148148,55.55555555555556,-25.925925925925924,67.74193548387096,51.61290322580645,-16.129032258064512,50.0,64.28571428571429,14.285714285714292,"[[22, 3, 2], [8, 21, 2], [2, 5, 7]]","[[15, 6, 6], [8, 16, 7], [4, 1, 9]]","[[-7, 3, 4], [0, -5, 5], [2, -4, 2]]",-0.15948047350204636,-2.0016216104656146,30,20,10,12,2,400
module_masked__no_conv__tp21_L5_p0p13,module_ablation_masked,no_conv,tp21_L5_p0p13,5.0,0.13,run2,fold02,71,64.7887323943662,54.929577464788736,-9.859154929577471,-,62.944582299421015,58.50762141084722,-4.436960888573793,-,63.51224105461394,54.62407862407862,-8.888162430535317,-,0.44625508538458314,0.33879570552124,-0.10745937986334314,-,80.76923076923077,65.38461538461539,-15.384615384615387,58.06451612903226,38.70967741935484,-19.354838709677423,50.0,71.42857142857143,21.42857142857143,"[[21, 5, 0], [10, 18, 3], [2, 5, 7]]","[[17, 6, 3], [9, 12, 10], [3, 1, 10]]","[[-4, 1, 3], [-1, -6, 7], [1, -4, 3]]",-0.162278446137559,-2.100025295450444,30,16,9,16,1,200
module_masked__no_conv__tp21_L5_p0p13,module_ablation_masked,no_conv,tp21_L5_p0p13,5.0,0.13,run2,fold03,71,66.19718309859155,54.929577464788736,-11.267605633802816,-,59.89601796053409,51.50064988774666,-8.395368072787427,-,60.04855889724311,50.483091787439605,-9.565467109803507,-,0.45896608905667236,0.3108593378795985,-0.14810675117707384,-,76.92307692307693,80.76923076923077,3.8461538461538396,74.19354838709677,45.16129032258064,-29.032258064516128,28.57142857142857,28.57142857142857,0.0,"[[20, 5, 1], [6, 23, 2], [5, 5, 4]]","[[21, 4, 1], [13, 14, 4], [8, 2, 4]]","[[1, -1, 0], [7, -9, 2], [3, -3, 0]]",-0.21893926014955578,-2.944153240714616,34,13,5,19,0,0
module_masked__no_conv__tp21_L5_p0p13,module_ablation_masked,no_conv,tp21_L5_p0p13,5.0,0.13,run2,oof_pooled,214,66.82242990654206,55.140186915887845,-11.68224299065421,-,63.090214988949164,55.67060089314071,-7.4196140958084555,-,63.729378090033826,53.999073567827,-9.73030452220683,-,0.47420253571448046,0.32356049243664614,-0.15064204327783431,-,79.74683544303798,67.08860759493672,-12.658227848101262,66.66666666666666,45.16129032258064,-21.505376344086017,42.857142857142854,54.761904761904766,11.904761904761912,"[[63, 13, 3], [24, 62, 7], [9, 15, 18]]","[[53, 16, 10], [30, 42, 21], [15, 4, 23]]","[[-10, 3, 7], [6, -20, 14], [6, -11, 5]]",-0.18013575345108637,-2.346978654304876,94,49,24,47,3,600
data_no_lstm__tp21_L5_p0p13,data_ablation_no_module,no_lstm,tp21_L5_p0p13,5.0,0.13,run1,fold01,327,75.22935779816514,72.47706422018348,-2.7522935779816606,-,72.98224857739544,71.00856436686912,-1.973684210526315,-,74.65929369343549,71.31751824817519,-3.3417754452602964,-,0.5824277209957041,0.5409250406192406,-0.04150268037646343,-,76.11940298507463,76.11940298507463,0.0,76.97368421052632,71.05263157894737,-5.921052631578945,65.85365853658537,65.85365853658537,0.0,"[[102, 30, 2], [31, 117, 4], [4, 10, 27]]","[[102, 30, 2], [34, 108, 10], [4, 10, 27]]","[[0, 0, 0], [3, -9, 6], [0, 0, 0]]",-0.020855198015969172,-0.23796434688527102,231,15,6,75,44,8386
data_no_lstm__tp21_L5_p0p13,data_ablation_no_module,no_lstm,tp21_L5_p0p13,5.0,0.13,run1,fold02,326,74.23312883435584,73.61963190184049,-0.6134969325153463,-,73.23841319717204,72.79981670594395,-0.43859649122808264,-,73.4197528076379,73.1724998440327,-0.24725296360520588,-,0.5692124265740279,0.5587359980512939,-0.010476428522734005,-,75.3731343283582,75.3731343283582,0.0,74.3421052631579,73.02631578947368,-1.3157894736842195,70.0,70.0,0.0,"[[101, 30, 3], [31, 113, 8], [5, 7, 28]]","[[101, 30, 3], [34, 111, 7], [5, 7, 28]]","[[0, 0, 0], [3, -2, -1], [0, 0, 0]]",-0.005803499090610189,-0.008733780288988828,237,5,3,81,39,7022
data_no_lstm__tp21_L5_p0p13,data_ablation_no_module,no_lstm,tp21_L5_p0p13,5.0,0.13,run1,fold03,326,77.91411042944786,76.68711656441718,-1.2269938650306784,-,77.18643623985336,76.30924325739721,-0.8771929824561511,-,76.36475294195755,74.90682931917144,-1.4579236227861117,-,0.6335414855138196,0.6156219543627627,-0.017919531151056933,-,77.61194029850746,77.61194029850746,0.0,78.94736842105263,76.31578947368422,-2.6315789473684106,75.0,75.0,0.0,"[[104, 23, 7], [25, 120, 7], [3, 7, 30]]","[[104, 23, 7], [26, 116, 10], [3, 7, 30]]","[[0, 0, 0], [1, -4, 3], [0, 0, 0]]",-0.01833726313349957,-0.5763515319983743,244,10,6,66,53,9575
data_no_lstm__tp21_L5_p0p13,data_ablation_no_module,no_lstm,tp21_L5_p0p13,5.0,0.13,run1,oof_pooled,979,75.79162410623084,74.25944841675178,-1.532175689479061,-,74.4568263510633,73.36033512299312,-1.0964912280701782,-,74.79679148332708,73.1118078012628,-1.684983682064285,-,0.5949564188779985,0.5717462410295293,-0.023210177848469238,-,76.3681592039801,76.3681592039801,0.0,76.75438596491229,73.46491228070175,-3.2894736842105345,70.24793388429752,70.24793388429752,0.0,"[[307, 83, 12], [87, 350, 19], [12, 24, 85]]","[[307, 83, 12], [94, 335, 27], [12, 24, 85]]","[[0, 0, 0], [7, -15, 8], [0, 0, 0]]",-0.015004635583535956,-0.27431272036482535,712,30,15,222,136,24983
data_no_lstm__tp21_L5_p0p13,data_ablation_no_module,no_lstm,tp21_L5_p0p13,5.0,0.13,run2,fold01,72,63.888888888888886,62.5,-1.3888888888888857,-,63.762303009614826,61.381350628662446,-2.3809523809523796,-,62.59259259259259,60.816798941798936,-1.775793650793652,-,0.45896250049990833,0.4336200205931348,-0.02534247990677352,-,59.25925925925925,59.25925925925925,0.0,67.74193548387096,67.74193548387096,0.0,64.28571428571429,57.14285714285714,-7.142857142857153,"[[16, 6, 5], [2, 21, 8], [0, 5, 9]]","[[16, 6, 5], [2, 21, 8], [0, 6, 8]]","[[0, 0, 0], [0, 0, 0], [0, 1, -1]]",-0.005043041788869434,-0.021950984593584317,45,1,0,26,2,400
data_no_lstm__tp21_L5_p0p13,data_ablation_no_module,no_lstm,tp21_L5_p0p13,5.0,0.13,run2,fold02,71,56.33802816901409,54.929577464788736,-1.408450704225352,-,53.73980857851826,51.35885619756587,-2.3809523809523867,-,55.29980107985223,52.775840243870945,-2.523960835981285,-,0.2972806093565435,0.2714189397390067,-0.025861669617536776,-,53.84615384615385,53.84615384615385,0.0,64.51612903225806,64.51612903225806,0.0,42.857142857142854,35.714285714285715,-7.142857142857139,"[[14, 11, 1], [9, 20, 2], [2, 6, 6]]","[[14, 11, 1], [9, 20, 2], [2, 7, 5]]","[[0, 0, 0], [0, 0, 0], [0, 1, -1]]",-0.0030925750312670855,-0.023197761671224112,39,1,0,31,1,200
data_no_lstm__tp21_L5_p0p13,data_ablation_no_module,no_lstm,tp21_L5_p0p13,5.0,0.13,run2,fold03,71,67.6056338028169,67.6056338028169,0.0,0,63.58265390523455,63.58265390523455,0.0,0,63.48309568648551,63.48309568648551,0.0,0,0.4934358082473687,0.4934358082473687,0.0,0,76.92307692307693,76.92307692307693,0.0,70.96774193548387,70.96774193548387,0.0,42.857142857142854,42.857142857142854,0.0,"[[20, 4, 2], [4, 22, 5], [6, 2, 6]]","[[20, 4, 2], [4, 22, 5], [6, 2, 6]]","[[0, 0, 0], [0, 0, 0], [0, 0, 0]]",0.0,0.0,48,0,0,23,0,0
data_no_lstm__tp21_L5_p0p13,data_ablation_no_module,no_lstm,tp21_L5_p0p13,5.0,0.13,run2,oof_pooled,214,62.616822429906534,61.6822429906542,-0.9345794392523317,-,60.344358241459105,58.757056654157516,-1.5873015873015888,-,60.31415748674011,58.88418964076859,-1.4299678459715182,-,0.41329125049232496,0.39659907627856095,-0.01669217421376401,-,63.29113924050633,63.29113924050633,0.0,67.74193548387096,67.74193548387096,0.0,50.0,45.23809523809524,-4.761904761904759,"[[50, 21, 8], [15, 63, 15], [8, 13, 21]]","[[50, 21, 8], [15, 63, 15], [8, 15, 19]]","[[0, 0, 0], [0, 0, 0], [0, 2, -2]]",-0.0027227655888717867,-0.015081831632686836,132,2,0,80,3,600
module_masked__no_lstm__tp21_L5_p0p13,module_ablation_masked,no_lstm,tp21_L5_p0p13,5.0,0.13,run1,fold01,327,79.20489296636084,72.47706422018348,-6.727828746177366,-,75.533995618825,71.00856436686912,-4.5254312519558795,-,77.22546769311798,71.31751824817519,-5.907949444942787,-,0.6501035758739692,0.5409250406192406,-0.10917853525472854,-,83.5820895522388,76.11940298507463,-7.46268656716417,79.60526315789474,71.05263157894737,-8.55263157894737,63.41463414634146,65.85365853658537,2.439024390243908,"[[112, 20, 2], [27, 121, 4], [5, 10, 26]]","[[102, 30, 2], [34, 108, 10], [4, 10, 27]]","[[-10, 10, 0], [7, -13, 6], [-1, 0, 1]]",-0.08231560326752314,-1.5602147501070247,208,51,29,39,44,8386
module_masked__no_lstm__tp21_L5_p0p13,module_ablation_masked,no_lstm,tp21_L5_p0p13,5.0,0.13,run1,fold02,326,80.06134969325154,73.61963190184049,-6.441717791411051,-,81.20712228332025,72.79981670594395,-8.407305577376292,-,80.26676323254271,73.1724998440327,-7.094263388510015,-,0.6690005788053955,0.5587359980512939,-0.11026458075410162,-,78.35820895522389,75.3731343283582,-2.985074626865682,80.26315789473685,73.02631578947368,-7.236842105263165,85.0,70.0,-15.0,"[[105, 27, 2], [22, 122, 8], [2, 4, 34]]","[[101, 30, 3], [34, 111, 7], [5, 7, 28]]","[[-4, 3, 1], [12, -11, -1], [3, 3, -6]]",-0.08517918301361378,-2.2652644572745255,205,56,35,30,39,7022
module_masked__no_lstm__tp21_L5_p0p13,module_ablation_masked,no_lstm,tp21_L5_p0p13,5.0,0.13,run1,fold03,326,82.51533742331289,76.68711656441718,-5.828220858895705,-,79.45404556166537,76.30924325739721,-3.144802304268154,-,81.84003512060843,74.90682931917144,-6.933205801436998,-,0.7039328174018926,0.6156219543627627,-0.08831086303912994,-,82.83582089552239,77.61194029850746,-5.223880597014926,85.52631578947368,76.31578947368422,-9.210526315789465,70.0,75.0,5.0,"[[111, 21, 2], [22, 130, 0], [4, 8, 28]]","[[104, 23, 7], [26, 116, 10], [3, 7, 30]]","[[-7, 2, 5], [4, -14, 10], [-1, -1, 2]]",-0.06371368766439155,0.6405888588904786,222,47,28,29,53,9575
module_masked__no_lstm__tp21_L5_p0p13,module_ablation_masked,no_lstm,tp21_L5_p0p13,5.0,0.13,run1,oof_pooled,979,80.59244126659857,74.25944841675178,-6.332992849846789,-,78.70585271410094,73.36033512299312,-5.345517591107821,-,79.83213580395096,73.1118078012628,-6.720328002688163,-,0.6736993161250001,0.5717462410295293,-0.1019530750954708,-,81.59203980099502,76.3681592039801,-5.223880597014926,81.7982456140351,73.46491228070175,-8.333333333333343,72.72727272727273,70.24793388429752,-2.47933884297521,"[[328, 68, 6], [71, 373, 12], [11, 22, 88]]","[[307, 83, 12], [94, 335, 27], [12, 24, 85]]","[[-21, 15, 6], [23, -38, 15], [1, 2, -3]]",-0.07707484995864128,-1.0621393956672076,635,154,92,98,136,24983
module_masked__no_lstm__tp21_L5_p0p13,module_ablation_masked,no_lstm,tp21_L5_p0p13,5.0,0.13,run2,fold01,72,69.44444444444444,62.5,-6.944444444444443,-,66.40780565511749,61.381350628662446,-5.026455026455039,-,66.85875706214689,60.816798941798936,-6.041958120347957,-,0.5182264323917611,0.4336200205931348,-0.08460641179862632,-,81.48148148148148,59.25925925925925,-22.22222222222223,67.74193548387096,67.74193548387096,0.0,50.0,57.14285714285714,7.142857142857139,"[[22, 3, 2], [8, 21, 2], [2, 5, 7]]","[[16, 6, 5], [2, 21, 8], [0, 6, 8]]","[[-6, 3, 3], [-6, 0, 6], [-2, 1, 1]]",-0.08285746032768454,-2.0172922210897215,39,11,6,16,2,400
module_masked__no_lstm__tp21_L5_p0p13,module_ablation_masked,no_lstm,tp21_L5_p0p13,5.0,0.13,run2,fold02,71,64.7887323943662,54.929577464788736,-9.859154929577471,-,62.944582299421015,51.35885619756587,-11.585726101855144,-,63.51224105461394,52.775840243870945,-10.736400810742992,-,0.44625508538458314,0.2714189397390067,-0.17483614564557642,-,80.76923076923077,53.84615384615385,-26.923076923076927,58.06451612903226,64.51612903225806,6.451612903225801,50.0,35.714285714285715,-14.285714285714285,"[[21, 5, 0], [10, 18, 3], [2, 5, 7]]","[[14, 11, 1], [9, 20, 2], [2, 7, 5]]","[[-7, 6, 1], [-1, 2, -1], [0, 2, -2]]",-0.24278183005091092,-2.2416748277724943,29,17,10,15,1,200
module_masked__no_lstm__tp21_L5_p0p13,module_ablation_masked,no_lstm,tp21_L5_p0p13,5.0,0.13,run2,fold03,71,66.19718309859155,67.6056338028169,1.408450704225345,+,59.89601796053409,63.58265390523455,3.6866359447004626,+,60.04855889724311,63.48309568648551,3.434536789242401,+,0.45896608905667236,0.4934358082473687,0.03446971919069636,+,76.92307692307693,76.92307692307693,0.0,74.19354838709677,70.96774193548387,-3.225806451612897,28.57142857142857,42.857142857142854,14.285714285714285,"[[20, 5, 1], [6, 23, 2], [5, 5, 4]]","[[20, 4, 2], [4, 22, 5], [6, 2, 6]]","[[0, -1, 1], [-2, -1, 3], [1, -3, 2]]",-0.06961935991307203,-2.6801207011014645,40,7,8,16,0,0
module_masked__no_lstm__tp21_L5_p0p13,module_ablation_masked,no_lstm,tp21_L5_p0p13,5.0,0.13,run2,oof_pooled,214,66.82242990654206,61.6822429906542,-5.140186915887853,-,63.090214988949164,58.757056654157516,-4.333158334791648,-,63.729378090033826,58.88418964076859,-4.845188449265237,-,0.47420253571448046,0.39659907627856095,-0.07760345943591951,-,79.74683544303798,63.29113924050633,-16.455696202531648,66.66666666666666,67.74193548387096,1.0752688172043037,42.857142857142854,45.23809523809524,2.3809523809523867,"[[63, 13, 3], [24, 62, 7], [9, 15, 18]]","[[50, 21, 8], [15, 63, 15], [8, 15, 19]]","[[-13, 8, 5], [-9, 1, 8], [-1, 0, 1]]",-0.1315244001450284,-2.3116473012547245,108,35,24,47,3,600
data_no_attention__tp21_L5_p0p13,data_ablation_no_module,no_attention,tp21_L5_p0p13,5.0,0.13,run1,fold01,327,81.9571865443425,77.06422018348624,-4.8929663608562635,-,79.91197734051183,76.40320541068725,-3.508771929824576,-,82.01435063589545,75.2310024072378,-6.783348228657658,-,0.6962494375241386,0.6239499451042305,-0.07229949241990807,-,84.32835820895522,84.32835820895522,0.0,82.23684210526315,71.71052631578947,-10.526315789473685,73.17073170731707,73.17073170731707,0.0,"[[113, 19, 2], [27, 125, 0], [2, 9, 30]]","[[113, 19, 2], [29, 109, 14], [2, 9, 30]]","[[0, 0, 0], [2, -16, 14], [0, 0, 0]]",-0.0462878615830503,-1.1414293252353183,249,19,3,56,44,8386
data_no_attention__tp21_L5_p0p13,data_ablation_no_module,no_attention,tp21_L5_p0p13,5.0,0.13,run1,fold02,326,81.90184049079755,78.22085889570552,-3.6809815950920353,-,79.51165226499084,76.88007331762242,-2.631578947368425,-,80.47822307750707,77.06415273558385,-3.414070341923221,-,0.6958625448093783,0.635899059620435,-0.05996348518894323,-,79.8507462686567,79.8507462686567,0.0,86.18421052631578,78.28947368421053,-7.894736842105246,72.5,72.5,0.0,"[[107, 24, 3], [17, 131, 4], [4, 7, 29]]","[[107, 24, 3], [26, 119, 7], [4, 7, 29]]","[[0, 0, 0], [9, -12, 3], [0, 0, 0]]",-0.034598170997349124,-0.6548039377467033,253,14,2,57,39,7022
data_no_attention__tp21_L5_p0p13,data_ablation_no_module,no_attention,tp21_L5_p0p13,5.0,0.13,run1,fold03,326,84.3558282208589,79.75460122699386,-4.6012269938650405,-,83.89892642052894,80.60945273631842,-3.2894736842105203,-,83.66469909688912,79.48924878827769,-4.175450308611431,-,0.7390486456524588,0.6670795627375876,-0.07196908291487114,-,84.32835820895522,84.32835820895522,0.0,84.86842105263158,75.0,-9.868421052631575,82.5,82.5,0.0,"[[113, 20, 1], [16, 129, 7], [4, 3, 33]]","[[113, 20, 1], [28, 114, 10], [4, 3, 33]]","[[0, 0, 0], [12, -15, 3], [0, 0, 0]]",-0.042276677988429746,-0.9489083604464319,257,18,3,48,53,9575
data_no_attention__tp21_L5_p0p13,data_ablation_no_module,no_attention,tp21_L5_p0p13,5.0,0.13,run1,oof_pooled,979,82.73748723186925,78.34525025536261,-4.392236976506638,-,81.09956776938853,77.95629291558735,-3.1432748538011737,-,82.05217929651486,77.2540184453228,-4.7981608511920655,-,0.7100686691507885,0.6420002205195322,-0.06806844863125627,-,82.83582089552239,82.83582089552239,0.0,84.4298245614035,75.0,-9.429824561403507,76.03305785123968,76.03305785123968,0.0,"[[333, 63, 6], [60, 385, 11], [10, 19, 92]]","[[333, 63, 6], [83, 342, 31], [10, 19, 92]]","[[0, 0, 0], [23, -43, 20], [0, 0, 0]]",-0.04105958274465921,-0.9152784459273863,759,51,8,161,136,24983
data_no_attention__tp21_L5_p0p13,data_ablation_no_module,no_attention,tp21_L5_p0p13,5.0,0.13,run2,fold01,72,58.333333333333336,56.94444444444444,-1.3888888888888928,-,55.384877965523124,53.00392558457075,-2.3809523809523725,-,55.707282913165265,53.468867418142786,-2.2384154950224797,-,0.3440986103748549,0.3190262147243699,-0.02507239565048497,-,55.55555555555556,55.55555555555556,0.0,67.74193548387096,67.74193548387096,0.0,42.857142857142854,35.714285714285715,-7.142857142857139,"[[15, 9, 3], [5, 21, 5], [1, 7, 6]]","[[15, 9, 3], [5, 21, 5], [1, 8, 5]]","[[0, 0, 0], [0, 0, 0], [0, 1, -1]]",-0.007373012760581334,-0.12654120702710417,41,1,0,30,2,400
data_no_attention__tp21_L5_p0p13,data_ablation_no_module,no_attention,tp21_L5_p0p13,5.0,0.13,run2,fold02,71,63.38028169014085,61.97183098591549,-1.4084507042253591,-,68.66950254047029,66.2885501595179,-2.380952380952394,-,63.681341719077565,62.13905133203379,-1.5422903870437779,-,0.4690406293950227,0.4419575871920494,-0.027083042202973306,-,61.53846153846154,61.53846153846154,0.0,51.61290322580645,51.61290322580645,0.0,92.85714285714286,85.71428571428571,-7.142857142857153,"[[16, 6, 4], [7, 16, 8], [1, 0, 13]]","[[16, 6, 4], [7, 16, 8], [1, 1, 12]]","[[0, 0, 0], [0, 0, 0], [0, 1, -1]]",-0.007180195184430335,-0.20569832748930222,44,1,0,26,1,200
data_no_attention__tp21_L5_p0p13,data_ablation_no_module,no_attention,tp21_L5_p0p13,5.0,0.13,run2,fold03,71,56.33802816901409,56.33802816901409,0.0,0,51.74878884556304,51.74878884556304,0.0,0,51.7458781609725,51.7458781609725,0.0,0,0.30795014030702567,0.30795014030702567,0.0,0,65.38461538461539,65.38461538461539,0.0,61.29032258064516,61.29032258064516,0.0,28.57142857142857,28.57142857142857,0.0,"[[17, 7, 2], [6, 19, 6], [4, 6, 4]]","[[17, 7, 2], [6, 19, 6], [4, 6, 4]]","[[0, 0, 0], [0, 0, 0], [0, 0, 0]]",0.0,0.0,40,0,0,31,0,0
data_no_attention__tp21_L5_p0p13,data_ablation_no_module,no_attention,tp21_L5_p0p13,5.0,0.13,run2,oof_pooled,214,59.345794392523366,58.41121495327103,-0.9345794392523388,-,58.5788173987439,56.99151581144232,-1.5873015873015817,-,57.96936324972884,56.64835295256145,-1.3210102971673905,-,0.36980374236342506,0.3527958923757269,-0.017007849987698165,-,60.75949367088608,60.75949367088608,0.0,60.215053763440864,60.215053763440864,0.0,54.761904761904766,50.0,-4.761904761904766,"[[48, 22, 9], [18, 56, 19], [6, 13, 23]]","[[48, 22, 9], [18, 56, 19], [6, 15, 21]]","[[0, 0, 0], [0, 0, 0], [0, 2, -2]]",-0.0048628540974598585,-0.11082031849388764,125,2,0,87,3,600
module_masked__no_attention__tp21_L5_p0p13,module_ablation_masked,no_attention,tp21_L5_p0p13,5.0,0.13,run1,fold01,327,79.20489296636084,77.06422018348624,-2.140672782874603,-,75.533995618825,76.40320541068725,0.8692097918622466,+,77.22546769311798,75.2310024072378,-1.9944652858801817,-,0.6501035758739692,0.6239499451042305,-0.026153630769738645,-,83.5820895522388,84.32835820895522,0.7462686567164241,79.60526315789474,71.71052631578947,-7.894736842105274,63.41463414634146,73.17073170731707,9.756097560975611,"[[112, 20, 2], [27, 121, 4], [5, 10, 26]]","[[113, 19, 2], [29, 109, 14], [2, 9, 30]]","[[1, -1, 0], [2, -12, 10], [-3, -1, 4]]",-0.038616092615127884,-0.46044066508474335,220,39,32,36,44,8386
module_masked__no_attention__tp21_L5_p0p13,module_ablation_masked,no_attention,tp21_L5_p0p13,5.0,0.13,run1,fold02,326,80.06134969325154,78.22085889570552,-1.8404907975460247,-,81.20712228332025,76.88007331762242,-4.327048965697827,-,80.26676323254271,77.06415273558385,-3.2026104969588687,-,0.6690005788053955,0.635899059620435,-0.033101519184960515,-,78.35820895522389,79.8507462686567,1.4925373134328197,80.26315789473685,78.28947368421053,-1.973684210526315,85.0,72.5,-12.5,"[[105, 27, 2], [22, 122, 8], [2, 4, 34]]","[[107, 24, 3], [26, 119, 7], [4, 7, 29]]","[[2, -3, 1], [4, -3, -1], [2, 3, -5]]",-0.02697095433587122,1.462472995246069,222,39,33,32,39,7022
module_masked__no_attention__tp21_L5_p0p13,module_ablation_masked,no_attention,tp21_L5_p0p13,5.0,0.13,run1,fold03,326,82.51533742331289,79.75460122699386,-2.76073619631903,-,79.45404556166537,80.60945273631842,1.1554071746530497,+,81.84003512060843,79.48924878827769,-2.350786332330742,-,0.7039328174018926,0.6670795627375876,-0.036853254664305,-,82.83582089552239,84.32835820895522,1.492537313432834,85.52631578947368,75.0,-10.526315789473685,70.0,82.5,12.5,"[[111, 21, 2], [22, 130, 0], [4, 8, 28]]","[[113, 20, 1], [28, 114, 10], [4, 3, 33]]","[[2, -1, -1], [6, -16, 10], [0, -5, 5]]",-0.03737015759565783,0.15166770129184598,230,39,30,27,53,9575
module_masked__no_attention__tp21_L5_p0p13,module_ablation_masked,no_attention,tp21_L5_p0p13,5.0,0.13,run1,oof_pooled,979,80.59244126659857,78.34525025536261,-2.247191011235955,-,78.70585271410094,77.95629291558735,-0.7495597985135873,-,79.83213580395096,77.2540184453228,-2.5781173586281625,-,0.6736993161250001,0.6420002205195322,-0.03169909560546791,-,81.59203980099502,82.83582089552239,1.243781094527364,81.7982456140351,75.0,-6.798245614035096,72.72727272727273,76.03305785123968,3.305785123966942,"[[328, 68, 6], [71, 373, 12], [11, 22, 88]]","[[333, 63, 6], [83, 342, 31], [10, 19, 92]]","[[5, -5, 0], [12, -31, 19], [-1, -3, 4]]",-0.03432345737980111,0.3837035440129206,672,117,95,95,136,24983
module_masked__no_attention__tp21_L5_p0p13,module_ablation_masked,no_attention,tp21_L5_p0p13,5.0,0.13,run2,fold01,72,69.44444444444444,56.94444444444444,-12.5,-,66.40780565511749,53.00392558457075,-13.403880070546734,-,66.85875706214689,53.468867418142786,-13.389889644004107,-,0.5182264323917611,0.3190262147243699,-0.1992002176673912,-,81.48148148148148,55.55555555555556,-25.925925925925924,67.74193548387096,67.74193548387096,0.0,50.0,35.714285714285715,-14.285714285714285,"[[22, 3, 2], [8, 21, 2], [2, 5, 7]]","[[15, 9, 3], [5, 21, 5], [1, 8, 5]]","[[-7, 6, 1], [-3, 0, 3], [-1, 3, -2]]",-0.16072489799985432,-2.456332054668261,36,14,5,17,2,400
module_masked__no_attention__tp21_L5_p0p13,module_ablation_masked,no_attention,tp21_L5_p0p13,5.0,0.13,run2,fold02,71,64.7887323943662,61.97183098591549,-2.8169014084507182,-,62.944582299421015,66.2885501595179,3.343967860096882,+,63.51224105461394,62.13905133203379,-1.3731897225801504,-,0.44625508538458314,0.4419575871920494,-0.004297498192533722,-,80.76923076923077,61.53846153846154,-19.230769230769234,58.06451612903226,51.61290322580645,-6.451612903225815,50.0,85.71428571428571,35.71428571428571,"[[21, 5, 0], [10, 18, 3], [2, 5, 7]]","[[16, 6, 4], [7, 16, 8], [1, 1, 12]]","[[-5, 1, 4], [-3, -2, 5], [-1, -4, 5]]",-0.07790900994721991,-1.6308275718507554,32,14,12,13,1,200
module_masked__no_attention__tp21_L5_p0p13,module_ablation_masked,no_attention,tp21_L5_p0p13,5.0,0.13,run2,fold03,71,66.19718309859155,56.33802816901409,-9.859154929577464,-,59.89601796053409,51.74878884556304,-8.147229114971047,-,60.04855889724311,51.7458781609725,-8.30268073627061,-,0.45896608905667236,0.30795014030702567,-0.1510159487496467,-,76.92307692307693,65.38461538461539,-11.538461538461547,74.19354838709677,61.29032258064516,-12.903225806451609,28.57142857142857,28.57142857142857,0.0,"[[20, 5, 1], [6, 23, 2], [5, 5, 4]]","[[17, 7, 2], [6, 19, 6], [4, 6, 4]]","[[-3, 2, 1], [0, -4, 4], [-1, 1, 0]]",-0.18859351448549647,-3.8264942031196307,35,12,5,19,0,0
module_masked__no_attention__tp21_L5_p0p13,module_ablation_masked,no_attention,tp21_L5_p0p13,5.0,0.13,run2,oof_pooled,214,66.82242990654206,58.41121495327103,-8.411214953271028,-,63.090214988949164,56.99151581144232,-6.098699177506845,-,63.729378090033826,56.64835295256145,-7.081025137472373,-,0.47420253571448046,0.3527958923757269,-0.12140664333875356,-,79.74683544303798,60.75949367088608,-18.9873417721519,66.66666666666666,60.215053763440864,-6.451612903225794,42.857142857142854,50.0,7.142857142857146,"[[63, 13, 3], [24, 62, 7], [9, 15, 18]]","[[48, 22, 9], [18, 56, 19], [6, 15, 21]]","[[-15, 9, 6], [-6, -6, 12], [-3, 0, 3]]",-0.14249472846127278,-2.637036233453328,103,40,22,49,3,600
data_full__tp22_L5_p0p33,data_ablation_full,,tp22_L5_p0p33,5.0,0.33,run1,fold01,327,80.73394495412845,78.89908256880734,-1.8348623853211024,-,76.63048684689517,75.31469737321098,-1.315789473684191,-,79.0877721312504,76.77200283803742,-2.3157692932129805,-,0.6743426700043699,0.6454696413807998,-0.028873028623570107,-,83.5820895522388,83.5820895522388,0.0,82.89473684210526,78.94736842105263,-3.94736842105263,63.41463414634146,63.41463414634146,0.0,"[[112, 20, 2], [25, 126, 1], [5, 10, 26]]","[[112, 20, 2], [27, 120, 5], [5, 10, 26]]","[[0, 0, 0], [2, -6, 4], [0, 0, 0]]",-0.018765528854714834,-0.20584369364225902,253,11,5,58,46,8487
data_full__tp22_L5_p0p33,data_ablation_full,,tp22_L5_p0p33,5.0,0.33,run1,fold02,326,81.59509202453987,80.3680981595092,-1.2269938650306642,-,82.30361351139041,81.42642052893429,-0.8771929824561226,-,82.11529042328695,80.95481355883078,-1.1604768644561716,-,0.6929312561648969,0.672942208400153,-0.019989047764743972,-,78.35820895522389,78.35820895522389,0.0,83.55263157894737,80.92105263157895,-2.631578947368425,85.0,85.0,0.0,"[[105, 27, 2], [20, 127, 5], [2, 4, 34]]","[[105, 27, 2], [23, 123, 6], [2, 4, 34]]","[[0, 0, 0], [3, -4, 1], [0, 0, 0]]",-0.00800924024827124,-0.12733890287623814,259,7,3,57,39,7151
data_full__tp22_L5_p0p33,data_ablation_full,,tp22_L5_p0p33,5.0,0.33,run1,fold03,326,84.04907975460122,82.51533742331289,-1.5337423312883374,-,80.55053678973553,79.45404556166537,-1.096491228070164,-,82.96722819707497,81.56558261082513,-1.4016455862498418,-,0.7301975910800922,0.7042215943743606,-0.025975996705731585,-,82.83582089552239,82.83582089552239,0.0,88.81578947368422,85.52631578947368,-3.2894736842105345,70.0,70.0,0.0,"[[111, 21, 2], [17, 135, 0], [4, 8, 28]]","[[111, 21, 2], [21, 130, 1], [4, 8, 28]]","[[0, 0, 0], [4, -5, 1], [0, 0, 0]]",-0.012064294507565469,-0.09747245085020005,266,8,3,49,53,9544
data_full__tp22_L5_p0p33,data_ablation_full,,tp22_L5_p0p33,5.0,0.33,run1,oof_pooled,979,82.12461695607763,80.59244126659857,-1.532175689479061,-,79.80234394217112,78.70585271410094,-1.0964912280701782,-,81.47172321467072,79.83213580395096,-1.6395874107197557,-,0.6985628449866854,0.6736993161250001,-0.024863528861685302,-,81.59203980099502,81.59203980099502,0.0,85.08771929824562,81.7982456140351,-3.2894736842105203,72.72727272727273,72.72727272727273,0.0,"[[328, 68, 6], [62, 388, 6], [11, 22, 88]]","[[328, 68, 6], [71, 373, 12], [11, 22, 88]]","[[0, 0, 0], [9, -15, 6], [0, 0, 0]]",-0.012952298535132294,-0.14361531065969108,778,26,11,164,138,25182
data_full__tp22_L5_p0p33,data_ablation_full,,tp22_L5_p0p33,5.0,0.33,run2,fold01,72,69.44444444444444,68.05555555555556,-1.3888888888888857,-,66.40780565511749,64.02685327416509,-2.380952380952394,-,66.85875706214689,64.44444444444444,-2.41431261770245,-,0.5182264323917611,0.49547369768366784,-0.022752734708093303,-,81.48148148148148,81.48148148148148,0.0,67.74193548387096,67.74193548387096,0.0,50.0,42.857142857142854,-7.142857142857146,"[[22, 3, 2], [8, 21, 2], [2, 5, 7]]","[[22, 3, 2], [8, 21, 2], [3, 5, 6]]","[[0, 0, 0], [0, 0, 0], [1, 0, -1]]",-0.013931488990010624,-0.3065451578133636,49,1,0,22,4,606
data_full__tp22_L5_p0p33,data_ablation_full,,tp22_L5_p0p33,5.0,0.33,run2,fold02,71,66.19718309859155,63.38028169014085,-2.816901408450704,-,65.3255346803734,60.56362991846863,-4.761904761904766,-,65.75180206506916,61.12011790714812,-4.631684157921036,-,0.47169889043248636,0.4208190009450886,-0.050879889487397745,-,80.76923076923077,80.76923076923077,0.0,58.06451612903226,58.06451612903226,0.0,57.14285714285714,42.857142857142854,-14.285714285714285,"[[21, 5, 0], [10, 18, 3], [2, 4, 8]]","[[21, 5, 0], [10, 18, 3], [2, 6, 6]]","[[0, 0, 0], [0, 0, 0], [0, 2, -2]]",-0.02816725938748897,-0.8187730580988065,45,2,0,24,3,411
data_full__tp22_L5_p0p33,data_ablation_full,,tp22_L5_p0p33,5.0,0.33,run2,fold03,71,66.19718309859155,66.19718309859155,0.0,0,59.89601796053409,59.89601796053409,0.0,0,60.04855889724311,60.04855889724311,0.0,0,0.45896608905667236,0.45896608905667236,0.0,0,76.92307692307693,76.92307692307693,0.0,74.19354838709677,74.19354838709677,0.0,28.57142857142857,28.57142857142857,0.0,"[[20, 5, 1], [6, 23, 2], [5, 5, 4]]","[[20, 5, 1], [6, 23, 2], [5, 5, 4]]","[[0, 0, 0], [0, 0, 0], [0, 0, 0]]",-8.332238811278048e-11,-0.025851666087835557,47,0,0,24,1,105
data_full__tp22_L5_p0p33,data_ablation_full,,tp22_L5_p0p33,5.0,0.33,run2,oof_pooled,214,67.28971962616822,65.88785046728972,-1.4018691588784975,-,63.883865782599955,61.50291340164758,-2.3809523809523725,-,64.55099829747716,62.01367898938231,-2.537319308094851,-,0.4824688400261222,0.4582456580105456,-0.024223182015576605,-,79.74683544303798,79.74683544303798,0.0,66.66666666666666,66.66666666666666,0.0,45.23809523809524,38.095238095238095,-7.142857142857146,"[[63, 13, 3], [24, 62, 7], [9, 14, 19]]","[[63, 13, 3], [24, 62, 7], [10, 16, 16]]","[[0, 0, 0], [0, 0, 0], [1, 2, -3]]",-0.014032442194898933,-0.38336264850380264,141,3,0,70,8,1122
data_no_conv__tp22_L5_p0p33,data_ablation_no_module,no_conv,tp22_L5_p0p33,5.0,0.33,run1,fold01,327,79.20489296636084,77.98165137614679,-1.2232415902140588,-,77.82046123681977,76.94326825436363,-0.8771929824561369,-,79.390186562109,77.50069236424217,-1.8894941978668243,-,0.6509524121737486,0.6328497188115105,-0.01810269336223802,-,81.34328358208955,81.34328358208955,0.0,78.94736842105263,76.31578947368422,-2.6315789473684106,73.17073170731707,73.17073170731707,0.0,"[[109, 24, 1], [29, 120, 3], [5, 6, 30]]","[[109, 24, 1], [29, 116, 7], [5, 6, 30]]","[[0, 0, 0], [0, -4, 4], [0, 0, 0]]",-0.009936309881007346,0.08334973869156034,249,10,6,62,46,8487
data_no_conv__tp22_L5_p0p33,data_ablation_no_module,no_conv,tp22_L5_p0p33,5.0,0.33,run1,fold02,326,80.06134969325154,79.4478527607362,-0.6134969325153463,-,78.89827179890023,78.45967530767216,-0.43859649122806843,-,78.65140888396702,78.18502974086948,-0.4663791430975408,-,0.667755761900005,0.6578675900715941,-0.009888171828410841,-,82.08955223880598,82.08955223880598,0.0,79.60526315789474,78.28947368421053,-1.3157894736842053,75.0,75.0,0.0,"[[110, 22, 2], [22, 121, 9], [4, 6, 30]]","[[110, 22, 2], [24, 119, 9], [4, 6, 30]]","[[0, 0, 0], [2, -2, 0], [0, 0, 0]]",-0.004390269642348681,0.1219151100383763,254,7,5,60,39,7151
data_no_conv__tp22_L5_p0p33,data_ablation_no_module,no_conv,tp22_L5_p0p33,5.0,0.33,run1,fold03,326,77.60736196319019,76.07361963190185,-1.5337423312883374,-,80.15514532600157,79.0586540979314,-1.0964912280701782,-,76.45264363658288,74.94264994264994,-1.509993693932941,-,0.6403712014169086,0.6184915696776249,-0.021879631739283756,-,80.59701492537313,80.59701492537313,0.0,72.36842105263158,69.07894736842105,-3.2894736842105203,87.5,87.5,0.0,"[[108, 18, 8], [28, 110, 14], [0, 5, 35]]","[[108, 18, 8], [31, 105, 16], [0, 5, 35]]","[[0, 0, 0], [3, -5, 2], [0, 0, 0]]",-0.00952685627289276,0.029690222369015595,239,14,9,64,53,9544
data_no_conv__tp22_L5_p0p33,data_ablation_no_module,no_conv,tp22_L5_p0p33,5.0,0.33,run1,oof_pooled,979,78.95812053115424,77.83452502553627,-1.1235955056179705,-,78.94312149561026,78.1390279283588,-0.8040935672514564,-,78.0672759638754,76.81939176916246,-1.2478841947129382,-,0.6519762827892167,0.6353396783316235,-0.016636604457593185,-,81.34328358208955,81.34328358208955,0.0,76.97368421052632,74.56140350877193,-2.4122807017543835,78.51239669421489,78.51239669421489,0.0,"[[327, 64, 11], [79, 351, 26], [9, 17, 95]]","[[327, 64, 11], [84, 340, 32], [9, 17, 95]]","[[0, 0, 0], [5, -11, 6], [0, 0, 0]]",-0.007953173012725344,0.07832349634009192,742,31,20,186,138,25182
data_no_conv__tp22_L5_p0p33,data_ablation_no_module,no_conv,tp22_L5_p0p33,5.0,0.33,run2,fold01,72,55.55555555555556,54.166666666666664,-1.3888888888888928,-,57.151391022358766,54.770438641406386,-2.3809523809523796,-,54.93827160493828,53.15055315055315,-1.7877184543851286,-,0.3353881275042346,0.3091522899014998,-0.02623583760273479,-,55.55555555555556,55.55555555555556,0.0,51.61290322580645,51.61290322580645,0.0,64.28571428571429,57.14285714285714,-7.142857142857153,"[[15, 6, 6], [8, 16, 7], [4, 1, 9]]","[[15, 6, 6], [8, 16, 7], [4, 2, 8]]","[[0, 0, 0], [0, 0, 0], [0, 1, -1]]",-0.011889112818813096,-0.3302886134220494,39,1,0,32,4,606
data_no_conv__tp22_L5_p0p33,data_ablation_no_module,no_conv,tp22_L5_p0p33,5.0,0.33,run2,fold02,71,56.33802816901409,53.52112676056338,-2.816901408450711,-,60.888573791799594,56.126669029894835,-4.761904761904759,-,56.23083683234059,52.9590017825312,-3.2718350498093898,-,0.3663549852444777,0.3115080449876949,-0.05484694025678277,-,65.38461538461539,65.38461538461539,0.0,38.70967741935484,38.70967741935484,0.0,78.57142857142857,64.28571428571429,-14.285714285714278,"[[17, 6, 3], [9, 12, 10], [3, 0, 11]]","[[17, 6, 3], [9, 12, 10], [3, 2, 9]]","[[0, 0, 0], [0, 0, 0], [0, 2, -2]]",-0.013869208579186486,-0.26743524360247484,38,2,0,31,3,411
data_no_conv__tp22_L5_p0p33,data_ablation_no_module,no_conv,tp22_L5_p0p33,5.0,0.33,run2,fold03,71,54.929577464788736,54.929577464788736,0.0,0,51.50064988774666,51.50064988774666,0.0,0,50.483091787439605,50.438443235328364,-0.04464855211124075,-,0.3108593378795985,0.30689344427152976,-0.00396589360806876,-,80.76923076923077,80.76923076923077,0.0,45.16129032258064,45.16129032258064,0.0,28.57142857142857,28.57142857142857,0.0,"[[21, 4, 1], [13, 14, 4], [8, 2, 4]]","[[21, 4, 1], [13, 14, 4], [7, 3, 4]]","[[0, 0, 0], [0, 0, 0], [-1, 1, 0]]",-0.0018978034249428183,-0.09267862749771331,39,0,0,32,1,105
data_no_conv__tp22_L5_p0p33,data_ablation_no_module,no_conv,tp22_L5_p0p33,5.0,0.33,run2,oof_pooled,214,55.60747663551402,54.20560747663551,-1.4018691588785117,-,56.4642516867915,54.08329930583912,-2.3809523809523796,-,54.638998759215426,52.69089358437594,-1.9481051748394833,-,0.33252990827619394,0.3048508487879386,-0.02767905948825533,-,67.08860759493672,67.08860759493672,0.0,45.16129032258064,45.16129032258064,0.0,57.14285714285714,50.0,-7.142857142857139,"[[53, 16, 10], [30, 42, 21], [15, 3, 24]]","[[53, 16, 10], [30, 42, 21], [14, 7, 21]]","[[0, 0, 0], [0, 0, 0], [-1, 4, -3]]",-0.009231186800223007,-0.23060217296495755,116,3,0,95,8,1122
module_masked__no_conv__tp22_L5_p0p33,module_ablation_masked,no_conv,tp22_L5_p0p33,5.0,0.33,run1,fold01,327,78.89908256880734,77.98165137614679,-0.9174311926605583,-,75.31469737321098,76.94326825436363,1.6285708811526547,+,76.77200283803742,77.50069236424217,0.7286895262047466,+,0.6454696413807998,0.6328497188115105,-0.012619922569289233,-,83.5820895522388,81.34328358208955,-2.2388059701492438,78.94736842105263,76.31578947368422,-2.6315789473684106,63.41463414634146,73.17073170731707,9.756097560975611,"[[112, 20, 2], [27, 120, 5], [5, 10, 26]]","[[109, 24, 1], [29, 116, 7], [5, 6, 30]]","[[-3, 4, -1], [2, -4, 2], [0, -4, 4]]",-0.006085260392522017,0.5055692478535919,228,30,27,42,46,8487
module_masked__no_conv__tp22_L5_p0p33,module_ablation_masked,no_conv,tp22_L5_p0p33,5.0,0.33,run1,fold02,326,80.3680981595092,79.4478527607362,-0.9202453987730053,-,81.42642052893429,78.45967530767216,-2.96674522126213,-,80.95481355883078,78.18502974086948,-2.7697838179612972,-,0.672942208400153,0.6578675900715941,-0.015074618328558831,-,78.35820895522389,82.08955223880598,3.731343283582092,80.92105263157895,78.28947368421053,-2.6315789473684106,85.0,75.0,-10.0,"[[105, 27, 2], [23, 123, 6], [2, 4, 34]]","[[110, 22, 2], [24, 119, 9], [4, 6, 30]]","[[5, -5, 0], [1, -4, 3], [2, 2, -4]]",-0.032450971627922535,-1.1622861970067482,223,39,36,28,39,7151
module_masked__no_conv__tp22_L5_p0p33,module_ablation_masked,no_conv,tp22_L5_p0p33,5.0,0.33,run1,fold03,326,82.51533742331289,76.07361963190185,-6.441717791411037,-,79.45404556166537,79.0586540979314,-0.39539146373397216,-,81.56558261082513,74.94264994264994,-6.622932668175196,-,0.7042215943743606,0.6184915696776249,-0.08573002469673574,-,82.83582089552239,80.59701492537313,-2.238805970149258,85.52631578947368,69.07894736842105,-16.44736842105263,70.0,87.5,17.5,"[[111, 21, 2], [21, 130, 1], [4, 8, 28]]","[[108, 18, 8], [31, 105, 16], [0, 5, 35]]","[[-3, -3, 6], [10, -25, 15], [-4, -3, 7]]",-0.09230474326347834,-2.2888917021476236,215,54,33,24,53,9544
module_masked__no_conv__tp22_L5_p0p33,module_ablation_masked,no_conv,tp22_L5_p0p33,5.0,0.33,run1,oof_pooled,979,80.59244126659857,77.83452502553627,-2.757916241062304,-,78.70585271410094,78.1390279283588,-0.566824785742142,-,79.83213580395096,76.81939176916246,-3.012744034788497,-,0.6736993161250001,0.6353396783316235,-0.03835963779337659,-,81.59203980099502,81.34328358208955,-0.24875621890546995,81.7982456140351,74.56140350877193,-7.236842105263165,72.72727272727273,78.51239669421489,5.785123966942152,"[[328, 68, 6], [71, 373, 12], [11, 22, 88]]","[[327, 64, 11], [84, 340, 32], [9, 17, 95]]","[[-1, -4, 5], [13, -33, 20], [-2, -5, 7]]",-0.043575325028550965,-0.9803502053893776,666,123,96,94,138,25182
module_masked__no_conv__tp22_L5_p0p33,module_ablation_masked,no_conv,tp22_L5_p0p33,5.0,0.33,run2,fold01,72,68.05555555555556,54.166666666666664,-13.888888888888893,-,64.02685327416509,54.770438641406386,-9.256414632758705,-,64.44444444444444,53.15055315055315,-11.293891293891292,-,0.49547369768366784,0.3091522899014998,-0.18632140778216805,-,81.48148148148148,55.55555555555556,-25.925925925925924,67.74193548387096,51.61290322580645,-16.129032258064512,42.857142857142854,57.14285714285714,14.285714285714285,"[[22, 3, 2], [8, 21, 2], [3, 5, 6]]","[[15, 6, 6], [8, 16, 7], [4, 2, 8]]","[[-7, 3, 4], [0, -5, 5], [1, -3, 2]]",-0.15682087053814245,-2.025609301901164,30,19,9,14,4,606
module_masked__no_conv__tp22_L5_p0p33,module_ablation_masked,no_conv,tp22_L5_p0p33,5.0,0.33,run2,fold02,71,63.38028169014085,53.52112676056338,-9.859154929577471,-,60.56362991846863,56.126669029894835,-4.436960888573793,-,61.12011790714812,52.9590017825312,-8.161116124616917,-,0.4208190009450886,0.3115080449876949,-0.10931095595739371,-,80.76923076923077,65.38461538461539,-15.384615384615387,58.06451612903226,38.70967741935484,-19.354838709677423,42.857142857142854,64.28571428571429,21.428571428571438,"[[21, 5, 0], [10, 18, 3], [2, 6, 6]]","[[17, 6, 3], [9, 12, 10], [3, 2, 9]]","[[-4, 1, 3], [-1, -6, 7], [1, -4, 3]]",-0.15441350912859544,-1.8733817425385957,29,16,9,17,3,411
module_masked__no_conv__tp22_L5_p0p33,module_ablation_masked,no_conv,tp22_L5_p0p33,5.0,0.33,run2,fold03,71,66.19718309859155,54.929577464788736,-11.267605633802816,-,59.89601796053409,51.50064988774666,-8.395368072787427,-,60.04855889724311,50.438443235328364,-9.610115661914747,-,0.45896608905667236,0.30689344427152976,-0.1520726447851426,-,76.92307692307693,80.76923076923077,3.8461538461538396,74.19354838709677,45.16129032258064,-29.032258064516128,28.57142857142857,28.57142857142857,0.0,"[[20, 5, 1], [6, 23, 2], [5, 5, 4]]","[[21, 4, 1], [13, 14, 4], [7, 3, 4]]","[[1, -1, 0], [7, -9, 2], [2, -2, 0]]",-0.2208370634911762,-3.0109802021244936,34,13,5,19,1,105
module_masked__no_conv__tp22_L5_p0p33,module_ablation_masked,no_conv,tp22_L5_p0p33,5.0,0.33,run2,oof_pooled,214,65.88785046728972,54.20560747663551,-11.682242990654217,-,61.50291340164758,54.08329930583912,-7.419614095808463,-,62.01367898938231,52.69089358437594,-9.322785405006371,-,0.4582456580105456,0.3048508487879386,-0.153394809222607,-,79.74683544303798,67.08860759493672,-12.658227848101262,66.66666666666666,45.16129032258064,-21.505376344086017,38.095238095238095,50.0,11.904761904761905,"[[63, 13, 3], [24, 62, 7], [10, 16, 16]]","[[53, 16, 10], [30, 42, 21], [14, 7, 21]]","[[-10, 3, 7], [6, -20, 14], [4, -9, 5]]",-0.1772611838072432,-2.30202601779422,93,48,23,50,8,1122
data_no_lstm__tp22_L5_p0p33,data_ablation_no_module,no_lstm,tp22_L5_p0p33,5.0,0.33,run1,fold01,327,75.22935779816514,71.86544342507645,-3.36391437308869,-,72.98224857739544,70.56996787564105,-2.4122807017543835,-,74.65929369343549,70.48238429280879,-4.176909400626698,-,0.5824277209957041,0.5323999607059312,-0.05002776028977285,-,76.11940298507463,76.11940298507463,0.0,76.97368421052632,69.73684210526315,-7.236842105263165,65.85365853658537,65.85365853658537,0.0,"[[102, 30, 2], [31, 117, 4], [4, 10, 27]]","[[102, 30, 2], [34, 106, 12], [4, 10, 27]]","[[0, 0, 0], [3, -11, 8], [0, 0, 0]]",-0.025491047791843996,-0.343230077085464,230,16,5,76,46,8487
data_no_lstm__tp22_L5_p0p33,data_ablation_no_module,no_lstm,tp22_L5_p0p33,5.0,0.33,run1,fold02,326,74.23312883435584,73.61963190184049,-0.6134969325153463,-,73.23841319717204,72.79981670594395,-0.43859649122808264,-,73.4197528076379,73.1724998440327,-0.24725296360520588,-,0.5692124265740279,0.5587359980512939,-0.010476428522734005,-,75.3731343283582,75.3731343283582,0.0,74.3421052631579,73.02631578947368,-1.3157894736842195,70.0,70.0,0.0,"[[101, 30, 3], [31, 113, 8], [5, 7, 28]]","[[101, 30, 3], [34, 111, 7], [5, 7, 28]]","[[0, 0, 0], [3, -2, -1], [0, 0, 0]]",-0.007632060213881305,-0.0705634060264365,237,5,3,81,39,7151
data_no_lstm__tp22_L5_p0p33,data_ablation_no_module,no_lstm,tp22_L5_p0p33,5.0,0.33,run1,fold03,326,77.91411042944786,76.07361963190185,-1.8404907975460105,-,77.18643623985336,75.87064676616916,-1.3157894736842053,-,76.36475294195755,74.27359516911757,-2.0911577728399777,-,0.6335414855138196,0.6064929439200636,-0.027048541593756026,-,77.61194029850746,77.61194029850746,0.0,78.94736842105263,75.0,-3.94736842105263,75.0,75.0,0.0,"[[104, 23, 7], [25, 120, 7], [3, 7, 30]]","[[104, 23, 7], [27, 114, 11], [3, 7, 30]]","[[0, 0, 0], [2, -6, 4], [0, 0, 0]]",-0.019662944046366773,-0.552318230654153,243,11,5,67,53,9544
data_no_lstm__tp22_L5_p0p33,data_ablation_no_module,no_lstm,tp22_L5_p0p33,5.0,0.33,run1,oof_pooled,979,75.79162410623084,73.8508682328907,-1.9407558733401373,-,74.4568263510633,73.06793746217441,-1.3888888888888857,-,74.79679148332708,72.61423404607567,-2.1825574372514183,-,0.5949564188779985,0.5658333247645873,-0.029123094113411296,-,76.3681592039801,76.3681592039801,0.0,76.75438596491229,72.58771929824562,-4.166666666666671,70.24793388429752,70.24793388429752,0.0,"[[307, 83, 12], [87, 350, 19], [12, 24, 85]]","[[307, 83, 12], [95, 331, 30], [12, 24, 85]]","[[0, 0, 0], [8, -19, 11], [0, 0, 0]]",-0.017603415747470746,-0.3220588853573227,710,32,13,224,138,25182
data_no_lstm__tp22_L5_p0p33,data_ablation_no_module,no_lstm,tp22_L5_p0p33,5.0,0.33,run2,fold01,72,63.888888888888886,62.5,-1.3888888888888857,-,63.762303009614826,61.381350628662446,-2.3809523809523796,-,62.59259259259259,60.816798941798936,-1.775793650793652,-,0.45896250049990833,0.4336200205931348,-0.02534247990677352,-,59.25925925925925,59.25925925925925,0.0,67.74193548387096,67.74193548387096,0.0,64.28571428571429,57.14285714285714,-7.142857142857153,"[[16, 6, 5], [2, 21, 8], [0, 5, 9]]","[[16, 6, 5], [2, 21, 8], [0, 6, 8]]","[[0, 0, 0], [0, 0, 0], [0, 1, -1]]",-0.012901550702129803,-0.10380715826371063,45,1,0,26,4,606
data_no_lstm__tp22_L5_p0p33,data_ablation_no_module,no_lstm,tp22_L5_p0p33,5.0,0.33,run2,fold02,71,56.33802816901409,54.929577464788736,-1.408450704225352,-,53.73980857851826,51.35885619756587,-2.3809523809523867,-,55.29980107985223,52.775840243870945,-2.523960835981285,-,0.2972806093565435,0.2714189397390067,-0.025861669617536776,-,53.84615384615385,53.84615384615385,0.0,64.51612903225806,64.51612903225806,0.0,42.857142857142854,35.714285714285715,-7.142857142857139,"[[14, 11, 1], [9, 20, 2], [2, 6, 6]]","[[14, 11, 1], [9, 20, 2], [2, 7, 5]]","[[0, 0, 0], [0, 0, 0], [0, 1, -1]]",-0.006049420317293892,-0.0587214782414302,39,1,0,31,3,411
data_no_lstm__tp22_L5_p0p33,data_ablation_no_module,no_lstm,tp22_L5_p0p33,5.0,0.33,run2,fold03,71,67.6056338028169,67.6056338028169,0.0,0,63.58265390523455,63.58265390523455,0.0,0,63.48309568648551,63.5016835016835,0.018587815197989244,+,0.4934358082473687,0.49171810730384663,-0.0017177009435220825,-,76.92307692307693,76.92307692307693,0.0,70.96774193548387,70.96774193548387,0.0,42.857142857142854,42.857142857142854,0.0,"[[20, 4, 2], [4, 22, 5], [6, 2, 6]]","[[20, 4, 2], [4, 22, 5], [5, 3, 6]]","[[0, 0, 0], [0, 0, 0], [-1, 1, 0]]",-0.0016369076534239974,-0.07840696690787732,48,0,0,23,1,105
data_no_lstm__tp22_L5_p0p33,data_ablation_no_module,no_lstm,tp22_L5_p0p33,5.0,0.33,run2,oof_pooled,214,62.616822429906534,61.6822429906542,-0.9345794392523317,-,60.344358241459105,58.757056654157516,-1.5873015873015888,-,60.31415748674011,58.91607829809112,-1.3980791886489854,-,0.41329125049232496,0.39648724763808385,-0.016804002854241107,-,63.29113924050633,63.29113924050633,0.0,67.74193548387096,67.74193548387096,0.0,50.0,45.23809523809524,-4.761904761904759,"[[50, 21, 8], [15, 63, 15], [8, 13, 21]]","[[50, 21, 8], [15, 63, 15], [7, 16, 19]]","[[0, 0, 0], [0, 0, 0], [-1, 3, -2]]",-0.006890845497543532,-0.08042165888125234,132,2,0,80,8,1122
module_masked__no_lstm__tp22_L5_p0p33,module_ablation_masked,no_lstm,tp22_L5_p0p33,5.0,0.33,run1,fold01,327,78.89908256880734,71.86544342507645,-7.033639143730895,-,75.31469737321098,70.56996787564105,-4.744729497569921,-,76.77200283803742,70.48238429280879,-6.289618545228635,-,0.6454696413807998,0.5323999607059312,-0.11306968067486856,-,83.5820895522388,76.11940298507463,-7.46268656716417,78.94736842105263,69.73684210526315,-9.21052631578948,63.41463414634146,65.85365853658537,2.439024390243908,"[[112, 20, 2], [27, 120, 5], [5, 10, 26]]","[[102, 30, 2], [34, 106, 12], [4, 10, 27]]","[[-10, 10, 0], [7, -14, 7], [-1, 0, 1]]",-0.08221819014871791,-1.622497314436287,207,51,28,41,46,8487
module_masked__no_lstm__tp22_L5_p0p33,module_ablation_masked,no_lstm,tp22_L5_p0p33,5.0,0.33,run1,fold02,326,80.3680981595092,73.61963190184049,-6.74846625766871,-,81.42642052893429,72.79981670594395,-8.626603822990333,-,80.95481355883078,73.1724998440327,-7.782313714798079,-,0.672942208400153,0.5587359980512939,-0.11420621034885903,-,78.35820895522389,75.3731343283582,-2.985074626865682,80.92105263157895,73.02631578947368,-7.89473684210526,85.0,70.0,-15.0,"[[105, 27, 2], [23, 123, 6], [2, 4, 34]]","[[101, 30, 3], [34, 111, 7], [5, 7, 28]]","[[-4, 3, 1], [11, -12, 1], [3, 3, -6]]",-0.08938616965778108,-2.3393770998423817,205,57,35,29,39,7151
module_masked__no_lstm__tp22_L5_p0p33,module_ablation_masked,no_lstm,tp22_L5_p0p33,5.0,0.33,run1,fold03,326,82.51533742331289,76.07361963190185,-6.441717791411037,-,79.45404556166537,75.87064676616916,-3.5833987954962083,-,81.56558261082513,74.27359516911757,-7.291987441707562,-,0.7042215943743606,0.6064929439200636,-0.09772865045429702,-,82.83582089552239,77.61194029850746,-5.223880597014926,85.52631578947368,75.0,-10.526315789473685,70.0,75.0,5.0,"[[111, 21, 2], [21, 130, 1], [4, 8, 28]]","[[104, 23, 7], [27, 114, 11], [3, 7, 30]]","[[-7, 2, 5], [6, -16, 10], [-1, -1, 2]]",-0.06608339267616416,0.6258200978391741,220,49,28,29,53,9544
module_masked__no_lstm__tp22_L5_p0p33,module_ablation_masked,no_lstm,tp22_L5_p0p33,5.0,0.33,run1,oof_pooled,979,80.59244126659857,73.8508682328907,-6.741573033707866,-,78.70585271410094,73.06793746217441,-5.637915251926529,-,79.83213580395096,72.61423404607567,-7.217901757875296,-,0.6736993161250001,0.5658333247645873,-0.10786599136041286,-,81.59203980099502,76.3681592039801,-5.223880597014926,81.7982456140351,72.58771929824562,-9.21052631578948,72.72727272727273,70.24793388429752,-2.47933884297521,"[[328, 68, 6], [71, 373, 12], [11, 22, 88]]","[[307, 83, 12], [95, 331, 30], [12, 24, 85]]","[[-21, 15, 6], [24, -42, 18], [1, 2, -3]]",-0.07923230388099785,-1.1125395347024634,632,157,91,99,138,25182
module_masked__no_lstm__tp22_L5_p0p33,module_ablation_masked,no_lstm,tp22_L5_p0p33,5.0,0.33,run2,fold01,72,68.05555555555556,62.5,-5.555555555555557,-,64.02685327416509,61.381350628662446,-2.6455026455026456,-,64.44444444444444,60.816798941798936,-3.627645502645507,-,0.49547369768366784,0.4336200205931348,-0.06185367709053302,-,81.48148148148148,59.25925925925925,-22.22222222222223,67.74193548387096,67.74193548387096,0.0,42.857142857142854,57.14285714285714,14.285714285714285,"[[22, 3, 2], [8, 21, 2], [3, 5, 6]]","[[16, 6, 5], [2, 21, 8], [0, 6, 8]]","[[-6, 3, 3], [-6, 0, 6], [-3, 1, 2]]",-0.07678613841903825,-1.7977293936872027,38,11,7,16,4,606
module_masked__no_lstm__tp22_L5_p0p33,module_ablation_masked,no_lstm,tp22_L5_p0p33,5.0,0.33,run2,fold02,71,63.38028169014085,54.929577464788736,-8.450704225352112,-,60.56362991846863,51.35885619756587,-9.204773720902757,-,61.12011790714812,52.775840243870945,-8.344277663277175,-,0.4208190009450886,0.2714189397390067,-0.1494000612060819,-,80.76923076923077,53.84615384615385,-26.923076923076927,58.06451612903226,64.51612903225806,6.451612903225801,42.857142857142854,35.714285714285715,-7.142857142857139,"[[21, 5, 0], [10, 18, 3], [2, 6, 6]]","[[14, 11, 1], [9, 20, 2], [2, 7, 5]]","[[-7, 6, 1], [-1, 2, -1], [0, 1, -1]]",-0.23165510171588236,-1.8476260695540885,28,17,11,15,3,411
module_masked__no_lstm__tp22_L5_p0p33,module_ablation_masked,no_lstm,tp22_L5_p0p33,5.0,0.33,run2,fold03,71,66.19718309859155,67.6056338028169,1.408450704225345,+,59.89601796053409,63.58265390523455,3.6866359447004626,+,60.04855889724311,63.5016835016835,3.45312460444039,+,0.45896608905667236,0.49171810730384663,0.032752018247174275,+,76.92307692307693,76.92307692307693,0.0,74.19354838709677,70.96774193548387,-3.225806451612897,28.57142857142857,42.857142857142854,14.285714285714285,"[[20, 5, 1], [6, 23, 2], [5, 5, 4]]","[[20, 4, 2], [4, 22, 5], [5, 3, 6]]","[[0, -1, 1], [-2, -1, 3], [0, -2, 2]]",-0.07125626748317362,-2.732676001921506,40,7,8,16,1,105
module_masked__no_lstm__tp22_L5_p0p33,module_ablation_masked,no_lstm,tp22_L5_p0p33,5.0,0.33,run2,oof_pooled,214,65.88785046728972,61.6822429906542,-4.205607476635521,-,61.50291340164758,58.757056654157516,-2.745856747490066,-,62.01367898938231,58.91607829809112,-3.0976006912911913,-,0.4582456580105456,0.39648724763808385,-0.06175841037246177,-,79.74683544303798,63.29113924050633,-16.455696202531648,66.66666666666666,67.74193548387096,1.0752688172043037,38.095238095238095,45.23809523809524,7.142857142857146,"[[63, 13, 3], [24, 62, 7], [10, 16, 16]]","[[50, 21, 8], [15, 63, 15], [7, 16, 19]]","[[-13, 8, 5], [-9, 1, 8], [-3, 0, 3]]",-0.12633322046403614,-2.124476464580588,106,35,26,47,8,1122
data_no_attention__tp22_L5_p0p33,data_ablation_no_module,no_attention,tp22_L5_p0p33,5.0,0.33,run1,fold01,327,81.9571865443425,77.06422018348624,-4.8929663608562635,-,79.91197734051183,76.40320541068725,-3.508771929824576,-,82.01435063589545,75.06759726226831,-6.946753373627146,-,0.6962494375241386,0.6244595335113629,-0.07178990401277574,-,84.32835820895522,84.32835820895522,0.0,82.23684210526315,71.71052631578947,-10.526315789473685,73.17073170731707,73.17073170731707,0.0,"[[113, 19, 2], [27, 125, 0], [2, 9, 30]]","[[113, 19, 2], [28, 109, 15], [2, 9, 30]]","[[0, 0, 0], [1, -16, 15], [0, 0, 0]]",-0.046782949943800424,-1.2912761345904447,249,19,3,56,46,8487
data_no_attention__tp22_L5_p0p33,data_ablation_no_module,no_attention,tp22_L5_p0p33,5.0,0.33,run1,fold02,326,81.90184049079755,77.30061349693251,-4.6012269938650405,-,79.51165226499084,76.22217858078031,-3.2894736842105345,-,80.47822307750707,75.95779403466247,-4.520429042844597,-,0.6958625448093783,0.622087671092058,-0.07377487371732028,-,79.8507462686567,79.8507462686567,0.0,86.18421052631578,76.31578947368422,-9.868421052631561,72.5,72.5,0.0,"[[107, 24, 3], [17, 131, 4], [4, 7, 29]]","[[107, 24, 3], [27, 116, 9], [4, 7, 29]]","[[0, 0, 0], [10, -15, 5], [0, 0, 0]]",-0.041160863312255144,-0.678379519482606,250,17,2,57,39,7151
data_no_attention__tp22_L5_p0p33,data_ablation_no_module,no_attention,tp22_L5_p0p33,5.0,0.33,run1,fold03,326,84.3558282208589,80.67484662576688,-3.680981595092021,-,83.89892642052894,81.2673474731605,-2.631578947368439,-,83.66469909688912,79.98862110223914,-3.6760779946499866,-,0.7390486456524588,0.6817841202300506,-0.05726452542240812,-,84.32835820895522,84.32835820895522,0.0,84.86842105263158,76.97368421052632,-7.89473684210526,82.5,82.5,0.0,"[[113, 20, 1], [16, 129, 7], [4, 3, 33]]","[[113, 20, 1], [24, 117, 11], [4, 3, 33]]","[[0, 0, 0], [8, -12, 4], [0, 0, 0]]",-0.035218315753478946,-0.7940139185088727,260,15,3,48,53,9544
data_no_attention__tp22_L5_p0p33,data_ablation_no_module,no_attention,tp22_L5_p0p33,5.0,0.33,run1,oof_pooled,979,82.73748723186925,78.34525025536261,-4.392236976506638,-,81.09956776938853,77.95629291558735,-3.1432748538011737,-,82.05217929651486,76.99782010920303,-5.054359187311832,-,0.7100686691507885,0.6426508281535871,-0.06741784099720138,-,82.83582089552239,82.83582089552239,0.0,84.4298245614035,75.0,-9.429824561403507,76.03305785123968,76.03305785123968,0.0,"[[333, 63, 6], [60, 385, 11], [10, 19, 92]]","[[333, 63, 6], [79, 342, 35], [10, 19, 92]]","[[0, 0, 0], [19, -43, 24], [0, 0, 0]]",-0.04105989479780598,-0.9216011816101097,759,51,8,161,138,25182
data_no_attention__tp22_L5_p0p33,data_ablation_no_module,no_attention,tp22_L5_p0p33,5.0,0.33,run2,fold01,72,58.333333333333336,56.94444444444444,-1.3888888888888928,-,55.384877965523124,53.00392558457075,-2.3809523809523725,-,55.707282913165265,53.468867418142786,-2.2384154950224797,-,0.3440986103748549,0.3190262147243699,-0.02507239565048497,-,55.55555555555556,55.55555555555556,0.0,67.74193548387096,67.74193548387096,0.0,42.857142857142854,35.714285714285715,-7.142857142857139,"[[15, 9, 3], [5, 21, 5], [1, 7, 6]]","[[15, 9, 3], [5, 21, 5], [1, 8, 5]]","[[0, 0, 0], [0, 0, 0], [0, 1, -1]]",-0.005375024642691843,-0.11560712485677666,41,1,0,30,4,606
data_no_attention__tp22_L5_p0p33,data_ablation_no_module,no_attention,tp22_L5_p0p33,5.0,0.33,run2,fold02,71,63.38028169014085,60.56338028169014,-2.816901408450711,-,68.66950254047029,63.90759777856552,-4.761904761904773,-,63.681341719077565,60.547092547092554,-3.1342491719850116,-,0.4690406293950227,0.4151538189819182,-0.0538868104131045,-,61.53846153846154,61.53846153846154,0.0,51.61290322580645,51.61290322580645,0.0,92.85714285714286,78.57142857142857,-14.285714285714292,"[[16, 6, 4], [7, 16, 8], [1, 0, 13]]","[[16, 6, 4], [7, 16, 8], [1, 2, 11]]","[[0, 0, 0], [0, 0, 0], [0, 2, -2]]",-0.021824858025414434,-0.40897468823782157,43,2,0,26,3,411
data_no_attention__tp22_L5_p0p33,data_ablation_no_module,no_attention,tp22_L5_p0p33,5.0,0.33,run2,fold03,71,56.33802816901409,56.33802816901409,0.0,0,51.74878884556304,51.74878884556304,0.0,0,51.7458781609725,51.7458781609725,0.0,0,0.30795014030702567,0.30795014030702567,0.0,0,65.38461538461539,65.38461538461539,0.0,61.29032258064516,61.29032258064516,0.0,28.57142857142857,28.57142857142857,0.0,"[[17, 7, 2], [6, 19, 6], [4, 6, 4]]","[[17, 7, 2], [6, 19, 6], [4, 6, 4]]","[[0, 0, 0], [0, 0, 0], [0, 0, 0]]",-0.0003213891564131566,-0.17812772703842378,40,0,0,31,1,105
data_no_attention__tp22_L5_p0p33,data_ablation_no_module,no_attention,tp22_L5_p0p33,5.0,0.33,run2,oof_pooled,214,59.345794392523366,57.943925233644855,-1.4018691588785117,-,58.5788173987439,56.19786501779153,-2.3809523809523725,-,57.96936324972884,55.97121717106135,-1.9981460786674958,-,0.36980374236342506,0.34429180461132897,-0.025511937752096092,-,60.75949367088608,60.75949367088608,0.0,60.215053763440864,60.215053763440864,0.0,54.761904761904766,47.61904761904761,-7.142857142857153,"[[48, 22, 9], [18, 56, 19], [6, 13, 23]]","[[48, 22, 9], [18, 56, 19], [6, 16, 20]]","[[0, 0, 0], [0, 0, 0], [0, 3, -3]]",-0.009156006187773699,-0.23368217044066045,124,3,0,87,8,1122
module_masked__no_attention__tp22_L5_p0p33,module_ablation_masked,no_attention,tp22_L5_p0p33,5.0,0.33,run1,fold01,327,78.89908256880734,77.06422018348624,-1.8348623853211024,-,75.31469737321098,76.40320541068725,1.0885080374762737,+,76.77200283803742,75.06759726226831,-1.7044055757691154,-,0.6454696413807998,0.6244595335113629,-0.02101010786943691,-,83.5820895522388,84.32835820895522,0.7462686567164241,78.94736842105263,71.71052631578947,-7.236842105263165,63.41463414634146,73.17073170731707,9.756097560975611,"[[112, 20, 2], [27, 120, 5], [5, 10, 26]]","[[113, 19, 2], [28, 109, 15], [2, 9, 30]]","[[1, -1, 0], [1, -11, 10], [-3, -1, 4]]",-0.034377918081197945,-0.5673043085689392,220,38,32,37,46,8487
module_masked__no_attention__tp22_L5_p0p33,module_ablation_masked,no_attention,tp22_L5_p0p33,5.0,0.33,run1,fold02,326,80.3680981595092,77.30061349693251,-3.067484662576689,-,81.42642052893429,76.22217858078031,-5.204241948153978,-,80.95481355883078,75.95779403466247,-4.997019524168309,-,0.672942208400153,0.622087671092058,-0.05085453730809497,-,78.35820895522389,79.8507462686567,1.4925373134328197,80.92105263157895,76.31578947368422,-4.605263157894726,85.0,72.5,-12.5,"[[105, 27, 2], [23, 123, 6], [2, 4, 34]]","[[107, 24, 3], [27, 116, 9], [4, 7, 29]]","[[2, -3, 1], [4, -7, 3], [2, 3, -5]]",-0.03591207217167343,1.426614396679758,219,43,33,31,39,7151
module_masked__no_attention__tp22_L5_p0p33,module_ablation_masked,no_attention,tp22_L5_p0p33,5.0,0.33,run1,fold03,326,82.51533742331289,80.67484662576688,-1.8404907975460105,-,79.45404556166537,81.2673474731605,1.813301911495131,+,81.56558261082513,79.98862110223914,-1.5769615085859954,-,0.7042215943743606,0.6817841202300506,-0.022437474144309966,-,82.83582089552239,84.32835820895522,1.492537313432834,85.52631578947368,76.97368421052632,-8.55263157894737,70.0,82.5,12.5,"[[111, 21, 2], [21, 130, 1], [4, 8, 28]]","[[113, 20, 1], [24, 117, 11], [4, 3, 33]]","[[2, -1, -1], [3, -13, 10], [0, -5, 5]]",-0.031355819459612425,0.26776008083387937,232,37,31,26,53,9544
module_masked__no_attention__tp22_L5_p0p33,module_ablation_masked,no_attention,tp22_L5_p0p33,5.0,0.33,run1,oof_pooled,979,80.59244126659857,78.34525025536261,-2.247191011235955,-,78.70585271410094,77.95629291558735,-0.7495597985135873,-,79.83213580395096,76.99782010920303,-2.8343156947479287,-,0.6736993161250001,0.6426508281535871,-0.03104848797141302,-,81.59203980099502,82.83582089552239,1.243781094527364,81.7982456140351,75.0,-6.798245614035096,72.72727272727273,76.03305785123968,3.305785123966942,"[[328, 68, 6], [71, 373, 12], [11, 22, 88]]","[[333, 63, 6], [79, 342, 35], [10, 19, 92]]","[[5, -5, 0], [8, -31, 23], [-1, -3, 4]]",-0.033882443191369675,0.37472683428743886,671,118,96,94,138,25182
module_masked__no_attention__tp22_L5_p0p33,module_ablation_masked,no_attention,tp22_L5_p0p33,5.0,0.33,run2,fold01,72,68.05555555555556,56.94444444444444,-11.111111111111114,-,64.02685327416509,53.00392558457075,-11.02292768959434,-,64.44444444444444,53.468867418142786,-10.975577026301657,-,0.49547369768366784,0.3190262147243699,-0.1764474829592979,-,81.48148148148148,55.55555555555556,-25.925925925925924,67.74193548387096,67.74193548387096,0.0,42.857142857142854,35.714285714285715,-7.142857142857139,"[[22, 3, 2], [8, 21, 2], [3, 5, 6]]","[[15, 9, 3], [5, 21, 5], [1, 8, 5]]","[[-7, 6, 1], [-3, 0, 3], [-2, 3, -1]]",-0.14479707906005818,-2.143978971425289,35,14,6,17,4,606
module_masked__no_attention__tp22_L5_p0p33,module_ablation_masked,no_attention,tp22_L5_p0p33,5.0,0.33,run2,fold02,71,63.38028169014085,60.56338028169014,-2.816901408450711,-,60.56362991846863,63.90759777856552,3.343967860096889,+,61.12011790714812,60.547092547092554,-0.573025360055567,-,0.4208190009450886,0.4151538189819182,-0.005665181963170396,-,80.76923076923077,61.53846153846154,-19.230769230769234,58.06451612903226,51.61290322580645,-6.451612903225815,42.857142857142854,78.57142857142857,35.714285714285715,"[[21, 5, 0], [10, 18, 3], [2, 6, 6]]","[[16, 6, 4], [7, 16, 8], [1, 2, 11]]","[[-5, 1, 4], [-3, -2, 5], [-1, -4, 5]]",-0.07847009916714869,-1.4045314578106627,32,13,11,15,3,411
module_masked__no_attention__tp22_L5_p0p33,module_ablation_masked,no_attention,tp22_L5_p0p33,5.0,0.33,run2,fold03,71,66.19718309859155,56.33802816901409,-9.859154929577464,-,59.89601796053409,51.74878884556304,-8.147229114971047,-,60.04855889724311,51.7458781609725,-8.30268073627061,-,0.45896608905667236,0.30795014030702567,-0.1510159487496467,-,76.92307692307693,65.38461538461539,-11.538461538461547,74.19354838709677,61.29032258064516,-12.903225806451609,28.57142857142857,28.57142857142857,0.0,"[[20, 5, 1], [6, 23, 2], [5, 5, 4]]","[[17, 7, 2], [6, 19, 6], [4, 6, 4]]","[[-3, 2, 1], [0, -4, 4], [-1, 1, 0]]",-0.18891490355858723,-3.9787702640702185,35,12,5,19,1,105
module_masked__no_attention__tp22_L5_p0p33,module_ablation_masked,no_attention,tp22_L5_p0p33,5.0,0.33,run2,oof_pooled,214,65.88785046728972,57.943925233644855,-7.943925233644869,-,61.50291340164758,56.19786501779153,-5.305048383856054,-,62.01367898938231,55.97121717106135,-6.042461818320966,-,0.4582456580105456,0.34429180461132897,-0.11395385339921665,-,79.74683544303798,60.75949367088608,-18.9873417721519,66.66666666666666,60.215053763440864,-6.451612903225794,38.095238095238095,47.61904761904761,9.523809523809518,"[[63, 13, 3], [24, 62, 7], [10, 16, 16]]","[[48, 22, 9], [18, 56, 19], [6, 16, 20]]","[[-15, 9, 6], [-6, -6, 12], [-4, 0, 4]]",-0.13742862096192263,-2.507387421477399,102,39,22,51,8,1122
data_full__tp23_L5_p0p35,data_ablation_full,,tp23_L5_p0p35,5.0,0.35,run1,fold01,327,80.73394495412845,78.89908256880734,-1.8348623853211024,-,76.63048684689517,75.31469737321098,-1.315789473684191,-,79.0877721312504,76.77200283803742,-2.3157692932129805,-,0.6743426700043699,0.6454696413807998,-0.028873028623570107,-,83.5820895522388,83.5820895522388,0.0,82.89473684210526,78.94736842105263,-3.94736842105263,63.41463414634146,63.41463414634146,0.0,"[[112, 20, 2], [25, 126, 1], [5, 10, 26]]","[[112, 20, 2], [27, 120, 5], [5, 10, 26]]","[[0, 0, 0], [2, -6, 4], [0, 0, 0]]",-0.018568214565958936,-0.21358365173642424,253,11,5,58,46,8497
data_full__tp23_L5_p0p35,data_ablation_full,,tp23_L5_p0p35,5.0,0.35,run1,fold02,326,81.59509202453987,80.3680981595092,-1.2269938650306642,-,82.30361351139041,81.42642052893429,-0.8771929824561226,-,82.11529042328695,80.95481355883078,-1.1604768644561716,-,0.6929312561648969,0.672942208400153,-0.019989047764743972,-,78.35820895522389,78.35820895522389,0.0,83.55263157894737,80.92105263157895,-2.631578947368425,85.0,85.0,0.0,"[[105, 27, 2], [20, 127, 5], [2, 4, 34]]","[[105, 27, 2], [23, 123, 6], [2, 4, 34]]","[[0, 0, 0], [3, -4, 1], [0, 0, 0]]",-0.00801551030938759,-0.11543735979479147,259,7,3,57,39,7151
data_full__tp23_L5_p0p35,data_ablation_full,,tp23_L5_p0p35,5.0,0.35,run1,fold03,326,84.04907975460122,81.90184049079755,-2.1472392638036695,-,80.55053678973553,79.01544907043728,-1.5350877192982466,-,82.96722819707497,81.11292764519091,-1.8543005518840658,-,0.7301975910800922,0.6939029340764307,-0.036294657003661523,-,82.83582089552239,82.83582089552239,0.0,88.81578947368422,84.21052631578947,-4.605263157894754,70.0,70.0,0.0,"[[111, 21, 2], [17, 135, 0], [4, 8, 28]]","[[111, 21, 2], [23, 128, 1], [4, 8, 28]]","[[0, 0, 0], [6, -7, 1], [0, 0, 0]]",-0.01726086363833075,-0.15248788404135616,264,10,3,49,53,9542
data_full__tp23_L5_p0p35,data_ablation_full,,tp23_L5_p0p35,5.0,0.35,run1,oof_pooled,979,82.12461695607763,80.38815117466804,-1.736465781409592,-,79.80234394217112,78.55965388369158,-1.242690058479539,-,81.47172321467072,79.67958359053627,-1.7921396241344496,-,0.6985628449866854,0.6703296666743709,-0.028233178312314533,-,81.59203980099502,81.59203980099502,0.0,85.08771929824562,81.35964912280701,-3.728070175438603,72.72727272727273,72.72727272727273,0.0,"[[328, 68, 6], [62, 388, 6], [11, 22, 88]]","[[328, 68, 6], [73, 371, 12], [11, 22, 88]]","[[0, 0, 0], [11, -17, 6], [0, 0, 0]]",-0.01461890099083223,-0.16055718448252795,776,28,11,164,138,25190
data_full__tp23_L5_p0p35,data_ablation_full,,tp23_L5_p0p35,5.0,0.35,run2,fold01,72,69.44444444444444,68.05555555555556,-1.3888888888888857,-,66.40780565511749,64.02685327416509,-2.380952380952394,-,66.85875706214689,64.44444444444444,-2.41431261770245,-,0.5182264323917611,0.49547369768366784,-0.022752734708093303,-,81.48148148148148,81.48148148148148,0.0,67.74193548387096,67.74193548387096,0.0,50.0,42.857142857142854,-7.142857142857146,"[[22, 3, 2], [8, 21, 2], [2, 5, 7]]","[[22, 3, 2], [8, 21, 2], [3, 5, 6]]","[[0, 0, 0], [0, 0, 0], [1, 0, -1]]",-0.013929003562717908,-0.3043101198143429,49,1,0,22,4,610
data_full__tp23_L5_p0p35,data_ablation_full,,tp23_L5_p0p35,5.0,0.35,run2,fold02,71,66.19718309859155,63.38028169014085,-2.816901408450704,-,65.3255346803734,60.56362991846863,-4.761904761904766,-,65.75180206506916,61.12011790714812,-4.631684157921036,-,0.47169889043248636,0.4208190009450886,-0.050879889487397745,-,80.76923076923077,80.76923076923077,0.0,58.06451612903226,58.06451612903226,0.0,57.14285714285714,42.857142857142854,-14.285714285714285,"[[21, 5, 0], [10, 18, 3], [2, 4, 8]]","[[21, 5, 0], [10, 18, 3], [2, 6, 6]]","[[0, 0, 0], [0, 0, 0], [0, 2, -2]]",-0.028167244625959733,-0.818898533431577,45,2,0,24,3,415
data_full__tp23_L5_p0p35,data_ablation_full,,tp23_L5_p0p35,5.0,0.35,run2,fold03,71,66.19718309859155,66.19718309859155,0.0,0,59.89601796053409,59.89601796053409,0.0,0,60.04855889724311,60.04855889724311,0.0,0,0.45896608905667236,0.45896608905667236,0.0,0,76.92307692307693,76.92307692307693,0.0,74.19354838709677,74.19354838709677,0.0,28.57142857142857,28.57142857142857,0.0,"[[20, 5, 1], [6, 23, 2], [5, 5, 4]]","[[20, 5, 1], [6, 23, 2], [5, 5, 4]]","[[0, 0, 0], [0, 0, 0], [0, 0, 0]]",-8.335860796618808e-11,-0.025883956694267164,47,0,0,24,1,107
data_full__tp23_L5_p0p35,data_ablation_full,,tp23_L5_p0p35,5.0,0.35,run2,oof_pooled,214,67.28971962616822,65.88785046728972,-1.4018691588784975,-,63.883865782599955,61.50291340164758,-2.3809523809523725,-,64.55099829747716,62.01367898938231,-2.537319308094851,-,0.4824688400261222,0.4582456580105456,-0.024223182015576605,-,79.74683544303798,79.74683544303798,0.0,66.66666666666666,66.66666666666666,0.0,45.23809523809524,38.095238095238095,-7.142857142857146,"[[63, 13, 3], [24, 62, 7], [9, 14, 19]]","[[63, 13, 3], [24, 62, 7], [10, 16, 16]]","[[0, 0, 0], [0, 0, 0], [1, 2, -3]]",-0.014031601078865847,-0.3826630160073254,141,3,0,70,8,1132
data_no_conv__tp23_L5_p0p35,data_ablation_no_module,no_conv,tp23_L5_p0p35,5.0,0.35,run1,fold01,327,79.20489296636084,77.98165137614679,-1.2232415902140588,-,77.82046123681977,76.94326825436363,-0.8771929824561369,-,79.390186562109,77.50069236424217,-1.8894941978668243,-,0.6509524121737486,0.6328497188115105,-0.01810269336223802,-,81.34328358208955,81.34328358208955,0.0,78.94736842105263,76.31578947368422,-2.6315789473684106,73.17073170731707,73.17073170731707,0.0,"[[109, 24, 1], [29, 120, 3], [5, 6, 30]]","[[109, 24, 1], [29, 116, 7], [5, 6, 30]]","[[0, 0, 0], [0, -4, 4], [0, 0, 0]]",-0.010691819272210567,0.0700532379090239,249,10,6,62,46,8497
data_no_conv__tp23_L5_p0p35,data_ablation_no_module,no_conv,tp23_L5_p0p35,5.0,0.35,run1,fold02,326,80.06134969325154,79.14110429447852,-0.9202453987730195,-,78.89827179890023,78.24037706205814,-0.6578947368420813,-,78.65140888396702,77.74923850699226,-0.902170376974766,-,0.667755761900005,0.6534400996959009,-0.014315662204104074,-,82.08955223880598,82.08955223880598,0.0,79.60526315789474,77.63157894736842,-1.973684210526315,75.0,75.0,0.0,"[[110, 22, 2], [22, 121, 9], [4, 6, 30]]","[[110, 22, 2], [24, 118, 10], [4, 6, 30]]","[[0, 0, 0], [2, -3, 1], [0, 0, 0]]",-0.0068366986373010925,0.09986875982143761,253,8,5,60,39,7151
data_no_conv__tp23_L5_p0p35,data_ablation_no_module,no_conv,tp23_L5_p0p35,5.0,0.35,run1,fold03,326,77.60736196319019,76.07361963190185,-1.5337423312883374,-,80.15514532600157,79.0586540979314,-1.0964912280701782,-,76.45264363658288,74.94264994264994,-1.509993693932941,-,0.6403712014169086,0.6184915696776249,-0.021879631739283756,-,80.59701492537313,80.59701492537313,0.0,72.36842105263158,69.07894736842105,-3.2894736842105203,87.5,87.5,0.0,"[[108, 18, 8], [28, 110, 14], [0, 5, 35]]","[[108, 18, 8], [31, 105, 16], [0, 5, 35]]","[[0, 0, 0], [3, -5, 2], [0, 0, 0]]",-0.009706712374231562,0.02881505840852217,239,14,9,64,53,9542
data_no_conv__tp23_L5_p0p35,data_ablation_no_module,no_conv,tp23_L5_p0p35,5.0,0.35,run1,oof_pooled,979,78.95812053115424,77.732379979571,-1.2257405515832431,-,78.94312149561026,78.06592851315412,-0.8771929824561369,-,78.0672759638754,76.67874238217203,-1.3885335817033706,-,0.6519762827892167,0.6339241781551892,-0.01805210463402751,-,81.34328358208955,81.34328358208955,0.0,76.97368421052632,74.3421052631579,-2.6315789473684106,78.51239669421489,78.51239669421489,0.0,"[[327, 64, 11], [79, 351, 26], [9, 17, 95]]","[[327, 64, 11], [84, 339, 33], [9, 17, 95]]","[[0, 0, 0], [5, -12, 7], [0, 0, 0]]",-0.00908005811212717,0.0662495746059425,741,32,20,186,138,25190
data_no_conv__tp23_L5_p0p35,data_ablation_no_module,no_conv,tp23_L5_p0p35,5.0,0.35,run2,fold01,72,55.55555555555556,54.166666666666664,-1.3888888888888928,-,57.151391022358766,54.770438641406386,-2.3809523809523796,-,54.93827160493828,53.15055315055315,-1.7877184543851286,-,0.3353881275042346,0.3091522899014998,-0.02623583760273479,-,55.55555555555556,55.55555555555556,0.0,51.61290322580645,51.61290322580645,0.0,64.28571428571429,57.14285714285714,-7.142857142857153,"[[15, 6, 6], [8, 16, 7], [4, 1, 9]]","[[15, 6, 6], [8, 16, 7], [4, 2, 8]]","[[0, 0, 0], [0, 0, 0], [0, 1, -1]]",-0.011750980953179477,-0.3294968667129676,39,1,0,32,4,610
data_no_conv__tp23_L5_p0p35,data_ablation_no_module,no_conv,tp23_L5_p0p35,5.0,0.35,run2,fold02,71,56.33802816901409,53.52112676056338,-2.816901408450711,-,60.888573791799594,56.126669029894835,-4.761904761904759,-,56.23083683234059,52.9590017825312,-3.2718350498093898,-,0.3663549852444777,0.3115080449876949,-0.05484694025678277,-,65.38461538461539,65.38461538461539,0.0,38.70967741935484,38.70967741935484,0.0,78.57142857142857,64.28571428571429,-14.285714285714278,"[[17, 6, 3], [9, 12, 10], [3, 0, 11]]","[[17, 6, 3], [9, 12, 10], [3, 2, 9]]","[[0, 0, 0], [0, 0, 0], [0, 2, -2]]",-0.013800900077861845,-0.26592918366036367,38,2,0,31,3,415
data_no_conv__tp23_L5_p0p35,data_ablation_no_module,no_conv,tp23_L5_p0p35,5.0,0.35,run2,fold03,71,54.929577464788736,54.929577464788736,0.0,0,51.50064988774666,51.50064988774666,0.0,0,50.483091787439605,50.438443235328364,-0.04464855211124075,-,0.3108593378795985,0.30689344427152976,-0.00396589360806876,-,80.76923076923077,80.76923076923077,0.0,45.16129032258064,45.16129032258064,0.0,28.57142857142857,28.57142857142857,0.0,"[[21, 4, 1], [13, 14, 4], [8, 2, 4]]","[[21, 4, 1], [13, 14, 4], [7, 3, 4]]","[[0, 0, 0], [0, 0, 0], [-1, 1, 0]]",-0.0018978061137678308,-0.09269334061045043,39,0,0,32,1,107
data_no_conv__tp23_L5_p0p35,data_ablation_no_module,no_conv,tp23_L5_p0p35,5.0,0.35,run2,oof_pooled,214,55.60747663551402,54.20560747663551,-1.4018691588785117,-,56.4642516867915,54.08329930583912,-2.3809523809523796,-,54.638998759215426,52.69089358437594,-1.9481051748394833,-,0.33252990827619394,0.3048508487879386,-0.02767905948825533,-,67.08860759493672,67.08860759493672,0.0,45.16129032258064,45.16129032258064,0.0,57.14285714285714,50.0,-7.142857142857139,"[[53, 16, 10], [30, 42, 21], [15, 3, 24]]","[[53, 16, 10], [30, 42, 21], [14, 7, 21]]","[[0, 0, 0], [0, 0, 0], [-1, 4, -3]]",-0.009162050318853409,-0.2298409982549601,116,3,0,95,8,1132
module_masked__no_conv__tp23_L5_p0p35,module_ablation_masked,no_conv,tp23_L5_p0p35,5.0,0.35,run1,fold01,327,78.89908256880734,77.98165137614679,-0.9174311926605583,-,75.31469737321098,76.94326825436363,1.6285708811526547,+,76.77200283803742,77.50069236424217,0.7286895262047466,+,0.6454696413807998,0.6328497188115105,-0.012619922569289233,-,83.5820895522388,81.34328358208955,-2.2388059701492438,78.94736842105263,76.31578947368422,-2.6315789473684106,63.41463414634146,73.17073170731707,9.756097560975611,"[[112, 20, 2], [27, 120, 5], [5, 10, 26]]","[[109, 24, 1], [29, 116, 7], [5, 6, 30]]","[[-3, 4, -1], [2, -4, 2], [0, -4, 4]]",-0.007038084072481134,0.5000127051652207,228,30,27,42,46,8497
module_masked__no_conv__tp23_L5_p0p35,module_ablation_masked,no_conv,tp23_L5_p0p35,5.0,0.35,run1,fold02,326,80.3680981595092,79.14110429447852,-1.2269938650306784,-,81.42642052893429,78.24037706205814,-3.186043466876143,-,80.95481355883078,77.74923850699226,-3.2055750518385224,-,0.672942208400153,0.6534400996959009,-0.019502108704252064,-,78.35820895522389,82.08955223880598,3.731343283582092,80.92105263157895,77.63157894736842,-3.2894736842105203,85.0,75.0,-10.0,"[[105, 27, 2], [23, 123, 6], [2, 4, 34]]","[[110, 22, 2], [24, 118, 10], [4, 6, 30]]","[[5, -5, 0], [1, -5, 4], [2, 2, -4]]",-0.034891130561758604,-1.1962340903051334,222,40,36,28,39,7151
module_masked__no_conv__tp23_L5_p0p35,module_ablation_masked,no_conv,tp23_L5_p0p35,5.0,0.35,run1,fold03,326,81.90184049079755,76.07361963190185,-5.828220858895705,-,79.01544907043728,79.0586540979314,0.04320502749411048,+,81.11292764519091,74.94264994264994,-6.170277702540972,-,0.6939029340764307,0.6184915696776249,-0.0754113643988058,-,82.83582089552239,80.59701492537313,-2.238805970149258,84.21052631578947,69.07894736842105,-15.13157894736841,70.0,87.5,17.5,"[[111, 21, 2], [23, 128, 1], [4, 8, 28]]","[[108, 18, 8], [31, 105, 16], [0, 5, 35]]","[[-3, -3, 6], [8, -23, 15], [-4, -3, 7]]",-0.08728803023405186,-2.2347514329169607,215,52,33,26,53,9542
module_masked__no_conv__tp23_L5_p0p35,module_ablation_masked,no_conv,tp23_L5_p0p35,5.0,0.35,run1,oof_pooled,979,80.38815117466804,77.732379979571,-2.6557711950970457,-,78.55965388369158,78.06592851315412,-0.49372537053746157,-,79.67958359053627,76.67874238217203,-3.0008412083642355,-,0.6703296666743709,0.6339241781551892,-0.036405488519181683,-,81.59203980099502,81.34328358208955,-0.24875621890546995,81.35964912280701,74.3421052631579,-7.017543859649109,72.72727272727273,78.51239669421489,5.785123966942152,"[[328, 68, 6], [73, 371, 12], [11, 22, 88]]","[[327, 64, 11], [84, 339, 33], [9, 17, 95]]","[[-1, -4, 5], [11, -32, 21], [-2, -5, 7]]",-0.043035607672252854,-0.97548225330069,665,122,96,96,138,25190
module_masked__no_conv__tp23_L5_p0p35,module_ablation_masked,no_conv,tp23_L5_p0p35,5.0,0.35,run2,fold01,72,68.05555555555556,54.166666666666664,-13.888888888888893,-,64.02685327416509,54.770438641406386,-9.256414632758705,-,64.44444444444444,53.15055315055315,-11.293891293891292,-,0.49547369768366784,0.3091522899014998,-0.18632140778216805,-,81.48148148148148,55.55555555555556,-25.925925925925924,67.74193548387096,51.61290322580645,-16.129032258064512,42.857142857142854,57.14285714285714,14.285714285714285,"[[22, 3, 2], [8, 21, 2], [3, 5, 6]]","[[15, 6, 6], [8, 16, 7], [4, 2, 8]]","[[-7, 3, 4], [0, -5, 5], [1, -3, 2]]",-0.15668522409980154,-2.0270525931911028,30,19,9,14,4,610
module_masked__no_conv__tp23_L5_p0p35,module_ablation_masked,no_conv,tp23_L5_p0p35,5.0,0.35,run2,fold02,71,63.38028169014085,53.52112676056338,-9.859154929577471,-,60.56362991846863,56.126669029894835,-4.436960888573793,-,61.12011790714812,52.9590017825312,-8.161116124616917,-,0.4208190009450886,0.3115080449876949,-0.10931095595739371,-,80.76923076923077,65.38461538461539,-15.384615384615387,58.06451612903226,38.70967741935484,-19.354838709677423,42.857142857142854,64.28571428571429,21.428571428571438,"[[21, 5, 0], [10, 18, 3], [2, 6, 6]]","[[17, 6, 3], [9, 12, 10], [3, 2, 9]]","[[-4, 1, 3], [-1, -6, 7], [1, -4, 3]]",-0.15434521538880006,-1.871750207263714,29,16,9,17,3,415
module_masked__no_conv__tp23_L5_p0p35,module_ablation_masked,no_conv,tp23_L5_p0p35,5.0,0.35,run2,fold03,71,66.19718309859155,54.929577464788736,-11.267605633802816,-,59.89601796053409,51.50064988774666,-8.395368072787427,-,60.04855889724311,50.438443235328364,-9.610115661914747,-,0.45896608905667236,0.30689344427152976,-0.1520726447851426,-,76.92307692307693,80.76923076923077,3.8461538461538396,74.19354838709677,45.16129032258064,-29.032258064516128,28.57142857142857,28.57142857142857,0.0,"[[20, 5, 1], [6, 23, 2], [5, 5, 4]]","[[21, 4, 1], [13, 14, 4], [7, 3, 4]]","[[1, -1, 0], [7, -9, 2], [2, -2, 0]]",-0.220837066179965,-3.010962624630799,34,13,5,19,1,107
module_masked__no_conv__tp23_L5_p0p35,module_ablation_masked,no_conv,tp23_L5_p0p35,5.0,0.35,run2,oof_pooled,214,65.88785046728972,54.20560747663551,-11.682242990654217,-,61.50291340164758,54.08329930583912,-7.419614095808463,-,62.01367898938231,52.69089358437594,-9.322785405006371,-,0.4582456580105456,0.3048508487879386,-0.153394809222607,-,79.74683544303798,67.08860759493672,-12.658227848101262,66.66666666666666,45.16129032258064,-21.505376344086017,38.095238095238095,50.0,11.904761904761905,"[[63, 13, 3], [24, 62, 7], [10, 16, 16]]","[[53, 16, 10], [30, 42, 21], [14, 7, 21]]","[[-10, 3, 7], [6, -20, 14], [4, -9, 5]]",-0.1771928884419067,-2.3019644755807,93,48,23,50,8,1132
data_no_lstm__tp23_L5_p0p35,data_ablation_no_module,no_lstm,tp23_L5_p0p35,5.0,0.35,run1,fold01,327,75.22935779816514,71.86544342507645,-3.36391437308869,-,72.98224857739544,70.56996787564105,-2.4122807017543835,-,74.65929369343549,70.48238429280879,-4.176909400626698,-,0.5824277209957041,0.5323999607059312,-0.05002776028977285,-,76.11940298507463,76.11940298507463,0.0,76.97368421052632,69.73684210526315,-7.236842105263165,65.85365853658537,65.85365853658537,0.0,"[[102, 30, 2], [31, 117, 4], [4, 10, 27]]","[[102, 30, 2], [34, 106, 12], [4, 10, 27]]","[[0, 0, 0], [3, -11, 8], [0, 0, 0]]",-0.025561461832215013,-0.3522138706029646,230,16,5,76,46,8497
data_no_lstm__tp23_L5_p0p35,data_ablation_no_module,no_lstm,tp23_L5_p0p35,5.0,0.35,run1,fold02,326,74.23312883435584,72.69938650306749,-1.5337423312883516,-,73.23841319717204,72.14192196910186,-1.0964912280701782,-,73.4197528076379,72.48211074925877,-0.93764205837914,-,0.5692124265740279,0.544049510959602,-0.025162915614425962,-,75.3731343283582,75.3731343283582,0.0,74.3421052631579,71.05263157894737,-3.2894736842105345,70.0,70.0,0.0,"[[101, 30, 3], [31, 113, 8], [5, 7, 28]]","[[101, 30, 3], [37, 108, 7], [5, 7, 28]]","[[0, 0, 0], [6, -5, -1], [0, 0, 0]]",-0.01238826074384555,-0.13902142707921245,234,8,3,81,39,7151
data_no_lstm__tp23_L5_p0p35,data_ablation_no_module,no_lstm,tp23_L5_p0p35,5.0,0.35,run1,fold03,326,77.91411042944786,76.07361963190185,-1.8404907975460105,-,77.18643623985336,75.87064676616916,-1.3157894736842053,-,76.36475294195755,74.27359516911757,-2.0911577728399777,-,0.6335414855138196,0.6064929439200636,-0.027048541593756026,-,77.61194029850746,77.61194029850746,0.0,78.94736842105263,75.0,-3.94736842105263,75.0,75.0,0.0,"[[104, 23, 7], [25, 120, 7], [3, 7, 30]]","[[104, 23, 7], [27, 114, 11], [3, 7, 30]]","[[0, 0, 0], [2, -6, 4], [0, 0, 0]]",-0.021320073006885456,-0.5777789230167043,243,11,5,67,53,9542
data_no_lstm__tp23_L5_p0p35,data_ablation_no_module,no_lstm,tp23_L5_p0p35,5.0,0.35,run1,oof_pooled,979,75.79162410623084,73.54443309499489,-2.247191011235955,-,74.4568263510633,72.84863921656037,-1.608187134502927,-,74.79679148332708,72.38100078601872,-2.415790697308367,-,0.5949564188779985,0.5609601123862243,-0.03399630649177421,-,76.3681592039801,76.3681592039801,0.0,76.75438596491229,71.9298245614035,-4.824561403508781,70.24793388429752,70.24793388429752,0.0,"[[307, 83, 12], [87, 350, 19], [12, 24, 85]]","[[307, 83, 12], [98, 328, 30], [12, 24, 85]]","[[0, 0, 0], [11, -22, 11], [0, 0, 0]]",-0.01976252790793934,-0.3563338608972812,707,35,13,224,138,25190
data_no_lstm__tp23_L5_p0p35,data_ablation_no_module,no_lstm,tp23_L5_p0p35,5.0,0.35,run2,fold01,72,63.888888888888886,62.5,-1.3888888888888857,-,63.762303009614826,61.381350628662446,-2.3809523809523796,-,62.59259259259259,60.816798941798936,-1.775793650793652,-,0.45896250049990833,0.4336200205931348,-0.02534247990677352,-,59.25925925925925,59.25925925925925,0.0,67.74193548387096,67.74193548387096,0.0,64.28571428571429,57.14285714285714,-7.142857142857153,"[[16, 6, 5], [2, 21, 8], [0, 5, 9]]","[[16, 6, 5], [2, 21, 8], [0, 6, 8]]","[[0, 0, 0], [0, 0, 0], [0, 1, -1]]",-0.012923722621053459,-0.10125136511245121,45,1,0,26,4,610
data_no_lstm__tp23_L5_p0p35,data_ablation_no_module,no_lstm,tp23_L5_p0p35,5.0,0.35,run2,fold02,71,56.33802816901409,54.929577464788736,-1.408450704225352,-,53.73980857851826,51.35885619756587,-2.3809523809523867,-,55.29980107985223,52.775840243870945,-2.523960835981285,-,0.2972806093565435,0.2714189397390067,-0.025861669617536776,-,53.84615384615385,53.84615384615385,0.0,64.51612903225806,64.51612903225806,0.0,42.857142857142854,35.714285714285715,-7.142857142857139,"[[14, 11, 1], [9, 20, 2], [2, 6, 6]]","[[14, 11, 1], [9, 20, 2], [2, 7, 5]]","[[0, 0, 0], [0, 0, 0], [0, 1, -1]]",-0.006048100147868546,-0.05873478602775386,39,1,0,31,3,415
data_no_lstm__tp23_L5_p0p35,data_ablation_no_module,no_lstm,tp23_L5_p0p35,5.0,0.35,run2,fold03,71,67.6056338028169,67.6056338028169,0.0,0,63.58265390523455,63.58265390523455,0.0,0,63.48309568648551,63.5016835016835,0.018587815197989244,+,0.4934358082473687,0.49171810730384663,-0.0017177009435220825,-,76.92307692307693,76.92307692307693,0.0,70.96774193548387,70.96774193548387,0.0,42.857142857142854,42.857142857142854,0.0,"[[20, 4, 2], [4, 22, 5], [6, 2, 6]]","[[20, 4, 2], [4, 22, 5], [5, 3, 6]]","[[0, 0, 0], [0, 0, 0], [-1, 1, 0]]",-0.0016369099694330408,-0.0784113927626274,48,0,0,23,1,107
data_no_lstm__tp23_L5_p0p35,data_ablation_no_module,no_lstm,tp23_L5_p0p35,5.0,0.35,run2,oof_pooled,214,62.616822429906534,61.6822429906542,-0.9345794392523317,-,60.344358241459105,58.757056654157516,-1.5873015873015888,-,60.31415748674011,58.91607829809112,-1.3980791886489854,-,0.41329125049232496,0.39648724763808385,-0.016804002854241107,-,63.29113924050633,63.29113924050633,0.0,67.74193548387096,67.74193548387096,0.0,50.0,45.23809523809524,-4.761904761904759,"[[50, 21, 8], [15, 63, 15], [8, 13, 21]]","[[50, 21, 8], [15, 63, 15], [7, 16, 19]]","[[0, 0, 0], [0, 0, 0], [-1, 3, -2]]",-0.006897867976842343,-0.07956764944959606,132,2,0,80,8,1132
module_masked__no_lstm__tp23_L5_p0p35,module_ablation_masked,no_lstm,tp23_L5_p0p35,5.0,0.35,run1,fold01,327,78.89908256880734,71.86544342507645,-7.033639143730895,-,75.31469737321098,70.56996787564105,-4.744729497569921,-,76.77200283803742,70.48238429280879,-6.289618545228635,-,0.6454696413807998,0.5323999607059312,-0.11306968067486856,-,83.5820895522388,76.11940298507463,-7.46268656716417,78.94736842105263,69.73684210526315,-9.21052631578948,63.41463414634146,65.85365853658537,2.439024390243908,"[[112, 20, 2], [27, 120, 5], [5, 10, 26]]","[[102, 30, 2], [34, 106, 12], [4, 10, 27]]","[[-10, 10, 0], [7, -14, 7], [-1, 0, 1]]",-0.08248591847784482,-1.6237411498596226,207,51,28,41,46,8497
module_masked__no_lstm__tp23_L5_p0p35,module_ablation_masked,no_lstm,tp23_L5_p0p35,5.0,0.35,run1,fold02,326,80.3680981595092,72.69938650306749,-7.668711656441715,-,81.42642052893429,72.14192196910186,-9.284498559832429,-,80.95481355883078,72.48211074925877,-8.472702809572013,-,0.672942208400153,0.544049510959602,-0.12889269744055099,-,78.35820895522389,75.3731343283582,-2.985074626865682,80.92105263157895,71.05263157894737,-9.868421052631575,85.0,70.0,-15.0,"[[105, 27, 2], [23, 123, 6], [2, 4, 34]]","[[101, 30, 3], [37, 108, 7], [5, 7, 28]]","[[-4, 3, 1], [14, -15, 1], [3, 3, -6]]",-0.09413610012662897,-2.4197366639766043,203,59,34,30,39,7151
module_masked__no_lstm__tp23_L5_p0p35,module_ablation_masked,no_lstm,tp23_L5_p0p35,5.0,0.35,run1,fold03,326,81.90184049079755,76.07361963190185,-5.828220858895705,-,79.01544907043728,75.87064676616916,-3.1448023042681257,-,81.11292764519091,74.27359516911757,-6.839332476073338,-,0.6939029340764307,0.6064929439200636,-0.08740999015636708,-,82.83582089552239,77.61194029850746,-5.223880597014926,84.21052631578947,75.0,-9.210526315789465,70.0,75.0,5.0,"[[111, 21, 2], [23, 128, 1], [4, 8, 28]]","[[104, 23, 7], [27, 114, 11], [3, 7, 30]]","[[-7, 2, 5], [4, -14, 10], [-1, -1, 2]]",-0.06254395250591756,0.6553748386677789,218,49,30,29,53,9542
module_masked__no_lstm__tp23_L5_p0p35,module_ablation_masked,no_lstm,tp23_L5_p0p35,5.0,0.35,run1,oof_pooled,979,80.38815117466804,73.54443309499489,-6.8437180796731525,-,78.55965388369158,72.84863921656037,-5.711014667131209,-,79.67958359053627,72.38100078601872,-7.298582804517551,-,0.6703296666743709,0.5609601123862243,-0.10936955428814654,-,81.59203980099502,76.3681592039801,-5.223880597014926,81.35964912280701,71.9298245614035,-9.429824561403507,72.72727272727273,70.24793388429752,-2.47933884297521,"[[328, 68, 6], [73, 371, 12], [11, 22, 88]]","[[307, 83, 12], [98, 328, 30], [12, 24, 85]]","[[-21, 15, 6], [25, -43, 18], [1, 2, -3]]",-0.07972481358576652,-1.129872636419585,628,159,92,100,138,25190
module_masked__no_lstm__tp23_L5_p0p35,module_ablation_masked,no_lstm,tp23_L5_p0p35,5.0,0.35,run2,fold01,72,68.05555555555556,62.5,-5.555555555555557,-,64.02685327416509,61.381350628662446,-2.6455026455026456,-,64.44444444444444,60.816798941798936,-3.627645502645507,-,0.49547369768366784,0.4336200205931348,-0.06185367709053302,-,81.48148148148148,59.25925925925925,-22.22222222222223,67.74193548387096,67.74193548387096,0.0,42.857142857142854,57.14285714285714,14.285714285714285,"[[22, 3, 2], [8, 21, 2], [3, 5, 6]]","[[16, 6, 5], [2, 21, 8], [0, 6, 8]]","[[-6, 3, 3], [-6, 0, 6], [-3, 1, 2]]",-0.07681079576525462,-1.797408638534964,38,11,7,16,4,610
module_masked__no_lstm__tp23_L5_p0p35,module_ablation_masked,no_lstm,tp23_L5_p0p35,5.0,0.35,run2,fold02,71,63.38028169014085,54.929577464788736,-8.450704225352112,-,60.56362991846863,51.35885619756587,-9.204773720902757,-,61.12011790714812,52.775840243870945,-8.344277663277175,-,0.4208190009450886,0.2714189397390067,-0.1494000612060819,-,80.76923076923077,53.84615384615385,-26.923076923076927,58.06451612903226,64.51612903225806,6.451612903225801,42.857142857142854,35.714285714285715,-7.142857142857139,"[[21, 5, 0], [10, 18, 3], [2, 6, 6]]","[[14, 11, 1], [9, 20, 2], [2, 7, 5]]","[[-7, 6, 1], [-1, 2, -1], [0, 1, -1]]",-0.23165379630798624,-1.8475139020076414,28,17,11,15,3,415
module_masked__no_lstm__tp23_L5_p0p35,module_ablation_masked,no_lstm,tp23_L5_p0p35,5.0,0.35,run2,fold03,71,66.19718309859155,67.6056338028169,1.408450704225345,+,59.89601796053409,63.58265390523455,3.6866359447004626,+,60.04855889724311,63.5016835016835,3.45312460444039,+,0.45896608905667236,0.49171810730384663,0.032752018247174275,+,76.92307692307693,76.92307692307693,0.0,74.19354838709677,70.96774193548387,-3.225806451612897,28.57142857142857,42.857142857142854,14.285714285714285,"[[20, 5, 1], [6, 23, 2], [5, 5, 4]]","[[20, 4, 2], [4, 22, 5], [5, 3, 6]]","[[0, -1, 1], [-2, -1, 3], [0, -2, 2]]",-0.07125626979914647,-2.7326481371698246,40,7,8,16,1,107
module_masked__no_lstm__tp23_L5_p0p35,module_ablation_masked,no_lstm,tp23_L5_p0p35,5.0,0.35,run2,oof_pooled,214,65.88785046728972,61.6822429906542,-4.205607476635521,-,61.50291340164758,58.757056654157516,-2.745856747490066,-,62.01367898938231,58.91607829809112,-3.0976006912911913,-,0.4582456580105456,0.39648724763808385,-0.06175841037246177,-,79.74683544303798,63.29113924050633,-16.455696202531648,66.66666666666666,67.74193548387096,1.0752688172043037,38.095238095238095,45.23809523809524,7.142857142857146,"[[63, 13, 3], [24, 62, 7], [10, 16, 16]]","[[50, 21, 8], [15, 63, 15], [7, 16, 19]]","[[-13, 8, 5], [-9, 1, 8], [-3, 0, 3]]",-0.12634108405936803,-2.124322087645409,106,35,26,47,8,1132
data_no_attention__tp23_L5_p0p35,data_ablation_no_module,no_attention,tp23_L5_p0p35,5.0,0.35,run1,fold01,327,81.9571865443425,77.06422018348624,-4.8929663608562635,-,79.91197734051183,76.40320541068725,-3.508771929824576,-,82.01435063589545,75.40118401380428,-6.613166622091171,-,0.6962494375241386,0.6234593692658806,-0.07279006825825796,-,84.32835820895522,84.32835820895522,0.0,82.23684210526315,71.71052631578947,-10.526315789473685,73.17073170731707,73.17073170731707,0.0,"[[113, 19, 2], [27, 125, 0], [2, 9, 30]]","[[113, 19, 2], [30, 109, 13], [2, 9, 30]]","[[0, 0, 0], [3, -16, 13], [0, 0, 0]]",-0.046517671993954644,-1.2704060816060785,249,19,3,56,46,8497
data_no_attention__tp23_L5_p0p35,data_ablation_no_module,no_attention,tp23_L5_p0p35,5.0,0.35,run1,fold02,326,81.90184049079755,77.60736196319019,-4.294478527607367,-,79.51165226499084,76.44147682639435,-3.0701754385964932,-,80.47822307750707,76.19057597983388,-4.287647097673187,-,0.6958625448093783,0.6270149302295281,-0.06884761457985011,-,79.8507462686567,79.8507462686567,0.0,86.18421052631578,76.97368421052632,-9.210526315789465,72.5,72.5,0.0,"[[107, 24, 3], [17, 131, 4], [4, 7, 29]]","[[107, 24, 3], [26, 117, 9], [4, 7, 29]]","[[0, 0, 0], [9, -14, 5], [0, 0, 0]]",-0.03880677976210923,-0.6738338926521364,251,16,2,57,39,7151
data_no_attention__tp23_L5_p0p35,data_ablation_no_module,no_attention,tp23_L5_p0p35,5.0,0.35,run1,fold03,326,84.3558282208589,80.3680981595092,-3.987730061349694,-,83.89892642052894,81.04804922754649,-2.850877192982452,-,83.66469909688912,79.75206756839896,-3.9126315284901665,-,0.7390486456524588,0.6770068007281705,-0.062041844924288214,-,84.32835820895522,84.32835820895522,0.0,84.86842105263158,76.31578947368422,-8.552631578947356,82.5,82.5,0.0,"[[113, 20, 1], [16, 129, 7], [4, 3, 33]]","[[113, 20, 1], [25, 116, 11], [4, 3, 33]]","[[0, 0, 0], [9, -13, 4], [0, 0, 0]]",-0.039323313280304806,-0.8318780657086818,259,16,3,48,53,9542
data_no_attention__tp23_L5_p0p35,data_ablation_no_module,no_attention,tp23_L5_p0p35,5.0,0.35,run1,oof_pooled,979,82.73748723186925,78.34525025536261,-4.392236976506638,-,81.09956776938853,77.95629291558735,-3.1432748538011737,-,82.05217929651486,77.12422856490653,-4.927950731608334,-,0.7100686691507885,0.6423211094397362,-0.06774755971105229,-,82.83582089552239,82.83582089552239,0.0,84.4298245614035,75.0,-9.429824561403507,76.03305785123968,76.03305785123968,0.0,"[[333, 63, 6], [60, 385, 11], [10, 19, 92]]","[[333, 63, 6], [81, 342, 33], [10, 19, 92]]","[[0, 0, 0], [21, -43, 22], [0, 0, 0]]",-0.04155433000393273,-0.925725114515643,759,51,8,161,138,25190
data_no_attention__tp23_L5_p0p35,data_ablation_no_module,no_attention,tp23_L5_p0p35,5.0,0.35,run2,fold01,72,58.333333333333336,56.94444444444444,-1.3888888888888928,-,55.384877965523124,53.00392558457075,-2.3809523809523725,-,55.707282913165265,53.468867418142786,-2.2384154950224797,-,0.3440986103748549,0.3190262147243699,-0.02507239565048497,-,55.55555555555556,55.55555555555556,0.0,67.74193548387096,67.74193548387096,0.0,42.857142857142854,35.714285714285715,-7.142857142857139,"[[15, 9, 3], [5, 21, 5], [1, 7, 6]]","[[15, 9, 3], [5, 21, 5], [1, 8, 5]]","[[0, 0, 0], [0, 0, 0], [0, 1, -1]]",-0.0052784550009366505,-0.11450753836996025,41,1,0,30,4,610
data_no_attention__tp23_L5_p0p35,data_ablation_no_module,no_attention,tp23_L5_p0p35,5.0,0.35,run2,fold02,71,63.38028169014085,60.56338028169014,-2.816901408450711,-,68.66950254047029,63.90759777856552,-4.761904761904773,-,63.681341719077565,60.547092547092554,-3.1342491719850116,-,0.4690406293950227,0.4151538189819182,-0.0538868104131045,-,61.53846153846154,61.53846153846154,0.0,51.61290322580645,51.61290322580645,0.0,92.85714285714286,78.57142857142857,-14.285714285714292,"[[16, 6, 4], [7, 16, 8], [1, 0, 13]]","[[16, 6, 4], [7, 16, 8], [1, 2, 11]]","[[0, 0, 0], [0, 0, 0], [0, 2, -2]]",-0.021838719903977448,-0.41251111072553714,43,2,0,26,3,415
data_no_attention__tp23_L5_p0p35,data_ablation_no_module,no_attention,tp23_L5_p0p35,5.0,0.35,run2,fold03,71,56.33802816901409,56.33802816901409,0.0,0,51.74878884556304,51.74878884556304,0.0,0,51.7458781609725,51.7458781609725,0.0,0,0.30795014030702567,0.30795014030702567,0.0,0,65.38461538461539,65.38461538461539,0.0,61.29032258064516,61.29032258064516,0.0,28.57142857142857,28.57142857142857,0.0,"[[17, 7, 2], [6, 19, 6], [4, 6, 4]]","[[17, 7, 2], [6, 19, 6], [4, 6, 4]]","[[0, 0, 0], [0, 0, 0], [0, 0, 0]]",-0.00032138934428485913,-0.1798342802155186,40,0,0,31,1,107
data_no_attention__tp23_L5_p0p35,data_ablation_no_module,no_attention,tp23_L5_p0p35,5.0,0.35,run2,oof_pooled,214,59.345794392523366,57.943925233644855,-1.4018691588785117,-,58.5788173987439,56.19786501779153,-2.3809523809523725,-,57.96936324972884,55.97121717106135,-1.9981460786674958,-,0.36980374236342506,0.34429180461132897,-0.025511937752096092,-,60.75949367088608,60.75949367088608,0.0,60.215053763440864,60.215053763440864,0.0,54.761904761904766,47.61904761904761,-7.142857142857153,"[[48, 22, 9], [18, 56, 19], [6, 13, 23]]","[[48, 22, 9], [18, 56, 19], [6, 16, 20]]","[[0, 0, 0], [0, 0, 0], [0, 3, -3]]",-0.009128114563990946,-0.23505170803482286,124,3,0,87,8,1132
module_masked__no_attention__tp23_L5_p0p35,module_ablation_masked,no_attention,tp23_L5_p0p35,5.0,0.35,run1,fold01,327,78.89908256880734,77.06422018348624,-1.8348623853211024,-,75.31469737321098,76.40320541068725,1.0885080374762737,+,76.77200283803742,75.40118401380428,-1.3708188242331403,-,0.6454696413807998,0.6234593692658806,-0.022010272114919127,-,83.5820895522388,84.32835820895522,0.7462686567164241,78.94736842105263,71.71052631578947,-7.236842105263165,63.41463414634146,73.17073170731707,9.756097560975611,"[[112, 20, 2], [27, 120, 5], [5, 10, 26]]","[[113, 19, 2], [30, 109, 13], [2, 9, 30]]","[[1, -1, 0], [3, -11, 8], [-3, -1, 4]]",-0.03430995442010806,-0.538694297490408,221,37,31,38,46,8497
module_masked__no_attention__tp23_L5_p0p35,module_ablation_masked,no_attention,tp23_L5_p0p35,5.0,0.35,run1,fold02,326,80.3680981595092,77.60736196319019,-2.760736196319016,-,81.42642052893429,76.44147682639435,-4.984943702539937,-,80.95481355883078,76.19057597983388,-4.764237578996898,-,0.672942208400153,0.6270149302295281,-0.04592727817062481,-,78.35820895522389,79.8507462686567,1.4925373134328197,80.92105263157895,76.97368421052632,-3.94736842105263,85.0,72.5,-12.5,"[[105, 27, 2], [23, 123, 6], [2, 4, 34]]","[[107, 24, 3], [26, 117, 9], [4, 7, 29]]","[[2, -3, 1], [3, -6, 3], [2, 3, -5]]",-0.03355171856041116,1.4192584804287809,220,42,33,31,39,7151
module_masked__no_attention__tp23_L5_p0p35,module_ablation_masked,no_attention,tp23_L5_p0p35,5.0,0.35,run1,fold03,326,81.90184049079755,80.3680981595092,-1.5337423312883516,-,79.01544907043728,81.04804922754649,2.0326001571092007,+,81.11292764519091,79.75206756839896,-1.3608600767919512,-,0.6939029340764307,0.6770068007281705,-0.016896133348260123,-,82.83582089552239,84.32835820895522,1.492537313432834,84.21052631578947,76.31578947368422,-7.894736842105246,70.0,82.5,12.5,"[[111, 21, 2], [23, 128, 1], [4, 8, 28]]","[[113, 20, 1], [25, 116, 11], [4, 3, 33]]","[[2, -1, -1], [2, -12, 10], [0, -5, 5]]",-0.03026424785567301,0.2849113668252263,232,35,30,29,53,9542
module_masked__no_attention__tp23_L5_p0p35,module_ablation_masked,no_attention,tp23_L5_p0p35,5.0,0.35,run1,oof_pooled,979,80.38815117466804,78.34525025536261,-2.042900919305424,-,78.55965388369158,77.95629291558735,-0.6033609681042265,-,79.67958359053627,77.12422856490653,-2.555355025629737,-,0.6703296666743709,0.6423211094397362,-0.02800855723463469,-,81.59203980099502,82.83582089552239,1.243781094527364,81.35964912280701,75.0,-6.3596491228070136,72.72727272727273,76.03305785123968,3.305785123966942,"[[328, 68, 6], [73, 371, 12], [11, 22, 88]]","[[333, 63, 6], [81, 342, 33], [10, 19, 92]]","[[5, -5, 0], [8, -29, 21], [-1, -3, 4]]",-0.0327102759417965,0.3875447752047425,673,114,94,98,138,25190
module_masked__no_attention__tp23_L5_p0p35,module_ablation_masked,no_attention,tp23_L5_p0p35,5.0,0.35,run2,fold01,72,68.05555555555556,56.94444444444444,-11.111111111111114,-,64.02685327416509,53.00392558457075,-11.02292768959434,-,64.44444444444444,53.468867418142786,-10.975577026301657,-,0.49547369768366784,0.3190262147243699,-0.1764474829592979,-,81.48148148148148,55.55555555555556,-25.925925925925924,67.74193548387096,67.74193548387096,0.0,42.857142857142854,35.714285714285715,-7.142857142857139,"[[22, 3, 2], [8, 21, 2], [3, 5, 6]]","[[15, 9, 3], [5, 21, 5], [1, 8, 5]]","[[-7, 6, 1], [-3, 0, 3], [-2, 3, -1]]",-0.14470299484559568,-2.145114422937493,35,14,6,17,4,610
module_masked__no_attention__tp23_L5_p0p35,module_ablation_masked,no_attention,tp23_L5_p0p35,5.0,0.35,run2,fold02,71,63.38028169014085,60.56338028169014,-2.816901408450711,-,60.56362991846863,63.90759777856552,3.343967860096889,+,61.12011790714812,60.547092547092554,-0.573025360055567,-,0.4208190009450886,0.4151538189819182,-0.005665181963170396,-,80.76923076923077,61.53846153846154,-19.230769230769234,58.06451612903226,51.61290322580645,-6.451612903225815,42.857142857142854,78.57142857142857,35.714285714285715,"[[21, 5, 0], [10, 18, 3], [2, 6, 6]]","[[16, 6, 4], [7, 16, 8], [1, 2, 11]]","[[-5, 1, 4], [-3, -2, 5], [-1, -4, 5]]",-0.07848397580724094,-1.4079424049656077,32,13,11,15,3,415
module_masked__no_attention__tp23_L5_p0p35,module_ablation_masked,no_attention,tp23_L5_p0p35,5.0,0.35,run2,fold03,71,66.19718309859155,56.33802816901409,-9.859154929577464,-,59.89601796053409,51.74878884556304,-8.147229114971047,-,60.04855889724311,51.7458781609725,-8.30268073627061,-,0.45896608905667236,0.30795014030702567,-0.1510159487496467,-,76.92307692307693,65.38461538461539,-11.538461538461547,74.19354838709677,61.29032258064516,-12.903225806451609,28.57142857142857,28.57142857142857,0.0,"[[20, 5, 1], [6, 23, 2], [5, 5, 4]]","[[17, 7, 2], [6, 19, 6], [4, 6, 4]]","[[-3, 2, 1], [0, -4, 4], [-1, 1, 0]]",-0.1889149037464227,-3.980444526640882,35,12,5,19,1,107
module_masked__no_attention__tp23_L5_p0p35,module_ablation_masked,no_attention,tp23_L5_p0p35,5.0,0.35,run2,oof_pooled,214,65.88785046728972,57.943925233644855,-7.943925233644869,-,61.50291340164758,56.19786501779153,-5.305048383856054,-,62.01367898938231,55.97121717106135,-6.042461818320966,-,0.4582456580105456,0.34429180461132897,-0.11395385339921665,-,79.74683544303798,60.75949367088608,-18.9873417721519,66.66666666666666,60.215053763440864,-6.451612903225794,38.095238095238095,47.61904761904761,9.523809523809518,"[[63, 13, 3], [24, 62, 7], [10, 16, 16]]","[[48, 22, 9], [18, 56, 19], [6, 16, 20]]","[[-15, 9, 6], [-6, -6, 12], [-4, 0, 4]]",-0.13740157045417295,-2.5094565915680387,102,39,22,51,8,1132
data_full__tp24_L5_p0p70,data_ablation_full,,tp24_L5_p0p70,5.0,0.7,run1,fold01,327,80.73394495412845,77.37003058103976,-3.36391437308869,-,76.63048684689517,74.2182061451408,-2.4122807017543693,-,79.0877721312504,75.19247752125318,-3.8952946099972223,-,0.6743426700043699,0.6217216467645788,-0.05262102323979112,-,83.5820895522388,83.5820895522388,0.0,82.89473684210526,75.6578947368421,-7.236842105263165,63.41463414634146,63.41463414634146,0.0,"[[112, 20, 2], [25, 126, 1], [5, 10, 26]]","[[112, 20, 2], [30, 115, 7], [5, 10, 26]]","[[0, 0, 0], [5, -11, 6], [0, 0, 0]]",-0.030764063996806885,-0.3544707602909581,249,15,4,59,48,9105
data_full__tp24_L5_p0p70,data_ablation_full,,tp24_L5_p0p70,5.0,0.7,run1,fold02,326,81.59509202453987,80.06134969325154,-1.5337423312883232,-,82.30361351139041,81.20712228332025,-1.096491228070164,-,82.11529042328695,80.49105512960935,-1.6242352936776001,-,0.6929312561648969,0.66842547297158,-0.024505783193316977,-,78.35820895522389,78.35820895522389,0.0,83.55263157894737,80.26315789473685,-3.2894736842105203,85.0,85.0,0.0,"[[105, 27, 2], [20, 127, 5], [2, 4, 34]]","[[105, 27, 2], [23, 122, 7], [2, 4, 34]]","[[0, 0, 0], [3, -5, 2], [0, 0, 0]]",-0.011471791012240131,-0.15962966896330744,260,6,1,59,41,7282
data_full__tp24_L5_p0p70,data_ablation_full,,tp24_L5_p0p70,5.0,0.7,run1,fold03,326,84.04907975460122,81.28834355828221,-2.760736196319016,-,80.55053678973553,78.57685257920922,-1.973684210526315,-,82.96722819707497,80.39371655006833,-2.57351164700664,-,0.7301975910800922,0.68399139064489,-0.04620620043520218,-,82.83582089552239,82.83582089552239,0.0,88.81578947368422,82.89473684210526,-5.921052631578959,70.0,70.0,0.0,"[[111, 21, 2], [17, 135, 0], [4, 8, 28]]","[[111, 21, 2], [24, 126, 2], [4, 8, 28]]","[[0, 0, 0], [7, -9, 2], [0, 0, 0]]",-0.021880180974718326,-0.20194723351967114,263,11,2,50,48,9027
data_full__tp24_L5_p0p70,data_ablation_full,,tp24_L5_p0p70,5.0,0.7,run1,oof_pooled,979,82.12461695607763,79.57099080694586,-2.553626149131773,-,79.80234394217112,77.97485856205417,-1.8274853801169542,-,81.47172321467072,78.75135400372031,-2.720369210950409,-,0.6985628449866854,0.6574886945861868,-0.041074150400498666,-,81.59203980099502,81.59203980099502,0.0,85.08771929824562,79.60526315789474,-5.482456140350877,72.72727272727273,72.72727272727273,0.0,"[[328, 68, 6], [62, 388, 6], [11, 22, 88]]","[[328, 68, 6], [77, 363, 16], [11, 22, 88]]","[[0, 0, 0], [15, -25, 10], [0, 0, 0]]",-0.021381605510423195,-0.23880082617425363,772,32,7,168,137,25414
data_full__tp24_L5_p0p70,data_ablation_full,,tp24_L5_p0p70,5.0,0.7,run2,fold01,72,69.44444444444444,68.05555555555556,-1.3888888888888857,-,66.40780565511749,64.02685327416509,-2.380952380952394,-,66.85875706214689,64.44444444444444,-2.41431261770245,-,0.5182264323917611,0.49547369768366784,-0.022752734708093303,-,81.48148148148148,81.48148148148148,0.0,67.74193548387096,67.74193548387096,0.0,50.0,42.857142857142854,-7.142857142857146,"[[22, 3, 2], [8, 21, 2], [2, 5, 7]]","[[22, 3, 2], [8, 21, 2], [3, 5, 6]]","[[0, 0, 0], [0, 0, 0], [1, 0, -1]]",-0.013948488035983551,-0.3149781326452891,49,1,0,22,4,669
data_full__tp24_L5_p0p70,data_ablation_full,,tp24_L5_p0p70,5.0,0.7,run2,fold02,71,66.19718309859155,63.38028169014085,-2.816901408450704,-,65.3255346803734,60.56362991846863,-4.761904761904766,-,65.75180206506916,61.12011790714812,-4.631684157921036,-,0.47169889043248636,0.4208190009450886,-0.050879889487397745,-,80.76923076923077,80.76923076923077,0.0,58.06451612903226,58.06451612903226,0.0,57.14285714285714,42.857142857142854,-14.285714285714285,"[[21, 5, 0], [10, 18, 3], [2, 4, 8]]","[[21, 5, 0], [10, 18, 3], [2, 6, 6]]","[[0, 0, 0], [0, 0, 0], [0, 2, -2]]",-0.02816714985037164,-0.8201172469367444,45,2,0,24,3,485
data_full__tp24_L5_p0p70,data_ablation_full,,tp24_L5_p0p70,5.0,0.7,run2,fold03,71,66.19718309859155,66.19718309859155,0.0,0,59.89601796053409,59.89601796053409,0.0,0,60.04855889724311,60.02554278416348,-0.023016113079634692,-,0.45896608905667236,0.460437150159194,0.0014710611025216536,+,76.92307692307693,76.92307692307693,0.0,74.19354838709677,74.19354838709677,0.0,28.57142857142857,28.57142857142857,0.0,"[[20, 5, 1], [6, 23, 2], [5, 5, 4]]","[[20, 5, 1], [6, 23, 2], [6, 4, 4]]","[[0, 0, 0], [0, 0, 0], [1, -1, 0]]",0.00017323744130349645,0.07325084108701896,47,0,0,24,3,374
data_full__tp24_L5_p0p70,data_ablation_full,,tp24_L5_p0p70,5.0,0.7,run2,oof_pooled,214,67.28971962616822,65.88785046728972,-1.4018691588784975,-,63.883865782599955,61.50291340164758,-2.3809523809523725,-,64.55099829747716,62.00160901630264,-2.549389281174527,-,0.4824688400261222,0.458857942516059,-0.023610897510063233,-,79.74683544303798,79.74683544303798,0.0,66.66666666666666,66.66666666666666,0.0,45.23809523809524,38.095238095238095,-7.142857142857146,"[[63, 13, 3], [24, 62, 7], [9, 14, 19]]","[[63, 13, 3], [24, 62, 7], [11, 15, 16]]","[[0, 0, 0], [0, 0, 0], [2, 1, -3]]",-0.013980649157171282,-0.3537660764756604,141,3,0,70,10,1528
data_no_conv__tp24_L5_p0p70,data_ablation_no_module,no_conv,tp24_L5_p0p70,5.0,0.7,run1,fold01,327,79.20489296636084,77.67584097859327,-1.5290519877675735,-,77.82046123681977,76.72397000874959,-1.0964912280701782,-,79.390186562109,77.50011836033343,-1.8900682017755628,-,0.6509524121737486,0.6275989413717017,-0.02335347080204686,-,81.34328358208955,81.34328358208955,0.0,78.94736842105263,75.6578947368421,-3.2894736842105345,73.17073170731707,73.17073170731707,0.0,"[[109, 24, 1], [29, 120, 3], [5, 6, 30]]","[[109, 24, 1], [31, 115, 6], [5, 6, 30]]","[[0, 0, 0], [2, -5, 3], [0, 0, 0]]",-0.013596179416185704,0.03991259839556633,248,11,6,62,48,9105
data_no_conv__tp24_L5_p0p70,data_ablation_no_module,no_conv,tp24_L5_p0p70,5.0,0.7,run1,fold02,326,80.06134969325154,79.4478527607362,-0.6134969325153463,-,78.89827179890023,78.45967530767216,-0.43859649122806843,-,78.65140888396702,77.98340190759767,-0.6680069763693552,-,0.667755761900005,0.6583537487321933,-0.00940201316781164,-,82.08955223880598,82.08955223880598,0.0,79.60526315789474,78.28947368421053,-1.3157894736842053,75.0,75.0,0.0,"[[110, 22, 2], [22, 121, 9], [4, 6, 30]]","[[110, 22, 2], [23, 119, 10], [4, 6, 30]]","[[0, 0, 0], [1, -2, 1], [0, 0, 0]]",-0.0030082315480826883,0.15754775468122922,253,8,6,59,41,7282
data_no_conv__tp24_L5_p0p70,data_ablation_no_module,no_conv,tp24_L5_p0p70,5.0,0.7,run1,fold03,326,77.60736196319019,75.76687116564416,-1.8404907975460247,-,80.15514532600157,78.83935585231737,-1.3157894736842053,-,76.45264363658288,74.99259644833018,-1.4600471882527017,-,0.6403712014169086,0.6125266235160343,-0.027844577900874357,-,80.59701492537313,80.59701492537313,0.0,72.36842105263158,68.42105263157895,-3.94736842105263,87.5,87.5,0.0,"[[108, 18, 8], [28, 110, 14], [0, 5, 35]]","[[108, 18, 8], [34, 104, 14], [0, 5, 35]]","[[0, 0, 0], [6, -6, 0], [0, 0, 0]]",-0.00959422965151932,0.03541689928323944,240,13,7,66,48,9027
data_no_conv__tp24_L5_p0p70,data_ablation_no_module,no_conv,tp24_L5_p0p70,5.0,0.7,run1,oof_pooled,979,78.95812053115424,77.63023493360572,-1.3278855975485158,-,78.94312149561026,77.99282909794944,-0.9502923976608173,-,78.0672759638754,76.78795313152631,-1.279322832349095,-,0.6519762827892167,0.6318003346549953,-0.02017594813422141,-,81.34328358208955,81.34328358208955,0.0,76.97368421052632,74.12280701754386,-2.850877192982452,78.51239669421489,78.51239669421489,0.0,"[[327, 64, 11], [79, 351, 26], [9, 17, 95]]","[[327, 64, 11], [88, 338, 30], [9, 17, 95]]","[[0, 0, 0], [9, -13, 4], [0, 0, 0]]",-0.008737847824476995,0.07758722866983347,741,32,19,187,137,25414
data_no_conv__tp24_L5_p0p70,data_ablation_no_module,no_conv,tp24_L5_p0p70,5.0,0.7,run2,fold01,72,55.55555555555556,54.166666666666664,-1.3888888888888928,-,57.151391022358766,54.770438641406386,-2.3809523809523796,-,54.93827160493828,53.15055315055315,-1.7877184543851286,-,0.3353881275042346,0.3091522899014998,-0.02623583760273479,-,55.55555555555556,55.55555555555556,0.0,51.61290322580645,51.61290322580645,0.0,64.28571428571429,57.14285714285714,-7.142857142857153,"[[15, 6, 6], [8, 16, 7], [4, 1, 9]]","[[15, 6, 6], [8, 16, 7], [4, 2, 8]]","[[0, 0, 0], [0, 0, 0], [0, 1, -1]]",-0.011802562526554539,-0.3290620698697037,39,1,0,32,4,669
data_no_conv__tp24_L5_p0p70,data_ablation_no_module,no_conv,tp24_L5_p0p70,5.0,0.7,run2,fold02,71,56.33802816901409,53.52112676056338,-2.816901408450711,-,60.888573791799594,56.126669029894835,-4.761904761904759,-,56.23083683234059,52.9590017825312,-3.2718350498093898,-,0.3663549852444777,0.3115080449876949,-0.05484694025678277,-,65.38461538461539,65.38461538461539,0.0,38.70967741935484,38.70967741935484,0.0,78.57142857142857,64.28571428571429,-14.285714285714278,"[[17, 6, 3], [9, 12, 10], [3, 0, 11]]","[[17, 6, 3], [9, 12, 10], [3, 2, 9]]","[[0, 0, 0], [0, 0, 0], [0, 2, -2]]",-0.013310488998478165,-0.2608617604644576,38,2,0,31,3,485
data_no_conv__tp24_L5_p0p70,data_ablation_no_module,no_conv,tp24_L5_p0p70,5.0,0.7,run2,fold03,71,54.929577464788736,53.52112676056338,-1.4084507042253591,-,51.50064988774666,49.11969750679428,-2.3809523809523796,-,50.483091787439605,47.59649437205055,-2.886597415389055,-,0.3108593378795985,0.27900962195085405,-0.03184971592874447,-,80.76923076923077,80.76923076923077,0.0,45.16129032258064,45.16129032258064,0.0,28.57142857142857,21.428571428571427,-7.142857142857142,"[[21, 4, 1], [13, 14, 4], [8, 2, 4]]","[[21, 4, 1], [13, 14, 4], [7, 4, 3]]","[[0, 0, 0], [0, 0, 0], [-1, 2, -1]]",-0.009468875615529612,-0.20487587405762203,38,1,0,32,3,374
data_no_conv__tp24_L5_p0p70,data_ablation_no_module,no_conv,tp24_L5_p0p70,5.0,0.7,run2,oof_pooled,214,55.60747663551402,53.73831775700935,-1.8691588785046704,-,56.4642516867915,53.28964851218833,-3.1746031746031704,-,54.638998759215426,52.02273803156336,-2.616260727652069,-,0.33252990827619394,0.295947031807766,-0.03658287646842795,-,67.08860759493672,67.08860759493672,0.0,45.16129032258064,45.16129032258064,0.0,57.14285714285714,47.61904761904761,-9.523809523809526,"[[53, 16, 10], [30, 42, 21], [15, 3, 24]]","[[53, 16, 10], [30, 42, 21], [14, 8, 20]]","[[0, 0, 0], [0, 0, 0], [-1, 5, -4]]",-0.011528595278067658,-0.26523290225087065,115,4,0,95,10,1528
module_masked__no_conv__tp24_L5_p0p70,module_ablation_masked,no_conv,tp24_L5_p0p70,5.0,0.7,run1,fold01,327,77.37003058103976,77.67584097859327,0.3058103975535147,+,74.2182061451408,76.72397000874959,2.5057638636087916,+,75.19247752125318,77.50011836033343,2.30764083908025,+,0.6217216467645788,0.6275989413717017,0.00587729460712294,+,83.5820895522388,81.34328358208955,-2.2388059701492438,75.6578947368421,75.6578947368421,0.0,63.41463414634146,73.17073170731707,9.756097560975611,"[[112, 20, 2], [30, 115, 7], [5, 10, 26]]","[[109, 24, 1], [31, 115, 6], [5, 6, 30]]","[[-3, 4, -1], [1, 0, -1], [0, -4, 4]]",0.0022534052143916784,0.610759174206297,224,29,30,44,48,9105
module_masked__no_conv__tp24_L5_p0p70,module_ablation_masked,no_conv,tp24_L5_p0p70,5.0,0.7,run1,fold02,326,80.06134969325154,79.4478527607362,-0.6134969325153463,-,81.20712228332025,78.45967530767216,-2.7474469756480886,-,80.49105512960935,77.98340190759767,-2.507653222011683,-,0.66842547297158,0.6583537487321933,-0.010071724239386626,-,78.35820895522389,82.08955223880598,3.731343283582092,80.26315789473685,78.28947368421053,-1.973684210526315,85.0,75.0,-10.0,"[[105, 27, 2], [23, 122, 7], [2, 4, 34]]","[[110, 22, 2], [23, 119, 10], [4, 6, 30]]","[[5, -5, 0], [0, -3, 3], [2, 2, -4]]",-0.027606382769687646,-1.094362786276826,222,39,37,28,41,7282
module_masked__no_conv__tp24_L5_p0p70,module_ablation_masked,no_conv,tp24_L5_p0p70,5.0,0.7,run1,fold03,326,81.28834355828221,75.76687116564416,-5.521472392638046,-,78.57685257920922,78.83935585231737,0.2625032731081518,+,80.39371655006833,74.99259644833018,-5.401120101738158,-,0.68399139064489,0.6125266235160343,-0.07146476712885574,-,82.83582089552239,80.59701492537313,-2.238805970149258,82.89473684210526,68.42105263157895,-14.473684210526315,70.0,87.5,17.5,"[[111, 21, 2], [24, 126, 2], [4, 8, 28]]","[[108, 18, 8], [34, 104, 14], [0, 5, 35]]","[[-3, -3, 6], [10, -22, 12], [-4, -3, 7]]",-0.08255623017495205,-2.1786902425639285,215,50,32,29,48,9027
module_masked__no_conv__tp24_L5_p0p70,module_ablation_masked,no_conv,tp24_L5_p0p70,5.0,0.7,run1,oof_pooled,979,79.57099080694586,77.63023493360572,-1.9407558733401373,-,77.97485856205417,77.99282909794944,0.017970535895273088,+,78.75135400372031,76.78795313152631,-1.9634008721940006,-,0.6574886945861868,0.6318003346549953,-0.02568835993119145,-,81.59203980099502,81.34328358208955,-0.24875621890546995,79.60526315789474,74.12280701754386,-5.482456140350877,72.72727272727273,78.51239669421489,5.785123966942152,"[[328, 68, 6], [77, 363, 16], [11, 22, 88]]","[[327, 64, 11], [88, 338, 30], [9, 17, 95]]","[[-1, -4, 5], [11, -25, 14], [-2, -5, 7]]",-0.03593069286501171,-0.8859009575450734,661,118,99,101,137,25414
module_masked__no_conv__tp24_L5_p0p70,module_ablation_masked,no_conv,tp24_L5_p0p70,5.0,0.7,run2,fold01,72,68.05555555555556,54.166666666666664,-13.888888888888893,-,64.02685327416509,54.770438641406386,-9.256414632758705,-,64.44444444444444,53.15055315055315,-11.293891293891292,-,0.49547369768366784,0.3091522899014998,-0.18632140778216805,-,81.48148148148148,55.55555555555556,-25.925925925925924,67.74193548387096,51.61290322580645,-16.129032258064512,42.857142857142854,57.14285714285714,14.285714285714285,"[[22, 3, 2], [8, 21, 2], [3, 5, 6]]","[[15, 6, 6], [8, 16, 7], [4, 2, 8]]","[[-7, 3, 4], [0, -5, 5], [1, -3, 2]]",-0.15671732119991097,-2.0159497835168927,30,19,9,14,4,669
module_masked__no_conv__tp24_L5_p0p70,module_ablation_masked,no_conv,tp24_L5_p0p70,5.0,0.7,run2,fold02,71,63.38028169014085,53.52112676056338,-9.859154929577471,-,60.56362991846863,56.126669029894835,-4.436960888573793,-,61.12011790714812,52.9590017825312,-8.161116124616917,-,0.4208190009450886,0.3115080449876949,-0.10931095595739371,-,80.76923076923077,65.38461538461539,-15.384615384615387,58.06451612903226,38.70967741935484,-19.354838709677423,42.857142857142854,64.28571428571429,21.428571428571438,"[[21, 5, 0], [10, 18, 3], [2, 6, 6]]","[[17, 6, 3], [9, 12, 10], [3, 2, 9]]","[[-4, 1, 3], [-1, -6, 7], [1, -4, 3]]",-0.15385489908500447,-1.8654640705626406,29,16,9,17,3,485
module_masked__no_conv__tp24_L5_p0p70,module_ablation_masked,no_conv,tp24_L5_p0p70,5.0,0.7,run2,fold03,71,66.19718309859155,53.52112676056338,-12.676056338028175,-,59.89601796053409,49.11969750679428,-10.776320453739807,-,60.02554278416348,47.59649437205055,-12.429048412112927,-,0.460437150159194,0.27900962195085405,-0.18142752820833996,-,76.92307692307693,80.76923076923077,3.8461538461538396,74.19354838709677,45.16129032258064,-29.032258064516128,28.57142857142857,21.428571428571427,-7.142857142857142,"[[20, 5, 1], [6, 23, 2], [6, 4, 4]]","[[21, 4, 1], [13, 14, 4], [7, 4, 3]]","[[1, -1, 0], [7, -9, 2], [1, 0, -1]]",-0.2285813732063889,-3.2222799558592565,34,13,4,20,3,374
module_masked__no_conv__tp24_L5_p0p70,module_ablation_masked,no_conv,tp24_L5_p0p70,5.0,0.7,run2,oof_pooled,214,65.88785046728972,53.73831775700935,-12.149532710280376,-,61.50291340164758,53.28964851218833,-8.213264889459253,-,62.00160901630264,52.02273803156336,-9.978870984739281,-,0.458857942516059,0.295947031807766,-0.162910910708293,-,79.74683544303798,67.08860759493672,-12.658227848101262,66.66666666666666,45.16129032258064,-21.505376344086017,38.095238095238095,47.61904761904761,9.523809523809518,"[[63, 13, 3], [24, 62, 7], [11, 15, 16]]","[[53, 16, 10], [30, 42, 21], [14, 8, 20]]","[[-10, 3, 7], [6, -20, 14], [3, -7, 4]]",-0.17961038532281548,-2.3662533191082757,93,48,22,51,10,1528
data_no_lstm__tp24_L5_p0p70,data_ablation_no_module,no_lstm,tp24_L5_p0p70,5.0,0.7,run1,fold01,327,75.22935779816514,69.72477064220183,-5.504587155963307,-,72.98224857739544,69.03488015634281,-3.94736842105263,-,74.65929369343549,68.15938139136742,-6.4999123020680685,-,0.5824277209957041,0.5014130227440949,-0.08101469825160912,-,76.11940298507463,76.11940298507463,0.0,76.97368421052632,65.13157894736842,-11.84210526315789,65.85365853658537,65.85365853658537,0.0,"[[102, 30, 2], [31, 117, 4], [4, 10, 27]]","[[102, 30, 2], [37, 99, 16], [4, 10, 27]]","[[0, 0, 0], [6, -18, 12], [0, 0, 0]]",-0.03962812861619703,-0.4436891844911951,224,22,4,77,48,9105
data_no_lstm__tp24_L5_p0p70,data_ablation_no_module,no_lstm,tp24_L5_p0p70,5.0,0.7,run1,fold02,326,74.23312883435584,73.61963190184049,-0.6134969325153463,-,73.23841319717204,72.79981670594395,-0.43859649122808264,-,73.4197528076379,72.95958331401371,-0.4601694936241927,-,0.5692124265740279,0.5593256277649755,-0.00988679880905241,-,75.3731343283582,75.3731343283582,0.0,74.3421052631579,73.02631578947368,-1.3157894736842195,70.0,70.0,0.0,"[[101, 30, 3], [31, 113, 8], [5, 7, 28]]","[[101, 30, 3], [33, 111, 8], [5, 7, 28]]","[[0, 0, 0], [2, -2, 0], [0, 0, 0]]",-0.006586717093235561,-0.056846839084398526,236,6,4,80,41,7282
data_no_lstm__tp24_L5_p0p70,data_ablation_no_module,no_lstm,tp24_L5_p0p70,5.0,0.7,run1,fold03,326,77.91411042944786,76.07361963190185,-1.8404907975460105,-,77.18643623985336,75.87064676616916,-1.3157894736842053,-,76.36475294195755,74.27359516911757,-2.0911577728399777,-,0.6335414855138196,0.6064929439200636,-0.027048541593756026,-,77.61194029850746,77.61194029850746,0.0,78.94736842105263,75.0,-3.94736842105263,75.0,75.0,0.0,"[[104, 23, 7], [25, 120, 7], [3, 7, 30]]","[[104, 23, 7], [27, 114, 11], [3, 7, 30]]","[[0, 0, 0], [2, -6, 4], [0, 0, 0]]",-0.01930149057902013,-0.5257769857756108,244,10,4,68,48,9027
data_no_lstm__tp24_L5_p0p70,data_ablation_no_module,no_lstm,tp24_L5_p0p70,5.0,0.7,run1,oof_pooled,979,75.79162410623084,73.13585291113381,-2.6557711950970315,-,74.4568263510633,72.55624155574166,-1.9005847953216346,-,74.79679148332708,71.77001432459451,-3.026777158732571,-,0.5949564188779985,0.5555429004832442,-0.03941351839475438,-,76.3681592039801,76.3681592039801,0.0,76.75438596491229,71.05263157894737,-5.701754385964918,70.24793388429752,70.24793388429752,0.0,"[[307, 83, 12], [87, 350, 19], [12, 24, 85]]","[[307, 83, 12], [97, 324, 35], [12, 24, 85]]","[[0, 0, 0], [10, -26, 16], [0, 0, 0]]",-0.021856949702402227,-0.3422081003401265,704,38,12,225,137,25414
data_no_lstm__tp24_L5_p0p70,data_ablation_no_module,no_lstm,tp24_L5_p0p70,5.0,0.7,run2,fold01,72,63.888888888888886,62.5,-1.3888888888888857,-,63.762303009614826,61.381350628662446,-2.3809523809523796,-,62.59259259259259,60.816798941798936,-1.775793650793652,-,0.45896250049990833,0.4336200205931348,-0.02534247990677352,-,59.25925925925925,59.25925925925925,0.0,67.74193548387096,67.74193548387096,0.0,64.28571428571429,57.14285714285714,-7.142857142857153,"[[16, 6, 5], [2, 21, 8], [0, 5, 9]]","[[16, 6, 5], [2, 21, 8], [0, 6, 8]]","[[0, 0, 0], [0, 0, 0], [0, 1, -1]]",-0.014049620613352291,-0.10594056382413125,45,1,0,26,4,669
data_no_lstm__tp24_L5_p0p70,data_ablation_no_module,no_lstm,tp24_L5_p0p70,5.0,0.7,run2,fold02,71,56.33802816901409,54.929577464788736,-1.408450704225352,-,53.73980857851826,51.35885619756587,-2.3809523809523867,-,55.29980107985223,52.775840243870945,-2.523960835981285,-,0.2972806093565435,0.2714189397390067,-0.025861669617536776,-,53.84615384615385,53.84615384615385,0.0,64.51612903225806,64.51612903225806,0.0,42.857142857142854,35.714285714285715,-7.142857142857139,"[[14, 11, 1], [9, 20, 2], [2, 6, 6]]","[[14, 11, 1], [9, 20, 2], [2, 7, 5]]","[[0, 0, 0], [0, 0, 0], [0, 1, -1]]",-0.006044372496470598,-0.05939384298005574,39,1,0,31,3,485
data_no_lstm__tp24_L5_p0p70,data_ablation_no_module,no_lstm,tp24_L5_p0p70,5.0,0.7,run2,fold03,71,67.6056338028169,67.6056338028169,0.0,0,63.58265390523455,63.58265390523455,0.0,0,63.48309568648551,63.5016835016835,0.018587815197989244,+,0.4934358082473687,0.49171810730384663,-0.0017177009435220825,-,76.92307692307693,76.92307692307693,0.0,70.96774193548387,70.96774193548387,0.0,42.857142857142854,42.857142857142854,0.0,"[[20, 4, 2], [4, 22, 5], [6, 2, 6]]","[[20, 4, 2], [4, 22, 5], [5, 3, 6]]","[[0, 0, 0], [0, 0, 0], [-1, 1, 0]]",0.006475056901993885,0.021501820849280963,48,0,0,23,3,374
data_no_lstm__tp24_L5_p0p70,data_ablation_no_module,no_lstm,tp24_L5_p0p70,5.0,0.7,run2,oof_pooled,214,62.616822429906534,61.6822429906542,-0.9345794392523317,-,60.344358241459105,58.757056654157516,-1.5873015873015888,-,60.31415748674011,58.91607829809112,-1.3980791886489854,-,0.41329125049232496,0.39648724763808385,-0.016804002854241107,-,63.29113924050633,63.29113924050633,0.0,67.74193548387096,67.74193548387096,0.0,50.0,45.23809523809524,-4.761904761904759,"[[50, 21, 8], [15, 63, 15], [8, 13, 21]]","[[50, 21, 8], [15, 63, 15], [7, 16, 19]]","[[0, 0, 0], [0, 0, 0], [-1, 3, -2]]",-0.004584084539108466,-0.048215206386086264,132,2,0,80,10,1528
module_masked__no_lstm__tp24_L5_p0p70,module_ablation_masked,no_lstm,tp24_L5_p0p70,5.0,0.7,run1,fold01,327,77.37003058103976,69.72477064220183,-7.645259938837924,-,74.2182061451408,69.03488015634281,-5.183325988797989,-,75.19247752125318,68.15938139136742,-7.033096129885763,-,0.6217216467645788,0.5014130227440949,-0.12030862402048381,-,83.5820895522388,76.11940298507463,-7.46268656716417,75.6578947368421,65.13157894736842,-10.52631578947367,63.41463414634146,65.85365853658537,2.439024390243908,"[[112, 20, 2], [30, 115, 7], [5, 10, 26]]","[[102, 30, 2], [37, 99, 16], [4, 10, 27]]","[[-10, 10, 0], [7, -16, 9], [-1, 0, 1]]",-0.08435673583097889,-1.574329355193319,202,51,26,48,48,9105
module_masked__no_lstm__tp24_L5_p0p70,module_ablation_masked,no_lstm,tp24_L5_p0p70,5.0,0.7,run1,fold02,326,80.06134969325154,73.61963190184049,-6.441717791411051,-,81.20712228332025,72.79981670594395,-8.407305577376292,-,80.49105512960935,72.95958331401371,-7.531471815595637,-,0.66842547297158,0.5593256277649755,-0.10909984520660443,-,78.35820895522389,75.3731343283582,-2.985074626865682,80.26315789473685,73.02631578947368,-7.236842105263165,85.0,70.0,-15.0,"[[105, 27, 2], [23, 122, 7], [2, 4, 34]]","[[101, 30, 3], [33, 111, 8], [5, 7, 28]]","[[-4, 3, 1], [10, -11, 1], [3, 3, -6]]",-0.08487827577316645,-2.2933697668132744,205,56,35,30,41,7282
module_masked__no_lstm__tp24_L5_p0p70,module_ablation_masked,no_lstm,tp24_L5_p0p70,5.0,0.7,run1,fold03,326,81.28834355828221,76.07361963190185,-5.214723926380358,-,78.57685257920922,75.87064676616916,-2.7062058130400573,-,80.39371655006833,74.27359516911757,-6.1201213809507635,-,0.68399139064489,0.6064929439200636,-0.07749844672482642,-,82.83582089552239,77.61194029850746,-5.223880597014926,82.89473684210526,75.0,-7.89473684210526,70.0,75.0,5.0,"[[111, 21, 2], [24, 126, 2], [4, 8, 28]]","[[104, 23, 7], [27, 114, 11], [3, 7, 30]]","[[-7, 2, 5], [3, -12, 9], [-1, -1, 2]]",-0.055906052741664665,0.7568361253871874,218,47,30,31,48,9027
module_masked__no_lstm__tp24_L5_p0p70,module_ablation_masked,no_lstm,tp24_L5_p0p70,5.0,0.7,run1,oof_pooled,979,79.57099080694586,73.13585291113381,-6.435137895812048,-,77.97485856205417,72.55624155574166,-5.418617006312502,-,78.75135400372031,71.77001432459451,-6.981339679125796,-,0.6574886945861868,0.5555429004832442,-0.10194579410294258,-,81.59203980099502,76.3681592039801,-5.223880597014926,79.60526315789474,71.05263157894737,-8.55263157894737,72.72727272727273,70.24793388429752,-2.47933884297521,"[[328, 68, 6], [77, 363, 16], [11, 22, 88]]","[[307, 83, 12], [97, 324, 35], [12, 24, 85]]","[[-21, 15, 6], [20, -39, 19], [1, 2, -3]]",-0.07505653086063843,-1.0375032341707044,625,154,91,109,137,25414
module_masked__no_lstm__tp24_L5_p0p70,module_ablation_masked,no_lstm,tp24_L5_p0p70,5.0,0.7,run2,fold01,72,68.05555555555556,62.5,-5.555555555555557,-,64.02685327416509,61.381350628662446,-2.6455026455026456,-,64.44444444444444,60.816798941798936,-3.627645502645507,-,0.49547369768366784,0.4336200205931348,-0.06185367709053302,-,81.48148148148148,59.25925925925925,-22.22222222222223,67.74193548387096,67.74193548387096,0.0,42.857142857142854,57.14285714285714,14.285714285714285,"[[22, 3, 2], [8, 21, 2], [3, 5, 6]]","[[16, 6, 5], [2, 21, 8], [0, 6, 8]]","[[-6, 3, 3], [-6, 0, 6], [-3, 1, 2]]",-0.07791720928428782,-1.7914298244156979,38,11,7,16,4,669
module_masked__no_lstm__tp24_L5_p0p70,module_ablation_masked,no_lstm,tp24_L5_p0p70,5.0,0.7,run2,fold02,71,63.38028169014085,54.929577464788736,-8.450704225352112,-,60.56362991846863,51.35885619756587,-9.204773720902757,-,61.12011790714812,52.775840243870945,-8.344277663277175,-,0.4208190009450886,0.2714189397390067,-0.1494000612060819,-,80.76923076923077,53.84615384615385,-26.923076923076927,58.06451612903226,64.51612903225806,6.451612903225801,42.857142857142854,35.714285714285715,-7.142857142857139,"[[21, 5, 0], [10, 18, 3], [2, 6, 6]]","[[14, 11, 1], [9, 20, 2], [2, 7, 5]]","[[-7, 6, 1], [-1, 2, -1], [0, 1, -1]]",-0.2316501634321764,-1.846954245454776,28,17,11,15,3,485
module_masked__no_lstm__tp24_L5_p0p70,module_ablation_masked,no_lstm,tp24_L5_p0p70,5.0,0.7,run2,fold03,71,66.19718309859155,67.6056338028169,1.408450704225345,+,59.89601796053409,63.58265390523455,3.6866359447004626,+,60.02554278416348,63.5016835016835,3.4761407175200247,+,0.460437150159194,0.49171810730384663,0.03128095714465262,+,76.92307692307693,76.92307692307693,0.0,74.19354838709677,70.96774193548387,-3.225806451612897,28.57142857142857,42.857142857142854,14.285714285714285,"[[20, 5, 1], [6, 23, 2], [6, 4, 4]]","[[20, 4, 2], [4, 22, 5], [5, 3, 6]]","[[0, -1, 1], [-2, -1, 3], [-1, -1, 2]]",-0.06331754045238162,-2.7318697213392023,40,7,8,16,3,374
module_masked__no_lstm__tp24_L5_p0p70,module_ablation_masked,no_lstm,tp24_L5_p0p70,5.0,0.7,run2,oof_pooled,214,65.88785046728972,61.6822429906542,-4.205607476635521,-,61.50291340164758,58.757056654157516,-2.745856747490066,-,62.00160901630264,58.91607829809112,-3.0855307182115155,-,0.458857942516059,0.39648724763808385,-0.06237069487797514,-,79.74683544303798,63.29113924050633,-16.455696202531648,66.66666666666666,67.74193548387096,1.0752688172043037,38.095238095238095,45.23809523809524,7.142857142857146,"[[63, 13, 3], [24, 62, 7], [11, 15, 16]]","[[50, 21, 8], [15, 63, 15], [7, 16, 19]]","[[-13, 8, 5], [-9, 1, 8], [-4, 1, 3]]",-0.1240782525433287,-2.121866584113564,106,35,26,47,10,1528
data_no_attention__tp24_L5_p0p70,data_ablation_no_module,no_attention,tp24_L5_p0p70,5.0,0.7,run1,fold01,327,81.9571865443425,76.75840978593273,-5.198776758409778,-,79.91197734051183,76.18390716507322,-3.728070175438603,-,82.01435063589545,74.98970049025667,-7.0246501456387875,-,0.6962494375241386,0.6192532794113149,-0.07699615811282368,-,84.32835820895522,84.32835820895522,0.0,82.23684210526315,71.05263157894737,-11.18421052631578,73.17073170731707,73.17073170731707,0.0,"[[113, 19, 2], [27, 125, 0], [2, 9, 30]]","[[113, 19, 2], [30, 108, 14], [2, 9, 30]]","[[0, 0, 0], [3, -17, 14], [0, 0, 0]]",-0.05023909769917801,-1.231148266982549,249,19,2,57,48,9105
data_no_attention__tp24_L5_p0p70,data_ablation_no_module,no_attention,tp24_L5_p0p70,5.0,0.7,run1,fold02,326,81.90184049079755,77.91411042944786,-3.987730061349694,-,79.51165226499084,76.66077507200838,-2.850877192982466,-,80.47822307750707,77.05085612062356,-3.4273669568835032,-,0.6958625448093783,0.6304479188482498,-0.06541462596112846,-,79.8507462686567,79.8507462686567,0.0,86.18421052631578,77.63157894736842,-8.552631578947356,72.5,72.5,0.0,"[[107, 24, 3], [17, 131, 4], [4, 7, 29]]","[[107, 24, 3], [28, 118, 6], [4, 7, 29]]","[[0, 0, 0], [11, -13, 2], [0, 0, 0]]",-0.03511630594979281,-0.6484519184961275,251,16,3,56,41,7282
data_no_attention__tp24_L5_p0p70,data_ablation_no_module,no_attention,tp24_L5_p0p70,5.0,0.7,run1,fold03,326,84.3558282208589,80.67484662576688,-3.680981595092021,-,83.89892642052894,81.2673474731605,-2.631578947368439,-,83.66469909688912,80.41450208131869,-3.2501970155704356,-,0.7390486456524588,0.6809189845312659,-0.05812966112119289,-,84.32835820895522,84.32835820895522,0.0,84.86842105263158,76.97368421052632,-7.89473684210526,82.5,82.5,0.0,"[[113, 20, 1], [16, 129, 7], [4, 3, 33]]","[[113, 20, 1], [26, 117, 9], [4, 3, 33]]","[[0, 0, 0], [10, -12, 2], [0, 0, 0]]",-0.03380902790608933,-0.7195954892807211,260,15,3,48,48,9027
data_no_attention__tp24_L5_p0p70,data_ablation_no_module,no_attention,tp24_L5_p0p70,5.0,0.7,run1,oof_pooled,979,82.73748723186925,78.44739530132789,-4.290091930541365,-,81.09956776938853,78.02939233079202,-3.0701754385965074,-,82.05217929651486,77.46578867133738,-4.586390625177486,-,0.7100686691507885,0.6432885463713761,-0.06678012277941237,-,82.83582089552239,82.83582089552239,0.0,84.4298245614035,75.21929824561403,-9.21052631578948,76.03305785123968,76.03305785123968,0.0,"[[333, 63, 6], [60, 385, 11], [10, 19, 92]]","[[333, 63, 6], [84, 343, 29], [10, 19, 92]]","[[0, 0, 0], [24, -42, 18], [0, 0, 0]]",-0.03973222041332869,-0.8667711320107725,760,50,8,161,137,25414
data_no_attention__tp24_L5_p0p70,data_ablation_no_module,no_attention,tp24_L5_p0p70,5.0,0.7,run2,fold01,72,58.333333333333336,56.94444444444444,-1.3888888888888928,-,55.384877965523124,53.00392558457075,-2.3809523809523725,-,55.707282913165265,53.468867418142786,-2.2384154950224797,-,0.3440986103748549,0.3190262147243699,-0.02507239565048497,-,55.55555555555556,55.55555555555556,0.0,67.74193548387096,67.74193548387096,0.0,42.857142857142854,35.714285714285715,-7.142857142857139,"[[15, 9, 3], [5, 21, 5], [1, 7, 6]]","[[15, 9, 3], [5, 21, 5], [1, 8, 5]]","[[0, 0, 0], [0, 0, 0], [0, 1, -1]]",-0.0042054840539802,-0.09165727492007944,41,1,0,30,4,669
data_no_attention__tp24_L5_p0p70,data_ablation_no_module,no_attention,tp24_L5_p0p70,5.0,0.7,run2,fold02,71,63.38028169014085,60.56338028169014,-2.816901408450711,-,68.66950254047029,63.90759777856552,-4.761904761904773,-,63.681341719077565,60.547092547092554,-3.1342491719850116,-,0.4690406293950227,0.4151538189819182,-0.0538868104131045,-,61.53846153846154,61.53846153846154,0.0,51.61290322580645,51.61290322580645,0.0,92.85714285714286,78.57142857142857,-14.285714285714292,"[[16, 6, 4], [7, 16, 8], [1, 0, 13]]","[[16, 6, 4], [7, 16, 8], [1, 2, 11]]","[[0, 0, 0], [0, 0, 0], [0, 2, -2]]",-0.021932119748069606,-0.4615038184212967,43,2,0,26,3,485
data_no_attention__tp24_L5_p0p70,data_ablation_no_module,no_attention,tp24_L5_p0p70,5.0,0.7,run2,fold03,71,56.33802816901409,56.33802816901409,0.0,0,51.74878884556304,51.74878884556304,0.0,0,51.7458781609725,51.674172104279634,-0.071706056692868,-,0.30795014030702567,0.3091314803497792,0.0011813400427535536,+,65.38461538461539,65.38461538461539,0.0,61.29032258064516,61.29032258064516,0.0,28.57142857142857,28.57142857142857,0.0,"[[17, 7, 2], [6, 19, 6], [4, 6, 4]]","[[17, 7, 2], [6, 19, 6], [5, 5, 4]]","[[0, 0, 0], [0, 0, 0], [1, -1, 0]]",-0.0021480458208413696,-0.18567493505461116,40,0,0,31,3,374
data_no_attention__tp24_L5_p0p70,data_ablation_no_module,no_attention,tp24_L5_p0p70,5.0,0.7,run2,oof_pooled,214,59.345794392523366,57.943925233644855,-1.4018691588785117,-,58.5788173987439,56.19786501779153,-2.3809523809523725,-,57.96936324972884,55.9391309815758,-2.0302322681530427,-,0.36980374236342506,0.3445241136942671,-0.02527962866915795,-,60.75949367088608,60.75949367088608,0.0,60.215053763440864,60.215053763440864,0.0,54.761904761904766,47.61904761904761,-7.142857142857153,"[[48, 22, 9], [18, 56, 19], [6, 13, 23]]","[[48, 22, 9], [18, 56, 19], [7, 15, 20]]","[[0, 0, 0], [0, 0, 0], [1, 2, -3]]",-0.009404143024669409,-0.24555614621979055,124,3,0,87,10,1528
module_masked__no_attention__tp24_L5_p0p70,module_ablation_masked,no_attention,tp24_L5_p0p70,5.0,0.7,run1,fold01,327,77.37003058103976,76.75840978593273,-0.6116207951070294,-,74.2182061451408,76.18390716507322,1.9657010199324247,+,75.19247752125318,74.98970049025667,-0.2027770309965149,-,0.6217216467645788,0.6192532794113149,-0.002468367353263834,-,83.5820895522388,84.32835820895522,0.7462686567164241,75.6578947368421,71.05263157894737,-4.605263157894726,63.41463414634146,73.17073170731707,9.756097560975611,"[[112, 20, 2], [30, 115, 7], [5, 10, 26]]","[[113, 19, 2], [30, 108, 14], [2, 9, 30]]","[[1, -1, 0], [0, -7, 7], [-3, -1, 4]]",-0.02583553069448348,-0.3585493743123447,219,34,32,42,48,9105
module_masked__no_attention__tp24_L5_p0p70,module_ablation_masked,no_attention,tp24_L5_p0p70,5.0,0.7,run1,fold02,326,80.06134969325154,77.91411042944786,-2.1472392638036837,-,81.20712228332025,76.66077507200838,-4.546347211311868,-,80.49105512960935,77.05085612062356,-3.440199008985786,-,0.66842547297158,0.6304479188482498,-0.03797755412333015,-,78.35820895522389,79.8507462686567,1.4925373134328197,80.26315789473685,77.63157894736842,-2.631578947368425,85.0,72.5,-12.5,"[[105, 27, 2], [23, 122, 7], [2, 4, 34]]","[[107, 24, 3], [28, 118, 6], [4, 7, 29]]","[[2, -3, 1], [5, -4, -1], [2, 3, -5]]",-0.026404964045242202,1.4888327637533056,218,43,36,29,41,7282
module_masked__no_attention__tp24_L5_p0p70,module_ablation_masked,no_attention,tp24_L5_p0p70,5.0,0.7,run1,fold03,326,81.28834355828221,80.67484662576688,-0.6134969325153321,-,78.57685257920922,81.2673474731605,2.690494893951282,+,80.39371655006833,80.41450208131869,0.020785531250353984,+,0.68399139064489,0.6809189845312659,-0.0030724061136241376,-,82.83582089552239,84.32835820895522,1.492537313432834,82.89473684210526,76.97368421052632,-5.921052631578945,70.0,82.5,12.5,"[[111, 21, 2], [24, 126, 2], [4, 8, 28]]","[[113, 20, 1], [26, 117, 9], [4, 3, 33]]","[[2, -1, -1], [2, -9, 7], [0, -5, 5]]",-0.02013064514506996,0.44665329273150195,233,32,30,31,48,9027
module_masked__no_attention__tp24_L5_p0p70,module_ablation_masked,no_attention,tp24_L5_p0p70,5.0,0.7,run1,oof_pooled,979,79.57099080694586,78.44739530132789,-1.1235955056179705,-,77.97485856205417,78.02939233079202,0.05453376873785487,+,78.75135400372031,77.46578867133738,-1.2855653323829301,-,0.6574886945861868,0.6432885463713761,-0.014200148214810637,-,81.59203980099502,82.83582089552239,1.243781094527364,79.60526315789474,75.21929824561403,-4.385964912280713,72.72727272727273,76.03305785123968,3.305785123966942,"[[328, 68, 6], [77, 363, 16], [11, 22, 88]]","[[333, 63, 6], [84, 343, 29], [10, 19, 92]]","[[5, -5, 0], [7, -20, 13], [-1, -3, 4]]",-0.024125461831601493,0.5247423994013387,670,109,98,102,137,25414
module_masked__no_attention__tp24_L5_p0p70,module_ablation_masked,no_attention,tp24_L5_p0p70,5.0,0.7,run2,fold01,72,68.05555555555556,56.94444444444444,-11.111111111111114,-,64.02685327416509,53.00392558457075,-11.02292768959434,-,64.44444444444444,53.468867418142786,-10.975577026301657,-,0.49547369768366784,0.3190262147243699,-0.1764474829592979,-,81.48148148148148,55.55555555555556,-25.925925925925924,67.74193548387096,67.74193548387096,0.0,42.857142857142854,35.714285714285715,-7.142857142857139,"[[22, 3, 2], [8, 21, 2], [3, 5, 6]]","[[15, 9, 3], [5, 21, 5], [1, 8, 5]]","[[-7, 6, 1], [-3, 0, 3], [-2, 3, -1]]",-0.1436105394253736,-2.111596146656666,35,14,6,17,4,669
module_masked__no_attention__tp24_L5_p0p70,module_ablation_masked,no_attention,tp24_L5_p0p70,5.0,0.7,run2,fold02,71,63.38028169014085,60.56338028169014,-2.816901408450711,-,60.56362991846863,63.90759777856552,3.343967860096889,+,61.12011790714812,60.547092547092554,-0.573025360055567,-,0.4208190009450886,0.4151538189819182,-0.005665181963170396,-,80.76923076923077,61.53846153846154,-19.230769230769234,58.06451612903226,51.61290322580645,-6.451612903225815,42.857142857142854,78.57142857142857,35.714285714285715,"[[21, 5, 0], [10, 18, 3], [2, 6, 6]]","[[16, 6, 4], [7, 16, 8], [1, 2, 11]]","[[-5, 1, 4], [-3, -2, 5], [-1, -4, 5]]",-0.07857747042692119,-1.4557163991561999,32,13,11,15,3,485
module_masked__no_attention__tp24_L5_p0p70,module_ablation_masked,no_attention,tp24_L5_p0p70,5.0,0.7,run2,fold03,71,66.19718309859155,56.33802816901409,-9.859154929577464,-,59.89601796053409,51.74878884556304,-8.147229114971047,-,60.02554278416348,51.674172104279634,-8.351370679883843,-,0.460437150159194,0.3091314803497792,-0.1513056698094148,-,76.92307692307693,65.38461538461539,-11.538461538461547,74.19354838709677,61.29032258064516,-12.903225806451609,28.57142857142857,28.57142857142857,0.0,"[[20, 5, 1], [6, 23, 2], [6, 4, 4]]","[[17, 7, 2], [6, 19, 6], [5, 5, 4]]","[[-3, 2, 1], [0, -4, 4], [-1, 1, 0]]",-0.19091479774764133,-4.08541997926126,35,12,5,19,3,374
module_masked__no_attention__tp24_L5_p0p70,module_ablation_masked,no_attention,tp24_L5_p0p70,5.0,0.7,run2,oof_pooled,214,65.88785046728972,57.943925233644855,-7.943925233644869,-,61.50291340164758,56.19786501779153,-5.305048383856054,-,62.00160901630264,55.9391309815758,-6.062478034726837,-,0.458857942516059,0.3445241136942671,-0.11433382882179188,-,79.74683544303798,60.75949367088608,-18.9873417721519,66.66666666666666,60.215053763440864,-6.451612903225794,38.095238095238095,47.61904761904761,9.523809523809518,"[[63, 13, 3], [24, 62, 7], [11, 15, 16]]","[[48, 22, 9], [18, 56, 19], [7, 15, 20]]","[[-15, 9, 6], [-6, -6, 12], [-4, 0, 4]]",-0.13772855083654598,-2.548857969284671,102,39,22,51,10,1528
module_clean__no_conv,module_ablation_clean,no_conv,,,,run1,fold01,327,80.73394495412845,79.20489296636084,-1.5290519877676019,-,76.63048684689517,77.82046123681977,1.1899743899246005,+,79.0877721312504,79.390186562109,0.3024144308585903,+,0.6743426700043699,0.6509524121737486,-0.02339025783062132,-,83.5820895522388,81.34328358208955,-2.2388059701492438,82.89473684210526,78.94736842105263,-3.94736842105263,63.41463414634146,73.17073170731707,9.756097560975611,"[[112, 20, 2], [25, 126, 1], [5, 10, 26]]","[[109, 24, 1], [29, 120, 3], [5, 6, 30]]","[[-3, 4, -1], [4, -6, 2], [0, -4, 4]]",-0.014914479366229506,0.21637581551977253,235,29,24,39,0,0
module_clean__no_conv,module_ablation_clean,no_conv,,,,run1,fold02,326,81.59509202453987,80.06134969325154,-1.5337423312883232,-,82.30361351139041,78.89827179890023,-3.405341712490184,-,82.11529042328695,78.65140888396702,-3.463881539319928,-,0.6929312561648969,0.667755761900005,-0.025175494264891962,-,78.35820895522389,82.08955223880598,3.731343283582092,83.55263157894737,79.60526315789474,-3.94736842105263,85.0,75.0,-10.0,"[[105, 27, 2], [20, 127, 5], [2, 4, 34]]","[[110, 22, 2], [22, 121, 9], [4, 6, 30]]","[[5, -5, 0], [2, -6, 4], [2, 2, -4]]",-0.036069942233845104,-1.4115402099213625,228,38,33,27,0,0
module_clean__no_conv,module_ablation_clean,no_conv,,,,run1,fold03,326,84.04907975460122,77.60736196319019,-6.441717791411037,-,80.55053678973553,80.15514532600157,-0.39539146373395795,-,82.96722819707497,76.45264363658288,-6.514584560492096,-,0.7301975910800922,0.6403712014169086,-0.08982638966318357,-,82.83582089552239,80.59701492537313,-2.238805970149258,88.81578947368422,72.36842105263158,-16.447368421052644,70.0,87.5,17.5,"[[111, 21, 2], [17, 135, 0], [4, 8, 28]]","[[108, 18, 8], [28, 110, 14], [0, 5, 35]]","[[-3, -3, 6], [11, -25, 14], [-4, -3, 7]]",-0.09484218149815106,-2.4160543753668393,224,50,29,23,0,0
module_clean__no_conv,module_ablation_clean,no_conv,,,,run1,oof_pooled,979,82.12461695607763,78.95812053115424,-3.1664964249233947,-,79.80234394217112,78.94312149561026,-0.8592224465608638,-,81.47172321467072,78.0672759638754,-3.4044472507953145,-,0.6985628449866854,0.6519762827892167,-0.046586562197468706,-,81.59203980099502,81.34328358208955,-0.24875621890546995,85.08771929824562,76.97368421052632,-8.114035087719301,72.72727272727273,78.51239669421489,5.785123966942152,"[[328, 68, 6], [62, 388, 6], [11, 22, 88]]","[[327, 64, 11], [79, 351, 26], [9, 17, 95]]","[[-1, -4, 5], [17, -37, 20], [-2, -5, 7]]",-0.04857445055095791,-1.2022890123891605,687,117,86,89,0,0
module_clean__no_conv,module_ablation_clean,no_conv,,,,run2,fold01,72,69.44444444444444,55.55555555555556,-13.888888888888886,-,66.40780565511749,57.151391022358766,-9.25641463275872,-,66.85875706214689,54.93827160493828,-11.920485457208613,-,0.5182264323917611,0.3353881275042346,-0.18283830488752656,-,81.48148148148148,55.55555555555556,-25.925925925925924,67.74193548387096,51.61290322580645,-16.129032258064512,50.0,64.28571428571429,14.285714285714292,"[[22, 3, 2], [8, 21, 2], [2, 5, 7]]","[[15, 6, 6], [8, 16, 7], [4, 1, 9]]","[[-7, 3, 4], [0, -5, 5], [2, -4, 2]]",-0.15886324670933996,-2.001865846292478,30,20,10,12,0,0
module_clean__no_conv,module_ablation_clean,no_conv,,,,run2,fold02,71,66.19718309859155,56.33802816901409,-9.859154929577464,-,65.3255346803734,60.888573791799594,-4.4369608885738,-,65.75180206506916,56.23083683234059,-9.520965232728564,-,0.47169889043248636,0.3663549852444777,-0.10534390518800868,-,80.76923076923077,65.38461538461539,-15.384615384615387,58.06451612903226,38.70967741935484,-19.354838709677423,57.14285714285714,78.57142857142857,21.42857142857143,"[[21, 5, 0], [10, 18, 3], [2, 4, 8]]","[[17, 6, 3], [9, 12, 10], [3, 0, 11]]","[[-4, 1, 3], [-1, -6, 7], [1, -4, 3]]",-0.16871155993689793,-2.424719557034927,31,16,9,15,0,0
module_clean__no_conv,module_ablation_clean,no_conv,,,,run2,fold03,71,66.19718309859155,54.929577464788736,-11.267605633802816,-,59.89601796053409,51.50064988774666,-8.395368072787427,-,60.04855889724311,50.483091787439605,-9.565467109803507,-,0.45896608905667236,0.3108593378795985,-0.14810675117707384,-,76.92307692307693,80.76923076923077,3.8461538461538396,74.19354838709677,45.16129032258064,-29.032258064516128,28.57142857142857,28.57142857142857,0.0,"[[20, 5, 1], [6, 23, 2], [5, 5, 4]]","[[21, 4, 1], [13, 14, 4], [8, 2, 4]]","[[1, -1, 0], [7, -9, 2], [3, -3, 0]]",-0.21893926014955578,-2.944153240714616,34,13,5,19,0,0
module_clean__no_conv,module_ablation_clean,no_conv,,,,run2,oof_pooled,214,67.28971962616822,55.60747663551402,-11.682242990654203,-,63.883865782599955,56.4642516867915,-7.4196140958084555,-,64.55099829747716,54.638998759215426,-9.911999538261739,-,0.4824688400261222,0.33252990827619394,-0.14993893174992828,-,79.74683544303798,67.08860759493672,-12.658227848101262,66.66666666666666,45.16129032258064,-21.505376344086017,45.23809523809524,57.14285714285714,11.904761904761898,"[[63, 13, 3], [24, 62, 7], [9, 14, 19]]","[[53, 16, 10], [30, 42, 21], [15, 3, 24]]","[[-10, 3, 7], [6, -20, 14], [6, -11, 5]]",-0.18206243920191914,-2.4547864933330654,95,49,24,46,0,0
module_clean__no_lstm,module_ablation_clean,no_lstm,,,,run1,fold01,327,80.73394495412845,75.22935779816514,-5.504587155963307,-,76.63048684689517,72.98224857739544,-3.6482382694997284,-,79.0877721312504,74.65929369343549,-4.428478437814917,-,0.6743426700043699,0.5824277209957041,-0.09191494900866581,-,83.5820895522388,76.11940298507463,-7.46268656716417,82.89473684210526,76.97368421052632,-5.921052631578945,63.41463414634146,65.85365853658537,2.439024390243908,"[[112, 20, 2], [25, 126, 1], [5, 10, 26]]","[[102, 30, 2], [31, 117, 4], [4, 10, 27]]","[[-10, 10, 0], [6, -9, 3], [-1, 0, 1]]",-0.07549267121158873,-1.4851109309930821,221,43,25,38,0,0
module_clean__no_lstm,module_ablation_clean,no_lstm,,,,run1,fold02,326,81.59509202453987,74.23312883435584,-7.361963190184028,-,82.30361351139041,73.23841319717204,-9.065200314218373,-,82.11529042328695,73.4197528076379,-8.695537615649044,-,0.6929312561648969,0.5692124265740279,-0.123718829590869,-,78.35820895522389,75.3731343283582,-2.985074626865682,83.55263157894737,74.3421052631579,-9.210526315789465,85.0,70.0,-15.0,"[[105, 27, 2], [20, 127, 5], [2, 4, 34]]","[[101, 30, 3], [31, 113, 8], [5, 7, 28]]","[[-4, 3, 1], [11, -14, 3], [3, 3, -6]]",-0.08976334969217102,-2.396152596692183,212,54,30,30,0,0
module_clean__no_lstm,module_ablation_clean,no_lstm,,,,run1,fold03,326,84.04907975460122,77.91411042944786,-6.134969325153364,-,80.55053678973553,77.18643623985336,-3.364100549882167,-,82.96722819707497,76.36475294195755,-6.602475255117426,-,0.7301975910800922,0.6335414855138196,-0.09665610556627258,-,82.83582089552239,77.61194029850746,-5.223880597014926,88.81578947368422,78.94736842105263,-9.86842105263159,70.0,75.0,5.0,"[[111, 21, 2], [17, 135, 0], [4, 8, 28]]","[[104, 23, 7], [25, 120, 7], [3, 7, 30]]","[[-7, 2, 5], [8, -15, 7], [-1, -1, 2]]",-0.058484743137362856,1.080665877643127,230,44,24,28,0,0
module_clean__no_lstm,module_ablation_clean,no_lstm,,,,run1,oof_pooled,979,82.12461695607763,75.79162410623084,-6.332992849846789,-,79.80234394217112,74.4568263510633,-5.345517591107821,-,81.47172321467072,74.79679148332708,-6.674931731343634,-,0.6985628449866854,0.5949564188779985,-0.10360642610868687,-,81.59203980099502,76.3681592039801,-5.223880597014926,85.08771929824562,76.75438596491229,-8.333333333333329,72.72727272727273,70.24793388429752,-2.47933884297521,"[[328, 68, 6], [62, 388, 6], [11, 22, 88]]","[[307, 83, 12], [87, 350, 19], [12, 24, 85]]","[[-21, 15, 6], [25, -38, 13], [1, 2, -3]]",-0.0745811866686594,-0.9340959600048316,663,141,79,96,0,0
module_clean__no_lstm,module_ablation_clean,no_lstm,,,,run2,fold01,72,69.44444444444444,63.888888888888886,-5.555555555555557,-,66.40780565511749,63.762303009614826,-2.64550264550266,-,66.85875706214689,62.59259259259259,-4.266164469554305,-,0.5182264323917611,0.45896250049990833,-0.059263931891852806,-,81.48148148148148,59.25925925925925,-22.22222222222223,67.74193548387096,67.74193548387096,0.0,50.0,64.28571428571429,14.285714285714292,"[[22, 3, 2], [8, 21, 2], [2, 5, 7]]","[[16, 6, 5], [2, 21, 8], [0, 5, 9]]","[[-6, 3, 3], [-6, 0, 6], [-2, 0, 2]]",-0.07781607670691908,-2.0004673932368555,40,10,6,16,0,0
module_clean__no_lstm,module_ablation_clean,no_lstm,,,,run2,fold02,71,66.19718309859155,56.33802816901409,-9.859154929577464,-,65.3255346803734,53.73980857851826,-11.585726101855137,-,65.75180206506916,55.29980107985223,-10.452000985216927,-,0.47169889043248636,0.2972806093565435,-0.17441828107594287,-,80.76923076923077,53.84615384615385,-26.923076923076927,58.06451612903226,64.51612903225806,6.451612903225801,57.14285714285714,42.857142857142854,-14.285714285714285,"[[21, 5, 0], [10, 18, 3], [2, 4, 8]]","[[14, 11, 1], [9, 20, 2], [2, 6, 6]]","[[-7, 6, 1], [-1, 2, -1], [0, 2, -2]]",-0.25377294078607743,-2.607677649411465,30,17,10,14,0,0
module_clean__no_lstm,module_ablation_clean,no_lstm,,,,run2,fold03,71,66.19718309859155,67.6056338028169,1.408450704225345,+,59.89601796053409,63.58265390523455,3.6866359447004626,+,60.04855889724311,63.48309568648551,3.434536789242401,+,0.45896608905667236,0.4934358082473687,0.03446971919069636,+,76.92307692307693,76.92307692307693,0.0,74.19354838709677,70.96774193548387,-3.225806451612897,28.57142857142857,42.857142857142854,14.285714285714285,"[[20, 5, 1], [6, 23, 2], [5, 5, 4]]","[[20, 4, 2], [4, 22, 5], [6, 2, 6]]","[[0, -1, 1], [-2, -1, 3], [1, -3, 2]]",-0.06961935991307203,-2.6801207011014645,40,7,8,16,0,0
module_clean__no_lstm,module_ablation_clean,no_lstm,,,,run2,oof_pooled,214,67.28971962616822,62.616822429906534,-4.672897196261687,-,63.883865782599955,60.344358241459105,-3.53950754114085,-,64.55099829747716,60.31415748674011,-4.236840810737057,-,0.4824688400261222,0.41329125049232496,-0.06917758953379727,-,79.74683544303798,63.29113924050633,-16.455696202531648,66.66666666666666,67.74193548387096,1.0752688172043037,45.23809523809524,50.0,4.761904761904759,"[[63, 13, 3], [24, 62, 7], [9, 14, 19]]","[[50, 21, 8], [15, 63, 15], [8, 13, 21]]","[[-13, 8, 5], [-9, 1, 8], [-1, -1, 2]]",-0.13347481716139153,-2.427417454203138,110,34,24,46,0,0
module_clean__no_attention,module_ablation_clean,no_attention,,,,run1,fold01,327,80.73394495412845,81.9571865443425,1.2232415902140588,+,76.63048684689517,79.91197734051183,3.2814904936166585,+,79.0877721312504,82.01435063589545,2.9265785046450503,+,0.6743426700043699,0.6962494375241386,0.02190676751976872,+,83.5820895522388,84.32835820895522,0.7462686567164241,82.89473684210526,82.23684210526315,-0.6578947368421098,63.41463414634146,73.17073170731707,9.756097560975611,"[[112, 20, 2], [25, 126, 1], [5, 10, 26]]","[[113, 19, 2], [27, 125, 0], [2, 9, 30]]","[[1, -1, 0], [2, -1, -1], [-3, -1, 4]]",-0.006360496992112356,0.5181281323792464,235,29,33,30,0,0
module_clean__no_attention,module_ablation_clean,no_attention,,,,run1,fold02,326,81.59509202453987,81.90184049079755,0.30674846625768737,+,82.30361351139041,79.51165226499084,-2.791961246399566,-,82.11529042328695,80.47822307750707,-1.637067345779883,-,0.6929312561648969,0.6958625448093783,0.0029312886444813335,+,78.35820895522389,79.8507462686567,1.4925373134328197,83.55263157894737,86.18421052631578,2.6315789473684106,85.0,72.5,-12.5,"[[105, 27, 2], [20, 127, 5], [2, 4, 34]]","[[107, 24, 3], [17, 131, 4], [4, 7, 29]]","[[2, -3, 1], [-3, 4, -1], [2, 3, -5]]",-0.0027604491076895217,1.9776550132861257,232,34,35,25,0,0
module_clean__no_attention,module_ablation_clean,no_attention,,,,run1,fold03,326,84.04907975460122,84.3558282208589,0.30674846625767316,+,80.55053678973553,83.89892642052894,3.348389630793406,+,82.96722819707497,83.66469909688912,0.6974708998141494,+,0.7301975910800922,0.7390486456524588,0.008851054572366568,+,82.83582089552239,84.32835820895522,1.492537313432834,88.81578947368422,84.86842105263158,-3.9473684210526443,70.0,82.5,12.5,"[[111, 21, 2], [17, 135, 0], [4, 8, 28]]","[[113, 20, 1], [16, 129, 7], [4, 3, 33]]","[[2, -1, -1], [-1, -6, 7], [0, -5, 5]]",-0.008201798213698952,0.9643015484925519,244,30,31,21,0,0
module_clean__no_attention,module_ablation_clean,no_attention,,,,run1,oof_pooled,979,82.12461695607763,82.73748723186925,0.6128702757916216,+,79.80234394217112,81.09956776938853,1.2972238272174081,+,81.47172321467072,82.05217929651486,0.5804560818441473,+,0.6985628449866854,0.7100686691507885,0.011505824164103062,+,81.59203980099502,82.83582089552239,1.243781094527364,85.08771929824562,84.4298245614035,-0.6578947368421098,72.72727272727273,76.03305785123968,3.305785123966942,"[[328, 68, 6], [62, 388, 6], [11, 22, 88]]","[[333, 63, 6], [60, 385, 11], [10, 19, 92]]","[[5, -5, 0], [-2, -3, 5], [-1, -3, 4]]",-0.005774846928695997,1.1527127052378576,711,93,99,76,0,0
module_clean__no_attention,module_ablation_clean,no_attention,,,,run2,fold01,72,69.44444444444444,58.333333333333336,-11.111111111111107,-,66.40780565511749,55.384877965523124,-11.022927689594361,-,66.85875706214689,55.707282913165265,-11.151474148981627,-,0.5182264323917611,0.3440986103748549,-0.17412782201690624,-,81.48148148148148,55.55555555555556,-25.925925925925924,67.74193548387096,67.74193548387096,0.0,50.0,42.857142857142854,-7.142857142857146,"[[22, 3, 2], [8, 21, 2], [2, 5, 7]]","[[15, 9, 3], [5, 21, 5], [1, 7, 6]]","[[-7, 6, 1], [-3, 0, 3], [-1, 2, -1]]",-0.15335354340737695,-2.3349170043818757,37,13,5,17,0,0
module_clean__no_attention,module_ablation_clean,no_attention,,,,run2,fold02,71,66.19718309859155,63.38028169014085,-2.816901408450704,-,65.3255346803734,68.66950254047029,3.343967860096896,+,65.75180206506916,63.681341719077565,-2.0704603459915916,-,0.47169889043248636,0.4690406293950227,-0.0026582610374636384,-,80.76923076923077,61.53846153846154,-19.230769230769234,58.06451612903226,51.61290322580645,-6.451612903225815,57.14285714285714,92.85714285714286,35.71428571428572,"[[21, 5, 0], [10, 18, 3], [2, 4, 8]]","[[16, 6, 4], [7, 16, 8], [1, 0, 13]]","[[-5, 1, 4], [-3, -2, 5], [-1, -4, 5]]",-0.08481250052922322,-1.8143298276716475,33,14,12,12,0,0
module_clean__no_attention,module_ablation_clean,no_attention,,,,run2,fold03,71,66.19718309859155,56.33802816901409,-9.859154929577464,-,59.89601796053409,51.74878884556304,-8.147229114971047,-,60.04855889724311,51.7458781609725,-8.30268073627061,-,0.45896608905667236,0.30795014030702567,-0.1510159487496467,-,76.92307692307693,65.38461538461539,-11.538461538461547,74.19354838709677,61.29032258064516,-12.903225806451609,28.57142857142857,28.57142857142857,0.0,"[[20, 5, 1], [6, 23, 2], [5, 5, 4]]","[[17, 7, 2], [6, 19, 6], [4, 6, 4]]","[[-3, 2, 1], [0, -4, 4], [-1, 1, 0]]",-0.18859351448549647,-3.8264942031196307,35,12,5,19,0,0
module_clean__no_attention,module_ablation_clean,no_attention,,,,run2,oof_pooled,214,67.28971962616822,59.345794392523366,-7.943925233644855,-,63.883865782599955,58.5788173987439,-5.305048383856054,-,64.55099829747716,57.96936324972884,-6.581635047748321,-,0.4824688400261222,0.36980374236342506,-0.11266509766269717,-,79.74683544303798,60.75949367088608,-18.9873417721519,66.66666666666666,60.215053763440864,-6.451612903225794,45.23809523809524,54.761904761904766,9.523809523809526,"[[63, 13, 3], [24, 62, 7], [9, 14, 19]]","[[48, 22, 9], [18, 56, 19], [6, 13, 23]]","[[-15, 9, 6], [-6, -6, 12], [-3, -1, 4]]",-0.14230505696904786,-2.6570678995405412,105,39,22,48,0,0
